start	29	2020	1	22	0
	602	1505	42.196262	-15.852372	9.986720e+04	1.662444e+01	1.079769e+05	1.077621e+05	5.746292e+04	5.693696e+04	3.031654e+02	3.403352e+01	2020	1	22	0
	618	1511	43.317757	-16.274165	9.995531e+04	1.734857e+01	1.081530e+05	1.078561e+05	5.764204e+04	5.700399e+04	3.033450e+02	3.380335e+01	2020	1	22	6
	630	1519	44.158879	-16.836555	9.960188e+04	1.648589e+01	1.080282e+05	1.076441e+05	5.739458e+04	5.670392e+04	3.035513e+02	3.850973e+01	2020	1	22	12
	644	1530	45.140187	-17.609841	9.975341e+04	1.662810e+01	1.081834e+05	1.076826e+05	5.759666e+04	5.685285e+04	3.033267e+02	3.758224e+01	2020	1	22	18
	644	1543	45.140187	-18.523725	9.990692e+04	1.385010e+01	1.079253e+05	1.075153e+05	5.736260e+04	5.676466e+04	3.033772e+02	2.622040e+01	2020	1	23	0
	708	1566	49.626168	-20.140597	1.003069e+05	1.530775e+01	1.082342e+05	1.075210e+05	5.767792e+04	5.701401e+04	3.021782e+02	2.008206e+01	2020	1	23	6
	705	1541	49.415888	-18.383128	1.000651e+05	1.305016e+01	1.081097e+05	1.077941e+05	5.755846e+04	5.699878e+04	3.027239e+02	2.405973e+01	2020	1	23	12
	705	1562	49.415888	-19.859402	1.002181e+05	1.863227e+01	1.082760e+05	1.077732e+05	5.772839e+04	5.724888e+04	3.022338e+02	2.273482e+01	2020	1	23	18
	718	1547	50.327103	-18.804921	1.000100e+05	1.971549e+01	1.081182e+05	1.077460e+05	5.756138e+04	5.707512e+04	3.024550e+02	1.415420e+01	2020	1	24	0
	741	1552	51.939252	-19.156414	1.002599e+05	1.983236e+01	1.082974e+05	1.078745e+05	5.781359e+04	5.732730e+04	3.023096e+02	1.071469e+01	2020	1	24	6
	750	1550	52.570093	-19.015817	1.000536e+05	1.933090e+01	1.081762e+05	1.077669e+05	5.762333e+04	5.722469e+04	3.025107e+02	1.572260e+01	2020	1	24	12
	769	1542	53.901869	-18.453427	1.003338e+05	1.701027e+01	1.083646e+05	1.080797e+05	5.787034e+04	5.738813e+04	3.022423e+02	1.509877e+01	2020	1	24	18
	787	1546	55.163551	-18.734622	1.000753e+05	1.614361e+01	1.081585e+05	1.078458e+05	5.768116e+04	5.725464e+04	3.020785e+02	1.027124e+01	2020	1	25	0
	801	1551	56.144860	-19.086116	1.003074e+05	1.604139e+01	1.083838e+05	1.078673e+05	5.791349e+04	5.751345e+04	3.019994e+02	1.434519e+01	2020	1	25	6
	810	1555	56.775701	-19.367311	1.000495e+05	1.694604e+01	1.082472e+05	1.077297e+05	5.769315e+04	5.728311e+04	3.024902e+02	1.880003e+01	2020	1	25	12
	826	1560	57.897196	-19.718805	1.002612e+05	1.870677e+01	1.083950e+05	1.077343e+05	5.792544e+04	5.747705e+04	3.019268e+02	2.169467e+01	2020	1	25	18
	827	1548	57.967290	-18.875219	9.995387e+04	1.934845e+01	1.081640e+05	1.075139e+05	5.767210e+04	5.717165e+04	3.019863e+02	2.029833e+01	2020	1	26	0
	843	1561	59.088785	-19.789103	1.000830e+05	1.968586e+01	1.082594e+05	1.074744e+05	5.783231e+04	5.720055e+04	3.019630e+02	2.282814e+01	2020	1	26	6
	845	1546	59.228972	-18.734622	9.967072e+04	2.317051e+01	1.080732e+05	1.075189e+05	5.764346e+04	5.694190e+04	3.021518e+02	2.363928e+01	2020	1	26	12
	863	1552	60.490654	-19.156414	9.983452e+04	2.531634e+01	1.081755e+05	1.074371e+05	5.775402e+04	5.690461e+04	3.021331e+02	2.299777e+01	2020	1	26	18
	864	1550	60.560748	-19.015817	9.958162e+04	2.437094e+01	1.079244e+05	1.069957e+05	5.746285e+04	5.665832e+04	3.020946e+02	1.295425e+01	2020	1	27	0
	880	1539	61.682243	-18.242530	9.977130e+04	1.992054e+01	1.080189e+05	1.071372e+05	5.767383e+04	5.699235e+04	3.023857e+02	1.001712e+01	2020	1	27	6
	881	1537	61.752336	-18.101933	9.954345e+04	2.110406e+01	1.078283e+05	1.068844e+05	5.745421e+04	5.682226e+04	3.026693e+02	7.499344e+00	2020	1	27	12
	893	1531	62.593458	-17.680140	9.954009e+04	2.026713e+01	1.079988e+05	1.070696e+05	5.768007e+04	5.694122e+04	3.025507e+02	6.236313e+00	2020	1	27	18
	901	1535	63.154206	-17.961335	9.941770e+04	1.642170e+01	1.077839e+05	1.067918e+05	5.743165e+04	5.676995e+04	3.023827e+02	5.980843e+00	2020	1	28	0
	902	1539	63.224299	-18.242530	9.972795e+04	1.539531e+01	1.079734e+05	1.068798e+05	5.764663e+04	5.699323e+04	3.023271e+02	7.167601e+00	2020	1	28	6
	907	1547	63.574766	-18.804921	9.957341e+04	1.622868e+01	1.078705e+05	1.067726e+05	5.745368e+04	5.692873e+04	3.023738e+02	7.546280e+00	2020	1	28	12
	908	1551	63.644860	-19.086116	9.988580e+04	1.503709e+01	1.080676e+05	1.069400e+05	5.772723e+04	5.712227e+04	3.022904e+02	8.432412e+00	2020	1	28	18
	910	1556	63.785047	-19.437609	9.983731e+04	1.486842e+01	1.079618e+05	1.068426e+05	5.756980e+04	5.706550e+04	3.022122e+02	6.236872e+00	2020	1	29	0
start	13	2020	1	23	0
	813	1568	56.985981	-20.281195	1.001387e+05	1.410109e+01	1.081269e+05	1.071723e+05	5.754438e+04	5.703339e+04	3.019037e+02	1.968100e+01	2020	1	23	0
	833	1580	58.387850	-21.124780	1.002833e+05	1.473902e+01	1.083529e+05	1.072889e+05	5.776139e+04	5.724425e+04	3.018018e+02	1.389614e+01	2020	1	23	6
	856	1592	60.000000	-21.968365	1.001382e+05	1.430767e+01	1.082323e+05	1.072614e+05	5.760687e+04	5.716977e+04	3.026824e+02	1.903183e+01	2020	1	23	12
	881	1599	61.752336	-22.460456	1.004302e+05	1.497571e+01	1.084429e+05	1.075178e+05	5.786930e+04	5.728811e+04	3.013006e+02	2.189642e+01	2020	1	23	18
	906	1612	63.504673	-23.374340	1.001407e+05	1.383663e+01	1.081901e+05	1.072919e+05	5.765587e+04	5.711900e+04	3.007814e+02	1.561200e+01	2020	1	24	0
	919	1619	64.415888	-23.866432	1.003284e+05	1.167316e+01	1.083820e+05	1.074234e+05	5.781696e+04	5.716454e+04	3.009023e+02	1.296605e+01	2020	1	24	6
	931	1625	65.257009	-24.288224	1.001530e+05	1.271458e+01	1.082467e+05	1.072518e+05	5.764875e+04	5.702000e+04	3.010464e+02	1.573352e+01	2020	1	24	12
	944	1626	66.168224	-24.358523	1.003522e+05	1.265624e+01	1.084027e+05	1.074085e+05	5.786315e+04	5.713799e+04	3.009605e+02	1.740994e+01	2020	1	24	18
	961	1623	67.359813	-24.147627	1.002282e+05	1.306380e+01	1.081491e+05	1.073214e+05	5.764893e+04	5.705024e+04	3.010416e+02	1.529870e+01	2020	1	25	0
	980	1627	68.691589	-24.428822	1.004093e+05	1.427456e+01	1.083322e+05	1.074294e+05	5.782525e+04	5.715071e+04	3.010007e+02	1.494088e+01	2020	1	25	6
	996	1630	69.813084	-24.639718	1.002486e+05	1.519043e+01	1.082079e+05	1.072828e+05	5.763290e+04	5.704399e+04	3.006513e+02	1.395658e+01	2020	1	25	12
	1006	1625	70.514019	-24.288224	1.004386e+05	1.465083e+01	1.083038e+05	1.074123e+05	5.777678e+04	5.721008e+04	3.006506e+02	1.601417e+01	2020	1	25	18
	1021	1622	71.565421	-24.077328	1.002617e+05	1.500691e+01	1.080304e+05	1.072205e+05	5.754138e+04	5.702870e+04	3.004808e+02	1.410797e+01	2020	1	26	0
start	27	2020	1	28	18
	1861	1479	130.443925	-14.024604	1.001033e+05	1.439806e+01	1.081907e+05	1.078118e+05	5.757561e+04	5.704529e+04	3.044844e+02	2.216602e+01	2020	1	28	18
	1847	1465	129.462617	-13.040422	1.002089e+05	1.370815e+01	1.083244e+05	1.079582e+05	5.770656e+04	5.712166e+04	3.045500e+02	2.825020e+01	2020	1	29	0
	1852	1470	129.813084	-13.391915	9.973012e+04	1.624611e+01	1.082973e+05	1.078130e+05	5.752119e+04	5.696003e+04	3.044866e+02	3.593324e+01	2020	1	29	6
	1822	1476	127.710280	-13.813708	1.000267e+05	1.554620e+01	1.082758e+05	1.079004e+05	5.772589e+04	5.709342e+04	3.043984e+02	2.856278e+01	2020	1	29	12
	1831	1478	128.341121	-13.954306	9.923609e+04	2.336754e+01	1.079843e+05	1.075379e+05	5.739487e+04	5.655513e+04	3.042556e+02	2.686223e+01	2020	1	29	18
	1838	1491	128.831776	-14.868190	9.934040e+04	1.868454e+01	1.081808e+05	1.078458e+05	5.759861e+04	5.692710e+04	3.042073e+02	3.185202e+01	2020	1	30	0
	1830	1496	128.271028	-15.219683	9.912548e+04	1.821317e+01	1.081863e+05	1.077328e+05	5.735559e+04	5.671814e+04	3.041694e+02	3.430803e+01	2020	1	30	6
	1830	1501	128.271028	-15.571177	9.925632e+04	1.841402e+01	1.082359e+05	1.079044e+05	5.756751e+04	5.681211e+04	3.039915e+02	3.121502e+01	2020	1	30	12
	1830	1516	128.271028	-16.625659	9.908504e+04	1.657850e+01	1.079537e+05	1.074916e+05	5.733160e+04	5.647996e+04	3.038799e+02	2.862088e+01	2020	1	30	18
	1825	1521	127.920561	-16.977153	9.929471e+04	1.524396e+01	1.081197e+05	1.077765e+05	5.754551e+04	5.654641e+04	3.037307e+02	2.662927e+01	2020	1	31	0
	1817	1534	127.359813	-17.891037	9.915269e+04	1.558166e+01	1.081034e+05	1.077702e+05	5.744523e+04	5.655044e+04	-9.000000e+33	2.922934e+01	2020	1	31	6
	1814	1544	127.149533	-18.594024	9.929738e+04	1.465390e+01	1.082164e+05	1.078578e+05	5.757686e+04	5.664817e+04	-9.000000e+33	2.767165e+01	2020	1	31	12
	1804	1553	126.448598	-19.226713	9.891447e+04	1.511604e+01	1.080090e+05	1.075300e+05	5.737947e+04	5.626880e+04	-9.000000e+33	2.737797e+01	2020	1	31	18
	1798	1564	126.028037	-20.000000	9.897277e+04	1.781208e+01	1.082221e+05	1.077930e+05	5.764551e+04	5.639742e+04	-9.000000e+33	2.187837e+01	2020	2	1	0
	1784	1577	125.046729	-20.913884	9.897739e+04	1.729405e+01	1.082006e+05	1.076882e+05	5.754430e+04	5.637409e+04	-9.000000e+33	2.581230e+01	2020	2	1	6
	1772	1590	124.205607	-21.827768	9.903653e+04	1.642389e+01	1.082760e+05	1.078674e+05	5.773370e+04	5.651993e+04	-9.000000e+33	2.966358e+01	2020	2	1	12
	1760	1601	123.364486	-22.601054	9.889169e+04	1.565454e+01	1.080784e+05	1.076210e+05	5.755963e+04	5.630941e+04	-9.000000e+33	2.373384e+01	2020	2	1	18
	1750	1608	122.663551	-23.093145	9.926460e+04	1.475082e+01	1.082882e+05	1.077992e+05	5.771537e+04	5.657389e+04	-9.000000e+33	1.896726e+01	2020	2	2	0
	1746	1619	122.383178	-23.866432	9.918862e+04	1.711840e+01	1.082505e+05	1.079323e+05	5.768941e+04	5.663222e+04	-9.000000e+33	2.659753e+01	2020	2	2	6
	1739	1628	121.892523	-24.499121	9.935030e+04	1.526637e+01	1.083139e+05	1.079602e+05	5.775837e+04	5.672126e+04	-9.000000e+33	2.762626e+01	2020	2	2	12
	1734	1637	121.542056	-25.131810	9.904205e+04	1.696030e+01	1.080710e+05	1.076880e+05	5.756149e+04	5.636412e+04	-9.000000e+33	2.159733e+01	2020	2	2	18
	1733	1653	121.471963	-26.256590	9.917638e+04	1.808907e+01	1.081792e+05	1.077189e+05	5.772585e+04	5.652241e+04	-9.000000e+33	1.464224e+01	2020	2	3	0
	1734	1667	121.542056	-27.240773	9.909901e+04	1.547094e+01	1.082354e+05	1.076706e+05	5.766503e+04	5.651164e+04	-9.000000e+33	2.224709e+01	2020	2	3	6
	1744	1682	122.242991	-28.295254	9.922124e+04	1.329049e+01	1.082950e+05	1.077055e+05	5.780674e+04	5.653952e+04	-9.000000e+33	2.299241e+01	2020	2	3	12
	1751	1697	122.733645	-29.349736	9.916234e+04	1.514980e+01	1.080229e+05	1.074405e+05	5.761189e+04	5.643972e+04	-9.000000e+33	1.838793e+01	2020	2	3	18
	1766	1711	123.785047	-30.333919	9.949360e+04	1.454979e+01	1.081741e+05	1.073478e+05	5.777771e+04	5.668300e+04	-9.000000e+33	1.449392e+01	2020	2	4	0
	1788	1729	125.327103	-31.599296	9.969635e+04	1.768136e+01	1.081580e+05	1.072459e+05	5.778914e+04	5.674468e+04	2.960352e+02	1.353086e+01	2020	2	4	6
start	28	2020	2	2	18
	582	1467	40.794393	-13.181019	1.006598e+05	1.314344e+01	1.078980e+05	1.076600e+05	5.764585e+04	5.721237e+04	3.026016e+02	3.482893e+01	2020	2	2	18
	587	1472	41.144860	-13.532513	1.004087e+05	1.374153e+01	1.077343e+05	1.074412e+05	5.745241e+04	5.703177e+04	3.028461e+02	4.140078e+01	2020	2	3	0
	587	1482	41.144860	-14.235501	1.005420e+05	1.614160e+01	1.079150e+05	1.075953e+05	5.762439e+04	5.720616e+04	3.029283e+02	5.031300e+01	2020	2	3	6
	578	1482	40.514019	-14.235501	1.001046e+05	1.259804e+01	1.076987e+05	1.073383e+05	5.739889e+04	5.691437e+04	3.028079e+02	3.637889e+01	2020	2	3	12
	594	1483	41.635514	-14.305799	1.002442e+05	1.333678e+01	1.078520e+05	1.075900e+05	5.755351e+04	5.708698e+04	3.027895e+02	3.519845e+01	2020	2	3	18
	589	1494	41.285047	-15.079086	1.000057e+05	1.350220e+01	1.075824e+05	1.074056e+05	5.734048e+04	5.689532e+04	3.029317e+02	4.081130e+01	2020	2	4	0
	591	1488	41.425234	-14.657293	1.001097e+05	1.643563e+01	1.078335e+05	1.075518e+05	5.754242e+04	5.703001e+04	3.026957e+02	4.314112e+01	2020	2	4	6
	605	1490	42.406542	-14.797891	9.980283e+04	1.652204e+01	1.077410e+05	1.074564e+05	5.736487e+04	5.681434e+04	3.030003e+02	4.307619e+01	2020	2	4	12
	616	1499	43.177570	-15.430580	9.990955e+04	1.736986e+01	1.078488e+05	1.075531e+05	5.755316e+04	5.696330e+04	3.030266e+02	4.499396e+01	2020	2	4	18
	615	1505	43.107477	-15.852372	9.959431e+04	1.646368e+01	1.076745e+05	1.073421e+05	5.731729e+04	5.669061e+04	3.034070e+02	4.288980e+01	2020	2	5	0
	617	1510	43.247664	-16.203866	9.966812e+04	1.907791e+01	1.078346e+05	1.073100e+05	5.751214e+04	5.675907e+04	3.035142e+02	4.530439e+01	2020	2	5	6
	629	1517	44.088785	-16.695957	9.931279e+04	1.927695e+01	1.077170e+05	1.072169e+05	5.728398e+04	5.647752e+04	3.037935e+02	4.839849e+01	2020	2	5	12
	633	1530	44.369159	-17.609841	9.954131e+04	1.802057e+01	1.078754e+05	1.072279e+05	5.751909e+04	5.658276e+04	3.040127e+02	4.089557e+01	2020	2	5	18
	645	1549	45.210280	-18.945518	9.941691e+04	1.685262e+01	1.076289e+05	1.068884e+05	5.729687e+04	5.640816e+04	3.038657e+02	3.938714e+01	2020	2	6	0
	650	1566	45.560748	-20.140597	9.978288e+04	1.323454e+01	1.078065e+05	1.067178e+05	5.744975e+04	5.656923e+04	3.039814e+02	3.681502e+01	2020	2	6	6
	695	1555	48.714953	-19.367311	9.957505e+04	1.673932e+01	1.077429e+05	1.071771e+05	5.741382e+04	5.644113e+04	3.021191e+02	3.519801e+01	2020	2	6	12
	684	1600	47.943925	-22.530755	9.943833e+04	2.389475e+01	1.078209e+05	1.069628e+05	5.741342e+04	5.647390e+04	3.013533e+02	4.326121e+01	2020	2	6	18
	686	1605	48.084112	-22.882249	9.940126e+04	2.154034e+01	1.076890e+05	1.067529e+05	5.725136e+04	5.636457e+04	3.011303e+02	3.386242e+01	2020	2	7	0
	681	1622	47.733645	-24.077328	9.956426e+04	2.311868e+01	1.078578e+05	1.067275e+05	5.741985e+04	5.655052e+04	3.007445e+02	2.713784e+01	2020	2	7	6
	662	1633	46.401869	-24.850615	9.957248e+04	2.155260e+01	1.077205e+05	1.064740e+05	5.725840e+04	5.647884e+04	3.007807e+02	2.153070e+01	2020	2	7	12
	637	1641	44.649533	-25.413005	9.984257e+04	1.962958e+01	1.077505e+05	1.066202e+05	5.729982e+04	5.663971e+04	3.020607e+02	9.663391e+00	2020	2	7	18
	622	1634	43.598131	-24.920913	9.977277e+04	1.742018e+01	1.076508e+05	1.065000e+05	5.715441e+04	5.658351e+04	3.025618e+02	9.707738e+00	2020	2	8	0
	620	1638	43.457944	-25.202108	9.996285e+04	1.690804e+01	1.077631e+05	1.067037e+05	5.732879e+04	5.677783e+04	3.022090e+02	1.003936e+01	2020	2	8	6
	617	1644	43.247664	-25.623901	9.995498e+04	1.507740e+01	1.076257e+05	1.067814e+05	5.729061e+04	5.676920e+04	3.019839e+02	1.099498e+01	2020	2	8	12
	604	1650	42.336449	-26.045694	1.001659e+05	1.826771e+01	1.076747e+05	1.069844e+05	5.746388e+04	5.693629e+04	3.017443e+02	8.804278e+00	2020	2	8	18
	583	1642	40.864486	-25.483304	1.000382e+05	1.742749e+01	1.074479e+05	1.066783e+05	5.739584e+04	5.685349e+04	3.013715e+02	1.110468e+01	2020	2	9	0
	572	1633	40.093458	-24.850615	1.002453e+05	1.533879e+01	1.075967e+05	1.065928e+05	5.756031e+04	5.700693e+04	3.017178e+02	9.757332e+00	2020	2	9	6
	567	1621	39.742991	-24.007029	1.000926e+05	1.457533e+01	1.075619e+05	1.065001e+05	5.751383e+04	5.694616e+04	3.021317e+02	8.206262e+00	2020	2	9	12
start	21	2020	2	3	0
	1065	1485	74.649533	-14.446397	1.001258e+05	1.429048e+01	1.077917e+05	1.076051e+05	5.739821e+04	5.701901e+04	3.028903e+02	2.526227e+01	2020	2	3	0
	1099	1499	77.032710	-15.430580	1.001842e+05	1.411226e+01	1.079949e+05	1.078326e+05	5.748013e+04	5.707764e+04	3.031955e+02	3.094585e+01	2020	2	3	6
	1097	1500	76.892523	-15.500878	9.988017e+04	1.358066e+01	1.078435e+05	1.076432e+05	5.731262e+04	5.690996e+04	3.033947e+02	3.461240e+01	2020	2	3	12
	1090	1509	76.401869	-16.133567	1.000029e+05	1.415829e+01	1.079855e+05	1.077846e+05	5.739209e+04	5.704706e+04	3.029709e+02	3.620565e+01	2020	2	3	18
	1085	1493	76.051402	-15.008787	9.969482e+04	1.533718e+01	1.077364e+05	1.074693e+05	5.720433e+04	5.679188e+04	3.028805e+02	3.242942e+01	2020	2	4	0
	1094	1503	76.682243	-15.711775	9.977619e+04	1.564699e+01	1.078502e+05	1.076385e+05	5.732138e+04	5.684334e+04	3.029937e+02	3.008037e+01	2020	2	4	6
	1118	1501	78.364486	-15.571177	9.947391e+04	2.032788e+01	1.078022e+05	1.074298e+05	5.723936e+04	5.661052e+04	3.032641e+02	3.229171e+01	2020	2	4	12
	1120	1515	78.504673	-16.555360	9.962459e+04	1.821067e+01	1.079113e+05	1.076016e+05	5.734427e+04	5.676164e+04	3.024722e+02	2.990969e+01	2020	2	4	18
	1123	1517	78.714953	-16.695957	9.930980e+04	1.849855e+01	1.077252e+05	1.074197e+05	5.716134e+04	5.653177e+04	3.023952e+02	2.615050e+01	2020	2	5	0
	1134	1513	79.485981	-16.414762	9.941555e+04	2.038564e+01	1.078830e+05	1.075134e+05	5.736118e+04	5.659639e+04	3.023861e+02	2.553861e+01	2020	2	5	6
	1148	1527	80.467290	-17.398945	9.916655e+04	1.957451e+01	1.078557e+05	1.074127e+05	5.721202e+04	5.646874e+04	3.026187e+02	2.408643e+01	2020	2	5	12
	1150	1529	80.607477	-17.539543	9.922505e+04	1.966498e+01	1.079146e+05	1.074959e+05	5.733566e+04	5.659465e+04	3.022391e+02	2.235134e+01	2020	2	5	18
	1162	1527	81.448598	-17.398945	9.903387e+04	2.056469e+01	1.077504e+05	1.072984e+05	5.721739e+04	5.636320e+04	3.020865e+02	1.629008e+01	2020	2	6	0
	1181	1539	82.780374	-18.242530	9.912050e+04	2.077814e+01	1.078880e+05	1.074288e+05	5.733445e+04	5.651850e+04	3.020445e+02	1.848650e+01	2020	2	6	6
	1190	1556	83.411215	-19.437609	9.890045e+04	1.897508e+01	1.078043e+05	1.072617e+05	5.713707e+04	5.637605e+04	3.022171e+02	1.924183e+01	2020	2	6	12
	1198	1561	83.971963	-19.789103	9.901500e+04	1.934617e+01	1.078881e+05	1.072716e+05	5.723335e+04	5.639128e+04	3.013939e+02	2.266402e+01	2020	2	6	18
	1213	1573	85.023364	-20.632689	9.877525e+04	1.908771e+01	1.077649e+05	1.070088e+05	5.712129e+04	5.613674e+04	3.011295e+02	2.369066e+01	2020	2	7	0
	1227	1595	86.004673	-22.179261	9.871626e+04	1.895568e+01	1.078815e+05	1.067809e+05	5.717730e+04	5.603350e+04	3.006115e+02	3.245815e+01	2020	2	7	6
	1244	1628	87.196262	-24.499121	9.838984e+04	2.657296e+01	1.078312e+05	1.061298e+05	5.711687e+04	5.577577e+04	2.999805e+02	4.301013e+01	2020	2	7	12
	1271	1668	89.088785	-27.311071	9.817310e+04	2.976270e+01	1.078369e+05	1.058414e+05	5.718214e+04	5.569499e+04	2.978826e+02	4.085143e+01	2020	2	7	18
	1279	1680	89.649533	-28.154657	9.815928e+04	2.355349e+01	1.079113e+05	1.054390e+05	5.726295e+04	5.564393e+04	2.974995e+02	1.673237e+01	2020	2	8	0
start	30	2020	2	11	18
	1642	1576	115.093458	-20.843585	9.955752e+04	1.536800e+01	1.081710e+05	1.078685e+05	5.764338e+04	5.682183e+04	3.027539e+02	1.016853e+01	2020	2	11	18
	1628	1577	114.112150	-20.913884	9.964870e+04	1.559978e+01	1.081708e+05	1.079184e+05	5.770888e+04	5.698553e+04	3.013745e+02	3.636543e+00	2020	2	12	0
	1611	1584	112.920561	-21.405975	9.963190e+04	1.411229e+01	1.081888e+05	1.079009e+05	5.772403e+04	5.697020e+04	3.019590e+02	2.206516e+00	2020	2	12	6
	1602	1587	112.289720	-21.616871	9.984845e+04	1.311356e+01	1.082282e+05	1.079423e+05	5.783089e+04	5.712936e+04	3.022054e+02	3.098788e+00	2020	2	12	12
	1589	1585	111.378505	-21.476274	9.987312e+04	1.124570e+01	1.081276e+05	1.078244e+05	5.769075e+04	5.709383e+04	3.011448e+02	5.201404e+00	2020	2	12	18
	1576	1583	110.467290	-21.335676	1.000110e+05	1.045282e+01	1.081688e+05	1.079156e+05	5.774612e+04	5.718810e+04	3.009312e+02	2.303092e+00	2020	2	13	0
	1568	1583	109.906542	-21.335676	9.990398e+04	1.093138e+01	1.081762e+05	1.079203e+05	5.767318e+04	5.714302e+04	3.013300e+02	2.392304e+00	2020	2	13	6
	1561	1581	109.415888	-21.195079	1.000798e+05	1.122932e+01	1.082025e+05	1.078985e+05	5.771544e+04	5.724840e+04	3.009714e+02	4.285195e+00	2020	2	13	12
	1559	1579	109.275701	-21.054481	1.000902e+05	1.094569e+01	1.081339e+05	1.078594e+05	5.767472e+04	5.721141e+04	3.008464e+02	5.410834e+00	2020	2	13	18
	1550	1582	108.644860	-21.265377	1.001868e+05	1.388484e+01	1.081542e+05	1.078695e+05	5.777921e+04	5.728511e+04	3.007867e+02	3.229817e+00	2020	2	14	0
	1537	1578	107.733645	-20.984182	1.001357e+05	1.378866e+01	1.081823e+05	1.078793e+05	5.771616e+04	5.725086e+04	3.017698e+02	5.907174e+00	2020	2	14	6
	1527	1571	107.032710	-20.492091	1.002109e+05	1.519869e+01	1.082013e+05	1.078835e+05	5.773692e+04	5.726002e+04	3.014071e+02	7.448186e+00	2020	2	14	12
	1513	1564	106.051402	-20.000000	1.001997e+05	1.600076e+01	1.081755e+05	1.078491e+05	5.773146e+04	5.723800e+04	3.012667e+02	8.445612e+00	2020	2	14	18
	1500	1549	105.140187	-18.945518	1.002302e+05	1.577907e+01	1.081574e+05	1.078362e+05	5.773925e+04	5.725298e+04	3.017564e+02	6.449430e+00	2020	2	15	0
	1486	1548	104.158879	-18.875219	1.002044e+05	1.641354e+01	1.081883e+05	1.078798e+05	5.772551e+04	5.725580e+04	3.021765e+02	8.124091e+00	2020	2	15	6
	1465	1545	102.686916	-18.664323	1.002765e+05	1.591157e+01	1.082426e+05	1.079079e+05	5.774462e+04	5.726042e+04	3.021175e+02	7.707854e+00	2020	2	15	12
	1448	1538	101.495327	-18.172232	1.003060e+05	1.614829e+01	1.082136e+05	1.078437e+05	5.772153e+04	5.730245e+04	3.020649e+02	1.182408e+01	2020	2	15	18
	1433	1540	100.443925	-18.312829	1.002859e+05	1.562698e+01	1.081699e+05	1.078014e+05	5.772832e+04	5.723211e+04	3.014910e+02	9.939386e+00	2020	2	16	0
	1423	1541	99.742991	-18.383128	1.002374e+05	1.582419e+01	1.081393e+05	1.078040e+05	5.773854e+04	5.727599e+04	3.014709e+02	9.603361e+00	2020	2	16	6
	1407	1541	98.621495	-18.383128	1.001718e+05	1.632342e+01	1.081132e+05	1.077784e+05	5.767505e+04	5.725789e+04	3.009638e+02	8.472857e+00	2020	2	16	12
	1390	1547	97.429907	-18.804921	1.002492e+05	1.575304e+01	1.080493e+05	1.077436e+05	5.765724e+04	5.724260e+04	3.007318e+02	9.984839e+00	2020	2	16	18
	1377	1543	96.518692	-18.523725	1.001613e+05	1.578845e+01	1.079309e+05	1.076624e+05	5.758832e+04	5.716718e+04	3.009308e+02	7.371292e+00	2020	2	17	0
	1371	1549	96.098131	-18.945518	1.002231e+05	1.503970e+01	1.079519e+05	1.077745e+05	5.760403e+04	5.717584e+04	3.009003e+02	3.799069e+00	2020	2	17	6
	1354	1558	94.906542	-19.578207	1.001319e+05	1.580427e+01	1.079495e+05	1.077616e+05	5.758089e+04	5.716655e+04	3.009278e+02	5.394426e+00	2020	2	17	12
	1337	1562	93.714953	-19.859402	1.002526e+05	1.630474e+01	1.080031e+05	1.077890e+05	5.756546e+04	5.722320e+04	3.009471e+02	1.249998e+01	2020	2	17	18
	1330	1564	93.224299	-20.000000	1.002014e+05	1.720061e+01	1.078264e+05	1.075850e+05	5.749829e+04	5.713880e+04	3.009258e+02	8.816070e+00	2020	2	18	0
	1321	1567	92.593458	-20.210896	1.002253e+05	1.644059e+01	1.080026e+05	1.076125e+05	5.755846e+04	5.720390e+04	3.011032e+02	5.493308e+00	2020	2	18	6
	1311	1566	91.892523	-20.140597	1.001631e+05	1.567151e+01	1.079150e+05	1.074940e+05	5.750664e+04	5.717428e+04	3.011885e+02	6.545632e+00	2020	2	18	12
	1309	1563	91.752336	-19.929701	1.002825e+05	1.450923e+01	1.079655e+05	1.074111e+05	5.755030e+04	5.718538e+04	3.011268e+02	1.054586e+01	2020	2	18	18
	1302	1566	91.261682	-20.140597	1.001588e+05	1.546539e+01	1.078363e+05	1.070657e+05	5.741639e+04	5.709004e+04	3.011002e+02	8.447748e+00	2020	2	19	0
start	24	2020	2	12	0
	855	1435	59.929907	-10.931458	1.001702e+05	1.006499e+01	1.076718e+05	1.074230e+05	5.733452e+04	5.693996e+04	3.029409e+02	3.015523e+01	2020	2	12	0
	858	1432	60.140187	-10.720562	1.003159e+05	1.157585e+01	1.078411e+05	1.076228e+05	5.748508e+04	5.715762e+04	3.029501e+02	2.656405e+01	2020	2	12	6
	864	1436	60.560748	-11.001757	1.000662e+05	1.297888e+01	1.077669e+05	1.074812e+05	5.732030e+04	5.697224e+04	3.039707e+02	2.914930e+01	2020	2	12	12
	850	1464	59.579439	-12.970123	1.003226e+05	1.214359e+01	1.079797e+05	1.076747e+05	5.757880e+04	5.720012e+04	3.031710e+02	3.211814e+01	2020	2	12	18
	871	1466	61.051402	-13.110720	1.000583e+05	1.590980e+01	1.077989e+05	1.074947e+05	5.735170e+04	5.695637e+04	3.029900e+02	3.448512e+01	2020	2	13	0
	873	1464	61.191589	-12.970123	1.002518e+05	1.527618e+01	1.079816e+05	1.077353e+05	5.760894e+04	5.715061e+04	3.029756e+02	3.343998e+01	2020	2	13	6
	870	1474	60.981308	-13.673110	9.996785e+04	1.531911e+01	1.079180e+05	1.076306e+05	5.742909e+04	5.698639e+04	3.034560e+02	3.635221e+01	2020	2	13	12
	869	1493	60.911215	-15.008787	1.001841e+05	1.505245e+01	1.081588e+05	1.078651e+05	5.767768e+04	5.707848e+04	3.029889e+02	4.198453e+01	2020	2	13	18
	877	1495	61.471963	-15.149385	9.988750e+04	1.601560e+01	1.079214e+05	1.076136e+05	5.750020e+04	5.691626e+04	3.029275e+02	4.672564e+01	2020	2	14	0
	866	1511	60.700935	-16.274165	1.000406e+05	1.721976e+01	1.081157e+05	1.078871e+05	5.763889e+04	5.707878e+04	3.028731e+02	3.294100e+01	2020	2	14	6
	856	1505	60.000000	-15.852372	9.977144e+04	1.656880e+01	1.079961e+05	1.077430e+05	5.749893e+04	5.689421e+04	3.031078e+02	3.697438e+01	2020	2	14	12
	866	1522	60.700935	-17.047451	9.999321e+04	1.768397e+01	1.082675e+05	1.078880e+05	5.775000e+04	5.699337e+04	3.026687e+02	4.580270e+01	2020	2	14	18
	862	1529	60.420561	-17.539543	9.966168e+04	1.904129e+01	1.079957e+05	1.076049e+05	5.750257e+04	5.669043e+04	3.025207e+02	3.798859e+01	2020	2	15	0
	871	1529	61.051402	-17.539543	9.972985e+04	1.984205e+01	1.082195e+05	1.078562e+05	5.775962e+04	5.685471e+04	3.024551e+02	3.789574e+01	2020	2	15	6
	865	1540	60.630841	-18.312829	9.946954e+04	1.970583e+01	1.081151e+05	1.075828e+05	5.758517e+04	5.656923e+04	3.020784e+02	4.030879e+01	2020	2	15	12
	866	1547	60.700935	-18.804921	9.958094e+04	2.112387e+01	1.083457e+05	1.077864e+05	5.782695e+04	5.671248e+04	3.017090e+02	4.516082e+01	2020	2	15	18
	864	1557	60.560748	-19.507908	9.926545e+04	2.325557e+01	1.080400e+05	1.075496e+05	5.761281e+04	5.649987e+04	3.015624e+02	3.475856e+01	2020	2	16	0
	863	1574	60.490654	-20.702987	9.929902e+04	2.413113e+01	1.082367e+05	1.075139e+05	5.775130e+04	5.659494e+04	3.015257e+02	2.545214e+01	2020	2	16	6
	869	1574	60.911215	-20.702987	9.912137e+04	2.391626e+01	1.081188e+05	1.073094e+05	5.760854e+04	5.643073e+04	3.015584e+02	2.574146e+01	2020	2	16	12
	875	1584	61.331776	-21.405975	9.922220e+04	2.162581e+01	1.083457e+05	1.074647e+05	5.781153e+04	5.665784e+04	3.011018e+02	2.487629e+01	2020	2	16	18
	872	1590	61.121495	-21.827768	9.907988e+04	2.230758e+01	1.079972e+05	1.072198e+05	5.753602e+04	5.658350e+04	3.008849e+02	2.070992e+01	2020	2	17	0
	880	1595	61.682243	-22.179261	9.938044e+04	2.107346e+01	1.081894e+05	1.074042e+05	5.769970e+04	5.690420e+04	3.007800e+02	1.943246e+01	2020	2	17	6
	872	1596	61.121495	-22.249560	9.937677e+04	1.582577e+01	1.080067e+05	1.072066e+05	5.753212e+04	5.696805e+04	3.014338e+02	1.660952e+01	2020	2	17	12
	882	1607	61.822430	-23.022847	9.967296e+04	1.794472e+01	1.081417e+05	1.072348e+05	5.767162e+04	5.712058e+04	3.005859e+02	1.813553e+01	2020	2	17	18
start	26	2020	2	14	12
	1952	1555	136.822430	-19.367311	9.997965e+04	1.223070e+01	1.084073e+05	1.080433e+05	5.776592e+04	5.708922e+04	-9.000000e+33	2.282566e+01	2020	2	14	12
	1933	1555	135.490654	-19.367311	9.970246e+04	8.958660e+00	1.081630e+05	1.078447e+05	5.747936e+04	5.682233e+04	-9.000000e+33	1.377936e+01	2020	2	14	18
	1924	1559	134.859813	-19.648506	1.000180e+05	1.055897e+01	1.083165e+05	1.080262e+05	5.765809e+04	5.709929e+04	-9.000000e+33	1.904943e+01	2020	2	15	0
	1914	1567	134.158879	-20.210896	9.966092e+04	1.035109e+01	1.082725e+05	1.079987e+05	5.749169e+04	5.695278e+04	-9.000000e+33	2.158395e+01	2020	2	15	6
	1910	1559	133.878505	-19.648506	9.989121e+04	7.399332e+00	1.082813e+05	1.080794e+05	5.761614e+04	5.710396e+04	-9.000000e+33	2.187704e+01	2020	2	15	12
	1916	1554	134.299065	-19.297012	9.963690e+04	8.220622e+00	1.079889e+05	1.078344e+05	5.734409e+04	5.679767e+04	-9.000000e+33	1.821217e+01	2020	2	15	18
	1922	1554	134.719626	-19.297012	9.976623e+04	1.102883e+01	1.081542e+05	1.079552e+05	5.745360e+04	5.693116e+04	-9.000000e+33	2.781309e+01	2020	2	16	0
	1927	1541	135.070093	-18.383128	9.935618e+04	1.103448e+01	1.080353e+05	1.078291e+05	5.731623e+04	5.672831e+04	-9.000000e+33	2.878543e+01	2020	2	16	6
	1938	1538	135.841121	-18.172232	9.959530e+04	9.379586e+00	1.082139e+05	1.078813e+05	5.745107e+04	5.681857e+04	-9.000000e+33	3.260431e+01	2020	2	16	12
	1946	1544	136.401869	-18.594024	9.928751e+04	8.928008e+00	1.080110e+05	1.075638e+05	5.713570e+04	5.650376e+04	-9.000000e+33	2.321038e+01	2020	2	16	18
	1950	1549	136.682243	-18.945518	9.945484e+04	1.034794e+01	1.080551e+05	1.077112e+05	5.733992e+04	5.662867e+04	-9.000000e+33	2.058645e+01	2020	2	17	0
	1949	1543	136.612150	-18.523725	9.914622e+04	1.281261e+01	1.079236e+05	1.076593e+05	5.714689e+04	5.646837e+04	-9.000000e+33	2.728322e+01	2020	2	17	6
	1963	1541	137.593458	-18.383128	9.939386e+04	1.227746e+01	1.080977e+05	1.078033e+05	5.736131e+04	5.665531e+04	3.032437e+02	3.175123e+01	2020	2	17	12
	1970	1538	138.084112	-18.172232	9.908720e+04	1.223804e+01	1.078063e+05	1.074968e+05	5.713606e+04	5.640810e+04	3.031035e+02	2.111331e+01	2020	2	17	18
	1982	1541	138.925234	-18.383128	9.929007e+04	1.315501e+01	1.080007e+05	1.076472e+05	5.735580e+04	5.659984e+04	3.028882e+02	1.984721e+01	2020	2	18	0
	1993	1549	139.696262	-18.945518	9.900138e+04	1.330442e+01	1.080058e+05	1.075345e+05	5.713151e+04	5.646222e+04	3.028774e+02	2.571094e+01	2020	2	18	6
	2008	1553	140.747664	-19.226713	9.927948e+04	1.229742e+01	1.080920e+05	1.076262e+05	5.743720e+04	5.664520e+04	3.027451e+02	2.202452e+01	2020	2	18	12
	2017	1567	141.378505	-20.210896	9.895528e+04	1.038387e+01	1.078531e+05	1.072895e+05	5.709577e+04	5.637226e+04	-9.000000e+33	1.500156e+01	2020	2	18	18
	2027	1569	142.079439	-20.351493	9.936547e+04	1.149257e+01	1.081437e+05	1.075645e+05	5.740267e+04	5.667421e+04	-9.000000e+33	1.405050e+01	2020	2	19	0
	2041	1580	143.060748	-21.124780	9.930681e+04	1.129650e+01	1.081104e+05	1.074761e+05	5.723975e+04	5.659018e+04	-9.000000e+33	1.693388e+01	2020	2	19	6
	2061	1598	144.462617	-22.390158	9.964523e+04	8.278898e+00	1.083344e+05	1.076742e+05	5.752458e+04	5.666346e+04	-9.000000e+33	1.366532e+01	2020	2	19	12
	2068	1612	144.953271	-23.374340	9.947396e+04	7.692345e+00	1.082345e+05	1.074282e+05	5.734893e+04	5.670033e+04	-9.000000e+33	8.874210e+00	2020	2	19	18
	2070	1628	145.093458	-24.499121	9.971676e+04	1.134526e+01	1.085904e+05	1.075563e+05	5.757553e+04	5.697460e+04	-9.000000e+33	1.301806e+01	2020	2	20	0
	2091	1647	146.565421	-25.834797	9.956070e+04	1.105437e+01	1.085093e+05	1.074557e+05	5.750115e+04	5.684966e+04	-9.000000e+33	1.900303e+01	2020	2	20	6
	2116	1690	148.317757	-28.857644	9.988790e+04	8.086242e+00	1.086766e+05	1.070312e+05	5.764762e+04	5.688330e+04	-9.000000e+33	2.227145e+01	2020	2	20	12
	2124	1712	148.878505	-30.404217	9.968512e+04	8.866452e+00	1.084374e+05	1.061920e+05	5.739262e+04	5.638287e+04	-9.000000e+33	1.141913e+01	2020	2	20	18
start	25	2020	2	14	18
	2578	1477	180.700935	-13.884007	1.001359e+05	1.317900e+01	1.081654e+05	1.076388e+05	5.743972e+04	5.721003e+04	3.025601e+02	3.197290e+01	2020	2	14	18
	2586	1472	181.261682	-13.532513	1.001568e+05	1.366854e+01	1.082599e+05	1.077476e+05	5.750560e+04	5.723168e+04	3.029039e+02	3.492969e+01	2020	2	15	0
	2604	1470	182.523364	-13.391915	1.000706e+05	1.470541e+01	1.082498e+05	1.077538e+05	5.743678e+04	5.719581e+04	3.028828e+02	4.009156e+01	2020	2	15	6
	2624	1468	183.925234	-13.251318	1.001151e+05	1.567323e+01	1.082676e+05	1.077983e+05	5.748182e+04	5.721920e+04	3.028321e+02	4.357378e+01	2020	2	15	12
	2650	1463	185.747664	-12.899824	9.998683e+04	1.715070e+01	1.081970e+05	1.077843e+05	5.743133e+04	5.709981e+04	3.028283e+02	4.488089e+01	2020	2	15	18
	2676	1464	187.570093	-12.970123	9.983227e+04	1.949866e+01	1.081438e+05	1.078001e+05	5.740118e+04	5.700289e+04	3.029924e+02	4.166338e+01	2020	2	16	0
	2693	1467	188.761682	-13.181019	9.974084e+04	1.736203e+01	1.081670e+05	1.077216e+05	5.735655e+04	5.694661e+04	3.028650e+02	4.154893e+01	2020	2	16	6
	2701	1464	189.322430	-12.970123	9.963109e+04	2.003081e+01	1.081686e+05	1.076528e+05	5.733455e+04	5.681229e+04	3.027725e+02	5.298757e+01	2020	2	16	12
	2713	1467	190.163551	-13.181019	9.958362e+04	1.977169e+01	1.080562e+05	1.075523e+05	5.725002e+04	5.684968e+04	3.027197e+02	5.301533e+01	2020	2	16	18
	2715	1465	190.303738	-13.040422	9.944034e+04	1.924233e+01	1.080322e+05	1.075699e+05	5.725254e+04	5.677745e+04	3.030513e+02	4.615363e+01	2020	2	17	0
	2726	1454	191.074766	-12.267135	9.927619e+04	2.586699e+01	1.080389e+05	1.075910e+05	5.729964e+04	5.656271e+04	3.028955e+02	4.333170e+01	2020	2	17	6
	2715	1468	190.303738	-13.251318	9.918369e+04	2.136253e+01	1.079693e+05	1.075426e+05	5.720944e+04	5.655295e+04	3.027417e+02	4.045297e+01	2020	2	17	12
	2712	1482	190.093458	-14.235501	9.912934e+04	1.991663e+01	1.079165e+05	1.075154e+05	5.719431e+04	5.673569e+04	3.026436e+02	3.344465e+01	2020	2	17	18
	2716	1493	190.373832	-15.008787	9.912226e+04	2.138536e+01	1.080235e+05	1.075088e+05	5.718806e+04	5.670720e+04	3.029500e+02	2.828742e+01	2020	2	18	0
	2708	1499	189.813084	-15.430580	9.914481e+04	1.975598e+01	1.080071e+05	1.075950e+05	5.727295e+04	5.683320e+04	3.025476e+02	2.483803e+01	2020	2	18	6
	2718	1513	190.514019	-16.414762	9.913662e+04	2.238778e+01	1.081771e+05	1.075870e+05	5.733256e+04	5.673187e+04	3.023859e+02	2.848320e+01	2020	2	18	12
	2722	1522	190.794393	-17.047451	9.902659e+04	2.163589e+01	1.081020e+05	1.076366e+05	5.741611e+04	5.646803e+04	3.020554e+02	2.413508e+01	2020	2	18	18
	2725	1542	191.004673	-18.453427	9.896781e+04	3.034611e+01	1.081698e+05	1.076305e+05	5.742363e+04	5.657679e+04	3.016600e+02	2.767190e+01	2020	2	19	0
	2728	1566	191.214953	-20.140597	9.837614e+04	3.592117e+01	1.081949e+05	1.075229e+05	5.746477e+04	5.621898e+04	3.014100e+02	2.563779e+01	2020	2	19	6
	2733	1587	191.565421	-21.616871	9.878627e+04	2.563638e+01	1.081701e+05	1.073178e+05	5.744888e+04	5.678491e+04	3.010371e+02	2.841626e+01	2020	2	19	12
	2729	1611	191.285047	-23.304042	9.876470e+04	2.430771e+01	1.081864e+05	1.072084e+05	5.744540e+04	5.673862e+04	3.005027e+02	2.174339e+01	2020	2	19	18
	2730	1637	191.355140	-25.131810	9.893623e+04	2.603200e+01	1.081584e+05	1.070511e+05	5.745210e+04	5.671350e+04	3.003543e+02	2.934948e+01	2020	2	20	0
	2733	1662	191.565421	-26.889279	9.889086e+04	3.411282e+01	1.080594e+05	1.067936e+05	5.746380e+04	5.666186e+04	2.999094e+02	3.038687e+01	2020	2	20	6
	2733	1699	191.565421	-29.490333	9.917684e+04	2.495820e+01	1.078467e+05	1.066007e+05	5.739504e+04	5.676159e+04	2.989256e+02	3.431894e+01	2020	2	20	12
	2740	1634	192.056075	-24.920913	1.001279e+05	2.152981e+01	1.080999e+05	1.067532e+05	5.762951e+04	5.687832e+04	3.002279e+02	2.877904e+01	2020	2	20	18
start	20	2020	2	16	12
	1972	1179	138.224299	7.065026	1.006623e+05	1.553804e+01	1.080818e+05	1.078499e+05	5.778789e+04	5.739176e+04	3.027406e+02	2.313502e+01	2020	2	16	12
	1951	1176	136.752336	7.275923	1.003547e+05	1.559442e+01	1.078838e+05	1.076069e+05	5.760652e+04	5.720829e+04	3.026715e+02	2.234056e+01	2020	2	16	18
	1935	1167	135.630841	7.908611	1.004922e+05	1.739215e+01	1.081311e+05	1.078533e+05	5.779619e+04	5.738061e+04	3.024067e+02	1.974150e+01	2020	2	17	0
	1915	1165	134.228972	8.049209	1.000612e+05	1.809095e+01	1.079277e+05	1.077154e+05	5.753267e+04	5.715903e+04	3.026928e+02	2.363598e+01	2020	2	17	6
	1900	1156	133.177570	8.681898	1.001490e+05	2.028224e+01	1.081560e+05	1.078975e+05	5.772223e+04	5.720764e+04	3.020440e+02	2.405877e+01	2020	2	17	12
	1888	1153	132.336449	8.892794	9.988305e+04	1.833563e+01	1.078734e+05	1.076052e+05	5.750936e+04	5.714400e+04	3.019826e+02	1.786794e+01	2020	2	17	18
	1875	1148	131.425234	9.244288	9.967180e+04	2.159918e+01	1.080641e+05	1.078145e+05	5.773018e+04	5.729680e+04	3.019736e+02	1.615510e+01	2020	2	18	0
	1862	1142	130.514019	9.666081	9.969330e+04	2.097816e+01	1.078992e+05	1.077015e+05	5.753739e+04	5.704752e+04	3.025898e+02	1.668675e+01	2020	2	18	6
	1852	1140	129.813084	9.806678	9.964312e+04	2.074944e+01	1.081045e+05	1.079009e+05	5.773912e+04	5.725574e+04	3.020220e+02	1.371314e+01	2020	2	18	12
	1837	1138	128.761682	9.947276	9.940916e+04	2.384745e+01	1.079270e+05	1.076636e+05	5.758750e+04	5.689159e+04	3.019004e+02	1.309781e+01	2020	2	18	18
	1825	1134	127.920561	10.228471	9.904859e+04	3.048016e+01	1.080390e+05	1.074904e+05	5.774628e+04	5.667598e+04	3.017686e+02	1.373732e+01	2020	2	19	0
	1813	1133	127.079439	10.298770	9.935465e+04	2.441268e+01	1.078421e+05	1.076122e+05	5.760978e+04	5.679039e+04	3.019171e+02	1.553725e+01	2020	2	19	6
	1803	1131	126.378505	10.439367	9.916565e+04	2.652456e+01	1.080718e+05	1.077376e+05	5.774928e+04	5.669575e+04	3.018545e+02	1.322444e+01	2020	2	19	12
	1789	1129	125.397196	10.579965	9.940881e+04	2.505912e+01	1.079210e+05	1.075850e+05	5.762349e+04	5.664636e+04	3.019951e+02	2.118161e+01	2020	2	19	18
	1775	1129	124.415888	10.579965	9.980063e+04	2.279329e+01	1.080982e+05	1.077622e+05	5.777348e+04	5.697571e+04	3.018713e+02	2.355830e+01	2020	2	20	0
	1764	1126	123.644860	10.790861	9.919015e+04	2.887965e+01	1.078970e+05	1.074334e+05	5.766433e+04	5.651518e+04	3.019792e+02	1.440716e+01	2020	2	20	6
	1752	1124	122.803738	10.931458	9.989356e+04	1.792377e+01	1.080137e+05	1.076742e+05	5.780491e+04	5.692754e+04	3.017271e+02	9.900087e+00	2020	2	20	12
	1733	1126	121.471963	10.790861	1.003349e+05	1.723019e+01	1.079185e+05	1.077399e+05	5.770639e+04	5.729770e+04	3.018787e+02	9.793139e+00	2020	2	20	18
	1720	1131	120.560748	10.439367	1.005149e+05	1.734938e+01	1.080652e+05	1.078563e+05	5.782591e+04	5.751575e+04	3.020646e+02	8.495087e+00	2020	2	21	0
	1708	1126	119.719626	10.790861	1.004632e+05	1.528837e+01	1.079459e+05	1.078054e+05	5.768511e+04	5.749518e+04	3.028282e+02	6.221908e+00	2020	2	21	6
start	35	2020	2	16	12
	2462	1495	172.570093	-15.149385	1.001242e+05	1.241205e+01	1.082443e+05	1.079023e+05	5.755919e+04	5.711307e+04	3.032368e+02	3.544492e+01	2020	2	16	12
	2466	1489	172.850467	-14.727592	9.988300e+04	1.420596e+01	1.080183e+05	1.077710e+05	5.738691e+04	5.694380e+04	3.031728e+02	3.014780e+01	2020	2	16	18
	2468	1486	172.990654	-14.516696	9.990320e+04	1.384692e+01	1.081278e+05	1.078687e+05	5.748554e+04	5.705756e+04	3.034307e+02	3.317801e+01	2020	2	17	0
	2482	1480	173.971963	-14.094903	9.969662e+04	1.532742e+01	1.080361e+05	1.077742e+05	5.730814e+04	5.683330e+04	3.032283e+02	3.458522e+01	2020	2	17	6
	2491	1482	174.602804	-14.235501	9.961287e+04	1.698030e+01	1.080819e+05	1.078015e+05	5.740630e+04	5.687950e+04	3.031400e+02	2.734113e+01	2020	2	17	12
	2499	1473	175.163551	-13.602812	9.935269e+04	1.689538e+01	1.079057e+05	1.076876e+05	5.722600e+04	5.669966e+04	3.028941e+02	2.402576e+01	2020	2	17	18
	2504	1465	175.514019	-13.040422	9.940226e+04	1.799906e+01	1.080229e+05	1.077784e+05	5.729616e+04	5.677666e+04	3.030582e+02	2.887792e+01	2020	2	18	0
	2510	1466	175.934579	-13.110720	9.920549e+04	1.812814e+01	1.079859e+05	1.076398e+05	5.717633e+04	5.663070e+04	3.027183e+02	2.968633e+01	2020	2	18	6
	2520	1459	176.635514	-12.618629	9.933326e+04	1.913791e+01	1.081074e+05	1.077814e+05	5.733283e+04	5.674616e+04	3.026963e+02	2.971831e+01	2020	2	18	12
	2533	1467	177.546729	-13.181019	9.919291e+04	1.832953e+01	1.080323e+05	1.076851e+05	5.722952e+04	5.662335e+04	3.026165e+02	2.661032e+01	2020	2	18	18
	2532	1471	177.476636	-13.462214	9.922515e+04	1.854442e+01	1.081556e+05	1.077836e+05	5.728575e+04	5.661704e+04	3.026021e+02	2.763095e+01	2020	2	19	0
	2545	1475	178.387850	-13.743409	9.905158e+04	1.860917e+01	1.081566e+05	1.076490e+05	5.722445e+04	5.643341e+04	3.025456e+02	2.949686e+01	2020	2	19	6
	2549	1479	178.668224	-14.024604	9.893668e+04	1.868362e+01	1.081892e+05	1.075309e+05	5.729233e+04	5.636584e+04	3.025265e+02	2.682363e+01	2020	2	19	12
	2556	1489	179.158879	-14.727592	9.867835e+04	1.988689e+01	1.081425e+05	1.074555e+05	5.725198e+04	5.627020e+04	3.026670e+02	2.105564e+01	2020	2	19	18
	2557	1493	179.228972	-15.008787	9.850034e+04	1.994981e+01	1.081829e+05	1.076711e+05	5.733953e+04	5.622718e+04	3.026370e+02	2.665082e+01	2020	2	20	0
	2562	1498	179.579439	-15.360281	9.826375e+04	2.087919e+01	1.081462e+05	1.074631e+05	5.728260e+04	5.595305e+04	3.025842e+02	2.605874e+01	2020	2	20	6
	2566	1505	179.859813	-15.852372	9.829271e+04	2.025177e+01	1.081895e+05	1.073761e+05	5.738130e+04	5.594065e+04	3.024946e+02	2.559885e+01	2020	2	20	12
	2569	1511	180.070093	-16.274165	9.807235e+04	2.459674e+01	1.081197e+05	1.072315e+05	5.729968e+04	5.568816e+04	3.023982e+02	3.008421e+01	2020	2	20	18
	2572	1517	180.280374	-16.695957	9.812972e+04	2.367315e+01	1.082125e+05	1.071398e+05	5.730161e+04	5.572459e+04	3.023054e+02	2.580380e+01	2020	2	21	0
	2578	1524	180.700935	-17.188049	9.781074e+04	2.516326e+01	1.081310e+05	1.068895e+05	5.725438e+04	5.545485e+04	3.022019e+02	1.844799e+01	2020	2	21	6
	2585	1529	181.191589	-17.539543	9.775223e+04	2.858952e+01	1.080856e+05	1.069755e+05	5.731916e+04	5.542818e+04	3.020933e+02	2.047439e+01	2020	2	21	12
	2596	1536	181.962617	-18.031634	9.743777e+04	3.393625e+01	1.080388e+05	1.068971e+05	5.725638e+04	5.519012e+04	3.019901e+02	1.992890e+01	2020	2	21	18
	2606	1550	182.663551	-19.015817	9.718726e+04	3.403410e+01	1.081059e+05	1.069884e+05	5.731424e+04	5.520769e+04	3.018829e+02	2.272901e+01	2020	2	22	0
	2621	1574	183.714953	-20.702987	9.705400e+04	3.577760e+01	1.081874e+05	1.069478e+05	5.733157e+04	5.511124e+04	3.015943e+02	2.397669e+01	2020	2	22	6
	2632	1604	184.485981	-22.811950	9.688981e+04	3.786342e+01	1.082731e+05	1.066570e+05	5.747969e+04	5.519090e+04	3.010641e+02	3.001287e+01	2020	2	22	12
	2645	1645	185.397196	-25.694200	9.661588e+04	4.207634e+01	1.083543e+05	1.063291e+05	5.764441e+04	5.517786e+04	3.003732e+02	2.334400e+01	2020	2	22	18
	2647	1688	185.537383	-28.717047	9.703767e+04	3.613965e+01	1.084944e+05	1.064702e+05	5.775423e+04	5.564184e+04	2.994994e+02	1.090779e+01	2020	2	23	0
	2649	1730	185.677570	-31.669595	9.787930e+04	2.757748e+01	1.085183e+05	1.065691e+05	5.777868e+04	5.602679e+04	2.983387e+02	9.801459e+00	2020	2	23	6
	2646	1762	185.467290	-33.919156	9.830363e+04	2.311991e+01	1.083400e+05	1.066831e+05	5.770042e+04	5.612056e+04	2.974090e+02	8.591534e+00	2020	2	23	12
	2656	1790	186.168224	-35.887521	9.846058e+04	2.094269e+01	1.081432e+05	1.066250e+05	5.757600e+04	5.608836e+04	2.962908e+02	5.372717e+00	2020	2	23	18
	2681	1814	187.920561	-37.574692	9.861653e+04	2.163235e+01	1.080999e+05	1.063227e+05	5.756249e+04	5.598867e+04	2.953585e+02	4.111449e+00	2020	2	24	0
	2721	1842	190.724299	-39.543057	9.856102e+04	2.163632e+01	1.079582e+05	1.056780e+05	5.745898e+04	5.553568e+04	2.944563e+02	5.983979e+00	2020	2	24	6
	2764	1871	193.738318	-41.581721	9.838588e+04	2.034888e+01	1.076057e+05	1.049085e+05	5.716299e+04	5.516956e+04	2.931697e+02	9.864838e+00	2020	2	24	12
	2812	1895	197.102804	-43.268892	9.819253e+04	1.864803e+01	1.071370e+05	1.039883e+05	5.681382e+04	5.470899e+04	2.920188e+02	1.321843e+01	2020	2	24	18
	2859	1913	200.397196	-44.534270	9.801735e+04	1.808641e+01	1.067236e+05	1.033149e+05	5.646352e+04	5.435556e+04	2.915025e+02	1.197730e+01	2020	2	25	0
start	36	2020	2	22	18
	1681	1440	117.827103	-11.282952	1.004810e+05	1.122843e+01	1.078941e+05	1.076895e+05	5.757447e+04	5.725044e+04	3.032577e+02	2.629697e+01	2020	2	22	18
	1672	1438	117.196262	-11.142355	1.005691e+05	1.335796e+01	1.080340e+05	1.078361e+05	5.766823e+04	5.732167e+04	3.032745e+02	2.430353e+01	2020	2	23	0
	1659	1433	116.285047	-10.790861	1.003656e+05	1.144248e+01	1.079654e+05	1.078160e+05	5.757622e+04	5.716323e+04	3.036181e+02	2.517719e+01	2020	2	23	6
	1659	1425	116.285047	-10.228471	1.005097e+05	1.209340e+01	1.081336e+05	1.079353e+05	5.768871e+04	5.725957e+04	3.036191e+02	2.942373e+01	2020	2	23	12
	1653	1436	115.864486	-11.001757	1.003872e+05	1.336006e+01	1.079842e+05	1.078293e+05	5.763340e+04	5.713736e+04	3.036027e+02	3.036545e+01	2020	2	23	18
	1645	1431	115.303738	-10.650263	1.004042e+05	1.324301e+01	1.080772e+05	1.078597e+05	5.769747e+04	5.713347e+04	3.035974e+02	3.027990e+01	2020	2	24	0
	1646	1432	115.373832	-10.720562	1.001422e+05	1.398789e+01	1.080150e+05	1.077412e+05	5.758533e+04	5.688420e+04	3.036661e+02	2.914023e+01	2020	2	24	6
	1644	1442	115.233645	-11.423550	1.001528e+05	1.601633e+01	1.081211e+05	1.077988e+05	5.771618e+04	5.700996e+04	3.031864e+02	2.892270e+01	2020	2	24	12
	1638	1444	114.813084	-11.564147	9.997766e+04	1.573696e+01	1.080091e+05	1.077231e+05	5.760659e+04	5.688853e+04	3.030721e+02	3.396637e+01	2020	2	24	18
	1636	1453	114.672897	-12.196836	9.995638e+04	1.788771e+01	1.081464e+05	1.077656e+05	5.771364e+04	5.693836e+04	3.030294e+02	3.013350e+01	2020	2	25	0
	1626	1461	113.971963	-12.759226	9.965305e+04	1.931109e+01	1.080697e+05	1.076806e+05	5.762790e+04	5.671377e+04	3.030294e+02	2.491777e+01	2020	2	25	6
	1614	1465	113.130841	-13.040422	9.960204e+04	2.063910e+01	1.081610e+05	1.077425e+05	5.773839e+04	5.667722e+04	3.030871e+02	2.588824e+01	2020	2	25	12
	1610	1469	112.850467	-13.321617	9.933791e+04	2.391917e+01	1.080104e+05	1.075758e+05	5.760657e+04	5.650161e+04	3.030511e+02	3.265432e+01	2020	2	25	18
	1610	1474	112.850467	-13.673110	9.914080e+04	2.487276e+01	1.081058e+05	1.075559e+05	5.767990e+04	5.635713e+04	3.029770e+02	3.031389e+01	2020	2	26	0
	1605	1477	112.500000	-13.884007	9.882206e+04	2.429526e+01	1.080454e+05	1.073996e+05	5.758668e+04	5.614637e+04	3.029525e+02	2.600799e+01	2020	2	26	6
	1606	1483	112.570093	-14.305799	9.867184e+04	2.605791e+01	1.081659e+05	1.074238e+05	5.770460e+04	5.606973e+04	3.028275e+02	2.992457e+01	2020	2	26	12
	1608	1486	112.710280	-14.516696	9.812535e+04	2.807426e+01	1.079851e+05	1.071414e+05	5.759027e+04	5.571018e+04	3.026632e+02	3.268764e+01	2020	2	26	18
	1609	1496	112.780374	-15.219683	9.801007e+04	2.708133e+01	1.080918e+05	1.069535e+05	5.763628e+04	5.555090e+04	3.024817e+02	3.123545e+01	2020	2	27	0
	1607	1503	112.640187	-15.711775	9.757772e+04	2.810169e+01	1.079807e+05	1.067893e+05	5.751998e+04	5.510900e+04	3.025222e+02	2.692319e+01	2020	2	27	6
	1605	1509	112.500000	-16.133567	9.737831e+04	3.314832e+01	1.081533e+05	1.068342e+05	5.772283e+04	5.505877e+04	3.025321e+02	2.624787e+01	2020	2	27	12
	1600	1514	112.149533	-16.485061	9.717835e+04	3.420422e+01	1.080154e+05	1.068032e+05	5.768384e+04	5.507325e+04	3.026754e+02	2.843087e+01	2020	2	27	18
	1600	1524	112.149533	-17.188049	9.670426e+04	3.845449e+01	1.081007e+05	1.066982e+05	5.776265e+04	5.479000e+04	3.024920e+02	2.394328e+01	2020	2	28	0
	1596	1531	111.869159	-17.680140	9.620609e+04	4.458865e+01	1.080623e+05	1.066079e+05	5.764696e+04	5.448056e+04	3.024017e+02	1.880209e+01	2020	2	28	6
	1595	1536	111.799065	-18.031634	9.639427e+04	4.332966e+01	1.082398e+05	1.069647e+05	5.785071e+04	5.480548e+04	3.021283e+02	1.788882e+01	2020	2	28	12
	1593	1543	111.658879	-18.523725	9.660826e+04	4.181150e+01	1.081351e+05	1.067764e+05	5.775401e+04	5.504976e+04	3.020064e+02	2.083109e+01	2020	2	28	18
	1594	1548	111.728972	-18.875219	9.664384e+04	4.105290e+01	1.082308e+05	1.070356e+05	5.786075e+04	5.505622e+04	3.019248e+02	1.918431e+01	2020	2	29	0
	1594	1555	111.728972	-19.367311	9.638693e+04	4.106070e+01	1.081496e+05	1.071563e+05	5.773241e+04	5.514607e+04	3.018696e+02	1.509196e+01	2020	2	29	6
	1594	1562	111.728972	-19.859402	9.738085e+04	3.227599e+01	1.082682e+05	1.076207e+05	5.787804e+04	5.589729e+04	3.018389e+02	1.120504e+01	2020	2	29	12
	1592	1567	111.588785	-20.210896	9.778792e+04	2.856875e+01	1.080974e+05	1.074290e+05	5.773723e+04	5.606177e+04	3.017510e+02	1.513990e+01	2020	2	29	18
	1594	1571	111.728972	-20.492091	9.661763e+04	4.139857e+01	1.081819e+05	1.069717e+05	5.778935e+04	5.503697e+04	3.016530e+02	1.018492e+01	2020	3	1	0
	1592	1579	111.588785	-21.054481	9.728720e+04	3.389543e+01	1.082829e+05	1.073456e+05	5.774688e+04	5.576802e+04	3.016270e+02	7.307105e+00	2020	3	1	6
	1596	1589	111.869159	-21.757469	9.787080e+04	3.347192e+01	1.083527e+05	1.076355e+05	5.793336e+04	5.628143e+04	3.015844e+02	6.709287e+00	2020	3	1	12
	1594	1599	111.728972	-22.460456	9.845327e+04	2.469117e+01	1.081136e+05	1.074581e+05	5.774836e+04	5.668074e+04	3.013898e+02	8.060190e+00	2020	3	1	18
	1596	1611	111.869159	-23.304042	9.842638e+04	2.851071e+01	1.082441e+05	1.073038e+05	5.780148e+04	5.646913e+04	3.008522e+02	5.818649e+00	2020	3	2	0
	1595	1623	111.799065	-24.147627	9.890659e+04	2.176019e+01	1.081615e+05	1.070882e+05	5.775979e+04	5.715367e+04	3.004929e+02	4.178056e+00	2020	3	2	6
	1599	1635	112.079439	-24.991212	9.941991e+04	1.797509e+01	1.083413e+05	1.070810e+05	5.787161e+04	5.719028e+04	3.004919e+02	7.620080e+00	2020	3	2	12
start	41	2020	3	1	6
	877	1481	61.471963	-14.165202	1.006446e+05	1.169177e+01	1.082315e+05	1.079780e+05	5.782381e+04	5.737327e+04	3.033909e+02	2.800405e+01	2020	3	1	6
	869	1470	60.911215	-13.391915	1.002890e+05	9.764988e+00	1.081049e+05	1.077675e+05	5.759718e+04	5.706810e+04	3.040954e+02	3.916115e+01	2020	3	1	12
	863	1489	60.490654	-14.727592	1.004626e+05	1.369240e+01	1.083048e+05	1.078784e+05	5.778592e+04	5.728093e+04	3.033162e+02	4.443818e+01	2020	3	1	18
	877	1482	61.471963	-14.235501	1.000658e+05	1.384991e+01	1.079884e+05	1.076799e+05	5.751871e+04	5.697957e+04	3.031015e+02	5.113321e+01	2020	3	2	0
	862	1487	60.420561	-14.586994	1.001760e+05	1.508299e+01	1.081569e+05	1.079142e+05	5.773334e+04	5.714925e+04	3.031133e+02	4.222717e+01	2020	3	2	6
	853	1491	59.789720	-14.868190	9.981197e+04	1.552632e+01	1.079637e+05	1.076457e+05	5.749465e+04	5.688961e+04	3.032421e+02	4.977963e+01	2020	3	2	12
	841	1480	58.948598	-14.094903	9.993145e+04	1.486359e+01	1.081299e+05	1.077700e+05	5.758100e+04	5.696914e+04	3.029972e+02	5.730294e+01	2020	3	2	18
	845	1489	59.228972	-14.727592	9.945877e+04	1.606975e+01	1.078577e+05	1.074126e+05	5.730931e+04	5.656575e+04	3.028685e+02	5.193318e+01	2020	3	3	0
	837	1494	58.668224	-15.079086	9.954956e+04	1.888291e+01	1.080100e+05	1.076211e+05	5.749189e+04	5.672555e+04	3.027369e+02	4.593885e+01	2020	3	3	6
	830	1492	58.177570	-14.938488	9.915936e+04	1.830402e+01	1.077910e+05	1.073599e+05	5.722726e+04	5.641184e+04	3.032876e+02	5.254561e+01	2020	3	3	12
	825	1493	57.827103	-15.008787	9.924315e+04	1.928132e+01	1.079466e+05	1.074954e+05	5.741631e+04	5.648343e+04	3.026077e+02	5.634305e+01	2020	3	3	18
	828	1493	58.037383	-15.008787	9.880641e+04	2.249082e+01	1.077687e+05	1.071910e+05	5.722290e+04	5.612246e+04	3.024519e+02	4.734249e+01	2020	3	4	0
	819	1508	57.406542	-16.063269	9.898789e+04	2.257742e+01	1.080818e+05	1.074523e+05	5.751980e+04	5.630161e+04	3.022573e+02	4.138982e+01	2020	3	4	6
	805	1516	56.425234	-16.625659	9.868457e+04	2.087032e+01	1.080186e+05	1.073003e+05	5.734098e+04	5.610120e+04	3.024220e+02	3.997349e+01	2020	3	4	12
	800	1519	56.074766	-16.836555	9.889211e+04	2.053154e+01	1.081930e+05	1.075334e+05	5.761364e+04	5.630772e+04	3.021118e+02	4.405148e+01	2020	3	4	18
	784	1534	54.953271	-17.891037	9.862550e+04	2.348960e+01	1.080646e+05	1.073548e+05	5.744807e+04	5.611916e+04	3.020484e+02	4.330024e+01	2020	3	5	0
	766	1540	53.691589	-18.312829	9.882631e+04	2.536230e+01	1.083144e+05	1.076169e+05	5.765904e+04	5.634439e+04	3.019691e+02	3.996437e+01	2020	3	5	6
	741	1552	51.939252	-19.156414	9.851449e+04	2.158872e+01	1.081696e+05	1.074548e+05	5.749432e+04	5.615635e+04	3.020085e+02	4.530184e+01	2020	3	5	12
	747	1560	52.359813	-19.718805	9.863212e+04	2.844802e+01	1.083241e+05	1.076614e+05	5.780676e+04	5.629111e+04	3.017872e+02	4.466978e+01	2020	3	5	18
	716	1572	50.186916	-20.562390	9.846384e+04	2.776870e+01	1.081247e+05	1.073818e+05	5.754882e+04	5.612807e+04	3.022932e+02	3.944064e+01	2020	3	6	0
	713	1565	49.976636	-20.070298	9.879014e+04	2.817262e+01	1.082573e+05	1.077001e+05	5.781307e+04	5.645409e+04	3.021741e+02	3.361468e+01	2020	3	6	6
	690	1583	48.364486	-21.335676	9.876695e+04	2.472364e+01	1.082202e+05	1.076176e+05	5.764265e+04	5.637269e+04	3.023143e+02	3.572326e+01	2020	3	6	12
	687	1590	48.154206	-21.827768	9.910788e+04	2.546323e+01	1.083479e+05	1.078685e+05	5.787756e+04	5.660852e+04	3.020217e+02	3.362260e+01	2020	3	6	18
	677	1593	47.453271	-22.038664	9.925095e+04	2.301365e+01	1.081014e+05	1.076873e+05	5.761752e+04	5.651057e+04	3.019661e+02	2.305335e+01	2020	3	7	0
	644	1613	45.140187	-23.444639	9.967988e+04	1.843293e+01	1.081723e+05	1.078855e+05	5.770911e+04	5.677809e+04	3.037927e+02	1.718451e+01	2020	3	7	6
	623	1612	43.668224	-23.374340	9.931197e+04	1.920946e+01	1.081294e+05	1.078196e+05	5.754350e+04	5.672734e+04	3.043347e+02	1.874305e+01	2020	3	7	12
	613	1611	42.967290	-23.304042	9.957176e+04	1.660020e+01	1.082945e+05	1.079869e+05	5.764773e+04	5.692130e+04	3.041877e+02	1.749775e+01	2020	3	7	18
	607	1608	42.546729	-23.093145	9.942895e+04	1.494599e+01	1.081161e+05	1.078098e+05	5.746383e+04	5.673729e+04	3.042161e+02	1.700367e+01	2020	3	8	0
	600	1604	42.056075	-22.811950	9.955646e+04	1.466807e+01	1.082896e+05	1.079512e+05	5.756523e+04	5.686396e+04	3.040661e+02	1.668302e+01	2020	3	8	6
	598	1607	41.915888	-23.022847	9.939259e+04	1.497299e+01	1.082756e+05	1.077849e+05	5.753539e+04	5.672862e+04	3.037848e+02	1.974191e+01	2020	3	8	12
	571	1603	40.023364	-22.741652	9.949747e+04	1.831470e+01	1.083984e+05	1.079771e+05	5.766321e+04	5.683032e+04	3.027888e+02	2.214606e+01	2020	3	8	18
	561	1605	39.322430	-22.882249	9.923585e+04	1.624192e+01	1.082772e+05	1.078573e+05	5.761603e+04	5.668078e+04	3.023656e+02	2.436724e+01	2020	3	9	0
	532	1602	37.289720	-22.671353	9.931152e+04	1.787536e+01	1.083861e+05	1.079103e+05	5.769892e+04	5.675352e+04	3.022517e+02	2.500108e+01	2020	3	9	6
	534	1600	37.429907	-22.530755	9.905620e+04	1.966731e+01	1.083276e+05	1.078525e+05	5.763255e+04	5.659048e+04	3.021873e+02	2.664496e+01	2020	3	9	12
	511	1601	35.817757	-22.601054	9.911769e+04	1.853031e+01	1.084403e+05	1.079139e+05	5.775777e+04	5.666288e+04	3.021011e+02	3.091477e+01	2020	3	9	18
	497	1597	34.836449	-22.319859	9.888402e+04	1.917864e+01	1.082794e+05	1.075894e+05	5.764572e+04	5.628859e+04	3.020339e+02	3.183879e+01	2020	3	10	0
	480	1589	33.644860	-21.757469	9.916913e+04	1.830297e+01	1.083087e+05	1.076785e+05	5.774089e+04	5.649559e+04	3.019860e+02	2.428532e+01	2020	3	10	6
	463	1591	32.453271	-21.898066	9.934202e+04	1.117278e+01	1.082948e+05	1.077363e+05	5.770403e+04	5.653256e+04	-9.000000e+33	2.393255e+01	2020	3	10	12
	448	1588	31.401869	-21.687170	9.981227e+04	1.106495e+01	1.083877e+05	1.079557e+05	5.784303e+04	5.678965e+04	-9.000000e+33	2.648534e+01	2020	3	10	18
	418	1584	29.299065	-21.405975	1.000763e+05	1.234081e+01	1.082964e+05	1.077839e+05	5.779838e+04	5.685250e+04	-9.000000e+33	2.083855e+01	2020	3	11	0
	396	1578	27.757009	-20.984182	1.004898e+05	1.143313e+01	1.083648e+05	1.078676e+05	5.793573e+04	5.711212e+04	-9.000000e+33	1.467865e+01	2020	3	11	6
start	24	2020	3	7	12
	1576	1491	110.467290	-14.868190	1.005460e+05	1.111426e+01	1.080565e+05	1.077212e+05	5.779558e+04	5.738069e+04	3.029286e+02	1.410315e+01	2020	3	7	12
	1566	1493	109.766355	-15.008787	1.004620e+05	9.625531e+00	1.078214e+05	1.076199e+05	5.765154e+04	5.728691e+04	3.029565e+02	2.719272e+01	2020	3	7	18
	1554	1494	108.925234	-15.079086	1.004131e+05	1.047680e+01	1.078698e+05	1.076248e+05	5.764333e+04	5.723991e+04	3.029518e+02	2.720314e+01	2020	3	8	0
	1555	1488	108.995327	-14.657293	1.003027e+05	9.652505e+00	1.077760e+05	1.075883e+05	5.751790e+04	5.710506e+04	3.029324e+02	2.390287e+01	2020	3	8	6
	1553	1484	108.855140	-14.376098	1.003502e+05	1.211476e+01	1.078937e+05	1.076269e+05	5.756533e+04	5.711592e+04	3.029988e+02	2.238071e+01	2020	3	8	12
	1573	1490	110.257009	-14.797891	1.001928e+05	1.419903e+01	1.077462e+05	1.075422e+05	5.747862e+04	5.692825e+04	3.027643e+02	3.113490e+01	2020	3	8	18
	1570	1504	110.046729	-15.782074	1.001191e+05	1.398436e+01	1.078034e+05	1.075356e+05	5.749768e+04	5.686362e+04	3.027630e+02	2.731280e+01	2020	3	9	0
	1564	1519	109.626168	-16.836555	9.991096e+04	1.478534e+01	1.077927e+05	1.075224e+05	5.745374e+04	5.677744e+04	3.029295e+02	2.063348e+01	2020	3	9	6
	1561	1528	109.415888	-17.469244	9.989332e+04	1.491008e+01	1.078910e+05	1.075788e+05	5.750848e+04	5.684674e+04	3.028035e+02	2.135159e+01	2020	3	9	12
	1556	1542	109.065421	-18.453427	9.979474e+04	1.463654e+01	1.077689e+05	1.074497e+05	5.740028e+04	5.680182e+04	3.027320e+02	2.459516e+01	2020	3	9	18
	1552	1542	108.785047	-18.453427	9.973292e+04	1.497297e+01	1.077978e+05	1.074463e+05	5.741917e+04	5.681189e+04	3.027162e+02	2.515617e+01	2020	3	10	0
	1555	1545	108.995327	-18.664323	9.958939e+04	1.559853e+01	1.077967e+05	1.074814e+05	5.735820e+04	5.675363e+04	3.026933e+02	2.040642e+01	2020	3	10	6
	1565	1549	109.696262	-18.945518	9.967091e+04	1.504124e+01	1.079371e+05	1.074928e+05	5.751495e+04	5.677016e+04	3.026044e+02	2.029453e+01	2020	3	10	12
	1574	1559	110.327103	-19.648506	9.961662e+04	1.566973e+01	1.078353e+05	1.074990e+05	5.743963e+04	5.668808e+04	3.019373e+02	2.209483e+01	2020	3	10	18
	1590	1561	111.448598	-19.789103	9.963944e+04	1.650589e+01	1.078768e+05	1.074888e+05	5.753391e+04	5.668938e+04	3.013308e+02	1.714049e+01	2020	3	11	0
	1600	1568	112.149533	-20.281195	9.947658e+04	1.667889e+01	1.078678e+05	1.073974e+05	5.745384e+04	5.652977e+04	3.018264e+02	1.298054e+01	2020	3	11	6
	1619	1572	113.481308	-20.562390	9.962650e+04	1.586475e+01	1.080849e+05	1.074338e+05	5.764686e+04	5.671809e+04	3.031736e+02	2.179929e+01	2020	3	11	12
	1637	1579	114.742991	-21.054481	9.946505e+04	1.695773e+01	1.079325e+05	1.073276e+05	5.757795e+04	5.661836e+04	3.037129e+02	2.305309e+01	2020	3	11	18
	1651	1589	115.724299	-21.757469	9.951558e+04	1.672170e+01	1.081218e+05	1.072330e+05	5.772012e+04	5.672732e+04	3.042209e+02	1.793076e+01	2020	3	12	0
	1667	1601	116.845794	-22.601054	9.947119e+04	1.326349e+01	1.080279e+05	1.070212e+05	5.758638e+04	5.669236e+04	3.041954e+02	1.876354e+01	2020	3	12	6
	1687	1617	118.247664	-23.725834	9.954643e+04	1.582788e+01	1.082123e+05	1.068670e+05	5.781612e+04	5.689961e+04	-9.000000e+33	1.999220e+01	2020	3	12	12
	1706	1622	119.579439	-24.077328	9.983086e+04	1.500511e+01	1.080480e+05	1.066886e+05	5.768177e+04	5.676583e+04	-9.000000e+33	1.724724e+01	2020	3	12	18
	1728	1640	121.121495	-25.342706	9.995501e+04	1.577809e+01	1.081119e+05	1.063313e+05	5.780537e+04	5.678537e+04	-9.000000e+33	1.691007e+01	2020	3	13	0
	1761	1652	123.434579	-26.186291	9.990074e+04	1.628987e+01	1.080892e+05	1.060707e+05	5.772446e+04	5.658868e+04	-9.000000e+33	1.681058e+01	2020	3	13	6
start	20	2020	3	14	18
	1836	1488	128.691589	-14.657293	1.001982e+05	1.181081e+01	1.081446e+05	1.078459e+05	5.764825e+04	5.707271e+04	3.057368e+02	2.400649e+01	2020	3	14	18
	1832	1487	128.411215	-14.586994	1.002792e+05	1.248105e+01	1.083567e+05	1.079779e+05	5.781202e+04	5.724661e+04	3.056692e+02	2.686897e+01	2020	3	15	0
	1828	1497	128.130841	-15.289982	1.000493e+05	1.257808e+01	1.083137e+05	1.078520e+05	5.770001e+04	5.704233e+04	3.056694e+02	2.493298e+01	2020	3	15	6
	1794	1499	125.747664	-15.430580	1.003021e+05	1.210192e+01	1.084325e+05	1.080523e+05	5.781361e+04	5.725522e+04	3.056084e+02	2.505000e+01	2020	3	15	12
	1773	1510	124.275701	-16.203866	9.996637e+04	1.290987e+01	1.081964e+05	1.079170e+05	5.762580e+04	5.700886e+04	3.055037e+02	2.595945e+01	2020	3	15	18
	1759	1517	123.294393	-16.695957	1.000309e+05	1.483915e+01	1.083893e+05	1.079895e+05	5.775237e+04	5.703459e+04	3.053582e+02	2.808191e+01	2020	3	16	0
	1728	1522	121.121495	-17.047451	9.970841e+04	1.229351e+01	1.082338e+05	1.078031e+05	5.752157e+04	5.679322e+04	3.050972e+02	3.007758e+01	2020	3	16	6
	1725	1523	120.911215	-17.117750	9.981383e+04	1.598098e+01	1.083263e+05	1.079805e+05	5.765517e+04	5.692172e+04	3.049358e+02	3.865251e+01	2020	3	16	12
	1712	1538	120.000000	-18.172232	9.955606e+04	1.908876e+01	1.081990e+05	1.077413e+05	5.753366e+04	5.669884e+04	3.049995e+02	3.627484e+01	2020	3	16	18
	1685	1549	118.107477	-18.945518	9.942728e+04	2.275209e+01	1.082717e+05	1.077108e+05	5.760685e+04	5.666657e+04	3.037809e+02	2.578441e+01	2020	3	17	0
	1671	1550	117.126168	-19.015817	9.915134e+04	1.763733e+01	1.080705e+05	1.076481e+05	5.740430e+04	5.650680e+04	3.034977e+02	2.503177e+01	2020	3	17	6
	1675	1566	117.406542	-20.140597	9.926468e+04	1.595438e+01	1.082784e+05	1.078305e+05	5.760497e+04	5.664421e+04	3.035170e+02	3.040196e+01	2020	3	17	12
	1658	1576	116.214953	-20.843585	9.914316e+04	1.402386e+01	1.080757e+05	1.077039e+05	5.730730e+04	5.655341e+04	3.027344e+02	1.962555e+01	2020	3	17	18
	1645	1596	115.303738	-22.249560	9.934947e+04	1.434109e+01	1.081416e+05	1.076012e+05	5.745946e+04	5.672163e+04	3.021352e+02	1.356916e+01	2020	3	18	0
	1633	1609	114.462617	-23.163444	9.929495e+04	1.551892e+01	1.080976e+05	1.075145e+05	5.732745e+04	5.669788e+04	3.012769e+02	1.522765e+01	2020	3	18	6
	1630	1610	114.252336	-23.233743	9.955619e+04	1.599996e+01	1.082437e+05	1.076368e+05	5.746043e+04	5.692430e+04	3.011089e+02	1.381020e+01	2020	3	18	12
	1627	1621	114.042056	-24.007029	9.960931e+04	1.522675e+01	1.081397e+05	1.074559e+05	5.735279e+04	5.685943e+04	3.009563e+02	6.219610e+00	2020	3	18	18
	1625	1634	113.901869	-24.920913	9.981765e+04	1.348969e+01	1.082067e+05	1.073153e+05	5.744029e+04	5.694385e+04	2.998852e+02	2.582748e+00	2020	3	19	0
	1625	1646	113.901869	-25.764499	9.985378e+04	1.166666e+01	1.081826e+05	1.071957e+05	5.741923e+04	5.691102e+04	2.993784e+02	1.969281e+00	2020	3	19	6
	1627	1648	114.042056	-25.905096	1.001079e+05	1.215832e+01	1.083837e+05	1.072554e+05	5.759376e+04	5.702950e+04	2.992078e+02	1.419175e+00	2020	3	19	12
start	30	2020	3	31	0
	1538	1547	107.803738	-18.804921	1.007562e+05	1.266718e+01	1.081457e+05	1.079222e+05	5.783605e+04	5.753360e+04	3.019418e+02	1.016400e+01	2020	3	31	0
	1538	1534	107.803738	-17.891037	1.006240e+05	1.168200e+01	1.081059e+05	1.079171e+05	5.781016e+04	5.744314e+04	3.026018e+02	1.121327e+01	2020	3	31	6
	1534	1527	107.523364	-17.398945	1.006494e+05	1.197933e+01	1.081324e+05	1.079997e+05	5.784591e+04	5.751339e+04	3.025424e+02	1.474754e+01	2020	3	31	12
	1534	1521	107.523364	-16.977153	1.006373e+05	1.111593e+01	1.081100e+05	1.079166e+05	5.787890e+04	5.746353e+04	3.021377e+02	2.010306e+01	2020	3	31	18
	1533	1520	107.453271	-16.906854	1.006188e+05	1.132908e+01	1.080327e+05	1.078499e+05	5.782059e+04	5.737242e+04	3.021042e+02	1.829373e+01	2020	4	1	0
	1536	1516	107.663551	-16.625659	1.004709e+05	1.123599e+01	1.079595e+05	1.077009e+05	5.773831e+04	5.722736e+04	3.024268e+02	1.845024e+01	2020	4	1	6
	1538	1508	107.803738	-16.063269	1.004478e+05	1.125319e+01	1.079759e+05	1.077838e+05	5.775210e+04	5.719906e+04	3.023195e+02	2.272967e+01	2020	4	1	12
	1525	1510	106.892523	-16.203866	1.003487e+05	1.227971e+01	1.078864e+05	1.076282e+05	5.771278e+04	5.710389e+04	3.023088e+02	2.582733e+01	2020	4	1	18
	1530	1521	107.242991	-16.977153	1.002909e+05	1.286717e+01	1.078756e+05	1.074790e+05	5.763299e+04	5.705248e+04	3.020740e+02	2.228930e+01	2020	4	2	0
	1537	1517	107.733645	-16.695957	1.000974e+05	1.306985e+01	1.077828e+05	1.074982e+05	5.755224e+04	5.691219e+04	3.023192e+02	2.214246e+01	2020	4	2	6
	1536	1522	107.663551	-17.047451	1.000641e+05	1.632850e+01	1.078941e+05	1.075137e+05	5.762308e+04	5.693825e+04	3.021006e+02	2.710429e+01	2020	4	2	12
	1540	1537	107.943925	-18.101933	9.991043e+04	1.760548e+01	1.078356e+05	1.073844e+05	5.755082e+04	5.686387e+04	3.020402e+02	2.696902e+01	2020	4	2	18
	1536	1534	107.663551	-17.891037	9.980517e+04	1.858948e+01	1.078586e+05	1.073159e+05	5.759197e+04	5.682567e+04	3.019783e+02	2.371972e+01	2020	4	3	0
	1536	1548	107.663551	-18.875219	9.960435e+04	1.832633e+01	1.077781e+05	1.072728e+05	5.745653e+04	5.674603e+04	3.019213e+02	2.209260e+01	2020	4	3	6
	1547	1559	108.434579	-19.648506	9.964085e+04	1.806885e+01	1.079772e+05	1.073582e+05	5.768476e+04	5.685812e+04	3.014891e+02	2.486448e+01	2020	4	3	12
	1537	1568	107.733645	-20.281195	9.951662e+04	1.766911e+01	1.078841e+05	1.072091e+05	5.755166e+04	5.672923e+04	3.009702e+02	2.201301e+01	2020	4	3	18
	1539	1582	107.873832	-21.265377	9.959391e+04	1.839384e+01	1.079303e+05	1.071816e+05	5.760371e+04	5.674874e+04	3.002180e+02	1.976538e+01	2020	4	4	0
	1549	1583	108.574766	-21.335676	9.940953e+04	2.005629e+01	1.078855e+05	1.071966e+05	5.752674e+04	5.661650e+04	3.002295e+02	1.650385e+01	2020	4	4	6
	1553	1600	108.855140	-22.530755	9.943355e+04	1.942098e+01	1.079868e+05	1.072084e+05	5.762425e+04	5.669393e+04	3.000835e+02	1.710632e+01	2020	4	4	12
	1563	1606	109.556075	-22.952548	9.940964e+04	1.932230e+01	1.079539e+05	1.071524e+05	5.759096e+04	5.670960e+04	3.002227e+02	1.554433e+01	2020	4	4	18
	1567	1611	109.836449	-23.304042	9.960103e+04	1.916315e+01	1.080377e+05	1.070586e+05	5.765761e+04	5.685079e+04	3.002940e+02	1.412243e+01	2020	4	5	0
	1577	1621	110.537383	-24.007029	9.957271e+04	1.892239e+01	1.079890e+05	1.068415e+05	5.755307e+04	5.677086e+04	3.004762e+02	1.463850e+01	2020	4	5	6
	1590	1616	111.448598	-23.655536	9.971889e+04	1.899598e+01	1.081094e+05	1.070290e+05	5.770670e+04	5.701446e+04	3.015066e+02	1.364731e+01	2020	4	5	12
	1597	1625	111.939252	-24.288224	9.973718e+04	1.737960e+01	1.079889e+05	1.067157e+05	5.763300e+04	5.698754e+04	3.014807e+02	1.264891e+01	2020	4	5	18
	1608	1627	112.710280	-24.428822	9.991250e+04	1.714973e+01	1.080121e+05	1.065519e+05	5.770020e+04	5.706775e+04	3.014580e+02	1.149413e+01	2020	4	6	0
	1623	1638	113.761682	-25.202108	9.984302e+04	1.650333e+01	1.079389e+05	1.061534e+05	5.764064e+04	5.694030e+04	3.013518e+02	1.663707e+01	2020	4	6	6
	1634	1647	114.532710	-25.834797	9.974404e+04	1.895245e+01	1.080734e+05	1.060643e+05	5.771405e+04	5.666482e+04	3.009519e+02	1.760697e+01	2020	4	6	12
	1648	1657	115.514019	-26.537785	9.955956e+04	1.676329e+01	1.078736e+05	1.057278e+05	5.758904e+04	5.657011e+04	2.983787e+02	1.585374e+01	2020	4	6	18
	1666	1662	116.775701	-26.889279	9.984320e+04	1.868584e+01	1.078386e+05	1.057184e+05	5.765320e+04	5.644930e+04	-9.000000e+33	1.207427e+01	2020	4	7	0
	1687	1667	118.247664	-27.240773	9.975577e+04	1.980408e+01	1.076994e+05	1.054514e+05	5.749839e+04	5.631547e+04	-9.000000e+33	9.616829e+00	2020	4	7	6
start	15	2020	4	15	12
	2626	1525	184.065421	-17.258348	1.002957e+05	1.350601e+01	1.080951e+05	1.077374e+05	5.760882e+04	5.718997e+04	3.030842e+02	3.142108e+01	2020	4	15	12
	2631	1539	184.415888	-18.242530	1.001715e+05	1.473489e+01	1.080796e+05	1.076008e+05	5.762028e+04	5.704015e+04	3.028828e+02	3.332334e+01	2020	4	15	18
	2632	1546	184.485981	-18.734622	1.000853e+05	1.636517e+01	1.081061e+05	1.076598e+05	5.758238e+04	5.700429e+04	3.028527e+02	3.323810e+01	2020	4	16	0
	2631	1565	184.415888	-20.070298	1.000164e+05	1.702546e+01	1.081523e+05	1.074940e+05	5.763132e+04	5.695284e+04	3.024162e+02	3.311234e+01	2020	4	16	6
	2639	1589	184.976636	-21.757469	9.995427e+04	1.986758e+01	1.082151e+05	1.073064e+05	5.771817e+04	5.699216e+04	3.019535e+02	3.476053e+01	2020	4	16	12
	2653	1615	185.957944	-23.585237	9.989863e+04	2.267965e+01	1.082144e+05	1.069527e+05	5.779850e+04	5.704378e+04	3.013088e+02	2.828912e+01	2020	4	16	18
	2671	1631	187.219626	-24.710017	9.961255e+04	2.224537e+01	1.082941e+05	1.068387e+05	5.782491e+04	5.698695e+04	3.008882e+02	2.602159e+01	2020	4	17	0
	2701	1661	189.322430	-26.818980	9.950655e+04	2.247075e+01	1.082839e+05	1.063895e+05	5.791887e+04	5.688093e+04	2.999246e+02	2.889382e+01	2020	4	17	6
	2734	1674	191.635514	-27.732864	9.912836e+04	2.581216e+01	1.083409e+05	1.062848e+05	5.794227e+04	5.654550e+04	2.996180e+02	2.503522e+01	2020	4	17	12
	2775	1688	194.509346	-28.717047	9.914828e+04	2.407638e+01	1.082554e+05	1.058630e+05	5.793485e+04	5.657750e+04	2.987504e+02	1.544641e+01	2020	4	17	18
	2813	1694	197.172897	-29.138839	9.952831e+04	2.314063e+01	1.081322e+05	1.055095e+05	5.789736e+04	5.643191e+04	2.985279e+02	1.344616e+01	2020	4	18	0
	2853	1697	199.976636	-29.349736	9.985520e+04	2.464403e+01	1.081231e+05	1.052159e+05	5.785372e+04	5.623888e+04	2.985484e+02	1.385978e+01	2020	4	18	6
	2892	1692	202.710280	-28.998242	9.991106e+04	2.415327e+01	1.079005e+05	1.048461e+05	5.772036e+04	5.606715e+04	2.982733e+02	1.386153e+01	2020	4	18	12
	2946	1698	206.495327	-29.420035	9.974746e+04	2.572693e+01	1.076833e+05	1.042185e+05	5.765997e+04	5.581625e+04	2.980951e+02	1.299960e+01	2020	4	18	18
	3004	1699	210.560748	-29.490333	9.997012e+04	1.881092e+01	1.073836e+05	1.037825e+05	5.740033e+04	5.559038e+04	2.977378e+02	9.209950e+00	2020	4	19	0
start	46	2020	4	16	18
	872	1410	61.121495	-9.173989	1.006579e+05	9.106969e+00	1.080182e+05	1.077374e+05	5.769214e+04	5.742078e+04	3.036862e+02	2.200333e+01	2020	4	16	18
	879	1415	61.612150	-9.525483	1.003488e+05	9.334278e+00	1.077600e+05	1.075366e+05	5.748533e+04	5.716493e+04	3.036922e+02	1.988330e+01	2020	4	17	0
	868	1423	60.841121	-10.087873	1.005632e+05	1.045415e+01	1.079451e+05	1.077652e+05	5.770580e+04	5.734048e+04	3.034930e+02	2.256764e+01	2020	4	17	6
	866	1427	60.700935	-10.369068	1.002552e+05	1.085188e+01	1.078208e+05	1.075799e+05	5.745490e+04	5.705582e+04	3.034100e+02	2.452504e+01	2020	4	17	12
	864	1441	60.560748	-11.353251	1.005041e+05	1.065796e+01	1.080061e+05	1.077520e+05	5.765852e+04	5.721452e+04	3.033271e+02	3.248386e+01	2020	4	17	18
	860	1445	60.280374	-11.634446	1.001782e+05	1.303858e+01	1.077085e+05	1.075389e+05	5.744157e+04	5.696852e+04	3.032416e+02	2.337061e+01	2020	4	18	0
	861	1451	60.350467	-12.056239	1.003447e+05	1.473987e+01	1.079717e+05	1.078104e+05	5.773156e+04	5.723806e+04	3.030784e+02	1.980726e+01	2020	4	18	6
	856	1457	60.000000	-12.478031	1.000275e+05	1.602494e+01	1.078421e+05	1.076763e+05	5.753437e+04	5.701459e+04	3.030674e+02	2.254420e+01	2020	4	18	12
	853	1466	59.789720	-13.110720	1.001989e+05	1.608028e+01	1.080534e+05	1.078670e+05	5.776177e+04	5.718296e+04	3.030309e+02	3.124710e+01	2020	4	18	18
	853	1466	59.789720	-13.110720	9.982939e+04	1.783338e+01	1.079089e+05	1.076205e+05	5.761484e+04	5.691487e+04	3.029525e+02	3.081478e+01	2020	4	19	0
	850	1471	59.579439	-13.462214	9.999428e+04	1.974412e+01	1.081275e+05	1.078256e+05	5.783071e+04	5.703446e+04	3.029337e+02	2.439070e+01	2020	4	19	6
	849	1471	59.509346	-13.462214	9.957959e+04	2.122309e+01	1.080061e+05	1.076187e+05	5.766261e+04	5.673327e+04	3.029292e+02	2.906198e+01	2020	4	19	12
	844	1475	59.158879	-13.743409	9.949011e+04	2.468669e+01	1.081331e+05	1.075973e+05	5.778988e+04	5.664956e+04	3.029215e+02	4.082850e+01	2020	4	19	18
	845	1470	59.228972	-13.391915	9.872171e+04	2.865355e+01	1.078375e+05	1.070866e+05	5.758379e+04	5.611664e+04	3.028877e+02	3.818736e+01	2020	4	20	0
	833	1473	58.387850	-13.602812	9.851840e+04	3.318132e+01	1.080123e+05	1.071542e+05	5.777675e+04	5.598233e+04	3.028880e+02	3.508165e+01	2020	4	20	6
	830	1467	58.177570	-13.181019	9.781074e+04	3.697549e+01	1.078328e+05	1.065881e+05	5.752521e+04	5.530948e+04	3.029344e+02	3.684081e+01	2020	4	20	12
	822	1463	57.616822	-12.899824	9.732470e+04	3.750925e+01	1.078836e+05	1.065057e+05	5.763640e+04	5.499579e+04	3.030170e+02	3.593552e+01	2020	4	20	18
	825	1459	57.827103	-12.618629	9.619281e+04	4.042738e+01	1.076603e+05	1.060728e+05	5.736555e+04	5.422193e+04	3.029297e+02	3.856310e+01	2020	4	21	0
	827	1458	57.967290	-12.548330	9.575430e+04	4.588168e+01	1.078523e+05	1.060346e+05	5.757664e+04	5.410315e+04	3.027853e+02	4.012046e+01	2020	4	21	6
	827	1460	57.967290	-12.688928	9.509957e+04	4.399826e+01	1.076586e+05	1.056915e+05	5.736518e+04	5.366429e+04	3.026025e+02	4.219333e+01	2020	4	21	12
	830	1463	58.177570	-12.899824	9.545016e+04	3.894661e+01	1.078741e+05	1.059804e+05	5.754990e+04	5.396625e+04	3.021700e+02	4.855217e+01	2020	4	21	18
	831	1469	58.247664	-13.321617	9.595934e+04	3.395941e+01	1.076889e+05	1.059324e+05	5.733884e+04	5.407951e+04	3.019245e+02	4.478606e+01	2020	4	22	0
	830	1475	58.177570	-13.743409	9.684252e+04	3.055626e+01	1.079388e+05	1.063931e+05	5.761592e+04	5.469839e+04	3.019219e+02	4.232718e+01	2020	4	22	6
	828	1481	58.037383	-14.165202	9.692490e+04	3.097590e+01	1.078204e+05	1.063379e+05	5.741698e+04	5.475014e+04	3.019993e+02	4.028876e+01	2020	4	22	12
	826	1489	57.897196	-14.727592	9.743386e+04	3.173042e+01	1.080577e+05	1.066850e+05	5.765987e+04	5.516942e+04	3.019486e+02	4.334821e+01	2020	4	22	18
	821	1497	57.546729	-15.289982	9.750038e+04	3.045033e+01	1.078678e+05	1.067485e+05	5.750627e+04	5.526602e+04	3.018521e+02	3.755762e+01	2020	4	23	0
	813	1504	56.985981	-15.782074	9.788147e+04	2.876961e+01	1.081150e+05	1.071025e+05	5.774886e+04	5.563577e+04	3.017580e+02	3.238335e+01	2020	4	23	6
	807	1509	56.565421	-16.133567	9.755218e+04	3.102926e+01	1.079599e+05	1.069133e+05	5.756950e+04	5.544030e+04	3.017047e+02	3.743079e+01	2020	4	23	12
	805	1513	56.425234	-16.414762	9.749723e+04	3.593794e+01	1.081732e+05	1.069117e+05	5.777270e+04	5.539766e+04	3.016296e+02	4.107877e+01	2020	4	23	18
	798	1517	55.934579	-16.695957	9.698385e+04	3.373114e+01	1.079731e+05	1.065932e+05	5.758810e+04	5.501802e+04	3.016042e+02	3.558871e+01	2020	4	24	0
	792	1520	55.514019	-16.906854	9.719656e+04	3.498814e+01	1.082632e+05	1.069273e+05	5.784629e+04	5.521307e+04	3.015589e+02	3.004266e+01	2020	4	24	6
	786	1521	55.093458	-16.977153	9.661002e+04	4.130371e+01	1.081290e+05	1.067657e+05	5.765309e+04	5.478809e+04	3.015210e+02	3.122342e+01	2020	4	24	12
	781	1526	54.742991	-17.328646	9.673860e+04	3.955312e+01	1.082143e+05	1.068176e+05	5.781298e+04	5.493757e+04	3.015357e+02	3.716246e+01	2020	4	24	18
	781	1530	54.742991	-17.609841	9.645033e+04	4.125146e+01	1.079992e+05	1.065775e+05	5.759635e+04	5.471452e+04	3.016028e+02	3.405087e+01	2020	4	25	0
	779	1534	54.602804	-17.891037	9.658521e+04	4.088019e+01	1.082763e+05	1.067611e+05	5.782938e+04	5.485868e+04	3.016643e+02	3.148434e+01	2020	4	25	6
	780	1544	54.672897	-18.594024	9.658528e+04	4.013778e+01	1.081089e+05	1.066180e+05	5.766053e+04	5.491596e+04	3.017183e+02	3.362790e+01	2020	4	25	12
	784	1552	54.953271	-19.156414	9.641221e+04	4.371164e+01	1.082177e+05	1.068068e+05	5.789873e+04	5.491787e+04	3.016848e+02	3.643504e+01	2020	4	25	18
	785	1561	55.023364	-19.789103	9.623636e+04	3.979747e+01	1.080286e+05	1.068245e+05	5.769580e+04	5.497056e+04	3.016441e+02	3.399712e+01	2020	4	26	0
	787	1568	55.163551	-20.281195	9.686966e+04	4.440266e+01	1.083107e+05	1.073322e+05	5.790878e+04	5.548579e+04	3.015860e+02	3.323484e+01	2020	4	26	6
	787	1572	55.163551	-20.562390	9.847763e+04	3.052279e+01	1.081590e+05	1.071971e+05	5.774120e+04	5.657144e+04	3.015565e+02	4.080545e+01	2020	4	26	12
	775	1576	54.322430	-20.843585	9.964113e+04	2.630408e+01	1.083097e+05	1.074346e+05	5.793077e+04	5.721481e+04	3.016042e+02	4.550986e+01	2020	4	26	18
	785	1561	55.023364	-19.789103	9.961645e+04	2.605334e+01	1.081506e+05	1.073409e+05	5.773646e+04	5.685204e+04	3.015203e+02	3.127191e+01	2020	4	27	0
	783	1575	54.883178	-20.773286	9.986550e+04	2.276948e+01	1.084228e+05	1.075585e+05	5.790323e+04	5.700341e+04	3.014774e+02	2.619120e+01	2020	4	27	6
	786	1579	55.093458	-21.054481	9.959200e+04	2.087103e+01	1.082282e+05	1.073463e+05	5.775893e+04	5.693880e+04	3.016188e+02	2.260768e+01	2020	4	27	12
	777	1584	54.462617	-21.405975	9.971127e+04	2.175617e+01	1.083623e+05	1.074211e+05	5.791127e+04	5.703679e+04	3.014583e+02	1.431501e+01	2020	4	27	18
	783	1598	54.883178	-22.390158	9.975189e+04	1.901496e+01	1.081096e+05	1.070675e+05	5.770705e+04	5.702566e+04	3.013195e+02	1.357481e+01	2020	4	28	0
start	29	2020	5	6	18
	1924	1139	134.859813	9.876977	1.003831e+05	1.300405e+01	1.084377e+05	1.080701e+05	5.781893e+04	5.736233e+04	3.027960e+02	2.056490e+01	2020	5	6	18
	1908	1139	133.738318	9.876977	1.005410e+05	1.251400e+01	1.086028e+05	1.082181e+05	5.796492e+04	5.760555e+04	3.027148e+02	2.119580e+01	2020	5	7	0
	1899	1141	133.107477	9.736379	1.001853e+05	1.186577e+01	1.084198e+05	1.081461e+05	5.771737e+04	5.730595e+04	3.032256e+02	1.754412e+01	2020	5	7	6
	1893	1140	132.686916	9.806678	1.004217e+05	1.305536e+01	1.085369e+05	1.082814e+05	5.789964e+04	5.756295e+04	3.027635e+02	1.712134e+01	2020	5	7	12
	1882	1140	131.915888	9.806678	1.001555e+05	1.292641e+01	1.083451e+05	1.080139e+05	5.768700e+04	5.734121e+04	3.027432e+02	2.387639e+01	2020	5	7	18
	1876	1133	131.495327	10.298770	1.003366e+05	1.304992e+01	1.085317e+05	1.082770e+05	5.788297e+04	5.749616e+04	3.026815e+02	2.450609e+01	2020	5	8	0
	1862	1131	130.514019	10.439367	9.999010e+04	1.336818e+01	1.083427e+05	1.080980e+05	5.764094e+04	5.723409e+04	3.028852e+02	2.293160e+01	2020	5	8	6
	1850	1124	129.672897	10.931458	1.001974e+05	1.449178e+01	1.085259e+05	1.082930e+05	5.788688e+04	5.739554e+04	3.026521e+02	2.223984e+01	2020	5	8	12
	1849	1120	129.602804	11.212654	9.993041e+04	1.470112e+01	1.083922e+05	1.080941e+05	5.770756e+04	5.728941e+04	3.025334e+02	2.261140e+01	2020	5	8	18
	1834	1115	128.551402	11.564147	1.001206e+05	1.449677e+01	1.084752e+05	1.082646e+05	5.791973e+04	5.736597e+04	3.023792e+02	2.261624e+01	2020	5	9	0
	1826	1111	127.990654	11.845342	9.971099e+04	2.000179e+01	1.084277e+05	1.080118e+05	5.775187e+04	5.705486e+04	3.023300e+02	2.261045e+01	2020	5	9	6
	1829	1102	128.200935	12.478031	9.984908e+04	1.758689e+01	1.085637e+05	1.081557e+05	5.795069e+04	5.726855e+04	3.022327e+02	1.764107e+01	2020	5	9	12
	1818	1092	127.429907	13.181019	9.970381e+04	1.627792e+01	1.083585e+05	1.080682e+05	5.772300e+04	5.715335e+04	3.019604e+02	1.885406e+01	2020	5	9	18
	1807	1083	126.658879	13.813708	9.958272e+04	1.812486e+01	1.084945e+05	1.080363e+05	5.788168e+04	5.702036e+04	3.020389e+02	1.618291e+01	2020	5	10	0
	1803	1073	126.378505	14.516696	9.939872e+04	1.828662e+01	1.083406e+05	1.080551e+05	5.778195e+04	5.705702e+04	3.022670e+02	1.310025e+01	2020	5	10	6
	1794	1060	125.747664	15.430580	9.946238e+04	2.052540e+01	1.084818e+05	1.079475e+05	5.791383e+04	5.697989e+04	3.025581e+02	1.083856e+01	2020	5	10	12
	1787	1050	125.257009	16.133567	9.910421e+04	2.046589e+01	1.082921e+05	1.080547e+05	5.778988e+04	5.707641e+04	3.019913e+02	1.480391e+01	2020	5	10	18
	1779	1037	124.696262	17.047451	9.896727e+04	2.232452e+01	1.084321e+05	1.078376e+05	5.789808e+04	5.657771e+04	3.023177e+02	1.272896e+01	2020	5	11	0
	1777	1019	124.556075	18.312829	9.859159e+04	2.290984e+01	1.082941e+05	1.079452e+05	5.781484e+04	5.656614e+04	3.024325e+02	6.929404e+00	2020	5	11	6
	1777	1004	124.556075	19.367311	9.849611e+04	2.601082e+01	1.085254e+05	1.080457e+05	5.795414e+04	5.653109e+04	3.021390e+02	1.124440e+01	2020	5	11	12
	1783	987	124.976636	20.562390	9.843752e+04	2.645043e+01	1.084022e+05	1.078608e+05	5.778973e+04	5.664927e+04	3.017390e+02	2.132449e+01	2020	5	11	18
	1794	972	125.747664	21.616871	9.844576e+04	2.864400e+01	1.084764e+05	1.077485e+05	5.798492e+04	5.674068e+04	3.016535e+02	1.830088e+01	2020	5	12	0
	1807	957	126.658879	22.671353	9.818927e+04	3.355398e+01	1.083945e+05	1.075336e+05	5.792490e+04	5.643297e+04	3.010488e+02	1.220218e+01	2020	5	12	6
	1819	948	127.500000	23.304042	9.877694e+04	2.595604e+01	1.085846e+05	1.074656e+05	5.813539e+04	5.710196e+04	3.009152e+02	9.905840e+00	2020	5	12	12
	1828	938	128.130841	24.007029	9.887283e+04	2.471102e+01	1.084767e+05	1.072120e+05	5.799229e+04	5.701722e+04	3.001916e+02	1.164854e+01	2020	5	12	18
	1839	929	128.901869	24.639718	9.985415e+04	2.054276e+01	1.085915e+05	1.071225e+05	5.818788e+04	5.744343e+04	2.998341e+02	1.604493e+01	2020	5	13	0
	1851	923	129.742991	25.061511	9.977704e+04	2.440546e+01	1.084950e+05	1.072018e+05	5.810991e+04	5.722472e+04	2.998696e+02	1.290599e+01	2020	5	13	6
	1865	922	130.724299	25.131810	1.001328e+05	2.088695e+01	1.086738e+05	1.073696e+05	5.823688e+04	5.729638e+04	2.998493e+02	4.672265e+00	2020	5	13	12
	1875	911	131.425234	25.905096	1.002446e+05	1.727702e+01	1.084596e+05	1.069721e+05	5.804514e+04	5.715920e+04	2.987665e+02	3.432342e+00	2020	5	13	18
start	22	2020	5	24	6
	3020	1768	211.682243	-34.340948	9.919551e+04	2.250171e+01	1.039135e+05	1.017459e+05	5.558590e+04	5.451448e+04	2.931206e+02	1.277662e+01	2020	5	24	6
	3019	1780	211.612150	-35.184534	9.883209e+04	2.472018e+01	1.030579e+05	1.013833e+05	5.514007e+04	5.407919e+04	2.925293e+02	1.239045e+01	2020	5	24	12
	3014	1781	211.261682	-35.254832	9.867541e+04	2.254354e+01	1.025210e+05	1.012724e+05	5.511449e+04	5.390360e+04	2.925087e+02	1.021458e+01	2020	5	24	18
	3014	1778	211.261682	-35.043936	9.848852e+04	2.260381e+01	1.021277e+05	1.011188e+05	5.495679e+04	5.372733e+04	2.926401e+02	7.571132e+00	2020	5	25	0
	3013	1766	211.191589	-34.200351	9.867887e+04	2.453930e+01	1.026322e+05	1.010016e+05	5.527692e+04	5.384508e+04	2.930896e+02	4.153575e+00	2020	5	25	6
	3025	1746	212.032710	-32.794375	9.883933e+04	1.987221e+01	1.030104e+05	1.008736e+05	5.544143e+04	5.396720e+04	2.938585e+02	4.123352e+00	2020	5	25	12
	3054	1726	214.065421	-31.388400	9.908975e+04	2.013326e+01	1.035097e+05	1.008728e+05	5.566017e+04	5.396923e+04	2.949868e+02	4.530785e+00	2020	5	25	18
	3093	1715	216.799065	-30.615114	9.899705e+04	2.001484e+01	1.038674e+05	1.007481e+05	5.557112e+04	5.379546e+04	2.956425e+02	4.939583e+00	2020	5	26	0
	3135	1715	219.742991	-30.615114	9.917584e+04	1.969731e+01	1.042893e+05	1.008373e+05	5.570658e+04	5.382589e+04	2.953107e+02	6.120511e+00	2020	5	26	6
	3174	1725	222.476636	-31.318101	9.910798e+04	1.986260e+01	1.044270e+05	1.009148e+05	5.558329e+04	5.376916e+04	2.945096e+02	6.631637e+00	2020	5	26	12
	3208	1741	224.859813	-32.442882	9.917711e+04	1.966838e+01	1.045034e+05	1.010952e+05	5.568760e+04	5.389261e+04	2.940521e+02	7.500862e+00	2020	5	26	18
	3234	1763	226.682243	-33.989454	9.880232e+04	2.504925e+01	1.041118e+05	1.010192e+05	5.547738e+04	5.384769e+04	2.930139e+02	7.789518e+00	2020	5	27	0
	3253	1786	228.014019	-35.606326	9.895521e+04	2.221677e+01	1.036886e+05	1.010245e+05	5.553904e+04	5.393676e+04	2.920030e+02	6.829556e+00	2020	5	27	6
	3263	1812	228.714953	-37.434094	9.891850e+04	2.222436e+01	1.033337e+05	1.008359e+05	5.537936e+04	5.388425e+04	2.911792e+02	6.702236e+00	2020	5	27	12
	3266	1838	228.925234	-39.261862	9.914956e+04	2.409469e+01	1.031369e+05	1.006575e+05	5.546785e+04	5.387855e+04	2.897822e+02	6.905132e+00	2020	5	27	18
	3259	1871	228.434579	-41.581721	9.903592e+04	2.577617e+01	1.022905e+05	1.002787e+05	5.527463e+04	5.365274e+04	2.884014e+02	6.195905e+00	2020	5	28	0
	3241	1907	227.172897	-44.112477	9.921310e+04	2.493919e+01	1.018721e+05	9.999709e+04	5.522547e+04	5.350760e+04	2.869292e+02	5.156241e+00	2020	5	28	6
	3215	1943	225.350467	-46.643233	9.944134e+04	2.133971e+01	1.015149e+05	9.980063e+04	5.504882e+04	5.336959e+04	2.853968e+02	3.189040e+00	2020	5	28	12
	3184	1968	223.177570	-48.400702	9.956290e+04	1.917756e+01	1.012204e+05	9.970741e+04	5.486021e+04	5.337370e+04	2.839800e+02	2.766937e+00	2020	5	28	18
	3153	1985	221.004673	-49.595781	9.948509e+04	1.713381e+01	1.007827e+05	9.952844e+04	5.448035e+04	5.326188e+04	2.837458e+02	4.643516e+00	2020	5	29	0
	3123	1994	218.901869	-50.228470	9.949002e+04	1.590724e+01	1.003994e+05	9.936206e+04	5.417650e+04	5.319763e+04	2.839099e+02	5.209761e+00	2020	5	29	6
	3095	1996	216.939252	-50.369067	9.955837e+04	1.471508e+01	1.001200e+05	9.909143e+04	5.399899e+04	5.300255e+04	2.839032e+02	3.964775e+00	2020	5	29	12
start	39	2020	5	25	12
	2159	1185	151.331776	6.643234	1.006223e+05	1.219107e+01	1.082195e+05	1.079735e+05	5.778289e+04	5.734124e+04	3.036770e+02	1.987127e+01	2020	5	25	12
	2146	1184	150.420561	6.713532	1.002682e+05	1.288593e+01	1.079104e+05	1.076787e+05	5.750480e+04	5.707685e+04	3.036586e+02	2.782320e+01	2020	5	25	18
	2133	1183	149.509346	6.783831	1.004085e+05	1.386041e+01	1.081650e+05	1.078582e+05	5.766280e+04	5.721946e+04	3.037399e+02	2.607527e+01	2020	5	26	0
	2124	1179	148.878505	7.065026	1.001424e+05	1.484698e+01	1.080030e+05	1.077032e+05	5.755979e+04	5.710838e+04	3.038642e+02	1.537856e+01	2020	5	26	6
	2111	1177	147.967290	7.205624	1.003503e+05	1.571108e+01	1.081698e+05	1.079397e+05	5.776652e+04	5.729371e+04	3.037095e+02	1.545742e+01	2020	5	26	12
	2102	1178	147.336449	7.135325	1.000863e+05	1.548728e+01	1.079000e+05	1.076825e+05	5.751569e+04	5.712366e+04	3.036389e+02	2.281272e+01	2020	5	26	18
	2082	1173	145.934579	7.486819	1.002062e+05	1.752155e+01	1.081342e+05	1.078777e+05	5.768391e+04	5.722426e+04	3.034576e+02	1.939636e+01	2020	5	27	0
	2071	1165	145.163551	8.049209	9.993163e+04	1.791312e+01	1.080070e+05	1.077072e+05	5.761912e+04	5.700309e+04	3.032422e+02	1.702169e+01	2020	5	27	6
	2054	1163	143.971963	8.189807	1.000518e+05	1.831094e+01	1.081504e+05	1.078043e+05	5.778926e+04	5.716598e+04	3.033842e+02	2.109445e+01	2020	5	27	12
	2032	1156	142.429907	8.681898	9.957241e+04	1.995084e+01	1.079502e+05	1.075815e+05	5.756917e+04	5.685659e+04	3.032732e+02	1.922634e+01	2020	5	27	18
	2011	1151	140.957944	9.033392	9.957349e+04	2.206901e+01	1.081717e+05	1.078592e+05	5.776729e+04	5.710771e+04	3.032386e+02	2.051095e+01	2020	5	28	0
	1993	1141	139.696262	9.736379	9.924106e+04	2.214190e+01	1.080627e+05	1.076831e+05	5.767436e+04	5.682396e+04	3.031392e+02	2.050228e+01	2020	5	28	6
	1972	1133	138.224299	10.298770	9.913605e+04	2.505745e+01	1.082972e+05	1.078630e+05	5.786088e+04	5.679221e+04	3.030951e+02	1.561552e+01	2020	5	28	12
	1952	1125	136.822430	10.861160	9.911195e+04	2.208667e+01	1.080375e+05	1.076897e+05	5.765416e+04	5.673770e+04	3.030422e+02	2.001848e+01	2020	5	28	18
	1933	1115	135.490654	11.564147	9.910849e+04	2.415888e+01	1.082833e+05	1.077891e+05	5.784678e+04	5.674198e+04	3.029817e+02	2.031560e+01	2020	5	29	0
	1910	1105	133.878505	12.267135	9.889578e+04	2.283564e+01	1.081251e+05	1.076757e+05	5.777022e+04	5.658781e+04	3.028822e+02	1.515814e+01	2020	5	29	6
	1892	1099	132.616822	12.688928	9.867225e+04	2.471540e+01	1.083086e+05	1.074714e+05	5.795648e+04	5.636654e+04	3.026393e+02	1.881664e+01	2020	5	29	12
	1869	1088	131.004673	13.462214	9.809611e+04	3.062948e+01	1.081325e+05	1.070427e+05	5.782292e+04	5.595087e+04	3.026573e+02	1.798881e+01	2020	5	29	18
	1848	1080	129.532710	14.024604	9.815951e+04	2.875323e+01	1.082463e+05	1.069422e+05	5.799230e+04	5.565123e+04	3.028945e+02	1.303106e+01	2020	5	30	0
	1827	1071	128.060748	14.657293	9.754184e+04	3.333922e+01	1.082275e+05	1.065545e+05	5.787771e+04	5.516780e+04	3.033161e+02	1.127307e+01	2020	5	30	6
	1807	1063	126.658879	15.219683	9.754198e+04	3.418755e+01	1.083366e+05	1.068410e+05	5.802869e+04	5.509060e+04	3.035252e+02	1.932600e+01	2020	5	30	12
	1789	1054	125.397196	15.852372	9.724097e+04	3.272762e+01	1.082091e+05	1.068892e+05	5.785729e+04	5.506628e+04	3.044909e+02	1.885762e+01	2020	5	30	18
	1778	1045	124.626168	16.485061	9.641008e+04	4.354504e+01	1.082360e+05	1.065670e+05	5.795627e+04	5.492666e+04	3.035986e+02	1.738348e+01	2020	5	31	0
	1769	1037	123.995327	17.047451	9.595762e+04	4.464426e+01	1.081475e+05	1.062332e+05	5.787407e+04	5.431589e+04	3.038977e+02	1.856874e+01	2020	5	31	6
	1762	1029	123.504673	17.609841	9.561538e+04	4.897794e+01	1.083063e+05	1.061635e+05	5.791865e+04	5.419183e+04	3.037476e+02	1.852719e+01	2020	5	31	12
	1758	1019	123.224299	18.312829	9.477752e+04	4.950017e+01	1.082377e+05	1.058016e+05	5.776232e+04	5.369485e+04	3.034609e+02	1.932290e+01	2020	5	31	18
	1753	1011	122.873832	18.875219	9.511894e+04	5.321794e+01	1.083172e+05	1.049028e+05	5.788646e+04	5.329979e+04	3.036963e+02	2.089626e+01	2020	6	1	0
	1751	1005	122.733645	19.297012	9.566837e+04	4.943626e+01	1.082612e+05	1.063043e+05	5.775066e+04	5.427901e+04	3.036424e+02	1.911521e+01	2020	6	1	6
	1752	998	122.803738	19.789103	9.594202e+04	4.656711e+01	1.082782e+05	1.062554e+05	5.781867e+04	5.423935e+04	3.029041e+02	1.511249e+01	2020	6	1	12
	1752	988	122.803738	20.492091	9.613688e+04	4.267128e+01	1.082019e+05	1.068183e+05	5.761986e+04	5.470906e+04	3.025577e+02	1.735506e+01	2020	6	1	18
	1755	979	123.014019	21.124780	9.643126e+04	3.763359e+01	1.082522e+05	1.072360e+05	5.773509e+04	5.520584e+04	3.025944e+02	2.285087e+01	2020	6	2	0
	1764	969	123.644860	21.827768	9.689934e+04	4.168704e+01	1.082094e+05	1.070647e+05	5.759735e+04	5.544953e+04	3.025845e+02	2.454865e+01	2020	6	2	6
	1776	956	124.485981	22.741652	9.757903e+04	3.269379e+01	1.082976e+05	1.076669e+05	5.771729e+04	5.615894e+04	3.023033e+02	2.281009e+01	2020	6	2	12
	1789	941	125.397196	23.796133	9.771709e+04	3.112004e+01	1.081470e+05	1.071008e+05	5.750744e+04	5.608198e+04	3.017279e+02	3.116978e+01	2020	6	2	18
	1808	926	126.728972	24.850615	9.714680e+04	3.882053e+01	1.082054e+05	1.067245e+05	5.758394e+04	5.570508e+04	3.007016e+02	4.208624e+01	2020	6	3	0
	1832	909	128.411215	26.045694	9.729658e+04	3.093473e+01	1.081499e+05	1.062185e+05	5.745614e+04	5.599558e+04	3.000745e+02	4.217945e+01	2020	6	3	6
	1861	896	130.443925	26.959578	9.775873e+04	3.103972e+01	1.081208e+05	1.055995e+05	5.756235e+04	5.605623e+04	2.991555e+02	3.838397e+01	2020	6	3	12
	1899	876	133.107477	28.365553	9.816190e+04	2.907233e+01	1.078159e+05	1.048545e+05	5.735815e+04	5.569254e+04	2.989121e+02	3.465678e+01	2020	6	3	18
	1944	855	136.261682	29.841827	9.925684e+04	2.489386e+01	1.078723e+05	1.044539e+05	5.755070e+04	5.548978e+04	2.969061e+02	2.418979e+01	2020	6	4	0
start	33	2020	5	30	6
	2131	1138	149.369159	9.947276	1.004954e+05	1.369323e+01	1.081608e+05	1.078630e+05	5.782060e+04	5.751636e+04	3.038817e+02	1.199682e+01	2020	5	30	6
	2112	1139	148.037383	9.876977	1.007267e+05	1.478967e+01	1.082998e+05	1.079991e+05	5.798656e+04	5.772596e+04	3.032017e+02	2.081190e+01	2020	5	30	12
	2097	1138	146.985981	9.947276	1.004800e+05	1.623444e+01	1.080727e+05	1.077621e+05	5.774393e+04	5.745238e+04	3.029381e+02	1.515313e+01	2020	5	30	18
	2075	1133	145.443925	10.298770	1.006485e+05	1.515594e+01	1.081796e+05	1.079608e+05	5.790352e+04	5.760721e+04	3.030602e+02	9.168826e+00	2020	5	31	0
	2043	1130	143.200935	10.509666	1.004280e+05	1.346047e+01	1.080492e+05	1.078408e+05	5.777212e+04	5.739168e+04	3.036888e+02	1.346091e+01	2020	5	31	6
	2020	1129	141.588785	10.579965	1.006178e+05	1.430971e+01	1.082172e+05	1.079571e+05	5.789993e+04	5.747012e+04	3.030096e+02	1.972181e+01	2020	5	31	12
	1997	1126	139.976636	10.790861	1.003854e+05	1.469525e+01	1.079860e+05	1.077714e+05	5.770975e+04	5.714329e+04	3.030000e+02	1.939406e+01	2020	5	31	18
	1977	1121	138.574766	11.142355	1.004804e+05	1.507132e+01	1.081389e+05	1.079352e+05	5.788705e+04	5.719573e+04	3.030291e+02	1.761299e+01	2020	6	1	0
	1959	1124	137.313084	10.931458	1.001938e+05	1.534710e+01	1.080681e+05	1.077371e+05	5.773602e+04	5.701100e+04	3.032064e+02	1.678651e+01	2020	6	1	6
	1938	1121	135.841121	11.142355	1.003213e+05	1.733442e+01	1.081671e+05	1.078926e+05	5.786402e+04	5.714820e+04	3.031013e+02	1.823178e+01	2020	6	1	12
	1922	1120	134.719626	11.212654	1.000337e+05	1.546173e+01	1.079369e+05	1.076980e+05	5.763845e+04	5.687160e+04	3.030767e+02	2.323416e+01	2020	6	1	18
	1906	1119	133.598131	11.282952	9.994610e+04	1.739502e+01	1.080899e+05	1.078260e+05	5.777131e+04	5.694831e+04	3.029634e+02	1.871566e+01	2020	6	2	0
	1894	1113	132.757009	11.704745	9.951445e+04	1.717399e+01	1.079741e+05	1.076783e+05	5.766155e+04	5.665748e+04	3.028403e+02	1.364328e+01	2020	6	2	6
	1887	1109	132.266355	11.985940	9.950065e+04	2.058313e+01	1.081827e+05	1.077508e+05	5.782751e+04	5.668901e+04	3.027248e+02	2.144113e+01	2020	6	2	12
	1880	1102	131.775701	12.478031	9.901045e+04	2.273442e+01	1.080208e+05	1.075481e+05	5.759160e+04	5.635796e+04	3.025230e+02	2.334813e+01	2020	6	2	18
	1878	1095	131.635514	12.970123	9.892003e+04	2.628547e+01	1.081666e+05	1.075732e+05	5.774566e+04	5.624299e+04	3.024437e+02	1.588080e+01	2020	6	3	0
	1876	1083	131.495327	13.813708	9.855786e+04	2.509795e+01	1.081220e+05	1.073138e+05	5.761562e+04	5.586870e+04	3.025577e+02	1.518023e+01	2020	6	3	6
	1875	1072	131.425234	14.586994	9.863145e+04	2.603775e+01	1.082569e+05	1.075720e+05	5.780225e+04	5.620222e+04	3.026088e+02	2.153759e+01	2020	6	3	12
	1877	1061	131.565421	15.360281	9.869607e+04	2.483176e+01	1.080950e+05	1.075225e+05	5.759589e+04	5.635426e+04	3.026963e+02	2.133794e+01	2020	6	3	18
	1883	1050	131.985981	16.133567	9.898100e+04	2.495922e+01	1.082580e+05	1.078451e+05	5.776275e+04	5.674066e+04	3.026878e+02	1.430325e+01	2020	6	4	0
	1888	1036	132.336449	17.117750	9.894742e+04	2.353144e+01	1.082258e+05	1.078335e+05	5.764222e+04	5.676912e+04	3.030810e+02	1.784617e+01	2020	6	4	6
	1898	1023	133.037383	18.031634	9.898473e+04	2.627455e+01	1.084398e+05	1.080236e+05	5.781773e+04	5.686083e+04	3.027019e+02	2.340845e+01	2020	6	4	12
	1903	1009	133.387850	19.015817	9.851574e+04	2.610684e+01	1.081721e+05	1.078379e+05	5.765959e+04	5.652032e+04	3.024685e+02	2.066455e+01	2020	6	4	18
	1909	992	133.808411	20.210896	9.901025e+04	2.369378e+01	1.083328e+05	1.078453e+05	5.782830e+04	5.707274e+04	3.024541e+02	2.733726e+01	2020	6	5	0
	1916	979	134.299065	21.124780	9.870956e+04	2.893170e+01	1.083096e+05	1.077996e+05	5.766211e+04	5.670525e+04	3.022086e+02	3.050414e+01	2020	6	5	6
	1921	964	134.649533	22.179261	9.861092e+04	3.012124e+01	1.084135e+05	1.077934e+05	5.784261e+04	5.654024e+04	3.017867e+02	2.874088e+01	2020	6	5	12
	1924	948	134.859813	23.304042	9.850224e+04	2.688037e+01	1.082662e+05	1.073680e+05	5.772003e+04	5.667170e+04	3.015126e+02	3.155814e+01	2020	6	5	18
	1932	930	135.420561	24.569420	9.857887e+04	2.803685e+01	1.084345e+05	1.073218e+05	5.783116e+04	5.654869e+04	3.010925e+02	3.538990e+01	2020	6	6	0
	1941	919	136.051402	25.342706	9.835981e+04	2.667724e+01	1.083938e+05	1.073100e+05	5.775984e+04	5.666686e+04	3.004835e+02	2.912914e+01	2020	6	6	6
	1950	907	136.682243	26.186291	9.888598e+04	2.461206e+01	1.085221e+05	1.071223e+05	5.787027e+04	5.702076e+04	3.004289e+02	3.228369e+01	2020	6	6	12
	1959	889	137.313084	27.451669	9.911470e+04	2.148231e+01	1.083198e+05	1.066559e+05	5.770452e+04	5.683615e+04	2.988980e+02	3.809698e+01	2020	6	6	18
	1975	870	138.434579	28.787346	9.957043e+04	2.245740e+01	1.084575e+05	1.063924e+05	5.786218e+04	5.676025e+04	2.971423e+02	3.424881e+01	2020	6	7	0
	1994	863	139.766355	29.279437	9.974794e+04	2.087070e+01	1.084611e+05	1.063667e+05	5.782554e+04	5.657730e+04	2.966060e+02	1.726630e+01	2020	6	7	6
start	22	2020	5	31	12
	3434	1145	240.700935	9.455184	1.004902e+05	1.255548e+01	1.079701e+05	1.078089e+05	5.757341e+04	5.723204e+04	3.030439e+02	2.549132e+01	2020	5	31	12
	3440	1141	241.121495	9.736379	1.006909e+05	1.203510e+01	1.082312e+05	1.080241e+05	5.779006e+04	5.747766e+04	3.031487e+02	2.679854e+01	2020	5	31	18
	3440	1136	241.121495	10.087873	1.004085e+05	1.261579e+01	1.080794e+05	1.078453e+05	5.760438e+04	5.724723e+04	3.031548e+02	2.747574e+01	2020	6	1	0
	3442	1128	241.261682	10.650263	1.006912e+05	1.476767e+01	1.083077e+05	1.080985e+05	5.783704e+04	5.751371e+04	3.031683e+02	2.436094e+01	2020	6	1	6
	3435	1128	240.771028	10.650263	1.003703e+05	1.504339e+01	1.080237e+05	1.078213e+05	5.760670e+04	5.721473e+04	3.030199e+02	1.819802e+01	2020	6	1	12
	3429	1121	240.350467	11.142355	1.005576e+05	1.689413e+01	1.082905e+05	1.080440e+05	5.781784e+04	5.733521e+04	3.029153e+02	1.614213e+01	2020	6	1	18
	3425	1120	240.070093	11.212654	1.001144e+05	2.016487e+01	1.081266e+05	1.077331e+05	5.763864e+04	5.703766e+04	3.028972e+02	1.147334e+01	2020	6	2	0
	3416	1116	239.439252	11.493849	1.003028e+05	2.215979e+01	1.082787e+05	1.080158e+05	5.789968e+04	5.726930e+04	3.027164e+02	9.740684e+00	2020	6	2	6
	3409	1112	238.948598	11.775044	9.988264e+04	2.131467e+01	1.080372e+05	1.077076e+05	5.765765e+04	5.696021e+04	3.023230e+02	7.755206e+00	2020	6	2	12
	3400	1116	238.317757	11.493849	1.000959e+05	2.236550e+01	1.083085e+05	1.079843e+05	5.786876e+04	5.721871e+04	3.019738e+02	7.771953e+00	2020	6	2	18
	3388	1116	237.476636	11.493849	9.974168e+04	2.229410e+01	1.081293e+05	1.077824e+05	5.773345e+04	5.709503e+04	3.021187e+02	7.947628e+00	2020	6	3	0
	3378	1113	236.775701	11.704745	1.001373e+05	2.429551e+01	1.083634e+05	1.080789e+05	5.800395e+04	5.738854e+04	3.019420e+02	7.454467e+00	2020	6	3	6
	3367	1112	236.004673	11.775044	9.959674e+04	2.223265e+01	1.080815e+05	1.077776e+05	5.777207e+04	5.715649e+04	3.018368e+02	4.859941e+00	2020	6	3	12
	3355	1112	235.163551	11.775044	1.001286e+05	1.993036e+01	1.083085e+05	1.080246e+05	5.799656e+04	5.764886e+04	3.018526e+02	4.668723e+00	2020	6	3	18
	3340	1110	234.112150	11.915641	9.992877e+04	2.448746e+01	1.082393e+05	1.078472e+05	5.787526e+04	5.727083e+04	3.019866e+02	8.393566e+00	2020	6	4	0
	3328	1108	233.271028	12.056239	1.001992e+05	2.156794e+01	1.084112e+05	1.080866e+05	5.812901e+04	5.780285e+04	3.015302e+02	4.468542e+00	2020	6	4	6
	3313	1109	232.219626	11.985940	1.002231e+05	1.812801e+01	1.081352e+05	1.077793e+05	5.790928e+04	5.763146e+04	3.014154e+02	5.485133e+00	2020	6	4	12
	3298	1110	231.168224	11.915641	1.006691e+05	1.772207e+01	1.083605e+05	1.080837e+05	5.815146e+04	5.781989e+04	3.015294e+02	3.671956e+00	2020	6	4	18
	3281	1114	229.976636	11.634446	1.003893e+05	1.904230e+01	1.081985e+05	1.078525e+05	5.795600e+04	5.751435e+04	3.022000e+02	3.901862e+00	2020	6	5	0
	3271	1115	229.275701	11.564147	1.007837e+05	1.603676e+01	1.083626e+05	1.081049e+05	5.813070e+04	5.793457e+04	3.014035e+02	2.871712e+00	2020	6	5	6
	3254	1114	228.084112	11.634446	1.006311e+05	1.683156e+01	1.080752e+05	1.078386e+05	5.791152e+04	5.770952e+04	3.011761e+02	3.992393e+00	2020	6	5	12
	3238	1118	226.962617	11.353251	1.009165e+05	1.520930e+01	1.082614e+05	1.080902e+05	5.808884e+04	5.789970e+04	3.016303e+02	2.773027e+00	2020	6	5	18
start	18	2020	6	2	18
	3915	1031	274.415888	17.469244	1.005953e+05	1.098481e+01	1.081605e+05	1.076752e+05	5.762321e+04	5.729587e+04	3.035571e+02	3.985183e+01	2020	6	2	18
	3908	1027	273.925234	17.750439	1.004220e+05	1.174816e+01	1.081701e+05	1.076871e+05	5.757898e+04	5.728703e+04	3.034980e+02	3.525957e+01	2020	6	3	0
	3897	1020	273.154206	18.242530	1.004928e+05	1.231238e+01	1.082389e+05	1.077327e+05	5.765090e+04	5.735403e+04	3.029934e+02	2.868568e+01	2020	6	3	6
	3917	1007	274.556075	19.156414	1.003191e+05	1.557473e+01	1.082244e+05	1.078351e+05	5.766912e+04	5.729889e+04	3.023308e+02	3.746589e+01	2020	6	3	12
	3907	1000	273.855140	19.648506	1.003448e+05	1.447856e+01	1.082716e+05	1.080624e+05	5.771532e+04	5.730433e+04	3.029414e+02	3.546833e+01	2020	6	3	18
	3905	1002	273.714953	19.507908	1.002154e+05	1.212284e+01	1.082429e+05	1.080061e+05	5.762154e+04	5.723380e+04	3.029382e+02	3.169710e+01	2020	6	4	0
	3908	1000	273.925234	19.648506	1.002580e+05	1.213197e+01	1.082341e+05	1.080031e+05	5.770416e+04	5.723675e+04	3.028806e+02	3.225075e+01	2020	6	4	6
	3917	990	274.556075	20.351493	1.001703e+05	1.336031e+01	1.081789e+05	1.078536e+05	5.760412e+04	5.717816e+04	3.029398e+02	3.186670e+01	2020	6	4	12
	3911	981	274.135514	20.984182	1.001957e+05	1.357476e+01	1.082171e+05	1.078038e+05	5.768596e+04	5.714084e+04	3.030115e+02	2.248766e+01	2020	6	4	18
	3908	996	273.925234	19.929701	1.000293e+05	1.150208e+01	1.081870e+05	1.077616e+05	5.757324e+04	5.707761e+04	3.026992e+02	2.074517e+01	2020	6	5	0
	3933	987	275.677570	20.562390	1.000223e+05	1.366123e+01	1.081014e+05	1.075193e+05	5.757949e+04	5.705322e+04	3.029431e+02	3.539639e+01	2020	6	5	6
	3941	976	276.238318	21.335676	9.977247e+04	1.441940e+01	1.080219e+05	1.071461e+05	5.745245e+04	5.693492e+04	3.028804e+02	3.066903e+01	2020	6	5	12
	3961	973	277.640187	21.546573	9.970570e+04	1.431505e+01	1.080398e+05	1.072469e+05	5.750362e+04	5.687331e+04	3.028577e+02	3.019275e+01	2020	6	5	18
	3963	983	277.780374	20.843585	9.959268e+04	1.406098e+01	1.080927e+05	1.072461e+05	5.747759e+04	5.678338e+04	3.028006e+02	2.054406e+01	2020	6	6	0
	3996	944	280.093458	23.585237	9.957232e+04	1.431638e+01	1.079245e+05	1.064876e+05	5.734008e+04	5.672300e+04	3.019257e+02	2.782155e+01	2020	6	6	6
	4022	950	281.915888	23.163444	9.950675e+04	1.659717e+01	1.079612e+05	1.065334e+05	5.746578e+04	5.668727e+04	3.019366e+02	2.300925e+01	2020	6	6	12
	4052	939	284.018692	23.936731	9.932954e+04	1.970709e+01	1.079731e+05	1.065813e+05	5.750939e+04	5.659531e+04	3.012722e+02	2.297777e+01	2020	6	6	18
	4074	922	285.560748	25.131810	9.934870e+04	1.928737e+01	1.079796e+05	1.061234e+05	5.745307e+04	5.647471e+04	3.008305e+02	1.748415e+01	2020	6	7	0
start	80	2020	7	6	12
	2068	1153	144.953271	8.892794	1.006277e+05	1.141434e+01	1.083614e+05	1.081606e+05	5.779748e+04	5.744901e+04	3.041957e+02	2.543830e+01	2020	7	6	12
	2068	1146	144.953271	9.384886	1.003782e+05	1.198223e+01	1.081396e+05	1.079139e+05	5.763434e+04	5.724923e+04	3.040820e+02	2.890190e+01	2020	7	6	18
	2051	1150	143.761682	9.103691	1.005765e+05	1.169049e+01	1.083675e+05	1.081549e+05	5.782314e+04	5.743811e+04	3.040481e+02	2.794155e+01	2020	7	7	0
	2062	1149	144.532710	9.173989	1.003119e+05	1.285221e+01	1.082512e+05	1.080152e+05	5.769047e+04	5.724479e+04	3.040324e+02	2.982018e+01	2020	7	7	6
	2060	1140	144.392523	9.806678	1.004596e+05	1.202998e+01	1.084735e+05	1.082817e+05	5.787091e+04	5.744864e+04	3.039635e+02	4.002416e+01	2020	7	7	12
	2050	1132	143.691589	10.369068	1.001619e+05	1.330028e+01	1.083260e+05	1.080178e+05	5.772062e+04	5.718066e+04	3.038950e+02	4.874015e+01	2020	7	7	18
	2043	1126	143.200935	10.790861	1.002677e+05	1.455200e+01	1.084309e+05	1.082248e+05	5.786352e+04	5.729872e+04	3.038157e+02	5.104919e+01	2020	7	8	0
	2039	1125	142.920561	10.861160	9.992392e+04	1.489559e+01	1.082676e+05	1.080287e+05	5.764602e+04	5.698611e+04	3.038167e+02	4.749216e+01	2020	7	8	6
	2037	1123	142.780374	11.001757	9.995932e+04	1.650049e+01	1.085208e+05	1.081521e+05	5.781509e+04	5.706080e+04	3.037329e+02	4.696162e+01	2020	7	8	12
	2035	1117	142.640187	11.423550	9.958650e+04	1.694798e+01	1.082986e+05	1.079067e+05	5.765880e+04	5.678498e+04	3.036896e+02	5.336247e+01	2020	7	8	18
	2032	1113	142.429907	11.704745	9.953516e+04	1.908949e+01	1.084372e+05	1.079523e+05	5.780399e+04	5.677767e+04	3.036029e+02	5.477056e+01	2020	7	9	0
	2021	1108	141.658879	12.056239	9.905068e+04	2.073582e+01	1.083276e+05	1.077242e+05	5.768187e+04	5.644147e+04	3.035253e+02	4.832554e+01	2020	7	9	6
	2014	1102	141.168224	12.478031	9.900262e+04	2.548413e+01	1.085551e+05	1.078176e+05	5.787861e+04	5.645434e+04	3.033225e+02	4.758907e+01	2020	7	9	12
	2003	1100	140.397196	12.618629	9.845341e+04	2.428968e+01	1.084208e+05	1.075023e+05	5.766041e+04	5.609697e+04	3.034605e+02	5.071239e+01	2020	7	9	18
	1997	1093	139.976636	13.110720	9.830772e+04	2.576506e+01	1.085815e+05	1.076727e+05	5.780591e+04	5.609343e+04	3.034326e+02	4.606142e+01	2020	7	10	0
	1985	1090	139.135514	13.321617	9.791962e+04	2.915855e+01	1.084727e+05	1.074087e+05	5.769009e+04	5.571201e+04	3.034873e+02	3.931947e+01	2020	7	10	6
	1973	1087	138.294393	13.532513	9.788658e+04	2.960386e+01	1.086596e+05	1.074336e+05	5.785443e+04	5.569021e+04	3.035647e+02	3.901931e+01	2020	7	10	12
	1963	1084	137.593458	13.743409	9.735880e+04	3.119381e+01	1.084339e+05	1.070174e+05	5.765030e+04	5.525684e+04	3.035388e+02	4.312017e+01	2020	7	10	18
	1952	1081	136.822430	13.954306	9.720048e+04	3.463123e+01	1.085179e+05	1.071036e+05	5.777584e+04	5.523782e+04	3.035029e+02	4.777237e+01	2020	7	11	0
	1944	1079	136.261682	14.094903	9.645035e+04	3.517680e+01	1.083587e+05	1.067223e+05	5.762248e+04	5.473627e+04	3.034509e+02	4.541061e+01	2020	7	11	6
	1938	1080	135.841121	14.024604	9.600643e+04	4.066152e+01	1.085480e+05	1.066309e+05	5.776688e+04	5.448712e+04	3.033375e+02	4.862456e+01	2020	7	11	12
	1928	1076	135.140187	14.305799	9.531302e+04	4.424175e+01	1.083989e+05	1.062979e+05	5.752898e+04	5.403470e+04	3.033389e+02	5.476245e+01	2020	7	11	18
	1924	1076	134.859813	14.305799	9.515979e+04	4.615943e+01	1.084738e+05	1.064094e+05	5.764500e+04	5.397954e+04	3.032101e+02	5.564617e+01	2020	7	12	0
	1914	1069	134.158879	14.797891	9.456303e+04	5.065018e+01	1.083392e+05	1.061568e+05	5.753711e+04	5.355404e+04	3.031871e+02	4.473237e+01	2020	7	12	6
	1909	1065	133.808411	15.079086	9.422559e+04	5.791803e+01	1.085473e+05	1.061278e+05	5.772210e+04	5.334620e+04	3.031500e+02	5.116730e+01	2020	7	12	12
	1903	1062	133.387850	15.289982	9.443060e+04	5.237901e+01	1.084499e+05	1.060742e+05	5.752529e+04	5.347319e+04	3.032141e+02	6.030886e+01	2020	7	12	18
	1897	1057	132.967290	15.641476	9.473780e+04	4.984855e+01	1.085862e+05	1.062181e+05	5.763879e+04	5.368206e+04	3.032596e+02	5.434167e+01	2020	7	13	0
	1888	1052	132.336449	15.992970	9.435788e+04	5.358310e+01	1.085041e+05	1.059643e+05	5.757023e+04	5.335842e+04	3.033260e+02	5.167941e+01	2020	7	13	6
	1883	1049	131.985981	16.203866	9.440741e+04	5.179085e+01	1.087007e+05	1.061309e+05	5.772814e+04	5.352957e+04	3.032612e+02	5.354648e+01	2020	7	13	12
	1874	1040	131.355140	16.836555	9.439533e+04	5.464859e+01	1.085460e+05	1.059560e+05	5.752464e+04	5.340262e+04	3.034255e+02	6.173321e+01	2020	7	13	18
	1871	1034	131.144860	17.258348	9.425156e+04	5.106326e+01	1.086261e+05	1.059219e+05	5.765047e+04	5.335550e+04	3.033094e+02	5.663883e+01	2020	7	14	0
	1861	1029	130.443925	17.609841	9.388123e+04	5.366261e+01	1.085347e+05	1.057122e+05	5.751942e+04	5.304866e+04	3.032711e+02	5.241045e+01	2020	7	14	6
	1860	1023	130.373832	18.031634	9.371378e+04	5.281930e+01	1.086061e+05	1.056937e+05	5.760273e+04	5.300736e+04	3.031510e+02	5.465094e+01	2020	7	14	12
	1854	1018	129.953271	18.383128	9.350430e+04	5.553170e+01	1.083675e+05	1.054585e+05	5.738457e+04	5.275803e+04	3.030569e+02	5.937710e+01	2020	7	14	18
	1852	1012	129.813084	18.804921	9.367859e+04	5.017840e+01	1.084617e+05	1.056008e+05	5.740868e+04	5.291692e+04	3.030005e+02	6.231409e+01	2020	7	15	0
	1854	1005	129.953271	19.297012	9.370146e+04	4.352103e+01	1.083622e+05	1.055807e+05	5.722299e+04	5.282771e+04	3.028804e+02	5.791829e+01	2020	7	15	6
	1860	998	130.373832	19.789103	9.409101e+04	4.531010e+01	1.084378e+05	1.057440e+05	5.737621e+04	5.305589e+04	3.024917e+02	5.410340e+01	2020	7	15	12
	1863	988	130.584112	20.492091	9.411898e+04	4.687061e+01	1.082979e+05	1.058746e+05	5.719184e+04	5.315398e+04	3.023457e+02	5.636122e+01	2020	7	15	18
	1874	976	131.355140	21.335676	9.452970e+04	4.005908e+01	1.082906e+05	1.061051e+05	5.728489e+04	5.343005e+04	3.024214e+02	5.288078e+01	2020	7	16	0
	1882	961	131.915888	22.390158	9.436471e+04	3.692095e+01	1.082095e+05	1.059202e+05	5.715451e+04	5.325379e+04	3.023600e+02	4.579870e+01	2020	7	16	6
	1895	947	132.827103	23.374340	9.442765e+04	3.772438e+01	1.084442e+05	1.060671e+05	5.738987e+04	5.335034e+04	3.024641e+02	4.169193e+01	2020	7	16	12
	1907	924	133.668224	24.991212	9.417661e+04	3.879781e+01	1.083096e+05	1.059475e+05	5.720259e+04	5.326757e+04	3.022266e+02	4.576173e+01	2020	7	16	18
	1914	906	134.158879	26.256590	9.455198e+04	3.438270e+01	1.084635e+05	1.062755e+05	5.731385e+04	5.360857e+04	3.015796e+02	3.949632e+01	2020	7	17	0
	1928	887	135.140187	27.592267	9.506747e+04	3.094471e+01	1.084819e+05	1.065434e+05	5.732627e+04	5.397410e+04	3.009725e+02	3.097161e+01	2020	7	17	6
	1935	877	135.630841	28.295254	9.580157e+04	2.644044e+01	1.087012e+05	1.070376e+05	5.752549e+04	5.450477e+04	2.996846e+02	1.948323e+01	2020	7	17	12
	1944	862	136.261682	29.349736	9.641670e+04	2.384484e+01	1.086312e+05	1.074648e+05	5.739187e+04	5.499517e+04	2.992565e+02	1.721235e+01	2020	7	17	18
	1956	855	137.102804	29.841827	9.714482e+04	2.149506e+01	1.087573e+05	1.078558e+05	5.762703e+04	5.552098e+04	2.991772e+02	1.246589e+01	2020	7	18	0
	1965	851	137.733645	30.123022	9.749175e+04	2.026710e+01	1.087765e+05	1.079521e+05	5.763012e+04	5.581327e+04	2.990426e+02	1.108981e+01	2020	7	18	6
	1981	850	138.855140	30.193321	9.796967e+04	1.887376e+01	1.089539e+05	1.080892e+05	5.768486e+04	5.610099e+04	2.995793e+02	9.562749e+00	2020	7	18	12
	1992	851	139.626168	30.123022	9.810131e+04	2.006218e+01	1.087387e+05	1.079697e+05	5.755105e+04	5.611482e+04	2.998391e+02	7.785578e+00	2020	7	18	18
	2007	855	140.677570	29.841827	9.844588e+04	1.899596e+01	1.087898e+05	1.079206e+05	5.767559e+04	5.633435e+04	3.002688e+02	6.518023e+00	2020	7	19	0
	2023	862	141.799065	29.349736	9.845289e+04	1.991533e+01	1.086864e+05	1.077435e+05	5.756355e+04	5.630127e+04	3.008096e+02	7.792881e+00	2020	7	19	6
	2041	870	143.060748	28.787346	9.853681e+04	1.880997e+01	1.087281e+05	1.076054e+05	5.770299e+04	5.630273e+04	3.008219e+02	9.216652e+00	2020	7	19	12
	2062	878	144.532710	28.224955	9.827458e+04	1.979117e+01	1.084247e+05	1.072526e+05	5.750917e+04	5.604318e+04	3.009548e+02	1.455247e+01	2020	7	19	18
	2092	884	146.635514	27.803163	9.817076e+04	2.157274e+01	1.083225e+05	1.071798e+05	5.769640e+04	5.594024e+04	3.011817e+02	2.007219e+01	2020	7	20	0
	2124	877	148.878505	28.295254	9.777691e+04	2.221310e+01	1.081526e+05	1.070799e+05	5.752954e+04	5.557543e+04	3.002108e+02	2.439980e+01	2020	7	20	6
	2149	862	150.630841	29.349736	9.775745e+04	2.369022e+01	1.081826e+05	1.071283e+05	5.764147e+04	5.556504e+04	2.998835e+02	2.546871e+01	2020	7	20	12
	2159	842	151.331776	30.755711	9.761816e+04	2.346960e+01	1.079479e+05	1.069215e+05	5.735888e+04	5.541468e+04	2.992061e+02	1.989819e+01	2020	7	20	18
	2157	822	151.191589	32.161686	9.779611e+04	2.205820e+01	1.079931e+05	1.069559e+05	5.732694e+04	5.551881e+04	2.988202e+02	9.631430e+00	2020	7	21	0
	2149	807	150.630841	33.216168	9.778543e+04	2.227990e+01	1.078904e+05	1.069812e+05	5.726702e+04	5.551300e+04	2.986343e+02	7.739153e+00	2020	7	21	6
	2130	802	149.299065	33.567662	9.806326e+04	2.126434e+01	1.078342e+05	1.070699e+05	5.730141e+04	5.566639e+04	2.989169e+02	8.336999e+00	2020	7	21	12
	2117	802	148.387850	33.567662	9.809023e+04	1.878077e+01	1.076159e+05	1.069061e+05	5.711583e+04	5.565498e+04	2.990121e+02	7.838558e+00	2020	7	21	18
	2114	806	148.177570	33.286467	9.832477e+04	1.798262e+01	1.078226e+05	1.070061e+05	5.710863e+04	5.582629e+04	2.988549e+02	5.924249e+00	2020	7	22	0
	2112	801	148.037383	33.637961	9.834936e+04	1.688154e+01	1.078778e+05	1.070587e+05	5.707634e+04	5.588389e+04	2.991433e+02	8.607533e+00	2020	7	22	6
	2108	795	147.757009	34.059753	9.859956e+04	1.732091e+01	1.079221e+05	1.071653e+05	5.714041e+04	5.606529e+04	2.992210e+02	9.477926e+00	2020	7	22	12
	2106	784	147.616822	34.833040	9.859351e+04	1.773362e+01	1.077522e+05	1.070454e+05	5.707198e+04	5.601857e+04	2.991874e+02	7.253859e+00	2020	7	22	18
	2095	774	146.845794	35.536027	9.875518e+04	1.805537e+01	1.078379e+05	1.066352e+05	5.713333e+04	5.617835e+04	2.991123e+02	6.691990e+00	2020	7	23	0
	2084	769	146.074766	35.887521	9.869680e+04	1.689955e+01	1.078307e+05	1.064627e+05	5.705827e+04	5.616690e+04	2.992726e+02	8.424021e+00	2020	7	23	6
	2071	758	145.163551	36.660808	9.880527e+04	1.696879e+01	1.077404e+05	1.064959e+05	5.712157e+04	5.618545e+04	2.996842e+02	1.235723e+01	2020	7	23	12
	2063	753	144.602804	37.012301	9.855868e+04	1.756965e+01	1.074969e+05	1.063277e+05	5.704488e+04	5.592510e+04	2.996337e+02	1.519378e+01	2020	7	23	18
	2050	751	143.691589	37.152899	9.851781e+04	1.981822e+01	1.074015e+05	1.064005e+05	5.702160e+04	5.589568e+04	2.997141e+02	1.096404e+01	2020	7	24	0
	2042	745	143.130841	37.574692	9.850330e+04	1.823731e+01	1.072972e+05	1.064284e+05	5.698295e+04	5.585521e+04	2.997186e+02	9.714910e+00	2020	7	24	6
	2039	744	142.920561	37.644990	9.877198e+04	1.750350e+01	1.071656e+05	1.064678e+05	5.700375e+04	5.604792e+04	2.996928e+02	8.593804e+00	2020	7	24	12
	2037	737	142.780374	38.137082	9.875496e+04	1.735806e+01	1.070360e+05	1.063511e+05	5.689014e+04	5.600263e+04	2.993480e+02	6.984716e+00	2020	7	24	18
	2038	727	142.850467	38.840069	9.903724e+04	1.551382e+01	1.072388e+05	1.062675e+05	5.704828e+04	5.613738e+04	2.985256e+02	5.058855e+00	2020	7	25	0
	2043	714	143.200935	39.753953	9.925414e+04	1.489314e+01	1.073239e+05	1.062361e+05	5.713552e+04	5.629009e+04	2.967112e+02	6.368784e+00	2020	7	25	6
	2046	700	143.411215	40.738136	9.956445e+04	1.465999e+01	1.073723e+05	1.061942e+05	5.725748e+04	5.645857e+04	2.966970e+02	7.016422e+00	2020	7	25	12
	2048	685	143.551402	41.792618	9.972698e+04	1.364890e+01	1.072493e+05	1.059376e+05	5.724923e+04	5.640696e+04	2.966508e+02	6.100538e+00	2020	7	25	18
	2021	654	141.658879	43.971879	1.000795e+05	1.226744e+01	1.071816e+05	1.059479e+05	5.720065e+04	5.649105e+04	2.958938e+02	3.918494e+00	2020	7	26	0
	2023	641	141.799065	44.885763	1.001395e+05	9.856319e+00	1.072148e+05	1.060605e+05	5.727155e+04	5.649188e+04	2.967280e+02	3.149798e+00	2020	7	26	6
start	46	2020	7	8	6
	2307	1186	161.705607	6.572935	1.002753e+05	1.431863e+01	1.083591e+05	1.080956e+05	5.762750e+04	5.719136e+04	3.037481e+02	3.444551e+01	2020	7	8	6
	2310	1196	161.915888	5.869947	1.003102e+05	1.673839e+01	1.084751e+05	1.081689e+05	5.781689e+04	5.728580e+04	3.037378e+02	3.681575e+01	2020	7	8	12
	2309	1183	161.845794	6.783831	9.992828e+04	1.575950e+01	1.083264e+05	1.080468e+05	5.767896e+04	5.707005e+04	3.036487e+02	4.134163e+01	2020	7	8	18
	2303	1172	161.425234	7.557118	9.996900e+04	1.627225e+01	1.085083e+05	1.082408e+05	5.782131e+04	5.726579e+04	3.035580e+02	4.163023e+01	2020	7	9	0
	2294	1164	160.794393	8.119508	9.957795e+04	1.775030e+01	1.084532e+05	1.080934e+05	5.771305e+04	5.705643e+04	3.035229e+02	3.859295e+01	2020	7	9	6
	2281	1153	159.883178	8.892794	9.977511e+04	1.914314e+01	1.086250e+05	1.083033e+05	5.795047e+04	5.720816e+04	3.034971e+02	4.451857e+01	2020	7	9	12
	2269	1148	159.042056	9.244288	9.930180e+04	2.209958e+01	1.084861e+05	1.080699e+05	5.781774e+04	5.681511e+04	3.036094e+02	5.240442e+01	2020	7	9	18
	2260	1140	158.411215	9.806678	9.921677e+04	2.250918e+01	1.086637e+05	1.081644e+05	5.792699e+04	5.686184e+04	3.034768e+02	5.393629e+01	2020	7	10	0
	2250	1131	157.710280	10.439367	9.884888e+04	2.275214e+01	1.085711e+05	1.078669e+05	5.783113e+04	5.642414e+04	3.033716e+02	4.902193e+01	2020	7	10	6
	2239	1125	156.939252	10.861160	9.843125e+04	2.736790e+01	1.086750e+05	1.075045e+05	5.797272e+04	5.604682e+04	3.033698e+02	4.858090e+01	2020	7	10	12
	2229	1116	156.238318	11.493849	9.782739e+04	3.035350e+01	1.084416e+05	1.070422e+05	5.783620e+04	5.546194e+04	3.033435e+02	5.392894e+01	2020	7	10	18
	2217	1106	155.397196	12.196836	9.785390e+04	2.958113e+01	1.086298e+05	1.072772e+05	5.794741e+04	5.560989e+04	3.033976e+02	5.445515e+01	2020	7	11	0
	2203	1098	154.415888	12.759226	9.727670e+04	3.099489e+01	1.084980e+05	1.069079e+05	5.779398e+04	5.497473e+04	3.034927e+02	5.728449e+01	2020	7	11	6
	2190	1089	153.504673	13.391915	9.711201e+04	3.437371e+01	1.086078e+05	1.067780e+05	5.796743e+04	5.485656e+04	3.034464e+02	5.495588e+01	2020	7	11	12
	2177	1081	152.593458	13.954306	9.660580e+04	3.437056e+01	1.084375e+05	1.064053e+05	5.776044e+04	5.435789e+04	3.034078e+02	5.597081e+01	2020	7	11	18
	2166	1071	151.822430	14.657293	9.629580e+04	4.108243e+01	1.086008e+05	1.063570e+05	5.789524e+04	5.416621e+04	3.033889e+02	5.583497e+01	2020	7	12	0
	2156	1062	151.121495	15.289982	9.557097e+04	4.326239e+01	1.084876e+05	1.061514e+05	5.773890e+04	5.409472e+04	3.033731e+02	5.133793e+01	2020	7	12	6
	2146	1054	150.420561	15.852372	9.479215e+04	4.880002e+01	1.086610e+05	1.057719e+05	5.789523e+04	5.326629e+04	3.033788e+02	5.381725e+01	2020	7	12	12
	2138	1044	149.859813	16.555360	9.447316e+04	4.822883e+01	1.084642e+05	1.057873e+05	5.774255e+04	5.347533e+04	3.033389e+02	5.622486e+01	2020	7	12	18
	2131	1035	149.369159	17.188049	9.382783e+04	4.766919e+01	1.086040e+05	1.049196e+05	5.784626e+04	5.271539e+04	3.032825e+02	5.510418e+01	2020	7	13	0
	2125	1030	148.948598	17.539543	9.302309e+04	5.002370e+01	1.084829e+05	1.055030e+05	5.770638e+04	5.256435e+04	3.032490e+02	5.248666e+01	2020	7	13	6
	2120	1025	148.598131	17.891037	9.354543e+04	5.080833e+01	1.086178e+05	1.048595e+05	5.784917e+04	5.219881e+04	3.031833e+02	5.560242e+01	2020	7	13	12
	2121	1019	148.668224	18.312829	9.336141e+04	4.849052e+01	1.084123e+05	1.048577e+05	5.760179e+04	5.230758e+04	3.030462e+02	6.286938e+01	2020	7	13	18
	2120	1008	148.598131	19.086116	9.387702e+04	5.087745e+01	1.085190e+05	1.052767e+05	5.768435e+04	5.295830e+04	3.027707e+02	5.968239e+01	2020	7	14	0
	2118	997	148.457944	19.859402	9.265938e+04	5.544234e+01	1.083394e+05	1.043180e+05	5.753868e+04	5.159330e+04	3.025646e+02	4.851274e+01	2020	7	14	6
	2114	991	148.177570	20.281195	9.335990e+04	4.998726e+01	1.085195e+05	1.050139e+05	5.771259e+04	5.230980e+04	3.024246e+02	4.610106e+01	2020	7	14	12
	2117	980	148.387850	21.054481	9.293482e+04	4.991970e+01	1.083126e+05	1.046526e+05	5.751909e+04	5.192242e+04	3.020076e+02	4.600291e+01	2020	7	14	18
	2120	967	148.598131	21.968365	9.416729e+04	4.481870e+01	1.083719e+05	1.056480e+05	5.765872e+04	5.299239e+04	3.020654e+02	4.285653e+01	2020	7	15	0
	2126	953	149.018692	22.952548	9.422822e+04	4.525439e+01	1.083499e+05	1.058164e+05	5.752280e+04	5.327222e+04	3.018638e+02	3.897648e+01	2020	7	15	6
	2131	942	149.369159	23.725834	9.489709e+04	4.147047e+01	1.085387e+05	1.065913e+05	5.779018e+04	5.404585e+04	3.016376e+02	3.599331e+01	2020	7	15	12
	2140	928	150.000000	24.710017	9.523812e+04	3.408382e+01	1.083569e+05	1.069506e+05	5.756579e+04	5.469158e+04	3.014275e+02	3.749874e+01	2020	7	15	18
	2150	908	150.700935	26.115992	9.604571e+04	3.228349e+01	1.084974e+05	1.073122e+05	5.775043e+04	5.540205e+04	3.011294e+02	4.236163e+01	2020	7	16	0
	2159	880	151.331776	28.084358	9.633740e+04	3.443464e+01	1.084832e+05	1.072430e+05	5.758005e+04	5.522181e+04	3.003827e+02	4.108978e+01	2020	7	16	6
	2170	857	152.102804	29.701230	9.685063e+04	3.098588e+01	1.086148e+05	1.069686e+05	5.768003e+04	5.559745e+04	2.992398e+02	4.717898e+01	2020	7	16	12
	2186	830	153.224299	31.599296	9.699277e+04	2.870980e+01	1.084427e+05	1.068177e+05	5.751924e+04	5.530270e+04	2.988503e+02	4.726127e+01	2020	7	16	18
	2191	806	153.574766	33.286467	9.707602e+04	2.465285e+01	1.084583e+05	1.067808e+05	5.740287e+04	5.526313e+04	2.979182e+02	2.894378e+01	2020	7	17	0
	2202	789	154.345794	34.481546	9.716205e+04	2.473219e+01	1.083586e+05	1.068128e+05	5.732105e+04	5.522473e+04	2.973888e+02	2.080537e+01	2020	7	17	6
	2202	770	154.345794	35.817222	9.718076e+04	2.311972e+01	1.082221e+05	1.067064e+05	5.728603e+04	5.500405e+04	2.973119e+02	1.598571e+01	2020	7	17	12
	2203	763	154.415888	36.309314	9.713173e+04	2.089108e+01	1.079601e+05	1.064137e+05	5.707716e+04	5.475712e+04	2.971136e+02	1.044842e+01	2020	7	17	18
	2199	760	154.135514	36.520210	9.743575e+04	1.897372e+01	1.078910e+05	1.065302e+05	5.714134e+04	5.495173e+04	2.969757e+02	7.622139e+00	2020	7	18	0
	2197	764	153.995327	36.239015	9.766529e+04	1.869171e+01	1.079128e+05	1.066466e+05	5.714890e+04	5.519957e+04	2.968871e+02	8.808335e+00	2020	7	18	6
	2194	768	153.785047	35.957820	9.813272e+04	1.829002e+01	1.079574e+05	1.068568e+05	5.723781e+04	5.561743e+04	2.969394e+02	7.051722e+00	2020	7	18	12
	2191	770	153.574766	35.817222	9.831931e+04	1.725710e+01	1.077644e+05	1.068229e+05	5.711867e+04	5.568092e+04	2.973396e+02	3.922611e+00	2020	7	18	18
	2182	773	152.943925	35.606326	9.862820e+04	1.658335e+01	1.079280e+05	1.069914e+05	5.723793e+04	5.585712e+04	2.976071e+02	1.933913e+00	2020	7	19	0
	2173	778	152.313084	35.254832	9.869602e+04	1.610248e+01	1.080367e+05	1.069811e+05	5.723295e+04	5.592551e+04	2.980177e+02	2.773452e+00	2020	7	19	6
	2162	780	151.542056	35.114235	9.899575e+04	1.590991e+01	1.081929e+05	1.069958e+05	5.736972e+04	5.614518e+04	2.984435e+02	3.926522e+00	2020	7	19	12
start	25	2020	7	9	6
	1737	1030	121.752336	17.539543	9.996445e+04	1.225356e+01	1.085412e+05	1.082264e+05	5.781361e+04	5.717358e+04	3.062300e+02	2.141929e+01	2020	7	9	6
	1707	1027	119.649533	17.750439	9.993320e+04	1.390468e+01	1.086997e+05	1.083652e+05	5.789234e+04	5.728087e+04	3.061594e+02	2.425692e+01	2020	7	9	12
	1696	1030	118.878505	17.539543	9.987367e+04	1.368973e+01	1.085668e+05	1.082593e+05	5.780574e+04	5.718930e+04	3.059810e+02	3.186911e+01	2020	7	9	18
	1687	1036	118.247664	17.117750	9.977695e+04	1.297568e+01	1.086295e+05	1.082842e+05	5.777108e+04	5.722102e+04	3.056465e+02	3.828444e+01	2020	7	10	0
	1679	1019	117.686916	18.312829	9.968464e+04	1.538620e+01	1.087112e+05	1.082202e+05	5.776715e+04	5.705556e+04	3.043900e+02	2.926230e+01	2020	7	10	6
	1665	1027	116.705607	17.750439	9.969477e+04	1.455950e+01	1.087632e+05	1.083135e+05	5.779651e+04	5.708032e+04	3.042981e+02	2.777687e+01	2020	7	10	12
	1669	1029	116.985981	17.609841	9.947147e+04	1.439851e+01	1.086577e+05	1.082449e+05	5.768671e+04	5.694557e+04	3.042445e+02	3.816557e+01	2020	7	10	18
	1654	1023	115.934579	18.031634	9.950315e+04	1.454126e+01	1.087594e+05	1.082650e+05	5.765455e+04	5.694705e+04	3.040088e+02	3.511710e+01	2020	7	11	0
	1651	1018	115.724299	18.383128	9.926670e+04	1.531179e+01	1.087525e+05	1.081838e+05	5.759587e+04	5.677528e+04	3.042634e+02	2.692505e+01	2020	7	11	6
	1641	1012	115.023364	18.804921	9.923056e+04	1.628795e+01	1.087942e+05	1.082566e+05	5.768122e+04	5.684047e+04	3.036191e+02	2.728290e+01	2020	7	11	12
	1630	1012	114.252336	18.804921	9.908779e+04	1.595797e+01	1.086639e+05	1.082079e+05	5.754608e+04	5.670528e+04	3.035615e+02	3.933021e+01	2020	7	11	18
	1627	1010	114.042056	18.945518	9.902620e+04	1.887107e+01	1.086516e+05	1.081496e+05	5.760689e+04	5.665543e+04	3.035220e+02	3.341552e+01	2020	7	12	0
	1616	1001	113.271028	19.578207	9.879863e+04	2.003717e+01	1.086858e+05	1.080595e+05	5.750977e+04	5.645071e+04	3.035448e+02	2.687945e+01	2020	7	12	6
	1612	998	112.990654	19.789103	9.886577e+04	1.877032e+01	1.087522e+05	1.081864e+05	5.759886e+04	5.655239e+04	3.034204e+02	2.877506e+01	2020	7	12	12
	1595	988	111.799065	20.492091	9.885573e+04	2.073806e+01	1.086133e+05	1.081832e+05	5.754124e+04	5.652665e+04	3.041768e+02	3.439061e+01	2020	7	12	18
	1589	988	111.378505	20.492091	9.889155e+04	1.850301e+01	1.087334e+05	1.082207e+05	5.757796e+04	5.655849e+04	3.040834e+02	3.242964e+01	2020	7	13	0
	1566	979	109.766355	21.124780	9.878420e+04	1.551154e+01	1.087065e+05	1.082031e+05	5.751039e+04	5.649681e+04	3.040696e+02	2.862962e+01	2020	7	13	6
	1560	978	109.345794	21.195079	9.888098e+04	1.539209e+01	1.087530e+05	1.083525e+05	5.759663e+04	5.660568e+04	3.041406e+02	3.657721e+01	2020	7	13	12
	1544	975	108.224299	21.405975	9.880189e+04	1.882789e+01	1.087250e+05	1.082831e+05	5.753473e+04	5.658251e+04	3.041309e+02	4.794230e+01	2020	7	13	18
	1531	965	107.313084	22.108963	9.893671e+04	1.832623e+01	1.086783e+05	1.082117e+05	5.758971e+04	5.657539e+04	3.039512e+02	4.000605e+01	2020	7	14	0
	1508	968	105.700935	21.898066	9.900515e+04	1.324554e+01	1.087306e+05	1.082742e+05	5.748945e+04	5.662645e+04	3.044736e+02	3.312858e+01	2020	7	14	6
	1500	966	105.140187	22.038664	9.920065e+04	9.868219e+00	1.088014e+05	1.084613e+05	5.756268e+04	5.685110e+04	3.037703e+02	4.173381e+01	2020	7	14	12
	1485	960	104.088785	22.460456	9.937455e+04	8.512972e+00	1.087589e+05	1.084387e+05	5.748247e+04	5.687804e+04	-9.000000e+33	4.248760e+01	2020	7	14	18
	1495	963	104.789720	22.249560	9.949541e+04	7.427061e+00	1.087249e+05	1.083788e+05	5.759642e+04	5.691216e+04	-9.000000e+33	3.028673e+01	2020	7	15	0
	1436	961	100.654206	22.390158	9.951003e+04	4.332331e+00	1.087664e+05	1.084559e+05	5.744879e+04	5.700548e+04	-9.000000e+33	2.641454e+01	2020	7	15	6
start	48	2020	7	23	6
	3107	1070	217.780374	14.727592	1.008725e+05	1.295229e+01	1.084692e+05	1.082677e+05	5.810788e+04	5.757661e+04	3.018082e+02	1.171171e+01	2020	7	23	6
	3087	1063	216.378505	15.219683	1.007200e+05	1.288736e+01	1.083016e+05	1.080815e+05	5.793042e+04	5.746897e+04	3.017610e+02	1.427873e+01	2020	7	23	12
	3077	1063	215.677570	15.219683	1.008867e+05	1.374436e+01	1.084882e+05	1.082705e+05	5.810549e+04	5.764676e+04	3.017401e+02	1.415321e+01	2020	7	23	18
	3064	1056	214.766355	15.711775	1.007367e+05	1.424828e+01	1.083870e+05	1.082242e+05	5.800966e+04	5.750289e+04	3.018918e+02	1.106991e+01	2020	7	24	0
	3055	1064	214.135514	15.149385	1.008032e+05	1.358769e+01	1.084573e+05	1.082976e+05	5.810536e+04	5.759246e+04	3.017019e+02	1.470866e+01	2020	7	24	6
	3043	1061	213.294393	15.360281	1.005900e+05	1.350077e+01	1.082609e+05	1.080852e+05	5.791728e+04	5.739477e+04	3.016465e+02	1.220064e+01	2020	7	24	12
	3039	1065	213.014019	15.079086	1.006979e+05	1.484128e+01	1.083632e+05	1.080975e+05	5.806004e+04	5.744552e+04	3.016406e+02	1.107483e+01	2020	7	24	18
	3034	1068	212.663551	14.868190	1.004113e+05	1.457881e+01	1.083202e+05	1.079656e+05	5.797086e+04	5.727190e+04	3.017932e+02	1.316803e+01	2020	7	25	0
	3026	1073	212.102804	14.516696	1.005770e+05	1.356646e+01	1.083525e+05	1.080926e+05	5.804277e+04	5.743896e+04	3.017420e+02	1.168057e+01	2020	7	25	6
	3018	1074	211.542056	14.446397	1.004474e+05	1.333379e+01	1.081656e+05	1.079341e+05	5.786695e+04	5.728846e+04	3.016453e+02	1.001021e+01	2020	7	25	12
	3006	1077	210.700935	14.235501	1.005681e+05	1.385023e+01	1.083182e+05	1.080320e+05	5.800776e+04	5.733052e+04	3.015942e+02	5.195724e+00	2020	7	25	18
	2992	1079	209.719626	14.094903	1.004864e+05	1.539982e+01	1.082548e+05	1.079734e+05	5.795954e+04	5.719398e+04	3.020161e+02	5.375214e+00	2020	7	26	0
	2974	1082	208.457944	13.884007	1.005509e+05	1.525104e+01	1.083847e+05	1.081606e+05	5.805734e+04	5.735916e+04	3.018852e+02	1.001930e+01	2020	7	26	6
	2958	1083	207.336449	13.813708	1.004141e+05	1.522682e+01	1.082505e+05	1.080101e+05	5.788895e+04	5.734457e+04	3.016862e+02	1.330779e+01	2020	7	26	12
	2945	1081	206.425234	13.954306	1.005509e+05	1.543973e+01	1.083450e+05	1.081460e+05	5.801581e+04	5.747764e+04	3.016718e+02	1.070806e+01	2020	7	26	18
	2929	1080	205.303738	14.024604	1.003573e+05	1.649250e+01	1.083182e+05	1.080687e+05	5.794716e+04	5.739068e+04	3.021262e+02	8.831306e+00	2020	7	27	0
	2913	1078	204.182243	14.165202	1.003924e+05	1.769593e+01	1.084291e+05	1.081848e+05	5.803365e+04	5.750350e+04	3.020391e+02	9.135478e+00	2020	7	27	6
	2895	1076	202.920561	14.305799	1.003216e+05	1.813431e+01	1.083264e+05	1.081299e+05	5.794330e+04	5.746297e+04	3.018980e+02	1.104245e+01	2020	7	27	12
	2878	1072	201.728972	14.586994	1.004109e+05	1.851322e+01	1.084254e+05	1.082047e+05	5.803480e+04	5.750206e+04	3.015917e+02	1.028428e+01	2020	7	27	18
	2861	1069	200.537383	14.797891	1.003026e+05	1.834378e+01	1.084147e+05	1.081618e+05	5.801680e+04	5.752426e+04	3.020608e+02	6.503520e+00	2020	7	28	0
	2839	1066	198.995327	15.008787	1.003642e+05	1.815477e+01	1.084711e+05	1.083094e+05	5.803705e+04	5.761970e+04	3.019239e+02	8.833314e+00	2020	7	28	6
	2821	1058	197.733645	15.571177	1.003150e+05	2.034131e+01	1.083832e+05	1.082137e+05	5.793193e+04	5.746144e+04	3.017368e+02	1.409823e+01	2020	7	28	12
	2805	1053	196.612150	15.922671	1.003940e+05	1.968292e+01	1.084196e+05	1.082909e+05	5.801834e+04	5.752756e+04	3.017901e+02	9.807253e+00	2020	7	28	18
	2785	1049	195.210280	16.203866	1.003263e+05	1.939818e+01	1.084652e+05	1.082629e+05	5.799648e+04	5.758540e+04	3.026105e+02	8.152472e+00	2020	7	29	0
	2768	1048	194.018692	16.274165	1.003805e+05	1.954396e+01	1.086152e+05	1.083211e+05	5.805521e+04	5.767609e+04	3.025999e+02	1.119467e+01	2020	7	29	6
	2746	1044	192.476636	16.555360	1.004002e+05	2.016612e+01	1.084518e+05	1.081844e+05	5.799551e+04	5.771006e+04	3.022775e+02	1.292006e+01	2020	7	29	12
	2734	1038	191.635514	16.977153	1.005457e+05	1.732397e+01	1.083895e+05	1.082051e+05	5.799589e+04	5.777849e+04	3.022347e+02	1.246172e+01	2020	7	29	18
	2719	1031	190.584112	17.469244	1.005628e+05	1.625257e+01	1.084192e+05	1.081434e+05	5.802674e+04	5.779854e+04	3.029264e+02	1.133674e+01	2020	7	30	0
	2708	1021	189.813084	18.172232	1.005505e+05	1.963952e+01	1.084892e+05	1.081294e+05	5.802934e+04	5.760937e+04	3.025416e+02	1.525332e+01	2020	7	30	6
	2693	1020	188.761682	18.242530	1.005336e+05	1.675486e+01	1.083826e+05	1.081144e+05	5.796563e+04	5.768308e+04	3.024617e+02	1.949199e+01	2020	7	30	12
	2682	1012	187.990654	18.804921	1.004529e+05	1.905289e+01	1.083515e+05	1.079955e+05	5.792065e+04	5.758669e+04	3.025123e+02	2.212047e+01	2020	7	30	18
	2668	1004	187.009346	19.367311	1.003795e+05	1.986495e+01	1.083121e+05	1.080038e+05	5.793733e+04	5.764918e+04	3.029260e+02	1.730113e+01	2020	7	31	0
	2655	995	186.098131	20.000000	1.002797e+05	2.015150e+01	1.084735e+05	1.079920e+05	5.791281e+04	5.750732e+04	3.030495e+02	2.003163e+01	2020	7	31	6
	2642	987	185.186916	20.562390	1.002511e+05	1.872750e+01	1.082678e+05	1.078555e+05	5.786899e+04	5.756563e+04	3.028294e+02	2.982498e+01	2020	7	31	12
	2631	974	184.415888	21.476274	1.002317e+05	1.876455e+01	1.081970e+05	1.076862e+05	5.785739e+04	5.754667e+04	3.026964e+02	3.050191e+01	2020	7	31	18
	2620	959	183.644860	22.530755	1.000884e+05	2.049676e+01	1.082781e+05	1.077178e+05	5.787576e+04	5.736269e+04	3.027164e+02	2.393890e+01	2020	8	1	0
	2604	946	182.523364	23.444639	9.990461e+04	2.054327e+01	1.082197e+05	1.073573e+05	5.782801e+04	5.734030e+04	3.026040e+02	2.333836e+01	2020	8	1	6
	2588	931	181.401869	24.499121	9.990984e+04	2.086934e+01	1.082593e+05	1.071945e+05	5.786627e+04	5.718928e+04	3.021449e+02	3.369624e+01	2020	8	1	12
	2577	914	180.630841	25.694200	9.954243e+04	2.246165e+01	1.082226e+05	1.070998e+05	5.782371e+04	5.697776e+04	3.018792e+02	2.764890e+01	2020	8	1	18
	2561	899	179.509346	26.748681	9.929140e+04	2.531204e+01	1.083439e+05	1.073391e+05	5.794638e+04	5.677031e+04	3.016821e+02	1.948569e+01	2020	8	2	0
	2552	881	178.878505	28.014059	9.934948e+04	2.282686e+01	1.084059e+05	1.072456e+05	5.798698e+04	5.687459e+04	3.011969e+02	1.725939e+01	2020	8	2	6
	2533	864	177.546729	29.209138	9.951841e+04	2.209513e+01	1.084853e+05	1.073370e+05	5.806440e+04	5.696628e+04	3.001131e+02	1.351773e+01	2020	8	2	12
	2525	854	176.985981	29.912126	9.965159e+04	1.981145e+01	1.083983e+05	1.073767e+05	5.806426e+04	5.694064e+04	2.996303e+02	9.051763e+00	2020	8	2	18
	2515	838	176.285047	31.036906	9.991920e+04	1.828097e+01	1.085270e+05	1.074848e+05	5.816991e+04	5.713502e+04	2.988502e+02	5.595855e+00	2020	8	3	0
	2506	816	175.654206	32.583479	1.000733e+05	1.822476e+01	1.085909e+05	1.075548e+05	5.817003e+04	5.730484e+04	2.985574e+02	6.241008e+00	2020	8	3	6
	2499	797	175.163551	33.919156	1.003639e+05	1.709093e+01	1.085715e+05	1.075638e+05	5.821798e+04	5.747453e+04	2.977151e+02	6.465710e+00	2020	8	3	12
	2493	777	174.742991	35.325131	1.005074e+05	1.443369e+01	1.084750e+05	1.072713e+05	5.819255e+04	5.741472e+04	2.970513e+02	3.511619e+00	2020	8	3	18
	2490	760	174.532710	36.520210	1.007502e+05	1.458821e+01	1.085479e+05	1.072701e+05	5.824071e+04	5.754563e+04	2.965160e+02	3.411909e+00	2020	8	4	0
start	74	2020	7	25	6
	3469	1117	243.154206	11.423550	1.008854e+05	1.053438e+01	1.083359e+05	1.079877e+05	5.795141e+04	5.770255e+04	3.028984e+02	3.692964e+01	2020	7	25	6
	3472	1126	243.364486	10.790861	1.005830e+05	1.191041e+01	1.081010e+05	1.078017e+05	5.769150e+04	5.744580e+04	3.028595e+02	4.316450e+01	2020	7	25	12
	3472	1122	243.364486	11.072056	1.007332e+05	1.345663e+01	1.083750e+05	1.080465e+05	5.787925e+04	5.760881e+04	3.028276e+02	4.394594e+01	2020	7	25	18
	3469	1128	243.154206	10.650263	1.004409e+05	1.600735e+01	1.082269e+05	1.078749e+05	5.767165e+04	5.730525e+04	3.034284e+02	4.471694e+01	2020	7	26	0
	3455	1127	242.172897	10.720562	1.006789e+05	1.716057e+01	1.084351e+05	1.080908e+05	5.791692e+04	5.754173e+04	3.027764e+02	4.694742e+01	2020	7	26	6
	3455	1128	242.172897	10.650263	1.002968e+05	1.728627e+01	1.082294e+05	1.078201e+05	5.767186e+04	5.715879e+04	3.027281e+02	4.734324e+01	2020	7	26	12
	3456	1118	242.242991	11.353251	1.004399e+05	1.836858e+01	1.084882e+05	1.080262e+05	5.788666e+04	5.731923e+04	3.027405e+02	4.042266e+01	2020	7	26	18
	3434	1126	240.700935	10.790861	1.000172e+05	1.805859e+01	1.083583e+05	1.078270e+05	5.758603e+04	5.709030e+04	3.027079e+02	3.577446e+01	2020	7	27	0
	3425	1120	240.070093	11.212654	9.989762e+04	2.092299e+01	1.085488e+05	1.080252e+05	5.786011e+04	5.723573e+04	3.026532e+02	3.134707e+01	2020	7	27	6
	3414	1099	239.299065	12.688928	9.969835e+04	2.091772e+01	1.083242e+05	1.078252e+05	5.777396e+04	5.700366e+04	3.027310e+02	2.702746e+01	2020	7	27	12
	3405	1096	238.668224	12.899824	9.991924e+04	2.064332e+01	1.085278e+05	1.080953e+05	5.799621e+04	5.731891e+04	3.026743e+02	2.217319e+01	2020	7	27	18
	3392	1079	237.757009	14.094903	9.975348e+04	1.965986e+01	1.084774e+05	1.078816e+05	5.790887e+04	5.723030e+04	3.028463e+02	2.036298e+01	2020	7	28	0
	3376	1082	236.635514	13.884007	1.000940e+05	1.815452e+01	1.086352e+05	1.081606e+05	5.809605e+04	5.751768e+04	3.026606e+02	1.662649e+01	2020	7	28	6
	3360	1062	235.514019	15.289982	9.990904e+04	1.754143e+01	1.083828e+05	1.079446e+05	5.793915e+04	5.724680e+04	3.025542e+02	1.672444e+01	2020	7	28	12
	3341	1075	234.182243	14.376098	9.995120e+04	1.953329e+01	1.085479e+05	1.081012e+05	5.803593e+04	5.729902e+04	3.024596e+02	1.518794e+01	2020	7	28	18
	3336	1061	233.831776	15.360281	9.959013e+04	1.870700e+01	1.083771e+05	1.078735e+05	5.795663e+04	5.713724e+04	3.023503e+02	1.518851e+01	2020	7	29	0
	3317	1060	232.500000	15.430580	1.000099e+05	1.742704e+01	1.085466e+05	1.082075e+05	5.812559e+04	5.736759e+04	3.019164e+02	1.601866e+01	2020	7	29	6
	3308	1058	231.869159	15.571177	9.979276e+04	1.585619e+01	1.082674e+05	1.079164e+05	5.792453e+04	5.708421e+04	3.016262e+02	1.349661e+01	2020	7	29	12
	3296	1057	231.028037	15.641476	9.975058e+04	1.751017e+01	1.083976e+05	1.080273e+05	5.803604e+04	5.718589e+04	3.017578e+02	1.273785e+01	2020	7	29	18
	3286	1056	230.327103	15.711775	9.928372e+04	1.979966e+01	1.082727e+05	1.076692e+05	5.791677e+04	5.670952e+04	3.019348e+02	1.639440e+01	2020	7	30	0
	3278	1055	229.766355	15.782074	9.953741e+04	1.726784e+01	1.084059e+05	1.080350e+05	5.801540e+04	5.726848e+04	3.019220e+02	1.848626e+01	2020	7	30	6
	3273	1054	229.415888	15.852372	9.928959e+04	2.061649e+01	1.081342e+05	1.077756e+05	5.780906e+04	5.684474e+04	3.018940e+02	2.308042e+01	2020	7	30	12
	3268	1052	229.065421	15.992970	9.941623e+04	1.957909e+01	1.083455e+05	1.079606e+05	5.794386e+04	5.714155e+04	3.018663e+02	2.588662e+01	2020	7	30	18
	3267	1046	228.995327	16.414762	9.900403e+04	2.337958e+01	1.081550e+05	1.076444e+05	5.783084e+04	5.657997e+04	3.018731e+02	2.625330e+01	2020	7	31	0
	3260	1045	228.504673	16.485061	9.890894e+04	2.429759e+01	1.082988e+05	1.077227e+05	5.796369e+04	5.660470e+04	3.018434e+02	2.228176e+01	2020	7	31	6
	3253	1039	228.014019	16.906854	9.837978e+04	2.654651e+01	1.080763e+05	1.073061e+05	5.777021e+04	5.607021e+04	3.017783e+02	2.247942e+01	2020	7	31	12
	3244	1034	227.383178	17.258348	9.859775e+04	2.780142e+01	1.083248e+05	1.075257e+05	5.795056e+04	5.617281e+04	3.014134e+02	1.915259e+01	2020	7	31	18
	3230	1029	226.401869	17.609841	9.818732e+04	2.771134e+01	1.081403e+05	1.072223e+05	5.786021e+04	5.580606e+04	3.008536e+02	1.562452e+01	2020	8	1	0
	3217	1028	225.490654	17.680140	9.823873e+04	2.951286e+01	1.083017e+05	1.075130e+05	5.798535e+04	5.603467e+04	3.003990e+02	1.217988e+01	2020	8	1	6
	3204	1026	224.579439	17.820738	9.820555e+04	2.624678e+01	1.080744e+05	1.074338e+05	5.780501e+04	5.599028e+04	3.007454e+02	1.260100e+01	2020	8	1	12
	3190	1021	223.598131	18.172232	9.855083e+04	2.633954e+01	1.082639e+05	1.077105e+05	5.795807e+04	5.629398e+04	3.008576e+02	1.393581e+01	2020	8	1	18
	3176	1015	222.616822	18.594024	9.820864e+04	2.758792e+01	1.081886e+05	1.075717e+05	5.787321e+04	5.609912e+04	3.007766e+02	1.373327e+01	2020	8	2	0
	3162	1013	221.635514	18.734622	9.832754e+04	2.837512e+01	1.083286e+05	1.076356e+05	5.798560e+04	5.623180e+04	3.009702e+02	1.065061e+01	2020	8	2	6
	3149	1007	220.724299	19.156414	9.831466e+04	2.774168e+01	1.081634e+05	1.075206e+05	5.784977e+04	5.617410e+04	3.006366e+02	1.260378e+01	2020	8	2	12
	3136	1004	219.813084	19.367311	9.854188e+04	2.649580e+01	1.082747e+05	1.076631e+05	5.798573e+04	5.632033e+04	3.000896e+02	9.345984e+00	2020	8	2	18
	3123	999	218.901869	19.718805	9.836102e+04	2.990607e+01	1.082038e+05	1.075351e+05	5.791631e+04	5.613575e+04	2.998682e+02	9.470566e+00	2020	8	3	0
	3111	998	218.060748	19.789103	9.853685e+04	2.845681e+01	1.083392e+05	1.076192e+05	5.807693e+04	5.616882e+04	2.999737e+02	9.683366e+00	2020	8	3	6
	3100	996	217.289720	19.929701	9.850393e+04	2.737432e+01	1.081644e+05	1.076296e+05	5.785360e+04	5.610210e+04	2.999326e+02	1.018967e+01	2020	8	3	12
	3090	994	216.588785	20.070298	9.876253e+04	3.013897e+01	1.083264e+05	1.078134e+05	5.800679e+04	5.634567e+04	2.998977e+02	8.994477e+00	2020	8	3	18
	3078	992	215.747664	20.210896	9.875755e+04	2.968019e+01	1.082619e+05	1.078184e+05	5.798407e+04	5.640995e+04	3.001854e+02	9.279392e+00	2020	8	4	0
	3068	992	215.046729	20.210896	9.907828e+04	3.009510e+01	1.083517e+05	1.078871e+05	5.807919e+04	5.675600e+04	3.003431e+02	9.048191e+00	2020	8	4	6
	3054	992	214.065421	20.210896	9.931498e+04	2.448543e+01	1.081571e+05	1.076140e+05	5.789107e+04	5.691718e+04	3.004777e+02	1.008168e+01	2020	8	4	12
	3040	988	213.084112	20.492091	9.938951e+04	2.963400e+01	1.082305e+05	1.077563e+05	5.802515e+04	5.695406e+04	3.004106e+02	9.454715e+00	2020	8	4	18
	3025	984	212.032710	20.773286	9.956381e+04	2.487408e+01	1.083319e+05	1.078067e+05	5.803878e+04	5.725062e+04	3.007698e+02	1.081277e+01	2020	8	5	0
	3007	976	210.771028	21.335676	9.980888e+04	2.582250e+01	1.082996e+05	1.077959e+05	5.817106e+04	5.717389e+04	3.005128e+02	9.051702e+00	2020	8	5	6
	2990	967	209.579439	21.968365	9.999938e+04	2.309798e+01	1.081149e+05	1.078452e+05	5.806546e+04	5.736846e+04	3.004418e+02	1.033561e+01	2020	8	5	12
	2972	960	208.317757	22.460456	1.001536e+05	2.377453e+01	1.082329e+05	1.079321e+05	5.820131e+04	5.739585e+04	3.004633e+02	7.534944e+00	2020	8	5	18
	2953	955	206.985981	22.811950	1.001732e+05	2.121853e+01	1.081860e+05	1.079371e+05	5.816059e+04	5.735681e+04	3.010239e+02	6.710927e+00	2020	8	6	0
	2939	950	206.004673	23.163444	1.001977e+05	2.352003e+01	1.082726e+05	1.079485e+05	5.824035e+04	5.730027e+04	3.008891e+02	7.416618e+00	2020	8	6	6
	2923	943	204.883178	23.655536	9.943923e+04	2.717120e+01	1.081271e+05	1.077134e+05	5.812518e+04	5.674131e+04	3.007596e+02	8.103303e+00	2020	8	6	12
	2907	936	203.761682	24.147627	9.947127e+04	2.608323e+01	1.081344e+05	1.077595e+05	5.816319e+04	5.680481e+04	3.006404e+02	7.071979e+00	2020	8	6	18
	2891	928	202.640187	24.710017	9.931680e+04	2.928132e+01	1.081224e+05	1.076777e+05	5.813717e+04	5.662332e+04	3.010942e+02	4.536606e+00	2020	8	7	0
	2876	924	201.588785	24.991212	9.913723e+04	2.882453e+01	1.081525e+05	1.076295e+05	5.818661e+04	5.648136e+04	3.009943e+02	5.376158e+00	2020	8	7	6
	2861	919	200.537383	25.342706	9.906554e+04	2.798853e+01	1.081161e+05	1.073498e+05	5.810269e+04	5.632777e+04	3.006181e+02	6.995560e+00	2020	8	7	12
	2846	916	199.485981	25.553602	9.924610e+04	2.785143e+01	1.081455e+05	1.075515e+05	5.811006e+04	5.660143e+04	3.004814e+02	4.737366e+00	2020	8	7	18
	2830	912	198.364486	25.834797	9.923346e+04	2.748855e+01	1.081967e+05	1.075253e+05	5.813783e+04	5.648375e+04	3.005297e+02	3.770345e+00	2020	8	8	0
	2816	909	197.383178	26.045694	9.931971e+04	2.701375e+01	1.081735e+05	1.075717e+05	5.815945e+04	5.654920e+04	3.007031e+02	5.130569e+00	2020	8	8	6
	2800	907	196.261682	26.186291	9.920896e+04	2.934971e+01	1.080667e+05	1.075409e+05	5.813238e+04	5.655680e+04	3.007255e+02	6.168641e+00	2020	8	8	12
	2787	904	195.350467	26.397188	9.914803e+04	2.858596e+01	1.080098e+05	1.075644e+05	5.813624e+04	5.644937e+04	3.006366e+02	4.951064e+00	2020	8	8	18
	2772	900	194.299065	26.678383	9.902208e+04	3.213840e+01	1.080693e+05	1.075227e+05	5.818498e+04	5.635717e+04	3.012693e+02	4.732384e+00	2020	8	9	0
	2760	896	193.457944	26.959578	9.922340e+04	2.861354e+01	1.080446e+05	1.075709e+05	5.816825e+04	5.657902e+04	3.009456e+02	5.473818e+00	2020	8	9	6
	2748	893	192.616822	27.170474	9.933091e+04	2.818499e+01	1.080052e+05	1.076565e+05	5.816825e+04	5.665192e+04	3.005479e+02	6.734401e+00	2020	8	9	12
	2739	888	191.985981	27.521968	9.933134e+04	2.883633e+01	1.079583e+05	1.075081e+05	5.816212e+04	5.661307e+04	3.004407e+02	5.036016e+00	2020	8	9	18
	2732	881	191.495327	28.014059	9.915560e+04	2.995250e+01	1.080186e+05	1.075176e+05	5.819427e+04	5.649125e+04	3.012257e+02	4.726999e+00	2020	8	10	0
	2726	874	191.074766	28.506151	9.937545e+04	2.950868e+01	1.081272e+05	1.076287e+05	5.824704e+04	5.658143e+04	3.010409e+02	4.351231e+00	2020	8	10	6
	2714	868	190.233645	28.927943	9.967702e+04	2.682873e+01	1.081908e+05	1.077670e+05	5.824483e+04	5.689007e+04	3.006627e+02	4.908530e+00	2020	8	10	12
	2703	862	189.462617	29.349736	9.970016e+04	2.784727e+01	1.082088e+05	1.077646e+05	5.825907e+04	5.695771e+04	3.002888e+02	3.502094e+00	2020	8	10	18
	2691	857	188.621495	29.701230	9.997465e+04	2.564315e+01	1.083634e+05	1.078860e+05	5.830376e+04	5.729198e+04	3.009596e+02	2.157068e+00	2020	8	11	0
	2679	851	187.780374	30.123022	1.004030e+05	2.143585e+01	1.083634e+05	1.079784e+05	5.829479e+04	5.776476e+04	3.009191e+02	1.753204e+00	2020	8	11	6
	2665	843	186.799065	30.685412	1.007507e+05	1.916695e+01	1.083599e+05	1.079976e+05	5.828630e+04	5.793471e+04	3.001274e+02	2.662751e+00	2020	8	11	12
	2658	837	186.308411	31.107205	1.008963e+05	2.054702e+01	1.083872e+05	1.078036e+05	5.825651e+04	5.790652e+04	2.998234e+02	2.819864e+00	2020	8	11	18
	2650	828	185.747664	31.739894	1.010026e+05	1.928366e+01	1.084381e+05	1.076652e+05	5.829939e+04	5.784739e+04	3.001451e+02	1.649459e+00	2020	8	12	0
	2641	823	185.116822	32.091388	1.011051e+05	1.599310e+01	1.083527e+05	1.074754e+05	5.826211e+04	5.788542e+04	3.003184e+02	3.298091e+00	2020	8	12	6
	2633	819	184.556075	32.372583	1.012483e+05	1.963692e+01	1.083830e+05	1.073463e+05	5.820518e+04	5.790834e+04	2.996839e+02	5.006630e+00	2020	8	12	12
start	73	2020	7	28	0
	3120	1111	218.691589	11.845342	1.004766e+05	1.594599e+01	1.083775e+05	1.079581e+05	5.783343e+04	5.745081e+04	3.021118e+02	1.538296e+01	2020	7	28	0
	3099	1107	217.219626	12.126538	1.006099e+05	1.475722e+01	1.085108e+05	1.081795e+05	5.795911e+04	5.752949e+04	3.021068e+02	1.743879e+01	2020	7	28	6
	3082	1113	216.028037	11.704745	1.004293e+05	1.465968e+01	1.083308e+05	1.079718e+05	5.773798e+04	5.728799e+04	3.020413e+02	2.124672e+01	2020	7	28	12
	3071	1111	215.257009	11.845342	1.006060e+05	1.465842e+01	1.084851e+05	1.081784e+05	5.789135e+04	5.743418e+04	3.020040e+02	1.777716e+01	2020	7	28	18
	3063	1114	214.696262	11.634446	1.003584e+05	1.402201e+01	1.083874e+05	1.080882e+05	5.779648e+04	5.724961e+04	3.020277e+02	1.672830e+01	2020	7	29	0
	3055	1112	214.135514	11.775044	1.004784e+05	1.491216e+01	1.085005e+05	1.082531e+05	5.792318e+04	5.738435e+04	3.019292e+02	1.995028e+01	2020	7	29	6
	3046	1108	213.504673	12.056239	1.002667e+05	1.422627e+01	1.083347e+05	1.081027e+05	5.778585e+04	5.721540e+04	3.019006e+02	2.494918e+01	2020	7	29	12
	3034	1100	212.663551	12.618629	1.003236e+05	1.639882e+01	1.084876e+05	1.082247e+05	5.792346e+04	5.731650e+04	3.018643e+02	2.087233e+01	2020	7	29	18
	3021	1094	211.752336	13.040422	1.000048e+05	1.837537e+01	1.083919e+05	1.080845e+05	5.784418e+04	5.707545e+04	3.020359e+02	2.074352e+01	2020	7	30	0
	3009	1089	210.911215	13.391915	9.982861e+04	2.316004e+01	1.084603e+05	1.080975e+05	5.798488e+04	5.705823e+04	3.018420e+02	1.655021e+01	2020	7	30	6
	2996	1087	210.000000	13.532513	9.953169e+04	2.082249e+01	1.082884e+05	1.079544e+05	5.782285e+04	5.684238e+04	3.017885e+02	1.673304e+01	2020	7	30	12
	2984	1084	209.158879	13.743409	9.957316e+04	2.332826e+01	1.083904e+05	1.080723e+05	5.794067e+04	5.694055e+04	3.017573e+02	1.350223e+01	2020	7	30	18
	2972	1078	208.317757	14.165202	9.938284e+04	2.332788e+01	1.083559e+05	1.080130e+05	5.784058e+04	5.686654e+04	3.017097e+02	1.262533e+01	2020	7	31	0
	2959	1075	207.406542	14.376098	9.947771e+04	2.347840e+01	1.084016e+05	1.080118e+05	5.790987e+04	5.701123e+04	3.015291e+02	1.308396e+01	2020	7	31	6
	2948	1070	206.635514	14.727592	9.871974e+04	3.017568e+01	1.082027e+05	1.075860e+05	5.778716e+04	5.643448e+04	3.013560e+02	1.458494e+01	2020	7	31	12
	2936	1068	205.794393	14.868190	9.881059e+04	2.849286e+01	1.083200e+05	1.075684e+05	5.790325e+04	5.635182e+04	3.013679e+02	1.164332e+01	2020	7	31	18
	2925	1067	205.023364	14.938488	9.848549e+04	2.737562e+01	1.083144e+05	1.072166e+05	5.787107e+04	5.604072e+04	3.017265e+02	1.014568e+01	2020	8	1	0
	2915	1065	204.322430	15.079086	9.830127e+04	3.081761e+01	1.083537e+05	1.074000e+05	5.791227e+04	5.595441e+04	3.018466e+02	1.402214e+01	2020	8	1	6
	2903	1063	203.481308	15.219683	9.754107e+04	3.533884e+01	1.081813e+05	1.071654e+05	5.778013e+04	5.549023e+04	3.018583e+02	1.926167e+01	2020	8	1	12
	2891	1062	202.640187	15.289982	9.704922e+04	3.861628e+01	1.082004e+05	1.064081e+05	5.786693e+04	5.509343e+04	3.017916e+02	1.427615e+01	2020	8	1	18
	2880	1059	201.869159	15.500878	9.688093e+04	3.739913e+01	1.081886e+05	1.064545e+05	5.781888e+04	5.507945e+04	3.015812e+02	1.116461e+01	2020	8	2	0
	2871	1057	201.238318	15.641476	9.668965e+04	3.993716e+01	1.081749e+05	1.064202e+05	5.788996e+04	5.478046e+04	3.014975e+02	1.585183e+01	2020	8	2	6
	2861	1052	200.537383	15.992970	9.615562e+04	4.499725e+01	1.080264e+05	1.057531e+05	5.777403e+04	5.422473e+04	3.015361e+02	2.301450e+01	2020	8	2	12
	2854	1046	200.046729	16.414762	9.627227e+04	5.001685e+01	1.080370e+05	1.057884e+05	5.782643e+04	5.418529e+04	3.015394e+02	1.850524e+01	2020	8	2	18
	2847	1039	199.556075	16.906854	9.605719e+04	4.299615e+01	1.080184e+05	1.062243e+05	5.778783e+04	5.448544e+04	3.016519e+02	1.425799e+01	2020	8	3	0
	2842	1030	199.205607	17.539543	9.632388e+04	4.747417e+01	1.081120e+05	1.065883e+05	5.790191e+04	5.475855e+04	3.017421e+02	1.552771e+01	2020	8	3	6
	2836	1021	198.785047	18.172232	9.720042e+04	3.693724e+01	1.080314e+05	1.070643e+05	5.780632e+04	5.578062e+04	3.017527e+02	1.779898e+01	2020	8	3	12
	2827	1012	198.154206	18.804921	9.774101e+04	3.375840e+01	1.081731e+05	1.074568e+05	5.790377e+04	5.641779e+04	3.017375e+02	1.226763e+01	2020	8	3	18
	2817	1004	197.453271	19.367311	9.827682e+04	2.957994e+01	1.082219e+05	1.076685e+05	5.793459e+04	5.664480e+04	3.018298e+02	9.106197e+00	2020	8	4	0
	2808	997	196.822430	19.859402	9.872670e+04	2.754070e+01	1.083035e+05	1.077934e+05	5.802353e+04	5.701398e+04	3.018412e+02	8.414330e+00	2020	8	4	6
	2795	991	195.911215	20.281195	9.892171e+04	2.602303e+01	1.082753e+05	1.078407e+05	5.795616e+04	5.697330e+04	3.018610e+02	9.175962e+00	2020	8	4	12
	2783	984	195.070093	20.773286	9.911630e+04	2.541625e+01	1.083136e+05	1.078846e+05	5.805397e+04	5.717749e+04	3.018949e+02	9.107426e+00	2020	8	4	18
	2768	976	194.018692	21.335676	9.917509e+04	2.646658e+01	1.084200e+05	1.080294e+05	5.813668e+04	5.695273e+04	3.020537e+02	6.585301e+00	2020	8	5	0
	2758	971	193.317757	21.687170	9.942104e+04	2.460188e+01	1.084178e+05	1.080594e+05	5.818464e+04	5.724280e+04	3.019661e+02	8.231860e+00	2020	8	5	6
	2746	966	192.476636	22.038664	9.924548e+04	2.456706e+01	1.084634e+05	1.080696e+05	5.820030e+04	5.708428e+04	3.017726e+02	1.177268e+01	2020	8	5	12
	2734	963	191.635514	22.249560	9.973378e+04	2.116441e+01	1.084375e+05	1.081485e+05	5.825508e+04	5.743814e+04	3.017179e+02	1.141610e+01	2020	8	5	18
	2722	959	190.794393	22.530755	9.890612e+04	2.939412e+01	1.085957e+05	1.077331e+05	5.834256e+04	5.646104e+04	3.018974e+02	7.924370e+00	2020	8	6	0
	2712	958	190.093458	22.601054	9.898706e+04	2.908983e+01	1.085462e+05	1.077778e+05	5.835435e+04	5.658763e+04	3.018167e+02	9.665812e+00	2020	8	6	6
	2700	958	189.252336	22.601054	9.865725e+04	2.871869e+01	1.085304e+05	1.079361e+05	5.829845e+04	5.636738e+04	3.017077e+02	1.540620e+01	2020	8	6	12
	2690	958	188.551402	22.601054	9.834019e+04	3.117618e+01	1.084155e+05	1.077326e+05	5.824330e+04	5.608917e+04	3.016751e+02	1.065032e+01	2020	8	6	18
	2677	959	187.640187	22.530755	9.800044e+04	3.247759e+01	1.085070e+05	1.078426e+05	5.826082e+04	5.599630e+04	3.021118e+02	8.722839e+00	2020	8	7	0
	2665	960	186.799065	22.460456	9.744439e+04	3.975896e+01	1.084377e+05	1.073926e+05	5.821063e+04	5.554675e+04	3.022182e+02	1.219304e+01	2020	8	7	6
	2651	960	185.817757	22.460456	9.789197e+04	3.446075e+01	1.083740e+05	1.076820e+05	5.814823e+04	5.609935e+04	3.022312e+02	1.596639e+01	2020	8	7	12
	2637	961	184.836449	22.390158	9.714779e+04	4.083300e+01	1.082678e+05	1.070557e+05	5.807661e+04	5.526738e+04	3.022423e+02	1.249770e+01	2020	8	7	18
	2624	959	183.925234	22.530755	9.769825e+04	3.504280e+01	1.082784e+05	1.074178e+05	5.810758e+04	5.573417e+04	3.024474e+02	1.048217e+01	2020	8	8	0
	2612	957	183.084112	22.671353	9.698880e+04	3.730466e+01	1.082365e+05	1.070324e+05	5.804265e+04	5.522764e+04	3.026372e+02	1.349245e+01	2020	8	8	6
	2599	953	182.172897	22.952548	9.714637e+04	3.959016e+01	1.081822e+05	1.072418e+05	5.803992e+04	5.538306e+04	3.026656e+02	1.710053e+01	2020	8	8	12
	2587	948	181.331776	23.304042	9.681136e+04	3.924554e+01	1.081027e+05	1.061423e+05	5.793401e+04	5.464476e+04	3.025800e+02	1.334350e+01	2020	8	8	18
	2576	941	180.560748	23.796133	9.691927e+04	3.595151e+01	1.081928e+05	1.069781e+05	5.804364e+04	5.517097e+04	3.022669e+02	1.168270e+01	2020	8	9	0
	2569	934	180.070093	24.288224	9.610241e+04	4.396576e+01	1.081444e+05	1.061238e+05	5.798128e+04	5.450427e+04	3.020646e+02	1.248218e+01	2020	8	9	6
	2561	928	179.509346	24.710017	9.651977e+04	3.686199e+01	1.081768e+05	1.063744e+05	5.799771e+04	5.456164e+04	3.019496e+02	1.506165e+01	2020	8	9	12
	2554	921	179.018692	25.202108	9.695138e+04	3.841932e+01	1.081007e+05	1.070176e+05	5.792190e+04	5.500195e+04	3.017042e+02	1.329234e+01	2020	8	9	18
	2548	915	178.598131	25.623901	9.664352e+04	4.106094e+01	1.082236e+05	1.071193e+05	5.801258e+04	5.514866e+04	3.017078e+02	1.121076e+01	2020	8	10	0
	2543	909	178.247664	26.045694	9.593337e+04	4.494173e+01	1.082169e+05	1.067621e+05	5.802691e+04	5.431173e+04	3.015993e+02	1.156687e+01	2020	8	10	6
	2537	904	177.827103	26.397188	9.648850e+04	4.051045e+01	1.082761e+05	1.067119e+05	5.806492e+04	5.471411e+04	3.015211e+02	1.272780e+01	2020	8	10	12
	2532	899	177.476636	26.748681	9.723279e+04	3.365058e+01	1.082223e+05	1.070014e+05	5.802800e+04	5.519670e+04	3.014264e+02	1.066221e+01	2020	8	10	18
	2525	893	176.985981	27.170474	9.770655e+04	3.532040e+01	1.083485e+05	1.073690e+05	5.813381e+04	5.567728e+04	3.014503e+02	1.099765e+01	2020	8	11	0
	2519	885	176.565421	27.732864	9.780898e+04	3.432536e+01	1.083250e+05	1.073769e+05	5.810286e+04	5.566080e+04	3.009495e+02	1.083398e+01	2020	8	11	6
	2514	882	176.214953	27.943760	9.819765e+04	2.986308e+01	1.083610e+05	1.075181e+05	5.810921e+04	5.593495e+04	3.008479e+02	1.159830e+01	2020	8	11	12
	2510	873	175.934579	28.576449	9.830646e+04	3.175276e+01	1.083044e+05	1.074970e+05	5.808941e+04	5.604088e+04	3.004257e+02	1.102815e+01	2020	8	11	18
	2504	868	175.514019	28.927943	9.852509e+04	2.987379e+01	1.083818e+05	1.076700e+05	5.815516e+04	5.616495e+04	3.004630e+02	9.793580e+00	2020	8	12	0
	2498	865	175.093458	29.138839	9.865312e+04	2.916073e+01	1.083352e+05	1.076748e+05	5.811710e+04	5.630464e+04	3.005560e+02	8.055663e+00	2020	8	12	6
	2491	861	174.602804	29.420035	9.900750e+04	2.884908e+01	1.083641e+05	1.078568e+05	5.817268e+04	5.658534e+04	3.004223e+02	9.927133e+00	2020	8	12	12
	2483	854	174.042056	29.912126	9.927091e+04	2.692993e+01	1.082855e+05	1.078025e+05	5.815455e+04	5.679051e+04	3.002249e+02	8.890038e+00	2020	8	12	18
	2472	850	173.271028	30.193321	9.962051e+04	2.688987e+01	1.083991e+05	1.079436e+05	5.821734e+04	5.703032e+04	3.004795e+02	8.208613e+00	2020	8	13	0
	2460	845	172.429907	30.544815	9.976607e+04	2.517930e+01	1.083726e+05	1.078859e+05	5.821373e+04	5.719753e+04	3.005766e+02	5.958002e+00	2020	8	13	6
	2448	842	171.588785	30.755711	1.002582e+05	2.281653e+01	1.084413e+05	1.078655e+05	5.822382e+04	5.765142e+04	3.005474e+02	9.264372e+00	2020	8	13	12
	2442	835	171.168224	31.247803	1.003597e+05	2.485769e+01	1.083460e+05	1.077102e+05	5.814632e+04	5.751588e+04	3.002992e+02	8.221157e+00	2020	8	13	18
	2432	830	170.467290	31.599296	1.005027e+05	2.243365e+01	1.084805e+05	1.076883e+05	5.823071e+04	5.767747e+04	3.005020e+02	6.259539e+00	2020	8	14	0
	2422	829	169.766355	31.669595	1.005899e+05	2.128334e+01	1.083973e+05	1.076821e+05	5.820188e+04	5.773052e+04	3.008014e+02	6.612973e+00	2020	8	14	6
	2418	826	169.485981	31.880491	1.008216e+05	1.880924e+01	1.083960e+05	1.076293e+05	5.828049e+04	5.775595e+04	3.004310e+02	9.589381e+00	2020	8	14	12
	2413	824	169.135514	32.021089	1.006853e+05	2.345161e+01	1.081984e+05	1.075612e+05	5.812090e+04	5.755021e+04	3.002365e+02	6.347449e+00	2020	8	14	18
	2417	822	169.415888	32.161686	1.008639e+05	1.508334e+01	1.083010e+05	1.077137e+05	5.817520e+04	5.769965e+04	3.001878e+02	2.541471e+00	2020	8	15	0
start	41	2020	8	2	0
	3604	1069	252.616822	14.797891	1.005377e+05	1.151810e+01	1.083526e+05	1.080969e+05	5.790980e+04	5.741575e+04	3.036328e+02	9.012758e+00	2020	8	2	0
	3587	1071	251.425234	14.657293	1.007246e+05	1.144495e+01	1.084832e+05	1.082669e+05	5.809631e+04	5.764247e+04	3.035911e+02	1.475820e+01	2020	8	2	6
	3575	1076	250.584112	14.305799	1.004518e+05	1.165916e+01	1.082991e+05	1.080256e+05	5.784013e+04	5.730448e+04	3.034312e+02	2.082722e+01	2020	8	2	12
	3560	1070	249.532710	14.727592	1.005503e+05	1.353051e+01	1.084540e+05	1.082377e+05	5.808842e+04	5.752830e+04	3.034054e+02	1.743865e+01	2020	8	2	18
	3539	1066	248.060748	15.008787	1.003031e+05	1.350454e+01	1.083661e+05	1.080177e+05	5.789957e+04	5.727272e+04	3.034269e+02	1.499959e+01	2020	8	3	0
	3524	1071	247.009346	14.657293	1.004595e+05	1.373001e+01	1.085316e+05	1.082107e+05	5.802858e+04	5.742767e+04	3.031887e+02	2.398303e+01	2020	8	3	6
	3510	1064	246.028037	15.149385	1.000738e+05	1.444889e+01	1.082975e+05	1.079950e+05	5.784968e+04	5.718878e+04	3.030644e+02	2.549526e+01	2020	8	3	12
	3490	1066	244.626168	15.008787	1.001116e+05	1.558515e+01	1.085412e+05	1.081535e+05	5.803040e+04	5.718986e+04	3.029592e+02	2.895052e+01	2020	8	3	18
	3472	1062	243.364486	15.289982	9.972962e+04	1.622323e+01	1.084551e+05	1.079549e+05	5.781409e+04	5.687319e+04	3.029567e+02	2.546436e+01	2020	8	4	0
	3456	1057	242.242991	15.641476	9.991768e+04	1.904427e+01	1.086052e+05	1.080384e+05	5.807088e+04	5.701756e+04	3.027578e+02	3.164742e+01	2020	8	4	6
	3437	1052	240.911215	15.992970	9.956345e+04	1.917564e+01	1.083693e+05	1.077639e+05	5.785314e+04	5.684362e+04	3.027035e+02	2.851237e+01	2020	8	4	12
	3417	1048	239.509346	16.274165	9.959741e+04	1.974433e+01	1.085769e+05	1.080172e+05	5.805551e+04	5.712036e+04	3.025664e+02	2.322867e+01	2020	8	4	18
	3400	1045	238.317757	16.485061	9.936703e+04	2.081015e+01	1.084848e+05	1.079587e+05	5.790309e+04	5.685455e+04	3.024401e+02	2.159023e+01	2020	8	5	0
	3385	1043	237.266355	16.625659	9.951538e+04	2.072607e+01	1.086464e+05	1.080996e+05	5.804785e+04	5.701615e+04	3.023846e+02	2.453911e+01	2020	8	5	6
	3371	1039	236.285047	16.906854	9.924834e+04	2.153041e+01	1.083729e+05	1.078361e+05	5.787779e+04	5.675597e+04	3.019997e+02	2.144140e+01	2020	8	5	12
	3357	1036	235.303738	17.117750	9.920556e+04	1.939738e+01	1.085439e+05	1.080132e+05	5.803521e+04	5.692004e+04	3.015539e+02	1.971701e+01	2020	8	5	18
	3345	1034	234.462617	17.258348	9.902136e+04	2.074250e+01	1.084114e+05	1.077769e+05	5.788963e+04	5.668488e+04	3.015006e+02	1.839273e+01	2020	8	6	0
	3335	1034	233.761682	17.258348	9.917172e+04	2.041692e+01	1.085201e+05	1.078997e+05	5.801149e+04	5.674690e+04	3.014226e+02	2.063788e+01	2020	8	6	6
	3323	1031	232.920561	17.469244	9.884823e+04	2.161395e+01	1.082534e+05	1.075632e+05	5.778450e+04	5.631361e+04	3.010924e+02	2.340630e+01	2020	8	6	12
	3317	1030	232.500000	17.539543	9.892088e+04	2.343480e+01	1.083232e+05	1.076100e+05	5.792333e+04	5.628156e+04	3.011184e+02	2.173918e+01	2020	8	6	18
	3310	1023	232.009346	18.031634	9.856125e+04	2.251470e+01	1.081669e+05	1.072627e+05	5.775116e+04	5.590768e+04	3.011157e+02	1.976971e+01	2020	8	7	0
	3302	1020	231.448598	18.242530	9.850283e+04	2.482684e+01	1.082334e+05	1.073794e+05	5.791674e+04	5.595183e+04	3.010828e+02	2.267473e+01	2020	8	7	6
	3293	1014	230.817757	18.664323	9.824651e+04	2.295626e+01	1.079706e+05	1.071746e+05	5.763844e+04	5.583814e+04	3.010350e+02	2.337177e+01	2020	8	7	12
	3283	1009	230.116822	19.015817	9.844648e+04	2.534267e+01	1.081416e+05	1.074376e+05	5.777627e+04	5.607686e+04	3.009867e+02	1.789401e+01	2020	8	7	18
	3273	1004	229.415888	19.367311	9.827847e+04	2.433372e+01	1.080213e+05	1.073619e+05	5.761803e+04	5.593600e+04	3.009635e+02	1.557427e+01	2020	8	8	0
	3263	1001	228.714953	19.578207	9.850645e+04	2.619893e+01	1.082122e+05	1.075549e+05	5.775705e+04	5.614470e+04	3.007648e+02	1.427589e+01	2020	8	8	6
	3257	996	228.294393	19.929701	9.840835e+04	2.565095e+01	1.079337e+05	1.073629e+05	5.758699e+04	5.598418e+04	3.005292e+02	1.508510e+01	2020	8	8	12
	3248	988	227.663551	20.492091	9.870047e+04	2.572569e+01	1.081946e+05	1.075992e+05	5.779290e+04	5.624940e+04	3.000600e+02	1.214117e+01	2020	8	8	18
	3236	980	226.822430	21.054481	9.858736e+04	2.548273e+01	1.081493e+05	1.075032e+05	5.772121e+04	5.618762e+04	2.994109e+02	1.061039e+01	2020	8	9	0
	3224	974	225.981308	21.476274	9.898505e+04	2.430524e+01	1.083393e+05	1.077282e+05	5.788472e+04	5.648801e+04	2.993718e+02	1.246961e+01	2020	8	9	6
	3213	968	225.210280	21.898066	9.898909e+04	2.261271e+01	1.080641e+05	1.077140e+05	5.769192e+04	5.648388e+04	2.992817e+02	1.386488e+01	2020	8	9	12
	3202	961	224.439252	22.390158	9.933184e+04	2.267031e+01	1.082563e+05	1.078975e+05	5.785633e+04	5.674650e+04	2.990735e+02	1.227834e+01	2020	8	9	18
	3191	949	223.668224	23.233743	9.928147e+04	2.318386e+01	1.081770e+05	1.078113e+05	5.777471e+04	5.669286e+04	2.987946e+02	1.295653e+01	2020	8	10	0
	3177	940	222.686916	23.866432	9.959082e+04	2.417088e+01	1.083446e+05	1.078001e+05	5.792057e+04	5.698191e+04	2.985550e+02	1.375087e+01	2020	8	10	6
	3167	929	221.985981	24.639718	9.959780e+04	2.172955e+01	1.081129e+05	1.075243e+05	5.774000e+04	5.694003e+04	2.983289e+02	1.705203e+01	2020	8	10	12
	3160	919	221.495327	25.342706	9.983691e+04	2.122740e+01	1.082688e+05	1.075716e+05	5.787577e+04	5.709449e+04	2.983272e+02	1.582196e+01	2020	8	10	18
	3148	912	220.654206	25.834797	9.976723e+04	2.159217e+01	1.082380e+05	1.075857e+05	5.778645e+04	5.704590e+04	2.984815e+02	1.502887e+01	2020	8	11	0
	3134	900	219.672897	26.678383	1.000323e+05	2.320805e+01	1.084114e+05	1.076082e+05	5.792844e+04	5.718430e+04	2.983486e+02	1.600449e+01	2020	8	11	6
	3123	897	218.901869	26.889279	9.997273e+04	2.143724e+01	1.082066e+05	1.074214e+05	5.775835e+04	5.705111e+04	2.983476e+02	1.515793e+01	2020	8	11	12
	3114	890	218.271028	27.381370	1.002786e+05	2.030501e+01	1.083469e+05	1.074797e+05	5.794541e+04	5.728226e+04	2.982368e+02	1.197778e+01	2020	8	11	18
	3103	884	217.500000	27.803163	1.003356e+05	1.968040e+01	1.083431e+05	1.075083e+05	5.794379e+04	5.736529e+04	2.981685e+02	9.999045e+00	2020	8	12	0
start	58	2020	8	5	12
	3651	1094	255.911215	13.040422	1.009168e+05	1.289328e+01	1.082203e+05	1.079697e+05	5.797011e+04	5.765892e+04	3.036536e+02	2.223911e+01	2020	8	5	12
	3633	1101	254.649533	12.548330	1.010404e+05	1.433675e+01	1.084222e+05	1.081570e+05	5.809716e+04	5.773373e+04	3.035867e+02	1.733896e+01	2020	8	5	18
	3625	1101	254.088785	12.548330	1.007470e+05	1.205413e+01	1.082392e+05	1.080218e+05	5.796083e+04	5.746268e+04	3.036157e+02	1.271592e+01	2020	8	6	0
	3610	1099	253.037383	12.688928	1.010006e+05	1.409073e+01	1.084307e+05	1.081892e+05	5.812453e+04	5.763535e+04	3.034599e+02	1.636049e+01	2020	8	6	6
	3593	1105	251.845794	12.267135	1.005591e+05	1.447151e+01	1.082339e+05	1.078932e+05	5.791312e+04	5.737512e+04	3.031137e+02	1.752607e+01	2020	8	6	12
	3586	1105	251.355140	12.267135	1.006766e+05	1.478992e+01	1.083985e+05	1.081075e+05	5.811250e+04	5.751601e+04	3.031231e+02	1.714919e+01	2020	8	6	18
	3569	1105	250.163551	12.267135	1.002667e+05	1.671531e+01	1.082037e+05	1.079036e+05	5.792325e+04	5.719961e+04	3.029695e+02	1.512718e+01	2020	8	7	0
	3559	1107	249.462617	12.126538	1.002881e+05	1.695257e+01	1.084077e+05	1.080828e+05	5.810874e+04	5.734332e+04	3.029246e+02	2.350775e+01	2020	8	7	6
	3546	1108	248.551402	12.056239	9.979341e+04	1.997149e+01	1.081627e+05	1.077624e+05	5.782944e+04	5.690508e+04	3.028562e+02	2.883855e+01	2020	8	7	12
	3529	1108	247.359813	12.056239	9.979435e+04	2.174005e+01	1.083852e+05	1.079343e+05	5.802750e+04	5.721829e+04	3.026888e+02	2.567848e+01	2020	8	7	18
	3516	1110	246.448598	11.915641	9.947889e+04	2.711686e+01	1.082121e+05	1.077746e+05	5.785118e+04	5.693012e+04	3.027026e+02	2.593055e+01	2020	8	8	0
	3505	1110	245.677570	11.915641	9.941898e+04	2.578689e+01	1.085139e+05	1.081265e+05	5.802532e+04	5.733395e+04	3.026657e+02	3.094281e+01	2020	8	8	6
	3492	1112	244.766355	11.775044	9.869169e+04	2.845221e+01	1.081341e+05	1.078131e+05	5.780187e+04	5.683153e+04	3.025471e+02	3.195823e+01	2020	8	8	12
	3482	1114	244.065421	11.634446	9.880304e+04	2.877467e+01	1.083617e+05	1.079341e+05	5.802793e+04	5.713102e+04	3.025450e+02	3.383392e+01	2020	8	8	18
	3474	1117	243.504673	11.423550	9.831645e+04	2.981651e+01	1.081778e+05	1.077029e+05	5.784558e+04	5.633356e+04	3.025111e+02	2.591542e+01	2020	8	9	0
	3463	1121	242.733645	11.142355	9.896190e+04	2.785180e+01	1.084466e+05	1.081601e+05	5.806456e+04	5.724744e+04	3.023474e+02	2.797817e+01	2020	8	9	6
	3454	1120	242.102804	11.212654	9.879204e+04	2.661937e+01	1.081747e+05	1.077384e+05	5.779156e+04	5.656145e+04	3.023315e+02	2.840351e+01	2020	8	9	12
	3443	1118	241.331776	11.353251	9.891601e+04	2.756172e+01	1.083415e+05	1.078607e+05	5.804238e+04	5.680777e+04	3.024199e+02	2.575550e+01	2020	8	9	18
	3431	1115	240.490654	11.564147	9.817888e+04	3.124186e+01	1.081702e+05	1.076918e+05	5.781611e+04	5.628068e+04	3.024650e+02	2.183008e+01	2020	8	10	0
	3421	1112	239.789720	11.775044	9.876812e+04	3.141331e+01	1.084511e+05	1.077759e+05	5.805744e+04	5.662646e+04	3.025322e+02	2.343624e+01	2020	8	10	6
	3413	1110	239.228972	11.915641	9.862869e+04	2.532777e+01	1.080966e+05	1.077988e+05	5.779709e+04	5.696007e+04	3.025099e+02	2.155307e+01	2020	8	10	12
	3403	1106	238.528037	12.196836	9.858075e+04	2.789093e+01	1.083956e+05	1.080042e+05	5.805368e+04	5.714155e+04	3.024729e+02	1.491286e+01	2020	8	10	18
	3393	1103	237.827103	12.407733	9.915359e+04	2.064030e+01	1.082104e+05	1.079119e+05	5.786623e+04	5.707986e+04	3.024404e+02	1.287498e+01	2020	8	11	0
	3381	1096	236.985981	12.899824	9.941938e+04	2.260623e+01	1.085189e+05	1.081934e+05	5.810764e+04	5.725547e+04	3.023232e+02	1.302666e+01	2020	8	11	6
	3370	1092	236.214953	13.181019	9.936867e+04	1.943917e+01	1.083535e+05	1.079135e+05	5.790935e+04	5.720049e+04	3.022357e+02	1.400259e+01	2020	8	11	12
	3357	1089	235.303738	13.391915	9.981284e+04	2.162248e+01	1.085043e+05	1.081764e+05	5.808240e+04	5.748977e+04	3.020895e+02	7.058040e+00	2020	8	11	18
	3346	1086	234.532710	13.602812	9.979214e+04	1.907795e+01	1.083602e+05	1.080547e+05	5.798975e+04	5.745364e+04	3.021129e+02	7.228305e+00	2020	8	12	0
	3333	1082	233.621495	13.884007	9.982602e+04	1.967880e+01	1.085417e+05	1.082912e+05	5.815693e+04	5.761268e+04	3.019248e+02	8.519771e+00	2020	8	12	6
	3318	1081	232.570093	13.954306	9.984021e+04	1.708333e+01	1.082897e+05	1.080119e+05	5.790918e+04	5.749137e+04	3.017318e+02	9.338546e+00	2020	8	12	12
	3302	1081	231.448598	13.954306	1.002039e+05	1.766159e+01	1.085435e+05	1.082730e+05	5.812439e+04	5.771604e+04	3.018449e+02	7.583729e+00	2020	8	12	18
	3289	1077	230.537383	14.235501	1.000411e+05	1.777367e+01	1.085124e+05	1.081014e+05	5.793114e+04	5.744064e+04	3.020466e+02	9.039933e+00	2020	8	13	0
	3271	1082	229.275701	13.884007	1.003067e+05	1.657836e+01	1.085280e+05	1.082810e+05	5.809873e+04	5.765451e+04	3.020800e+02	1.180303e+01	2020	8	13	6
	3258	1076	228.364486	14.305799	9.993420e+04	1.762487e+01	1.082812e+05	1.080376e+05	5.783930e+04	5.737637e+04	3.020823e+02	1.067926e+01	2020	8	13	12
	3245	1076	227.453271	14.305799	1.002309e+05	1.630119e+01	1.084151e+05	1.082294e+05	5.799806e+04	5.759134e+04	3.021167e+02	8.664082e+00	2020	8	13	18
	3233	1071	226.612150	14.657293	1.000545e+05	1.637998e+01	1.082691e+05	1.079975e+05	5.784156e+04	5.737067e+04	3.023670e+02	1.050067e+01	2020	8	14	0
	3218	1071	225.560748	14.657293	1.003210e+05	1.634757e+01	1.084064e+05	1.082128e+05	5.796743e+04	5.752037e+04	3.024391e+02	1.687160e+01	2020	8	14	6
	3206	1069	224.719626	14.797891	1.000443e+05	1.724693e+01	1.081834e+05	1.079822e+05	5.771885e+04	5.720634e+04	3.023477e+02	1.859818e+01	2020	8	14	12
	3198	1068	224.158879	14.868190	1.002294e+05	1.816120e+01	1.083780e+05	1.081533e+05	5.793334e+04	5.729020e+04	3.023405e+02	1.217839e+01	2020	8	14	18
	3185	1067	223.247664	14.938488	9.981105e+04	1.838609e+01	1.082345e+05	1.079167e+05	5.780621e+04	5.689891e+04	3.023674e+02	1.145228e+01	2020	8	15	0
	3175	1068	222.546729	14.868190	9.995213e+04	1.806304e+01	1.084172e+05	1.080321e+05	5.794690e+04	5.699698e+04	3.022928e+02	1.646342e+01	2020	8	15	6
	3167	1067	221.985981	14.938488	9.953021e+04	1.999127e+01	1.082095e+05	1.076572e+05	5.772544e+04	5.658961e+04	3.023119e+02	1.674552e+01	2020	8	15	12
	3156	1066	221.214953	15.008787	9.962822e+04	2.122523e+01	1.084029e+05	1.078585e+05	5.791623e+04	5.668804e+04	3.022695e+02	1.362834e+01	2020	8	15	18
	3147	1063	220.584112	15.219683	9.906588e+04	2.484216e+01	1.083200e+05	1.076014e+05	5.779925e+04	5.628355e+04	3.022388e+02	1.300161e+01	2020	8	16	0
	3137	1062	219.883178	15.289982	9.893080e+04	2.624707e+01	1.084437e+05	1.075905e+05	5.793526e+04	5.637651e+04	3.020769e+02	1.302059e+01	2020	8	16	6
	3126	1059	219.112150	15.500878	9.840031e+04	3.150651e+01	1.082293e+05	1.075378e+05	5.772733e+04	5.609923e+04	3.019139e+02	1.399079e+01	2020	8	16	12
	3113	1057	218.200935	15.641476	9.815134e+04	3.348579e+01	1.084134e+05	1.075212e+05	5.790554e+04	5.601375e+04	3.021328e+02	1.153010e+01	2020	8	16	18
	3100	1054	217.289720	15.852372	9.783234e+04	3.226414e+01	1.083044e+05	1.072578e+05	5.778179e+04	5.586183e+04	3.022708e+02	9.135761e+00	2020	8	17	0
	3087	1051	216.378505	16.063269	9.849646e+04	3.134224e+01	1.084322e+05	1.077332e+05	5.795933e+04	5.632565e+04	3.023406e+02	9.352838e+00	2020	8	17	6
	3074	1048	215.467290	16.274165	9.845357e+04	2.934640e+01	1.082124e+05	1.077037e+05	5.775896e+04	5.627512e+04	3.021555e+02	9.889196e+00	2020	8	17	12
	3062	1044	214.626168	16.555360	9.878132e+04	2.673261e+01	1.083271e+05	1.078429e+05	5.791204e+04	5.643179e+04	3.019586e+02	7.482508e+00	2020	8	17	18
	3050	1039	213.785047	16.906854	9.804249e+04	3.410140e+01	1.082468e+05	1.074149e+05	5.782068e+04	5.587943e+04	3.018829e+02	6.476214e+00	2020	8	18	0
	3039	1033	213.014019	17.328646	9.804236e+04	3.260678e+01	1.083011e+05	1.076011e+05	5.799327e+04	5.592783e+04	3.017588e+02	6.748882e+00	2020	8	18	6
	3027	1027	212.172897	17.750439	9.774406e+04	3.457719e+01	1.081142e+05	1.074339e+05	5.781711e+04	5.583783e+04	3.017376e+02	8.444548e+00	2020	8	18	12
	3017	1021	211.471963	18.172232	9.785495e+04	3.741002e+01	1.082200e+05	1.073338e+05	5.792174e+04	5.594159e+04	3.015813e+02	7.069879e+00	2020	8	18	18
	3006	1014	210.700935	18.664323	9.805034e+04	3.559707e+01	1.081303e+05	1.075480e+05	5.785721e+04	5.614616e+04	3.019926e+02	6.878767e+00	2020	8	19	0
	2997	1009	210.070093	19.015817	9.881995e+04	3.249070e+01	1.082309e+05	1.076331e+05	5.793122e+04	5.676209e+04	3.014871e+02	6.553647e+00	2020	8	19	6
	2985	1005	209.228972	19.297012	9.911088e+04	2.553909e+01	1.080596e+05	1.076914e+05	5.779705e+04	5.691601e+04	3.010041e+02	6.608784e+00	2020	8	19	12
	2973	1001	208.387850	19.578207	9.960945e+04	2.693973e+01	1.081959e+05	1.076981e+05	5.792327e+04	5.740007e+04	3.009344e+02	4.009443e+00	2020	8	19	18
start	18	2020	8	5	18
	1267	968	88.808411	21.898066	9.969462e+04	1.370868e+01	1.088570e+05	1.084637e+05	5.772327e+04	5.717664e+04	3.053108e+02	2.623817e+01	2020	8	5	18
	1271	971	89.088785	21.687170	9.946804e+04	1.456599e+01	1.087345e+05	1.082923e+05	5.762910e+04	5.698832e+04	3.050159e+02	2.510474e+01	2020	8	6	0
	1272	966	89.158879	22.038664	9.953755e+04	1.605708e+01	1.089911e+05	1.084594e+05	5.773904e+04	5.706794e+04	3.049622e+02	1.980748e+01	2020	8	6	6
	1260	961	88.317757	22.390158	9.940183e+04	1.264554e+01	1.089949e+05	1.084912e+05	5.765574e+04	5.701926e+04	3.051162e+02	1.470825e+01	2020	8	6	12
	1256	958	88.037383	22.601054	9.957419e+04	1.096984e+01	1.090230e+05	1.085893e+05	5.782375e+04	5.720914e+04	3.050242e+02	2.378013e+01	2020	8	6	18
	1241	958	86.985981	22.601054	9.939219e+04	1.035403e+01	1.089587e+05	1.084031e+05	5.772702e+04	5.704032e+04	3.049419e+02	1.749494e+01	2020	8	7	0
	1230	956	86.214953	22.741652	9.969246e+04	9.447194e+00	1.092110e+05	1.086232e+05	5.792904e+04	5.725950e+04	3.050496e+02	1.712399e+01	2020	8	7	6
	1222	951	85.654206	23.093145	9.960272e+04	7.508004e+00	1.092068e+05	1.085852e+05	5.781047e+04	5.719476e+04	-9.000000e+33	1.409661e+01	2020	8	7	12
	1195	954	83.761682	22.882249	9.978313e+04	8.611083e+00	1.092186e+05	1.086508e+05	5.792234e+04	5.722034e+04	-9.000000e+33	1.843030e+01	2020	8	7	18
	1185	951	83.060748	23.093145	9.945111e+04	1.095484e+01	1.090984e+05	1.085162e+05	5.781364e+04	5.704189e+04	-9.000000e+33	1.916893e+01	2020	8	8	0
	1167	952	81.799065	23.022847	9.927758e+04	1.235170e+01	1.093151e+05	1.086257e+05	5.791868e+04	5.700286e+04	-9.000000e+33	2.479309e+01	2020	8	8	6
	1161	949	81.378505	23.233743	9.920738e+04	1.058033e+01	1.092056e+05	1.085068e+05	5.774759e+04	5.699480e+04	-9.000000e+33	1.996382e+01	2020	8	8	12
	1149	946	80.537383	23.444639	9.937531e+04	1.136018e+01	1.092082e+05	1.086336e+05	5.792545e+04	5.715970e+04	-9.000000e+33	2.275048e+01	2020	8	8	18
	1139	948	79.836449	23.304042	9.926220e+04	1.264823e+01	1.090123e+05	1.083789e+05	5.765916e+04	5.691560e+04	-9.000000e+33	2.054288e+01	2020	8	9	0
	1128	947	79.065421	23.374340	9.936503e+04	1.137326e+01	1.092425e+05	1.085404e+05	5.783055e+04	5.710706e+04	-9.000000e+33	1.756334e+01	2020	8	9	6
	1127	941	78.995327	23.796133	9.934859e+04	8.360564e+00	1.092223e+05	1.084293e+05	5.773290e+04	5.708342e+04	-9.000000e+33	1.561456e+01	2020	8	9	12
	1087	941	76.191589	23.796133	9.968214e+04	1.143982e+01	1.092580e+05	1.086264e+05	5.792070e+04	5.721038e+04	-9.000000e+33	1.954587e+01	2020	8	9	18
	1094	939	76.682243	23.936731	9.950262e+04	9.660687e+00	1.090935e+05	1.083609e+05	5.777223e+04	5.721116e+04	-9.000000e+33	1.301831e+01	2020	8	10	0
start	22	2020	8	11	18
	3623	1046	253.948598	16.414762	1.009034e+05	1.290836e+01	1.086743e+05	1.083511e+05	5.818407e+04	5.774252e+04	3.039378e+02	1.669687e+01	2020	8	11	18
	3608	1047	252.897196	16.344464	1.005870e+05	1.236030e+01	1.085567e+05	1.081569e+05	5.802618e+04	5.755859e+04	3.037595e+02	1.089569e+01	2020	8	12	0
	3592	1045	251.775701	16.485061	1.008290e+05	1.236922e+01	1.086902e+05	1.083592e+05	5.817627e+04	5.771321e+04	3.035284e+02	2.115535e+01	2020	8	12	6
	3578	1040	250.794393	16.836555	1.005336e+05	1.259823e+01	1.084379e+05	1.081139e+05	5.799709e+04	5.744262e+04	3.033015e+02	1.526050e+01	2020	8	12	12
	3560	1034	249.532710	17.258348	1.006767e+05	1.481416e+01	1.086658e+05	1.083467e+05	5.819627e+04	5.760841e+04	3.031680e+02	1.012498e+01	2020	8	12	18
	3542	1030	248.271028	17.539543	1.003304e+05	1.482554e+01	1.085162e+05	1.081139e+05	5.800189e+04	5.723286e+04	3.032724e+02	1.032294e+01	2020	8	13	0
	3518	1024	246.588785	17.961335	1.005121e+05	1.510027e+01	1.086096e+05	1.080560e+05	5.815138e+04	5.727548e+04	3.031519e+02	1.448821e+01	2020	8	13	6
	3505	1020	245.677570	18.242530	1.001692e+05	1.661185e+01	1.084568e+05	1.079806e+05	5.795861e+04	5.699958e+04	3.030212e+02	1.190622e+01	2020	8	13	12
	3484	1016	244.205607	18.523725	1.002854e+05	1.703690e+01	1.085885e+05	1.081118e+05	5.811223e+04	5.710949e+04	3.030465e+02	9.864005e+00	2020	8	13	18
	3467	1012	243.014019	18.804921	9.993356e+04	1.742386e+01	1.084306e+05	1.077501e+05	5.793223e+04	5.681026e+04	3.028975e+02	9.211314e+00	2020	8	14	0
	3450	1010	241.822430	18.945518	1.001455e+05	1.827310e+01	1.086068e+05	1.081520e+05	5.807670e+04	5.705946e+04	3.027326e+02	1.198816e+01	2020	8	14	6
	3434	1011	240.700935	18.875219	9.990768e+04	1.833050e+01	1.083861e+05	1.079752e+05	5.787370e+04	5.689379e+04	3.025902e+02	1.052581e+01	2020	8	14	12
	3419	1014	239.649533	18.664323	1.001614e+05	1.927935e+01	1.085944e+05	1.082358e+05	5.806881e+04	5.721656e+04	3.024842e+02	8.139147e+00	2020	8	14	18
	3406	1017	238.738318	18.453427	1.000060e+05	1.909415e+01	1.084733e+05	1.081206e+05	5.793933e+04	5.734247e+04	3.023850e+02	6.521688e+00	2020	8	15	0
	3394	1018	237.897196	18.383128	1.003065e+05	1.672923e+01	1.086171e+05	1.083840e+05	5.809703e+04	5.770693e+04	3.021136e+02	7.510163e+00	2020	8	15	6
	3378	1019	236.775701	18.312829	1.001282e+05	1.849739e+01	1.083818e+05	1.080951e+05	5.785218e+04	5.739029e+04	3.019685e+02	6.484682e+00	2020	8	15	12
	3371	1023	236.285047	18.031634	1.003871e+05	1.768452e+01	1.086395e+05	1.083559e+05	5.808341e+04	5.766379e+04	3.019790e+02	4.772423e+00	2020	8	15	18
	3352	1026	234.953271	17.820738	1.002146e+05	1.519781e+01	1.084168e+05	1.081805e+05	5.790678e+04	5.753724e+04	3.017752e+02	4.016875e+00	2020	8	16	0
	3337	1027	233.901869	17.750439	1.005234e+05	1.496691e+01	1.085930e+05	1.083649e+05	5.808318e+04	5.781851e+04	3.016633e+02	6.629521e+00	2020	8	16	6
	3323	1034	232.920561	17.258348	1.003491e+05	1.478313e+01	1.082782e+05	1.079938e+05	5.781102e+04	5.754377e+04	3.017226e+02	4.627429e+00	2020	8	16	12
	3312	1035	232.149533	17.188049	1.006336e+05	1.365053e+01	1.084569e+05	1.082412e+05	5.802715e+04	5.779972e+04	3.017061e+02	1.971214e+00	2020	8	16	18
	3298	1040	231.168224	16.836555	1.003976e+05	1.177715e+01	1.082639e+05	1.080152e+05	5.784862e+04	5.758716e+04	3.022279e+02	3.264660e+00	2020	8	17	0
start	35	2020	8	12	18
	3055	860	214.135514	29.490333	1.008568e+05	1.734009e+01	1.082446e+05	1.071481e+05	5.805159e+04	5.754182e+04	2.979790e+02	7.810801e+00	2020	8	12	18
	3041	853	213.154206	29.982425	1.008075e+05	1.756812e+01	1.081107e+05	1.070744e+05	5.801918e+04	5.745939e+04	2.981386e+02	8.409572e+00	2020	8	13	0
	3022	843	211.822430	30.685412	1.008545e+05	1.772682e+01	1.080435e+05	1.070851e+05	5.805588e+04	5.743993e+04	2.980644e+02	8.836247e+00	2020	8	13	6
	3005	832	210.630841	31.458699	1.006194e+05	1.793432e+01	1.077072e+05	1.068783e+05	5.785008e+04	5.719534e+04	2.980714e+02	8.494484e+00	2020	8	13	12
	2994	823	209.859813	32.091388	1.006655e+05	1.656370e+01	1.075315e+05	1.067795e+05	5.784599e+04	5.710391e+04	2.980721e+02	6.794127e+00	2020	8	13	18
	2979	813	208.808411	32.794375	1.005244e+05	1.680895e+01	1.073246e+05	1.067140e+05	5.778857e+04	5.704480e+04	2.979614e+02	5.938606e+00	2020	8	14	0
	2968	805	208.037383	33.356766	1.005372e+05	1.576897e+01	1.072761e+05	1.066315e+05	5.777794e+04	5.701910e+04	2.978345e+02	5.724687e+00	2020	8	14	6
	2959	796	207.406542	33.989454	1.004963e+05	1.549334e+01	1.070672e+05	1.061565e+05	5.762823e+04	5.697042e+04	2.977747e+02	7.710719e+00	2020	8	14	12
	2956	786	207.196262	34.692442	1.005591e+05	1.752966e+01	1.070650e+05	1.059911e+05	5.771273e+04	5.702446e+04	2.975542e+02	6.915944e+00	2020	8	14	18
	2954	770	207.056075	35.817222	1.005658e+05	1.933893e+01	1.070821e+05	1.059915e+05	5.775300e+04	5.705995e+04	2.971497e+02	5.999697e+00	2020	8	15	0
	2952	756	206.915888	36.801405	1.004739e+05	2.129953e+01	1.071250e+05	1.059558e+05	5.783903e+04	5.697205e+04	2.965595e+02	7.530626e+00	2020	8	15	6
	2949	737	206.705607	38.137082	1.004886e+05	1.982953e+01	1.069949e+05	1.058635e+05	5.776319e+04	5.685011e+04	2.964050e+02	1.046999e+01	2020	8	15	12
	2947	720	206.565421	39.332161	1.005654e+05	1.855650e+01	1.070033e+05	1.058818e+05	5.786702e+04	5.685421e+04	2.958939e+02	6.433136e+00	2020	8	15	18
	2950	701	206.775701	40.667837	1.006907e+05	1.780979e+01	1.071044e+05	1.060115e+05	5.794068e+04	5.691966e+04	2.950311e+02	4.571723e+00	2020	8	16	0
	2952	680	206.915888	42.144111	1.008264e+05	1.706052e+01	1.070737e+05	1.060655e+05	5.796444e+04	5.694534e+04	2.935990e+02	4.801953e+00	2020	8	16	6
	2955	659	207.126168	43.620386	1.009045e+05	1.660493e+01	1.068437e+05	1.055122e+05	5.784143e+04	5.671736e+04	2.927964e+02	5.049392e+00	2020	8	16	12
	2964	637	207.757009	45.166958	1.010561e+05	1.645096e+01	1.067002e+05	1.050107e+05	5.782843e+04	5.646332e+04	2.923230e+02	3.372208e+00	2020	8	16	18
	2976	616	208.598131	46.643233	1.010439e+05	1.547969e+01	1.066138e+05	1.048237e+05	5.778181e+04	5.629473e+04	2.906226e+02	4.746882e+00	2020	8	17	0
	2992	595	209.719626	48.119507	1.010068e+05	1.549020e+01	1.063860e+05	1.045581e+05	5.770254e+04	5.612280e+04	2.898222e+02	7.163039e+00	2020	8	17	6
	3010	573	210.981308	49.666080	1.008178e+05	1.492427e+01	1.059759e+05	1.041364e+05	5.744967e+04	5.590357e+04	2.890045e+02	7.061660e+00	2020	8	17	12
	3026	550	212.102804	51.282951	1.006456e+05	1.440718e+01	1.056317e+05	1.036928e+05	5.720275e+04	5.567629e+04	2.887425e+02	6.441543e+00	2020	8	17	18
	3033	528	212.593458	52.829524	1.004188e+05	1.298351e+01	1.053532e+05	1.034381e+05	5.692686e+04	5.553046e+04	2.885569e+02	7.439345e+00	2020	8	18	0
	3035	512	212.733645	53.954304	1.001958e+05	1.314159e+01	1.048925e+05	1.031235e+05	5.654880e+04	5.530758e+04	2.885259e+02	7.402997e+00	2020	8	18	6
	3034	500	212.663551	54.797889	9.998871e+04	1.446181e+01	1.043158e+05	1.027516e+05	5.614452e+04	5.498262e+04	2.885392e+02	8.488189e+00	2020	8	18	12
	3037	493	212.873832	55.289981	9.975394e+04	1.485775e+01	1.038885e+05	1.024643e+05	5.583359e+04	5.467976e+04	2.886070e+02	7.364970e+00	2020	8	18	18
	3041	481	213.154206	56.133566	9.958216e+04	1.626953e+01	1.036506e+05	1.023451e+05	5.568326e+04	5.449249e+04	2.886814e+02	8.366412e+00	2020	8	19	0
	3035	473	212.733645	56.695956	9.937855e+04	1.525477e+01	1.031939e+05	1.019709e+05	5.539976e+04	5.425947e+04	2.886603e+02	9.171212e+00	2020	8	19	6
	3036	467	212.803738	57.117749	9.921482e+04	1.511883e+01	1.027714e+05	1.016175e+05	5.525275e+04	5.405819e+04	2.887233e+02	9.376542e+00	2020	8	19	12
	3036	459	212.803738	57.680139	9.919140e+04	1.602105e+01	1.026282e+05	1.012967e+05	5.519412e+04	5.398730e+04	2.888371e+02	9.299948e+00	2020	8	19	18
	3023	449	211.892523	58.383127	9.924127e+04	1.521225e+01	1.024659e+05	1.009865e+05	5.513357e+04	5.401529e+04	2.895886e+02	8.916636e+00	2020	8	20	0
	3017	447	211.471963	58.523724	9.927109e+04	1.410889e+01	1.021898e+05	1.007199e+05	5.499588e+04	5.395670e+04	2.896292e+02	8.076802e+00	2020	8	20	6
	3017	441	211.471963	58.945517	9.931602e+04	1.651821e+01	1.019722e+05	1.004544e+05	5.489259e+04	5.390893e+04	2.911410e+02	8.057236e+00	2020	8	20	12
	3003	435	210.490654	59.367309	9.950611e+04	1.500578e+01	1.017637e+05	1.002575e+05	5.485390e+04	5.378922e+04	2.915907e+02	6.973295e+00	2020	8	20	18
	2978	421	208.738318	60.351492	9.991680e+04	1.352178e+01	1.017791e+05	1.003107e+05	5.487651e+04	5.378438e+04	2.915972e+02	5.769787e+00	2020	8	21	0
	2953	435	206.985981	59.367309	1.003122e+05	1.220106e+01	1.018479e+05	1.003132e+05	5.499317e+04	5.386295e+04	2.914277e+02	2.667119e+00	2020	8	21	6
start	45	2020	8	15	6
	3736	1108	261.869159	12.056239	1.009164e+05	1.426428e+01	1.083014e+05	1.080193e+05	5.799612e+04	5.758060e+04	3.040500e+02	2.145544e+01	2020	8	15	6
	3726	1106	261.168224	12.196836	1.006985e+05	1.480698e+01	1.080899e+05	1.078945e+05	5.783052e+04	5.743396e+04	3.039848e+02	2.407689e+01	2020	8	15	12
	3707	1096	259.836449	12.899824	1.008182e+05	1.526515e+01	1.082759e+05	1.080927e+05	5.801847e+04	5.761214e+04	3.042620e+02	2.180391e+01	2020	8	15	18
	3695	1103	258.995327	12.407733	1.005447e+05	1.445843e+01	1.081684e+05	1.079993e+05	5.782745e+04	5.742496e+04	3.040486e+02	1.921205e+01	2020	8	16	0
	3686	1094	258.364486	13.040422	1.007701e+05	1.484037e+01	1.083775e+05	1.081653e+05	5.801311e+04	5.762336e+04	3.041787e+02	2.902018e+01	2020	8	16	6
	3658	1094	256.401869	13.040422	1.005113e+05	1.578770e+01	1.081256e+05	1.079706e+05	5.779625e+04	5.744119e+04	3.037528e+02	2.290800e+01	2020	8	16	12
	3657	1098	256.331776	12.759226	1.006770e+05	1.562937e+01	1.083409e+05	1.081689e+05	5.801034e+04	5.760908e+04	3.036044e+02	2.004337e+01	2020	8	16	18
	3646	1092	255.560748	13.181019	1.003816e+05	1.428683e+01	1.081884e+05	1.080253e+05	5.779006e+04	5.740367e+04	3.036095e+02	2.009903e+01	2020	8	17	0
	3630	1091	254.439252	13.251318	1.006319e+05	1.452150e+01	1.084148e+05	1.081932e+05	5.799844e+04	5.766009e+04	3.035553e+02	3.465499e+01	2020	8	17	6
	3623	1090	253.948598	13.321617	1.003918e+05	1.530826e+01	1.081814e+05	1.080266e+05	5.782308e+04	5.738709e+04	3.035025e+02	3.374626e+01	2020	8	17	12
	3609	1084	252.967290	13.743409	1.005708e+05	1.692849e+01	1.083736e+05	1.082184e+05	5.799937e+04	5.758115e+04	3.035087e+02	2.719769e+01	2020	8	17	18
	3601	1082	252.406542	13.884007	1.002122e+05	1.560128e+01	1.082119e+05	1.080011e+05	5.781798e+04	5.727851e+04	3.035217e+02	2.058324e+01	2020	8	18	0
	3588	1086	251.495327	13.602812	1.004473e+05	1.536227e+01	1.083884e+05	1.081280e+05	5.801522e+04	5.747767e+04	3.033507e+02	2.959795e+01	2020	8	18	6
	3580	1083	250.934579	13.813708	1.001099e+05	1.692290e+01	1.081970e+05	1.079202e+05	5.780778e+04	5.720222e+04	3.032664e+02	3.534110e+01	2020	8	18	12
	3571	1084	250.303738	13.743409	1.002315e+05	1.821076e+01	1.084100e+05	1.081064e+05	5.798861e+04	5.729144e+04	3.029958e+02	2.874363e+01	2020	8	18	18
	3560	1080	249.532710	14.024604	9.985027e+04	1.752248e+01	1.082257e+05	1.078654e+05	5.780689e+04	5.692602e+04	3.030021e+02	2.509441e+01	2020	8	19	0
	3553	1082	249.042056	13.884007	9.995062e+04	2.132302e+01	1.083886e+05	1.079498e+05	5.796124e+04	5.691573e+04	3.028912e+02	3.411562e+01	2020	8	19	6
	3537	1078	247.920561	14.165202	9.938177e+04	1.980664e+01	1.081578e+05	1.076031e+05	5.778182e+04	5.668870e+04	3.029703e+02	3.770478e+01	2020	8	19	12
	3524	1078	247.009346	14.165202	9.940218e+04	2.264813e+01	1.083383e+05	1.078008e+05	5.796431e+04	5.668091e+04	3.029955e+02	3.567772e+01	2020	8	19	18
	3514	1078	246.308411	14.165202	9.890064e+04	2.432610e+01	1.082366e+05	1.074744e+05	5.776358e+04	5.626238e+04	3.029682e+02	3.445816e+01	2020	8	20	0
	3503	1075	245.537383	14.376098	9.877484e+04	2.676922e+01	1.083918e+05	1.076171e+05	5.795353e+04	5.615423e+04	3.028668e+02	4.090428e+01	2020	8	20	6
	3490	1071	244.626168	14.657293	9.813953e+04	2.692601e+01	1.081730e+05	1.071427e+05	5.777328e+04	5.559318e+04	3.028517e+02	4.037258e+01	2020	8	20	12
	3474	1066	243.504673	15.008787	9.793644e+04	2.753487e+01	1.083824e+05	1.071606e+05	5.796108e+04	5.558971e+04	3.028996e+02	3.965622e+01	2020	8	20	18
	3461	1061	242.593458	15.360281	9.736554e+04	2.884766e+01	1.082749e+05	1.069314e+05	5.776356e+04	5.514434e+04	3.028403e+02	3.295013e+01	2020	8	21	0
	3446	1055	241.542056	15.782074	9.719518e+04	3.202362e+01	1.084707e+05	1.070186e+05	5.801887e+04	5.515919e+04	3.028138e+02	4.132492e+01	2020	8	21	6
	3431	1047	240.490654	16.344464	9.671515e+04	3.499440e+01	1.082762e+05	1.067758e+05	5.784321e+04	5.483109e+04	3.027370e+02	4.209274e+01	2020	8	21	12
	3415	1039	239.369159	16.906854	9.685926e+04	3.313544e+01	1.084903e+05	1.069888e+05	5.804294e+04	5.503266e+04	3.023685e+02	3.410839e+01	2020	8	21	18
	3396	1031	238.037383	17.469244	9.638052e+04	3.559166e+01	1.083624e+05	1.067513e+05	5.786218e+04	5.470800e+04	3.022971e+02	2.564438e+01	2020	8	22	0
	3379	1022	236.845794	18.101933	9.671023e+04	3.409718e+01	1.085579e+05	1.070404e+05	5.813878e+04	5.499177e+04	3.015986e+02	2.449503e+01	2020	8	22	6
	3361	1014	235.584112	18.664323	9.680951e+04	3.340852e+01	1.083670e+05	1.070662e+05	5.792765e+04	5.507048e+04	3.012835e+02	2.600017e+01	2020	8	22	12
	3342	1004	234.252336	19.367311	9.737438e+04	3.109247e+01	1.085665e+05	1.074876e+05	5.816905e+04	5.552000e+04	3.009120e+02	2.362770e+01	2020	8	22	18
	3322	995	232.850467	20.000000	9.728841e+04	3.106274e+01	1.084139e+05	1.073332e+05	5.802815e+04	5.543496e+04	3.007409e+02	2.175620e+01	2020	8	23	0
	3299	988	231.238318	20.492091	9.756320e+04	3.203505e+01	1.085845e+05	1.075358e+05	5.822187e+04	5.568874e+04	3.005234e+02	1.928973e+01	2020	8	23	6
	3281	982	229.976636	20.913884	9.757361e+04	3.094924e+01	1.083193e+05	1.073776e+05	5.796598e+04	5.563450e+04	3.004042e+02	1.880186e+01	2020	8	23	12
	3264	972	228.785047	21.616871	9.812874e+04	2.927842e+01	1.085138e+05	1.077734e+05	5.817199e+04	5.609322e+04	2.999435e+02	1.575978e+01	2020	8	23	18
	3246	961	227.523364	22.390158	9.818360e+04	2.908077e+01	1.084451e+05	1.079086e+05	5.809811e+04	5.620104e+04	2.991931e+02	1.669361e+01	2020	8	24	0
	3230	957	226.401869	22.671353	9.870700e+04	2.647904e+01	1.085922e+05	1.080187e+05	5.818839e+04	5.656013e+04	2.988953e+02	1.439049e+01	2020	8	24	6
	3216	950	225.420561	23.163444	9.891101e+04	2.411532e+01	1.083721e+05	1.079889e+05	5.794044e+04	5.666580e+04	2.987146e+02	1.371533e+01	2020	8	24	12
	3202	943	224.439252	23.655536	9.937668e+04	2.217967e+01	1.085913e+05	1.080081e+05	5.804288e+04	5.702612e+04	2.985338e+02	1.120749e+01	2020	8	24	18
	3187	934	223.387850	24.288224	9.945950e+04	2.253017e+01	1.084956e+05	1.079957e+05	5.798952e+04	5.704562e+04	2.983617e+02	1.346133e+01	2020	8	25	0
	3172	932	222.336449	24.428822	9.976216e+04	2.291571e+01	1.086164e+05	1.080868e+05	5.807734e+04	5.718305e+04	2.985464e+02	1.174183e+01	2020	8	25	6
	3158	928	221.355140	24.710017	9.977967e+04	1.929555e+01	1.084111e+05	1.077130e+05	5.790437e+04	5.712936e+04	2.985922e+02	1.080958e+01	2020	8	25	12
	3149	928	220.724299	24.710017	1.001020e+05	1.925988e+01	1.085539e+05	1.077625e+05	5.800157e+04	5.735974e+04	2.986365e+02	7.529309e+00	2020	8	25	18
	3135	924	219.742991	24.991212	1.000874e+05	1.888163e+01	1.084857e+05	1.076890e+05	5.798935e+04	5.736725e+04	2.987780e+02	7.888113e+00	2020	8	26	0
	3120	926	218.691589	24.850615	1.003650e+05	1.953893e+01	1.086510e+05	1.077139e+05	5.805274e+04	5.756343e+04	2.989515e+02	8.541179e+00	2020	8	26	6
start	45	2020	8	22	12
	2280	1047	159.813084	16.344464	1.006642e+05	1.280063e+01	1.086621e+05	1.083555e+05	5.799458e+04	5.763229e+04	3.043401e+02	3.693924e+01	2020	8	22	12
	2287	1036	160.303738	17.117750	1.004085e+05	1.458930e+01	1.084648e+05	1.079512e+05	5.786392e+04	5.737355e+04	3.041993e+02	3.519074e+01	2020	8	22	18
	2263	1027	158.621495	17.750439	1.004703e+05	1.542967e+01	1.087209e+05	1.080279e+05	5.804489e+04	5.748709e+04	3.044094e+02	2.890059e+01	2020	8	23	0
	2251	1031	157.780374	17.469244	1.002510e+05	1.559354e+01	1.086396e+05	1.080333e+05	5.793556e+04	5.736689e+04	3.050168e+02	3.735374e+01	2020	8	23	6
	2258	1033	158.271028	17.328646	1.004061e+05	1.767861e+01	1.087711e+05	1.082821e+05	5.804786e+04	5.753464e+04	3.043159e+02	5.133969e+01	2020	8	23	12
	2247	1027	157.500000	17.750439	1.000804e+05	1.758548e+01	1.086529e+05	1.081669e+05	5.793500e+04	5.729294e+04	3.042188e+02	4.872318e+01	2020	8	23	18
	2237	1025	156.799065	17.891037	1.001240e+05	1.986341e+01	1.087610e+05	1.082697e+05	5.809007e+04	5.721620e+04	3.042553e+02	4.591955e+01	2020	8	24	0
	2238	1011	156.869159	18.875219	9.986063e+04	2.001811e+01	1.086683e+05	1.080829e+05	5.794247e+04	5.697279e+04	3.041841e+02	3.919054e+01	2020	8	24	6
	2225	1014	155.957944	18.664323	9.982175e+04	1.941354e+01	1.087535e+05	1.082881e+05	5.802656e+04	5.703765e+04	3.041544e+02	4.404296e+01	2020	8	24	12
	2218	1010	155.467290	18.945518	9.940292e+04	2.026826e+01	1.085491e+05	1.080385e+05	5.787791e+04	5.672867e+04	3.040548e+02	4.397543e+01	2020	8	24	18
	2210	1008	154.906542	19.086116	9.932084e+04	2.168268e+01	1.086777e+05	1.081620e+05	5.794099e+04	5.678307e+04	3.040726e+02	4.814564e+01	2020	8	25	0
	2200	1001	154.205607	19.578207	9.891805e+04	2.163934e+01	1.085594e+05	1.079293e+05	5.781292e+04	5.649078e+04	3.040883e+02	4.978358e+01	2020	8	25	6
	2193	995	153.714953	20.000000	9.881504e+04	2.243714e+01	1.086795e+05	1.080047e+05	5.791254e+04	5.649736e+04	3.039287e+02	5.439342e+01	2020	8	25	12
	2185	987	153.154206	20.562390	9.837984e+04	2.278675e+01	1.084207e+05	1.077350e+05	5.771468e+04	5.616447e+04	3.034167e+02	5.461964e+01	2020	8	25	18
	2181	981	152.873832	20.984182	9.828256e+04	2.389649e+01	1.085588e+05	1.077931e+05	5.785355e+04	5.608477e+04	3.033625e+02	5.361049e+01	2020	8	26	0
	2175	974	152.453271	21.476274	9.770402e+04	2.714864e+01	1.084531e+05	1.075029e+05	5.772704e+04	5.569403e+04	3.033728e+02	5.305397e+01	2020	8	26	6
	2167	964	151.892523	22.179261	9.746147e+04	2.852257e+01	1.085729e+05	1.075272e+05	5.782622e+04	5.565809e+04	3.032413e+02	4.957789e+01	2020	8	26	12
	2160	955	151.401869	22.811950	9.713095e+04	2.750193e+01	1.084135e+05	1.072683e+05	5.767680e+04	5.542726e+04	3.028046e+02	4.507257e+01	2020	8	26	18
	2150	943	150.700935	23.655536	9.716767e+04	2.959454e+01	1.085398e+05	1.074041e+05	5.776486e+04	5.548670e+04	3.026912e+02	4.646624e+01	2020	8	27	0
	2144	930	150.280374	24.569420	9.670180e+04	3.138965e+01	1.084458e+05	1.072241e+05	5.760168e+04	5.516119e+04	3.027825e+02	4.755094e+01	2020	8	27	6
	2142	920	150.140187	25.272407	9.674709e+04	3.130259e+01	1.086097e+05	1.072491e+05	5.771670e+04	5.520842e+04	3.025270e+02	4.786714e+01	2020	8	27	12
	2127	903	149.088785	26.467486	9.636741e+04	3.053942e+01	1.083938e+05	1.070814e+05	5.750940e+04	5.489319e+04	3.022710e+02	4.151283e+01	2020	8	27	18
	2124	889	148.878505	27.451669	9.663098e+04	3.040795e+01	1.085015e+05	1.073587e+05	5.763580e+04	5.507284e+04	3.016003e+02	3.916800e+01	2020	8	28	0
	2122	878	148.738318	28.224955	9.655206e+04	2.697485e+01	1.084228e+05	1.073095e+05	5.752805e+04	5.502021e+04	3.008074e+02	2.380299e+01	2020	8	28	6
	2115	865	148.247664	29.138839	9.708837e+04	2.541301e+01	1.085519e+05	1.075225e+05	5.764230e+04	5.538523e+04	3.005417e+02	1.991164e+01	2020	8	28	12
	2105	849	147.546729	30.263620	9.713897e+04	2.352188e+01	1.083501e+05	1.073448e+05	5.741020e+04	5.534769e+04	3.003261e+02	2.105173e+01	2020	8	28	18
	2105	830	147.546729	31.599296	9.744764e+04	2.583148e+01	1.084048e+05	1.073647e+05	5.757111e+04	5.551657e+04	3.002895e+02	2.300187e+01	2020	8	29	0
	2096	812	146.915888	32.864674	9.725969e+04	2.583536e+01	1.082965e+05	1.072760e+05	5.735794e+04	5.538169e+04	3.006158e+02	2.496852e+01	2020	8	29	6
	2081	788	145.864486	34.551845	9.741296e+04	2.682269e+01	1.082437e+05	1.071425e+05	5.736656e+04	5.543617e+04	3.020482e+02	3.408298e+01	2020	8	29	12
	2076	770	145.514019	35.817222	9.718303e+04	2.620532e+01	1.079858e+05	1.067259e+05	5.722748e+04	5.521123e+04	3.023186e+02	4.188391e+01	2020	8	29	18
	2069	751	145.023364	37.152899	9.693783e+04	2.882134e+01	1.080367e+05	1.064082e+05	5.719479e+04	5.502177e+04	3.020953e+02	3.840929e+01	2020	8	30	0
	2067	720	144.883178	39.332161	9.660935e+04	2.667481e+01	1.078326e+05	1.059074e+05	5.696206e+04	5.474546e+04	2.987771e+02	3.296632e+01	2020	8	30	6
	2072	692	145.233645	41.300526	9.667500e+04	2.749011e+01	1.079666e+05	1.056271e+05	5.709710e+04	5.465752e+04	2.973658e+02	2.342292e+01	2020	8	30	12
	2072	649	145.233645	44.323373	9.675718e+04	2.460846e+01	1.077521e+05	1.050812e+05	5.699786e+04	5.444836e+04	2.929370e+02	2.176943e+01	2020	8	30	18
	2060	619	144.392523	46.432336	9.702048e+04	2.153772e+01	1.076107e+05	1.048260e+05	5.697136e+04	5.443395e+04	2.926187e+02	2.126289e+01	2020	8	31	0
	2042	595	143.130841	48.119507	9.724438e+04	2.236428e+01	1.072529e+05	1.048719e+05	5.670382e+04	5.420866e+04	2.918191e+02	2.090182e+01	2020	8	31	6
	2015	599	141.238318	47.838312	9.761895e+04	2.005449e+01	1.064407e+05	1.048302e+05	5.626381e+04	5.400555e+04	2.920110e+02	1.475321e+01	2020	8	31	12
	2017	594	141.378505	48.189805	9.797076e+04	1.589855e+01	1.058443e+05	1.048044e+05	5.621214e+04	5.401439e+04	2.916106e+02	1.024524e+01	2020	8	31	18
	2020	586	141.588785	48.752196	9.848218e+04	1.604174e+01	1.056641e+05	1.047624e+05	5.629418e+04	5.420951e+04	2.915520e+02	6.980555e+00	2020	9	1	0
	2027	574	142.079439	49.595781	9.902445e+04	1.286826e+01	1.059830e+05	1.047684e+05	5.626796e+04	5.442103e+04	2.898792e+02	4.734645e+00	2020	9	1	6
	2055	568	144.042056	50.017573	9.944398e+04	1.183985e+01	1.064550e+05	1.047984e+05	5.640952e+04	5.467431e+04	2.893704e+02	3.018856e+00	2020	9	1	12
	2069	551	145.023364	51.212652	9.962808e+04	9.278678e+00	1.064044e+05	1.046620e+05	5.641664e+04	5.479227e+04	2.893386e+02	2.642314e+00	2020	9	1	18
	2082	544	145.934579	51.704744	9.991310e+04	8.671614e+00	1.063511e+05	1.044764e+05	5.669529e+04	5.501814e+04	2.879122e+02	1.767731e+00	2020	9	2	0
	2108	537	147.757009	52.196835	1.000783e+05	1.031291e+01	1.062486e+05	1.045239e+05	5.671643e+04	5.514122e+04	2.883814e+02	1.487767e+00	2020	9	2	6
	2135	523	149.649533	53.181018	1.003472e+05	9.028848e+00	1.058774e+05	1.044141e+05	5.674798e+04	5.532743e+04	2.878929e+02	3.139782e+00	2020	9	2	12
start	15	2020	8	23	18
	1667	1016	116.845794	18.523725	9.988705e+04	1.350965e+01	1.086631e+05	1.083267e+05	5.775632e+04	5.727163e+04	3.043176e+02	3.440522e+01	2020	8	23	18
	1645	1015	115.303738	18.594024	9.989912e+04	1.279218e+01	1.087181e+05	1.083325e+05	5.775761e+04	5.730266e+04	3.042267e+02	4.097224e+01	2020	8	24	0
	1652	1019	115.794393	18.312829	9.972333e+04	1.346752e+01	1.087657e+05	1.082956e+05	5.766038e+04	5.716745e+04	3.049727e+02	4.030297e+01	2020	8	24	6
	1639	1001	114.883178	19.578207	9.975708e+04	1.361744e+01	1.089050e+05	1.084364e+05	5.787621e+04	5.720318e+04	3.045078e+02	3.409286e+01	2020	8	24	12
	1626	1010	113.971963	18.945518	9.962288e+04	1.412184e+01	1.087504e+05	1.083203e+05	5.777592e+04	5.704027e+04	3.040904e+02	4.349147e+01	2020	8	24	18
	1626	991	113.971963	20.281195	9.962130e+04	1.558114e+01	1.088562e+05	1.083650e+05	5.787900e+04	5.710165e+04	3.039143e+02	4.525702e+01	2020	8	25	0
	1621	985	113.621495	20.702987	9.955054e+04	1.745081e+01	1.088467e+05	1.083070e+05	5.784409e+04	5.695673e+04	3.049268e+02	3.252460e+01	2020	8	25	6
	1608	974	112.710280	21.476274	9.958643e+04	1.583010e+01	1.089087e+05	1.084763e+05	5.794159e+04	5.705270e+04	3.048259e+02	2.795715e+01	2020	8	25	12
	1599	971	112.079439	21.687170	9.955777e+04	1.543046e+01	1.088232e+05	1.083454e+05	5.781622e+04	5.704607e+04	3.047339e+02	3.603179e+01	2020	8	25	18
	1549	972	108.574766	21.616871	9.968545e+04	1.139176e+01	1.087375e+05	1.082929e+05	5.758096e+04	5.702254e+04	3.052241e+02	3.370755e+01	2020	8	26	0
	1554	970	108.925234	21.757469	9.957509e+04	1.229098e+01	1.088260e+05	1.083313e+05	5.762123e+04	5.700936e+04	3.051738e+02	2.647243e+01	2020	8	26	6
	1537	976	107.733645	21.335676	9.960845e+04	1.101478e+01	1.088950e+05	1.084203e+05	5.761807e+04	5.715130e+04	3.050381e+02	3.490855e+01	2020	8	26	12
	1534	987	107.523364	20.562390	9.962259e+04	1.355291e+01	1.087944e+05	1.083734e+05	5.757671e+04	5.707026e+04	3.052429e+02	4.289210e+01	2020	8	26	18
	1514	995	106.121495	20.000000	9.962804e+04	1.251187e+01	1.087467e+05	1.083116e+05	5.755160e+04	5.698013e+04	3.056033e+02	3.816883e+01	2020	8	27	0
	1502	974	105.280374	21.476274	9.966302e+04	1.161846e+01	1.089386e+05	1.084072e+05	5.770761e+04	5.702346e+04	3.051213e+02	3.010929e+01	2020	8	27	6
start	29	2020	8	23	18
	3512	1101	246.168224	12.548330	1.009944e+05	1.269803e+01	1.085491e+05	1.082763e+05	5.817351e+04	5.771970e+04	3.025114e+02	2.122338e+01	2020	8	23	18
	3495	1096	244.976636	12.899824	1.006940e+05	1.406459e+01	1.084197e+05	1.081184e+05	5.796992e+04	5.755221e+04	3.027333e+02	1.805105e+01	2020	8	24	0
	3481	1094	243.995327	13.040422	1.009712e+05	1.340444e+01	1.086254e+05	1.083975e+05	5.814972e+04	5.781229e+04	3.027054e+02	2.399201e+01	2020	8	24	6
	3471	1093	243.294393	13.110720	1.006499e+05	1.259595e+01	1.083743e+05	1.081251e+05	5.791608e+04	5.757049e+04	3.026665e+02	2.480642e+01	2020	8	24	12
	3457	1090	242.313084	13.321617	1.008253e+05	1.422442e+01	1.086242e+05	1.083618e+05	5.812661e+04	5.775278e+04	3.026941e+02	2.297526e+01	2020	8	24	18
	3440	1081	241.121495	13.954306	1.005448e+05	1.421755e+01	1.085423e+05	1.081461e+05	5.795134e+04	5.750307e+04	3.029670e+02	2.114636e+01	2020	8	25	0
	3431	1079	240.490654	14.094903	1.007997e+05	1.502452e+01	1.087195e+05	1.084269e+05	5.812434e+04	5.770629e+04	3.027975e+02	3.205087e+01	2020	8	25	6
	3420	1071	239.719626	14.657293	1.004451e+05	1.524373e+01	1.084085e+05	1.081653e+05	5.791975e+04	5.730629e+04	3.028230e+02	2.797658e+01	2020	8	25	12
	3407	1072	238.808411	14.586994	1.006357e+05	1.627049e+01	1.086548e+05	1.083472e+05	5.810438e+04	5.753783e+04	3.027692e+02	2.352646e+01	2020	8	25	18
	3395	1067	237.967290	14.938488	1.002821e+05	1.506673e+01	1.084480e+05	1.080602e+05	5.788859e+04	5.724922e+04	3.027555e+02	2.596250e+01	2020	8	26	0
	3387	1069	237.406542	14.797891	1.004330e+05	1.653477e+01	1.086678e+05	1.082442e+05	5.807726e+04	5.738311e+04	3.027001e+02	3.154582e+01	2020	8	26	6
	3374	1071	236.495327	14.657293	1.000136e+05	1.770502e+01	1.083452e+05	1.080178e+05	5.781989e+04	5.701340e+04	3.025727e+02	3.036230e+01	2020	8	26	12
	3369	1056	236.144860	15.711775	1.001378e+05	2.042577e+01	1.085725e+05	1.081479e+05	5.806357e+04	5.726499e+04	3.024456e+02	2.643489e+01	2020	8	26	18
	3365	1054	235.864486	15.852372	9.973984e+04	1.977160e+01	1.084326e+05	1.080261e+05	5.787110e+04	5.696447e+04	3.024062e+02	2.393422e+01	2020	8	27	0
	3354	1049	235.093458	16.203866	9.994493e+04	2.180042e+01	1.085135e+05	1.081665e+05	5.804469e+04	5.705339e+04	3.023186e+02	2.246695e+01	2020	8	27	6
	3345	1040	234.462617	16.836555	9.956321e+04	2.084371e+01	1.082609e+05	1.078509e+05	5.779877e+04	5.666789e+04	3.021894e+02	2.228167e+01	2020	8	27	12
	3343	1034	234.322430	17.258348	9.962314e+04	2.747591e+01	1.084618e+05	1.080105e+05	5.804409e+04	5.680100e+04	3.019717e+02	1.908502e+01	2020	8	27	18
	3339	1026	234.042056	17.820738	9.911318e+04	2.572217e+01	1.082483e+05	1.076418e+05	5.783044e+04	5.646675e+04	3.018517e+02	1.784292e+01	2020	8	28	0
	3332	1022	233.551402	18.101933	9.935495e+04	2.378604e+01	1.085959e+05	1.080001e+05	5.803004e+04	5.675997e+04	3.016662e+02	2.117032e+01	2020	8	28	6
	3325	1015	233.060748	18.594024	9.911173e+04	2.423884e+01	1.082542e+05	1.078073e+05	5.782672e+04	5.656116e+04	3.014246e+02	2.065320e+01	2020	8	28	12
	3319	1009	232.640187	19.015817	9.929748e+04	2.747771e+01	1.084637e+05	1.079849e+05	5.806151e+04	5.671333e+04	3.012442e+02	1.845832e+01	2020	8	28	18
	3308	999	231.869159	19.718805	9.908430e+04	2.577826e+01	1.082565e+05	1.077890e+05	5.785650e+04	5.659138e+04	3.010469e+02	1.795806e+01	2020	8	29	0
	3302	994	231.448598	20.070298	9.920612e+04	2.678219e+01	1.084875e+05	1.079788e+05	5.806771e+04	5.676059e+04	3.008815e+02	1.666993e+01	2020	8	29	6
	3289	988	230.537383	20.492091	9.912001e+04	2.616496e+01	1.082446e+05	1.078739e+05	5.787905e+04	5.668446e+04	3.006493e+02	1.575327e+01	2020	8	29	12
	3281	978	229.976636	21.195079	9.947110e+04	2.608578e+01	1.084624e+05	1.079305e+05	5.807583e+04	5.699624e+04	3.002764e+02	1.134404e+01	2020	8	29	18
	3270	970	229.205607	21.757469	9.955255e+04	2.316083e+01	1.083270e+05	1.078579e+05	5.791555e+04	5.707989e+04	2.999195e+02	9.105596e+00	2020	8	30	0
	3255	966	228.154206	22.038664	1.000531e+05	2.154992e+01	1.084994e+05	1.078998e+05	5.807641e+04	5.754959e+04	2.997543e+02	6.572351e+00	2020	8	30	6
	3240	962	227.102804	22.319859	1.000828e+05	1.895244e+01	1.082160e+05	1.075446e+05	5.782186e+04	5.743935e+04	2.994421e+02	7.412662e+00	2020	8	30	12
	3226	958	226.121495	22.601054	1.004758e+05	1.768652e+01	1.084855e+05	1.075841e+05	5.802900e+04	5.774991e+04	2.991871e+02	7.112218e+00	2020	8	30	18
start	10	2020	8	28	6
	4722	1078	330.981308	14.165202	1.009317e+05	1.602132e+01	1.082493e+05	1.080236e+05	5.807873e+04	5.754984e+04	3.021790e+02	1.822119e+01	2020	8	28	6
	4719	1079	330.771028	14.094903	1.011294e+05	1.309457e+01	1.085220e+05	1.082533e+05	5.827004e+04	5.772547e+04	3.022296e+02	1.329633e+01	2020	8	28	12
	4706	1070	329.859813	14.727592	1.008307e+05	1.333188e+01	1.083440e+05	1.080965e+05	5.808811e+04	5.750456e+04	3.019289e+02	9.168740e+00	2020	8	28	18
	4695	1064	329.088785	15.149385	1.011034e+05	1.437628e+01	1.084507e+05	1.082593e+05	5.830036e+04	5.775433e+04	3.017307e+02	8.401151e+00	2020	8	29	0
	4675	1054	327.686916	15.852372	1.007990e+05	1.705744e+01	1.082247e+05	1.079653e+05	5.806562e+04	5.758622e+04	3.015523e+02	8.270490e+00	2020	8	29	6
	4656	1051	326.355140	16.063269	1.009504e+05	1.632504e+01	1.084430e+05	1.081536e+05	5.823649e+04	5.780354e+04	3.014834e+02	6.108140e+00	2020	8	29	12
	4639	1043	325.163551	16.625659	1.008419e+05	1.543436e+01	1.083542e+05	1.079941e+05	5.813284e+04	5.776671e+04	3.013221e+02	5.077782e+00	2020	8	29	18
	4622	1041	323.971963	16.766256	1.011484e+05	1.611463e+01	1.085173e+05	1.080704e+05	5.833716e+04	5.797825e+04	3.013153e+02	7.374115e+00	2020	8	30	0
	4591	1033	321.799065	17.328646	1.009123e+05	1.665040e+01	1.082090e+05	1.077261e+05	5.810514e+04	5.768815e+04	3.011841e+02	7.483825e+00	2020	8	30	6
	4575	1024	320.677570	17.961335	1.012165e+05	1.557266e+01	1.084235e+05	1.078449e+05	5.831985e+04	5.792767e+04	3.007433e+02	2.757965e+00	2020	8	30	12
start	10	2020	8	28	12
	1957	994	137.172897	20.070298	9.995419e+04	1.694275e+01	1.087648e+05	1.082519e+05	5.781773e+04	5.728205e+04	3.045377e+02	2.804578e+01	2020	8	28	12
	1993	963	139.696262	22.249560	9.963971e+04	1.764713e+01	1.085965e+05	1.077972e+05	5.764164e+04	5.703459e+04	3.041698e+02	3.467446e+01	2020	8	28	18
	2022	954	141.728972	22.882249	9.969966e+04	2.068083e+01	1.087957e+05	1.078126e+05	5.788006e+04	5.702737e+04	3.040565e+02	3.704373e+01	2020	8	29	0
	2059	939	144.322430	23.936731	9.943009e+04	2.083938e+01	1.087208e+05	1.077187e+05	5.778046e+04	5.661514e+04	3.036786e+02	2.610844e+01	2020	8	29	6
	2094	916	146.775701	25.553602	9.930884e+04	2.178163e+01	1.089053e+05	1.077942e+05	5.796610e+04	5.666044e+04	3.032634e+02	2.498739e+01	2020	8	29	12
	2111	885	147.967290	27.732864	9.885742e+04	2.319904e+01	1.086380e+05	1.074012e+05	5.768766e+04	5.650295e+04	3.006130e+02	2.339733e+01	2020	8	29	18
	2123	852	148.808411	30.052723	9.866770e+04	2.467220e+01	1.087184e+05	1.072699e+05	5.779737e+04	5.650178e+04	2.999716e+02	1.610508e+01	2020	8	30	0
	2140	823	150.000000	32.091388	9.889400e+04	2.326213e+01	1.086083e+05	1.070540e+05	5.770902e+04	5.633209e+04	3.008067e+02	1.356614e+01	2020	8	30	6
	2146	789	150.420561	34.481546	9.924824e+04	2.266120e+01	1.087490e+05	1.066828e+05	5.789293e+04	5.624855e+04	3.008198e+02	1.721320e+01	2020	8	30	12
	2151	749	150.771028	37.293497	9.931020e+04	2.236093e+01	1.085886e+05	1.061361e+05	5.784329e+04	5.593509e+04	3.005170e+02	1.679393e+01	2020	8	30	18
start	23	2020	8	28	18
	1360	971	95.327103	21.687170	9.968062e+04	9.457679e+00	1.089938e+05	1.084978e+05	5.778257e+04	5.708595e+04	-9.000000e+33	3.915714e+01	2020	8	28	18
	1353	960	94.836449	22.460456	9.974177e+04	8.389730e+00	1.088788e+05	1.083866e+05	5.771225e+04	5.706754e+04	-9.000000e+33	3.163185e+01	2020	8	29	0
	1309	954	91.752336	22.882249	9.906025e+04	1.428546e+01	1.091398e+05	1.083788e+05	5.785129e+04	5.669824e+04	3.036216e+02	2.624553e+01	2020	8	29	6
	1303	950	91.331776	23.163444	9.918682e+04	1.166788e+01	1.090839e+05	1.085384e+05	5.770992e+04	5.700613e+04	3.037831e+02	2.892272e+01	2020	8	29	12
	1289	945	90.350467	23.514938	9.943346e+04	1.257197e+01	1.091091e+05	1.085690e+05	5.775868e+04	5.711823e+04	3.039258e+02	4.287462e+01	2020	8	29	18
	1272	939	89.158879	23.936731	9.937112e+04	8.352007e+00	1.089514e+05	1.084257e+05	5.771434e+04	5.696393e+04	3.037939e+02	3.196921e+01	2020	8	30	0
	1252	941	87.757009	23.796133	9.918974e+04	8.991446e+00	1.091094e+05	1.085710e+05	5.780746e+04	5.701755e+04	3.038625e+02	2.183033e+01	2020	8	30	6
	1239	943	86.845794	23.655536	9.918205e+04	8.936378e+00	1.090438e+05	1.084823e+05	5.760996e+04	5.702557e+04	3.038323e+02	1.735714e+01	2020	8	30	12
	1233	942	86.425234	23.725834	9.938184e+04	8.777199e+00	1.090671e+05	1.085357e+05	5.772927e+04	5.710755e+04	-9.000000e+33	2.787078e+01	2020	8	30	18
	1220	935	85.514019	24.217926	9.951016e+04	7.334285e+00	1.088889e+05	1.083722e+05	5.767024e+04	5.700898e+04	-9.000000e+33	1.621251e+01	2020	8	31	0
	1208	932	84.672897	24.428822	9.958955e+04	9.705972e+00	1.091365e+05	1.085902e+05	5.779614e+04	5.722177e+04	-9.000000e+33	2.216492e+01	2020	8	31	6
	1191	922	83.481308	25.131810	9.937865e+04	7.165073e+00	1.091401e+05	1.085622e+05	5.765738e+04	5.710806e+04	-9.000000e+33	2.022327e+01	2020	8	31	12
	1171	925	82.079439	24.920913	9.961964e+04	7.401494e+00	1.091391e+05	1.086269e+05	5.784261e+04	5.725131e+04	-9.000000e+33	2.263140e+01	2020	8	31	18
	1155	929	80.957944	24.639718	9.949172e+04	8.527229e+00	1.089633e+05	1.084242e+05	5.766771e+04	5.707220e+04	-9.000000e+33	2.000807e+01	2020	9	1	0
	1140	936	79.906542	24.147627	9.966189e+04	1.007120e+01	1.091941e+05	1.086569e+05	5.777024e+04	5.721499e+04	-9.000000e+33	2.319502e+01	2020	9	1	6
	1152	929	80.747664	24.639718	9.939180e+04	8.771055e+00	1.091995e+05	1.085493e+05	5.768809e+04	5.715493e+04	-9.000000e+33	1.635015e+01	2020	9	1	12
	1148	920	80.467290	25.272407	9.967834e+04	9.099319e+00	1.091996e+05	1.086807e+05	5.788920e+04	5.731534e+04	-9.000000e+33	1.527697e+01	2020	9	1	18
	1145	917	80.257009	25.483304	9.961998e+04	7.923406e+00	1.090565e+05	1.084685e+05	5.775455e+04	5.719084e+04	-9.000000e+33	1.310847e+01	2020	9	2	0
	1132	908	79.345794	26.115992	9.986364e+04	9.109842e+00	1.093293e+05	1.087657e+05	5.796024e+04	5.746604e+04	-9.000000e+33	1.819632e+01	2020	9	2	6
	1114	901	78.084112	26.608084	9.964620e+04	7.731839e+00	1.092478e+05	1.086586e+05	5.774075e+04	5.732580e+04	-9.000000e+33	1.025635e+01	2020	9	2	12
	1108	904	77.663551	26.397188	9.993977e+04	5.654953e+00	1.092883e+05	1.087555e+05	5.787437e+04	5.752367e+04	-9.000000e+33	1.481139e+01	2020	9	2	18
	1091	906	76.471963	26.256590	9.989425e+04	5.406883e+00	1.090718e+05	1.084843e+05	5.774253e+04	5.736907e+04	-9.000000e+33	1.395566e+01	2020	9	3	0
	1080	901	75.700935	26.608084	1.000673e+05	7.783521e+00	1.093607e+05	1.087954e+05	5.797503e+04	5.761826e+04	-9.000000e+33	1.283841e+01	2020	9	3	6
start	10	2020	9	1	6
	1824	997	127.850467	19.859402	9.990920e+04	1.207058e+01	1.084896e+05	1.080820e+05	5.762348e+04	5.720098e+04	3.042434e+02	2.566053e+01	2020	9	1	6
	1820	987	127.570093	20.562390	1.000600e+05	8.782083e+00	1.086822e+05	1.082341e+05	5.774235e+04	5.731113e+04	3.041721e+02	2.442457e+01	2020	9	1	12
	1821	994	127.640187	20.070298	9.987448e+04	1.147670e+01	1.085017e+05	1.081739e+05	5.758683e+04	5.712866e+04	3.041160e+02	2.413783e+01	2020	9	1	18
	1810	983	126.869159	20.843585	1.000366e+05	1.134419e+01	1.086678e+05	1.082349e+05	5.774479e+04	5.719827e+04	3.040671e+02	1.420028e+01	2020	9	2	0
	1813	979	127.079439	21.124780	9.985420e+04	1.167866e+01	1.086536e+05	1.082827e+05	5.769044e+04	5.711128e+04	3.041915e+02	1.142040e+01	2020	9	2	6
	1805	965	126.518692	22.108963	1.000441e+05	1.394217e+01	1.089804e+05	1.084727e+05	5.796477e+04	5.733167e+04	3.041411e+02	1.089412e+01	2020	9	2	12
	1769	959	123.995327	22.530755	9.995403e+04	1.395428e+01	1.088715e+05	1.083272e+05	5.784602e+04	5.730728e+04	3.041828e+02	1.172044e+01	2020	9	2	18
	1748	945	122.523364	23.514938	1.000527e+05	1.364620e+01	1.090529e+05	1.083944e+05	5.801280e+04	5.741527e+04	3.041524e+02	9.940378e+00	2020	9	3	0
	1715	929	120.210280	24.639718	9.994885e+04	1.427310e+01	1.090280e+05	1.084915e+05	5.799971e+04	5.734111e+04	3.050681e+02	9.399690e+00	2020	9	3	6
	1696	931	118.878505	24.499121	1.001042e+05	1.366395e+01	1.091779e+05	1.086274e+05	5.809588e+04	5.748568e+04	3.044878e+02	8.098173e+00	2020	9	3	12
start	49	2020	9	1	18
	2068	1063	144.953271	15.219683	1.001416e+05	1.331607e+01	1.085492e+05	1.083084e+05	5.768941e+04	5.722462e+04	3.036736e+02	3.768759e+01	2020	9	1	18
	2058	1052	144.252336	15.992970	1.002874e+05	1.297664e+01	1.087208e+05	1.085022e+05	5.786536e+04	5.740090e+04	3.036538e+02	3.215629e+01	2020	9	2	0
	2047	1049	143.481308	16.203866	9.995538e+04	1.333629e+01	1.085757e+05	1.082878e+05	5.773265e+04	5.716175e+04	3.037730e+02	3.381368e+01	2020	9	2	6
	2041	1045	143.060748	16.485061	1.000689e+05	1.550540e+01	1.087206e+05	1.083945e+05	5.789536e+04	5.729380e+04	3.036984e+02	3.576982e+01	2020	9	2	12
	2030	1037	142.289720	17.047451	9.974642e+04	1.739352e+01	1.085603e+05	1.081678e+05	5.775126e+04	5.706626e+04	3.037792e+02	3.387847e+01	2020	9	2	18
	2016	1031	141.308411	17.469244	9.986795e+04	1.633106e+01	1.087620e+05	1.084061e+05	5.791818e+04	5.717439e+04	3.038203e+02	3.675376e+01	2020	9	3	0
	2008	1030	140.747664	17.539543	9.951130e+04	1.574656e+01	1.086476e+05	1.081727e+05	5.776822e+04	5.687264e+04	3.038867e+02	4.101200e+01	2020	9	3	6
	2003	1025	140.397196	17.891037	9.953293e+04	1.701166e+01	1.087666e+05	1.083557e+05	5.791640e+04	5.691662e+04	3.038883e+02	4.363010e+01	2020	9	3	12
	2000	1018	140.186916	18.383128	9.909731e+04	1.874946e+01	1.085723e+05	1.081164e+05	5.772812e+04	5.658881e+04	3.039502e+02	4.623162e+01	2020	9	3	18
	1995	1014	139.836449	18.664323	9.904688e+04	2.052877e+01	1.086723e+05	1.081500e+05	5.785928e+04	5.665113e+04	3.039929e+02	4.812408e+01	2020	9	4	0
	1996	1007	139.906542	19.156414	9.857514e+04	2.221224e+01	1.085899e+05	1.078581e+05	5.767306e+04	5.618768e+04	3.040140e+02	4.978991e+01	2020	9	4	6
	1996	1000	139.906542	19.648506	9.848324e+04	2.211867e+01	1.086536e+05	1.077713e+05	5.777394e+04	5.610100e+04	3.039425e+02	5.267466e+01	2020	9	4	12
	1999	989	140.116822	20.421792	9.804473e+04	2.326875e+01	1.084740e+05	1.074676e+05	5.754114e+04	5.575675e+04	3.038672e+02	5.238697e+01	2020	9	4	18
	2000	976	140.186916	21.335676	9.800312e+04	2.333180e+01	1.085912e+05	1.075182e+05	5.760606e+04	5.573485e+04	3.036812e+02	5.104856e+01	2020	9	5	0
	2002	961	140.327103	22.390158	9.764430e+04	2.356427e+01	1.084752e+05	1.072053e+05	5.749612e+04	5.540022e+04	3.036692e+02	5.603676e+01	2020	9	5	6
	2002	950	140.327103	23.163444	9.756265e+04	2.407171e+01	1.086372e+05	1.073279e+05	5.764101e+04	5.549260e+04	3.034594e+02	5.268391e+01	2020	9	5	12
	1995	936	139.836449	24.147627	9.732345e+04	2.255070e+01	1.084668e+05	1.071955e+05	5.735689e+04	5.535711e+04	3.031279e+02	4.815298e+01	2020	9	5	18
	1993	926	139.696262	24.850615	9.747662e+04	2.184713e+01	1.086145e+05	1.073985e+05	5.745743e+04	5.552835e+04	3.029192e+02	3.844784e+01	2020	9	6	0
	1989	917	139.415888	25.483304	9.726001e+04	2.172491e+01	1.085030e+05	1.073405e+05	5.728846e+04	5.537914e+04	3.027061e+02	3.221419e+01	2020	9	6	6
	1988	912	139.345794	25.834797	9.740572e+04	2.231312e+01	1.086450e+05	1.075080e+05	5.739100e+04	5.553525e+04	3.025829e+02	2.321161e+01	2020	9	6	12
	1992	902	139.626168	26.537785	9.734476e+04	2.097388e+01	1.085447e+05	1.074774e+05	5.732139e+04	5.546416e+04	3.023485e+02	2.479692e+01	2020	9	6	18
	1991	897	139.556075	26.889279	9.753217e+04	2.225202e+01	1.086892e+05	1.076824e+05	5.751923e+04	5.567418e+04	3.021232e+02	2.082520e+01	2020	9	7	0
	1989	892	139.415888	27.240773	9.738338e+04	2.197356e+01	1.087247e+05	1.076171e+05	5.745448e+04	5.555805e+04	3.017995e+02	1.920331e+01	2020	9	7	6
	1982	889	138.925234	27.451669	9.755980e+04	2.426997e+01	1.089113e+05	1.077446e+05	5.763216e+04	5.572554e+04	3.016592e+02	2.272432e+01	2020	9	7	12
	1973	886	138.294393	27.662565	9.740530e+04	2.250838e+01	1.087242e+05	1.076145e+05	5.753829e+04	5.558752e+04	3.016230e+02	2.489365e+01	2020	9	7	18
	1958	889	137.242991	27.451669	9.750748e+04	2.393597e+01	1.087884e+05	1.077103e+05	5.759350e+04	5.569871e+04	3.019207e+02	2.438441e+01	2020	9	8	0
	1945	888	136.331776	27.521968	9.724886e+04	2.322997e+01	1.087028e+05	1.075720e+05	5.751122e+04	5.552777e+04	3.018856e+02	2.707399e+01	2020	9	8	6
	1933	890	135.490654	27.381370	9.731120e+04	2.489331e+01	1.088000e+05	1.077019e+05	5.761086e+04	5.558876e+04	3.022914e+02	3.214049e+01	2020	9	8	12
	1923	895	134.789720	27.029876	9.710873e+04	2.570626e+01	1.084840e+05	1.075270e+05	5.736849e+04	5.539231e+04	3.024464e+02	3.162538e+01	2020	9	8	18
	1912	893	134.018692	27.170474	9.719271e+04	2.461496e+01	1.085512e+05	1.075897e+05	5.741755e+04	5.546716e+04	3.029790e+02	3.105626e+01	2020	9	9	0
	1910	887	133.878505	27.592267	9.697110e+04	2.570143e+01	1.084366e+05	1.074898e+05	5.731316e+04	5.526853e+04	3.029278e+02	3.464155e+01	2020	9	9	6
	1894	877	132.757009	28.295254	9.702918e+04	2.869870e+01	1.085323e+05	1.075614e+05	5.745645e+04	5.537713e+04	3.028367e+02	3.694976e+01	2020	9	9	12
	1896	866	132.897196	29.068541	9.692570e+04	2.608175e+01	1.083870e+05	1.073929e+05	5.734186e+04	5.523779e+04	3.027464e+02	3.444238e+01	2020	9	9	18
	1896	872	132.897196	28.646748	9.705938e+04	2.578866e+01	1.085281e+05	1.075509e+05	5.748351e+04	5.538070e+04	3.026640e+02	3.821602e+01	2020	9	10	0
	1897	860	132.967290	29.490333	9.703380e+04	2.568941e+01	1.084857e+05	1.075035e+05	5.733880e+04	5.531175e+04	3.028359e+02	4.552783e+01	2020	9	10	6
	1896	841	132.897196	30.826010	9.703988e+04	2.795096e+01	1.085792e+05	1.076017e+05	5.744629e+04	5.543182e+04	3.028778e+02	4.242565e+01	2020	9	10	12
	1912	827	134.018692	31.810193	9.707825e+04	2.458050e+01	1.084184e+05	1.074440e+05	5.734038e+04	5.537914e+04	3.024915e+02	4.080677e+01	2020	9	10	18
	1912	813	134.018692	32.794375	9.744546e+04	2.544806e+01	1.085553e+05	1.074366e+05	5.736995e+04	5.562211e+04	3.029727e+02	3.759772e+01	2020	9	11	0
	1928	800	135.140187	33.708259	9.767123e+04	2.403702e+01	1.084605e+05	1.071579e+05	5.731935e+04	5.582403e+04	3.032065e+02	3.540928e+01	2020	9	11	6
	1948	794	136.542056	34.130052	9.807518e+04	2.236672e+01	1.086582e+05	1.069778e+05	5.759449e+04	5.625641e+04	3.031523e+02	2.581645e+01	2020	9	11	12
	1984	745	139.065421	37.574692	9.817904e+04	1.973610e+01	1.083888e+05	1.060549e+05	5.718993e+04	5.586063e+04	3.012061e+02	3.990393e+01	2020	9	11	18
	1998	714	140.046729	39.753953	9.812979e+04	1.984994e+01	1.084121e+05	1.054337e+05	5.706929e+04	5.562206e+04	3.007595e+02	4.648796e+01	2020	9	12	0
	2017	687	141.378505	41.652020	9.761736e+04	2.096618e+01	1.082630e+05	1.049993e+05	5.677120e+04	5.536524e+04	2.999402e+02	4.991865e+01	2020	9	12	6
	2060	670	144.392523	42.847099	9.763780e+04	2.360577e+01	1.082685e+05	1.049859e+05	5.694031e+04	5.494818e+04	2.960306e+02	4.315662e+01	2020	9	12	12
	2087	646	146.285047	44.534270	9.739972e+04	2.248989e+01	1.078986e+05	1.042757e+05	5.658949e+04	5.447475e+04	2.910404e+02	2.548893e+01	2020	9	12	18
	2092	645	146.635514	44.604568	9.728723e+04	2.611118e+01	1.079487e+05	1.037376e+05	5.662979e+04	5.405857e+04	2.910021e+02	1.228777e+01	2020	9	13	0
	2144	637	150.280374	45.166958	9.733094e+04	2.539532e+01	1.079962e+05	1.036136e+05	5.669868e+04	5.389014e+04	2.910833e+02	7.892083e+00	2020	9	13	6
	2179	629	152.733645	45.729349	9.758962e+04	2.311387e+01	1.079210e+05	1.030569e+05	5.666848e+04	5.389979e+04	2.929373e+02	4.238593e+00	2020	9	13	12
	2231	632	156.378505	45.518452	9.786716e+04	2.262624e+01	1.078469e+05	1.026171e+05	5.674873e+04	5.376593e+04	2.940096e+02	3.156926e+00	2020	9	13	18
start	30	2020	9	2	12
	2320	963	162.616822	22.249560	1.006264e+05	1.449505e+01	1.086468e+05	1.082514e+05	5.809801e+04	5.756800e+04	3.040645e+02	2.657534e+01	2020	9	2	12
	2302	965	161.355140	22.108963	1.004705e+05	1.302683e+01	1.085370e+05	1.080508e+05	5.798769e+04	5.743722e+04	3.036564e+02	2.429302e+01	2020	9	2	18
	2297	972	161.004673	21.616871	1.005613e+05	1.247002e+01	1.086136e+05	1.081164e+05	5.802282e+04	5.754567e+04	3.038848e+02	2.127099e+01	2020	9	3	0
	2304	972	161.495327	21.616871	1.003395e+05	1.250769e+01	1.085258e+05	1.079726e+05	5.786700e+04	5.746368e+04	3.046834e+02	1.966198e+01	2020	9	3	6
	2313	970	162.126168	21.757469	1.004366e+05	1.213488e+01	1.086438e+05	1.082169e+05	5.797788e+04	5.754843e+04	3.038381e+02	2.637999e+01	2020	9	3	12
	2312	957	162.056075	22.671353	1.002320e+05	1.226641e+01	1.084135e+05	1.080452e+05	5.781792e+04	5.732483e+04	3.036172e+02	2.207011e+01	2020	9	3	18
	2306	957	161.635514	22.671353	1.002362e+05	1.208395e+01	1.085185e+05	1.080965e+05	5.788382e+04	5.736907e+04	3.036850e+02	2.114623e+01	2020	9	4	0
	2308	965	161.775701	22.108963	1.000145e+05	1.171387e+01	1.084263e+05	1.079629e+05	5.779310e+04	5.719143e+04	3.037916e+02	2.163083e+01	2020	9	4	6
	2318	957	162.476636	22.671353	1.001090e+05	1.388313e+01	1.085002e+05	1.080669e+05	5.792004e+04	5.724804e+04	3.035808e+02	2.919586e+01	2020	9	4	12
	2318	950	162.476636	23.163444	9.982921e+04	1.350788e+01	1.083242e+05	1.078320e+05	5.772254e+04	5.705969e+04	3.035046e+02	2.617623e+01	2020	9	4	18
	2322	946	162.757009	23.444639	9.985181e+04	1.379716e+01	1.083963e+05	1.080201e+05	5.781104e+04	5.708436e+04	3.033787e+02	2.098699e+01	2020	9	5	0
	2317	945	162.406542	23.514938	9.962927e+04	1.370066e+01	1.082906e+05	1.079824e+05	5.768238e+04	5.689420e+04	3.033917e+02	1.932725e+01	2020	9	5	6
	2319	939	162.546729	23.936731	9.973791e+04	1.516733e+01	1.084538e+05	1.081518e+05	5.781045e+04	5.701210e+04	3.030706e+02	2.350490e+01	2020	9	5	12
	2317	935	162.406542	24.217926	9.956387e+04	1.512613e+01	1.083471e+05	1.079619e+05	5.767403e+04	5.690005e+04	3.029219e+02	2.188671e+01	2020	9	5	18
	2325	930	162.967290	24.569420	9.959976e+04	1.680110e+01	1.084613e+05	1.080698e+05	5.781250e+04	5.696002e+04	3.026233e+02	2.134748e+01	2020	9	6	0
	2331	918	163.387850	25.413005	9.935709e+04	1.992909e+01	1.083818e+05	1.079208e+05	5.773633e+04	5.671175e+04	3.021530e+02	2.864848e+01	2020	9	6	6
	2326	907	163.037383	26.186291	9.920503e+04	2.452786e+01	1.084626e+05	1.078799e+05	5.776659e+04	5.659975e+04	3.019864e+02	3.598267e+01	2020	9	6	12
	2332	898	163.457944	26.818980	9.892324e+04	2.675238e+01	1.082874e+05	1.077543e+05	5.770081e+04	5.647600e+04	3.015363e+02	2.922994e+01	2020	9	6	18
	2331	888	163.387850	27.521968	9.903509e+04	2.217338e+01	1.083949e+05	1.078903e+05	5.784124e+04	5.654014e+04	3.014693e+02	1.664866e+01	2020	9	7	0
	2324	876	162.897196	28.365553	9.908969e+04	2.185749e+01	1.085074e+05	1.078284e+05	5.785247e+04	5.656977e+04	3.013181e+02	9.800540e+00	2020	9	7	6
	2304	866	161.495327	29.068541	9.938098e+04	2.009265e+01	1.088125e+05	1.079129e+05	5.804388e+04	5.683515e+04	3.013565e+02	1.190651e+01	2020	9	7	12
	2290	860	160.514019	29.490333	9.930947e+04	2.391924e+01	1.087261e+05	1.077007e+05	5.802333e+04	5.677204e+04	3.011754e+02	1.159936e+01	2020	9	7	18
	2270	848	159.112150	30.333919	9.949723e+04	2.062838e+01	1.089605e+05	1.078433e+05	5.819896e+04	5.700326e+04	3.008808e+02	5.694267e+00	2020	9	8	0
	2252	839	157.850467	30.966607	9.956204e+04	1.811065e+01	1.089668e+05	1.078250e+05	5.817910e+04	5.700047e+04	3.007056e+02	6.971505e+00	2020	9	8	6
	2240	823	157.009346	32.091388	9.979328e+04	2.083274e+01	1.090753e+05	1.081210e+05	5.824959e+04	5.723948e+04	3.006696e+02	5.773997e+00	2020	9	8	12
	2227	812	156.098131	32.864674	9.987580e+04	1.662520e+01	1.089446e+05	1.081263e+05	5.814755e+04	5.730635e+04	3.006588e+02	5.689141e+00	2020	9	8	18
	2218	797	155.467290	33.919156	1.001542e+05	1.604723e+01	1.089994e+05	1.084809e+05	5.824876e+04	5.760039e+04	3.009415e+02	4.694394e+00	2020	9	9	0
	2217	791	155.397196	34.340948	1.001064e+05	1.617247e+01	1.089479e+05	1.084435e+05	5.814659e+04	5.757409e+04	3.014640e+02	2.834398e+00	2020	9	9	6
	2225	777	155.957944	35.325131	1.003750e+05	1.555645e+01	1.089825e+05	1.085047e+05	5.826437e+04	5.780343e+04	3.010291e+02	3.809876e+00	2020	9	9	12
	2234	764	156.588785	36.239015	1.004274e+05	1.615728e+01	1.087920e+05	1.080874e+05	5.817263e+04	5.751358e+04	3.009469e+02	4.827219e+00	2020	9	9	18
start	65	2020	9	7	0
	2633	1070	184.556075	14.727592	1.007788e+05	1.256353e+01	1.083715e+05	1.080410e+05	5.801628e+04	5.759901e+04	3.039621e+02	1.521960e+01	2020	9	7	0
	2625	1064	183.995327	15.149385	1.007672e+05	1.263304e+01	1.083571e+05	1.079872e+05	5.804017e+04	5.763559e+04	3.037696e+02	1.252034e+01	2020	9	7	6
	2614	1058	183.224299	15.571177	1.008238e+05	1.379700e+01	1.083412e+05	1.080260e+05	5.807605e+04	5.777560e+04	3.033869e+02	2.083725e+01	2020	9	7	12
	2603	1053	182.453271	15.922671	1.007203e+05	1.251303e+01	1.083616e+05	1.079062e+05	5.802578e+04	5.768320e+04	3.033044e+02	2.267460e+01	2020	9	7	18
	2598	1052	182.102804	15.992970	1.007307e+05	1.342451e+01	1.083702e+05	1.079996e+05	5.804679e+04	5.772482e+04	3.036491e+02	1.750867e+01	2020	9	8	0
	2591	1052	181.612150	15.992970	1.006436e+05	1.335447e+01	1.083403e+05	1.079785e+05	5.797845e+04	5.766930e+04	3.036624e+02	1.834567e+01	2020	9	8	6
	2582	1050	180.981308	16.133567	1.006406e+05	1.312365e+01	1.083516e+05	1.080350e+05	5.802320e+04	5.768288e+04	3.034995e+02	2.247181e+01	2020	9	8	12
	2576	1055	180.560748	15.782074	1.005185e+05	1.339980e+01	1.082049e+05	1.079406e+05	5.787347e+04	5.757098e+04	3.034606e+02	1.803708e+01	2020	9	8	18
	2565	1058	179.789720	15.571177	1.004803e+05	1.368759e+01	1.082898e+05	1.080793e+05	5.794629e+04	5.758450e+04	3.035161e+02	1.640888e+01	2020	9	9	0
	2567	1059	179.929907	15.500878	1.003340e+05	1.414330e+01	1.082289e+05	1.080590e+05	5.778624e+04	5.742749e+04	3.034808e+02	1.674061e+01	2020	9	9	6
	2562	1065	179.579439	15.079086	1.003502e+05	1.361106e+01	1.082892e+05	1.080990e+05	5.787239e+04	5.745691e+04	3.034728e+02	2.426810e+01	2020	9	9	12
	2559	1066	179.369159	15.008787	1.002435e+05	1.359678e+01	1.082298e+05	1.080395e+05	5.778662e+04	5.731832e+04	3.034402e+02	2.134529e+01	2020	9	9	18
	2559	1066	179.369159	15.008787	1.002112e+05	1.349935e+01	1.083270e+05	1.080528e+05	5.781763e+04	5.723111e+04	3.034385e+02	1.958025e+01	2020	9	10	0
	2562	1064	179.579439	15.149385	1.000569e+05	1.392599e+01	1.082563e+05	1.079216e+05	5.774711e+04	5.699807e+04	3.034114e+02	2.366164e+01	2020	9	10	6
	2563	1060	179.649533	15.430580	9.995735e+04	1.528085e+01	1.083144e+05	1.077745e+05	5.777133e+04	5.687197e+04	3.033415e+02	2.809977e+01	2020	9	10	12
	2561	1061	179.509346	15.360281	9.963157e+04	1.768912e+01	1.081848e+05	1.076180e+05	5.775578e+04	5.664680e+04	3.033133e+02	2.703799e+01	2020	9	10	18
	2561	1058	179.509346	15.571177	9.946641e+04	1.650503e+01	1.083053e+05	1.076496e+05	5.775204e+04	5.650371e+04	3.033021e+02	2.968209e+01	2020	9	11	0
	2559	1056	179.369159	15.711775	9.929070e+04	1.827912e+01	1.083072e+05	1.076636e+05	5.774469e+04	5.637535e+04	3.032787e+02	3.396632e+01	2020	9	11	6
	2554	1054	179.018692	15.852372	9.922928e+04	1.975731e+01	1.083735e+05	1.077989e+05	5.780535e+04	5.642991e+04	3.032599e+02	3.236615e+01	2020	9	11	12
	2547	1054	178.528037	15.852372	9.901068e+04	1.945719e+01	1.083284e+05	1.077772e+05	5.777841e+04	5.635250e+04	3.032893e+02	2.751846e+01	2020	9	11	18
	2544	1052	178.317757	15.992970	9.887605e+04	2.071408e+01	1.084485e+05	1.077693e+05	5.784078e+04	5.629422e+04	3.032726e+02	3.282495e+01	2020	9	12	0
	2538	1051	177.897196	16.063269	9.864750e+04	2.142955e+01	1.084583e+05	1.076510e+05	5.784825e+04	5.617136e+04	3.032955e+02	3.445939e+01	2020	9	12	6
	2529	1050	177.266355	16.133567	9.849872e+04	2.276864e+01	1.085565e+05	1.076442e+05	5.789835e+04	5.605201e+04	3.032953e+02	3.291770e+01	2020	9	12	12
	2522	1050	176.775701	16.133567	9.816529e+04	2.464538e+01	1.084388e+05	1.075416e+05	5.785982e+04	5.590024e+04	3.032676e+02	3.275869e+01	2020	9	12	18
	2513	1050	176.144860	16.133567	9.799898e+04	2.477171e+01	1.085516e+05	1.075355e+05	5.792188e+04	5.579380e+04	3.032767e+02	4.101266e+01	2020	9	13	0
	2507	1049	175.724299	16.203866	9.756120e+04	2.562691e+01	1.085710e+05	1.073150e+05	5.788786e+04	5.547159e+04	3.032194e+02	4.052250e+01	2020	9	13	6
	2498	1048	175.093458	16.274165	9.729938e+04	2.851885e+01	1.085911e+05	1.072722e+05	5.788607e+04	5.533632e+04	3.031607e+02	4.210503e+01	2020	9	13	12
	2489	1043	174.462617	16.625659	9.700879e+04	3.007554e+01	1.084234e+05	1.070619e+05	5.780889e+04	5.509528e+04	3.031570e+02	4.144817e+01	2020	9	13	18
	2477	1039	173.621495	16.906854	9.681537e+04	2.933279e+01	1.085940e+05	1.071197e+05	5.782553e+04	5.503407e+04	3.032373e+02	4.564039e+01	2020	9	14	0
	2468	1032	172.990654	17.398945	9.628625e+04	3.082767e+01	1.085903e+05	1.068738e+05	5.776295e+04	5.466129e+04	3.032814e+02	4.833688e+01	2020	9	14	6
	2456	1023	172.149533	18.031634	9.610423e+04	3.283727e+01	1.086306e+05	1.068545e+05	5.785260e+04	5.459323e+04	3.032529e+02	4.846461e+01	2020	9	14	12
	2446	1017	171.448598	18.453427	9.588082e+04	3.275088e+01	1.085362e+05	1.067574e+05	5.779744e+04	5.444029e+04	3.031902e+02	4.828119e+01	2020	9	14	18
	2436	1008	170.747664	19.086116	9.565615e+04	3.520253e+01	1.086156e+05	1.067199e+05	5.787805e+04	5.432209e+04	3.030240e+02	4.626587e+01	2020	9	15	0
	2425	1000	169.976636	19.648506	9.543081e+04	3.604361e+01	1.085652e+05	1.065119e+05	5.786273e+04	5.412437e+04	3.031188e+02	4.187003e+01	2020	9	15	6
	2416	992	169.345794	20.210896	9.542364e+04	3.994970e+01	1.086650e+05	1.066264e+05	5.790561e+04	5.416178e+04	3.030923e+02	4.489787e+01	2020	9	15	12
	2404	986	168.504673	20.632689	9.529562e+04	3.806736e+01	1.086003e+05	1.065748e+05	5.777005e+04	5.404926e+04	3.030132e+02	4.756597e+01	2020	9	15	18
	2390	980	167.523364	21.054481	9.523273e+04	4.041689e+01	1.086824e+05	1.066018e+05	5.783695e+04	5.401711e+04	3.028110e+02	4.532162e+01	2020	9	16	0
	2380	974	166.822430	21.476274	9.491578e+04	4.453273e+01	1.086991e+05	1.064323e+05	5.783089e+04	5.377283e+04	3.025248e+02	4.057663e+01	2020	9	16	6
	2366	972	165.841121	21.616871	9.505955e+04	4.579540e+01	1.087389e+05	1.065152e+05	5.788197e+04	5.388926e+04	3.025782e+02	4.297933e+01	2020	9	16	12
	2345	965	164.369159	22.108963	9.510109e+04	3.804695e+01	1.087293e+05	1.064447e+05	5.778683e+04	5.392983e+04	3.027714e+02	3.940258e+01	2020	9	16	18
	2332	958	163.457944	22.601054	9.531112e+04	4.007700e+01	1.088212e+05	1.066514e+05	5.795997e+04	5.406069e+04	3.025557e+02	3.822303e+01	2020	9	17	0
	2311	954	161.985981	22.882249	9.534376e+04	3.599362e+01	1.087382e+05	1.065151e+05	5.781258e+04	5.403649e+04	3.027122e+02	3.648709e+01	2020	9	17	6
	2297	949	161.004673	23.233743	9.573292e+04	3.257217e+01	1.087943e+05	1.067048e+05	5.788268e+04	5.434000e+04	3.026884e+02	3.743914e+01	2020	9	17	12
	2283	946	160.023364	23.444639	9.595075e+04	3.025956e+01	1.086126e+05	1.067815e+05	5.768220e+04	5.449961e+04	3.025285e+02	3.316320e+01	2020	9	17	18
	2273	941	159.322430	23.796133	9.639948e+04	3.048062e+01	1.086351e+05	1.070869e+05	5.783121e+04	5.486267e+04	3.020493e+02	3.206440e+01	2020	9	18	0
	2260	933	158.411215	24.358523	9.634583e+04	3.171684e+01	1.085084e+05	1.070093e+05	5.770230e+04	5.480999e+04	3.019548e+02	3.472744e+01	2020	9	18	6
	2248	928	157.570093	24.710017	9.662716e+04	3.298087e+01	1.086052e+05	1.071576e+05	5.781214e+04	5.504649e+04	3.017900e+02	3.243668e+01	2020	9	18	12
	2235	924	156.658879	24.991212	9.670872e+04	3.316055e+01	1.084274e+05	1.071107e+05	5.765171e+04	5.509288e+04	3.016913e+02	3.008959e+01	2020	9	18	18
	2221	917	155.677570	25.483304	9.697813e+04	3.140567e+01	1.085889e+05	1.074042e+05	5.775698e+04	5.535045e+04	3.017265e+02	3.404540e+01	2020	9	19	0
	2213	911	155.116822	25.905096	9.672207e+04	2.987377e+01	1.084408e+05	1.072530e+05	5.758421e+04	5.512797e+04	3.014273e+02	2.953354e+01	2020	9	19	6
	2202	907	154.345794	26.186291	9.695006e+04	2.852545e+01	1.084913e+05	1.074071e+05	5.764895e+04	5.528402e+04	3.013181e+02	2.639874e+01	2020	9	19	12
	2196	900	153.925234	26.678383	9.687798e+04	2.713885e+01	1.083852e+05	1.073383e+05	5.749053e+04	5.525257e+04	3.011927e+02	2.344692e+01	2020	9	19	18
	2195	889	153.855140	27.451669	9.714723e+04	2.767692e+01	1.085438e+05	1.076507e+05	5.768980e+04	5.550044e+04	3.009973e+02	2.664139e+01	2020	9	20	0
	2190	878	153.504673	28.224955	9.712707e+04	2.845497e+01	1.084680e+05	1.075852e+05	5.762382e+04	5.542869e+04	3.008065e+02	2.626455e+01	2020	9	20	6
	2188	863	153.364486	29.279437	9.736450e+04	2.678746e+01	1.085923e+05	1.077445e+05	5.773396e+04	5.564730e+04	3.004895e+02	2.326484e+01	2020	9	20	12
	2191	850	153.574766	30.193321	9.749862e+04	2.746049e+01	1.084631e+05	1.077200e+05	5.767679e+04	5.571517e+04	3.002424e+02	2.258371e+01	2020	9	20	18
	2191	828	153.574766	31.739894	9.782819e+04	2.856020e+01	1.086366e+05	1.075383e+05	5.775118e+04	5.597838e+04	3.004092e+02	2.295694e+01	2020	9	21	0
	2205	810	154.556075	33.005272	9.797209e+04	2.814727e+01	1.085338e+05	1.074292e+05	5.783119e+04	5.606888e+04	3.007104e+02	2.833706e+01	2020	9	21	6
	2216	783	155.327103	34.903338	9.800226e+04	2.749598e+01	1.085641e+05	1.069477e+05	5.801103e+04	5.602604e+04	3.006306e+02	3.001624e+01	2020	9	21	12
	2241	745	157.079439	37.574692	9.788082e+04	2.766560e+01	1.084852e+05	1.060032e+05	5.782494e+04	5.591878e+04	2.994931e+02	3.737683e+01	2020	9	21	18
	2274	706	159.392523	40.316344	9.768023e+04	2.961328e+01	1.085516e+05	1.049471e+05	5.786841e+04	5.532529e+04	2.975996e+02	3.548801e+01	2020	9	22	0
	2331	668	163.387850	42.987697	9.761165e+04	3.162587e+01	1.084026e+05	1.041204e+05	5.781523e+04	5.463159e+04	2.951526e+02	2.472120e+01	2020	9	22	6
	2401	633	168.294393	45.448154	9.784466e+04	2.690104e+01	1.081930e+05	1.031782e+05	5.765498e+04	5.400558e+04	2.892102e+02	1.592392e+01	2020	9	22	12
	2477	588	173.621495	48.611598	9.758027e+04	2.664543e+01	1.075765e+05	1.017436e+05	5.700900e+04	5.318534e+04	2.873360e+02	1.788157e+01	2020	9	22	18
	2537	541	177.827103	51.915640	9.695602e+04	2.555618e+01	1.065879e+05	1.004404e+05	5.596604e+04	5.263198e+04	2.847037e+02	2.107701e+01	2020	9	23	0
start	43	2020	9	7	6
	1645	1001	115.303738	19.578207	9.990482e+04	1.278129e+01	1.086854e+05	1.083218e+05	5.773220e+04	5.709293e+04	3.048697e+02	2.054728e+01	2020	9	7	6
	1638	993	114.813084	20.140597	9.991048e+04	1.162238e+01	1.087494e+05	1.084639e+05	5.782291e+04	5.720223e+04	3.044486e+02	2.060859e+01	2020	9	7	12
	1631	996	114.322430	19.929701	9.976234e+04	1.323473e+01	1.086341e+05	1.083885e+05	5.774488e+04	5.714045e+04	3.041753e+02	3.135585e+01	2020	9	7	18
	1629	1000	114.182243	19.648506	9.973763e+04	1.575677e+01	1.086455e+05	1.083589e+05	5.776519e+04	5.712422e+04	3.041390e+02	3.194925e+01	2020	9	8	0
	1639	991	114.883178	20.281195	9.949894e+04	1.693529e+01	1.086290e+05	1.083513e+05	5.769531e+04	5.697416e+04	3.048182e+02	2.837308e+01	2020	9	8	6
	1631	983	114.322430	20.843585	9.946558e+04	1.633366e+01	1.087368e+05	1.084189e+05	5.773359e+04	5.698784e+04	3.051753e+02	2.488494e+01	2020	9	8	12
	1640	980	114.953271	21.054481	9.929934e+04	1.808555e+01	1.086013e+05	1.083630e+05	5.769392e+04	5.690435e+04	3.050647e+02	3.219664e+01	2020	9	8	18
	1638	978	114.813084	21.195079	9.929995e+04	1.821280e+01	1.086273e+05	1.082663e+05	5.772015e+04	5.690971e+04	3.049507e+02	3.449029e+01	2020	9	9	0
	1646	975	115.373832	21.405975	9.902171e+04	2.124408e+01	1.086007e+05	1.080856e+05	5.755679e+04	5.675283e+04	3.048799e+02	3.430638e+01	2020	9	9	6
	1630	981	114.252336	20.984182	9.894940e+04	2.219928e+01	1.086248e+05	1.082785e+05	5.765256e+04	5.673012e+04	3.047388e+02	2.907720e+01	2020	9	9	12
	1629	970	114.182243	21.757469	9.880694e+04	2.109331e+01	1.084876e+05	1.080699e+05	5.752176e+04	5.659340e+04	3.045571e+02	3.294585e+01	2020	9	9	18
	1628	973	114.112150	21.546573	9.882314e+04	2.137644e+01	1.085460e+05	1.080268e+05	5.763516e+04	5.648976e+04	3.043447e+02	2.740859e+01	2020	9	10	0
	1633	969	114.462617	21.827768	9.858095e+04	2.080007e+01	1.085020e+05	1.080003e+05	5.750034e+04	5.637282e+04	3.042832e+02	2.886612e+01	2020	9	10	6
	1630	964	114.252336	22.179261	9.877278e+04	1.953797e+01	1.086071e+05	1.081235e+05	5.764953e+04	5.653888e+04	3.041521e+02	2.488793e+01	2020	9	10	12
	1639	957	114.883178	22.671353	9.879870e+04	1.881040e+01	1.085493e+05	1.079141e+05	5.757873e+04	5.652294e+04	3.039487e+02	3.245158e+01	2020	9	10	18
	1647	952	115.443925	23.022847	9.904653e+04	2.139447e+01	1.086119e+05	1.078456e+05	5.768973e+04	5.666612e+04	3.037803e+02	3.233859e+01	2020	9	11	0
	1668	939	116.915888	23.936731	9.917589e+04	1.867759e+01	1.086055e+05	1.078664e+05	5.763894e+04	5.664716e+04	3.033242e+02	2.838821e+01	2020	9	11	6
	1689	924	118.387850	24.991212	9.948304e+04	1.730491e+01	1.087406e+05	1.080701e+05	5.783019e+04	5.683891e+04	3.046719e+02	2.451017e+01	2020	9	11	12
	1709	908	119.789720	26.115992	9.945836e+04	1.807676e+01	1.086377e+05	1.079321e+05	5.769183e+04	5.685068e+04	3.044756e+02	2.151810e+01	2020	9	11	18
	1727	886	121.051402	27.662565	9.952609e+04	1.946639e+01	1.087518e+05	1.077957e+05	5.776558e+04	5.696585e+04	3.044075e+02	1.752484e+01	2020	9	12	0
	1745	888	122.313084	27.521968	9.933562e+04	1.909368e+01	1.086418e+05	1.078342e+05	5.769198e+04	5.693746e+04	3.039766e+02	1.180187e+01	2020	9	12	6
	1765	891	123.714953	27.311071	9.960430e+04	1.837916e+01	1.087245e+05	1.080329e+05	5.788170e+04	5.716544e+04	3.039304e+02	7.659110e+00	2020	9	12	12
	1780	887	124.766355	27.592267	9.952173e+04	1.820504e+01	1.086216e+05	1.077988e+05	5.770260e+04	5.707268e+04	3.038630e+02	1.091882e+01	2020	9	12	18
	1790	891	125.467290	27.311071	9.967953e+04	1.901906e+01	1.086888e+05	1.079016e+05	5.783123e+04	5.722329e+04	3.037693e+02	1.404519e+01	2020	9	13	0
	1807	896	126.658879	26.959578	9.949645e+04	1.639825e+01	1.085936e+05	1.080670e+05	5.767010e+04	5.710470e+04	3.039001e+02	1.414802e+01	2020	9	13	6
	1819	897	127.500000	26.889279	9.963575e+04	1.605646e+01	1.086472e+05	1.082655e+05	5.780825e+04	5.723921e+04	3.035864e+02	1.259190e+01	2020	9	13	12
	1822	896	127.710280	26.959578	9.949250e+04	1.497503e+01	1.085065e+05	1.080156e+05	5.761611e+04	5.696812e+04	3.034440e+02	1.743193e+01	2020	9	13	18
	1817	901	127.359813	26.608084	9.944731e+04	1.737017e+01	1.084815e+05	1.079264e+05	5.765783e+04	5.691164e+04	3.033752e+02	1.740380e+01	2020	9	14	0
	1812	906	127.009346	26.256590	9.913152e+04	1.602832e+01	1.083100e+05	1.078391e+05	5.749379e+04	5.672881e+04	3.033674e+02	1.648970e+01	2020	9	14	6
	1813	912	127.079439	25.834797	9.916908e+04	1.725171e+01	1.083502e+05	1.078734e+05	5.755535e+04	5.684041e+04	3.033254e+02	1.796768e+01	2020	9	14	12
	1809	914	126.799065	25.694200	9.880080e+04	1.896790e+01	1.081757e+05	1.076322e+05	5.737048e+04	5.650967e+04	3.032764e+02	1.798140e+01	2020	9	14	18
	1814	916	127.149533	25.553602	9.879277e+04	1.980567e+01	1.081952e+05	1.075990e+05	5.739260e+04	5.643883e+04	3.032943e+02	1.846475e+01	2020	9	15	0
	1824	915	127.850467	25.623901	9.850242e+04	2.415232e+01	1.081548e+05	1.074753e+05	5.725682e+04	5.622301e+04	3.031736e+02	1.762517e+01	2020	9	15	6
	1836	916	128.691589	25.553602	9.867173e+04	2.120480e+01	1.083052e+05	1.075133e+05	5.750847e+04	5.639415e+04	3.030710e+02	1.276362e+01	2020	9	15	12
	1849	904	129.602804	26.397188	9.852684e+04	2.001213e+01	1.082208e+05	1.072347e+05	5.742177e+04	5.615132e+04	3.029846e+02	1.781164e+01	2020	9	15	18
	1865	893	130.724299	27.170474	9.868985e+04	1.946022e+01	1.084680e+05	1.071494e+05	5.763756e+04	5.656882e+04	3.028906e+02	1.948449e+01	2020	9	16	0
	1883	876	131.985981	28.365553	9.821188e+04	2.304650e+01	1.084294e+05	1.069418e+05	5.759286e+04	5.633369e+04	3.029534e+02	1.385256e+01	2020	9	16	6
	1899	850	133.107477	30.193321	9.868307e+04	2.124976e+01	1.084649e+05	1.066354e+05	5.775696e+04	5.618995e+04	3.024364e+02	1.751731e+01	2020	9	16	12
	1918	820	134.439252	32.302284	9.871151e+04	1.971271e+01	1.082959e+05	1.060415e+05	5.760577e+04	5.581912e+04	3.023666e+02	2.457299e+01	2020	9	16	18
	1949	754	136.612150	36.942003	9.923634e+04	1.816599e+01	1.082537e+05	1.050788e+05	5.761607e+04	5.528139e+04	3.007686e+02	1.658846e+01	2020	9	17	0
	1996	711	139.906542	39.964850	9.888607e+04	1.913216e+01	1.081322e+05	1.051412e+05	5.766334e+04	5.498977e+04	2.999499e+02	1.155676e+01	2020	9	17	6
	1993	649	139.696262	44.323373	9.872052e+04	2.210558e+01	1.076348e+05	1.038156e+05	5.712500e+04	5.462149e+04	2.931716e+02	2.718866e+01	2020	9	17	12
	1998	624	140.046729	46.080842	9.859313e+04	2.355502e+01	1.070956e+05	1.029621e+05	5.667636e+04	5.430313e+04	2.917123e+02	2.239012e+01	2020	9	17	18
start	22	2020	9	7	6
	3529	1034	247.359813	17.258348	1.007037e+05	1.093479e+01	1.087788e+05	1.084275e+05	5.811455e+04	5.774547e+04	3.036975e+02	2.534864e+01	2020	9	7	6
	3519	1029	246.658879	17.609841	1.004859e+05	1.114435e+01	1.085514e+05	1.082366e+05	5.797005e+04	5.750234e+04	3.033977e+02	2.373608e+01	2020	9	7	12
	3492	1015	244.766355	18.594024	1.006822e+05	1.268141e+01	1.087470e+05	1.085183e+05	5.814984e+04	5.757547e+04	3.032371e+02	1.560200e+01	2020	9	7	18
	3496	1009	245.046729	19.015817	1.003906e+05	1.145832e+01	1.086339e+05	1.082839e+05	5.799581e+04	5.726152e+04	3.030886e+02	1.145530e+01	2020	9	8	0
	3471	993	243.294393	20.140597	1.006112e+05	1.228547e+01	1.088148e+05	1.085700e+05	5.824191e+04	5.753298e+04	3.029934e+02	1.262895e+01	2020	9	8	6
	3458	990	242.383178	20.351493	1.003375e+05	1.372084e+01	1.086078e+05	1.083408e+05	5.802625e+04	5.739381e+04	3.028194e+02	1.196413e+01	2020	9	8	12
	3451	981	241.892523	20.984182	1.005337e+05	1.364170e+01	1.088299e+05	1.085619e+05	5.826601e+04	5.757430e+04	3.027121e+02	8.034622e+00	2020	9	8	18
	3427	974	240.210280	21.476274	1.003030e+05	1.418223e+01	1.086544e+05	1.083258e+05	5.806339e+04	5.737239e+04	3.024390e+02	7.259942e+00	2020	9	9	0
	3416	979	239.439252	21.124780	1.004927e+05	1.443037e+01	1.088534e+05	1.085319e+05	5.820067e+04	5.767379e+04	3.022621e+02	6.404394e+00	2020	9	9	6
	3404	963	238.598131	22.249560	1.002688e+05	1.485506e+01	1.085747e+05	1.083324e+05	5.801475e+04	5.744044e+04	3.019679e+02	4.224353e+00	2020	9	9	12
	3381	962	236.985981	22.319859	1.004680e+05	1.442559e+01	1.087486e+05	1.084244e+05	5.814349e+04	5.766800e+04	3.012513e+02	2.195024e+00	2020	9	9	18
	3377	971	236.705607	21.687170	1.002276e+05	1.452815e+01	1.085828e+05	1.083511e+05	5.793205e+04	5.751398e+04	3.013613e+02	1.836552e+00	2020	9	10	0
	3366	962	235.934579	22.319859	1.005111e+05	1.377635e+01	1.087688e+05	1.084212e+05	5.810919e+04	5.773712e+04	3.007650e+02	3.092247e+00	2020	9	10	6
	3351	966	234.883178	22.038664	1.003792e+05	1.387328e+01	1.084917e+05	1.082091e+05	5.788544e+04	5.757880e+04	3.005157e+02	3.085399e+00	2020	9	10	12
	3347	966	234.602804	22.038664	1.006282e+05	1.347027e+01	1.086688e+05	1.083369e+05	5.807264e+04	5.783501e+04	3.004966e+02	1.528425e+00	2020	9	10	18
	3335	966	233.761682	22.038664	1.004922e+05	1.376665e+01	1.085344e+05	1.082783e+05	5.799314e+04	5.773986e+04	3.014192e+02	1.030225e+00	2020	9	11	0
	3326	972	233.130841	21.616871	1.008236e+05	1.270214e+01	1.087778e+05	1.085282e+05	5.821335e+04	5.798927e+04	3.005807e+02	1.924986e+00	2020	9	11	6
	3319	977	232.640187	21.265377	1.006853e+05	1.309967e+01	1.085140e+05	1.082329e+05	5.800823e+04	5.777664e+04	3.007189e+02	2.138820e+00	2020	9	11	12
	3312	977	232.149533	21.265377	1.009646e+05	1.267937e+01	1.086868e+05	1.083473e+05	5.821412e+04	5.801896e+04	3.008798e+02	1.138252e+00	2020	9	11	18
	3302	981	231.448598	20.984182	1.007353e+05	1.310400e+01	1.085145e+05	1.081488e+05	5.806820e+04	5.781133e+04	3.011563e+02	1.486698e+00	2020	9	12	0
	3295	987	230.957944	20.562390	1.010374e+05	1.322595e+01	1.087489e+05	1.082778e+05	5.826565e+04	5.805347e+04	3.011926e+02	2.469717e+00	2020	9	12	6
	3287	990	230.397196	20.351493	1.008365e+05	1.241617e+01	1.084200e+05	1.079040e+05	5.802735e+04	5.780651e+04	3.012112e+02	2.327788e+00	2020	9	12	12
start	24	2020	9	8	6
	3032	1115	212.523364	11.564147	1.008878e+05	1.150661e+01	1.084016e+05	1.081614e+05	5.792096e+04	5.764914e+04	3.032294e+02	2.482888e+01	2020	9	8	6
	3033	1118	212.593458	11.353251	1.006675e+05	9.926478e+00	1.082201e+05	1.079809e+05	5.775062e+04	5.744917e+04	3.029268e+02	2.630604e+01	2020	9	8	12
	3023	1104	211.892523	12.337434	1.008415e+05	1.226151e+01	1.084073e+05	1.080826e+05	5.790313e+04	5.756356e+04	3.027666e+02	2.122494e+01	2020	9	8	18
	3025	1107	212.032710	12.126538	1.005614e+05	1.269679e+01	1.082234e+05	1.080344e+05	5.768646e+04	5.734741e+04	3.030283e+02	2.122274e+01	2020	9	9	0
	3021	1104	211.752336	12.337434	1.007552e+05	1.336165e+01	1.084409e+05	1.081846e+05	5.788702e+04	5.746798e+04	3.027384e+02	1.934390e+01	2020	9	9	6
	3020	1099	211.682243	12.688928	1.005518e+05	1.249688e+01	1.082680e+05	1.080139e+05	5.772825e+04	5.734682e+04	3.025557e+02	1.969783e+01	2020	9	9	12
	3004	1108	210.560748	12.056239	1.007507e+05	1.236899e+01	1.083966e+05	1.082142e+05	5.788920e+04	5.754879e+04	3.024325e+02	1.323449e+01	2020	9	9	18
	3005	1102	210.630841	12.478031	1.004747e+05	1.312828e+01	1.082664e+05	1.079978e+05	5.768213e+04	5.730642e+04	3.034607e+02	1.341543e+01	2020	9	10	0
	3000	1096	210.280374	12.899824	1.006994e+05	1.262562e+01	1.084465e+05	1.081651e+05	5.787648e+04	5.742399e+04	3.032611e+02	1.266733e+01	2020	9	10	6
	2998	1092	210.140187	13.181019	1.005286e+05	1.310190e+01	1.082829e+05	1.079647e+05	5.773090e+04	5.730484e+04	3.025772e+02	1.365604e+01	2020	9	10	12
	2990	1076	209.579439	14.305799	1.007342e+05	1.368281e+01	1.084726e+05	1.081702e+05	5.796424e+04	5.750434e+04	3.023889e+02	9.932776e+00	2020	9	10	18
	2977	1086	208.668224	13.602812	1.004966e+05	1.218947e+01	1.083702e+05	1.080606e+05	5.777921e+04	5.737584e+04	3.036059e+02	1.137309e+01	2020	9	11	0
	2962	1068	207.616822	14.868190	1.007370e+05	1.314427e+01	1.085635e+05	1.082622e+05	5.804141e+04	5.762696e+04	3.025107e+02	1.140131e+01	2020	9	11	6
	2950	1067	206.775701	14.938488	1.006145e+05	1.289501e+01	1.084325e+05	1.080736e+05	5.791617e+04	5.754579e+04	3.024412e+02	1.063763e+01	2020	9	11	12
	2941	1060	206.144860	15.430580	1.007910e+05	1.243709e+01	1.085798e+05	1.083162e+05	5.813340e+04	5.776173e+04	3.022653e+02	9.275281e+00	2020	9	11	18
	2924	1058	204.953271	15.571177	1.006186e+05	1.377817e+01	1.084867e+05	1.082530e+05	5.801329e+04	5.762547e+04	3.026439e+02	9.513987e+00	2020	9	12	0
	2911	1051	204.042056	16.063269	1.007911e+05	1.396676e+01	1.086503e+05	1.084224e+05	5.817476e+04	5.780655e+04	3.022195e+02	1.329651e+01	2020	9	12	6
	2892	1042	202.710280	16.695957	1.007425e+05	1.518762e+01	1.085157e+05	1.081994e+05	5.802721e+04	5.769718e+04	3.021257e+02	1.066336e+01	2020	9	12	12
	2879	1039	201.799065	16.906854	1.008645e+05	1.382368e+01	1.085903e+05	1.082331e+05	5.816755e+04	5.778542e+04	3.021006e+02	8.108455e+00	2020	9	12	18
	2867	1026	200.957944	17.820738	1.007574e+05	1.378642e+01	1.084752e+05	1.081179e+05	5.808554e+04	5.767660e+04	3.023112e+02	7.293341e+00	2020	9	13	0
	2857	1016	200.257009	18.523725	1.008719e+05	1.273567e+01	1.085760e+05	1.081008e+05	5.819906e+04	5.771718e+04	3.023802e+02	8.960206e+00	2020	9	13	6
	2852	1001	199.906542	19.578207	1.007357e+05	1.508398e+01	1.084479e+05	1.079619e+05	5.805236e+04	5.761380e+04	3.023557e+02	9.964779e+00	2020	9	13	12
	2842	990	199.205607	20.351493	1.007331e+05	1.627832e+01	1.085091e+05	1.079466e+05	5.811911e+04	5.772370e+04	3.023424e+02	7.783329e+00	2020	9	13	18
	2846	981	199.485981	20.984182	1.005622e+05	1.560533e+01	1.084105e+05	1.079431e+05	5.798349e+04	5.762770e+04	3.028557e+02	9.845379e+00	2020	9	14	0
start	42	2020	9	10	12
	2776	1100	194.579439	12.618629	1.004802e+05	1.515545e+01	1.082136e+05	1.079896e+05	5.778328e+04	5.728043e+04	3.027093e+02	2.078567e+01	2020	9	10	12
	2768	1100	194.018692	12.618629	1.004896e+05	1.552528e+01	1.082688e+05	1.080556e+05	5.781857e+04	5.744748e+04	3.026010e+02	1.800943e+01	2020	9	10	18
	2765	1099	193.808411	12.688928	1.003923e+05	1.370353e+01	1.082504e+05	1.080021e+05	5.775251e+04	5.746155e+04	3.035662e+02	1.735417e+01	2020	9	11	0
	2763	1094	193.668224	13.040422	1.004642e+05	1.717220e+01	1.084085e+05	1.080691e+05	5.786011e+04	5.748786e+04	3.030808e+02	2.060450e+01	2020	9	11	6
	2761	1095	193.528037	12.970123	1.004238e+05	1.339807e+01	1.082690e+05	1.079597e+05	5.780295e+04	5.756566e+04	3.027444e+02	2.436262e+01	2020	9	11	12
	2760	1098	193.457944	12.759226	1.005410e+05	1.264916e+01	1.083733e+05	1.081068e+05	5.785702e+04	5.765084e+04	3.026555e+02	2.395794e+01	2020	9	11	18
	2757	1099	193.247664	12.688928	1.004400e+05	1.141351e+01	1.083830e+05	1.081339e+05	5.779303e+04	5.759080e+04	3.029439e+02	2.397589e+01	2020	9	12	0
	2755	1099	193.107477	12.688928	1.005947e+05	1.199145e+01	1.084848e+05	1.081811e+05	5.787982e+04	5.767330e+04	3.027429e+02	2.564300e+01	2020	9	12	6
	2755	1104	193.107477	12.337434	1.005498e+05	1.158812e+01	1.083649e+05	1.081102e+05	5.786228e+04	5.759805e+04	3.026660e+02	2.494498e+01	2020	9	12	12
	2758	1109	193.317757	11.985940	1.005995e+05	1.092248e+01	1.084371e+05	1.082282e+05	5.791687e+04	5.767988e+04	3.026021e+02	2.106675e+01	2020	9	12	18
	2757	1108	193.247664	12.056239	1.005414e+05	1.086206e+01	1.084004e+05	1.081950e+05	5.786069e+04	5.757141e+04	3.026005e+02	2.554471e+01	2020	9	13	0
	2758	1106	193.317757	12.196836	1.006239e+05	1.106418e+01	1.085629e+05	1.083047e+05	5.795134e+04	5.757425e+04	3.025520e+02	2.415674e+01	2020	9	13	6
	2758	1105	193.317757	12.267135	1.005846e+05	1.098099e+01	1.084047e+05	1.082432e+05	5.789649e+04	5.751694e+04	3.024985e+02	2.249454e+01	2020	9	13	12
	2757	1100	193.247664	12.618629	1.005540e+05	1.202141e+01	1.084376e+05	1.082349e+05	5.795768e+04	5.750039e+04	3.024379e+02	1.991275e+01	2020	9	13	18
	2758	1093	193.317757	13.110720	1.003770e+05	1.207472e+01	1.084235e+05	1.082220e+05	5.784014e+04	5.746545e+04	3.023665e+02	2.072111e+01	2020	9	14	0
	2758	1084	193.317757	13.743409	1.004105e+05	1.281394e+01	1.084571e+05	1.082503e+05	5.796505e+04	5.756836e+04	3.023904e+02	1.904587e+01	2020	9	14	6
	2752	1076	192.897196	14.305799	1.003866e+05	1.188834e+01	1.084371e+05	1.082152e+05	5.792733e+04	5.752696e+04	3.024235e+02	1.933456e+01	2020	9	14	12
	2747	1075	192.546729	14.376098	1.003159e+05	1.319976e+01	1.084462e+05	1.082338e+05	5.798752e+04	5.753358e+04	3.025037e+02	1.540933e+01	2020	9	14	18
	2749	1069	192.686916	14.797891	1.001851e+05	1.490576e+01	1.083912e+05	1.081528e+05	5.788049e+04	5.740991e+04	3.025196e+02	1.620743e+01	2020	9	15	0
	2752	1062	192.897196	15.289982	9.990588e+04	1.583250e+01	1.084528e+05	1.081589e+05	5.797589e+04	5.745816e+04	3.025200e+02	1.372546e+01	2020	9	15	6
	2746	1055	192.476636	15.782074	9.984909e+04	1.789196e+01	1.083176e+05	1.080796e+05	5.787876e+04	5.737127e+04	3.025895e+02	1.221622e+01	2020	9	15	12
	2742	1048	192.196262	16.274165	9.980375e+04	1.899525e+01	1.083479e+05	1.080479e+05	5.793545e+04	5.724516e+04	3.025685e+02	9.380510e+00	2020	9	15	18
	2738	1042	191.915888	16.695957	9.982380e+04	1.514636e+01	1.082917e+05	1.080903e+05	5.786601e+04	5.741566e+04	3.026100e+02	1.168423e+01	2020	9	16	0
	2734	1033	191.635514	17.328646	9.997680e+04	1.520005e+01	1.083904e+05	1.081224e+05	5.796918e+04	5.746214e+04	3.027487e+02	1.515222e+01	2020	9	16	6
	2727	1024	191.144860	17.961335	9.951159e+04	2.216602e+01	1.083745e+05	1.078978e+05	5.789287e+04	5.711459e+04	3.027557e+02	1.279935e+01	2020	9	16	12
	2721	1018	190.724299	18.383128	9.969537e+04	1.857347e+01	1.083842e+05	1.080479e+05	5.794964e+04	5.722002e+04	3.027454e+02	1.203823e+01	2020	9	16	18
	2722	1010	190.794393	18.945518	9.970859e+04	1.734402e+01	1.082808e+05	1.080245e+05	5.787655e+04	5.706080e+04	3.027289e+02	1.091648e+01	2020	9	17	0
	2721	1000	190.724299	19.648506	9.938212e+04	2.122862e+01	1.083629e+05	1.078715e+05	5.794709e+04	5.665030e+04	3.026525e+02	1.017642e+01	2020	9	17	6
	2720	990	190.654206	20.351493	9.897491e+04	2.301942e+01	1.083883e+05	1.079458e+05	5.790227e+04	5.660372e+04	3.025944e+02	1.145180e+01	2020	9	17	12
	2721	980	190.724299	21.054481	9.863205e+04	2.323732e+01	1.084286e+05	1.075871e+05	5.792428e+04	5.635050e+04	3.024866e+02	1.035018e+01	2020	9	17	18
	2720	972	190.654206	21.616871	9.859984e+04	2.440375e+01	1.084035e+05	1.076060e+05	5.781030e+04	5.650750e+04	3.024835e+02	9.831728e+00	2020	9	18	0
	2722	965	190.794393	22.108963	9.866529e+04	2.480557e+01	1.083699e+05	1.078800e+05	5.783142e+04	5.659968e+04	3.023377e+02	9.617922e+00	2020	9	18	6
	2726	959	191.074766	22.530755	9.837354e+04	2.670069e+01	1.083761e+05	1.075910e+05	5.786668e+04	5.649781e+04	3.021119e+02	1.050577e+01	2020	9	18	12
	2740	949	192.056075	23.233743	9.838509e+04	2.781647e+01	1.082410e+05	1.077416e+05	5.785886e+04	5.644603e+04	3.019979e+02	7.316586e+00	2020	9	18	18
	2757	938	193.247664	24.007029	9.861860e+04	2.618826e+01	1.082065e+05	1.074393e+05	5.781723e+04	5.661507e+04	3.018152e+02	7.558360e+00	2020	9	19	0
	2780	927	194.859813	24.780316	9.891499e+04	2.613508e+01	1.082100e+05	1.072591e+05	5.791200e+04	5.685602e+04	3.016346e+02	1.276114e+01	2020	9	19	6
	2800	912	196.261682	25.834797	9.863790e+04	2.639835e+01	1.080138e+05	1.068728e+05	5.776717e+04	5.661052e+04	3.014807e+02	1.455191e+01	2020	9	19	12
	2826	891	198.084112	27.311071	9.892834e+04	2.416409e+01	1.080621e+05	1.063374e+05	5.780378e+04	5.642862e+04	3.009918e+02	1.696098e+01	2020	9	19	18
	2846	869	199.485981	28.857644	9.887270e+04	2.447707e+01	1.079517e+05	1.059686e+05	5.773372e+04	5.619968e+04	3.007403e+02	1.679991e+01	2020	9	20	0
	2866	843	200.887850	30.685412	9.897631e+04	2.431272e+01	1.080506e+05	1.054625e+05	5.783012e+04	5.604521e+04	2.999545e+02	2.416190e+01	2020	9	20	6
	2884	816	202.149533	32.583479	9.894548e+04	2.809191e+01	1.079245e+05	1.050538e+05	5.768867e+04	5.577967e+04	2.992678e+02	2.398601e+01	2020	9	20	12
	2908	793	203.831776	34.200351	9.928624e+04	2.587185e+01	1.079251e+05	1.045759e+05	5.775309e+04	5.560582e+04	2.986753e+02	1.020102e+01	2020	9	20	18
start	39	2020	9	26	12
	2042	1118	143.130841	11.353251	1.006529e+05	1.315622e+01	1.085132e+05	1.082147e+05	5.788475e+04	5.746424e+04	3.041636e+02	2.464995e+01	2020	9	26	12
	2045	1109	143.341121	11.985940	1.003838e+05	1.273498e+01	1.083402e+05	1.080273e+05	5.773989e+04	5.729534e+04	3.041544e+02	2.264804e+01	2020	9	26	18
	2042	1103	143.130841	12.407733	1.006205e+05	1.387043e+01	1.086122e+05	1.083479e+05	5.797693e+04	5.756952e+04	3.041066e+02	2.291955e+01	2020	9	27	0
	2039	1085	142.920561	13.673110	1.003210e+05	1.488704e+01	1.085594e+05	1.081578e+05	5.790861e+04	5.741884e+04	3.043080e+02	2.318515e+01	2020	9	27	6
	2029	1078	142.219626	14.165202	1.005456e+05	1.387123e+01	1.087002e+05	1.083276e+05	5.807494e+04	5.761716e+04	3.040028e+02	2.742630e+01	2020	9	27	12
	2014	1066	141.168224	15.008787	1.002550e+05	1.429474e+01	1.084844e+05	1.081050e+05	5.786042e+04	5.740752e+04	3.037716e+02	2.435029e+01	2020	9	27	18
	1994	1062	139.766355	15.289982	1.004338e+05	1.401547e+01	1.087048e+05	1.083178e+05	5.802149e+04	5.755710e+04	3.036049e+02	1.931534e+01	2020	9	28	0
	1985	1052	139.135514	15.992970	1.001828e+05	1.325974e+01	1.085501e+05	1.081702e+05	5.792423e+04	5.737279e+04	3.034375e+02	1.915186e+01	2020	9	28	6
	1969	1050	138.014019	16.133567	1.003942e+05	1.398431e+01	1.086557e+05	1.083679e+05	5.809071e+04	5.751763e+04	3.033381e+02	2.411051e+01	2020	9	28	12
	1954	1043	136.962617	16.625659	1.001073e+05	1.421188e+01	1.085229e+05	1.081489e+05	5.792846e+04	5.719807e+04	3.033069e+02	2.053645e+01	2020	9	28	18
	1937	1041	135.771028	16.766256	1.002583e+05	1.537274e+01	1.086656e+05	1.082872e+05	5.807092e+04	5.732230e+04	3.031234e+02	1.863966e+01	2020	9	29	0
	1919	1036	134.509346	17.117750	9.996863e+04	1.570160e+01	1.085172e+05	1.081175e+05	5.790545e+04	5.708006e+04	3.031557e+02	2.343276e+01	2020	9	29	6
	1900	1032	133.177570	17.398945	1.000705e+05	1.651727e+01	1.086784e+05	1.082147e+05	5.809873e+04	5.713672e+04	3.030995e+02	2.457774e+01	2020	9	29	12
	1878	1028	131.635514	17.680140	9.974317e+04	1.680913e+01	1.085088e+05	1.080018e+05	5.792492e+04	5.698086e+04	3.033088e+02	1.995336e+01	2020	9	29	18
	1855	1025	130.023364	17.891037	9.980612e+04	1.813865e+01	1.086535e+05	1.081606e+05	5.809912e+04	5.711270e+04	3.033145e+02	1.998446e+01	2020	9	30	0
	1835	1024	128.621495	17.961335	9.949205e+04	1.800589e+01	1.085090e+05	1.081021e+05	5.797688e+04	5.689427e+04	3.033294e+02	2.821060e+01	2020	9	30	6
	1814	1024	127.149533	17.961335	9.956152e+04	2.009979e+01	1.087752e+05	1.082118e+05	5.811021e+04	5.700718e+04	3.032700e+02	3.165812e+01	2020	9	30	12
	1796	1026	125.887850	17.820738	9.911907e+04	1.988814e+01	1.085880e+05	1.079975e+05	5.798065e+04	5.661988e+04	3.033402e+02	3.344150e+01	2020	9	30	18
	1776	1027	124.485981	17.750439	9.910964e+04	2.137627e+01	1.087406e+05	1.081056e+05	5.806543e+04	5.664458e+04	3.035378e+02	3.315233e+01	2020	10	1	0
	1759	1024	123.294393	17.961335	9.860416e+04	2.598246e+01	1.085942e+05	1.078376e+05	5.796752e+04	5.631588e+04	3.040337e+02	3.408707e+01	2020	10	1	6
	1739	1018	121.892523	18.383128	9.868994e+04	2.432740e+01	1.087521e+05	1.078931e+05	5.817020e+04	5.636278e+04	3.038960e+02	3.324073e+01	2020	10	1	12
	1712	1020	120.000000	18.242530	9.853115e+04	2.248529e+01	1.087141e+05	1.079507e+05	5.800618e+04	5.627700e+04	3.038953e+02	3.940047e+01	2020	10	1	18
	1693	1021	118.668224	18.172232	9.840488e+04	2.894641e+01	1.086886e+05	1.079344e+05	5.808429e+04	5.626066e+04	3.033129e+02	4.154678e+01	2020	10	2	0
	1675	1012	117.406542	18.804921	9.812278e+04	2.598919e+01	1.085253e+05	1.077878e+05	5.793965e+04	5.604879e+04	3.032425e+02	3.209002e+01	2020	10	2	6
	1656	1011	116.074766	18.875219	9.799955e+04	2.879548e+01	1.086073e+05	1.077491e+05	5.803479e+04	5.586040e+04	3.033243e+02	2.845386e+01	2020	10	2	12
	1636	1009	114.672897	19.015817	9.749148e+04	3.326830e+01	1.084353e+05	1.071566e+05	5.788538e+04	5.541359e+04	3.036144e+02	3.599371e+01	2020	10	2	18
	1621	1009	113.621495	19.015817	9.724341e+04	2.933726e+01	1.083755e+05	1.069092e+05	5.788547e+04	5.519123e+04	3.035803e+02	3.603894e+01	2020	10	3	0
	1605	1007	112.500000	19.156414	9.692850e+04	3.183582e+01	1.082602e+05	1.065685e+05	5.772348e+04	5.473657e+04	3.034866e+02	3.123058e+01	2020	10	3	6
	1592	1012	111.588785	18.804921	9.666486e+04	3.109001e+01	1.083609e+05	1.064961e+05	5.777316e+04	5.456376e+04	3.040388e+02	3.835204e+01	2020	10	3	12
	1579	1014	110.677570	18.664323	9.652587e+04	3.076076e+01	1.082521e+05	1.065247e+05	5.770226e+04	5.460321e+04	3.040268e+02	5.058136e+01	2020	10	3	18
	1569	1016	109.976636	18.523725	9.699294e+04	2.889750e+01	1.083263e+05	1.067693e+05	5.768615e+04	5.490976e+04	3.037927e+02	4.458552e+01	2020	10	4	0
	1555	1009	108.995327	19.015817	9.714680e+04	3.570088e+01	1.083168e+05	1.069589e+05	5.760946e+04	5.510342e+04	3.036823e+02	4.025641e+01	2020	10	4	6
	1545	1014	108.294393	18.664323	9.704234e+04	3.839660e+01	1.084429e+05	1.072094e+05	5.767244e+04	5.531943e+04	3.041289e+02	4.215335e+01	2020	10	4	12
	1532	1007	107.383178	19.156414	9.699595e+04	3.926826e+01	1.083330e+05	1.071979e+05	5.764698e+04	5.527536e+04	3.041453e+02	5.130123e+01	2020	10	4	18
	1519	1006	106.471963	19.226713	9.688533e+04	4.396255e+01	1.084044e+05	1.072097e+05	5.771923e+04	5.524204e+04	3.038293e+02	4.340566e+01	2020	10	5	0
	1503	1003	105.350467	19.437609	9.789062e+04	2.413496e+01	1.084122e+05	1.074501e+05	5.772523e+04	5.581986e+04	3.037047e+02	3.289440e+01	2020	10	5	6
	1482	1004	103.878505	19.367311	9.975676e+04	1.466406e+01	1.085687e+05	1.077661e+05	5.778261e+04	5.666945e+04	3.029597e+02	2.876778e+01	2020	10	5	12
	1461	1011	102.406542	18.875219	1.002060e+05	7.718200e+00	1.084664e+05	1.080375e+05	5.778480e+04	5.709430e+04	-9.000000e+33	2.901280e+01	2020	10	5	18
	1439	1014	100.864486	18.664323	1.002681e+05	8.424803e+00	1.084330e+05	1.080764e+05	5.773614e+04	5.719369e+04	-9.000000e+33	2.128362e+01	2020	10	6	0
start	30	2020	9	28	12
	3550	1049	248.831776	16.203866	1.006822e+05	1.088821e+01	1.083129e+05	1.080904e+05	5.792775e+04	5.756275e+04	3.033990e+02	1.393710e+01	2020	9	28	12
	3540	1058	248.130841	15.571177	1.009370e+05	1.219932e+01	1.085881e+05	1.083921e+05	5.812645e+04	5.779137e+04	3.034072e+02	1.211896e+01	2020	9	28	18
	3529	1060	247.359813	15.430580	1.005876e+05	1.115815e+01	1.083737e+05	1.081542e+05	5.792765e+04	5.749880e+04	3.037672e+02	1.314522e+01	2020	9	29	0
	3531	1059	247.500000	15.500878	1.008128e+05	1.184805e+01	1.085408e+05	1.083339e+05	5.809202e+04	5.765239e+04	3.033288e+02	2.094555e+01	2020	9	29	6
	3516	1058	246.448598	15.571177	1.004601e+05	1.358154e+01	1.082968e+05	1.080435e+05	5.785833e+04	5.733968e+04	3.032528e+02	2.209165e+01	2020	9	29	12
	3505	1070	245.677570	14.727592	1.006518e+05	1.382153e+01	1.084985e+05	1.082819e+05	5.806210e+04	5.750142e+04	3.031130e+02	2.022120e+01	2020	9	29	18
	3498	1065	245.186916	15.079086	1.002485e+05	1.448163e+01	1.082815e+05	1.080116e+05	5.786373e+04	5.713579e+04	3.032458e+02	2.047784e+01	2020	9	30	0
	3480	1079	243.925234	14.094903	1.003930e+05	1.620639e+01	1.084925e+05	1.081210e+05	5.800560e+04	5.724328e+04	3.031101e+02	2.434027e+01	2020	9	30	6
	3477	1070	243.714953	14.727592	1.000145e+05	1.723055e+01	1.082097e+05	1.078276e+05	5.779588e+04	5.702691e+04	3.029468e+02	2.324996e+01	2020	9	30	12
	3463	1084	242.733645	13.743409	1.000524e+05	1.966208e+01	1.084225e+05	1.080493e+05	5.794274e+04	5.722664e+04	3.031070e+02	2.400676e+01	2020	9	30	18
	3454	1074	242.102804	14.446397	9.968803e+04	1.904882e+01	1.082315e+05	1.079068e+05	5.773855e+04	5.701337e+04	3.031074e+02	2.192301e+01	2020	10	1	0
	3457	1079	242.313084	14.094903	9.982872e+04	2.089525e+01	1.084019e+05	1.080681e+05	5.787762e+04	5.708014e+04	3.030128e+02	2.453696e+01	2020	10	1	6
	3452	1076	241.962617	14.305799	9.949962e+04	2.151447e+01	1.081266e+05	1.076636e+05	5.761571e+04	5.670595e+04	3.029263e+02	2.519699e+01	2020	10	1	12
	3442	1086	241.261682	13.602812	9.952791e+04	2.383592e+01	1.083705e+05	1.079297e+05	5.778913e+04	5.680694e+04	3.030193e+02	2.578760e+01	2020	10	1	18
	3436	1081	240.841121	13.954306	9.917761e+04	2.347434e+01	1.081210e+05	1.076352e+05	5.752708e+04	5.661343e+04	3.029407e+02	2.297797e+01	2020	10	2	0
	3438	1075	240.981308	14.376098	9.929203e+04	2.288727e+01	1.083204e+05	1.077486e+05	5.777423e+04	5.667334e+04	3.027592e+02	2.442267e+01	2020	10	2	6
	3441	1069	241.191589	14.797891	9.891480e+04	2.505864e+01	1.080759e+05	1.075169e+05	5.753338e+04	5.634430e+04	3.025159e+02	2.334444e+01	2020	10	2	12
	3449	1063	241.752336	15.219683	9.920997e+04	2.622303e+01	1.082982e+05	1.079712e+05	5.787332e+04	5.676524e+04	3.025525e+02	2.120433e+01	2020	10	2	18
	3454	1052	242.102804	15.992970	9.870151e+04	2.837133e+01	1.080819e+05	1.076519e+05	5.764253e+04	5.627307e+04	3.025640e+02	1.886446e+01	2020	10	3	0
	3455	1040	242.172897	16.836555	9.862686e+04	3.070684e+01	1.082485e+05	1.074654e+05	5.788812e+04	5.619656e+04	3.025238e+02	1.647783e+01	2020	10	3	6
	3456	1024	242.242991	17.961335	9.809723e+04	2.889797e+01	1.079794e+05	1.071364e+05	5.766175e+04	5.566098e+04	3.024424e+02	1.249420e+01	2020	10	3	12
	3455	1010	242.172897	18.945518	9.831462e+04	3.139223e+01	1.082211e+05	1.073648e+05	5.786627e+04	5.594742e+04	3.023201e+02	1.291790e+01	2020	10	3	18
	3455	994	242.172897	20.070298	9.826907e+04	2.836624e+01	1.080522e+05	1.069920e+05	5.766972e+04	5.580716e+04	3.022353e+02	1.155801e+01	2020	10	4	0
	3457	978	242.313084	21.195079	9.826751e+04	3.016798e+01	1.082316e+05	1.070105e+05	5.788915e+04	5.567439e+04	3.019665e+02	1.030001e+01	2020	10	4	6
	3456	961	242.242991	22.390158	9.810234e+04	2.960460e+01	1.081456e+05	1.070535e+05	5.772095e+04	5.560757e+04	3.015396e+02	8.885069e+00	2020	10	4	12
	3455	941	242.172897	23.796133	9.841082e+04	3.095742e+01	1.083574e+05	1.076095e+05	5.797979e+04	5.635292e+04	3.005438e+02	8.453148e+00	2020	10	4	18
	3451	923	241.892523	25.061511	9.786813e+04	3.098031e+01	1.081407e+05	1.073986e+05	5.783717e+04	5.620047e+04	2.995836e+02	5.297310e+00	2020	10	5	0
	3444	904	241.401869	26.397188	9.870052e+04	2.401046e+01	1.083414e+05	1.073068e+05	5.790355e+04	5.686930e+04	2.991323e+02	2.173434e+00	2020	10	5	6
	3440	889	241.121495	27.451669	9.910539e+04	1.953722e+01	1.080623e+05	1.068821e+05	5.765368e+04	5.691031e+04	2.985766e+02	1.056222e+00	2020	10	5	12
	3440	873	241.121495	28.576449	9.964128e+04	1.802927e+01	1.082648e+05	1.065897e+05	5.780381e+04	5.707580e+04	2.973267e+02	7.082769e-01	2020	10	5	18
start	21	2020	9	28	18
	3668	1064	257.102804	15.149385	1.009333e+05	1.361108e+01	1.085472e+05	1.083020e+05	5.814854e+04	5.767523e+04	3.033283e+02	1.589135e+01	2020	9	28	18
	3659	1064	256.471963	15.149385	1.006370e+05	1.238990e+01	1.083654e+05	1.081261e+05	5.795659e+04	5.747940e+04	3.030134e+02	1.470811e+01	2020	9	29	0
	3653	1062	256.051402	15.289982	1.007882e+05	1.339456e+01	1.084742e+05	1.082710e+05	5.808188e+04	5.759730e+04	3.028947e+02	1.712531e+01	2020	9	29	6
	3639	1062	255.070093	15.289982	1.004461e+05	1.587171e+01	1.082968e+05	1.079930e+05	5.789453e+04	5.733231e+04	3.029026e+02	1.529729e+01	2020	9	29	12
	3632	1062	254.579439	15.289982	1.005850e+05	1.598355e+01	1.085094e+05	1.082356e+05	5.809371e+04	5.749319e+04	3.029314e+02	1.641758e+01	2020	9	29	18
	3620	1058	253.738318	15.571177	1.001958e+05	1.684572e+01	1.082998e+05	1.080264e+05	5.791064e+04	5.725473e+04	3.032947e+02	1.337140e+01	2020	9	30	0
	3610	1056	253.037383	15.711775	1.002827e+05	1.753907e+01	1.084885e+05	1.081458e+05	5.803250e+04	5.730743e+04	3.031302e+02	2.055514e+01	2020	9	30	6
	3596	1050	252.056075	16.133567	9.990723e+04	1.801011e+01	1.082837e+05	1.079718e+05	5.786839e+04	5.704685e+04	3.031060e+02	2.305622e+01	2020	9	30	12
	3583	1046	251.144860	16.414762	9.992804e+04	1.989868e+01	1.084310e+05	1.080536e+05	5.807166e+04	5.717070e+04	3.032037e+02	2.087371e+01	2020	9	30	18
	3568	1039	250.093458	16.906854	9.956005e+04	2.217734e+01	1.082680e+05	1.077942e+05	5.788517e+04	5.690720e+04	3.033549e+02	1.588192e+01	2020	10	1	0
	3552	1037	248.971963	17.047451	9.955473e+04	2.378784e+01	1.083473e+05	1.080045e+05	5.797923e+04	5.686590e+04	3.032104e+02	1.858281e+01	2020	10	1	6
	3539	1031	248.060748	17.469244	9.923303e+04	2.373876e+01	1.081477e+05	1.077737e+05	5.781029e+04	5.684999e+04	3.030869e+02	1.919556e+01	2020	10	1	12
	3528	1023	247.289720	18.031634	9.930142e+04	2.537060e+01	1.084331e+05	1.080644e+05	5.803968e+04	5.693761e+04	3.032878e+02	1.650303e+01	2020	10	1	18
	3514	1011	246.308411	18.875219	9.895530e+04	2.686270e+01	1.081569e+05	1.078791e+05	5.786300e+04	5.660616e+04	3.032338e+02	1.315983e+01	2020	10	2	0
	3499	999	245.257009	19.718805	9.889833e+04	3.237075e+01	1.083329e+05	1.078922e+05	5.796952e+04	5.659410e+04	3.028580e+02	1.282746e+01	2020	10	2	6
	3478	984	243.785047	20.773286	9.899872e+04	2.424903e+01	1.080979e+05	1.078702e+05	5.777619e+04	5.697539e+04	3.026414e+02	1.288573e+01	2020	10	2	12
	3460	975	242.523364	21.405975	9.943342e+04	2.175030e+01	1.083298e+05	1.080063e+05	5.799448e+04	5.721117e+04	3.024503e+02	1.562839e+01	2020	10	2	18
	3444	964	241.401869	22.179261	9.913477e+04	2.273898e+01	1.082917e+05	1.076130e+05	5.774487e+04	5.692563e+04	3.020508e+02	1.531763e+01	2020	10	3	0
	3430	953	240.420561	22.952548	9.921777e+04	2.493729e+01	1.082864e+05	1.074528e+05	5.783565e+04	5.698609e+04	3.012904e+02	1.774777e+01	2020	10	3	6
	3421	945	239.789720	23.514938	9.919112e+04	2.227157e+01	1.079761e+05	1.070848e+05	5.761836e+04	5.681237e+04	3.009671e+02	1.991115e+01	2020	10	3	12
	3455	1010	242.172897	18.945518	9.831462e+04	3.139223e+01	1.082211e+05	1.073648e+05	5.786627e+04	5.594742e+04	3.023201e+02	1.291790e+01	2020	10	3	18
start	17	2020	9	30	12
	2186	1024	153.224299	17.961335	1.006648e+05	1.426835e+01	1.084929e+05	1.080279e+05	5.802251e+04	5.740757e+04	3.037455e+02	1.903025e+01	2020	9	30	12
	2175	1011	152.453271	18.875219	1.003585e+05	1.320726e+01	1.082840e+05	1.078182e+05	5.784948e+04	5.723409e+04	3.034486e+02	1.653287e+01	2020	9	30	18
	2163	1001	151.612150	19.578207	1.004652e+05	1.454949e+01	1.084853e+05	1.080662e+05	5.797641e+04	5.737803e+04	3.033339e+02	1.585607e+01	2020	10	1	0
	2153	994	150.911215	20.070298	1.002311e+05	1.442667e+01	1.083386e+05	1.079776e+05	5.785704e+04	5.724054e+04	3.032260e+02	1.418500e+01	2020	10	1	6
	2141	987	150.070093	20.562390	1.003632e+05	1.604612e+01	1.084383e+05	1.080581e+05	5.795168e+04	5.732423e+04	3.031465e+02	1.151014e+01	2020	10	1	12
	2128	982	149.158879	20.913884	1.001468e+05	1.658317e+01	1.081822e+05	1.078146e+05	5.779429e+04	5.721643e+04	3.031810e+02	1.035207e+01	2020	10	1	18
	2119	979	148.528037	21.124780	1.002999e+05	1.647858e+01	1.083637e+05	1.079776e+05	5.797474e+04	5.744936e+04	3.031814e+02	9.135263e+00	2020	10	2	0
	2108	975	147.757009	21.405975	1.000728e+05	1.558541e+01	1.082081e+05	1.077835e+05	5.778967e+04	5.736874e+04	3.030521e+02	8.762746e+00	2020	10	2	6
	2098	970	147.056075	21.757469	1.003381e+05	1.615225e+01	1.084517e+05	1.079413e+05	5.795356e+04	5.754511e+04	3.025689e+02	1.052487e+01	2020	10	2	12
	2090	965	146.495327	22.108963	1.001914e+05	1.481122e+01	1.081972e+05	1.077064e+05	5.779929e+04	5.743738e+04	3.024284e+02	5.869378e+00	2020	10	2	18
	2082	958	145.934579	22.601054	1.004348e+05	1.326218e+01	1.084509e+05	1.078845e+05	5.798686e+04	5.767442e+04	3.024964e+02	6.410016e+00	2020	10	3	0
	2077	954	145.584112	22.882249	1.003125e+05	1.319142e+01	1.083168e+05	1.077335e+05	5.789933e+04	5.757007e+04	3.029561e+02	5.615148e+00	2020	10	3	6
	2068	950	144.953271	23.163444	1.006145e+05	1.334754e+01	1.084826e+05	1.078885e+05	5.810957e+04	5.779292e+04	3.024167e+02	5.671846e+00	2020	10	3	12
	2064	945	144.672897	23.514938	1.005372e+05	1.241639e+01	1.083424e+05	1.076984e+05	5.795928e+04	5.766686e+04	3.022895e+02	6.927511e+00	2020	10	3	18
	2063	939	144.602804	23.936731	1.008200e+05	1.213994e+01	1.085465e+05	1.079035e+05	5.820676e+04	5.788318e+04	3.023248e+02	4.725917e+00	2020	10	4	0
	2055	934	144.042056	24.288224	1.006686e+05	1.212974e+01	1.084084e+05	1.078178e+05	5.807368e+04	5.776739e+04	3.030337e+02	5.343579e+00	2020	10	4	6
	2048	933	143.551402	24.358523	1.009764e+05	1.323384e+01	1.085514e+05	1.079597e+05	5.823873e+04	5.793405e+04	3.024266e+02	7.161776e+00	2020	10	4	12
start	20	2020	10	12	18
	2551	1076	178.808411	14.305799	1.006886e+05	1.101426e+01	1.086841e+05	1.083501e+05	5.798841e+04	5.764134e+04	3.030492e+02	2.571153e+01	2020	10	12	18
	2555	1079	179.088785	14.094903	1.006426e+05	1.139493e+01	1.087113e+05	1.083809e+05	5.796578e+04	5.761568e+04	3.032186e+02	3.643753e+01	2020	10	13	0
	2537	1075	177.827103	14.376098	1.005071e+05	1.291135e+01	1.086546e+05	1.083337e+05	5.787445e+04	5.749881e+04	3.031906e+02	3.541671e+01	2020	10	13	6
	2550	1064	178.738318	15.149385	1.004739e+05	1.459563e+01	1.086045e+05	1.082776e+05	5.789166e+04	5.746557e+04	3.028134e+02	4.024557e+01	2020	10	13	12
	2538	1054	177.897196	15.852372	1.003507e+05	1.622320e+01	1.085026e+05	1.081786e+05	5.784528e+04	5.736873e+04	3.027324e+02	4.074469e+01	2020	10	13	18
	2510	1049	175.934579	16.203866	1.003260e+05	1.718860e+01	1.085638e+05	1.081986e+05	5.786700e+04	5.731954e+04	3.027793e+02	4.182968e+01	2020	10	14	0
	2504	1052	175.514019	15.992970	1.001610e+05	1.859625e+01	1.084889e+05	1.082058e+05	5.778732e+04	5.730964e+04	3.029514e+02	4.331829e+01	2020	10	14	6
	2492	1055	174.672897	15.782074	1.001334e+05	1.992236e+01	1.084869e+05	1.080431e+05	5.778996e+04	5.722603e+04	3.025771e+02	4.641760e+01	2020	10	14	12
	2491	1051	174.602804	16.063269	1.000710e+05	2.154622e+01	1.083750e+05	1.079712e+05	5.773566e+04	5.721424e+04	3.025992e+02	4.111942e+01	2020	10	14	18
	2455	1039	172.079439	16.906854	1.000822e+05	1.935087e+01	1.085003e+05	1.080882e+05	5.778962e+04	5.723914e+04	3.030633e+02	3.259304e+01	2020	10	15	0
	2467	1022	172.920561	18.101933	9.990780e+04	2.299355e+01	1.084602e+05	1.081113e+05	5.783969e+04	5.725573e+04	3.032378e+02	3.101534e+01	2020	10	15	6
	2445	1031	171.378505	17.469244	9.996202e+04	1.963479e+01	1.084946e+05	1.080239e+05	5.782266e+04	5.724732e+04	3.029572e+02	3.460913e+01	2020	10	15	12
	2435	1010	170.677570	18.945518	9.980584e+04	2.242531e+01	1.083640e+05	1.081054e+05	5.783000e+04	5.717277e+04	3.024626e+02	2.477934e+01	2020	10	15	18
	2426	1001	170.046729	19.578207	9.992332e+04	2.071464e+01	1.085567e+05	1.081462e+05	5.790863e+04	5.726420e+04	3.025032e+02	2.203387e+01	2020	10	16	0
	2426	994	170.046729	20.070298	9.981855e+04	2.310582e+01	1.085745e+05	1.080610e+05	5.791984e+04	5.714016e+04	3.024825e+02	2.571807e+01	2020	10	16	6
	2409	989	168.855140	20.421792	9.990564e+04	2.047131e+01	1.086774e+05	1.082268e+05	5.795610e+04	5.721997e+04	3.025563e+02	2.301384e+01	2020	10	16	12
	2384	989	167.102804	20.421792	9.972620e+04	1.797131e+01	1.086133e+05	1.082174e+05	5.784833e+04	5.717415e+04	3.028440e+02	1.444572e+01	2020	10	16	18
	2372	973	166.261682	21.546573	9.986596e+04	1.773183e+01	1.087684e+05	1.083730e+05	5.794733e+04	5.735434e+04	3.022130e+02	1.022063e+01	2020	10	17	0
	2349	957	164.649533	22.671353	9.976678e+04	1.609660e+01	1.086870e+05	1.083135e+05	5.782905e+04	5.734273e+04	3.026737e+02	6.385759e+00	2020	10	17	6
	2341	936	164.088785	24.147627	9.997456e+04	1.611353e+01	1.087706e+05	1.083418e+05	5.795298e+04	5.749815e+04	3.014877e+02	2.671524e+00	2020	10	17	12
start	39	2020	10	21	18
	2763	1109	193.668224	11.985940	1.006428e+05	1.464981e+01	1.083522e+05	1.078600e+05	5.780570e+04	5.750202e+04	3.027809e+02	3.032121e+01	2020	10	21	18
	2765	1095	193.808411	12.970123	1.004940e+05	1.441018e+01	1.082839e+05	1.079289e+05	5.769805e+04	5.733130e+04	3.028006e+02	2.599889e+01	2020	10	22	0
	2752	1073	192.897196	14.516696	1.005879e+05	1.391218e+01	1.084132e+05	1.079752e+05	5.787930e+04	5.743421e+04	3.024507e+02	2.706102e+01	2020	10	22	6
	2741	1059	192.126168	15.500878	1.005744e+05	1.916685e+01	1.083869e+05	1.079502e+05	5.787445e+04	5.732664e+04	3.023111e+02	3.080377e+01	2020	10	22	12
	2739	1040	191.985981	16.836555	1.005000e+05	2.057666e+01	1.084402e+05	1.080073e+05	5.800400e+04	5.739317e+04	3.021311e+02	2.579398e+01	2020	10	22	18
	2723	1026	190.864486	17.820738	1.000781e+05	1.892791e+01	1.083154e+05	1.079741e+05	5.789066e+04	5.728477e+04	3.025204e+02	2.161554e+01	2020	10	23	0
	2722	1015	190.794393	18.594024	1.001990e+05	1.641007e+01	1.084415e+05	1.079481e+05	5.800663e+04	5.732455e+04	3.021090e+02	2.025253e+01	2020	10	23	6
	2715	996	190.303738	19.929701	9.994335e+04	1.813576e+01	1.083632e+05	1.078311e+05	5.795248e+04	5.712234e+04	3.019172e+02	2.279414e+01	2020	10	23	12
	2712	978	190.093458	21.195079	9.988691e+04	2.225225e+01	1.083558e+05	1.075150e+05	5.798257e+04	5.710148e+04	3.017021e+02	2.001256e+01	2020	10	23	18
	2714	971	190.233645	21.687170	9.973720e+04	1.878004e+01	1.082700e+05	1.073029e+05	5.789320e+04	5.704452e+04	3.015833e+02	1.586254e+01	2020	10	24	0
	2719	952	190.584112	23.022847	9.979948e+04	2.138738e+01	1.082769e+05	1.070171e+05	5.795032e+04	5.724423e+04	3.010161e+02	1.749178e+01	2020	10	24	6
	2722	936	190.794393	24.147627	9.972328e+04	2.322569e+01	1.080806e+05	1.066358e+05	5.783370e+04	5.713442e+04	3.006684e+02	2.541680e+01	2020	10	24	12
	2726	919	191.074766	25.342706	9.899526e+04	2.387281e+01	1.080079e+05	1.063959e+05	5.778629e+04	5.669411e+04	3.004685e+02	2.643066e+01	2020	10	24	18
	2731	908	191.425234	26.115992	9.917267e+04	2.242057e+01	1.078302e+05	1.062344e+05	5.765721e+04	5.681386e+04	3.001076e+02	2.408311e+01	2020	10	25	0
	2734	898	191.635514	26.818980	9.893941e+04	3.042892e+01	1.077703e+05	1.062427e+05	5.769116e+04	5.614135e+04	2.997328e+02	1.957502e+01	2020	10	25	6
	2735	894	191.705607	27.100175	9.854689e+04	2.718133e+01	1.075613e+05	1.058453e+05	5.757577e+04	5.560676e+04	2.994952e+02	1.356768e+01	2020	10	25	12
	2740	897	192.056075	26.889279	9.894442e+04	2.107853e+01	1.076503e+05	1.062280e+05	5.763801e+04	5.591904e+04	2.995604e+02	9.390660e+00	2020	10	25	18
	2743	894	192.266355	27.100175	9.920064e+04	1.991839e+01	1.076568e+05	1.064615e+05	5.761521e+04	5.614820e+04	2.995507e+02	8.021955e+00	2020	10	26	0
	2741	893	192.126168	27.170474	9.951634e+04	2.266477e+01	1.077231e+05	1.065908e+05	5.766752e+04	5.637805e+04	2.994846e+02	1.226824e+01	2020	10	26	6
	2738	894	191.915888	27.100175	9.961434e+04	2.274640e+01	1.075778e+05	1.065747e+05	5.768490e+04	5.641241e+04	2.994398e+02	1.226577e+01	2020	10	26	12
	2733	899	191.565421	26.748681	9.969194e+04	2.421744e+01	1.075641e+05	1.065385e+05	5.769263e+04	5.644798e+04	2.994735e+02	1.129361e+01	2020	10	26	18
	2727	905	191.144860	26.326889	9.970176e+04	2.520511e+01	1.075343e+05	1.066093e+05	5.766402e+04	5.641641e+04	3.000664e+02	1.180024e+01	2020	10	27	0
	2718	909	190.514019	26.045694	9.961411e+04	2.845035e+01	1.075686e+05	1.067234e+05	5.776069e+04	5.643385e+04	3.000924e+02	1.177895e+01	2020	10	27	6
	2707	915	189.742991	25.623901	9.969925e+04	2.657218e+01	1.075006e+05	1.067399e+05	5.775143e+04	5.645736e+04	3.000690e+02	1.181416e+01	2020	10	27	12
	2697	920	189.042056	25.272407	9.970266e+04	2.533048e+01	1.074404e+05	1.067867e+05	5.768387e+04	5.644776e+04	3.001818e+02	9.435217e+00	2020	10	27	18
	2688	919	188.411215	25.342706	9.955413e+04	2.751601e+01	1.073967e+05	1.067735e+05	5.766135e+04	5.628708e+04	3.003131e+02	1.037259e+01	2020	10	28	0
	2680	919	187.850467	25.342706	9.945072e+04	2.773682e+01	1.074736e+05	1.067968e+05	5.762858e+04	5.641998e+04	3.004230e+02	9.942288e+00	2020	10	28	6
	2669	916	187.079439	25.553602	9.927109e+04	2.758803e+01	1.073120e+05	1.068046e+05	5.760321e+04	5.625552e+04	3.004053e+02	9.403222e+00	2020	10	28	12
	2663	915	186.658879	25.623901	9.914675e+04	2.481416e+01	1.073140e+05	1.067487e+05	5.759176e+04	5.629102e+04	3.003277e+02	5.623242e+00	2020	10	28	18
	2659	917	186.378505	25.483304	9.904118e+04	2.464613e+01	1.072880e+05	1.067079e+05	5.759985e+04	5.627422e+04	3.004945e+02	5.048640e+00	2020	10	29	0
	2658	920	186.308411	25.272407	9.905722e+04	2.588717e+01	1.073632e+05	1.067255e+05	5.763448e+04	5.636268e+04	3.005435e+02	5.310749e+00	2020	10	29	6
	2656	925	186.168224	24.920913	9.921445e+04	2.528183e+01	1.073778e+05	1.068012e+05	5.770487e+04	5.646189e+04	3.006161e+02	5.332136e+00	2020	10	29	12
	2655	929	186.098131	24.639718	9.927610e+04	2.447043e+01	1.073424e+05	1.068050e+05	5.766046e+04	5.642767e+04	3.006429e+02	4.910908e+00	2020	10	29	18
	2649	935	185.677570	24.217926	9.933973e+04	2.198464e+01	1.073723e+05	1.069002e+05	5.772516e+04	5.646868e+04	3.009057e+02	4.559560e+00	2020	10	30	0
	2643	941	185.257009	23.796133	9.946155e+04	2.259067e+01	1.074904e+05	1.070506e+05	5.781301e+04	5.657685e+04	3.010479e+02	5.491944e+00	2020	10	30	6
	2634	946	184.626168	23.444639	9.952538e+04	2.378303e+01	1.075611e+05	1.071523e+05	5.783349e+04	5.679614e+04	3.011053e+02	5.336324e+00	2020	10	30	12
	2627	948	184.135514	23.304042	9.986714e+04	1.938874e+01	1.075051e+05	1.071074e+05	5.776782e+04	5.707507e+04	3.011150e+02	2.743361e+00	2020	10	30	18
	2618	946	183.504673	23.444639	1.000595e+05	1.779257e+01	1.075734e+05	1.071441e+05	5.780739e+04	5.728371e+04	3.012553e+02	2.102795e+00	2020	10	31	0
	2611	945	183.014019	23.514938	1.002729e+05	1.600310e+01	1.076588e+05	1.071238e+05	5.775746e+04	5.736282e+04	3.013077e+02	3.476685e+00	2020	10	31	6
start	23	2020	10	29	12
	3989	1070	279.602804	14.727592	1.006151e+05	1.082576e+01	1.081331e+05	1.077746e+05	5.773177e+04	5.733091e+04	3.037927e+02	3.384809e+01	2020	10	29	12
	3985	1082	279.322430	13.884007	1.005014e+05	1.227764e+01	1.081004e+05	1.077947e+05	5.767623e+04	5.725252e+04	3.037255e+02	2.876245e+01	2020	10	29	18
	4007	1080	280.864486	14.024604	1.003552e+05	1.264692e+01	1.081993e+05	1.078194e+05	5.767350e+04	5.717886e+04	3.032099e+02	2.774892e+01	2020	10	30	0
	4018	1069	281.635514	14.797891	1.002910e+05	1.294785e+01	1.081075e+05	1.077886e+05	5.763412e+04	5.718629e+04	3.030978e+02	3.200388e+01	2020	10	30	6
	4023	1066	281.985981	15.008787	1.003171e+05	1.458998e+01	1.081755e+05	1.078182e+05	5.775646e+04	5.721585e+04	3.031569e+02	3.125706e+01	2020	10	30	12
	4027	1068	282.266355	14.868190	1.002327e+05	1.558108e+01	1.082192e+05	1.078446e+05	5.772840e+04	5.714939e+04	3.030590e+02	2.457936e+01	2020	10	30	18
	4043	1069	283.387850	14.797891	1.002114e+05	1.552938e+01	1.082647e+05	1.080062e+05	5.779888e+04	5.719256e+04	3.030193e+02	2.712569e+01	2020	10	31	0
	4047	1057	283.668224	15.641476	1.001432e+05	1.606097e+01	1.081975e+05	1.079238e+05	5.771698e+04	5.714437e+04	3.033864e+02	3.238893e+01	2020	10	31	6
	4058	1056	284.439252	15.711775	1.001200e+05	1.604363e+01	1.082098e+05	1.079290e+05	5.781006e+04	5.713985e+04	3.033218e+02	2.936496e+01	2020	10	31	12
	4064	1043	284.859813	16.625659	9.996008e+04	1.723626e+01	1.081879e+05	1.078214e+05	5.769051e+04	5.704031e+04	3.034650e+02	2.496366e+01	2020	10	31	18
	4073	1041	285.490654	16.766256	9.988388e+04	1.830659e+01	1.083010e+05	1.079479e+05	5.781307e+04	5.694891e+04	3.037759e+02	2.509124e+01	2020	11	1	0
	4074	1038	285.560748	16.977153	9.973241e+04	2.060409e+01	1.081448e+05	1.077797e+05	5.770658e+04	5.690592e+04	3.041510e+02	2.847917e+01	2020	11	1	6
	4087	1029	286.471963	17.609841	9.970141e+04	2.384070e+01	1.082264e+05	1.077457e+05	5.780914e+04	5.690256e+04	3.041956e+02	2.669571e+01	2020	11	1	12
	4098	1024	287.242991	17.961335	9.907474e+04	2.390408e+01	1.081050e+05	1.075743e+05	5.770383e+04	5.655027e+04	3.041335e+02	2.052690e+01	2020	11	1	18
	4118	1019	288.644860	18.312829	9.969173e+04	1.710035e+01	1.082136e+05	1.076082e+05	5.782144e+04	5.683266e+04	3.040581e+02	2.137637e+01	2020	11	2	0
	4124	1002	289.065421	19.507908	9.984012e+04	1.686543e+01	1.081242e+05	1.072507e+05	5.766389e+04	5.691830e+04	3.040703e+02	2.150170e+01	2020	11	2	6
	4127	997	289.275701	19.859402	9.994102e+04	1.891722e+01	1.081734e+05	1.072280e+05	5.778771e+04	5.715121e+04	3.039202e+02	2.076830e+01	2020	11	2	12
	4136	989	289.906542	20.421792	9.965983e+04	2.047487e+01	1.080529e+05	1.071319e+05	5.768557e+04	5.708694e+04	3.030776e+02	2.293328e+01	2020	11	2	18
	4149	984	290.817757	20.773286	9.991886e+04	1.864914e+01	1.081676e+05	1.070958e+05	5.781488e+04	5.722218e+04	3.029793e+02	1.971098e+01	2020	11	3	0
	4160	970	291.588785	21.757469	9.978995e+04	2.125462e+01	1.081272e+05	1.067995e+05	5.773325e+04	5.709599e+04	3.027474e+02	2.391101e+01	2020	11	3	6
	4173	967	292.500000	21.968365	9.968644e+04	2.063602e+01	1.081822e+05	1.067328e+05	5.781656e+04	5.718990e+04	3.025618e+02	1.638610e+01	2020	11	3	12
	4193	956	293.901869	22.741652	9.898188e+04	3.293626e+01	1.080230e+05	1.064481e+05	5.782125e+04	5.644228e+04	3.023596e+02	1.341838e+01	2020	11	3	18
	4199	952	294.322430	23.022847	9.975596e+04	2.294617e+01	1.081144e+05	1.062789e+05	5.795082e+04	5.722094e+04	3.022183e+02	9.998582e+00	2020	11	4	0
start	43	2020	11	19	12
	2119	1143	148.528037	9.595782	1.006570e+05	1.437269e+01	1.084928e+05	1.083160e+05	5.808147e+04	5.759189e+04	3.033766e+02	1.626526e+01	2020	11	19	12
	2095	1147	146.845794	9.314587	1.003194e+05	1.362459e+01	1.083137e+05	1.080569e+05	5.783202e+04	5.729954e+04	3.034321e+02	1.980129e+01	2020	11	19	18
	2070	1150	145.093458	9.103691	1.005159e+05	1.555940e+01	1.085378e+05	1.083324e+05	5.801291e+04	5.742951e+04	3.033793e+02	1.460200e+01	2020	11	20	0
	2049	1147	143.621495	9.314587	1.001781e+05	1.992303e+01	1.083672e+05	1.080610e+05	5.783080e+04	5.716201e+04	3.033418e+02	1.023387e+01	2020	11	20	6
	2037	1148	142.780374	9.244288	1.003160e+05	1.527561e+01	1.085467e+05	1.082821e+05	5.805494e+04	5.750481e+04	3.033342e+02	1.395082e+01	2020	11	20	12
	2016	1144	141.308411	9.525483	1.000639e+05	1.659876e+01	1.083905e+05	1.079858e+05	5.785683e+04	5.720836e+04	3.033065e+02	1.426143e+01	2020	11	20	18
	1994	1144	139.766355	9.525483	1.001858e+05	1.950147e+01	1.086004e+05	1.083038e+05	5.814501e+04	5.751454e+04	3.033523e+02	1.629301e+01	2020	11	21	0
	1969	1142	138.014019	9.666081	9.977959e+04	2.018475e+01	1.083970e+05	1.081019e+05	5.796495e+04	5.721159e+04	3.033205e+02	1.607638e+01	2020	11	21	6
	1941	1144	136.051402	9.525483	9.973627e+04	2.181285e+01	1.085883e+05	1.082364e+05	5.810242e+04	5.736605e+04	3.033459e+02	2.144289e+01	2020	11	21	12
	1910	1144	133.878505	9.525483	9.927113e+04	2.351381e+01	1.083700e+05	1.080038e+05	5.789505e+04	5.706152e+04	3.033174e+02	2.413701e+01	2020	11	21	18
	1882	1148	131.915888	9.244288	9.912523e+04	2.535776e+01	1.086107e+05	1.081659e+05	5.812123e+04	5.696130e+04	3.034502e+02	2.365491e+01	2020	11	22	0
	1851	1149	129.742991	9.173989	9.850044e+04	3.360857e+01	1.084106e+05	1.078947e+05	5.792723e+04	5.661951e+04	3.034037e+02	2.217129e+01	2020	11	22	6
	1821	1151	127.640187	9.033392	9.827145e+04	3.856768e+01	1.086147e+05	1.078202e+05	5.811309e+04	5.640880e+04	3.033716e+02	2.248024e+01	2020	11	22	12
	1794	1152	125.747664	8.963093	9.871810e+04	2.640023e+01	1.083952e+05	1.075817e+05	5.789087e+04	5.625586e+04	3.040261e+02	1.956006e+01	2020	11	22	18
	1768	1148	123.925234	9.244288	9.861113e+04	3.739732e+01	1.086009e+05	1.078573e+05	5.812613e+04	5.669554e+04	3.052012e+02	2.231974e+01	2020	11	23	0
	1743	1144	122.172897	9.525483	9.871247e+04	3.257938e+01	1.083488e+05	1.074838e+05	5.791706e+04	5.637567e+04	3.055159e+02	1.778439e+01	2020	11	23	6
	1720	1139	120.560748	9.876977	9.854137e+04	3.146989e+01	1.085097e+05	1.077539e+05	5.802934e+04	5.634296e+04	3.035352e+02	1.730990e+01	2020	11	23	12
	1700	1132	119.158879	10.369068	9.862926e+04	3.389877e+01	1.083522e+05	1.074051e+05	5.785542e+04	5.651191e+04	3.037825e+02	1.838584e+01	2020	11	23	18
	1682	1125	117.897196	10.861160	9.884923e+04	3.616719e+01	1.084616e+05	1.077141e+05	5.796026e+04	5.658025e+04	3.037253e+02	1.773617e+01	2020	11	24	0
	1664	1121	116.635514	11.142355	9.868677e+04	3.178027e+01	1.083178e+05	1.075878e+05	5.781857e+04	5.657671e+04	3.035938e+02	1.366533e+01	2020	11	24	6
	1647	1120	115.443925	11.212654	9.955202e+04	2.334551e+01	1.084677e+05	1.080773e+05	5.795886e+04	5.735377e+04	3.032287e+02	2.102443e+01	2020	11	24	12
	1629	1121	114.182243	11.142355	9.944158e+04	2.308754e+01	1.083754e+05	1.076230e+05	5.783018e+04	5.705332e+04	3.030391e+02	2.539755e+01	2020	11	24	18
	1615	1120	113.200935	11.212654	9.983670e+04	2.041696e+01	1.084976e+05	1.082666e+05	5.792407e+04	5.760577e+04	3.029207e+02	2.443342e+01	2020	11	25	0
	1600	1119	112.149533	11.282952	9.979376e+04	2.024943e+01	1.083812e+05	1.082280e+05	5.787606e+04	5.753428e+04	3.032973e+02	1.532067e+01	2020	11	25	6
	1590	1123	111.448598	11.001757	1.000382e+05	1.860205e+01	1.086040e+05	1.083791e+05	5.800878e+04	5.760163e+04	3.033802e+02	1.596298e+01	2020	11	25	12
	1576	1128	110.467290	10.650263	9.970377e+04	2.068330e+01	1.084555e+05	1.082176e+05	5.791231e+04	5.760282e+04	3.033607e+02	2.486590e+01	2020	11	25	18
	1567	1135	109.836449	10.158172	1.000049e+05	1.882066e+01	1.086273e+05	1.083165e+05	5.800566e+04	5.757420e+04	3.033340e+02	2.833928e+01	2020	11	26	0
	1551	1141	108.714953	9.736379	9.973678e+04	2.217691e+01	1.084268e+05	1.078288e+05	5.793388e+04	5.715127e+04	3.032794e+02	2.714707e+01	2020	11	26	6
	1538	1144	107.803738	9.525483	9.976314e+04	2.127296e+01	1.085011e+05	1.082775e+05	5.804739e+04	5.757198e+04	3.030810e+02	1.914834e+01	2020	11	26	12
	1518	1149	106.401869	9.173989	9.958326e+04	2.524285e+01	1.084370e+05	1.081151e+05	5.796370e+04	5.735876e+04	3.042698e+02	2.404306e+01	2020	11	26	18
	1499	1153	105.070093	8.892794	1.001569e+05	2.100317e+01	1.084141e+05	1.081306e+05	5.795589e+04	5.744132e+04	3.048301e+02	1.332492e+01	2020	11	27	0
	1477	1156	103.528037	8.681898	9.975045e+04	2.270579e+01	1.083411e+05	1.079719e+05	5.790305e+04	5.721647e+04	3.047358e+02	1.644426e+01	2020	11	27	6
	1457	1156	102.126168	8.681898	9.980398e+04	2.206002e+01	1.083422e+05	1.081033e+05	5.793517e+04	5.741175e+04	3.040509e+02	1.724528e+01	2020	11	27	12
	1435	1153	100.584112	8.892794	9.924947e+04	2.508953e+01	1.083729e+05	1.079264e+05	5.797436e+04	5.696131e+04	3.040383e+02	2.080683e+01	2020	11	27	18
	1416	1148	99.252336	9.244288	9.970816e+04	2.478794e+01	1.082520e+05	1.079777e+05	5.790398e+04	5.721075e+04	3.042532e+02	1.376221e+01	2020	11	28	0
	1396	1145	97.850467	9.455184	9.957051e+04	2.647635e+01	1.082432e+05	1.079563e+05	5.788616e+04	5.704654e+04	3.043280e+02	1.286257e+01	2020	11	28	6
	1381	1139	96.799065	9.876977	9.924529e+04	2.667554e+01	1.082922e+05	1.079343e+05	5.785677e+04	5.701229e+04	3.040473e+02	1.159457e+01	2020	11	28	12
	1365	1133	95.677570	10.298770	9.900760e+04	2.780762e+01	1.082666e+05	1.078442e+05	5.785133e+04	5.668343e+04	3.032151e+02	1.384029e+01	2020	11	28	18
	1353	1129	94.836449	10.579965	9.891973e+04	2.701260e+01	1.082149e+05	1.075268e+05	5.783514e+04	5.651473e+04	3.028563e+02	1.366562e+01	2020	11	29	0
	1339	1126	93.855140	10.790861	9.943469e+04	2.598865e+01	1.083318e+05	1.079393e+05	5.787422e+04	5.729300e+04	3.029929e+02	1.005823e+01	2020	11	29	6
	1323	1125	92.733645	10.861160	9.979787e+04	2.045971e+01	1.082698e+05	1.079712e+05	5.784043e+04	5.756891e+04	3.028621e+02	7.125206e+00	2020	11	29	12
	1305	1125	91.471963	10.861160	1.000551e+05	1.991803e+01	1.083274e+05	1.080536e+05	5.782759e+04	5.765028e+04	3.027888e+02	1.416610e+01	2020	11	29	18
	1288	1125	90.280374	10.861160	9.994788e+04	2.029865e+01	1.083147e+05	1.079972e+05	5.775643e+04	5.753938e+04	3.025599e+02	1.386516e+01	2020	11	30	0
start	38	2020	12	29	12
	1927	1433	135.070093	-10.790861	1.001572e+05	1.257005e+01	1.085279e+05	1.081860e+05	5.779031e+04	5.724368e+04	3.060325e+02	2.514424e+01	2020	12	29	12
	1904	1444	133.457944	-11.564147	9.984644e+04	1.521135e+01	1.082758e+05	1.077869e+05	5.754743e+04	5.688586e+04	3.067814e+02	3.190512e+01	2020	12	29	18
	1910	1444	133.878505	-11.564147	9.987439e+04	1.864940e+01	1.085429e+05	1.081541e+05	5.779795e+04	5.708938e+04	3.064912e+02	3.324214e+01	2020	12	30	0
	1901	1447	133.247664	-11.775044	9.947247e+04	1.582029e+01	1.084092e+05	1.080527e+05	5.759835e+04	5.690364e+04	3.066836e+02	1.981584e+01	2020	12	30	6
	1895	1447	132.827103	-11.775044	9.966748e+04	1.774094e+01	1.085760e+05	1.082998e+05	5.780683e+04	5.705885e+04	3.067847e+02	2.899262e+01	2020	12	30	12
	1893	1450	132.686916	-11.985940	9.963884e+04	1.482191e+01	1.083147e+05	1.080817e+05	5.758449e+04	5.701545e+04	3.065706e+02	3.686599e+01	2020	12	30	18
	1888	1457	132.336449	-12.478031	9.964178e+04	1.683048e+01	1.085793e+05	1.081622e+05	5.778733e+04	5.704280e+04	3.065688e+02	3.515854e+01	2020	12	31	0
	1883	1459	131.985981	-12.618629	9.942138e+04	1.745076e+01	1.084674e+05	1.081305e+05	5.757132e+04	5.691467e+04	3.064936e+02	2.908228e+01	2020	12	31	6
	1883	1457	131.985981	-12.478031	9.960916e+04	1.852212e+01	1.086537e+05	1.084123e+05	5.778845e+04	5.716139e+04	3.064003e+02	4.329067e+01	2020	12	31	12
	1877	1460	131.565421	-12.688928	9.926684e+04	2.030367e+01	1.083866e+05	1.080751e+05	5.754495e+04	5.679851e+04	3.062791e+02	5.122335e+01	2020	12	31	18
	1873	1462	131.285047	-12.829525	9.939123e+04	1.819892e+01	1.085795e+05	1.082120e+05	5.777070e+04	5.684773e+04	3.062839e+02	4.205782e+01	2021	1	1	0
	1868	1463	130.934579	-12.899824	9.910388e+04	1.885976e+01	1.085109e+05	1.080535e+05	5.755474e+04	5.674877e+04	3.061970e+02	4.190092e+01	2021	1	1	6
	1863	1467	130.584112	-13.181019	9.952269e+04	1.649393e+01	1.086684e+05	1.081917e+05	5.777489e+04	5.692012e+04	3.065583e+02	4.836050e+01	2021	1	1	12
	1851	1470	129.742991	-13.391915	9.833024e+04	2.392025e+01	1.084285e+05	1.074551e+05	5.752533e+04	5.631243e+04	3.065151e+02	4.000344e+01	2021	1	1	18
	1843	1475	129.182243	-13.743409	9.846232e+04	2.713000e+01	1.085885e+05	1.076620e+05	5.768580e+04	5.641973e+04	3.063113e+02	3.899336e+01	2021	1	2	0
	1834	1480	128.551402	-14.094903	9.817536e+04	2.403323e+01	1.084651e+05	1.077151e+05	5.758682e+04	5.650650e+04	3.067092e+02	3.637989e+01	2021	1	2	6
	1820	1484	127.570093	-14.376098	9.822706e+04	2.039390e+01	1.085092e+05	1.081358e+05	5.773199e+04	5.665048e+04	3.065111e+02	3.873602e+01	2021	1	2	12
	1806	1492	126.588785	-14.938488	9.804812e+04	3.258837e+01	1.083742e+05	1.073491e+05	5.748560e+04	5.593922e+04	3.066998e+02	3.884845e+01	2021	1	2	18
	1789	1502	125.397196	-15.641476	9.808970e+04	2.573514e+01	1.084697e+05	1.074315e+05	5.765780e+04	5.591697e+04	3.071038e+02	3.470102e+01	2021	1	3	0
	1780	1509	124.766355	-16.133567	9.789202e+04	2.674229e+01	1.085095e+05	1.077879e+05	5.758670e+04	5.615023e+04	3.067488e+02	2.986731e+01	2021	1	3	6
	1771	1522	124.135514	-17.047451	9.851605e+04	2.978754e+01	1.085444e+05	1.078418e+05	5.770984e+04	5.635395e+04	3.066165e+02	2.496873e+01	2021	1	3	12
	1766	1524	123.785047	-17.188049	9.817793e+04	2.822754e+01	1.082043e+05	1.076246e+05	5.741777e+04	5.614300e+04	3.065679e+02	2.514166e+01	2021	1	3	18
	1764	1533	123.644860	-17.820738	9.833285e+04	2.084538e+01	1.084081e+05	1.077997e+05	5.750797e+04	5.617293e+04	3.062742e+02	2.134734e+01	2021	1	4	0
	1762	1543	123.504673	-18.523725	9.837352e+04	1.832567e+01	1.083522e+05	1.077506e+05	5.742476e+04	5.622591e+04	3.061932e+02	1.892120e+01	2021	1	4	6
	1770	1547	124.065421	-18.804921	9.869134e+04	1.748375e+01	1.083915e+05	1.079695e+05	5.751082e+04	5.639738e+04	3.060613e+02	1.940596e+01	2021	1	4	12
	1777	1556	124.556075	-19.437609	9.847166e+04	1.765692e+01	1.081692e+05	1.077888e+05	5.730104e+04	5.618019e+04	-9.000000e+33	1.983802e+01	2021	1	4	18
	1789	1560	125.397196	-19.718805	9.883509e+04	1.676357e+01	1.084376e+05	1.078402e+05	5.747811e+04	5.647534e+04	-9.000000e+33	2.138098e+01	2021	1	5	0
	1802	1567	126.308411	-20.210896	9.879661e+04	1.578086e+01	1.084165e+05	1.078424e+05	5.732389e+04	5.654847e+04	-9.000000e+33	2.992484e+01	2021	1	5	6
	1814	1571	127.149533	-20.492091	9.891909e+04	1.571348e+01	1.084403e+05	1.079735e+05	5.745320e+04	5.664693e+04	-9.000000e+33	3.245184e+01	2021	1	5	12
	1826	1574	127.990654	-20.702987	9.885316e+04	1.387339e+01	1.082403e+05	1.077454e+05	5.728019e+04	5.646495e+04	-9.000000e+33	1.848885e+01	2021	1	5	18
	1842	1577	129.112150	-20.913884	9.914166e+04	1.392503e+01	1.084638e+05	1.078830e+05	5.745661e+04	5.667982e+04	-9.000000e+33	1.919473e+01	2021	1	6	0
	1851	1588	129.742991	-21.687170	9.899862e+04	1.259654e+01	1.084401e+05	1.078720e+05	5.729631e+04	5.665791e+04	-9.000000e+33	2.489861e+01	2021	1	6	6
	1856	1589	130.093458	-21.757469	9.924252e+04	1.361087e+01	1.085974e+05	1.080960e+05	5.754173e+04	5.686095e+04	-9.000000e+33	2.172766e+01	2021	1	6	12
	1864	1593	130.654206	-22.038664	9.915891e+04	1.288319e+01	1.083212e+05	1.079432e+05	5.736446e+04	5.663908e+04	-9.000000e+33	1.119754e+01	2021	1	6	18
	1871	1589	131.144860	-21.757469	9.955016e+04	1.252289e+01	1.086362e+05	1.082448e+05	5.763640e+04	5.698420e+04	-9.000000e+33	9.242438e+00	2021	1	7	0
	1882	1590	131.915888	-21.827768	9.959991e+04	1.119844e+01	1.087505e+05	1.082279e+05	5.753666e+04	5.700581e+04	-9.000000e+33	1.146658e+01	2021	1	7	6
	1892	1598	132.616822	-22.390158	1.000686e+05	1.004076e+01	1.088919e+05	1.084798e+05	5.778270e+04	5.729998e+04	-9.000000e+33	8.986687e+00	2021	1	7	12
	1897	1603	132.967290	-22.741652	9.998581e+04	8.304600e+00	1.086370e+05	1.082991e+05	5.762005e+04	5.716662e+04	-9.000000e+33	2.151324e+00	2021	1	7	18
start	33	2021	1	8	6
	914	1445	64.065421	-11.634446	1.008789e+05	1.078220e+01	1.084866e+05	1.082957e+05	5.801132e+04	5.771270e+04	3.044220e+02	2.123725e+01	2021	1	8	6
	905	1450	63.434579	-11.985940	1.005951e+05	1.038391e+01	1.083216e+05	1.081333e+05	5.780625e+04	5.748784e+04	3.041724e+02	1.950698e+01	2021	1	8	12
	896	1452	62.803738	-12.126538	1.008605e+05	1.192990e+01	1.085101e+05	1.083657e+05	5.805057e+04	5.771077e+04	3.038393e+02	2.223924e+01	2021	1	8	18
	884	1459	61.962617	-12.618629	1.005515e+05	1.197064e+01	1.083305e+05	1.081632e+05	5.785190e+04	5.749812e+04	3.037386e+02	1.952183e+01	2021	1	9	0
	873	1463	61.191589	-12.899824	1.007294e+05	1.246782e+01	1.085085e+05	1.083748e+05	5.804003e+04	5.771235e+04	3.037274e+02	1.986247e+01	2021	1	9	6
	865	1473	60.630841	-13.602812	1.003908e+05	1.227989e+01	1.083248e+05	1.081921e+05	5.782184e+04	5.744685e+04	3.035295e+02	2.610071e+01	2021	1	9	12
	849	1476	59.509346	-13.813708	1.006224e+05	1.371520e+01	1.085557e+05	1.083926e+05	5.801962e+04	5.764424e+04	3.034902e+02	2.427806e+01	2021	1	9	18
	841	1480	58.948598	-14.094903	1.003460e+05	1.355336e+01	1.082914e+05	1.080557e+05	5.782946e+04	5.732882e+04	3.034984e+02	2.048937e+01	2021	1	10	0
	831	1485	58.247664	-14.446397	1.005087e+05	1.438420e+01	1.084902e+05	1.082990e+05	5.799737e+04	5.748960e+04	3.034715e+02	2.588162e+01	2021	1	10	6
	825	1492	57.827103	-14.938488	1.001886e+05	1.339198e+01	1.082870e+05	1.080250e+05	5.773055e+04	5.714554e+04	3.034292e+02	3.358622e+01	2021	1	10	12
	818	1498	57.336449	-15.360281	1.002980e+05	1.600205e+01	1.084724e+05	1.081986e+05	5.790418e+04	5.722678e+04	3.032433e+02	3.601424e+01	2021	1	10	18
	815	1501	57.126168	-15.571177	9.990121e+04	1.675800e+01	1.082859e+05	1.077371e+05	5.768048e+04	5.684472e+04	3.031379e+02	3.041188e+01	2021	1	11	0
	819	1505	57.406542	-15.852372	9.984324e+04	1.966988e+01	1.084006e+05	1.078175e+05	5.793996e+04	5.697505e+04	3.029680e+02	3.207426e+01	2021	1	11	6
	832	1511	58.317757	-16.274165	9.945222e+04	2.180255e+01	1.082101e+05	1.076631e+05	5.773073e+04	5.663374e+04	3.028416e+02	4.274471e+01	2021	1	11	12
	841	1514	58.948598	-16.485061	9.941498e+04	2.500268e+01	1.084335e+05	1.078957e+05	5.796202e+04	5.679992e+04	3.026364e+02	4.365575e+01	2021	1	11	18
	851	1516	59.649533	-16.625659	9.898959e+04	2.263556e+01	1.081364e+05	1.075746e+05	5.767838e+04	5.646612e+04	3.025497e+02	4.168148e+01	2021	1	12	0
	863	1519	60.490654	-16.836555	9.905268e+04	2.364866e+01	1.083312e+05	1.076194e+05	5.790518e+04	5.648336e+04	3.025787e+02	4.676109e+01	2021	1	12	6
	873	1527	61.191589	-17.398945	9.868657e+04	2.918817e+01	1.081571e+05	1.073665e+05	5.760013e+04	5.636204e+04	3.023836e+02	4.522639e+01	2021	1	12	12
	881	1528	61.752336	-17.469244	9.916861e+04	2.189941e+01	1.083424e+05	1.073536e+05	5.778283e+04	5.704733e+04	3.022683e+02	4.332185e+01	2021	1	12	18
	886	1534	62.102804	-17.891037	9.873919e+04	2.253753e+01	1.080866e+05	1.071278e+05	5.749616e+04	5.655328e+04	3.019988e+02	3.955400e+01	2021	1	13	0
	896	1541	62.803738	-18.383128	9.907051e+04	2.145855e+01	1.082793e+05	1.073812e+05	5.763308e+04	5.686160e+04	3.018907e+02	3.797587e+01	2021	1	13	6
	899	1557	63.014019	-19.507908	9.888168e+04	2.371840e+01	1.080711e+05	1.072302e+05	5.733013e+04	5.664348e+04	3.015813e+02	3.694094e+01	2021	1	13	12
	890	1565	62.383178	-20.070298	9.863801e+04	2.728534e+01	1.081778e+05	1.074026e+05	5.746147e+04	5.664285e+04	3.012916e+02	2.428218e+01	2021	1	13	18
	880	1562	61.682243	-19.859402	9.842536e+04	2.353823e+01	1.079578e+05	1.071727e+05	5.725517e+04	5.629891e+04	3.010495e+02	1.035735e+01	2021	1	14	0
	872	1563	61.121495	-19.929701	9.876798e+04	1.990496e+01	1.082019e+05	1.076373e+05	5.742554e+04	5.648702e+04	3.010882e+02	8.153464e+00	2021	1	14	6
	869	1564	60.911215	-20.000000	9.873407e+04	1.737783e+01	1.081020e+05	1.076024e+05	5.733598e+04	5.644234e+04	3.010724e+02	5.702358e+00	2021	1	14	12
	867	1565	60.771028	-20.070298	9.916422e+04	1.705148e+01	1.083031e+05	1.077639e+05	5.753507e+04	5.677185e+04	3.010336e+02	5.983272e+00	2021	1	14	18
	861	1567	60.350467	-20.210896	9.917963e+04	1.560893e+01	1.081787e+05	1.075810e+05	5.742959e+04	5.676814e+04	3.010381e+02	3.694124e+00	2021	1	15	0
	855	1573	59.929907	-20.632689	9.950445e+04	1.545432e+01	1.084664e+05	1.077945e+05	5.772455e+04	5.710967e+04	3.011047e+02	3.217695e+00	2021	1	15	6
	846	1580	59.299065	-21.124780	9.949315e+04	1.406021e+01	1.083327e+05	1.076263e+05	5.760628e+04	5.708914e+04	3.013799e+02	5.354096e+00	2021	1	15	12
	836	1580	58.598131	-21.124780	9.980108e+04	1.394703e+01	1.085170e+05	1.078240e+05	5.783080e+04	5.730039e+04	3.014656e+02	4.279016e+00	2021	1	15	18
	821	1584	57.546729	-21.405975	9.973533e+04	1.398800e+01	1.083678e+05	1.076323e+05	5.771075e+04	5.715966e+04	3.017307e+02	3.759452e+00	2021	1	16	0
	808	1591	56.635514	-21.898066	1.000888e+05	1.428130e+01	1.085889e+05	1.079512e+05	5.793123e+04	5.745422e+04	3.019065e+02	4.161827e+00	2021	1	16	6
start	29	2021	1	18	18
	492	1547	34.485981	-18.804921	1.002085e+05	1.059189e+01	1.084952e+05	1.082778e+05	5.785507e+04	5.728453e+04	3.040530e+02	3.327073e+01	2021	1	18	18
	498	1569	34.906542	-20.351493	1.000094e+05	1.532518e+01	1.083857e+05	1.079344e+05	5.758758e+04	5.711480e+04	3.039263e+02	4.242261e+01	2021	1	19	0
	493	1587	34.556075	-21.616871	1.000107e+05	1.526389e+01	1.083128e+05	1.078818e+05	5.769609e+04	5.700509e+04	3.037480e+02	3.934404e+01	2021	1	19	6
	496	1580	34.766355	-21.124780	9.987402e+04	1.390757e+01	1.084175e+05	1.080272e+05	5.767370e+04	5.689942e+04	3.038354e+02	3.368982e+01	2021	1	19	12
	503	1586	35.257009	-21.546573	1.000330e+05	1.461547e+01	1.085993e+05	1.080955e+05	5.790978e+04	5.712620e+04	3.037810e+02	4.160040e+01	2021	1	19	18
	511	1607	35.817757	-23.022847	9.985601e+04	2.163803e+01	1.085135e+05	1.079181e+05	5.775835e+04	5.701248e+04	3.029784e+02	5.198644e+01	2021	1	20	0
	512	1633	35.887850	-24.850615	9.989406e+04	2.343130e+01	1.085740e+05	1.076014e+05	5.783157e+04	5.701636e+04	3.029709e+02	4.501850e+01	2021	1	20	6
	512	1625	35.887850	-24.288224	9.977373e+04	2.031075e+01	1.085714e+05	1.077949e+05	5.777119e+04	5.695505e+04	3.031124e+02	3.293921e+01	2021	1	20	12
	528	1617	37.009346	-23.725834	9.988318e+04	1.862407e+01	1.087990e+05	1.081320e+05	5.807536e+04	5.688064e+04	3.028920e+02	3.574010e+01	2021	1	20	18
	552	1645	38.691589	-25.694200	9.950483e+04	2.243295e+01	1.085531e+05	1.078470e+05	5.776084e+04	5.695926e+04	3.021962e+02	4.322380e+01	2021	1	21	0
	547	1653	38.341121	-26.256590	9.953691e+04	2.573960e+01	1.085963e+05	1.078874e+05	5.785089e+04	5.698286e+04	3.025565e+02	3.309117e+01	2021	1	21	6
	575	1630	40.303738	-24.639718	9.938430e+04	1.977667e+01	1.085650e+05	1.081327e+05	5.786600e+04	5.682026e+04	3.021795e+02	2.848998e+01	2021	1	21	12
	585	1656	41.004673	-26.467486	9.919660e+04	2.205666e+01	1.086739e+05	1.078790e+05	5.785099e+04	5.683160e+04	3.012476e+02	2.233962e+01	2021	1	21	18
	590	1643	41.355140	-25.553602	9.908302e+04	2.190648e+01	1.084734e+05	1.078803e+05	5.775484e+04	5.669387e+04	3.022527e+02	1.691990e+01	2021	1	22	0
	615	1639	43.107477	-25.272407	9.927280e+04	2.040885e+01	1.085926e+05	1.078848e+05	5.782816e+04	5.682417e+04	3.038135e+02	1.737376e+01	2021	1	22	6
	621	1655	43.528037	-26.397188	9.895815e+04	2.018505e+01	1.084004e+05	1.075989e+05	5.765283e+04	5.665598e+04	3.030714e+02	2.233947e+01	2021	1	22	12
	644	1657	45.140187	-26.537785	9.909595e+04	1.957825e+01	1.084871e+05	1.074341e+05	5.768650e+04	5.675784e+04	3.026399e+02	2.176408e+01	2021	1	22	18
	652	1651	45.700935	-26.115992	9.900924e+04	1.941289e+01	1.083144e+05	1.073723e+05	5.753841e+04	5.662341e+04	3.025840e+02	1.759163e+01	2021	1	23	0
	669	1646	46.892523	-25.764499	9.944638e+04	1.642991e+01	1.084597e+05	1.075481e+05	5.774241e+04	5.691548e+04	3.011414e+02	1.700142e+01	2021	1	23	6
	680	1646	47.663551	-25.764499	9.945486e+04	1.616173e+01	1.083831e+05	1.075501e+05	5.762472e+04	5.692888e+04	3.009264e+02	2.271405e+01	2021	1	23	12
	694	1650	48.644860	-26.045694	9.953876e+04	1.822999e+01	1.085103e+05	1.075184e+05	5.770118e+04	5.704175e+04	3.010588e+02	2.629706e+01	2021	1	23	18
	713	1660	49.976636	-26.748681	9.926262e+04	1.911833e+01	1.082825e+05	1.070993e+05	5.751117e+04	5.686786e+04	3.009343e+02	2.585717e+01	2021	1	24	0
	731	1675	51.238318	-27.803163	9.942038e+04	1.789461e+01	1.084013e+05	1.067800e+05	5.763666e+04	5.692389e+04	3.007011e+02	2.597425e+01	2021	1	24	6
	742	1671	52.009346	-27.521968	9.930176e+04	1.984114e+01	1.083684e+05	1.069464e+05	5.762059e+04	5.682936e+04	3.007932e+02	2.395149e+01	2021	1	24	12
	758	1683	53.130841	-28.365553	9.906843e+04	2.302807e+01	1.084965e+05	1.068377e+05	5.774952e+04	5.661229e+04	3.000526e+02	2.900977e+01	2021	1	24	18
	783	1701	54.883178	-29.630931	9.884872e+04	2.239537e+01	1.082764e+05	1.063726e+05	5.748224e+04	5.651459e+04	2.989667e+02	2.669200e+01	2021	1	25	0
	801	1703	56.144860	-29.771528	9.916499e+04	2.180246e+01	1.084157e+05	1.064159e+05	5.765631e+04	5.651203e+04	2.989763e+02	1.257255e+01	2021	1	25	6
	817	1712	57.266355	-30.404217	9.910981e+04	2.100074e+01	1.083245e+05	1.062506e+05	5.753180e+04	5.650177e+04	2.986543e+02	1.346116e+01	2021	1	25	12
	831	1710	58.247664	-30.263620	9.933369e+04	1.772292e+01	1.085464e+05	1.064534e+05	5.775449e+04	5.672478e+04	2.985667e+02	1.214596e+01	2021	1	25	18
start	29	2021	1	20	0
	2711	1504	190.023364	-15.782074	9.989118e+04	1.586521e+01	1.085641e+05	1.083451e+05	5.767398e+04	5.711225e+04	3.048114e+02	4.704501e+01	2021	1	20	0
	2699	1527	189.182243	-17.398945	9.981429e+04	1.860151e+01	1.085729e+05	1.083445e+05	5.775250e+04	5.709621e+04	3.045151e+02	4.838765e+01	2021	1	20	6
	2686	1524	188.271028	-17.188049	9.972346e+04	1.854105e+01	1.085523e+05	1.083133e+05	5.770745e+04	5.704993e+04	3.040642e+02	5.770876e+01	2021	1	20	12
	2670	1529	187.149533	-17.539543	9.957498e+04	1.904495e+01	1.085223e+05	1.082790e+05	5.762769e+04	5.697162e+04	3.038862e+02	4.954152e+01	2021	1	20	18
	2663	1532	186.658879	-17.750439	9.940848e+04	1.779429e+01	1.085591e+05	1.082479e+05	5.759526e+04	5.688704e+04	3.043431e+02	4.621597e+01	2021	1	21	0
	2650	1538	185.747664	-18.172232	9.922126e+04	1.784041e+01	1.085314e+05	1.082137e+05	5.750257e+04	5.677036e+04	3.045200e+02	4.633760e+01	2021	1	21	6
	2640	1542	185.046729	-18.453427	9.918953e+04	1.905178e+01	1.085011e+05	1.081473e+05	5.758739e+04	5.668227e+04	3.037320e+02	4.959648e+01	2021	1	21	12
	2632	1549	184.485981	-18.945518	9.904196e+04	2.050803e+01	1.085424e+05	1.080545e+05	5.753122e+04	5.652820e+04	3.036558e+02	4.464585e+01	2021	1	21	18
	2619	1548	183.574766	-18.875219	9.897234e+04	1.919372e+01	1.085616e+05	1.080979e+05	5.756071e+04	5.646768e+04	3.035373e+02	4.238452e+01	2021	1	22	0
	2610	1553	182.943925	-19.226713	9.886730e+04	1.903506e+01	1.085690e+05	1.079546e+05	5.747930e+04	5.635747e+04	3.034305e+02	4.678830e+01	2021	1	22	6
	2609	1562	182.873832	-19.859402	9.881758e+04	2.083219e+01	1.085523e+05	1.080174e+05	5.763693e+04	5.636129e+04	3.031258e+02	4.573953e+01	2021	1	22	12
	2600	1567	182.242991	-20.210896	9.863590e+04	2.410723e+01	1.085838e+05	1.079074e+05	5.758851e+04	5.622077e+04	3.028823e+02	3.988145e+01	2021	1	22	18
	2584	1574	181.121495	-20.702987	9.856373e+04	2.508698e+01	1.085677e+05	1.079071e+05	5.770379e+04	5.621538e+04	3.024994e+02	3.564135e+01	2021	1	23	0
	2565	1582	179.789720	-21.265377	9.842362e+04	2.610041e+01	1.085547e+05	1.078625e+05	5.770144e+04	5.613071e+04	3.024945e+02	3.683062e+01	2021	1	23	6
	2543	1589	178.247664	-21.757469	9.856521e+04	2.572523e+01	1.086389e+05	1.081028e+05	5.784241e+04	5.628588e+04	3.021299e+02	3.504748e+01	2021	1	23	12
	2523	1595	176.845794	-22.179261	9.851894e+04	2.327529e+01	1.086277e+05	1.080380e+05	5.778638e+04	5.626862e+04	3.021288e+02	2.770325e+01	2021	1	23	18
	2496	1602	174.953271	-22.671353	9.858041e+04	2.503421e+01	1.087280e+05	1.082974e+05	5.788398e+04	5.644220e+04	3.021067e+02	2.967437e+01	2021	1	24	0
	2467	1614	172.920561	-23.514938	9.839994e+04	2.535008e+01	1.086499e+05	1.080872e+05	5.783532e+04	5.628728e+04	3.018362e+02	2.544836e+01	2021	1	24	6
	2448	1623	171.588785	-24.147627	9.859155e+04	2.481984e+01	1.088293e+05	1.082731e+05	5.792577e+04	5.641830e+04	3.016255e+02	1.906025e+01	2021	1	24	12
	2421	1626	169.696262	-24.358523	9.851458e+04	2.414548e+01	1.086868e+05	1.081993e+05	5.777982e+04	5.634405e+04	3.016675e+02	1.142094e+01	2021	1	24	18
	2395	1643	167.873832	-25.553602	9.890366e+04	2.317068e+01	1.088373e+05	1.084020e+05	5.794589e+04	5.663222e+04	3.011001e+02	1.683604e+01	2021	1	25	0
	2379	1653	166.752336	-26.256590	9.881369e+04	2.385243e+01	1.086948e+05	1.083595e+05	5.780633e+04	5.664104e+04	3.005143e+02	1.883999e+01	2021	1	25	6
	2365	1663	165.771028	-26.959578	9.915427e+04	2.521319e+01	1.088264e+05	1.083538e+05	5.787454e+04	5.688675e+04	3.001806e+02	1.641363e+01	2021	1	25	12
	2353	1675	164.929907	-27.803163	9.915670e+04	2.153909e+01	1.086342e+05	1.078857e+05	5.768586e+04	5.686516e+04	2.999361e+02	1.594366e+01	2021	1	25	18
	2355	1684	165.070093	-28.435852	9.943113e+04	2.256442e+01	1.088441e+05	1.078711e+05	5.783172e+04	5.713011e+04	2.995396e+02	1.811647e+01	2021	1	26	0
	2363	1691	165.630841	-28.927943	9.935419e+04	2.637235e+01	1.087835e+05	1.078109e+05	5.775994e+04	5.690069e+04	2.991054e+02	1.517471e+01	2021	1	26	6
	2383	1696	167.032710	-29.279437	9.973452e+04	2.071571e+01	1.089601e+05	1.079636e+05	5.798535e+04	5.688414e+04	2.985689e+02	1.236397e+01	2021	1	26	12
	2404	1721	168.504673	-31.036906	9.989116e+04	2.018703e+01	1.087472e+05	1.070357e+05	5.783892e+04	5.661907e+04	2.980062e+02	1.128408e+01	2021	1	26	18
	2426	1723	170.046729	-31.177504	1.001675e+05	1.679516e+01	1.089066e+05	1.071827e+05	5.798345e+04	5.670532e+04	2.981043e+02	3.742807e+00	2021	1	27	0
start	41	2021	1	28	12
	774	1431	54.252336	-10.650263	1.006216e+05	1.253835e+01	1.084321e+05	1.082565e+05	5.783876e+04	5.747377e+04	3.046557e+02	3.715165e+01	2021	1	28	12
	784	1435	54.953271	-10.931458	1.008544e+05	1.357902e+01	1.086538e+05	1.084536e+05	5.807352e+04	5.767507e+04	3.037166e+02	4.456673e+01	2021	1	28	18
	790	1445	55.373832	-11.634446	1.005254e+05	1.375627e+01	1.083980e+05	1.081890e+05	5.787996e+04	5.734405e+04	3.033523e+02	4.235597e+01	2021	1	29	0
	775	1449	54.322430	-11.915641	1.006853e+05	1.312226e+01	1.085991e+05	1.084106e+05	5.810096e+04	5.756857e+04	3.033626e+02	3.934753e+01	2021	1	29	6
	770	1451	53.971963	-12.056239	1.003281e+05	1.353298e+01	1.084112e+05	1.082215e+05	5.789908e+04	5.731333e+04	3.035589e+02	4.081211e+01	2021	1	29	12
	765	1445	53.621495	-11.634446	1.004105e+05	1.437152e+01	1.086128e+05	1.083981e+05	5.804773e+04	5.744483e+04	3.033066e+02	4.623482e+01	2021	1	29	18
	761	1450	53.341121	-11.985940	9.999124e+04	1.546510e+01	1.083672e+05	1.081357e+05	5.781345e+04	5.719893e+04	3.032446e+02	4.905424e+01	2021	1	30	0
	748	1445	52.429907	-11.634446	1.001123e+05	1.620981e+01	1.085794e+05	1.083517e+05	5.793948e+04	5.735044e+04	3.031707e+02	5.263250e+01	2021	1	30	6
	750	1453	52.570093	-12.196836	9.975369e+04	1.699711e+01	1.084845e+05	1.081493e+05	5.777818e+04	5.708324e+04	3.034684e+02	6.217386e+01	2021	1	30	12
	737	1456	51.658879	-12.407733	9.984975e+04	1.953355e+01	1.086464e+05	1.082972e+05	5.791977e+04	5.719868e+04	3.031016e+02	6.537943e+01	2021	1	30	18
	734	1461	51.448598	-12.759226	9.937893e+04	2.307635e+01	1.084175e+05	1.078855e+05	5.769173e+04	5.680429e+04	3.031465e+02	5.895883e+01	2021	1	31	0
	718	1471	50.327103	-13.462214	9.956148e+04	2.135288e+01	1.086205e+05	1.081703e+05	5.795892e+04	5.692826e+04	3.030891e+02	4.949430e+01	2021	1	31	6
	716	1483	50.186916	-14.305799	9.934838e+04	1.947205e+01	1.085473e+05	1.080597e+05	5.778616e+04	5.676796e+04	3.030439e+02	4.528142e+01	2021	1	31	12
	690	1492	48.364486	-14.938488	9.979668e+04	2.084335e+01	1.085902e+05	1.082625e+05	5.798389e+04	5.695817e+04	3.054800e+02	5.212341e+01	2021	1	31	18
	682	1504	47.803738	-15.782074	9.940945e+04	1.835081e+01	1.084591e+05	1.080089e+05	5.780803e+04	5.680499e+04	3.055293e+02	4.839008e+01	2021	2	1	0
	670	1518	46.962617	-16.766256	9.981980e+04	1.441616e+01	1.086405e+05	1.083229e+05	5.798971e+04	5.709755e+04	3.053706e+02	5.435324e+01	2021	2	1	6
	667	1515	46.752336	-16.555360	9.972867e+04	1.606326e+01	1.086316e+05	1.082462e+05	5.780908e+04	5.703191e+04	3.052739e+02	6.035763e+01	2021	2	1	12
	658	1528	46.121495	-17.469244	9.990004e+04	1.452458e+01	1.087195e+05	1.083094e+05	5.799210e+04	5.715046e+04	3.051719e+02	5.874619e+01	2021	2	1	18
	646	1551	45.280374	-19.086116	9.988766e+04	1.224434e+01	1.085187e+05	1.081923e+05	5.778961e+04	5.695442e+04	3.060981e+02	4.689329e+01	2021	2	2	0
	648	1561	45.420561	-19.789103	1.000680e+05	1.223835e+01	1.086602e+05	1.082341e+05	5.790309e+04	5.726955e+04	3.059744e+02	4.987402e+01	2021	2	2	6
	643	1572	45.070093	-20.562390	9.993995e+04	1.203045e+01	1.085148e+05	1.080364e+05	5.769562e+04	5.716869e+04	3.061057e+02	4.520863e+01	2021	2	2	12
	647	1588	45.350467	-21.687170	1.001661e+05	1.282175e+01	1.086362e+05	1.079745e+05	5.784643e+04	5.729946e+04	3.051707e+02	3.797131e+01	2021	2	2	18
	678	1594	47.523364	-22.108963	9.982151e+04	2.066412e+01	1.084426e+05	1.078122e+05	5.773673e+04	5.705504e+04	3.017473e+02	4.115657e+01	2021	2	3	0
	676	1610	47.383178	-23.233743	9.982880e+04	2.171333e+01	1.085623e+05	1.076475e+05	5.788091e+04	5.706323e+04	3.016006e+02	3.915614e+01	2021	2	3	6
	684	1620	47.943925	-23.936731	9.942189e+04	2.105860e+01	1.084302e+05	1.074002e+05	5.771180e+04	5.683286e+04	3.015737e+02	3.701889e+01	2021	2	3	12
	702	1629	49.205607	-24.569420	9.922135e+04	2.437547e+01	1.084867e+05	1.074535e+05	5.784362e+04	5.672640e+04	3.014933e+02	3.848503e+01	2021	2	3	18
	713	1651	49.976636	-26.115992	9.852273e+04	2.429696e+01	1.081925e+05	1.068446e+05	5.748150e+04	5.628275e+04	3.007008e+02	3.289984e+01	2021	2	4	0
	735	1663	51.518692	-26.959578	9.877318e+04	2.042620e+01	1.084047e+05	1.068525e+05	5.769110e+04	5.642814e+04	3.003616e+02	3.160630e+01	2021	2	4	6
	751	1675	52.640187	-27.803163	9.871223e+04	2.164838e+01	1.083115e+05	1.067331e+05	5.760443e+04	5.644271e+04	3.001865e+02	2.191781e+01	2021	2	4	12
	781	1683	54.742991	-28.365553	9.908885e+04	2.075677e+01	1.085046e+05	1.068249e+05	5.786691e+04	5.667246e+04	2.995058e+02	1.713916e+01	2021	2	4	18
	799	1707	56.004673	-30.052723	9.890584e+04	2.132836e+01	1.082662e+05	1.065077e+05	5.765834e+04	5.648034e+04	2.985259e+02	1.732387e+01	2021	2	5	0
	824	1730	57.757009	-31.669595	9.914505e+04	1.927445e+01	1.084082e+05	1.064629e+05	5.776143e+04	5.659419e+04	2.970997e+02	1.789531e+01	2021	2	5	6
	847	1747	59.369159	-32.864674	9.910684e+04	1.932715e+01	1.083063e+05	1.063321e+05	5.766733e+04	5.644508e+04	2.965094e+02	1.852673e+01	2021	2	5	12
	875	1766	61.331776	-34.200351	9.931232e+04	1.922062e+01	1.083325e+05	1.062947e+05	5.779775e+04	5.647531e+04	2.958401e+02	2.069313e+01	2021	2	5	18
	896	1783	62.803738	-35.395430	9.934156e+04	1.852229e+01	1.080202e+05	1.062255e+05	5.760717e+04	5.637696e+04	2.947576e+02	1.954019e+01	2021	2	6	0
	915	1798	64.135514	-36.449911	9.956912e+04	1.755242e+01	1.079237e+05	1.062261e+05	5.766073e+04	5.644835e+04	2.939665e+02	1.537998e+01	2021	2	6	6
	925	1807	64.836449	-37.082600	9.961341e+04	1.630029e+01	1.077241e+05	1.064342e+05	5.756691e+04	5.642378e+04	2.936503e+02	9.702328e+00	2021	2	6	12
	930	1812	65.186916	-37.434094	9.987955e+04	1.480968e+01	1.076798e+05	1.065071e+05	5.762214e+04	5.668096e+04	2.933382e+02	5.509271e+00	2021	2	6	18
	931	1819	65.257009	-37.926185	9.994858e+04	1.281681e+01	1.074065e+05	1.062219e+05	5.745269e+04	5.668750e+04	2.928252e+02	3.153136e+00	2021	2	7	0
	933	1825	65.397196	-38.347978	1.001994e+05	1.256028e+01	1.074270e+05	1.061698e+05	5.755670e+04	5.661706e+04	2.925655e+02	1.815257e+00	2021	2	7	6
	948	1833	66.448598	-38.910368	1.003031e+05	1.185746e+01	1.073347e+05	1.060315e+05	5.756101e+04	5.649611e+04	2.922797e+02	1.801747e+00	2021	2	7	12
start	20	2021	2	5	0
	2974	1487	208.457944	-14.586994	1.004240e+05	1.436539e+01	1.082994e+05	1.080707e+05	5.758896e+04	5.734373e+04	3.047044e+02	3.261417e+01	2021	2	5	0
	2964	1496	207.757009	-15.219683	1.005264e+05	1.422090e+01	1.083877e+05	1.081862e+05	5.774185e+04	5.749258e+04	3.039693e+02	2.346765e+01	2021	2	5	6
	2979	1495	208.808411	-15.149385	1.004081e+05	1.499187e+01	1.082401e+05	1.080051e+05	5.763372e+04	5.729964e+04	3.037360e+02	1.867795e+01	2021	2	5	12
	3013	1506	211.191589	-15.922671	1.006399e+05	1.549344e+01	1.083903e+05	1.081383e+05	5.782074e+04	5.748209e+04	3.033290e+02	1.867124e+01	2021	2	5	18
	3040	1497	213.084112	-15.289982	1.002874e+05	1.621749e+01	1.082535e+05	1.079975e+05	5.769222e+04	5.722997e+04	3.035452e+02	2.131068e+01	2021	2	6	0
	3074	1495	215.467290	-15.149385	1.004207e+05	1.469921e+01	1.084381e+05	1.081447e+05	5.788043e+04	5.738245e+04	3.034960e+02	2.417586e+01	2021	2	6	6
	3097	1497	217.079439	-15.289982	1.001391e+05	1.911891e+01	1.082508e+05	1.079183e+05	5.772576e+04	5.712235e+04	3.033815e+02	2.821184e+01	2021	2	6	12
	3117	1507	218.481308	-15.992970	1.002715e+05	1.756031e+01	1.084447e+05	1.080622e+05	5.787587e+04	5.724355e+04	3.030711e+02	2.670102e+01	2021	2	6	18
	3137	1517	219.883178	-16.695957	9.993378e+04	1.735886e+01	1.082098e+05	1.079230e+05	5.756436e+04	5.702310e+04	3.029587e+02	2.688523e+01	2021	2	7	0
	3146	1519	220.514019	-16.836555	1.000838e+05	1.897917e+01	1.084672e+05	1.081446e+05	5.779178e+04	5.716568e+04	3.028659e+02	2.370781e+01	2021	2	7	6
	3150	1527	220.794393	-17.398945	9.981774e+04	1.623087e+01	1.082101e+05	1.079893e+05	5.755648e+04	5.711468e+04	3.027217e+02	1.570582e+01	2021	2	7	12
	3158	1530	221.355140	-17.609841	1.000959e+05	1.600140e+01	1.085068e+05	1.082680e+05	5.783229e+04	5.742032e+04	3.024342e+02	1.721252e+01	2021	2	7	18
	3159	1547	221.425234	-18.804921	9.993912e+04	1.586909e+01	1.084393e+05	1.081762e+05	5.768403e+04	5.729109e+04	3.030568e+02	1.507457e+01	2021	2	8	0
	3150	1553	220.794393	-19.226713	1.001862e+05	1.717785e+01	1.086215e+05	1.083734e+05	5.789809e+04	5.754641e+04	3.021900e+02	1.610419e+01	2021	2	8	6
	3142	1562	220.233645	-19.859402	1.000419e+05	1.697526e+01	1.083706e+05	1.081280e+05	5.772838e+04	5.731767e+04	3.021251e+02	1.464441e+01	2021	2	8	12
	3132	1564	219.532710	-20.000000	1.003081e+05	1.878629e+01	1.085961e+05	1.082840e+05	5.790740e+04	5.749621e+04	3.021819e+02	9.395066e+00	2021	2	8	18
	3123	1572	218.901869	-20.562390	1.001201e+05	1.779372e+01	1.084684e+05	1.081617e+05	5.781834e+04	5.741257e+04	3.024783e+02	7.135980e+00	2021	2	9	0
	3118	1572	218.551402	-20.562390	1.003037e+05	1.615520e+01	1.086086e+05	1.082257e+05	5.795319e+04	5.759370e+04	3.024056e+02	8.494629e+00	2021	2	9	6
	3110	1585	217.990654	-21.476274	1.002061e+05	1.597264e+01	1.083368e+05	1.078825e+05	5.778979e+04	5.747741e+04	3.020421e+02	7.924436e+00	2021	2	9	12
	3097	1592	217.079439	-21.968365	1.004097e+05	1.592217e+01	1.085050e+05	1.079536e+05	5.795152e+04	5.766546e+04	3.019641e+02	9.287322e+00	2021	2	9	18
start	25	2021	3	1	18
	1713	1500	120.070093	-15.500878	9.986862e+04	1.130522e+01	1.085582e+05	1.082842e+05	5.771034e+04	5.710269e+04	3.055958e+02	3.892757e+01	2021	3	1	18
	1702	1487	119.299065	-14.586994	9.984327e+04	1.251242e+01	1.087480e+05	1.083861e+05	5.774393e+04	5.714969e+04	3.050725e+02	4.551833e+01	2021	3	2	0
	1705	1506	119.509346	-15.922671	9.958999e+04	1.386001e+01	1.087688e+05	1.082722e+05	5.778193e+04	5.690809e+04	3.055322e+02	3.911927e+01	2021	3	2	6
	1683	1500	117.967290	-15.500878	9.961927e+04	1.579693e+01	1.088832e+05	1.083189e+05	5.780861e+04	5.698693e+04	3.051591e+02	5.163385e+01	2021	3	2	12
	1665	1496	116.705607	-15.219683	9.919639e+04	2.189706e+01	1.087032e+05	1.081192e+05	5.769513e+04	5.672574e+04	3.048469e+02	5.487477e+01	2021	3	2	18
	1675	1499	117.406542	-15.430580	9.902230e+04	2.245202e+01	1.087993e+05	1.081998e+05	5.779816e+04	5.674176e+04	3.047535e+02	6.278106e+01	2021	3	3	0
	1662	1517	116.495327	-16.695957	9.864412e+04	2.236029e+01	1.086412e+05	1.079827e+05	5.759719e+04	5.652215e+04	3.047237e+02	4.820243e+01	2021	3	3	6
	1660	1519	116.355140	-16.836555	9.848138e+04	2.263247e+01	1.088037e+05	1.080645e+05	5.766455e+04	5.642668e+04	3.046123e+02	6.138143e+01	2021	3	3	12
	1657	1532	116.144860	-17.750439	9.809011e+04	2.792499e+01	1.085429e+05	1.076340e+05	5.743856e+04	5.603768e+04	3.049812e+02	5.995445e+01	2021	3	3	18
	1647	1540	115.443925	-18.312829	9.767937e+04	2.909816e+01	1.085526e+05	1.074102e+05	5.748614e+04	5.565119e+04	3.047987e+02	4.706831e+01	2021	3	4	0
	1649	1550	115.584112	-19.015817	9.715235e+04	3.115953e+01	1.084832e+05	1.071835e+05	5.740514e+04	5.527388e+04	3.050338e+02	4.609271e+01	2021	3	4	6
	1643	1552	115.163551	-19.156414	9.668038e+04	3.104560e+01	1.086023e+05	1.071899e+05	5.757050e+04	5.513838e+04	3.047903e+02	5.099883e+01	2021	3	4	12
	1636	1558	114.672897	-19.578207	9.636442e+04	3.048886e+01	1.084351e+05	1.069666e+05	5.735946e+04	5.477643e+04	3.044877e+02	4.892980e+01	2021	3	4	18
	1632	1567	114.392523	-20.210896	9.623998e+04	3.370713e+01	1.085550e+05	1.069435e+05	5.751946e+04	5.466625e+04	3.042241e+02	4.307203e+01	2021	3	5	0
	1630	1581	114.252336	-21.195079	9.613995e+04	3.239527e+01	1.085277e+05	1.069217e+05	5.746860e+04	5.458687e+04	3.040019e+02	3.733523e+01	2021	3	5	6
	1623	1592	113.761682	-21.968365	9.627419e+04	3.785681e+01	1.086190e+05	1.071963e+05	5.765198e+04	5.482655e+04	3.035399e+02	3.206972e+01	2021	3	5	12
	1617	1607	113.341121	-23.022847	9.646197e+04	3.026569e+01	1.085282e+05	1.071481e+05	5.752882e+04	5.487010e+04	3.032680e+02	2.554743e+01	2021	3	5	18
	1612	1622	112.990654	-24.077328	9.681240e+04	2.669009e+01	1.087218e+05	1.074086e+05	5.764555e+04	5.517574e+04	3.032090e+02	2.332674e+01	2021	3	6	0
	1609	1636	112.780374	-25.061511	9.688022e+04	2.662881e+01	1.086806e+05	1.074649e+05	5.750443e+04	5.521905e+04	3.022752e+02	2.475884e+01	2021	3	6	6
	1611	1653	112.920561	-26.256590	9.726591e+04	2.607932e+01	1.087100e+05	1.076225e+05	5.764176e+04	5.548887e+04	3.012615e+02	2.119784e+01	2021	3	6	12
	1614	1672	113.130841	-27.592267	9.739120e+04	2.527911e+01	1.086096e+05	1.076841e+05	5.750322e+04	5.554541e+04	3.009646e+02	1.948565e+01	2021	3	6	18
	1626	1697	113.971963	-29.349736	9.767898e+04	2.494931e+01	1.087858e+05	1.074893e+05	5.764629e+04	5.574087e+04	2.991113e+02	2.050249e+01	2021	3	7	0
	1645	1727	115.303738	-31.458699	9.781986e+04	1.958492e+01	1.087290e+05	1.069725e+05	5.762691e+04	5.577946e+04	2.978621e+02	2.188805e+01	2021	3	7	6
	1690	1768	118.457944	-34.340948	9.811605e+04	1.979522e+01	1.087311e+05	1.062722e+05	5.776845e+04	5.561316e+04	2.939758e+02	1.765055e+01	2021	3	7	12
	1725	1812	120.911215	-37.434094	9.780527e+04	2.391457e+01	1.083773e+05	1.045994e+05	5.735909e+04	5.426531e+04	2.936114e+02	1.016047e+01	2021	3	7	18
start	14	2021	3	4	0
	1919	1482	134.509346	-14.235501	1.004957e+05	1.108487e+01	1.089171e+05	1.086468e+05	5.804228e+04	5.757757e+04	3.041299e+02	3.729498e+01	2021	3	4	0
	1910	1485	133.878505	-14.446397	9.997313e+04	1.176508e+01	1.087604e+05	1.084414e+05	5.778154e+04	5.730243e+04	3.038801e+02	3.248509e+01	2021	3	4	6
	1899	1485	133.107477	-14.446397	1.003352e+05	8.490072e+00	1.089156e+05	1.086801e+05	5.795389e+04	5.754565e+04	-9.000000e+33	3.875026e+01	2021	3	4	12
	1887	1485	132.266355	-14.446397	1.000085e+05	7.632754e+00	1.086461e+05	1.083094e+05	5.776987e+04	5.726095e+04	-9.000000e+33	3.883522e+01	2021	3	4	18
	1878	1484	131.635514	-14.376098	1.002495e+05	1.427688e+01	1.089055e+05	1.085411e+05	5.800589e+04	5.744175e+04	3.056365e+02	3.956142e+01	2021	3	5	0
	1863	1498	130.584112	-15.360281	9.985788e+04	1.543419e+01	1.088426e+05	1.084912e+05	5.783130e+04	5.724006e+04	3.055171e+02	3.803859e+01	2021	3	5	6
	1838	1493	128.831776	-15.008787	1.001563e+05	1.609850e+01	1.089858e+05	1.086818e+05	5.802038e+04	5.744757e+04	3.054150e+02	5.026218e+01	2021	3	5	12
	1846	1496	129.392523	-15.219683	9.946106e+04	1.977991e+01	1.087832e+05	1.081742e+05	5.778784e+04	5.700399e+04	3.051475e+02	4.970371e+01	2021	3	5	18
	1831	1505	128.341121	-15.852372	9.986407e+04	1.539685e+01	1.089733e+05	1.084273e+05	5.801038e+04	5.722909e+04	3.050991e+02	4.620593e+01	2021	3	6	0
	1825	1501	127.920561	-15.571177	9.945673e+04	1.802356e+01	1.087944e+05	1.082271e+05	5.781239e+04	5.696748e+04	3.051043e+02	4.335458e+01	2021	3	6	6
	1814	1515	127.149533	-16.555360	9.996713e+04	1.333781e+01	1.089675e+05	1.081454e+05	5.800248e+04	5.696845e+04	3.046753e+02	3.773005e+01	2021	3	6	12
	1801	1526	126.238318	-17.328646	9.964616e+04	1.387291e+01	1.087422e+05	1.081048e+05	5.777147e+04	5.706194e+04	3.048494e+02	2.250222e+01	2021	3	6	18
	1795	1539	125.817757	-18.242530	9.988012e+04	1.620192e+01	1.089904e+05	1.084535e+05	5.806081e+04	5.726869e+04	-9.000000e+33	7.957360e+00	2021	3	7	0
	1790	1556	125.467290	-19.437609	9.981304e+04	1.313030e+01	1.088812e+05	1.084732e+05	5.797404e+04	5.728022e+04	-9.000000e+33	6.743336e+00	2021	3	7	6
start	60	2021	3	4	6
	865	1461	60.630841	-12.759226	1.011062e+05	1.148390e+01	1.086980e+05	1.083838e+05	5.823077e+04	5.781962e+04	3.037522e+02	2.136816e+01	2021	3	4	6
	852	1454	59.719626	-12.267135	1.007214e+05	1.203587e+01	1.085026e+05	1.081386e+05	5.796945e+04	5.751997e+04	3.038010e+02	1.711011e+01	2021	3	4	12
	867	1465	60.771028	-13.040422	1.009448e+05	1.148466e+01	1.086897e+05	1.083206e+05	5.816965e+04	5.773066e+04	3.037785e+02	2.173910e+01	2021	3	4	18
	851	1472	59.649533	-13.532513	1.006159e+05	1.253273e+01	1.084636e+05	1.080883e+05	5.793507e+04	5.743967e+04	3.036588e+02	2.100281e+01	2021	3	5	0
	841	1483	58.948598	-14.305799	1.007536e+05	1.341143e+01	1.087217e+05	1.083585e+05	5.817762e+04	5.766445e+04	3.035330e+02	1.697007e+01	2021	3	5	6
	825	1486	57.827103	-14.516696	1.004334e+05	1.381070e+01	1.086148e+05	1.082028e+05	5.800118e+04	5.746202e+04	3.045614e+02	1.775071e+01	2021	3	5	12
	819	1477	57.406542	-13.884007	1.006752e+05	1.261686e+01	1.087584e+05	1.084804e+05	5.814601e+04	5.774961e+04	3.034277e+02	2.369173e+01	2021	3	5	18
	830	1484	58.177570	-14.376098	1.004402e+05	1.298528e+01	1.085484e+05	1.082213e+05	5.797261e+04	5.753840e+04	3.034067e+02	2.193605e+01	2021	3	6	0
	814	1497	57.056075	-15.289982	1.007165e+05	1.324412e+01	1.088278e+05	1.084829e+05	5.823918e+04	5.779197e+04	3.034176e+02	1.408066e+01	2021	3	6	6
	802	1488	56.214953	-14.657293	1.004175e+05	1.234708e+01	1.086116e+05	1.083009e+05	5.805149e+04	5.756127e+04	3.047807e+02	2.014125e+01	2021	3	6	12
	791	1494	55.443925	-15.079086	1.005503e+05	1.311434e+01	1.087654e+05	1.085093e+05	5.820093e+04	5.771605e+04	3.035990e+02	3.422464e+01	2021	3	6	18
	802	1481	56.214953	-14.165202	1.002772e+05	1.389950e+01	1.085143e+05	1.081970e+05	5.786377e+04	5.733012e+04	3.032122e+02	3.840827e+01	2021	3	7	0
	774	1484	54.252336	-14.376098	1.005055e+05	1.517934e+01	1.086629e+05	1.084221e+05	5.803251e+04	5.748847e+04	3.033472e+02	3.081069e+01	2021	3	7	6
	787	1471	55.163551	-13.462214	1.001460e+05	1.506923e+01	1.085428e+05	1.082179e+05	5.780636e+04	5.725345e+04	3.035629e+02	3.307915e+01	2021	3	7	12
	789	1477	55.303738	-13.884007	1.003034e+05	1.499735e+01	1.087052e+05	1.084558e+05	5.798888e+04	5.744748e+04	3.031279e+02	3.695075e+01	2021	3	7	18
	781	1476	54.742991	-13.813708	9.998825e+04	1.747570e+01	1.085372e+05	1.082230e+05	5.773686e+04	5.719962e+04	3.031170e+02	2.810571e+01	2021	3	8	0
	789	1477	55.303738	-13.884007	1.002002e+05	1.666459e+01	1.088195e+05	1.084550e+05	5.799955e+04	5.742827e+04	3.029609e+02	2.472782e+01	2021	3	8	6
	789	1489	55.303738	-14.727592	9.986649e+04	1.696866e+01	1.086902e+05	1.083795e+05	5.783223e+04	5.721198e+04	3.040663e+02	2.947396e+01	2021	3	8	12
	784	1487	54.953271	-14.586994	1.001169e+05	1.850687e+01	1.088788e+05	1.085362e+05	5.811437e+04	5.744514e+04	3.032174e+02	2.913391e+01	2021	3	8	18
	793	1502	55.584112	-15.641476	9.981214e+04	1.919305e+01	1.087322e+05	1.083044e+05	5.793999e+04	5.719319e+04	3.029636e+02	2.841115e+01	2021	3	9	0
	789	1506	55.303738	-15.922671	1.000189e+05	1.953702e+01	1.088852e+05	1.084289e+05	5.813628e+04	5.740617e+04	3.029247e+02	2.184717e+01	2021	3	9	6
	779	1511	54.602804	-16.274165	9.974451e+04	2.105784e+01	1.087455e+05	1.083851e+05	5.798496e+04	5.722218e+04	3.035276e+02	2.678876e+01	2021	3	9	12
	764	1519	53.551402	-16.836555	9.984968e+04	1.988201e+01	1.088754e+05	1.085733e+05	5.813343e+04	5.735505e+04	3.030179e+02	3.198472e+01	2021	3	9	18
	752	1529	52.710280	-17.539543	9.953225e+04	2.240647e+01	1.086848e+05	1.082212e+05	5.788102e+04	5.700391e+04	3.029427e+02	2.678387e+01	2021	3	10	0
	755	1534	52.920561	-17.891037	9.970235e+04	2.029042e+01	1.088082e+05	1.083262e+05	5.809558e+04	5.706121e+04	3.028678e+02	2.425087e+01	2021	3	10	6
	747	1529	52.359813	-17.539543	9.922509e+04	2.203125e+01	1.086205e+05	1.080934e+05	5.781382e+04	5.672394e+04	3.029292e+02	4.043751e+01	2021	3	10	12
	742	1541	52.009346	-18.383128	9.902847e+04	2.621595e+01	1.087489e+05	1.081501e+05	5.795120e+04	5.671182e+04	3.027923e+02	4.995726e+01	2021	3	10	18
	731	1545	51.238318	-18.664323	9.859056e+04	2.646248e+01	1.084617e+05	1.077200e+05	5.770923e+04	5.624760e+04	3.027281e+02	4.387915e+01	2021	3	11	0
	723	1540	50.677570	-18.312829	9.863491e+04	2.643696e+01	1.086302e+05	1.079043e+05	5.782336e+04	5.636861e+04	3.026201e+02	4.389109e+01	2021	3	11	6
	717	1538	50.257009	-18.172232	9.817095e+04	2.873776e+01	1.084203e+05	1.076189e+05	5.765121e+04	5.592826e+04	3.024773e+02	4.831863e+01	2021	3	11	12
	720	1536	50.467290	-18.031634	9.798523e+04	3.347546e+01	1.085123e+05	1.075928e+05	5.779543e+04	5.589670e+04	3.026069e+02	4.891700e+01	2021	3	11	18
	716	1529	50.186916	-17.539543	9.766532e+04	3.322131e+01	1.082792e+05	1.073923e+05	5.758009e+04	5.565771e+04	3.026370e+02	4.228213e+01	2021	3	12	0
	717	1527	50.257009	-17.398945	9.782427e+04	3.089470e+01	1.084900e+05	1.076653e+05	5.780813e+04	5.590395e+04	3.025930e+02	5.584428e+01	2021	3	12	6
	717	1526	50.257009	-17.328646	9.728976e+04	3.273420e+01	1.083526e+05	1.075190e+05	5.760120e+04	5.561489e+04	3.025709e+02	6.024166e+01	2021	3	12	12
	716	1528	50.186916	-17.469244	9.751017e+04	3.338300e+01	1.085474e+05	1.076784e+05	5.778295e+04	5.581984e+04	3.025120e+02	5.422575e+01	2021	3	12	18
	710	1523	49.766355	-17.117750	9.759496e+04	2.912330e+01	1.084087e+05	1.076997e+05	5.762206e+04	5.589166e+04	3.025144e+02	5.142834e+01	2021	3	13	0
	711	1520	49.836449	-16.906854	9.821667e+04	2.622989e+01	1.086448e+05	1.080321e+05	5.789666e+04	5.632708e+04	3.024490e+02	5.423878e+01	2021	3	13	6
	712	1522	49.906542	-17.047451	9.805518e+04	2.794472e+01	1.086158e+05	1.079766e+05	5.774429e+04	5.622695e+04	3.023491e+02	6.017009e+01	2021	3	13	12
	711	1525	49.836449	-17.258348	9.807055e+04	2.954263e+01	1.088165e+05	1.078757e+05	5.799407e+04	5.624156e+04	3.022576e+02	6.151618e+01	2021	3	13	18
	706	1529	49.485981	-17.539543	9.844859e+04	2.562115e+01	1.086188e+05	1.079222e+05	5.787536e+04	5.639523e+04	3.021682e+02	5.829936e+01	2021	3	14	0
	701	1532	49.135514	-17.750439	9.962891e+04	2.352124e+01	1.088458e+05	1.083602e+05	5.807005e+04	5.695971e+04	3.021052e+02	5.549419e+01	2021	3	14	6
	688	1533	48.224299	-17.820738	9.973583e+04	1.878598e+01	1.087325e+05	1.083595e+05	5.792766e+04	5.697473e+04	3.015814e+02	5.605387e+01	2021	3	14	12
	676	1531	47.383178	-17.680140	1.000030e+05	1.562602e+01	1.088798e+05	1.085159e+05	5.805460e+04	5.716352e+04	3.013716e+02	5.258058e+01	2021	3	14	18
	657	1528	46.051402	-17.469244	9.979975e+04	1.619492e+01	1.086051e+05	1.082149e+05	5.781599e+04	5.701084e+04	3.055698e+02	4.599744e+01	2021	3	15	0
	644	1542	45.140187	-18.453427	1.000052e+05	1.252022e+01	1.087045e+05	1.083301e+05	5.792411e+04	5.720229e+04	3.057627e+02	4.331900e+01	2021	3	15	6
	632	1536	44.299065	-18.031634	9.965146e+04	1.529994e+01	1.085028e+05	1.081636e+05	5.772744e+04	5.700730e+04	3.058245e+02	4.309168e+01	2021	3	15	12
	636	1531	44.579439	-17.680140	9.961826e+04	1.699452e+01	1.086244e+05	1.082107e+05	5.780764e+04	5.698528e+04	3.057778e+02	4.707033e+01	2021	3	15	18
	639	1535	44.789720	-17.961335	9.927499e+04	1.668377e+01	1.083895e+05	1.079459e+05	5.762318e+04	5.665641e+04	3.055979e+02	4.258483e+01	2021	3	16	0
	626	1537	43.878505	-18.101933	9.946000e+04	1.527701e+01	1.085763e+05	1.081166e+05	5.776437e+04	5.682021e+04	3.054248e+02	3.879041e+01	2021	3	16	6
	629	1554	44.088785	-19.297012	9.919862e+04	1.555229e+01	1.084153e+05	1.079986e+05	5.760843e+04	5.669548e+04	3.053865e+02	3.799537e+01	2021	3	16	12
	629	1551	44.088785	-19.086116	9.933081e+04	1.675372e+01	1.085287e+05	1.081393e+05	5.776139e+04	5.681616e+04	3.051753e+02	3.072060e+01	2021	3	16	18
	630	1563	44.158879	-19.929701	9.911234e+04	1.877765e+01	1.083105e+05	1.080253e+05	5.758928e+04	5.666901e+04	3.047583e+02	2.609958e+01	2021	3	17	0
	632	1573	44.299065	-20.632689	9.955009e+04	1.468988e+01	1.085912e+05	1.080833e+05	5.782067e+04	5.698295e+04	3.045374e+02	2.741280e+01	2021	3	17	6
	643	1592	45.070093	-21.968365	9.963123e+04	1.182499e+01	1.084849e+05	1.078790e+05	5.769507e+04	5.694252e+04	3.042566e+02	3.149293e+01	2021	3	17	12
	645	1613	45.210280	-23.444639	9.995863e+04	1.199402e+01	1.086195e+05	1.077634e+05	5.781146e+04	5.710339e+04	3.033047e+02	2.604519e+01	2021	3	17	18
	657	1637	46.051402	-25.131810	9.966923e+04	2.108158e+01	1.083956e+05	1.074020e+05	5.765441e+04	5.700759e+04	3.020234e+02	2.478874e+01	2021	3	18	0
	660	1654	46.261682	-26.326889	9.963140e+04	2.333777e+01	1.086420e+05	1.072947e+05	5.785317e+04	5.697676e+04	3.007458e+02	2.905309e+01	2021	3	18	6
	672	1682	47.102804	-28.295254	9.940002e+04	2.090045e+01	1.084492e+05	1.069071e+05	5.761025e+04	5.669042e+04	3.006639e+02	4.677420e+01	2021	3	18	12
	671	1714	47.032710	-30.544815	9.936157e+04	2.600426e+01	1.084456e+05	1.063130e+05	5.762086e+04	5.652734e+04	2.998055e+02	5.294511e+01	2021	3	18	18
	672	1744	47.102804	-32.653778	9.885359e+04	2.622916e+01	1.080449e+05	1.057073e+05	5.727969e+04	5.612655e+04	2.986271e+02	3.572934e+01	2021	3	19	0
start	40	2021	3	14	12
	2245	1484	157.359813	-14.376098	1.004265e+05	1.109482e+01	1.086211e+05	1.084093e+05	5.786118e+04	5.767743e+04	3.035874e+02	1.531454e+01	2021	3	14	12
	2247	1478	157.500000	-13.954306	1.001462e+05	1.116308e+01	1.083477e+05	1.081938e+05	5.762973e+04	5.743775e+04	3.035673e+02	1.119169e+01	2021	3	14	18
	2246	1471	157.429907	-13.462214	1.003686e+05	1.163198e+01	1.085713e+05	1.084491e+05	5.783908e+04	5.765307e+04	3.038324e+02	1.160685e+01	2021	3	15	0
	2252	1459	157.850467	-12.618629	1.001330e+05	1.231928e+01	1.084258e+05	1.082133e+05	5.763509e+04	5.741031e+04	3.042855e+02	1.557372e+01	2021	3	15	6
	2255	1450	158.060748	-11.985940	1.003599e+05	1.121700e+01	1.085666e+05	1.084269e+05	5.784232e+04	5.763471e+04	3.037717e+02	1.686509e+01	2021	3	15	12
	2253	1444	157.920561	-11.564147	1.000600e+05	1.239703e+01	1.083688e+05	1.081850e+05	5.758875e+04	5.732682e+04	3.037551e+02	1.549909e+01	2021	3	15	18
	2254	1435	157.990654	-10.931458	1.003000e+05	1.198432e+01	1.086435e+05	1.084600e+05	5.783232e+04	5.750788e+04	3.039114e+02	2.144158e+01	2021	3	16	0
	2255	1431	158.060748	-10.650263	1.000061e+05	1.257637e+01	1.085327e+05	1.082843e+05	5.762908e+04	5.728716e+04	3.040908e+02	2.597582e+01	2021	3	16	6
	2253	1430	157.920561	-10.579965	1.003181e+05	1.315907e+01	1.087454e+05	1.085736e+05	5.789559e+04	5.755835e+04	3.040740e+02	2.605968e+01	2021	3	16	12
	2250	1428	157.710280	-10.439367	1.000636e+05	1.433157e+01	1.085366e+05	1.082870e+05	5.769867e+04	5.722591e+04	3.040581e+02	2.224923e+01	2021	3	16	18
	2252	1424	157.850467	-10.158172	1.002428e+05	1.609066e+01	1.087692e+05	1.084880e+05	5.793523e+04	5.746007e+04	3.041392e+02	2.522223e+01	2021	3	17	0
	2254	1429	157.990654	-10.509666	9.997884e+04	1.680170e+01	1.086628e+05	1.083729e+05	5.775518e+04	5.728118e+04	3.042206e+02	2.999346e+01	2021	3	17	6
	2250	1433	157.710280	-10.790861	1.001892e+05	1.736389e+01	1.089057e+05	1.086199e+05	5.802439e+04	5.750388e+04	3.038942e+02	3.220348e+01	2021	3	17	12
	2249	1443	157.640187	-11.493849	9.981032e+04	1.742006e+01	1.086996e+05	1.083334e+05	5.781307e+04	5.725083e+04	3.034598e+02	2.246433e+01	2021	3	17	18
	2249	1450	157.640187	-11.985940	1.001350e+05	1.848811e+01	1.089561e+05	1.086551e+05	5.804685e+04	5.765536e+04	3.033804e+02	1.765145e+01	2021	3	18	0
	2254	1461	157.990654	-12.759226	9.985555e+04	1.708632e+01	1.087817e+05	1.084836e+05	5.783410e+04	5.741525e+04	3.034366e+02	2.293737e+01	2021	3	18	6
	2260	1468	158.411215	-13.251318	9.999163e+04	2.001112e+01	1.089409e+05	1.086338e+05	5.809231e+04	5.754984e+04	3.033836e+02	2.462021e+01	2021	3	18	12
	2264	1475	158.691589	-13.743409	9.981598e+04	1.796186e+01	1.086647e+05	1.083618e+05	5.782754e+04	5.745900e+04	3.034358e+02	2.157857e+01	2021	3	18	18
	2262	1484	158.551402	-14.376098	1.000817e+05	1.946976e+01	1.088850e+05	1.086017e+05	5.799775e+04	5.764798e+04	3.033563e+02	2.263548e+01	2021	3	19	0
	2268	1498	158.971963	-15.360281	9.983480e+04	1.564153e+01	1.086343e+05	1.083068e+05	5.775309e+04	5.732916e+04	3.034409e+02	2.217254e+01	2021	3	19	6
	2264	1502	158.691589	-15.641476	9.989096e+04	2.150506e+01	1.087788e+05	1.084058e+05	5.796068e+04	5.739620e+04	3.032384e+02	2.398611e+01	2021	3	19	12
	2269	1503	159.042056	-15.711775	9.930062e+04	2.002440e+01	1.084903e+05	1.081780e+05	5.766907e+04	5.704079e+04	3.031849e+02	1.833367e+01	2021	3	19	18
	2270	1502	159.112150	-15.641476	9.932660e+04	2.408700e+01	1.086697e+05	1.082551e+05	5.788110e+04	5.693516e+04	3.031982e+02	1.943260e+01	2021	3	20	0
	2277	1501	159.602804	-15.571177	9.892553e+04	2.214847e+01	1.085855e+05	1.079285e+05	5.770603e+04	5.648840e+04	3.033310e+02	2.082204e+01	2021	3	20	6
	2282	1500	159.953271	-15.500878	9.897141e+04	2.533273e+01	1.087253e+05	1.080491e+05	5.797485e+04	5.657102e+04	3.034183e+02	2.605473e+01	2021	3	20	12
	2287	1503	160.303738	-15.711775	9.860406e+04	2.576995e+01	1.085824e+05	1.073742e+05	5.774830e+04	5.602489e+04	3.034771e+02	1.844979e+01	2021	3	20	18
	2288	1509	160.373832	-16.133567	9.872251e+04	2.313535e+01	1.087886e+05	1.075958e+05	5.799962e+04	5.610530e+04	3.033771e+02	1.682895e+01	2021	3	21	0
	2291	1516	160.584112	-16.625659	9.830099e+04	2.486929e+01	1.086864e+05	1.073437e+05	5.782863e+04	5.577256e+04	3.033188e+02	1.987058e+01	2021	3	21	6
	2291	1523	160.584112	-17.117750	9.833012e+04	2.758617e+01	1.088609e+05	1.075751e+05	5.806430e+04	5.592350e+04	3.029864e+02	2.162843e+01	2021	3	21	12
	2291	1529	160.584112	-17.539543	9.790987e+04	3.032713e+01	1.086608e+05	1.074454e+05	5.787675e+04	5.565189e+04	3.027980e+02	1.632825e+01	2021	3	21	18
	2290	1535	160.514019	-17.961335	9.797840e+04	3.340995e+01	1.088397e+05	1.074531e+05	5.811286e+04	5.570164e+04	3.027005e+02	1.531747e+01	2021	3	22	0
	2296	1543	160.934579	-18.523725	9.752119e+04	3.512655e+01	1.086712e+05	1.071857e+05	5.790659e+04	5.549170e+04	3.027795e+02	1.833193e+01	2021	3	22	6
	2302	1548	161.355140	-18.875219	9.662311e+04	4.330793e+01	1.088187e+05	1.073491e+05	5.808662e+04	5.535737e+04	3.027220e+02	1.596304e+01	2021	3	22	12
	2310	1554	161.915888	-19.297012	9.662347e+04	4.829082e+01	1.086281e+05	1.075020e+05	5.790538e+04	5.584699e+04	3.026472e+02	1.467481e+01	2021	3	22	18
	2319	1557	162.546729	-19.507908	9.801918e+04	3.327398e+01	1.087557e+05	1.079462e+05	5.808954e+04	5.690321e+04	3.026596e+02	1.825694e+01	2021	3	23	0
	2325	1557	162.967290	-19.507908	9.895369e+04	2.203508e+01	1.085958e+05	1.077257e+05	5.792539e+04	5.738564e+04	3.027779e+02	1.803708e+01	2021	3	23	6
	2334	1555	163.598131	-19.367311	9.949400e+04	1.992353e+01	1.087876e+05	1.078971e+05	5.810464e+04	5.754195e+04	3.028890e+02	1.664209e+01	2021	3	23	12
	2347	1559	164.509346	-19.648506	9.902681e+04	2.441301e+01	1.085322e+05	1.074948e+05	5.778312e+04	5.723919e+04	3.027563e+02	1.702792e+01	2021	3	23	18
	2363	1558	165.630841	-19.578207	9.967611e+04	1.822875e+01	1.086197e+05	1.076410e+05	5.796330e+04	5.737995e+04	3.028427e+02	1.333216e+01	2021	3	24	0
	2373	1560	166.331776	-19.718805	9.954305e+04	1.953915e+01	1.084707e+05	1.075824e+05	5.782585e+04	5.730987e+04	3.029596e+02	9.736337e+00	2021	3	24	6
start	33	2021	4	8	18
	1920	1379	134.579439	-6.994727	1.004687e+05	1.244380e+01	1.084319e+05	1.081939e+05	5.772283e+04	5.743942e+04	3.043432e+02	2.178406e+01	2021	4	8	18
	1912	1378	134.018692	-6.924429	1.007348e+05	1.357168e+01	1.086838e+05	1.084394e+05	5.802104e+04	5.770079e+04	3.042440e+02	1.838566e+01	2021	4	9	0
	1901	1388	133.247664	-7.627416	1.004040e+05	1.449201e+01	1.084921e+05	1.081996e+05	5.780320e+04	5.744787e+04	3.039482e+02	1.388069e+01	2021	4	9	6
	1881	1386	131.845794	-7.486819	1.007156e+05	1.460849e+01	1.086724e+05	1.083931e+05	5.807795e+04	5.766758e+04	3.037118e+02	2.028853e+01	2021	4	9	12
	1876	1393	131.495327	-7.978910	1.004136e+05	1.618192e+01	1.083834e+05	1.081168e+05	5.780396e+04	5.738732e+04	3.035954e+02	1.806227e+01	2021	4	9	18
	1866	1393	130.794393	-7.978910	1.006069e+05	1.799033e+01	1.086492e+05	1.082839e+05	5.807692e+04	5.767883e+04	3.035454e+02	1.300133e+01	2021	4	10	0
	1848	1398	129.532710	-8.330404	9.995620e+04	1.828292e+01	1.083894e+05	1.081092e+05	5.786975e+04	5.729594e+04	3.037843e+02	1.333288e+01	2021	4	10	6
	1839	1399	128.901869	-8.400703	1.002786e+05	1.787517e+01	1.086147e+05	1.082985e+05	5.809334e+04	5.762649e+04	3.040999e+02	2.084943e+01	2021	4	10	12
	1826	1401	127.990654	-8.541300	9.970010e+04	2.249233e+01	1.083170e+05	1.079589e+05	5.786668e+04	5.711852e+04	3.043958e+02	1.987161e+01	2021	4	10	18
	1819	1405	127.500000	-8.822495	9.935346e+04	2.540854e+01	1.085304e+05	1.081504e+05	5.806117e+04	5.695320e+04	3.044486e+02	1.421160e+01	2021	4	11	0
	1810	1412	126.869159	-9.314587	9.916433e+04	2.768333e+01	1.084116e+05	1.080217e+05	5.789231e+04	5.695684e+04	3.045242e+02	1.337100e+01	2021	4	11	6
	1802	1412	126.308411	-9.314587	9.980748e+04	2.261299e+01	1.085367e+05	1.083066e+05	5.804791e+04	5.740605e+04	3.045172e+02	1.861271e+01	2021	4	11	12
	1791	1412	125.537383	-9.314587	9.973799e+04	2.173071e+01	1.082909e+05	1.080021e+05	5.780431e+04	5.724589e+04	3.044525e+02	1.831158e+01	2021	4	11	18
	1786	1414	125.186916	-9.455184	1.006269e+05	1.582235e+01	1.085133e+05	1.081402e+05	5.795331e+04	5.748516e+04	3.044679e+02	1.163800e+01	2021	4	12	0
	1773	1408	124.275701	-9.033392	1.003265e+05	1.405138e+01	1.083359e+05	1.080715e+05	5.781451e+04	5.740346e+04	3.046151e+02	1.299832e+01	2021	4	12	6
	1766	1408	123.785047	-9.033392	1.004289e+05	1.594412e+01	1.085028e+05	1.082970e+05	5.798812e+04	5.763004e+04	3.045386e+02	1.906998e+01	2021	4	12	12
	1759	1415	123.294393	-9.525483	9.991030e+04	1.997748e+01	1.083091e+05	1.080385e+05	5.780086e+04	5.722898e+04	3.045625e+02	2.822976e+01	2021	4	12	18
	1748	1416	122.523364	-9.595782	9.974717e+04	2.268522e+01	1.085145e+05	1.081417e+05	5.798330e+04	5.727839e+04	3.048029e+02	2.447668e+01	2021	4	13	0
	1739	1421	121.892523	-9.947276	9.954498e+04	2.402357e+01	1.083262e+05	1.080344e+05	5.787641e+04	5.728021e+04	3.047520e+02	1.918844e+01	2021	4	13	6
	1723	1428	120.771028	-10.439367	9.901803e+04	2.589374e+01	1.085531e+05	1.078957e+05	5.808662e+04	5.666905e+04	3.046243e+02	2.382295e+01	2021	4	13	12
	1709	1430	119.789720	-10.579965	9.903039e+04	2.654128e+01	1.083654e+05	1.080900e+05	5.795807e+04	5.710119e+04	3.056929e+02	2.388458e+01	2021	4	13	18
	1697	1434	118.948598	-10.861160	9.887356e+04	2.571088e+01	1.084586e+05	1.080894e+05	5.807102e+04	5.698729e+04	3.046685e+02	1.702185e+01	2021	4	14	0
	1684	1440	118.037383	-11.282952	9.894152e+04	2.654631e+01	1.083514e+05	1.080130e+05	5.798376e+04	5.711084e+04	3.047713e+02	1.374559e+01	2021	4	14	6
	1670	1448	117.056075	-11.845342	9.857534e+04	3.142322e+01	1.085505e+05	1.079553e+05	5.817619e+04	5.676562e+04	3.047130e+02	1.969987e+01	2021	4	14	12
	1658	1455	116.214953	-12.337434	9.839796e+04	2.886993e+01	1.084229e+05	1.079120e+05	5.804063e+04	5.676767e+04	3.045828e+02	2.867983e+01	2021	4	14	18
	1650	1459	115.654206	-12.618629	9.778277e+04	2.973920e+01	1.085185e+05	1.078123e+05	5.806961e+04	5.618288e+04	3.044459e+02	2.489430e+01	2021	4	15	0
	1642	1466	115.093458	-13.110720	9.741386e+04	3.426309e+01	1.084059e+05	1.073686e+05	5.793274e+04	5.568457e+04	3.044047e+02	1.922928e+01	2021	4	15	6
	1637	1473	114.742991	-13.602812	9.613698e+04	5.129898e+01	1.085006e+05	1.070566e+05	5.806843e+04	5.482168e+04	3.042954e+02	1.993948e+01	2021	4	15	12
	1632	1478	114.392523	-13.954306	9.732347e+04	4.446336e+01	1.083977e+05	1.078370e+05	5.791283e+04	5.626254e+04	3.041811e+02	2.181730e+01	2021	4	15	18
	1626	1480	113.971963	-14.094903	9.849846e+04	3.333749e+01	1.085009e+05	1.077730e+05	5.797525e+04	5.721250e+04	3.040744e+02	1.723073e+01	2021	4	16	0
	1617	1479	113.341121	-14.024604	9.920950e+04	2.307740e+01	1.083799e+05	1.075942e+05	5.785691e+04	5.740775e+04	3.041792e+02	1.475565e+01	2021	4	16	6
	1611	1484	112.920561	-14.376098	9.938897e+04	2.998817e+01	1.087108e+05	1.076592e+05	5.795042e+04	5.709970e+04	3.041443e+02	1.216106e+01	2021	4	16	12
	1602	1481	112.289720	-14.165202	9.965832e+04	2.262389e+01	1.083103e+05	1.072688e+05	5.784731e+04	5.744284e+04	3.041304e+02	7.434781e+00	2021	4	16	18
start	25	2021	4	13	18
	2116	1462	148.317757	-12.829525	1.004235e+05	1.645330e+01	1.084268e+05	1.082453e+05	5.773606e+04	5.750260e+04	3.023978e+02	1.360355e+01	2021	4	13	18
	2117	1465	148.387850	-13.040422	1.007438e+05	1.812873e+01	1.087063e+05	1.085210e+05	5.801031e+04	5.777728e+04	3.023884e+02	1.152763e+01	2021	4	14	0
	2117	1463	148.387850	-12.899824	1.004087e+05	1.724470e+01	1.085098e+05	1.083714e+05	5.778909e+04	5.753963e+04	3.026257e+02	1.399078e+01	2021	4	14	6
	2119	1467	148.528037	-13.181019	1.007788e+05	1.553924e+01	1.087419e+05	1.085557e+05	5.806433e+04	5.784400e+04	3.023890e+02	1.650461e+01	2021	4	14	12
	2109	1467	147.827103	-13.181019	1.005555e+05	1.456148e+01	1.084755e+05	1.082132e+05	5.781504e+04	5.760250e+04	3.022629e+02	1.165983e+01	2021	4	14	18
	2109	1471	147.827103	-13.462214	1.008245e+05	1.541813e+01	1.087185e+05	1.085203e+05	5.808552e+04	5.786352e+04	3.022412e+02	8.202685e+00	2021	4	15	0
	2106	1465	147.616822	-13.040422	1.004899e+05	1.401250e+01	1.084628e+05	1.082789e+05	5.780880e+04	5.758348e+04	3.030823e+02	8.605790e+00	2021	4	15	6
	2103	1465	147.406542	-13.040422	1.007484e+05	1.419637e+01	1.086954e+05	1.084827e+05	5.803836e+04	5.783513e+04	3.023440e+02	1.343482e+01	2021	4	15	12
	2102	1460	147.336449	-12.688928	1.005124e+05	1.339136e+01	1.084197e+05	1.081936e+05	5.776122e+04	5.754215e+04	3.021203e+02	1.177667e+01	2021	4	15	18
	2096	1469	146.915888	-13.321617	1.008310e+05	1.468463e+01	1.086347e+05	1.084537e+05	5.805637e+04	5.781322e+04	3.020964e+02	1.254230e+01	2021	4	16	0
	2085	1461	146.144860	-12.759226	1.004267e+05	1.546755e+01	1.083874e+05	1.082360e+05	5.778725e+04	5.751539e+04	3.023925e+02	1.000299e+01	2021	4	16	6
	2086	1457	146.214953	-12.478031	1.007286e+05	1.525081e+01	1.086372e+05	1.084339e+05	5.801934e+04	5.774097e+04	3.020997e+02	1.384912e+01	2021	4	16	12
	2073	1454	145.303738	-12.267135	1.004003e+05	1.637980e+01	1.083494e+05	1.081180e+05	5.775178e+04	5.744531e+04	3.020247e+02	1.608631e+01	2021	4	16	18
	2069	1450	145.023364	-11.985940	1.006486e+05	1.754318e+01	1.085943e+05	1.083942e+05	5.800622e+04	5.759638e+04	3.019193e+02	1.346017e+01	2021	4	17	0
	2057	1444	144.182243	-11.564147	1.003017e+05	1.644965e+01	1.083486e+05	1.081616e+05	5.772925e+04	5.730559e+04	3.032393e+02	1.165526e+01	2021	4	17	6
	2050	1444	143.691589	-11.564147	1.006084e+05	1.828724e+01	1.086398e+05	1.083595e+05	5.800131e+04	5.759919e+04	3.036994e+02	1.854525e+01	2021	4	17	12
	2039	1443	142.920561	-11.493849	1.002869e+05	1.658333e+01	1.083862e+05	1.081319e+05	5.780575e+04	5.731382e+04	3.039704e+02	1.660714e+01	2021	4	17	18
	2023	1438	141.799065	-11.142355	1.006393e+05	1.720881e+01	1.085908e+05	1.083940e+05	5.805943e+04	5.755266e+04	3.041708e+02	9.846752e+00	2021	4	18	0
	2008	1438	140.747664	-11.142355	1.002025e+05	1.912781e+01	1.083516e+05	1.081228e+05	5.780057e+04	5.731580e+04	3.043708e+02	1.056387e+01	2021	4	18	6
	1994	1436	139.766355	-11.001757	1.005284e+05	2.038024e+01	1.086176e+05	1.083431e+05	5.804071e+04	5.762307e+04	3.043114e+02	1.821222e+01	2021	4	18	12
	1984	1431	139.065421	-10.650263	1.002150e+05	2.084199e+01	1.084212e+05	1.079697e+05	5.779677e+04	5.739542e+04	3.043436e+02	1.761642e+01	2021	4	18	18
	1968	1428	137.943925	-10.439367	1.004234e+05	2.211882e+01	1.085966e+05	1.083738e+05	5.807009e+04	5.764371e+04	3.044148e+02	1.080803e+01	2021	4	19	0
	1950	1421	136.682243	-9.947276	1.002061e+05	1.907660e+01	1.084049e+05	1.081472e+05	5.781663e+04	5.747220e+04	3.050261e+02	9.216197e+00	2021	4	19	6
	1931	1412	135.350467	-9.314587	1.005760e+05	1.751239e+01	1.086347e+05	1.084278e+05	5.803518e+04	5.787676e+04	3.042354e+02	1.574960e+01	2021	4	19	12
	1914	1405	134.158879	-8.822495	1.004316e+05	1.514799e+01	1.083348e+05	1.081831e+05	5.780259e+04	5.762435e+04	3.045593e+02	1.420435e+01	2021	4	19	18
start	30	2021	5	12	18
	1694	1114	118.738318	11.634446	1.004919e+05	1.263794e+01	1.087120e+05	1.084983e+05	5.794055e+04	5.761789e+04	3.054497e+02	2.139099e+01	2021	5	12	18
	1684	1111	118.037383	11.845342	1.006165e+05	1.231163e+01	1.088079e+05	1.085337e+05	5.809453e+04	5.776621e+04	3.053577e+02	2.549042e+01	2021	5	13	0
	1674	1104	117.336449	12.337434	1.004605e+05	1.349525e+01	1.087226e+05	1.084958e+05	5.804252e+04	5.755588e+04	3.051555e+02	1.690576e+01	2021	5	13	6
	1660	1096	116.355140	12.899824	1.004030e+05	1.692439e+01	1.088763e+05	1.086644e+05	5.811865e+04	5.772534e+04	3.048487e+02	1.161825e+01	2021	5	13	12
	1645	1093	115.303738	13.110720	1.003311e+05	1.359304e+01	1.088263e+05	1.085599e+05	5.807073e+04	5.760677e+04	3.045665e+02	2.351747e+01	2021	5	13	18
	1638	1089	114.813084	13.391915	1.003164e+05	1.601909e+01	1.087978e+05	1.085294e+05	5.809509e+04	5.751170e+04	3.043140e+02	2.201925e+01	2021	5	14	0
	1624	1089	113.831776	13.391915	9.999614e+04	1.528226e+01	1.086999e+05	1.084556e+05	5.801605e+04	5.733356e+04	3.046693e+02	1.490997e+01	2021	5	14	6
	1615	1085	113.200935	13.673110	1.000263e+05	1.504190e+01	1.087782e+05	1.084431e+05	5.802877e+04	5.724744e+04	3.047579e+02	1.439073e+01	2021	5	14	12
	1606	1083	112.570093	13.813708	9.979594e+04	1.637996e+01	1.086805e+05	1.084207e+05	5.795598e+04	5.708276e+04	3.047011e+02	2.669469e+01	2021	5	14	18
	1599	1076	112.079439	14.305799	9.966319e+04	1.856547e+01	1.086575e+05	1.084204e+05	5.797031e+04	5.705586e+04	3.046250e+02	2.205478e+01	2021	5	15	0
	1594	1069	111.728972	14.797891	9.935623e+04	2.023400e+01	1.086379e+05	1.082469e+05	5.782643e+04	5.680372e+04	3.045788e+02	1.382459e+01	2021	5	15	6
	1590	1061	111.448598	15.360281	9.916189e+04	2.266363e+01	1.086518e+05	1.082273e+05	5.792917e+04	5.667305e+04	3.043941e+02	1.366286e+01	2021	5	15	12
	1590	1051	111.448598	16.063269	9.904185e+04	2.551614e+01	1.085971e+05	1.080747e+05	5.782577e+04	5.667870e+04	3.040508e+02	2.175247e+01	2021	5	15	18
	1593	1042	111.658879	16.695957	9.883783e+04	2.784964e+01	1.086943e+05	1.080789e+05	5.792749e+04	5.665731e+04	3.037739e+02	1.834414e+01	2021	5	16	0
	1601	1029	112.219626	17.609841	9.653257e+04	4.166463e+01	1.086150e+05	1.072896e+05	5.784930e+04	5.507161e+04	3.040348e+02	1.377001e+01	2021	5	16	6
	1608	1020	112.710280	18.242530	9.723869e+04	3.936044e+01	1.087972e+05	1.075295e+05	5.800069e+04	5.577071e+04	3.037968e+02	9.668818e+00	2021	5	16	12
	1614	1008	113.130841	19.086116	9.777587e+04	2.905221e+01	1.085748e+05	1.080574e+05	5.791925e+04	5.689652e+04	3.035938e+02	1.698250e+01	2021	5	16	18
	1630	1000	114.252336	19.648506	9.737098e+04	3.798955e+01	1.087141e+05	1.072640e+05	5.795472e+04	5.593986e+04	3.034550e+02	1.765750e+01	2021	5	17	0
	1641	989	115.023364	20.421792	9.823139e+04	2.668810e+01	1.086558e+05	1.082485e+05	5.788595e+04	5.684582e+04	3.035300e+02	1.979125e+01	2021	5	17	6
	1657	983	116.144860	20.843585	9.808973e+04	3.623262e+01	1.087588e+05	1.080411e+05	5.791646e+04	5.643634e+04	3.035529e+02	2.175387e+01	2021	5	17	12
	1670	970	117.056075	21.757469	9.844472e+04	2.568049e+01	1.084752e+05	1.078005e+05	5.782501e+04	5.703484e+04	3.033417e+02	2.545375e+01	2021	5	17	18
	1690	960	118.457944	22.460456	9.860566e+04	2.967218e+01	1.086042e+05	1.077412e+05	5.779445e+04	5.678696e+04	3.031992e+02	2.756166e+01	2021	5	18	0
	1705	954	119.509346	22.882249	9.811911e+04	2.789671e+01	1.084915e+05	1.078000e+05	5.770762e+04	5.657762e+04	3.030707e+02	2.046628e+01	2021	5	18	6
	1729	953	121.191589	22.952548	9.930870e+04	2.440566e+01	1.086330e+05	1.079063e+05	5.785817e+04	5.658686e+04	3.029304e+02	2.353889e+01	2021	5	18	12
	1746	942	122.383178	23.725834	9.923488e+04	2.461573e+01	1.084594e+05	1.077534e+05	5.771664e+04	5.687066e+04	3.026991e+02	2.155842e+01	2021	5	18	18
	1763	936	123.574766	24.147627	9.945119e+04	2.604305e+01	1.086008e+05	1.078306e+05	5.778336e+04	5.695718e+04	3.022027e+02	2.454554e+01	2021	5	19	0
	1784	922	125.046729	25.131810	9.872627e+04	2.861283e+01	1.085222e+05	1.077664e+05	5.765652e+04	5.675625e+04	3.024664e+02	2.347807e+01	2021	5	19	6
	1799	908	126.098131	26.115992	9.910619e+04	2.452462e+01	1.086187e+05	1.076906e+05	5.769820e+04	5.707450e+04	3.016873e+02	2.509742e+01	2021	5	19	12
	1810	893	126.869159	27.170474	9.879538e+04	2.566959e+01	1.084826e+05	1.073849e+05	5.758712e+04	5.672098e+04	3.009465e+02	2.985608e+01	2021	5	19	18
	1816	881	127.289720	28.014059	9.936648e+04	1.961288e+01	1.085633e+05	1.071553e+05	5.769913e+04	5.713419e+04	3.006398e+02	2.687131e+01	2021	5	20	0
start	35	2021	6	1	6
	2314	1182	162.196262	6.854130	1.006324e+05	1.260887e+01	1.086041e+05	1.083635e+05	5.784052e+04	5.748167e+04	3.039686e+02	2.997478e+01	2021	6	1	6
	2316	1190	162.336449	6.291740	1.007916e+05	1.339920e+01	1.087386e+05	1.085392e+05	5.797659e+04	5.766046e+04	3.040085e+02	3.763708e+01	2021	6	1	12
	2334	1180	163.598131	6.994727	1.005973e+05	1.308446e+01	1.085880e+05	1.083559e+05	5.785412e+04	5.748182e+04	3.038975e+02	3.161403e+01	2021	6	1	18
	2333	1175	163.528037	7.346221	1.006570e+05	1.294303e+01	1.087395e+05	1.085560e+05	5.799227e+04	5.759336e+04	3.037684e+02	2.882874e+01	2021	6	2	0
	2324	1166	162.897196	7.978910	1.004392e+05	1.315151e+01	1.086738e+05	1.084425e+05	5.792670e+04	5.742682e+04	3.036632e+02	2.935112e+01	2021	6	2	6
	2326	1170	163.037383	7.697715	1.005645e+05	1.330593e+01	1.088633e+05	1.086243e+05	5.807751e+04	5.763550e+04	3.036447e+02	3.568338e+01	2021	6	2	12
	2323	1165	162.827103	8.049209	1.002708e+05	1.444334e+01	1.086804e+05	1.084298e+05	5.795362e+04	5.743887e+04	3.035735e+02	4.344080e+01	2021	6	2	18
	2311	1158	161.985981	8.541300	1.003802e+05	1.533620e+01	1.088613e+05	1.085610e+05	5.806473e+04	5.753613e+04	3.034808e+02	4.299481e+01	2021	6	3	0
	2307	1148	161.705607	9.244288	1.000942e+05	1.653374e+01	1.087879e+05	1.084031e+05	5.797093e+04	5.730325e+04	3.032666e+02	3.840556e+01	2021	6	3	6
	2293	1134	160.724299	10.228471	1.002393e+05	1.781039e+01	1.089436e+05	1.085719e+05	5.816402e+04	5.743475e+04	3.029937e+02	4.459241e+01	2021	6	3	12
	2274	1131	159.392523	10.439367	9.986360e+04	1.930397e+01	1.087625e+05	1.082936e+05	5.794882e+04	5.715171e+04	3.031978e+02	4.520151e+01	2021	6	3	18
	2247	1120	157.500000	11.212654	9.995719e+04	1.967727e+01	1.089596e+05	1.085232e+05	5.813788e+04	5.729774e+04	3.032409e+02	3.603280e+01	2021	6	4	0
	2237	1115	156.799065	11.564147	9.954291e+04	2.125166e+01	1.088748e+05	1.082424e+05	5.795389e+04	5.701693e+04	3.031997e+02	3.159022e+01	2021	6	4	6
	2227	1099	156.098131	12.688928	9.966591e+04	2.309054e+01	1.090518e+05	1.083809e+05	5.822750e+04	5.712773e+04	3.029506e+02	3.232018e+01	2021	6	4	12
	2191	1091	153.574766	13.251318	9.928346e+04	2.224577e+01	1.088131e+05	1.081372e+05	5.798014e+04	5.681795e+04	3.029143e+02	3.061662e+01	2021	6	4	18
	2179	1075	152.733645	14.376098	9.937577e+04	2.497799e+01	1.089894e+05	1.081860e+05	5.821637e+04	5.691429e+04	3.028313e+02	3.132593e+01	2021	6	5	0
	2158	1071	151.261682	14.657293	9.889857e+04	3.154959e+01	1.088890e+05	1.078865e+05	5.808673e+04	5.646373e+04	3.029082e+02	2.649384e+01	2021	6	5	6
	2136	1064	149.719626	15.149385	9.909609e+04	2.777347e+01	1.090967e+05	1.080429e+05	5.826992e+04	5.651042e+04	3.030677e+02	2.039724e+01	2021	6	5	12
	2117	1055	148.387850	15.782074	9.883880e+04	2.467122e+01	1.088808e+05	1.080021e+05	5.811771e+04	5.648268e+04	3.030544e+02	1.876217e+01	2021	6	5	18
	2095	1046	146.845794	16.414762	9.891174e+04	2.435635e+01	1.091056e+05	1.081816e+05	5.830881e+04	5.658222e+04	3.032344e+02	1.757780e+01	2021	6	6	0
	2077	1041	145.584112	16.766256	9.883132e+04	2.289599e+01	1.090330e+05	1.079986e+05	5.818443e+04	5.653712e+04	3.033253e+02	1.879583e+01	2021	6	6	6
	2064	1043	144.672897	16.625659	9.885182e+04	2.898748e+01	1.092022e+05	1.080897e+05	5.824314e+04	5.644753e+04	3.033741e+02	2.184907e+01	2021	6	6	12
	2051	1028	143.761682	17.680140	9.844087e+04	2.673871e+01	1.089346e+05	1.078175e+05	5.806934e+04	5.617865e+04	3.032595e+02	2.053873e+01	2021	6	6	18
	2038	1021	142.850467	18.172232	9.856370e+04	2.591614e+01	1.091182e+05	1.080992e+05	5.823014e+04	5.635189e+04	3.031601e+02	1.698269e+01	2021	6	7	0
	2029	1008	142.219626	19.086116	9.842856e+04	2.772959e+01	1.090108e+05	1.076671e+05	5.809051e+04	5.611041e+04	3.030005e+02	1.643947e+01	2021	6	7	6
	2022	997	141.728972	19.859402	9.838926e+04	2.515036e+01	1.090762e+05	1.077804e+05	5.821594e+04	5.612312e+04	3.029387e+02	1.852256e+01	2021	6	7	12
	2017	988	141.378505	20.492091	9.798767e+04	2.750570e+01	1.087901e+05	1.077348e+05	5.800688e+04	5.576127e+04	3.028284e+02	1.697013e+01	2021	6	7	18
	2021	971	141.658879	21.687170	9.791263e+04	3.076656e+01	1.089611e+05	1.078364e+05	5.818618e+04	5.583262e+04	3.024974e+02	1.202437e+01	2021	6	8	0
	2027	949	142.079439	23.233743	9.744195e+04	2.976571e+01	1.088522e+05	1.076444e+05	5.809580e+04	5.553159e+04	3.020206e+02	1.408559e+01	2021	6	8	6
	2040	928	142.990654	24.710017	9.771533e+04	3.178057e+01	1.090045e+05	1.078466e+05	5.826065e+04	5.575147e+04	3.013263e+02	1.841755e+01	2021	6	8	12
	2061	899	144.462617	26.748681	9.756366e+04	3.202277e+01	1.088123e+05	1.072984e+05	5.807052e+04	5.575158e+04	3.002082e+02	2.753701e+01	2021	6	8	18
	2093	869	146.705607	28.857644	9.741224e+04	3.643375e+01	1.089676e+05	1.065536e+05	5.820471e+04	5.587428e+04	2.982573e+02	2.592125e+01	2021	6	9	0
	2136	830	149.719626	31.599296	9.783609e+04	3.127994e+01	1.089216e+05	1.055321e+05	5.809653e+04	5.600465e+04	2.960028e+02	1.989687e+01	2021	6	9	6
	2188	796	153.364486	33.989454	9.855079e+04	2.758395e+01	1.089286e+05	1.048325e+05	5.815952e+04	5.562913e+04	2.945988e+02	2.200897e+01	2021	6	9	12
	2246	757	157.429907	36.731106	9.875223e+04	2.374745e+01	1.084696e+05	1.037413e+05	5.775932e+04	5.498932e+04	2.937084e+02	1.928461e+01	2021	6	9	18
start	21	2021	6	6	0
	1537	990	107.733645	20.351493	9.995209e+04	1.160791e+01	1.087260e+05	1.084005e+05	5.773496e+04	5.730377e+04	3.058142e+02	3.054889e+01	2021	6	6	0
	1549	990	108.574766	20.351493	9.979334e+04	1.126311e+01	1.088138e+05	1.084428e+05	5.767502e+04	5.721532e+04	3.057459e+02	2.183894e+01	2021	6	6	6
	1566	992	109.766355	20.210896	9.988689e+04	1.279826e+01	1.088894e+05	1.085764e+05	5.778637e+04	5.727251e+04	3.054079e+02	2.030887e+01	2021	6	6	12
	1562	994	109.485981	20.070298	9.987640e+04	1.302700e+01	1.088354e+05	1.084156e+05	5.772015e+04	5.723948e+04	3.054179e+02	2.855820e+01	2021	6	6	18
	1581	1004	110.817757	19.367311	9.990692e+04	1.414136e+01	1.088477e+05	1.085737e+05	5.779512e+04	5.725544e+04	3.049478e+02	2.471074e+01	2021	6	7	0
	1604	990	112.429907	20.351493	9.977570e+04	1.469916e+01	1.088451e+05	1.084301e+05	5.772371e+04	5.717855e+04	3.048105e+02	2.113602e+01	2021	6	7	6
	1607	985	112.640187	20.702987	9.968595e+04	1.322552e+01	1.089139e+05	1.085261e+05	5.779043e+04	5.715658e+04	3.047651e+02	1.513768e+01	2021	6	7	12
	1614	971	113.130841	21.687170	9.968342e+04	1.374759e+01	1.088563e+05	1.081718e+05	5.766463e+04	5.715908e+04	3.042495e+02	1.971474e+01	2021	6	7	18
	1624	975	113.831776	21.405975	9.975119e+04	1.542883e+01	1.089333e+05	1.083497e+05	5.778018e+04	5.723500e+04	3.041497e+02	1.679272e+01	2021	6	8	0
	1644	972	115.233645	21.616871	9.966536e+04	1.460316e+01	1.088223e+05	1.083200e+05	5.773648e+04	5.719057e+04	3.040867e+02	1.474642e+01	2021	6	8	6
	1656	967	116.074766	21.968365	9.974295e+04	1.425551e+01	1.089587e+05	1.083179e+05	5.784286e+04	5.726170e+04	3.039294e+02	1.407077e+01	2021	6	8	12
	1672	964	117.196262	22.179261	9.968761e+04	1.575119e+01	1.088906e+05	1.081361e+05	5.778796e+04	5.720704e+04	3.030002e+02	2.558652e+01	2021	6	8	18
	1696	958	118.878505	22.601054	9.972706e+04	1.735967e+01	1.089269e+05	1.080645e+05	5.793018e+04	5.720491e+04	3.028017e+02	2.596503e+01	2021	6	9	0
	1711	949	119.929907	23.233743	9.969506e+04	1.687660e+01	1.088537e+05	1.079127e+05	5.785498e+04	5.714933e+04	3.027802e+02	1.970906e+01	2021	6	9	6
	1744	952	122.242991	23.022847	9.962171e+04	1.822945e+01	1.089956e+05	1.079164e+05	5.799437e+04	5.723977e+04	3.026439e+02	1.706957e+01	2021	6	9	12
	1764	946	123.644860	23.444639	9.959307e+04	1.709831e+01	1.089280e+05	1.076888e+05	5.784951e+04	5.711913e+04	3.025319e+02	2.491749e+01	2021	6	9	18
	1788	943	125.327103	23.655536	9.977388e+04	1.603669e+01	1.089730e+05	1.079399e+05	5.796611e+04	5.726928e+04	3.026291e+02	2.889454e+01	2021	6	10	0
	1806	937	126.588785	24.077328	9.961808e+04	1.538374e+01	1.087783e+05	1.078853e+05	5.780590e+04	5.717792e+04	3.025768e+02	1.847045e+01	2021	6	10	6
	1816	935	127.289720	24.217926	9.976927e+04	1.434985e+01	1.088915e+05	1.079805e+05	5.791507e+04	5.732303e+04	3.022830e+02	1.774208e+01	2021	6	10	12
	1837	926	128.761682	24.850615	9.965249e+04	1.650962e+01	1.087547e+05	1.075994e+05	5.777260e+04	5.715170e+04	3.014431e+02	2.435061e+01	2021	6	10	18
	1849	906	129.602804	26.256590	9.967272e+04	1.540710e+01	1.086923e+05	1.071648e+05	5.780235e+04	5.717523e+04	3.009430e+02	2.086197e+01	2021	6	11	0
start	24	2021	6	6	12
	3584	1099	251.214953	12.688928	1.003252e+05	9.501856e+00	1.085305e+05	1.083725e+05	5.778232e+04	5.757205e+04	3.041884e+02	2.861795e+01	2021	6	6	12
	3582	1103	251.074766	12.407733	1.005512e+05	1.066104e+01	1.087540e+05	1.085654e+05	5.799191e+04	5.773443e+04	3.041642e+02	2.887256e+01	2021	6	6	18
	3586	1090	251.355140	13.321617	1.003123e+05	1.012324e+01	1.085631e+05	1.083999e+05	5.779670e+04	5.753347e+04	3.043282e+02	2.307638e+01	2021	6	7	0
	3585	1084	251.285047	13.743409	1.005543e+05	1.134360e+01	1.087597e+05	1.085699e+05	5.803149e+04	5.764189e+04	3.039233e+02	1.983078e+01	2021	6	7	6
	3582	1085	251.074766	13.673110	1.002989e+05	1.108266e+01	1.085780e+05	1.083894e+05	5.782525e+04	5.736509e+04	3.039172e+02	2.009921e+01	2021	6	7	12
	3576	1078	250.654206	14.165202	1.005067e+05	1.203847e+01	1.087672e+05	1.085978e+05	5.804149e+04	5.753312e+04	3.037303e+02	2.207213e+01	2021	6	7	18
	3567	1078	250.023364	14.165202	1.002518e+05	1.220884e+01	1.086152e+05	1.083668e+05	5.784617e+04	5.728784e+04	3.037590e+02	2.053900e+01	2021	6	8	0
	3556	1070	249.252336	14.727592	1.005299e+05	1.309951e+01	1.087520e+05	1.084388e+05	5.804348e+04	5.745245e+04	3.032978e+02	2.208711e+01	2021	6	8	6
	3551	1062	248.901869	15.289982	1.002192e+05	1.407078e+01	1.086001e+05	1.081504e+05	5.782205e+04	5.720614e+04	3.026841e+02	2.189042e+01	2021	6	8	12
	3537	1060	247.920561	15.430580	1.003582e+05	1.438733e+01	1.086860e+05	1.082892e+05	5.798931e+04	5.749147e+04	3.023962e+02	1.845458e+01	2021	6	8	18
	3528	1053	247.289720	15.922671	1.000443e+05	1.659432e+01	1.085162e+05	1.080565e+05	5.777209e+04	5.726014e+04	3.031049e+02	1.583826e+01	2021	6	9	0
	3536	1044	247.850467	16.555360	1.002848e+05	1.815484e+01	1.087093e+05	1.082306e+05	5.797091e+04	5.747319e+04	3.021170e+02	1.741284e+01	2021	6	9	6
	3522	1039	246.869159	16.906854	9.981902e+04	1.806942e+01	1.084647e+05	1.078588e+05	5.769605e+04	5.717262e+04	3.019950e+02	1.919698e+01	2021	6	9	12
	3521	1032	246.799065	17.398945	9.986624e+04	1.893608e+01	1.086923e+05	1.080347e+05	5.790932e+04	5.732268e+04	3.018391e+02	1.454769e+01	2021	6	9	18
	3521	1028	246.799065	17.680140	9.948709e+04	1.943421e+01	1.085352e+05	1.078522e+05	5.778002e+04	5.703680e+04	3.017692e+02	8.090648e+00	2021	6	10	0
	3508	1015	245.887850	18.594024	9.993585e+04	1.652700e+01	1.086543e+05	1.079054e+05	5.800275e+04	5.735929e+04	3.009538e+02	7.643498e+00	2021	6	10	6
	3503	1003	245.537383	19.437609	9.985220e+04	1.576139e+01	1.084546e+05	1.076043e+05	5.777545e+04	5.727747e+04	3.003529e+02	5.701421e+00	2021	6	10	12
	3495	999	244.976636	19.718805	1.001420e+05	1.621572e+01	1.087471e+05	1.077887e+05	5.795470e+04	5.753105e+04	3.002609e+02	3.343451e+00	2021	6	10	18
	3494	989	244.906542	20.421792	1.000484e+05	1.304252e+01	1.085934e+05	1.076939e+05	5.786120e+04	5.744518e+04	2.997112e+02	1.957597e+00	2021	6	11	0
	3485	982	244.275701	20.913884	1.004230e+05	1.226118e+01	1.087724e+05	1.078544e+05	5.804525e+04	5.766564e+04	2.991681e+02	3.928035e+00	2021	6	11	6
	3480	969	243.925234	21.827768	1.003444e+05	1.192676e+01	1.085725e+05	1.075486e+05	5.784907e+04	5.743818e+04	2.985868e+02	3.639692e+00	2021	6	11	12
	3473	961	243.434579	22.390158	1.006494e+05	1.170616e+01	1.088253e+05	1.076872e+05	5.809419e+04	5.764846e+04	2.983272e+02	1.216257e+00	2021	6	11	18
	3468	956	243.084112	22.741652	1.005398e+05	1.127184e+01	1.087381e+05	1.075223e+05	5.801341e+04	5.762141e+04	2.984018e+02	5.041229e-01	2021	6	12	0
	3463	953	242.733645	22.952548	1.008382e+05	1.002358e+01	1.088114e+05	1.075381e+05	5.815121e+04	5.773716e+04	2.981825e+02	4.117839e-01	2021	6	12	6
start	13	2021	6	19	18
	3815	980	267.406542	21.054481	1.003235e+05	1.578541e+01	1.087638e+05	1.081439e+05	5.809636e+04	5.746088e+04	3.045614e+02	2.199056e+01	2021	6	19	18
	3827	967	268.247664	21.968365	1.001184e+05	1.373452e+01	1.086209e+05	1.079696e+05	5.793130e+04	5.735349e+04	3.043560e+02	2.382984e+01	2021	6	20	0
	3848	961	269.719626	22.390158	1.002239e+05	1.580565e+01	1.086510e+05	1.080281e+05	5.795280e+04	5.739448e+04	3.041931e+02	3.346917e+01	2021	6	20	6
	3852	954	270.000000	22.882249	1.000129e+05	1.928135e+01	1.084676e+05	1.079986e+05	5.781768e+04	5.720882e+04	3.037831e+02	2.564122e+01	2021	6	20	12
	3859	948	270.490654	23.304042	1.000551e+05	1.573499e+01	1.086479e+05	1.082156e+05	5.791070e+04	5.744065e+04	3.032855e+02	1.902074e+01	2021	6	20	18
	3855	942	270.210280	23.725834	9.993256e+04	1.710015e+01	1.086012e+05	1.081549e+05	5.785480e+04	5.735227e+04	3.025947e+02	1.299876e+01	2021	6	21	0
	3849	933	269.789720	24.358523	1.000765e+05	1.657111e+01	1.086655e+05	1.080891e+05	5.796081e+04	5.744166e+04	3.023202e+02	1.720037e+01	2021	6	21	6
	3838	916	269.018692	25.553602	9.990554e+04	1.871634e+01	1.085597e+05	1.079815e+05	5.800319e+04	5.728527e+04	3.024082e+02	1.961294e+01	2021	6	21	12
	3820	900	267.757009	26.678383	1.000706e+05	1.834648e+01	1.087547e+05	1.080865e+05	5.821695e+04	5.753557e+04	3.032401e+02	1.611344e+01	2021	6	21	18
	3800	881	266.355140	28.014059	9.992958e+04	1.901560e+01	1.088045e+05	1.080910e+05	5.818760e+04	5.744329e+04	3.029564e+02	1.529979e+01	2021	6	22	0
	3776	856	264.672897	29.771528	9.975997e+04	1.912116e+01	1.088997e+05	1.081721e+05	5.831796e+04	5.728029e+04	3.027686e+02	2.337392e+01	2021	6	22	6
	3761	835	263.621495	31.247803	9.996438e+04	1.338059e+01	1.088115e+05	1.080938e+05	5.824969e+04	5.716616e+04	3.023608e+02	1.955994e+01	2021	6	22	12
	3745	812	262.500000	32.864674	1.001349e+05	1.568008e+01	1.089828e+05	1.079914e+05	5.833893e+04	5.734260e+04	-9.000000e+33	2.476914e+01	2021	6	22	18
start	22	2021	6	19	18
	1877	1056	131.565421	15.711775	1.000124e+05	1.597652e+01	1.087011e+05	1.082868e+05	5.773971e+04	5.728717e+04	3.038921e+02	4.340873e+01	2021	6	19	18
	1873	1048	131.285047	16.274165	1.000479e+05	1.881528e+01	1.088542e+05	1.082947e+05	5.792497e+04	5.737059e+04	3.038525e+02	4.168565e+01	2021	6	20	0
	1879	1018	131.705607	18.383128	9.965904e+04	2.065057e+01	1.088029e+05	1.081609e+05	5.776228e+04	5.706382e+04	3.045653e+02	3.586202e+01	2021	6	20	6
	1857	1019	130.163551	18.312829	9.964280e+04	1.928929e+01	1.088812e+05	1.081690e+05	5.780445e+04	5.711496e+04	3.037803e+02	3.954257e+01	2021	6	20	12
	1858	1013	130.233645	18.734622	9.938879e+04	1.683918e+01	1.086313e+05	1.079712e+05	5.760712e+04	5.686138e+04	3.036635e+02	3.305197e+01	2021	6	20	18
	1853	1001	129.883178	19.578207	9.940731e+04	1.637877e+01	1.087268e+05	1.081763e+05	5.769868e+04	5.689853e+04	3.035888e+02	2.834715e+01	2021	6	21	0
	1860	989	130.373832	20.421792	9.917029e+04	1.685877e+01	1.086256e+05	1.082261e+05	5.759475e+04	5.670312e+04	3.034542e+02	2.682998e+01	2021	6	21	6
	1857	979	130.163551	21.124780	9.926005e+04	1.769564e+01	1.087119e+05	1.083008e+05	5.769655e+04	5.679205e+04	3.030706e+02	2.069751e+01	2021	6	21	12
	1860	973	130.373832	21.546573	9.911070e+04	1.702402e+01	1.085510e+05	1.081914e+05	5.758625e+04	5.667237e+04	3.028153e+02	1.796750e+01	2021	6	21	18
	1849	965	129.602804	22.108963	9.927063e+04	1.695021e+01	1.086958e+05	1.084016e+05	5.766276e+04	5.688624e+04	3.029122e+02	1.315731e+01	2021	6	22	0
	1855	959	130.023364	22.530755	9.917377e+04	1.802194e+01	1.086579e+05	1.083830e+05	5.766917e+04	5.675859e+04	3.025063e+02	1.017702e+01	2021	6	22	6
	1847	947	129.462617	23.374340	9.935945e+04	1.815252e+01	1.088333e+05	1.085289e+05	5.781188e+04	5.695736e+04	3.028129e+02	1.437961e+01	2021	6	22	12
	1846	927	129.392523	24.780316	9.926978e+04	1.899825e+01	1.087047e+05	1.082914e+05	5.771388e+04	5.691926e+04	3.025034e+02	1.646477e+01	2021	6	22	18
	1852	917	129.813084	25.483304	9.940898e+04	1.919920e+01	1.088332e+05	1.082630e+05	5.791986e+04	5.703680e+04	3.020569e+02	1.883949e+01	2021	6	23	0
	1858	886	130.233645	27.662565	9.920180e+04	2.342710e+01	1.087772e+05	1.079776e+05	5.785944e+04	5.690361e+04	3.015765e+02	2.083193e+01	2021	6	23	6
	1857	878	130.163551	28.224955	9.923450e+04	2.283162e+01	1.089430e+05	1.079072e+05	5.794724e+04	5.703295e+04	3.010940e+02	2.992593e+01	2021	6	23	12
	1879	839	131.705607	30.966607	9.884093e+04	2.382847e+01	1.086821e+05	1.069006e+05	5.772412e+04	5.665780e+04	3.008323e+02	3.597025e+01	2021	6	23	18
	1904	818	133.457944	32.442882	9.882988e+04	2.570151e+01	1.086952e+05	1.065664e+05	5.781101e+04	5.656535e+04	3.005952e+02	3.511379e+01	2021	6	24	0
	1936	813	135.700935	32.794375	9.847965e+04	2.381883e+01	1.087134e+05	1.066102e+05	5.781974e+04	5.642489e+04	2.997979e+02	2.301180e+01	2021	6	24	6
	1970	790	138.084112	34.411247	9.884352e+04	2.498077e+01	1.087628e+05	1.058410e+05	5.788723e+04	5.617512e+04	2.991181e+02	1.226699e+01	2021	6	24	12
	2040	756	142.990654	36.801405	9.878336e+04	2.160338e+01	1.084281e+05	1.050307e+05	5.753297e+04	5.568108e+04	2.984834e+02	2.591197e+01	2021	6	24	18
	2082	711	145.934579	39.964850	9.813218e+04	2.357405e+01	1.079048e+05	1.041626e+05	5.700146e+04	5.528459e+04	2.945876e+02	3.177558e+01	2021	6	25	0
start	10	2021	6	28	18
	1699	821	119.088785	32.231985	9.840093e+04	1.649573e+01	1.086541e+05	1.062335e+05	5.764975e+04	5.602186e+04	3.008453e+02	4.809100e+01	2021	6	28	18
	1730	801	121.261682	33.637961	9.759796e+04	2.555542e+01	1.084807e+05	1.060068e+05	5.751372e+04	5.579884e+04	3.008384e+02	4.769272e+01	2021	6	29	0
	1758	788	123.224299	34.551845	9.774745e+04	2.446314e+01	1.083071e+05	1.060050e+05	5.741569e+04	5.546266e+04	3.006064e+02	2.982358e+01	2021	6	29	6
	1769	772	123.995327	35.676625	9.782691e+04	2.147513e+01	1.082248e+05	1.060975e+05	5.739911e+04	5.549300e+04	2.978962e+02	1.556700e+01	2021	6	29	12
	1790	764	125.467290	36.239015	9.808106e+04	2.254547e+01	1.080070e+05	1.058578e+05	5.727790e+04	5.544136e+04	2.982002e+02	7.992313e+00	2021	6	29	18
	1812	763	127.009346	36.309314	9.879354e+04	1.686064e+01	1.080835e+05	1.057578e+05	5.739667e+04	5.565694e+04	2.999172e+02	5.788794e+00	2021	6	30	0
	1848	753	129.532710	37.012301	9.906125e+04	1.784974e+01	1.081717e+05	1.057346e+05	5.739346e+04	5.572446e+04	2.977981e+02	6.063298e+00	2021	6	30	6
	1881	737	131.845794	38.137082	9.920464e+04	1.626188e+01	1.080961e+05	1.053630e+05	5.728950e+04	5.571779e+04	2.973996e+02	1.035143e+01	2021	6	30	12
	1905	729	133.528037	38.699472	9.900171e+04	1.399717e+01	1.076835e+05	1.045551e+05	5.691458e+04	5.557233e+04	2.969344e+02	1.471692e+01	2021	6	30	18
	1933	734	135.490654	38.347978	9.909625e+04	1.750404e+01	1.077790e+05	1.045246e+05	5.702748e+04	5.553486e+04	2.968906e+02	1.213751e+01	2021	7	1	0
start	18	2021	6	29	18
	3605	1795	252.686916	-36.239015	9.829891e+04	2.901806e+01	1.030261e+05	1.003906e+05	5.509136e+04	5.355623e+04	2.905079e+02	3.340860e+01	2021	6	29	18
	3588	1805	251.495327	-36.942003	9.782980e+04	2.967758e+01	1.016887e+05	1.002422e+05	5.427788e+04	5.289935e+04	2.899962e+02	1.781334e+01	2021	6	30	0
	3582	1792	251.074766	-36.028119	9.770705e+04	2.743524e+01	1.014919e+05	1.000978e+05	5.413487e+04	5.259379e+04	2.912394e+02	1.133376e+01	2021	6	30	6
	3589	1784	251.565421	-35.465729	9.754405e+04	2.438547e+01	1.012983e+05	9.982661e+04	5.408176e+04	5.243101e+04	2.914984e+02	9.144312e+00	2021	6	30	12
	3612	1773	253.177570	-34.692442	9.785760e+04	2.226111e+01	1.016526e+05	9.986609e+04	5.426662e+04	5.257612e+04	2.914542e+02	8.599627e+00	2021	6	30	18
	3640	1770	255.140187	-34.481546	9.784599e+04	2.001865e+01	1.014448e+05	9.974044e+04	5.414471e+04	5.254950e+04	2.915869e+02	1.009736e+01	2021	7	1	0
	3658	1776	256.401869	-34.903338	9.796595e+04	1.860716e+01	1.010856e+05	9.978109e+04	5.400431e+04	5.262865e+04	2.912056e+02	8.551508e+00	2021	7	1	6
	3672	1775	257.383178	-34.833040	9.797562e+04	1.671067e+01	1.010747e+05	9.968358e+04	5.393072e+04	5.260840e+04	2.912182e+02	6.766143e+00	2021	7	1	12
	3690	1771	258.644860	-34.551845	9.827301e+04	1.774762e+01	1.015640e+05	9.979612e+04	5.424927e+04	5.284820e+04	2.916028e+02	5.730442e+00	2021	7	1	18
	3720	1767	260.747664	-34.270650	9.834391e+04	1.715728e+01	1.018247e+05	9.973805e+04	5.435786e+04	5.291158e+04	2.916667e+02	6.314259e+00	2021	7	2	0
	3750	1771	262.850467	-34.551845	9.848457e+04	1.733301e+01	1.018154e+05	9.972398e+04	5.444929e+04	5.301754e+04	2.912233e+02	6.941039e+00	2021	7	2	6
	3782	1775	265.093458	-34.833040	9.850873e+04	1.759647e+01	1.017698e+05	9.966173e+04	5.441361e+04	5.299055e+04	2.908167e+02	5.271891e+00	2021	7	2	12
	3811	1784	267.126168	-35.465729	9.863762e+04	1.752041e+01	1.016574e+05	9.971302e+04	5.438969e+04	5.309205e+04	2.901940e+02	6.057493e+00	2021	7	2	18
	3840	1795	269.158879	-36.239015	9.863670e+04	1.799928e+01	1.013839e+05	9.968580e+04	5.428101e+04	5.306557e+04	2.896859e+02	6.164433e+00	2021	7	3	0
	3862	1807	270.700935	-37.082600	9.866007e+04	1.615115e+01	1.011017e+05	9.960799e+04	5.410621e+04	5.301739e+04	2.893162e+02	6.052807e+00	2021	7	3	6
	3879	1817	271.892523	-37.785588	9.863916e+04	1.351419e+01	1.007594e+05	9.946147e+04	5.391302e+04	5.293687e+04	2.887589e+02	6.027544e+00	2021	7	3	12
	3892	1826	272.803738	-38.418277	9.871605e+04	1.420643e+01	1.006874e+05	9.942330e+04	5.386880e+04	5.295446e+04	2.881080e+02	5.276845e+00	2021	7	3	18
	3906	1833	273.785047	-38.910368	9.872889e+04	1.461595e+01	1.006502e+05	9.925880e+04	5.386906e+04	5.291881e+04	2.876425e+02	4.799026e+00	2021	7	4	0
start	24	2021	7	1	6
	1952	1146	136.822430	9.384886	1.003643e+05	1.289700e+01	1.085187e+05	1.082982e+05	5.781354e+04	5.736713e+04	3.045616e+02	4.081474e+01	2021	7	1	6
	1929	1142	135.210280	9.666081	1.005273e+05	1.403302e+01	1.086628e+05	1.084524e+05	5.793100e+04	5.750559e+04	3.039271e+02	4.078197e+01	2021	7	1	12
	1925	1149	134.929907	9.173989	1.002300e+05	1.376913e+01	1.084508e+05	1.081817e+05	5.770262e+04	5.722888e+04	3.039585e+02	4.801572e+01	2021	7	1	18
	1926	1140	135.000000	9.806678	1.003292e+05	1.365965e+01	1.086210e+05	1.082612e+05	5.783478e+04	5.730427e+04	3.039341e+02	4.672601e+01	2021	7	2	0
	1930	1129	135.280374	10.579965	9.996078e+04	1.574018e+01	1.084947e+05	1.082383e+05	5.767293e+04	5.718011e+04	3.040472e+02	4.800198e+01	2021	7	2	6
	1925	1110	134.929907	11.915641	1.001003e+05	1.709315e+01	1.087600e+05	1.084088e+05	5.788584e+04	5.734227e+04	3.037490e+02	4.875925e+01	2021	7	2	12
	1923	1100	134.789720	12.618629	9.977876e+04	1.992633e+01	1.085317e+05	1.081899e+05	5.765473e+04	5.705450e+04	3.036714e+02	5.410764e+01	2021	7	2	18
	1909	1091	133.808411	13.251318	9.984119e+04	1.722349e+01	1.086299e+05	1.083782e+05	5.778732e+04	5.718786e+04	3.036333e+02	6.124378e+01	2021	7	3	0
	1913	1079	134.088785	14.094903	9.949752e+04	1.939748e+01	1.086050e+05	1.081642e+05	5.768122e+04	5.692854e+04	3.037718e+02	5.885678e+01	2021	7	3	6
	1903	1061	133.387850	15.360281	9.952665e+04	2.087206e+01	1.087035e+05	1.082867e+05	5.784641e+04	5.698811e+04	3.036541e+02	5.571358e+01	2021	7	3	12
	1898	1048	133.037383	16.274165	9.918900e+04	2.170152e+01	1.085818e+05	1.080607e+05	5.771797e+04	5.673184e+04	3.036909e+02	5.860266e+01	2021	7	3	18
	1889	1034	132.406542	17.258348	9.920192e+04	2.320372e+01	1.088011e+05	1.081460e+05	5.778815e+04	5.678252e+04	3.036408e+02	5.281858e+01	2021	7	4	0
	1886	1023	132.196262	18.031634	9.886430e+04	2.352270e+01	1.086892e+05	1.079863e+05	5.768368e+04	5.655610e+04	3.038052e+02	4.374966e+01	2021	7	4	6
	1880	1005	131.775701	19.297012	9.892826e+04	2.414704e+01	1.089135e+05	1.081768e+05	5.788064e+04	5.661991e+04	3.035849e+02	3.476239e+01	2021	7	4	12
	1874	996	131.355140	19.929701	9.873457e+04	2.513808e+01	1.086708e+05	1.081310e+05	5.769910e+04	5.651801e+04	3.033308e+02	3.104436e+01	2021	7	4	18
	1867	989	130.864486	20.421792	9.878295e+04	2.562815e+01	1.087837e+05	1.082805e+05	5.781510e+04	5.666296e+04	3.029353e+02	2.873692e+01	2021	7	5	0
	1869	959	131.004673	22.530755	9.859471e+04	2.797011e+01	1.089096e+05	1.081683e+05	5.776652e+04	5.653826e+04	3.031438e+02	3.166873e+01	2021	7	5	6
	1853	959	129.883178	22.530755	9.864280e+04	2.808675e+01	1.090611e+05	1.081067e+05	5.775103e+04	5.651254e+04	3.027242e+02	2.930522e+01	2021	7	5	12
	1866	951	130.794393	23.093145	9.850802e+04	2.780083e+01	1.089004e+05	1.080002e+05	5.770655e+04	5.640749e+04	3.018461e+02	2.571833e+01	2021	7	5	18
	1846	918	129.392523	25.413005	9.851604e+04	2.492291e+01	1.090364e+05	1.081475e+05	5.777348e+04	5.652133e+04	3.024947e+02	1.046405e+01	2021	7	6	0
	1846	915	129.392523	25.623901	9.862474e+04	2.306437e+01	1.089714e+05	1.082819e+05	5.767324e+04	5.662061e+04	3.024608e+02	7.361537e+00	2021	7	6	6
	1858	885	130.233645	27.732864	9.904804e+04	2.175771e+01	1.091202e+05	1.086496e+05	5.787734e+04	5.699028e+04	3.020871e+02	7.321252e+00	2021	7	6	12
	1854	852	129.953271	30.052723	9.909578e+04	2.295397e+01	1.089394e+05	1.077062e+05	5.776275e+04	5.680784e+04	3.022426e+02	1.408739e+01	2021	7	6	18
	1875	825	131.425234	31.950790	9.940140e+04	2.109381e+01	1.090365e+05	1.070356e+05	5.797323e+04	5.664188e+04	3.020454e+02	1.669723e+01	2021	7	7	0
start	53	2021	7	5	0
	2173	1164	152.313084	8.119508	1.006340e+05	1.257039e+01	1.087305e+05	1.084676e+05	5.789881e+04	5.757152e+04	3.040048e+02	3.929725e+01	2021	7	5	0
	2167	1168	151.892523	7.838313	1.003132e+05	1.394160e+01	1.085759e+05	1.082771e+05	5.764890e+04	5.735640e+04	3.040058e+02	3.469857e+01	2021	7	5	6
	2160	1146	151.401869	9.384886	1.005160e+05	1.361173e+01	1.087794e+05	1.084868e+05	5.793252e+04	5.757338e+04	3.037777e+02	3.285520e+01	2021	7	5	12
	2143	1137	150.210280	10.017574	1.002132e+05	1.481908e+01	1.085291e+05	1.082658e+05	5.771914e+04	5.732158e+04	3.037634e+02	3.447832e+01	2021	7	5	18
	2149	1129	150.630841	10.579965	1.002784e+05	1.644510e+01	1.087364e+05	1.084470e+05	5.790547e+04	5.745129e+04	3.036953e+02	3.114325e+01	2021	7	6	0
	2140	1117	150.000000	11.423550	9.999712e+04	1.633028e+01	1.085912e+05	1.083318e+05	5.777995e+04	5.723121e+04	3.036028e+02	2.743630e+01	2021	7	6	6
	2124	1108	148.878505	12.056239	1.001921e+05	1.957312e+01	1.088274e+05	1.085071e+05	5.801679e+04	5.738639e+04	3.035514e+02	3.020912e+01	2021	7	6	12
	2117	1094	148.387850	13.040422	9.983199e+04	1.876480e+01	1.086249e+05	1.082594e+05	5.787815e+04	5.701235e+04	3.034333e+02	3.483873e+01	2021	7	6	18
	2096	1085	146.915888	13.673110	9.985850e+04	1.837902e+01	1.088230e+05	1.084056e+05	5.801398e+04	5.705067e+04	3.035179e+02	3.006421e+01	2021	7	7	0
	2087	1076	146.285047	14.305799	9.944816e+04	1.973415e+01	1.087522e+05	1.081964e+05	5.788936e+04	5.672493e+04	3.035611e+02	2.673922e+01	2021	7	7	6
	2070	1067	145.093458	14.938488	9.947062e+04	2.206260e+01	1.088881e+05	1.083375e+05	5.808850e+04	5.686700e+04	3.036662e+02	3.560728e+01	2021	7	7	12
	2053	1064	143.901869	15.149385	9.902805e+04	2.104516e+01	1.086974e+05	1.080442e+05	5.787154e+04	5.647235e+04	3.037553e+02	3.733759e+01	2021	7	7	18
	2036	1057	142.710280	15.641476	9.895940e+04	2.389811e+01	1.088571e+05	1.081773e+05	5.800011e+04	5.658935e+04	3.037229e+02	3.111187e+01	2021	7	8	0
	2015	1049	141.238318	16.203866	9.851316e+04	2.488475e+01	1.087454e+05	1.080239e+05	5.786910e+04	5.629982e+04	3.036794e+02	2.847534e+01	2021	7	8	6
	1993	1043	139.696262	16.625659	9.836208e+04	2.949090e+01	1.089103e+05	1.079884e+05	5.799975e+04	5.627096e+04	3.035377e+02	3.333112e+01	2021	7	8	12
	1969	1037	138.014019	17.047451	9.799546e+04	2.704479e+01	1.087891e+05	1.077195e+05	5.780621e+04	5.603385e+04	3.034341e+02	3.554114e+01	2021	7	8	18
	1946	1032	136.401869	17.398945	9.780639e+04	2.898046e+01	1.089552e+05	1.077338e+05	5.786722e+04	5.588573e+04	3.032863e+02	2.953780e+01	2021	7	9	0
	1923	1018	134.789720	18.383128	9.724130e+04	3.390486e+01	1.087786e+05	1.072895e+05	5.786056e+04	5.540565e+04	3.030677e+02	2.352054e+01	2021	7	9	6
	1900	1009	133.177570	19.015817	9.704362e+04	3.345992e+01	1.089714e+05	1.073350e+05	5.792136e+04	5.518657e+04	3.031404e+02	2.529674e+01	2021	7	9	12
	1874	1004	131.355140	19.367311	9.660270e+04	3.264692e+01	1.087585e+05	1.072964e+05	5.769381e+04	5.490844e+04	3.030171e+02	2.252612e+01	2021	7	9	18
	1850	995	129.672897	20.000000	9.671748e+04	3.132609e+01	1.088108e+05	1.073836e+05	5.776677e+04	5.508507e+04	3.032073e+02	1.872360e+01	2021	7	10	0
	1831	992	128.341121	20.210896	9.618384e+04	3.644672e+01	1.087298e+05	1.072527e+05	5.768948e+04	5.476562e+04	3.034987e+02	2.300638e+01	2021	7	10	6
	1810	987	126.869159	20.562390	9.601865e+04	4.259105e+01	1.088187e+05	1.072975e+05	5.773576e+04	5.477484e+04	3.039957e+02	2.693089e+01	2021	7	10	12
	1795	984	125.817757	20.773286	9.549072e+04	4.066162e+01	1.086486e+05	1.071631e+05	5.752200e+04	5.449105e+04	3.041939e+02	2.772579e+01	2021	7	10	18
	1781	983	124.836449	20.843585	9.498344e+04	4.759564e+01	1.086922e+05	1.070414e+05	5.758709e+04	5.417898e+04	3.043645e+02	3.054283e+01	2021	7	11	0
	1772	979	124.205607	21.124780	9.403420e+04	4.793633e+01	1.086586e+05	1.065310e+05	5.744812e+04	5.348279e+04	3.042376e+02	2.828596e+01	2021	7	11	6
	1767	976	123.855140	21.335676	9.389317e+04	4.850986e+01	1.087905e+05	1.064253e+05	5.751682e+04	5.334635e+04	3.040719e+02	2.829225e+01	2021	7	11	12
	1764	970	123.644860	21.757469	9.410138e+04	4.656804e+01	1.086839e+05	1.063152e+05	5.740576e+04	5.321774e+04	3.039145e+02	2.855793e+01	2021	7	11	18
	1765	960	123.714953	22.460456	9.449159e+04	4.425016e+01	1.088641e+05	1.065310e+05	5.754022e+04	5.339928e+04	3.036687e+02	3.105849e+01	2021	7	12	0
	1765	947	123.714953	23.374340	9.445687e+04	4.848092e+01	1.088094e+05	1.065045e+05	5.745633e+04	5.334139e+04	3.035468e+02	2.444533e+01	2021	7	12	6
	1763	937	123.574766	24.077328	9.471456e+04	4.304784e+01	1.088859e+05	1.067817e+05	5.759766e+04	5.362648e+04	3.034482e+02	2.766105e+01	2021	7	12	12
	1760	927	123.364486	24.780316	9.496773e+04	4.186560e+01	1.087063e+05	1.068710e+05	5.741820e+04	5.384812e+04	3.033996e+02	3.259264e+01	2021	7	12	18
	1763	915	123.574766	25.623901	9.496403e+04	4.692839e+01	1.087998e+05	1.069049e+05	5.756528e+04	5.386049e+04	3.028830e+02	3.230923e+01	2021	7	13	0
	1766	903	123.785047	26.467486	9.471492e+04	4.320658e+01	1.087704e+05	1.069319e+05	5.743817e+04	5.366995e+04	3.025291e+02	2.841111e+01	2021	7	13	6
	1768	893	123.925234	27.170474	9.501670e+04	4.059127e+01	1.088995e+05	1.070928e+05	5.758342e+04	5.394292e+04	3.024471e+02	2.365478e+01	2021	7	13	12
	1770	880	124.065421	28.084358	9.530761e+04	3.940115e+01	1.087433e+05	1.072175e+05	5.745503e+04	5.416670e+04	3.019809e+02	2.554573e+01	2021	7	13	18
	1775	866	124.415888	29.068541	9.582147e+04	3.274590e+01	1.089081e+05	1.075506e+05	5.760835e+04	5.459091e+04	3.017318e+02	2.204913e+01	2021	7	14	0
	1773	856	124.275701	29.771528	9.598705e+04	3.206992e+01	1.090075e+05	1.077687e+05	5.760981e+04	5.477474e+04	3.023762e+02	1.733011e+01	2021	7	14	6
	1771	844	124.135514	30.615114	9.632901e+04	3.132985e+01	1.090903e+05	1.079434e+05	5.777336e+04	5.511259e+04	3.022758e+02	1.888303e+01	2021	7	14	12
	1766	833	123.785047	31.388400	9.676259e+04	2.879115e+01	1.089409e+05	1.080659e+05	5.771038e+04	5.531540e+04	3.022708e+02	2.498894e+01	2021	7	14	18
	1763	821	123.574766	32.231985	9.708944e+04	2.643516e+01	1.089543e+05	1.079867e+05	5.774579e+04	5.547504e+04	3.020549e+02	2.047227e+01	2021	7	15	0
	1762	810	123.504673	33.005272	9.720834e+04	2.436046e+01	1.089025e+05	1.079957e+05	5.773580e+04	5.553046e+04	3.016638e+02	1.768287e+01	2021	7	15	6
	1762	799	123.504673	33.778558	9.758158e+04	2.264373e+01	1.090484e+05	1.081518e+05	5.787088e+04	5.578002e+04	3.014457e+02	1.526329e+01	2021	7	15	12
	1763	786	123.574766	34.692442	9.794537e+04	2.060386e+01	1.088911e+05	1.080883e+05	5.777980e+04	5.595180e+04	3.009945e+02	1.551898e+01	2021	7	15	18
	1774	771	124.345794	35.746924	9.825970e+04	2.083702e+01	1.088860e+05	1.078420e+05	5.790171e+04	5.592943e+04	2.991390e+02	1.575891e+01	2021	7	16	0
	1790	753	125.467290	37.012301	9.843965e+04	2.105764e+01	1.088358e+05	1.076161e+05	5.785677e+04	5.589875e+04	3.004065e+02	1.724150e+01	2021	7	16	6
	1812	737	127.009346	38.137082	9.915162e+04	1.558115e+01	1.089116e+05	1.074064e+05	5.790471e+04	5.612971e+04	3.002529e+02	1.567208e+01	2021	7	16	12
	1845	714	129.322430	39.753953	9.912525e+04	1.802350e+01	1.085226e+05	1.069115e+05	5.772036e+04	5.607632e+04	2.966348e+02	1.574571e+01	2021	7	16	18
	1895	687	132.827103	41.652020	9.913466e+04	1.623433e+01	1.083354e+05	1.062615e+05	5.756174e+04	5.605234e+04	2.956865e+02	1.807584e+01	2021	7	17	0
	1950	685	136.682243	41.792618	9.903034e+04	1.830555e+01	1.083756e+05	1.058607e+05	5.766505e+04	5.593494e+04	2.940318e+02	2.133988e+01	2021	7	17	6
	2019	681	141.518692	42.073813	9.902059e+04	1.750123e+01	1.083059e+05	1.049845e+05	5.765049e+04	5.569017e+04	2.960407e+02	2.439879e+01	2021	7	17	12
	2081	670	145.864486	42.847099	9.859539e+04	1.844192e+01	1.076388e+05	1.035088e+05	5.718109e+04	5.496102e+04	2.935456e+02	2.597612e+01	2021	7	17	18
	2129	667	149.228972	43.057995	9.827465e+04	1.896256e+01	1.073676e+05	1.025841e+05	5.691976e+04	5.453680e+04	2.926722e+02	2.024175e+01	2021	7	18	0
start	28	2021	7	5	6
	3544	1091	248.411215	13.251318	1.006099e+05	1.141092e+01	1.089316e+05	1.086688e+05	5.817191e+04	5.765931e+04	3.039485e+02	2.150335e+01	2021	7	5	6
	3525	1086	247.079439	13.602812	1.003392e+05	1.098607e+01	1.086981e+05	1.084292e+05	5.796436e+04	5.745319e+04	3.036599e+02	2.031479e+01	2021	7	5	12
	3507	1088	245.817757	13.462214	1.005534e+05	1.254556e+01	1.089653e+05	1.086804e+05	5.815180e+04	5.770548e+04	3.035784e+02	2.295279e+01	2021	7	5	18
	3489	1085	244.556075	13.673110	1.002566e+05	1.092783e+01	1.088284e+05	1.084940e+05	5.798202e+04	5.747785e+04	3.034171e+02	2.092686e+01	2021	7	6	0
	3472	1086	243.364486	13.602812	1.005392e+05	1.109059e+01	1.089819e+05	1.087343e+05	5.815433e+04	5.772091e+04	3.034251e+02	2.065303e+01	2021	7	6	6
	3455	1088	242.172897	13.462214	1.002460e+05	1.060342e+01	1.087030e+05	1.084877e+05	5.789092e+04	5.746549e+04	3.037420e+02	2.151377e+01	2021	7	6	12
	3446	1078	241.542056	14.165202	1.004536e+05	1.276434e+01	1.088899e+05	1.087175e+05	5.810378e+04	5.765904e+04	3.033058e+02	2.498696e+01	2021	7	6	18
	3434	1083	240.700935	13.813708	1.001755e+05	1.307258e+01	1.086974e+05	1.084823e+05	5.787331e+04	5.740518e+04	3.035405e+02	2.969588e+01	2021	7	7	0
	3426	1070	240.140187	14.727592	1.003826e+05	1.624482e+01	1.088693e+05	1.086690e+05	5.803928e+04	5.759956e+04	3.028576e+02	3.148423e+01	2021	7	7	6
	3411	1073	239.088785	14.516696	1.000682e+05	1.485214e+01	1.085590e+05	1.083733e+05	5.775529e+04	5.731065e+04	3.025190e+02	2.944862e+01	2021	7	7	12
	3412	1069	239.158879	14.797891	1.000329e+05	1.727269e+01	1.087571e+05	1.085943e+05	5.794607e+04	5.735152e+04	3.023841e+02	2.237345e+01	2021	7	7	18
	3402	1056	238.457944	15.711775	9.990311e+04	1.720270e+01	1.086066e+05	1.084457e+05	5.780774e+04	5.733286e+04	3.021572e+02	1.909123e+01	2021	7	8	0
	3395	1048	237.967290	16.274165	1.002203e+05	1.538883e+01	1.088243e+05	1.085600e+05	5.802451e+04	5.761167e+04	3.018109e+02	2.056005e+01	2021	7	8	6
	3384	1043	237.196262	16.625659	1.000387e+05	1.632094e+01	1.085587e+05	1.083327e+05	5.780361e+04	5.741052e+04	3.016165e+02	1.862782e+01	2021	7	8	12
	3375	1035	236.565421	17.188049	1.002557e+05	1.580901e+01	1.087659e+05	1.085009e+05	5.801774e+04	5.759484e+04	3.014617e+02	1.363453e+01	2021	7	8	18
	3364	1032	235.794393	17.398945	1.001004e+05	1.684571e+01	1.086375e+05	1.083672e+05	5.788184e+04	5.748255e+04	3.015166e+02	1.311603e+01	2021	7	9	0
	3356	1025	235.233645	17.891037	1.003886e+05	1.715265e+01	1.088793e+05	1.084578e+05	5.812846e+04	5.770112e+04	3.012153e+02	1.359016e+01	2021	7	9	6
	3344	1025	234.392523	17.891037	1.001944e+05	1.453627e+01	1.085990e+05	1.081282e+05	5.792158e+04	5.749967e+04	3.008763e+02	1.211214e+01	2021	7	9	12
	3338	1024	233.971963	17.961335	1.004303e+05	1.440081e+01	1.087639e+05	1.082399e+05	5.808272e+04	5.772348e+04	3.009941e+02	9.017701e+00	2021	7	9	18
	3328	1022	233.271028	18.101933	1.002189e+05	1.706376e+01	1.086229e+05	1.080457e+05	5.792831e+04	5.757234e+04	3.013741e+02	1.221824e+01	2021	7	10	0
	3316	1018	232.429907	18.383128	1.003122e+05	2.023455e+01	1.088060e+05	1.080941e+05	5.806046e+04	5.757756e+04	3.009458e+02	1.718248e+01	2021	7	10	6
	3311	1022	232.079439	18.101933	1.000287e+05	1.804789e+01	1.085393e+05	1.078105e+05	5.781227e+04	5.736450e+04	3.009969e+02	1.164882e+01	2021	7	10	12
	3301	1030	231.378505	17.539543	1.002610e+05	1.795287e+01	1.087170e+05	1.080672e+05	5.795252e+04	5.754002e+04	3.012101e+02	5.254802e+00	2021	7	10	18
	3290	1030	230.607477	17.539543	1.000930e+05	1.739302e+01	1.085228e+05	1.079644e+05	5.778472e+04	5.742111e+04	3.014084e+02	6.254061e+00	2021	7	11	0
	3279	1032	229.836449	17.398945	1.003131e+05	1.657331e+01	1.086711e+05	1.080869e+05	5.790166e+04	5.763165e+04	3.009864e+02	8.008725e+00	2021	7	11	6
	3265	1033	228.855140	17.328646	1.001017e+05	1.784883e+01	1.083519e+05	1.078505e+05	5.765676e+04	5.736650e+04	3.009165e+02	8.172366e+00	2021	7	11	12
	3254	1030	228.084112	17.539543	1.002384e+05	1.873104e+01	1.085359e+05	1.079870e+05	5.784764e+04	5.739103e+04	3.010532e+02	3.548191e+00	2021	7	11	18
	3242	1033	227.242991	17.328646	1.001380e+05	1.592256e+01	1.083607e+05	1.077844e+05	5.775299e+04	5.746162e+04	3.015533e+02	4.289406e+00	2021	7	12	0
start	63	2021	7	11	12
	2234	1140	156.588785	9.806678	1.006330e+05	1.235642e+01	1.090449e+05	1.087669e+05	5.815508e+04	5.779056e+04	3.034179e+02	2.749525e+01	2021	7	11	12
	2226	1144	156.028037	9.525483	1.003959e+05	1.154851e+01	1.087891e+05	1.085778e+05	5.797253e+04	5.759061e+04	3.033930e+02	3.498346e+01	2021	7	11	18
	2209	1129	154.836449	10.579965	1.005652e+05	1.359095e+01	1.089947e+05	1.086672e+05	5.813765e+04	5.771088e+04	3.034635e+02	3.398917e+01	2021	7	12	0
	2197	1128	153.995327	10.650263	1.002227e+05	1.235586e+01	1.088671e+05	1.085660e+05	5.789729e+04	5.745803e+04	3.034551e+02	3.678584e+01	2021	7	12	6
	2181	1129	152.873832	10.579965	1.004269e+05	1.244567e+01	1.089719e+05	1.087535e+05	5.806806e+04	5.764434e+04	3.033333e+02	4.229525e+01	2021	7	12	12
	2158	1124	151.261682	10.931458	1.001152e+05	1.286125e+01	1.087072e+05	1.084653e+05	5.785227e+04	5.738686e+04	3.032209e+02	4.943359e+01	2021	7	12	18
	2132	1115	149.439252	11.564147	1.002332e+05	1.370433e+01	1.088528e+05	1.086402e+05	5.796223e+04	5.749990e+04	3.034098e+02	4.603973e+01	2021	7	13	0
	2116	1099	148.317757	12.688928	9.993003e+04	1.686683e+01	1.087279e+05	1.084122e+05	5.783241e+04	5.723421e+04	3.034317e+02	4.037257e+01	2021	7	13	6
	2092	1101	146.635514	12.548330	1.000471e+05	1.630976e+01	1.089414e+05	1.085319e+05	5.792791e+04	5.736139e+04	3.034549e+02	4.256003e+01	2021	7	13	12
	2076	1085	145.514019	13.673110	9.973095e+04	1.657206e+01	1.086948e+05	1.082436e+05	5.778916e+04	5.700503e+04	3.035527e+02	5.014305e+01	2021	7	13	18
	2056	1071	144.112150	14.657293	9.968663e+04	1.790411e+01	1.089336e+05	1.082671e+05	5.787948e+04	5.697488e+04	3.035655e+02	4.419479e+01	2021	7	14	0
	2036	1069	142.710280	14.797891	9.934024e+04	1.747457e+01	1.088310e+05	1.082160e+05	5.777357e+04	5.678212e+04	3.036287e+02	4.679572e+01	2021	7	14	6
	2016	1053	141.308411	15.922671	9.942272e+04	1.805861e+01	1.090369e+05	1.083418e+05	5.797814e+04	5.686325e+04	3.035948e+02	4.812434e+01	2021	7	14	12
	2001	1039	140.257009	16.906854	9.915713e+04	1.863552e+01	1.089129e+05	1.081788e+05	5.779860e+04	5.670053e+04	3.034282e+02	4.608038e+01	2021	7	14	18
	1989	1030	139.415888	17.539543	9.922766e+04	1.946001e+01	1.090674e+05	1.083352e+05	5.788438e+04	5.682641e+04	3.032141e+02	3.460198e+01	2021	7	15	0
	1970	1011	138.084112	18.875219	9.902734e+04	2.029635e+01	1.090478e+05	1.082640e+05	5.787921e+04	5.675836e+04	3.031086e+02	2.757138e+01	2021	7	15	6
	1961	1000	137.453271	19.648506	9.923387e+04	2.160308e+01	1.091658e+05	1.084992e+05	5.804133e+04	5.699917e+04	3.030206e+02	2.590364e+01	2021	7	15	12
	1938	987	135.841121	20.562390	9.913640e+04	2.250377e+01	1.090614e+05	1.084338e+05	5.792449e+04	5.691558e+04	3.028717e+02	2.067092e+01	2021	7	15	18
	1927	979	135.070093	21.124780	9.934583e+04	2.052718e+01	1.091458e+05	1.086319e+05	5.807473e+04	5.714563e+04	3.025471e+02	1.764315e+01	2021	7	16	0
	1908	962	133.738318	22.319859	9.928162e+04	1.858975e+01	1.091452e+05	1.085064e+05	5.803468e+04	5.706520e+04	3.023015e+02	1.293248e+01	2021	7	16	6
	1887	956	132.266355	22.741652	9.944139e+04	1.519440e+01	1.092295e+05	1.085998e+05	5.809605e+04	5.717166e+04	3.018554e+02	1.796186e+01	2021	7	16	12
	1881	937	131.845794	24.077328	9.923357e+04	1.698197e+01	1.090187e+05	1.085131e+05	5.799968e+04	5.700106e+04	3.017371e+02	1.860868e+01	2021	7	16	18
	1857	923	130.163551	25.061511	9.937660e+04	1.795952e+01	1.090404e+05	1.084970e+05	5.809142e+04	5.708620e+04	3.024704e+02	1.669203e+01	2021	7	17	0
	1847	921	129.462617	25.202108	9.919910e+04	2.000639e+01	1.089878e+05	1.084504e+05	5.799155e+04	5.694439e+04	3.025485e+02	1.496123e+01	2021	7	17	6
	1850	907	129.672897	26.186291	9.922338e+04	1.975784e+01	1.091357e+05	1.087151e+05	5.811810e+04	5.699407e+04	3.024717e+02	1.659817e+01	2021	7	17	12
	1835	883	128.621495	27.873462	9.909009e+04	2.074823e+01	1.089276e+05	1.085169e+05	5.792991e+04	5.688000e+04	3.023916e+02	1.663819e+01	2021	7	17	18
	1835	875	128.621495	28.435852	9.919847e+04	1.994818e+01	1.090064e+05	1.085628e+05	5.798939e+04	5.688251e+04	3.023705e+02	1.525144e+01	2021	7	18	0
	1837	854	128.761682	29.912126	9.905614e+04	2.074945e+01	1.089408e+05	1.085170e+05	5.789716e+04	5.681775e+04	3.029356e+02	1.533943e+01	2021	7	18	6
	1831	850	128.341121	30.193321	9.918361e+04	2.402638e+01	1.090864e+05	1.086772e+05	5.789354e+04	5.700986e+04	3.023789e+02	1.852254e+01	2021	7	18	12
	1845	830	129.322430	31.599296	9.890809e+04	2.083974e+01	1.088196e+05	1.083576e+05	5.775040e+04	5.682237e+04	3.031138e+02	1.867588e+01	2021	7	18	18
	1870	832	131.074766	31.458699	9.907573e+04	2.118204e+01	1.088910e+05	1.083214e+05	5.792319e+04	5.681054e+04	3.030908e+02	1.688187e+01	2021	7	19	0
	1880	829	131.775701	31.669595	9.903599e+04	2.010933e+01	1.089093e+05	1.082568e+05	5.780024e+04	5.686479e+04	3.033645e+02	1.420803e+01	2021	7	19	6
	1891	830	132.546729	31.599296	9.882257e+04	2.113903e+01	1.090280e+05	1.081869e+05	5.787832e+04	5.692466e+04	3.032568e+02	1.753546e+01	2021	7	19	12
	1905	831	133.528037	31.528998	9.880133e+04	1.917162e+01	1.088697e+05	1.078932e+05	5.775570e+04	5.700621e+04	3.022159e+02	1.990495e+01	2021	7	19	18
	1923	833	134.789720	31.388400	9.886394e+04	1.943842e+01	1.089411e+05	1.079170e+05	5.774486e+04	5.687713e+04	3.021178e+02	1.966812e+01	2021	7	20	0
	1927	838	135.070093	31.036906	9.848148e+04	2.342095e+01	1.089329e+05	1.078986e+05	5.769582e+04	5.662100e+04	3.020929e+02	2.108581e+01	2021	7	20	6
	1928	845	135.140187	30.544815	9.867939e+04	1.946478e+01	1.090438e+05	1.080152e+05	5.775932e+04	5.678909e+04	3.016864e+02	1.594898e+01	2021	7	20	12
	1928	850	135.140187	30.193321	9.874131e+04	1.743172e+01	1.088167e+05	1.078721e+05	5.762083e+04	5.668150e+04	3.012651e+02	1.410618e+01	2021	7	20	18
	1936	858	135.700935	29.630931	9.886731e+04	1.704938e+01	1.088062e+05	1.079109e+05	5.769580e+04	5.675265e+04	3.015132e+02	1.337399e+01	2021	7	21	0
	1935	865	135.630841	29.138839	9.872213e+04	1.885691e+01	1.088315e+05	1.079123e+05	5.766457e+04	5.664110e+04	3.017312e+02	1.205800e+01	2021	7	21	6
	1939	869	135.911215	28.857644	9.883734e+04	1.739792e+01	1.088668e+05	1.080036e+05	5.777493e+04	5.670361e+04	3.018401e+02	1.836843e+01	2021	7	21	12
	1940	866	135.981308	29.068541	9.852862e+04	1.952095e+01	1.086162e+05	1.077523e+05	5.766105e+04	5.632459e+04	3.016866e+02	1.466965e+01	2021	7	21	18
	1925	871	134.929907	28.717047	9.824764e+04	2.649194e+01	1.086598e+05	1.077224e+05	5.768226e+04	5.616606e+04	3.015627e+02	1.020132e+01	2021	7	22	0
	1920	874	134.579439	28.506151	9.805531e+04	2.124347e+01	1.086720e+05	1.078166e+05	5.763781e+04	5.598359e+04	3.018494e+02	8.222760e+00	2021	7	22	6
	1909	876	133.808411	28.365553	9.833957e+04	1.849141e+01	1.089369e+05	1.079836e+05	5.773711e+04	5.620071e+04	3.018483e+02	1.083972e+01	2021	7	22	12
	1900	877	133.177570	28.295254	9.829445e+04	1.980283e+01	1.088082e+05	1.078256e+05	5.755229e+04	5.619780e+04	3.021616e+02	1.030934e+01	2021	7	22	18
	1892	880	132.616822	28.084358	9.848066e+04	1.849656e+01	1.088649e+05	1.079356e+05	5.756171e+04	5.636123e+04	3.023231e+02	6.422876e+00	2021	7	23	0
	1884	879	132.056075	28.154657	9.841905e+04	1.920522e+01	1.088951e+05	1.080467e+05	5.753243e+04	5.633043e+04	3.026256e+02	8.459870e+00	2021	7	23	6
	1879	875	131.705607	28.435852	9.863866e+04	1.822943e+01	1.090038e+05	1.082157e+05	5.770255e+04	5.655069e+04	3.025616e+02	1.164604e+01	2021	7	23	12
	1874	868	131.355140	28.927943	9.855808e+04	2.060653e+01	1.088258e+05	1.081549e+05	5.762031e+04	5.647915e+04	3.025171e+02	1.051852e+01	2021	7	23	18
	1874	859	131.355140	29.560632	9.881466e+04	1.832571e+01	1.089683e+05	1.082912e+05	5.774082e+04	5.687666e+04	3.024797e+02	6.964203e+00	2021	7	24	0
	1865	846	130.724299	30.474516	9.891084e+04	1.653638e+01	1.090411e+05	1.083885e+05	5.772572e+04	5.685466e+04	3.048044e+02	8.553990e+00	2021	7	24	6
	1860	838	130.373832	31.036906	9.914995e+04	1.734903e+01	1.091724e+05	1.085506e+05	5.783254e+04	5.704343e+04	3.045129e+02	1.112134e+01	2021	7	24	12
	1852	821	129.813084	32.231985	9.918591e+04	1.600438e+01	1.088891e+05	1.083450e+05	5.768672e+04	5.699281e+04	3.041191e+02	1.046922e+01	2021	7	24	18
	1849	804	129.602804	33.427064	9.924970e+04	1.508143e+01	1.089124e+05	1.080938e+05	5.774052e+04	5.689563e+04	3.041108e+02	1.144325e+01	2021	7	25	0
	1844	786	129.252336	34.692442	9.917402e+04	1.320090e+01	1.088874e+05	1.078956e+05	5.771964e+04	5.688867e+04	3.041543e+02	9.918633e+00	2021	7	25	6
	1845	774	129.322430	35.536027	9.930120e+04	1.476250e+01	1.089609e+05	1.077044e+05	5.777037e+04	5.690500e+04	3.020667e+02	1.375077e+01	2021	7	25	12
	1851	756	129.742991	36.801405	9.923395e+04	1.536803e+01	1.087850e+05	1.072702e+05	5.762843e+04	5.682433e+04	3.004326e+02	1.610540e+01	2021	7	25	18
	1865	743	130.724299	37.715289	9.917860e+04	1.585691e+01	1.088076e+05	1.072244e+05	5.767241e+04	5.686198e+04	2.999695e+02	1.216904e+01	2021	7	26	0
	1885	732	132.126168	38.488576	9.922229e+04	1.488350e+01	1.088283e+05	1.072413e+05	5.765769e+04	5.695292e+04	3.000128e+02	9.897395e+00	2021	7	26	6
	1898	721	133.037383	39.261862	9.947649e+04	1.340545e+01	1.088866e+05	1.072489e+05	5.772746e+04	5.708025e+04	2.991063e+02	1.020891e+01	2021	7	26	12
	1905	715	133.528037	39.683655	9.952383e+04	1.530153e+01	1.086433e+05	1.072308e+05	5.760472e+04	5.701857e+04	2.984372e+02	7.921956e+00	2021	7	26	18
	1915	712	134.228972	39.894551	9.971008e+04	1.704501e+01	1.086142e+05	1.072470e+05	5.766502e+04	5.703453e+04	2.990718e+02	4.753350e+00	2021	7	27	0
start	27	2021	7	13	12
	3500	1104	245.327103	12.337434	1.004342e+05	8.099429e+00	1.085741e+05	1.084087e+05	5.782084e+04	5.744887e+04	3.036145e+02	3.084940e+01	2021	7	13	12
	3492	1101	244.766355	12.548330	1.006058e+05	9.217242e+00	1.087794e+05	1.085940e+05	5.795633e+04	5.760612e+04	3.036930e+02	3.344416e+01	2021	7	13	18
	3502	1094	245.467290	13.040422	1.003404e+05	1.244786e+01	1.086444e+05	1.084118e+05	5.781418e+04	5.739209e+04	3.036806e+02	2.773562e+01	2021	7	14	0
	3469	1096	243.154206	12.899824	1.006093e+05	1.055894e+01	1.088515e+05	1.086455e+05	5.804685e+04	5.763565e+04	3.036270e+02	2.941694e+01	2021	7	14	6
	3468	1095	243.084112	12.970123	1.002928e+05	9.767465e+00	1.085943e+05	1.083488e+05	5.777011e+04	5.737566e+04	3.035779e+02	2.842616e+01	2021	7	14	12
	3481	1082	243.995327	13.884007	1.005531e+05	1.240354e+01	1.088454e+05	1.086100e+05	5.804743e+04	5.757961e+04	3.031435e+02	3.047145e+01	2021	7	14	18
	3474	1085	243.504673	13.673110	1.002740e+05	1.177744e+01	1.086979e+05	1.084100e+05	5.785214e+04	5.736570e+04	3.033040e+02	3.053904e+01	2021	7	15	0
	3470	1074	243.224299	14.446397	1.004818e+05	1.250474e+01	1.088606e+05	1.086014e+05	5.804768e+04	5.755138e+04	3.031320e+02	3.155453e+01	2021	7	15	6
	3470	1067	243.224299	14.938488	1.001145e+05	1.326241e+01	1.085676e+05	1.082941e+05	5.777942e+04	5.721349e+04	3.030301e+02	3.418865e+01	2021	7	15	12
	3484	1064	244.205607	15.149385	1.002424e+05	1.507790e+01	1.087714e+05	1.085031e+05	5.797818e+04	5.735163e+04	3.029315e+02	3.279354e+01	2021	7	15	18
	3472	1051	243.364486	16.063269	9.990849e+04	1.514404e+01	1.086304e+05	1.083441e+05	5.771230e+04	5.713360e+04	3.025259e+02	3.001439e+01	2021	7	16	0
	3480	1041	243.925234	16.766256	1.001422e+05	1.674248e+01	1.087932e+05	1.085078e+05	5.796999e+04	5.729941e+04	3.021364e+02	2.669249e+01	2021	7	16	6
	3467	1035	243.014019	17.188049	9.978577e+04	1.698580e+01	1.084789e+05	1.082665e+05	5.768230e+04	5.701847e+04	3.018071e+02	2.652849e+01	2021	7	16	12
	3471	1026	243.294393	17.820738	9.987604e+04	1.846099e+01	1.086588e+05	1.083955e+05	5.781742e+04	5.712073e+04	3.016422e+02	2.747194e+01	2021	7	16	18
	3477	1023	243.714953	18.031634	9.951892e+04	1.761456e+01	1.084716e+05	1.081894e+05	5.759484e+04	5.685757e+04	3.022437e+02	2.800205e+01	2021	7	17	0
	3473	1008	243.434579	19.086116	9.964230e+04	1.979494e+01	1.085965e+05	1.082505e+05	5.779180e+04	5.700404e+04	3.015554e+02	2.593715e+01	2021	7	17	6
	3466	996	242.943925	19.929701	9.927612e+04	2.022357e+01	1.083362e+05	1.079427e+05	5.753600e+04	5.671202e+04	3.012962e+02	2.559231e+01	2021	7	17	12
	3465	1004	242.873832	19.367311	9.931430e+04	2.142192e+01	1.085382e+05	1.080932e+05	5.771097e+04	5.681819e+04	3.013477e+02	1.875697e+01	2021	7	17	18
	3472	996	243.364486	19.929701	9.903185e+04	2.211493e+01	1.085118e+05	1.079827e+05	5.757256e+04	5.662652e+04	3.009905e+02	1.124473e+01	2021	7	18	0
	3459	985	242.453271	20.702987	9.937273e+04	1.894615e+01	1.086050e+05	1.080582e+05	5.772609e+04	5.691727e+04	3.003918e+02	1.064197e+01	2021	7	18	6
	3464	975	242.803738	21.405975	9.932227e+04	1.821765e+01	1.084313e+05	1.078753e+05	5.761946e+04	5.686266e+04	3.000616e+02	1.085384e+01	2021	7	18	12
	3452	967	241.962617	21.968365	9.958425e+04	1.767822e+01	1.086914e+05	1.080908e+05	5.783306e+04	5.713991e+04	2.997339e+02	5.476496e+00	2021	7	18	18
	3448	953	241.682243	22.952548	9.962311e+04	1.665366e+01	1.087079e+05	1.080791e+05	5.782518e+04	5.714625e+04	2.995356e+02	2.891909e+00	2021	7	19	0
	3443	950	241.331776	23.163444	9.999508e+04	1.573791e+01	1.088447e+05	1.082468e+05	5.802329e+04	5.744879e+04	2.991106e+02	1.911886e+00	2021	7	19	6
	3434	939	240.700935	23.936731	1.000283e+05	1.409269e+01	1.086324e+05	1.079535e+05	5.788623e+04	5.738698e+04	2.986416e+02	1.808085e+00	2021	7	19	12
	3429	933	240.350467	24.358523	1.003553e+05	1.294471e+01	1.088630e+05	1.081274e+05	5.808888e+04	5.765724e+04	2.985688e+02	1.094634e+00	2021	7	19	18
	3422	924	239.859813	24.991212	1.002924e+05	1.176573e+01	1.088330e+05	1.080369e+05	5.799520e+04	5.765178e+04	2.983391e+02	4.730960e-01	2021	7	20	0
start	64	2021	7	18	12
	3683	1132	258.154206	10.369068	1.003161e+05	1.438073e+01	1.084394e+05	1.081711e+05	5.772215e+04	5.731208e+04	3.034190e+02	3.586771e+01	2021	7	18	12
	3667	1129	257.032710	10.579965	1.005486e+05	1.399268e+01	1.087039e+05	1.084306e+05	5.794958e+04	5.755866e+04	3.034340e+02	3.838803e+01	2021	7	18	18
	3666	1128	256.962617	10.650263	1.003460e+05	1.519708e+01	1.086871e+05	1.082837e+05	5.778920e+04	5.741359e+04	3.034596e+02	3.241104e+01	2021	7	19	0
	3661	1116	256.612150	11.493849	1.004788e+05	1.490467e+01	1.088010e+05	1.084534e+05	5.801150e+04	5.755481e+04	3.037944e+02	3.565106e+01	2021	7	19	6
	3648	1106	255.700935	12.196836	1.001778e+05	1.712788e+01	1.085979e+05	1.082091e+05	5.786135e+04	5.730138e+04	3.040594e+02	3.392931e+01	2021	7	19	12
	3639	1097	255.070093	12.829525	1.002187e+05	1.730868e+01	1.087919e+05	1.084457e+05	5.805337e+04	5.750474e+04	3.040603e+02	2.226846e+01	2021	7	19	18
	3623	1083	253.948598	13.813708	9.989384e+04	1.689224e+01	1.086742e+05	1.083191e+05	5.789610e+04	5.735124e+04	3.040627e+02	2.123239e+01	2021	7	20	0
	3614	1072	253.317757	14.586994	1.001302e+05	1.576781e+01	1.088105e+05	1.085276e+05	5.808605e+04	5.756602e+04	3.039877e+02	3.793431e+01	2021	7	20	6
	3595	1064	251.985981	15.149385	9.981476e+04	1.674927e+01	1.086153e+05	1.082351e+05	5.789190e+04	5.729982e+04	3.037421e+02	4.189605e+01	2021	7	20	12
	3581	1060	251.004673	15.430580	9.994797e+04	1.538472e+01	1.087803e+05	1.084222e+05	5.801885e+04	5.740659e+04	3.035680e+02	3.704479e+01	2021	7	20	18
	3569	1059	250.163551	15.500878	9.958364e+04	1.718480e+01	1.086776e+05	1.082012e+05	5.784906e+04	5.703940e+04	3.031158e+02	3.284029e+01	2021	7	21	0
	3569	1054	250.163551	15.852372	9.947245e+04	1.933356e+01	1.087972e+05	1.083204e+05	5.804012e+04	5.695634e+04	3.029944e+02	3.570708e+01	2021	7	21	6
	3558	1042	249.392523	16.695957	9.905072e+04	1.981754e+01	1.085927e+05	1.080819e+05	5.785766e+04	5.673253e+04	3.029352e+02	3.431009e+01	2021	7	21	12
	3548	1035	248.691589	17.188049	9.919400e+04	2.121601e+01	1.087518e+05	1.083044e+05	5.804904e+04	5.689875e+04	3.028570e+02	2.711021e+01	2021	7	21	18
	3539	1029	248.060748	17.609841	9.884326e+04	2.194980e+01	1.086621e+05	1.081343e+05	5.788517e+04	5.662208e+04	3.028016e+02	2.159159e+01	2021	7	22	0
	3534	1025	247.710280	17.891037	9.893574e+04	2.238602e+01	1.088020e+05	1.082625e+05	5.805914e+04	5.691517e+04	3.024609e+02	2.266935e+01	2021	7	22	6
	3523	1021	246.939252	18.172232	9.860936e+04	2.204656e+01	1.085602e+05	1.080118e+05	5.786869e+04	5.655201e+04	3.020013e+02	2.179495e+01	2021	7	22	12
	3513	1027	246.238318	17.750439	9.862739e+04	2.503830e+01	1.087069e+05	1.080718e+05	5.799613e+04	5.663638e+04	3.017388e+02	1.701122e+01	2021	7	22	18
	3504	1021	245.607477	18.172232	9.855727e+04	2.108659e+01	1.086409e+05	1.079004e+05	5.792037e+04	5.652965e+04	3.013510e+02	1.607339e+01	2021	7	23	0
	3492	1025	244.766355	17.891037	9.846309e+04	2.199380e+01	1.087569e+05	1.079630e+05	5.802770e+04	5.672453e+04	3.012393e+02	1.984680e+01	2021	7	23	6
	3483	1027	244.135514	17.750439	9.816541e+04	2.337028e+01	1.084568e+05	1.077911e+05	5.781950e+04	5.632435e+04	3.012268e+02	1.757340e+01	2021	7	23	12
	3468	1028	243.084112	17.680140	9.843289e+04	2.197854e+01	1.086539e+05	1.079559e+05	5.795488e+04	5.651522e+04	3.011635e+02	1.626761e+01	2021	7	23	18
	3457	1029	242.313084	17.609841	9.834288e+04	2.586032e+01	1.084744e+05	1.078294e+05	5.783309e+04	5.640375e+04	3.010769e+02	1.412538e+01	2021	7	24	0
	3443	1033	241.331776	17.328646	9.884025e+04	2.165586e+01	1.086473e+05	1.081100e+05	5.800617e+04	5.676488e+04	3.010717e+02	1.758180e+01	2021	7	24	6
	3433	1034	240.630841	17.258348	9.877566e+04	2.146094e+01	1.083591e+05	1.078196e+05	5.775705e+04	5.665856e+04	3.010927e+02	1.554558e+01	2021	7	24	12
	3417	1031	239.509346	17.469244	9.907457e+04	2.063775e+01	1.085980e+05	1.080434e+05	5.795903e+04	5.682441e+04	3.012509e+02	1.191488e+01	2021	7	24	18
	3401	1032	238.387850	17.398945	9.882477e+04	2.084389e+01	1.085192e+05	1.078193e+05	5.782725e+04	5.648945e+04	3.015208e+02	1.230494e+01	2021	7	25	0
	3384	1029	237.196262	17.609841	9.876621e+04	2.273427e+01	1.086796e+05	1.079589e+05	5.801686e+04	5.646560e+04	3.016925e+02	1.447529e+01	2021	7	25	6
	3368	1030	236.074766	17.539543	9.850188e+04	2.145333e+01	1.084313e+05	1.078020e+05	5.781800e+04	5.633716e+04	3.017512e+02	1.479108e+01	2021	7	25	12
	3341	1025	234.182243	17.891037	9.845150e+04	2.713755e+01	1.086757e+05	1.079524e+05	5.801336e+04	5.643041e+04	3.013749e+02	1.228119e+01	2021	7	25	18
	3320	1024	232.710280	17.961335	9.829398e+04	2.527480e+01	1.085734e+05	1.077863e+05	5.792897e+04	5.631155e+04	3.015429e+02	1.112724e+01	2021	7	26	0
	3297	1022	231.098131	18.101933	9.834477e+04	2.618151e+01	1.087500e+05	1.080331e+05	5.808483e+04	5.653312e+04	3.014672e+02	1.135674e+01	2021	7	26	6
	3273	1020	229.415888	18.242530	9.843018e+04	2.460080e+01	1.085055e+05	1.079524e+05	5.786251e+04	5.654391e+04	3.011783e+02	1.057178e+01	2021	7	26	12
	3246	1019	227.523364	18.312829	9.864441e+04	2.571385e+01	1.086440e+05	1.081323e+05	5.803456e+04	5.661551e+04	3.011405e+02	8.278745e+00	2021	7	26	18
	3220	1015	225.700935	18.594024	9.855241e+04	2.496280e+01	1.085114e+05	1.080596e+05	5.795129e+04	5.653066e+04	3.010886e+02	1.145349e+01	2021	7	27	0
	3197	1015	224.088785	18.594024	9.857423e+04	2.782500e+01	1.086404e+05	1.081799e+05	5.804825e+04	5.670379e+04	3.009251e+02	1.179685e+01	2021	7	27	6
	3171	1012	222.266355	18.804921	9.857333e+04	2.661364e+01	1.084215e+05	1.079649e+05	5.786515e+04	5.660418e+04	3.008548e+02	1.451353e+01	2021	7	27	12
	3146	1012	220.514019	18.804921	9.884238e+04	2.615321e+01	1.085390e+05	1.080592e+05	5.796348e+04	5.672660e+04	3.010267e+02	1.291044e+01	2021	7	27	18
	3123	1006	218.901869	19.226713	9.859612e+04	2.834495e+01	1.084966e+05	1.080326e+05	5.792339e+04	5.655852e+04	3.008526e+02	1.537152e+01	2021	7	28	0
	3100	1001	217.289720	19.578207	9.841699e+04	2.975538e+01	1.085944e+05	1.080760e+05	5.806409e+04	5.659542e+04	3.008824e+02	1.562451e+01	2021	7	28	6
	3076	994	215.607477	20.070298	9.840961e+04	2.754313e+01	1.084446e+05	1.079557e+05	5.793982e+04	5.651539e+04	3.010571e+02	1.883168e+01	2021	7	28	12
	3052	990	213.925234	20.351493	9.859197e+04	2.841648e+01	1.085266e+05	1.080455e+05	5.803977e+04	5.659324e+04	3.010736e+02	1.724055e+01	2021	7	28	18
	3031	985	212.453271	20.702987	9.838301e+04	3.031965e+01	1.085170e+05	1.079905e+05	5.801225e+04	5.644841e+04	3.012884e+02	1.598910e+01	2021	7	29	0
	3009	980	210.911215	21.054481	9.843170e+04	2.814063e+01	1.085881e+05	1.079777e+05	5.809356e+04	5.648405e+04	3.014207e+02	1.769880e+01	2021	7	29	6
	2987	975	209.369159	21.405975	9.828441e+04	2.921696e+01	1.084428e+05	1.079470e+05	5.797004e+04	5.637127e+04	3.014108e+02	2.046442e+01	2021	7	29	12
	2966	965	207.897196	22.108963	9.856881e+04	2.841122e+01	1.085351e+05	1.079375e+05	5.809080e+04	5.647491e+04	3.011650e+02	1.999404e+01	2021	7	29	18
	2946	956	206.495327	22.741652	9.843124e+04	2.792386e+01	1.085019e+05	1.078748e+05	5.802211e+04	5.631254e+04	3.010893e+02	1.820397e+01	2021	7	30	0
	2931	944	205.443925	23.585237	9.830309e+04	2.993535e+01	1.085923e+05	1.078369e+05	5.813529e+04	5.623927e+04	3.008104e+02	1.769363e+01	2021	7	30	6
	2912	932	204.112150	24.428822	9.836745e+04	2.949810e+01	1.084426e+05	1.075634e+05	5.802473e+04	5.634512e+04	3.007127e+02	2.183266e+01	2021	7	30	12
	2895	919	202.920561	25.342706	9.842375e+04	2.875810e+01	1.084876e+05	1.074744e+05	5.808672e+04	5.640652e+04	3.005379e+02	1.754988e+01	2021	7	30	18
	2886	907	202.289720	26.186291	9.833592e+04	3.088072e+01	1.085032e+05	1.075685e+05	5.806782e+04	5.638034e+04	3.006492e+02	1.565477e+01	2021	7	31	0
	2874	897	201.448598	26.889279	9.853636e+04	3.148621e+01	1.085338e+05	1.074208e+05	5.811029e+04	5.668769e+04	3.005802e+02	1.476373e+01	2021	7	31	6
	2864	883	200.747664	27.873462	9.895584e+04	2.529121e+01	1.084849e+05	1.071304e+05	5.801727e+04	5.686960e+04	2.999154e+02	1.525626e+01	2021	7	31	12
	2857	871	200.257009	28.717047	9.940338e+04	2.314837e+01	1.085481e+05	1.070160e+05	5.811947e+04	5.721623e+04	2.996887e+02	1.504923e+01	2021	7	31	18
	2850	860	199.766355	29.490333	9.953824e+04	2.333669e+01	1.085875e+05	1.069090e+05	5.810568e+04	5.715530e+04	2.992758e+02	1.337926e+01	2021	8	1	0
	2841	847	199.135514	30.404217	9.968179e+04	2.222502e+01	1.086347e+05	1.067889e+05	5.815686e+04	5.719549e+04	2.987508e+02	1.438897e+01	2021	8	1	6
	2830	838	198.364486	31.036906	9.970462e+04	2.303572e+01	1.084622e+05	1.067371e+05	5.804970e+04	5.692108e+04	2.980764e+02	1.312277e+01	2021	8	1	12
	2822	829	197.803738	31.669595	9.950277e+04	2.207974e+01	1.083459e+05	1.069078e+05	5.808799e+04	5.660379e+04	2.975703e+02	7.053082e+00	2021	8	1	18
	2818	819	197.523364	32.372583	9.958073e+04	2.109559e+01	1.082925e+05	1.069324e+05	5.814486e+04	5.641932e+04	2.972444e+02	3.368922e+00	2021	8	2	0
	2818	806	197.523364	33.286467	9.977404e+04	2.172919e+01	1.081644e+05	1.070018e+05	5.816594e+04	5.655855e+04	2.963840e+02	2.926681e+00	2021	8	2	6
	2814	789	197.242991	34.481546	1.000446e+05	1.959444e+01	1.078600e+05	1.069657e+05	5.806385e+04	5.668433e+04	2.961448e+02	2.824183e+00	2021	8	2	12
	2811	775	197.032710	35.465729	1.003467e+05	1.865118e+01	1.078513e+05	1.067165e+05	5.802312e+04	5.694729e+04	2.959580e+02	2.336787e+00	2021	8	2	18
	2813	759	197.172897	36.590509	1.005086e+05	1.765532e+01	1.079417e+05	1.061445e+05	5.794928e+04	5.695435e+04	2.957019e+02	3.297425e+00	2021	8	3	0
	2822	736	197.803738	38.207381	1.006024e+05	1.763203e+01	1.078714e+05	1.053685e+05	5.790103e+04	5.647077e+04	2.952640e+02	9.992439e+00	2021	8	3	6
start	31	2021	7	24	6
	3738	1104	262.009346	12.337434	1.007085e+05	1.202998e+01	1.085602e+05	1.082335e+05	5.792255e+04	5.756755e+04	3.037200e+02	4.832921e+01	2021	7	24	6
	3733	1107	261.658879	12.126538	1.004630e+05	1.594251e+01	1.083940e+05	1.079468e+05	5.780542e+04	5.735322e+04	3.035820e+02	5.109843e+01	2021	7	24	12
	3717	1110	260.537383	11.915641	1.005010e+05	1.672856e+01	1.085501e+05	1.081558e+05	5.795578e+04	5.741102e+04	3.033115e+02	4.193087e+01	2021	7	24	18
	3712	1107	260.186916	12.126538	1.001699e+05	1.854753e+01	1.084532e+05	1.080672e+05	5.780002e+04	5.717200e+04	3.033267e+02	3.305107e+01	2021	7	25	0
	3701	1101	259.415888	12.548330	1.003171e+05	1.652851e+01	1.085480e+05	1.081430e+05	5.796059e+04	5.730049e+04	3.034538e+02	4.295882e+01	2021	7	25	6
	3693	1109	258.855140	11.985940	9.995705e+04	1.896990e+01	1.083530e+05	1.079580e+05	5.779440e+04	5.709589e+04	3.031856e+02	4.543968e+01	2021	7	25	12
	3683	1100	258.154206	12.618629	9.977713e+04	1.957404e+01	1.085759e+05	1.080886e+05	5.796746e+04	5.719973e+04	3.030999e+02	3.535528e+01	2021	7	25	18
	3658	1092	256.401869	13.181019	9.949650e+04	2.280829e+01	1.085147e+05	1.079231e+05	5.781660e+04	5.696735e+04	3.033483e+02	3.421214e+01	2021	7	26	0
	3652	1081	255.981308	13.954306	9.964555e+04	2.035159e+01	1.086766e+05	1.082241e+05	5.798117e+04	5.722154e+04	3.033686e+02	3.838481e+01	2021	7	26	6
	3635	1082	254.789720	13.884007	9.925712e+04	2.079223e+01	1.084458e+05	1.080049e+05	5.781955e+04	5.680882e+04	3.032927e+02	4.254010e+01	2021	7	26	12
	3618	1070	253.598131	14.727592	9.920702e+04	2.307192e+01	1.086646e+05	1.081201e+05	5.797481e+04	5.675948e+04	3.032692e+02	2.984136e+01	2021	7	26	18
	3602	1063	252.476636	15.219683	9.861406e+04	2.582421e+01	1.085002e+05	1.078546e+05	5.786459e+04	5.634874e+04	3.031960e+02	2.821506e+01	2021	7	27	0
	3581	1057	251.004673	15.641476	9.880415e+04	2.719333e+01	1.086674e+05	1.079141e+05	5.801995e+04	5.648206e+04	3.028361e+02	4.305305e+01	2021	7	27	6
	3565	1052	249.883178	15.992970	9.811123e+04	2.877301e+01	1.084945e+05	1.072979e+05	5.780207e+04	5.575416e+04	3.020935e+02	3.646591e+01	2021	7	27	12
	3548	1049	248.691589	16.203866	9.781619e+04	3.003233e+01	1.086501e+05	1.072850e+05	5.800095e+04	5.563389e+04	3.019207e+02	2.234411e+01	2021	7	27	18
	3529	1041	247.359813	16.766256	9.750017e+04	2.998817e+01	1.085646e+05	1.070465e+05	5.789159e+04	5.531988e+04	3.018795e+02	1.897468e+01	2021	7	28	0
	3514	1034	246.308411	17.258348	9.756709e+04	3.008440e+01	1.086937e+05	1.074435e+05	5.808521e+04	5.563254e+04	3.016949e+02	2.106447e+01	2021	7	28	6
	3498	1026	245.186916	17.820738	9.754202e+04	2.728958e+01	1.084732e+05	1.073559e+05	5.798695e+04	5.561475e+04	3.012329e+02	1.634450e+01	2021	7	28	12
	3478	1016	243.785047	18.523725	9.812723e+04	2.514214e+01	1.086888e+05	1.076452e+05	5.816042e+04	5.600647e+04	3.011453e+02	1.174993e+01	2021	7	28	18
	3459	1006	242.453271	19.226713	9.814270e+04	2.575747e+01	1.086608e+05	1.075582e+05	5.802731e+04	5.594751e+04	3.007678e+02	1.122808e+01	2021	7	29	0
	3441	996	241.191589	19.929701	9.834609e+04	2.649143e+01	1.087460e+05	1.078045e+05	5.826416e+04	5.617706e+04	3.005366e+02	1.235120e+01	2021	7	29	6
	3424	985	240.000000	20.702987	9.806619e+04	2.796695e+01	1.086088e+05	1.076744e+05	5.809525e+04	5.603436e+04	3.004876e+02	1.347759e+01	2021	7	29	12
	3405	972	238.668224	21.616871	9.844286e+04	2.719034e+01	1.088877e+05	1.080804e+05	5.832244e+04	5.636177e+04	3.002727e+02	1.010152e+01	2021	7	29	18
	3392	958	237.757009	22.601054	9.840519e+04	2.545747e+01	1.088091e+05	1.080041e+05	5.819538e+04	5.629189e+04	2.998240e+02	9.216782e+00	2021	7	30	0
	3380	945	236.915888	23.514938	9.883041e+04	2.331844e+01	1.089330e+05	1.082293e+05	5.840006e+04	5.656573e+04	2.989477e+02	6.984997e+00	2021	7	30	6
	3371	932	236.285047	24.428822	9.894745e+04	2.174020e+01	1.087020e+05	1.080777e+05	5.824574e+04	5.659056e+04	2.987385e+02	5.544648e+00	2021	7	30	12
	3366	916	235.934579	25.553602	9.943447e+04	1.987305e+01	1.089152e+05	1.083829e+05	5.843172e+04	5.695837e+04	2.983624e+02	4.087555e+00	2021	7	30	18
	3362	900	235.654206	26.678383	9.944355e+04	1.822022e+01	1.087772e+05	1.081272e+05	5.827645e+04	5.691956e+04	2.976767e+02	4.799843e+00	2021	7	31	0
	3363	887	235.724299	27.592267	9.972241e+04	1.793026e+01	1.088316e+05	1.079019e+05	5.839299e+04	5.711931e+04	2.973496e+02	6.457076e+00	2021	7	31	6
	3366	873	235.934579	28.576449	9.980500e+04	1.719994e+01	1.085866e+05	1.074092e+05	5.818658e+04	5.708520e+04	2.970056e+02	7.488323e+00	2021	7	31	12
	3374	860	236.495327	29.490333	1.002486e+05	1.691871e+01	1.087974e+05	1.073183e+05	5.833231e+04	5.733323e+04	2.964128e+02	3.540137e+00	2021	7	31	18
start	20	2021	7	27	18
	1875	914	131.425234	25.694200	9.929973e+04	1.586087e+01	1.084252e+05	1.079537e+05	5.745173e+04	5.681393e+04	3.018662e+02	1.796314e+01	2021	7	27	18
	1897	903	132.967290	26.467486	9.898279e+04	1.658113e+01	1.084370e+05	1.079800e+05	5.745955e+04	5.671181e+04	3.017710e+02	1.725151e+01	2021	7	28	0
	1899	909	133.107477	26.045694	9.895397e+04	1.723400e+01	1.083867e+05	1.079488e+05	5.737336e+04	5.661091e+04	3.021906e+02	1.436878e+01	2021	7	28	6
	1936	913	135.700935	25.764499	9.893772e+04	1.918196e+01	1.084778e+05	1.079411e+05	5.750027e+04	5.666632e+04	3.021954e+02	1.992228e+01	2021	7	28	12
	1961	902	137.453271	26.537785	9.874271e+04	1.786588e+01	1.083937e+05	1.076806e+05	5.740992e+04	5.651675e+04	3.021091e+02	2.194621e+01	2021	7	28	18
	1972	885	138.224299	27.732864	9.895002e+04	1.495029e+01	1.086062e+05	1.077269e+05	5.755487e+04	5.672284e+04	3.020740e+02	2.590285e+01	2021	7	29	0
	1970	867	138.084112	28.998242	9.890324e+04	1.412089e+01	1.086944e+05	1.078622e+05	5.753079e+04	5.673672e+04	3.026696e+02	3.102956e+01	2021	7	29	6
	1959	853	137.313084	29.982425	9.909299e+04	1.431252e+01	1.087981e+05	1.080509e+05	5.772021e+04	5.690755e+04	3.019954e+02	2.962057e+01	2021	7	29	12
	1946	839	136.401869	30.966607	9.906681e+04	1.542961e+01	1.086973e+05	1.079826e+05	5.760694e+04	5.685218e+04	3.013778e+02	2.793369e+01	2021	7	29	18
	1931	826	135.350467	31.880491	9.928408e+04	1.643008e+01	1.087913e+05	1.081354e+05	5.771662e+04	5.699839e+04	3.019569e+02	2.410036e+01	2021	7	30	0
	1913	815	134.088785	32.653778	9.924880e+04	1.411287e+01	1.087968e+05	1.082298e+05	5.762622e+04	5.697449e+04	3.023584e+02	2.280919e+01	2021	7	30	6
	1899	812	133.107477	32.864674	9.938677e+04	1.395228e+01	1.087837e+05	1.081715e+05	5.767603e+04	5.704849e+04	3.034607e+02	1.732953e+01	2021	7	30	12
	1887	805	132.266355	33.356766	9.928841e+04	1.486176e+01	1.085608e+05	1.077399e+05	5.747192e+04	5.682365e+04	3.043987e+02	1.403502e+01	2021	7	30	18
	1889	791	132.406542	34.340948	9.938141e+04	1.364271e+01	1.086260e+05	1.075838e+05	5.756025e+04	5.683160e+04	3.032815e+02	1.431402e+01	2021	7	31	0
	1892	776	132.616822	35.395430	9.938522e+04	1.505072e+01	1.086750e+05	1.074901e+05	5.758157e+04	5.682566e+04	3.033359e+02	1.148714e+01	2021	7	31	6
	1901	763	133.247664	36.309314	9.945788e+04	1.336963e+01	1.087418e+05	1.071742e+05	5.773695e+04	5.676930e+04	3.021402e+02	1.487356e+01	2021	7	31	12
	1911	741	133.948598	37.855887	9.917503e+04	1.754350e+01	1.085875e+05	1.065005e+05	5.766393e+04	5.642625e+04	3.014573e+02	1.980776e+01	2021	7	31	18
	1912	707	134.018692	40.246045	9.897887e+04	1.877817e+01	1.085926e+05	1.058868e+05	5.764867e+04	5.612776e+04	2.990089e+02	2.168842e+01	2021	8	1	0
	1897	672	132.967290	42.706502	9.921959e+04	1.675368e+01	1.084178e+05	1.053421e+05	5.750889e+04	5.586055e+04	2.949485e+02	2.743566e+01	2021	8	1	6
	1888	637	132.336449	45.166958	9.951512e+04	1.047913e+01	1.082102e+05	1.050896e+05	5.737411e+04	5.572105e+04	2.949102e+02	2.733613e+01	2021	8	1	12
start	42	2021	7	30	6
	3766	753	263.971963	37.012301	1.008016e+05	6.248710e+00	1.086932e+05	1.074370e+05	5.829764e+04	5.759896e+04	-9.000000e+33	1.267915e+01	2021	7	30	6
	3837	752	268.948598	37.082600	1.006232e+05	6.638515e+00	1.084681e+05	1.070569e+05	5.813057e+04	5.734348e+04	-9.000000e+33	1.898143e+01	2021	7	30	12
	3850	751	269.859813	37.152899	1.005249e+05	8.914154e+00	1.085285e+05	1.070490e+05	5.816773e+04	5.740295e+04	-9.000000e+33	1.946448e+01	2021	7	30	18
	3899	765	273.294393	36.168716	1.002508e+05	1.138304e+01	1.085375e+05	1.070326e+05	5.808284e+04	5.722865e+04	-9.000000e+33	2.025637e+01	2021	7	31	0
	3902	758	273.504673	36.660808	1.002572e+05	1.045676e+01	1.085246e+05	1.067992e+05	5.805895e+04	5.715528e+04	-9.000000e+33	2.083249e+01	2021	7	31	6
	3937	768	275.957944	35.957820	1.004763e+05	9.757906e+00	1.084024e+05	1.067525e+05	5.806385e+04	5.712521e+04	-9.000000e+33	1.759806e+01	2021	7	31	12
	3996	789	280.093458	34.481546	1.004262e+05	1.485255e+01	1.085620e+05	1.068021e+05	5.813461e+04	5.711123e+04	3.041670e+02	1.656404e+01	2021	7	31	18
	4009	787	281.004673	34.622143	1.002396e+05	1.742184e+01	1.085632e+05	1.068003e+05	5.815211e+04	5.710157e+04	3.040281e+02	2.021082e+01	2021	8	1	0
	4037	784	282.967290	34.833040	9.986783e+04	2.029144e+01	1.084942e+05	1.066555e+05	5.796598e+04	5.694299e+04	3.032942e+02	2.390450e+01	2021	8	1	6
	4064	789	284.859813	34.481546	9.975402e+04	2.080370e+01	1.082376e+05	1.065740e+05	5.787181e+04	5.672630e+04	3.031030e+02	2.028402e+01	2021	8	1	12
	4093	806	286.892523	33.286467	9.972438e+04	2.092179e+01	1.083265e+05	1.066862e+05	5.800119e+04	5.667000e+04	3.026250e+02	1.750708e+01	2021	8	1	18
	4131	807	289.556075	33.216168	9.950780e+04	2.080314e+01	1.082861e+05	1.067466e+05	5.784914e+04	5.664866e+04	3.017642e+02	1.941685e+01	2021	8	2	0
	4157	800	291.378505	33.708259	9.939229e+04	2.066355e+01	1.080791e+05	1.065774e+05	5.768822e+04	5.648727e+04	3.011640e+02	1.946654e+01	2021	8	2	6
	4182	796	293.130841	33.989454	9.937933e+04	2.027556e+01	1.080235e+05	1.065992e+05	5.770269e+04	5.647937e+04	3.005327e+02	1.795161e+01	2021	8	2	12
	4209	783	295.023364	34.903338	9.924439e+04	1.995911e+01	1.079751e+05	1.066645e+05	5.767972e+04	5.631064e+04	3.005373e+02	1.709208e+01	2021	8	2	18
	4223	776	296.004673	35.395430	9.917367e+04	2.097108e+01	1.079873e+05	1.067289e+05	5.774029e+04	5.628653e+04	3.008378e+02	1.725184e+01	2021	8	3	0
	4236	758	296.915888	36.660808	9.896600e+04	2.237517e+01	1.077819e+05	1.066273e+05	5.754120e+04	5.609394e+04	3.012726e+02	1.753018e+01	2021	8	3	6
	4254	736	298.177570	38.207381	9.908521e+04	2.179194e+01	1.078057e+05	1.066305e+05	5.766763e+04	5.613911e+04	3.011337e+02	1.061243e+01	2021	8	3	12
	4258	719	298.457944	39.402460	9.914250e+04	2.039958e+01	1.078423e+05	1.066079e+05	5.762284e+04	5.614745e+04	3.009648e+02	9.779675e+00	2021	8	3	18
	4282	697	300.140187	40.949032	9.925788e+04	2.339437e+01	1.079942e+05	1.065702e+05	5.786821e+04	5.623023e+04	3.003598e+02	1.041729e+01	2021	8	4	0
	4291	676	300.771028	42.425307	9.924625e+04	2.264250e+01	1.078777e+05	1.062256e+05	5.778541e+04	5.616224e+04	2.983890e+02	1.221953e+01	2021	8	4	6
	4308	648	301.962617	44.393672	9.945416e+04	1.987156e+01	1.078756e+05	1.059661e+05	5.790436e+04	5.626215e+04	2.948494e+02	1.133008e+01	2021	8	4	12
	4319	617	302.733645	46.572934	9.949559e+04	1.805494e+01	1.078201e+05	1.055708e+05	5.782384e+04	5.620559e+04	2.897467e+02	1.264317e+01	2021	8	4	18
	4325	587	303.154206	48.681897	9.980464e+04	1.565881e+01	1.075531e+05	1.049326e+05	5.766914e+04	5.601896e+04	2.904829e+02	1.292697e+01	2021	8	5	0
	4347	560	304.696262	50.579964	9.961484e+04	1.678589e+01	1.071527e+05	1.045336e+05	5.749525e+04	5.571500e+04	2.878474e+02	1.106912e+01	2021	8	5	6
	4375	526	306.658879	52.970122	9.965084e+04	1.532136e+01	1.068902e+05	1.043291e+05	5.737254e+04	5.551550e+04	2.837652e+02	8.697225e+00	2021	8	5	12
	4403	493	308.621495	55.289981	9.950688e+04	1.580942e+01	1.066230e+05	1.042099e+05	5.716230e+04	5.521227e+04	2.840297e+02	1.097358e+01	2021	8	5	18
	4424	464	310.093458	57.328645	9.929302e+04	1.442190e+01	1.060923e+05	1.038477e+05	5.692084e+04	5.490772e+04	2.838251e+02	1.166672e+01	2021	8	6	0
	4443	445	311.425234	58.664322	9.913681e+04	2.200928e+01	1.056918e+05	1.029267e+05	5.653498e+04	5.432799e+04	2.833054e+02	1.189226e+01	2021	8	6	6
	4462	437	312.757009	59.226712	9.945877e+04	1.978146e+01	1.053451e+05	1.024502e+05	5.625259e+04	5.400723e+04	2.858145e+02	7.408580e+00	2021	8	6	12
	4553	420	319.135514	60.421791	9.965242e+04	2.071984e+01	1.055061e+05	1.026285e+05	5.638447e+04	5.408808e+04	2.846207e+02	6.272579e+00	2021	8	6	18
	4600	407	322.429907	61.335675	9.954985e+04	1.928943e+01	1.051371e+05	1.024770e+05	5.603951e+04	5.412456e+04	2.846844e+02	5.604305e+00	2021	8	7	0
	4637	404	325.023364	61.546571	9.941037e+04	1.522587e+01	1.045858e+05	1.023452e+05	5.568481e+04	5.396514e+04	2.849660e+02	3.039133e+00	2021	8	7	6
	4681	401	328.107477	61.757467	9.936001e+04	1.372659e+01	1.042320e+05	1.023686e+05	5.551055e+04	5.390063e+04	2.856167e+02	1.607176e+00	2021	8	7	12
	4697	396	329.228972	62.108961	9.924429e+04	1.043411e+01	1.038273e+05	1.021680e+05	5.518573e+04	5.383305e+04	2.855749e+02	1.731899e+00	2021	8	7	18
	4710	399	330.140187	61.898065	9.922110e+04	8.896411e+00	1.038156e+05	1.020048e+05	5.516555e+04	5.380371e+04	2.859152e+02	1.731658e+00	2021	8	8	0
	4721	406	330.911215	61.405973	9.915058e+04	9.298948e+00	1.035602e+05	1.018337e+05	5.493775e+04	5.371097e+04	2.862163e+02	1.173534e+00	2021	8	8	6
	4737	410	332.032710	61.124778	9.923710e+04	9.728577e+00	1.034089e+05	1.018849e+05	5.482357e+04	5.382307e+04	2.865720e+02	9.221859e-01	2021	8	8	12
	4743	409	332.453271	61.195077	9.929270e+04	9.866648e+00	1.032444e+05	1.020214e+05	5.469309e+04	5.391538e+04	2.866502e+02	8.643806e-01	2021	8	8	18
	4749	409	332.873832	61.195077	9.938949e+04	1.109284e+01	1.030563e+05	1.016227e+05	5.462602e+04	5.387580e+04	2.866431e+02	1.355361e+00	2021	8	9	0
	4749	408	332.873832	61.265376	9.945294e+04	1.152868e+01	1.027373e+05	1.016296e+05	5.449166e+04	5.384004e+04	2.866234e+02	1.287594e+00	2021	8	9	6
	4748	405	332.803738	61.476272	9.962583e+04	1.055589e+01	1.035567e+05	1.014983e+05	5.475712e+04	5.387711e+04	2.866606e+02	9.469588e-01	2021	8	9	12
start	41	2021	8	20	6
	1802	1070	126.308411	14.727592	9.967370e+04	1.826691e+01	1.084681e+05	1.082934e+05	5.756210e+04	5.706984e+04	3.050435e+02	2.830084e+01	2021	8	20	6
	1835	1068	128.621495	14.868190	9.979994e+04	1.922772e+01	1.086255e+05	1.083955e+05	5.772220e+04	5.717027e+04	3.045049e+02	2.579083e+01	2021	8	20	12
	1864	1068	130.654206	14.868190	9.956889e+04	1.868232e+01	1.084279e+05	1.081544e+05	5.760488e+04	5.701310e+04	3.037222e+02	2.232733e+01	2021	8	20	18
	1889	1067	132.406542	14.938488	9.968988e+04	2.074108e+01	1.086981e+05	1.082429e+05	5.780852e+04	5.710287e+04	3.037543e+02	2.134967e+01	2021	8	21	0
	1920	1051	134.579439	16.063269	9.936118e+04	1.935752e+01	1.084916e+05	1.080546e+05	5.761580e+04	5.692362e+04	3.041791e+02	2.064993e+01	2021	8	21	6
	1933	1040	135.490654	16.836555	9.949322e+04	1.974411e+01	1.086659e+05	1.082769e+05	5.780244e+04	5.703159e+04	3.040591e+02	1.982076e+01	2021	8	21	12
	1949	1028	136.612150	17.680140	9.916031e+04	2.059481e+01	1.085257e+05	1.081833e+05	5.759240e+04	5.685910e+04	3.040131e+02	1.570504e+01	2021	8	21	18
	1961	1020	137.453271	18.242530	9.932772e+04	2.108059e+01	1.088420e+05	1.084431e+05	5.777155e+04	5.702046e+04	3.039788e+02	1.512532e+01	2021	8	22	0
	1974	1007	138.364486	19.156414	9.914465e+04	1.944885e+01	1.087910e+05	1.083759e+05	5.761385e+04	5.698487e+04	3.042379e+02	1.540832e+01	2021	8	22	6
	1981	1003	138.855140	19.437609	9.934447e+04	1.796132e+01	1.089681e+05	1.086464e+05	5.779039e+04	5.717636e+04	3.041069e+02	1.503958e+01	2021	8	22	12
	1988	991	139.345794	20.281195	9.914019e+04	1.789479e+01	1.088220e+05	1.085016e+05	5.755873e+04	5.711102e+04	3.040362e+02	1.078799e+01	2021	8	22	18
	1990	996	139.485981	19.929701	9.932769e+04	1.838018e+01	1.089939e+05	1.086429e+05	5.777289e+04	5.722428e+04	3.039152e+02	1.296367e+01	2021	8	23	0
	1998	986	140.046729	20.632689	9.914794e+04	1.697889e+01	1.089166e+05	1.085606e+05	5.757481e+04	5.712577e+04	3.047250e+02	1.505674e+01	2021	8	23	6
	2000	989	140.186916	20.421792	9.942048e+04	1.477242e+01	1.090899e+05	1.088134e+05	5.778000e+04	5.735459e+04	3.039945e+02	1.614846e+01	2021	8	23	12
	2008	990	140.747664	20.351493	9.919997e+04	1.582089e+01	1.088931e+05	1.085801e+05	5.756390e+04	5.714792e+04	3.038070e+02	1.155045e+01	2021	8	23	18
	2011	995	140.957944	20.000000	9.934691e+04	1.702821e+01	1.089888e+05	1.086898e+05	5.771099e+04	5.732239e+04	3.037227e+02	1.375186e+01	2021	8	24	0
	2016	993	141.308411	20.140597	9.907438e+04	1.752469e+01	1.089089e+05	1.085255e+05	5.755500e+04	5.700641e+04	3.046168e+02	1.713337e+01	2021	8	24	6
	2024	996	141.869159	19.929701	9.918800e+04	1.936767e+01	1.090640e+05	1.085989e+05	5.774245e+04	5.709377e+04	3.038653e+02	1.230698e+01	2021	8	24	12
	2024	986	141.869159	20.632689	9.901151e+04	1.719173e+01	1.089252e+05	1.085266e+05	5.762159e+04	5.711971e+04	3.037705e+02	8.695909e+00	2021	8	24	18
	2027	982	142.079439	20.913884	9.925344e+04	1.471297e+01	1.090690e+05	1.086841e+05	5.778771e+04	5.732748e+04	3.037937e+02	1.319049e+01	2021	8	25	0
	2014	972	141.168224	21.616871	9.904630e+04	1.464036e+01	1.089589e+05	1.085327e+05	5.770907e+04	5.711380e+04	3.038113e+02	1.256396e+01	2021	8	25	6
	2006	967	140.607477	21.968365	9.923852e+04	1.481172e+01	1.090745e+05	1.086714e+05	5.786177e+04	5.722277e+04	3.036414e+02	1.132013e+01	2021	8	25	12
	1992	958	139.626168	22.601054	9.908131e+04	1.544648e+01	1.089524e+05	1.085053e+05	5.773071e+04	5.709627e+04	3.036500e+02	1.740708e+01	2021	8	25	18
	1985	950	139.135514	23.163444	9.914813e+04	1.703454e+01	1.091510e+05	1.086483e+05	5.785471e+04	5.719507e+04	3.035924e+02	1.520582e+01	2021	8	26	0
	1966	946	137.803738	23.444639	9.902410e+04	1.418631e+01	1.089984e+05	1.085436e+05	5.776148e+04	5.708116e+04	3.036565e+02	1.235566e+01	2021	8	26	6
	1956	939	137.102804	23.936731	9.921928e+04	1.524980e+01	1.091826e+05	1.087066e+05	5.787919e+04	5.724930e+04	3.035566e+02	1.291788e+01	2021	8	26	12
	1939	934	135.911215	24.288224	9.902027e+04	1.802941e+01	1.089887e+05	1.085376e+05	5.770275e+04	5.699803e+04	3.034565e+02	1.792921e+01	2021	8	26	18
	1926	927	135.000000	24.780316	9.875925e+04	1.922798e+01	1.090995e+05	1.085679e+05	5.782275e+04	5.682227e+04	3.034220e+02	1.387182e+01	2021	8	27	0
	1920	923	134.579439	25.061511	9.858824e+04	1.802039e+01	1.089671e+05	1.084671e+05	5.770987e+04	5.690878e+04	3.034522e+02	1.075168e+01	2021	8	27	6
	1910	918	133.878505	25.413005	9.847559e+04	2.310027e+01	1.091306e+05	1.086495e+05	5.785117e+04	5.672896e+04	3.032915e+02	9.633141e+00	2021	8	27	12
	1905	909	133.528037	26.045694	9.854896e+04	1.785763e+01	1.088696e+05	1.085335e+05	5.768530e+04	5.691062e+04	3.031342e+02	1.146095e+01	2021	8	27	18
	1900	902	133.177570	26.537785	9.871110e+04	1.862293e+01	1.088637e+05	1.085745e+05	5.772944e+04	5.697417e+04	3.030378e+02	1.447058e+01	2021	8	28	0
	1894	896	132.757009	26.959578	9.789895e+04	2.199721e+01	1.087708e+05	1.083420e+05	5.763456e+04	5.655399e+04	3.031444e+02	8.375537e+00	2021	8	28	6
	1891	896	132.546729	26.959578	9.815196e+04	2.020517e+01	1.089429e+05	1.085676e+05	5.781280e+04	5.672876e+04	3.031001e+02	6.792007e+00	2021	8	28	12
	1890	895	132.476636	27.029876	9.843391e+04	1.907326e+01	1.088599e+05	1.085697e+05	5.766743e+04	5.672033e+04	3.030607e+02	1.060610e+01	2021	8	28	18
	1888	896	132.336449	26.959578	9.818541e+04	2.295854e+01	1.089316e+05	1.085405e+05	5.777784e+04	5.670257e+04	3.030272e+02	1.157780e+01	2021	8	29	0
	1893	894	132.686916	27.100175	9.854746e+04	2.020930e+01	1.089954e+05	1.085523e+05	5.767398e+04	5.689852e+04	3.031221e+02	9.291408e+00	2021	8	29	6
	1894	900	132.757009	26.678383	9.887752e+04	1.919514e+01	1.092367e+05	1.087339e+05	5.786280e+04	5.713372e+04	3.029882e+02	8.037192e+00	2021	8	29	12
	1898	902	133.037383	26.537785	9.883937e+04	1.755494e+01	1.091182e+05	1.086486e+05	5.771283e+04	5.707431e+04	3.027519e+02	5.393044e+00	2021	8	29	18
	1899	905	133.107477	26.326889	9.919176e+04	1.554000e+01	1.092645e+05	1.087767e+05	5.781255e+04	5.734114e+04	3.028710e+02	6.098036e+00	2021	8	30	0
	1905	911	133.528037	25.905096	9.912021e+04	1.539337e+01	1.092158e+05	1.086266e+05	5.770505e+04	5.721179e+04	3.031140e+02	4.552820e+00	2021	8	30	6
start	21	2021	8	23	6
	3260	1086	228.504673	13.602812	1.008035e+05	1.091868e+01	1.090025e+05	1.088422e+05	5.813333e+04	5.784402e+04	3.032779e+02	3.773223e+01	2021	8	23	6
	3253	1079	228.014019	14.094903	1.005012e+05	1.370364e+01	1.087265e+05	1.086018e+05	5.790995e+04	5.755862e+04	3.032484e+02	3.921185e+01	2021	8	23	12
	3228	1076	226.261682	14.305799	1.006958e+05	1.350594e+01	1.089303e+05	1.087519e+05	5.804730e+04	5.772175e+04	3.034450e+02	3.877993e+01	2021	8	23	18
	3233	1081	226.612150	13.954306	1.003207e+05	1.348395e+01	1.087024e+05	1.085446e+05	5.781873e+04	5.737132e+04	3.037818e+02	4.006536e+01	2021	8	24	0
	3227	1076	226.191589	14.305799	1.005195e+05	1.444835e+01	1.088943e+05	1.086984e+05	5.802345e+04	5.751505e+04	3.034280e+02	3.920074e+01	2021	8	24	6
	3223	1071	225.911215	14.657293	1.001644e+05	1.457934e+01	1.086476e+05	1.083844e+05	5.781159e+04	5.725132e+04	3.033807e+02	3.593242e+01	2021	8	24	12
	3220	1071	225.700935	14.657293	1.003179e+05	1.716187e+01	1.088433e+05	1.086141e+05	5.802920e+04	5.744959e+04	3.033621e+02	3.828946e+01	2021	8	24	18
	3221	1064	225.771028	15.149385	9.993806e+04	1.766174e+01	1.086911e+05	1.084079e+05	5.787360e+04	5.712840e+04	3.032933e+02	4.032793e+01	2021	8	25	0
	3202	1054	224.439252	15.852372	1.000195e+05	1.841097e+01	1.088642e+05	1.085131e+05	5.803557e+04	5.726483e+04	3.032592e+02	3.697418e+01	2021	8	25	6
	3203	1052	224.509346	15.992970	9.960066e+04	1.903489e+01	1.086263e+05	1.082422e+05	5.782277e+04	5.691875e+04	3.031732e+02	3.937182e+01	2021	8	25	12
	3198	1037	224.158879	17.047451	9.973478e+04	2.174524e+01	1.087961e+05	1.083550e+05	5.805802e+04	5.711677e+04	3.025308e+02	4.236855e+01	2021	8	25	18
	3188	1024	223.457944	17.961335	9.941449e+04	2.170623e+01	1.086160e+05	1.082079e+05	5.779880e+04	5.687007e+04	3.022600e+02	4.328354e+01	2021	8	26	0
	3185	1012	223.247664	18.804921	9.955233e+04	2.284876e+01	1.088204e+05	1.082179e+05	5.800516e+04	5.702866e+04	3.019431e+02	4.593817e+01	2021	8	26	6
	3169	997	222.126168	19.859402	9.902546e+04	2.319011e+01	1.085678e+05	1.078611e+05	5.771769e+04	5.677886e+04	3.013665e+02	4.210037e+01	2021	8	26	12
	3167	989	221.985981	20.421792	9.928167e+04	2.401582e+01	1.087778e+05	1.079717e+05	5.793708e+04	5.690546e+04	3.011960e+02	3.799550e+01	2021	8	26	18
	3164	973	221.775701	21.546573	9.885557e+04	2.496748e+01	1.086706e+05	1.078950e+05	5.777545e+04	5.674072e+04	3.009721e+02	3.202407e+01	2021	8	27	0
	3162	957	221.635514	22.671353	9.924934e+04	2.486990e+01	1.088854e+05	1.079448e+05	5.802339e+04	5.693012e+04	3.005369e+02	2.371191e+01	2021	8	27	6
	3153	939	221.004673	23.936731	9.916869e+04	2.315932e+01	1.087108e+05	1.077100e+05	5.782752e+04	5.691216e+04	2.999978e+02	1.649532e+01	2021	8	27	12
	3155	927	221.144860	24.780316	9.958636e+04	1.962702e+01	1.089639e+05	1.078517e+05	5.804443e+04	5.728120e+04	2.994659e+02	1.133904e+01	2021	8	27	18
	3154	913	221.074766	25.764499	9.962301e+04	1.917200e+01	1.088790e+05	1.077083e+05	5.792181e+04	5.724870e+04	2.991660e+02	9.871497e+00	2021	8	28	0
	3152	900	220.934579	26.678383	9.989547e+04	1.822912e+01	1.089936e+05	1.076970e+05	5.805741e+04	5.739827e+04	2.988781e+02	1.113234e+01	2021	8	28	6
start	23	2021	8	27	12
	2147	931	150.490654	24.499121	1.001288e+05	1.330789e+01	1.091333e+05	1.089663e+05	5.805095e+04	5.759836e+04	3.039712e+02	2.058093e+01	2021	8	27	12
	2160	921	151.401869	25.202108	9.979253e+04	1.319639e+01	1.088429e+05	1.086629e+05	5.780376e+04	5.730348e+04	3.033974e+02	1.635416e+01	2021	8	27	18
	2167	917	151.892523	25.483304	9.983865e+04	1.316327e+01	1.089834e+05	1.087035e+05	5.790730e+04	5.735048e+04	3.032950e+02	1.820219e+01	2021	8	28	0
	2168	920	151.962617	25.272407	9.964892e+04	1.364894e+01	1.088406e+05	1.085503e+05	5.769823e+04	5.719268e+04	3.037957e+02	1.953147e+01	2021	8	28	6
	2177	925	152.593458	24.920913	9.981556e+04	1.237208e+01	1.090004e+05	1.086354e+05	5.790498e+04	5.732515e+04	3.031613e+02	1.991143e+01	2021	8	28	12
	2192	931	153.644860	24.499121	9.955198e+04	1.330983e+01	1.087937e+05	1.084578e+05	5.775487e+04	5.712843e+04	3.030445e+02	1.933372e+01	2021	8	28	18
	2202	927	154.345794	24.780316	9.963177e+04	1.332804e+01	1.089236e+05	1.086132e+05	5.789303e+04	5.725224e+04	3.033032e+02	2.083477e+01	2021	8	29	0
	2207	922	154.696262	25.131810	9.947253e+04	1.376585e+01	1.088359e+05	1.085442e+05	5.776950e+04	5.716946e+04	3.039055e+02	2.002412e+01	2021	8	29	6
	2209	918	154.836449	25.413005	9.969117e+04	1.381225e+01	1.090264e+05	1.086552e+05	5.791990e+04	5.736096e+04	3.032289e+02	2.225264e+01	2021	8	29	12
	2208	908	154.766355	26.115992	9.960063e+04	1.329774e+01	1.088910e+05	1.084975e+05	5.784154e+04	5.721160e+04	3.029991e+02	1.905495e+01	2021	8	29	18
	2203	906	154.415888	26.256590	9.974851e+04	1.475234e+01	1.090966e+05	1.086802e+05	5.798264e+04	5.735815e+04	3.032935e+02	1.402664e+01	2021	8	30	0
	2208	904	154.766355	26.397188	9.964223e+04	1.549687e+01	1.090856e+05	1.086474e+05	5.795718e+04	5.718249e+04	3.038024e+02	1.250327e+01	2021	8	30	6
	2219	888	155.537383	27.521968	9.984038e+04	1.603467e+01	1.092307e+05	1.087736e+05	5.816227e+04	5.728750e+04	3.029673e+02	1.155856e+01	2021	8	30	12
	2209	866	154.836449	29.068541	9.970150e+04	1.582299e+01	1.091468e+05	1.087177e+05	5.805131e+04	5.720501e+04	3.026042e+02	9.853604e+00	2021	8	30	18
	2207	858	154.696262	29.630931	9.983559e+04	1.573703e+01	1.093327e+05	1.088290e+05	5.820524e+04	5.735069e+04	3.024807e+02	7.411762e+00	2021	8	31	0
	2208	849	154.766355	30.263620	9.975123e+04	1.399295e+01	1.093011e+05	1.087644e+05	5.815625e+04	5.729907e+04	3.025064e+02	6.798095e+00	2021	8	31	6
	2213	838	155.116822	31.036906	9.995471e+04	1.784418e+01	1.094076e+05	1.087939e+05	5.832662e+04	5.741896e+04	3.021694e+02	9.178640e+00	2021	8	31	12
	2216	823	155.327103	32.091388	9.994052e+04	1.811561e+01	1.092947e+05	1.084595e+05	5.822080e+04	5.738434e+04	3.018678e+02	1.076202e+01	2021	8	31	18
	2227	801	156.098131	33.637961	1.001026e+05	1.711238e+01	1.093835e+05	1.081143e+05	5.835468e+04	5.727779e+04	3.013646e+02	5.994876e+00	2021	9	1	0
	2248	781	157.570093	35.043936	1.000377e+05	1.657561e+01	1.092536e+05	1.076411e+05	5.834086e+04	5.702494e+04	3.011339e+02	7.045866e+00	2021	9	1	6
	2269	754	159.042056	36.942003	1.001221e+05	1.790354e+01	1.092423e+05	1.068139e+05	5.837519e+04	5.667605e+04	3.009725e+02	1.623165e+01	2021	9	1	12
	2297	718	161.004673	39.472758	9.983751e+04	1.888267e+01	1.090486e+05	1.057714e+05	5.825340e+04	5.607361e+04	2.993745e+02	1.417883e+01	2021	9	1	18
	2339	683	163.948598	41.933215	9.979191e+04	1.838383e+01	1.090926e+05	1.055921e+05	5.830617e+04	5.590699e+04	2.940144e+02	6.485602e+00	2021	9	2	0
start	36	2021	8	28	12
	3615	1042	253.387850	16.695957	1.006250e+05	1.375202e+01	1.085123e+05	1.082763e+05	5.785895e+04	5.748084e+04	3.048956e+02	3.828525e+01	2021	8	28	12
	3611	1034	253.107477	17.258348	1.007788e+05	1.695578e+01	1.087560e+05	1.084553e+05	5.806897e+04	5.768110e+04	3.047582e+02	3.514943e+01	2021	8	28	18
	3599	1031	252.266355	17.469244	1.004122e+05	1.609399e+01	1.085473e+05	1.082173e+05	5.788424e+04	5.739133e+04	3.045752e+02	3.030816e+01	2021	8	29	0
	3602	1022	252.476636	18.101933	1.005485e+05	1.743417e+01	1.086827e+05	1.084207e+05	5.807781e+04	5.753705e+04	3.044781e+02	4.286799e+01	2021	8	29	6
	3619	1017	253.668224	18.453427	1.001077e+05	2.346177e+01	1.084527e+05	1.081795e+05	5.792217e+04	5.723253e+04	3.048630e+02	4.063232e+01	2021	8	29	12
	3598	1020	252.196262	18.242530	1.001170e+05	2.192901e+01	1.087214e+05	1.081944e+05	5.808337e+04	5.717382e+04	3.042243e+02	3.457355e+01	2021	8	29	18
	3592	1007	251.775701	19.156414	9.977462e+04	2.057811e+01	1.085733e+05	1.080592e+05	5.798193e+04	5.696233e+04	3.047466e+02	3.218027e+01	2021	8	30	0
	3585	1015	251.285047	18.594024	9.992698e+04	2.187493e+01	1.086927e+05	1.081696e+05	5.809030e+04	5.713685e+04	3.040244e+02	3.684480e+01	2021	8	30	6
	3571	1000	250.303738	19.648506	9.963564e+04	2.335094e+01	1.084987e+05	1.079508e+05	5.798652e+04	5.682922e+04	3.040764e+02	2.778689e+01	2021	8	30	12
	3560	993	249.532710	20.140597	9.964633e+04	2.483240e+01	1.087756e+05	1.081273e+05	5.819801e+04	5.697716e+04	3.035925e+02	2.146525e+01	2021	8	30	18
	3546	992	248.551402	20.210896	9.939084e+04	2.569276e+01	1.086474e+05	1.078188e+05	5.800519e+04	5.681048e+04	3.033611e+02	2.054004e+01	2021	8	31	0
	3529	988	247.359813	20.492091	9.922491e+04	2.846136e+01	1.087911e+05	1.079149e+05	5.813900e+04	5.671387e+04	3.031539e+02	1.927905e+01	2021	8	31	6
	3518	983	246.588785	20.843585	9.885360e+04	2.432625e+01	1.085113e+05	1.076296e+05	5.798025e+04	5.622470e+04	3.028389e+02	8.228318e+00	2021	8	31	12
	3500	977	245.327103	21.265377	9.918608e+04	2.450261e+01	1.087572e+05	1.080719e+05	5.818626e+04	5.666474e+04	3.023137e+02	6.590003e+00	2021	8	31	18
	3485	973	244.275701	21.546573	9.902009e+04	2.282332e+01	1.086561e+05	1.079950e+05	5.801979e+04	5.655913e+04	3.023268e+02	7.163993e+00	2021	9	1	0
	3468	975	243.084112	21.405975	9.925198e+04	2.462555e+01	1.087546e+05	1.082251e+05	5.818521e+04	5.678508e+04	3.024240e+02	1.107261e+01	2021	9	1	6
	3453	977	242.032710	21.265377	9.904771e+04	2.277578e+01	1.084384e+05	1.079756e+05	5.795764e+04	5.653779e+04	3.023754e+02	1.107961e+01	2021	9	1	12
	3441	979	241.191589	21.124780	9.915055e+04	2.305345e+01	1.085804e+05	1.081472e+05	5.814266e+04	5.659138e+04	3.022143e+02	1.234597e+01	2021	9	1	18
	3431	981	240.490654	20.984182	9.866609e+04	2.306784e+01	1.084356e+05	1.077941e+05	5.796884e+04	5.621372e+04	3.020098e+02	1.215928e+01	2021	9	2	0
	3423	985	239.929907	20.702987	9.883445e+04	2.246599e+01	1.085451e+05	1.080214e+05	5.810060e+04	5.643799e+04	3.018432e+02	1.118722e+01	2021	9	2	6
	3414	986	239.299065	20.632689	9.865955e+04	2.463531e+01	1.083408e+05	1.078749e+05	5.785750e+04	5.629026e+04	3.015165e+02	1.060909e+01	2021	9	2	12
	3406	983	238.738318	20.843585	9.883599e+04	2.493983e+01	1.085577e+05	1.081291e+05	5.803431e+04	5.650244e+04	3.015059e+02	1.167724e+01	2021	9	2	18
	3398	982	238.177570	20.913884	9.830348e+04	2.879444e+01	1.084094e+05	1.078560e+05	5.787580e+04	5.611197e+04	3.015668e+02	1.201544e+01	2021	9	3	0
	3393	972	237.827103	21.616871	9.838631e+04	3.024757e+01	1.084991e+05	1.080662e+05	5.810690e+04	5.633582e+04	3.013304e+02	1.300424e+01	2021	9	3	6
	3384	963	237.196262	22.249560	9.818846e+04	2.929263e+01	1.083122e+05	1.077667e+05	5.787964e+04	5.613506e+04	3.010660e+02	1.508644e+01	2021	9	3	12
	3379	948	236.845794	23.304042	9.819585e+04	3.029052e+01	1.085256e+05	1.079119e+05	5.809629e+04	5.620988e+04	3.006381e+02	1.446328e+01	2021	9	3	18
	3368	936	236.074766	24.147627	9.780893e+04	3.139737e+01	1.083589e+05	1.077219e+05	5.794195e+04	5.599908e+04	3.004837e+02	1.314974e+01	2021	9	4	0
	3354	924	235.093458	24.991212	9.824565e+04	2.804340e+01	1.084828e+05	1.079225e+05	5.808078e+04	5.624746e+04	3.001829e+02	1.229755e+01	2021	9	4	6
	3341	914	234.182243	25.694200	9.834726e+04	2.696204e+01	1.082858e+05	1.077799e+05	5.789933e+04	5.623159e+04	2.999781e+02	8.773999e+00	2021	9	4	12
	3328	907	233.271028	26.186291	9.884819e+04	2.506910e+01	1.083880e+05	1.077038e+05	5.802608e+04	5.653907e+04	2.996821e+02	4.771367e+00	2021	9	4	18
	3317	899	232.500000	26.748681	9.893412e+04	2.426912e+01	1.083019e+05	1.076233e+05	5.792466e+04	5.656435e+04	2.994171e+02	5.458281e+00	2021	9	5	0
	3305	892	231.658879	27.240773	9.940532e+04	2.353815e+01	1.084408e+05	1.077481e+05	5.807459e+04	5.694621e+04	2.989376e+02	6.118332e+00	2021	9	5	6
	3292	885	230.747664	27.732864	9.953158e+04	1.997366e+01	1.082201e+05	1.074974e+05	5.791256e+04	5.697149e+04	2.985847e+02	6.400368e+00	2021	9	5	12
	3280	875	229.906542	28.435852	9.990091e+04	1.960715e+01	1.084061e+05	1.076650e+05	5.809198e+04	5.719559e+04	2.982191e+02	3.535344e+00	2021	9	5	18
	3269	867	229.135514	28.998242	1.000042e+05	1.740376e+01	1.083386e+05	1.077037e+05	5.802203e+04	5.729337e+04	2.979719e+02	2.813452e+00	2021	9	6	0
	3258	861	228.364486	29.420035	1.004109e+05	1.595159e+01	1.085328e+05	1.079419e+05	5.818926e+04	5.754620e+04	2.977948e+02	2.146590e+00	2021	9	6	6
start	43	2021	8	31	18
	2191	983	153.574766	20.843585	1.002393e+05	1.044634e+01	1.089156e+05	1.084062e+05	5.791785e+04	5.744629e+04	3.032061e+02	2.217293e+01	2021	8	31	18
	2189	986	153.434579	20.632689	1.002332e+05	1.179276e+01	1.089434e+05	1.084955e+05	5.804510e+04	5.754834e+04	3.031381e+02	1.919440e+01	2021	9	1	0
	2181	989	152.873832	20.421792	9.995283e+04	1.232643e+01	1.088252e+05	1.082831e+05	5.789039e+04	5.733998e+04	3.032436e+02	1.517119e+01	2021	9	1	6
	2170	1000	152.102804	19.648506	9.999994e+04	1.301184e+01	1.088573e+05	1.083555e+05	5.795576e+04	5.741589e+04	3.032273e+02	1.657126e+01	2021	9	1	12
	2157	1002	151.191589	19.507908	9.969327e+04	1.449077e+01	1.086360e+05	1.082823e+05	5.779251e+04	5.717709e+04	3.031921e+02	1.287820e+01	2021	9	1	18
	2149	1005	150.630841	19.297012	9.981101e+04	1.490699e+01	1.087571e+05	1.083766e+05	5.789079e+04	5.739561e+04	3.032034e+02	1.149185e+01	2021	9	2	0
	2133	1007	149.509346	19.156414	9.961623e+04	1.533647e+01	1.086915e+05	1.083679e+05	5.777466e+04	5.725824e+04	3.034358e+02	1.116721e+01	2021	9	2	6
	2118	1017	148.457944	18.453427	9.983243e+04	1.434082e+01	1.088810e+05	1.085465e+05	5.790903e+04	5.743191e+04	3.033441e+02	1.537579e+01	2021	9	2	12
	2104	1030	147.476636	17.539543	9.962902e+04	1.195012e+01	1.085932e+05	1.082679e+05	5.769145e+04	5.721414e+04	3.032501e+02	1.608964e+01	2021	9	2	18
	2102	1034	147.336449	17.258348	9.985314e+04	1.204286e+01	1.086709e+05	1.083970e+05	5.784312e+04	5.735196e+04	3.032661e+02	1.778682e+01	2021	9	3	0
	2104	1034	147.476636	17.258348	9.962820e+04	1.347167e+01	1.085390e+05	1.082852e+05	5.766722e+04	5.718288e+04	3.033574e+02	1.888751e+01	2021	9	3	6
	2108	1030	147.757009	17.539543	9.991964e+04	1.326577e+01	1.088168e+05	1.084780e+05	5.787165e+04	5.738270e+04	3.032661e+02	1.882637e+01	2021	9	3	12
	2111	1023	147.967290	18.031634	9.968757e+04	1.439358e+01	1.086552e+05	1.083344e+05	5.770802e+04	5.711483e+04	3.032138e+02	1.685168e+01	2021	9	3	18
	2116	1016	148.317757	18.523725	9.986569e+04	1.508748e+01	1.088615e+05	1.085469e+05	5.794271e+04	5.725325e+04	3.032222e+02	1.062178e+01	2021	9	4	0
	2127	1005	149.088785	19.297012	9.971551e+04	1.580159e+01	1.088207e+05	1.084768e+05	5.782976e+04	5.708065e+04	3.035717e+02	1.619394e+01	2021	9	4	6
	2143	995	150.210280	20.000000	9.985707e+04	1.517330e+01	1.089864e+05	1.086492e+05	5.803658e+04	5.728342e+04	3.034355e+02	1.669882e+01	2021	9	4	12
	2156	988	151.121495	20.492091	9.953248e+04	1.554300e+01	1.087218e+05	1.083737e+05	5.779549e+04	5.707878e+04	3.031799e+02	1.185011e+01	2021	9	4	18
	2173	980	152.313084	21.054481	9.957847e+04	1.681614e+01	1.088336e+05	1.084126e+05	5.788641e+04	5.715238e+04	3.032079e+02	1.665528e+01	2021	9	5	0
	2194	974	153.785047	21.476274	9.922595e+04	1.591764e+01	1.086451e+05	1.082131e+05	5.765300e+04	5.677353e+04	3.042860e+02	1.872468e+01	2021	9	5	6
	2209	967	154.836449	21.968365	9.925493e+04	1.531016e+01	1.087229e+05	1.082274e+05	5.770361e+04	5.678614e+04	3.030025e+02	2.448315e+01	2021	9	5	12
	2227	962	156.098131	22.319859	9.888452e+04	1.515213e+01	1.084653e+05	1.080126e+05	5.741776e+04	5.648569e+04	3.027270e+02	2.804256e+01	2021	9	5	18
	2245	959	157.359813	22.530755	9.895269e+04	1.616074e+01	1.086157e+05	1.081572e+05	5.756355e+04	5.651789e+04	3.027459e+02	3.194109e+01	2021	9	6	0
	2262	944	158.551402	23.585237	9.873456e+04	1.754850e+01	1.085695e+05	1.078948e+05	5.736496e+04	5.631350e+04	3.031239e+02	4.153259e+01	2021	9	6	6
	2273	926	159.322430	24.850615	9.878446e+04	1.833817e+01	1.085906e+05	1.080239e+05	5.747068e+04	5.653310e+04	3.023364e+02	3.048704e+01	2021	9	6	12
	2270	905	159.112150	26.326889	9.864811e+04	1.792698e+01	1.084519e+05	1.080010e+05	5.730414e+04	5.647363e+04	3.021084e+02	1.608488e+01	2021	9	6	18
	2255	890	158.060748	27.381370	9.884907e+04	1.887822e+01	1.085969e+05	1.082606e+05	5.740385e+04	5.670336e+04	3.026032e+02	1.221233e+01	2021	9	7	0
	2239	881	156.939252	28.014059	9.879990e+04	1.363559e+01	1.086383e+05	1.082805e+05	5.733397e+04	5.669025e+04	3.036815e+02	9.436801e+00	2021	9	7	6
	2223	884	155.817757	27.803163	9.905284e+04	1.184695e+01	1.086985e+05	1.084400e+05	5.746582e+04	5.688702e+04	3.027874e+02	1.051951e+01	2021	9	7	12
	2220	892	155.607477	27.240773	9.895190e+04	1.203919e+01	1.085422e+05	1.083192e+05	5.732945e+04	5.678238e+04	3.027391e+02	1.200848e+01	2021	9	7	18
	2224	897	155.887850	26.889279	9.913880e+04	1.233779e+01	1.086573e+05	1.084687e+05	5.747778e+04	5.693090e+04	3.027296e+02	1.518922e+01	2021	9	8	0
	2232	897	156.448598	26.889279	9.909039e+04	1.422731e+01	1.086318e+05	1.083740e+05	5.747149e+04	5.683274e+04	3.027336e+02	1.635931e+01	2021	9	8	6
	2236	892	156.728972	27.240773	9.922024e+04	1.666297e+01	1.086872e+05	1.084581e+05	5.759251e+04	5.691257e+04	3.025919e+02	1.954340e+01	2021	9	8	12
	2240	879	157.009346	28.154657	9.905219e+04	1.916587e+01	1.086060e+05	1.083430e+05	5.756336e+04	5.678171e+04	3.023623e+02	2.436507e+01	2021	9	8	18
	2235	868	156.658879	28.927943	9.907336e+04	2.007170e+01	1.086792e+05	1.083837e+05	5.766847e+04	5.676439e+04	3.023495e+02	2.189161e+01	2021	9	9	0
	2221	856	155.677570	29.771528	9.891820e+04	1.812979e+01	1.085541e+05	1.081651e+05	5.752531e+04	5.659740e+04	3.022280e+02	2.030521e+01	2021	9	9	6
	2216	860	155.327103	29.490333	9.892495e+04	1.764611e+01	1.085901e+05	1.081095e+05	5.755017e+04	5.670582e+04	3.022044e+02	2.430127e+01	2021	9	9	12
	2219	856	155.537383	29.771528	9.857081e+04	2.141528e+01	1.084549e+05	1.078520e+05	5.742880e+04	5.645861e+04	3.020361e+02	2.141759e+01	2021	9	9	18
	2225	833	155.957944	31.388400	9.872242e+04	2.512210e+01	1.085456e+05	1.076266e+05	5.766101e+04	5.644847e+04	3.019241e+02	2.240651e+01	2021	9	10	0
	2202	818	154.345794	32.442882	9.843007e+04	2.402213e+01	1.084354e+05	1.068977e+05	5.736875e+04	5.638366e+04	3.017431e+02	2.537824e+01	2021	9	10	6
	2209	805	154.836449	33.356766	9.860264e+04	2.380486e+01	1.084964e+05	1.067022e+05	5.752860e+04	5.649077e+04	3.011392e+02	2.470290e+01	2021	9	10	12
	2215	766	155.257009	36.098417	9.855975e+04	2.319954e+01	1.084016e+05	1.059187e+05	5.749015e+04	5.590214e+04	3.006588e+02	2.694046e+01	2021	9	10	18
	2213	726	155.116822	38.910368	9.843971e+04	2.077728e+01	1.084708e+05	1.052643e+05	5.752583e+04	5.567811e+04	2.988524e+02	2.073243e+01	2021	9	11	0
	2227	691	156.098131	41.370825	9.836572e+04	2.188204e+01	1.084500e+05	1.049978e+05	5.760424e+04	5.544576e+04	2.977996e+02	1.594350e+01	2021	9	11	6
start	27	2021	9	7	18
	1249	960	87.546729	22.460456	1.000365e+05	1.095237e+01	1.087512e+05	1.085248e+05	5.776576e+04	5.735195e+04	3.048442e+02	1.914122e+01	2021	9	7	18
	1236	972	86.635514	21.616871	9.990762e+04	1.019905e+01	1.086235e+05	1.084304e+05	5.764949e+04	5.721561e+04	3.047349e+02	1.697936e+01	2021	9	8	0
	1250	964	87.616822	22.179261	9.997093e+04	9.055153e+00	1.088399e+05	1.085064e+05	5.775916e+04	5.735264e+04	3.047117e+02	1.819687e+01	2021	9	8	6
	1251	973	87.686916	21.546573	9.967430e+04	1.160217e+01	1.087175e+05	1.085169e+05	5.763068e+04	5.718857e+04	3.046873e+02	1.428540e+01	2021	9	8	12
	1259	974	88.247664	21.476274	9.980377e+04	1.207917e+01	1.087015e+05	1.084980e+05	5.767321e+04	5.725647e+04	3.045742e+02	2.318575e+01	2021	9	8	18
	1262	976	88.457944	21.335676	9.957545e+04	1.411601e+01	1.085342e+05	1.082922e+05	5.752701e+04	5.696954e+04	3.044753e+02	2.053967e+01	2021	9	9	0
	1265	974	88.668224	21.476274	9.962232e+04	1.357374e+01	1.087521e+05	1.084830e+05	5.765088e+04	5.713348e+04	3.043664e+02	1.887647e+01	2021	9	9	6
	1260	968	88.317757	21.898066	9.933097e+04	1.249940e+01	1.086347e+05	1.083441e+05	5.750427e+04	5.693025e+04	3.043326e+02	1.605741e+01	2021	9	9	12
	1250	976	87.616822	21.335676	9.942838e+04	1.484678e+01	1.086609e+05	1.084127e+05	5.763407e+04	5.698958e+04	3.042672e+02	2.078876e+01	2021	9	9	18
	1254	973	87.897196	21.546573	9.915367e+04	1.603545e+01	1.085892e+05	1.082615e+05	5.756105e+04	5.682932e+04	3.041838e+02	1.656208e+01	2021	9	10	0
	1249	964	87.546729	22.179261	9.941792e+04	1.382148e+01	1.088758e+05	1.084697e+05	5.776857e+04	5.705496e+04	3.042302e+02	1.810794e+01	2021	9	10	6
	1238	963	86.775701	22.249560	9.929763e+04	1.447543e+01	1.088346e+05	1.084273e+05	5.763045e+04	5.696344e+04	3.042079e+02	1.539469e+01	2021	9	10	12
	1235	965	86.565421	22.108963	9.967410e+04	1.408681e+01	1.088469e+05	1.084408e+05	5.785381e+04	5.709643e+04	3.041021e+02	1.646887e+01	2021	9	10	18
	1212	960	84.953271	22.460456	9.957491e+04	8.979997e+00	1.087835e+05	1.082450e+05	5.772214e+04	5.696281e+04	-9.000000e+33	1.395810e+01	2021	9	11	0
	1200	942	84.112150	23.725834	9.986681e+04	1.033571e+01	1.090713e+05	1.087005e+05	5.801313e+04	5.723135e+04	-9.000000e+33	1.716665e+01	2021	9	11	6
	1196	936	83.831776	24.147627	9.968918e+04	8.060198e+00	1.090442e+05	1.086387e+05	5.788371e+04	5.720452e+04	-9.000000e+33	1.619569e+01	2021	9	11	12
	1173	932	82.219626	24.428822	9.973612e+04	1.101089e+01	1.090418e+05	1.087439e+05	5.800953e+04	5.726610e+04	-9.000000e+33	1.755263e+01	2021	9	11	18
	1163	929	81.518692	24.639718	9.962305e+04	1.004254e+01	1.088869e+05	1.084832e+05	5.792781e+04	5.710343e+04	-9.000000e+33	1.386826e+01	2021	9	12	0
	1158	921	81.168224	25.202108	9.988864e+04	1.030768e+01	1.091519e+05	1.088224e+05	5.811217e+04	5.745120e+04	-9.000000e+33	1.756683e+01	2021	9	12	6
	1146	911	80.327103	25.905096	9.926451e+04	1.595535e+01	1.091480e+05	1.086374e+05	5.796132e+04	5.706687e+04	-9.000000e+33	1.549874e+01	2021	9	12	12
	1147	916	80.397196	25.553602	9.971159e+04	1.066232e+01	1.091003e+05	1.086076e+05	5.805017e+04	5.742015e+04	-9.000000e+33	1.338064e+01	2021	9	12	18
	1150	910	80.607477	25.975395	9.974666e+04	9.627859e+00	1.089406e+05	1.083698e+05	5.789769e+04	5.729249e+04	-9.000000e+33	9.354073e+00	2021	9	13	0
	1137	905	79.696262	26.326889	1.000535e+05	9.411738e+00	1.091175e+05	1.084885e+05	5.804759e+04	5.753639e+04	-9.000000e+33	1.066639e+01	2021	9	13	6
	1133	905	79.415888	26.326889	9.980591e+04	9.981414e+00	1.089951e+05	1.083633e+05	5.784476e+04	5.739845e+04	-9.000000e+33	8.827699e+00	2021	9	13	12
	1140	910	79.906542	25.975395	1.001537e+05	8.189072e+00	1.090394e+05	1.084335e+05	5.797228e+04	5.757466e+04	-9.000000e+33	1.073406e+01	2021	9	13	18
	1140	903	79.906542	26.467486	9.999921e+04	7.699238e+00	1.087722e+05	1.080725e+05	5.780297e+04	5.734756e+04	-9.000000e+33	8.921262e+00	2021	9	14	0
	1135	901	79.556075	26.608084	1.001839e+05	9.422926e+00	1.089719e+05	1.081441e+05	5.791564e+04	5.741742e+04	-9.000000e+33	6.076659e+00	2021	9	14	6
start	49	2021	9	15	0
	2331	1040	163.387850	16.836555	1.003141e+05	1.155261e+01	1.087149e+05	1.084922e+05	5.791904e+04	5.747935e+04	3.044973e+02	1.254382e+01	2021	9	15	0
	2311	1044	161.985981	16.555360	1.001231e+05	1.003622e+01	1.085392e+05	1.083994e+05	5.776777e+04	5.730608e+04	3.047454e+02	1.561502e+01	2021	9	15	6
	2311	1048	161.985981	16.274165	1.002302e+05	9.770799e+00	1.086608e+05	1.085026e+05	5.784376e+04	5.741065e+04	3.041479e+02	1.913590e+01	2021	9	15	12
	2299	1039	161.144860	16.906854	1.000007e+05	1.066928e+01	1.085227e+05	1.083208e+05	5.767475e+04	5.723785e+04	3.040830e+02	1.924999e+01	2021	9	15	18
	2290	1038	160.514019	16.977153	1.000899e+05	1.094408e+01	1.086910e+05	1.084989e+05	5.782467e+04	5.732223e+04	3.043913e+02	1.315862e+01	2021	9	16	0
	2282	1030	159.953271	17.539543	9.988562e+04	1.227318e+01	1.085870e+05	1.084147e+05	5.773179e+04	5.718429e+04	3.048344e+02	1.734535e+01	2021	9	16	6
	2270	1019	159.112150	18.312829	1.001114e+05	1.287103e+01	1.087758e+05	1.085481e+05	5.793177e+04	5.737450e+04	3.040577e+02	2.370276e+01	2021	9	16	12
	2258	1005	158.271028	19.297012	9.989623e+04	1.277284e+01	1.086815e+05	1.084341e+05	5.777470e+04	5.715029e+04	3.034016e+02	1.767286e+01	2021	9	16	18
	2258	994	158.271028	20.070298	1.000729e+05	1.315973e+01	1.089294e+05	1.087199e+05	5.795460e+04	5.736884e+04	3.033701e+02	1.802237e+01	2021	9	17	0
	2253	991	157.920561	20.281195	9.992510e+04	1.344535e+01	1.088285e+05	1.086125e+05	5.785199e+04	5.723545e+04	3.035496e+02	1.811135e+01	2021	9	17	6
	2241	984	157.079439	20.773286	1.001161e+05	1.454251e+01	1.090895e+05	1.088174e+05	5.805977e+04	5.743097e+04	3.032412e+02	1.737211e+01	2021	9	17	12
	2233	980	156.518692	21.054481	9.999319e+04	1.425641e+01	1.089521e+05	1.086496e+05	5.799126e+04	5.729906e+04	3.030907e+02	1.385118e+01	2021	9	17	18
	2223	978	155.817757	21.195079	1.001614e+05	1.499947e+01	1.091216e+05	1.088511e+05	5.818229e+04	5.751062e+04	3.032567e+02	1.547189e+01	2021	9	18	0
	2208	977	154.766355	21.265377	9.992720e+04	1.532934e+01	1.089596e+05	1.086694e+05	5.807346e+04	5.732621e+04	3.035577e+02	1.603784e+01	2021	9	18	6
	2197	978	153.995327	21.195079	1.000394e+05	1.639414e+01	1.091262e+05	1.087749e+05	5.824539e+04	5.739630e+04	3.032662e+02	1.984864e+01	2021	9	18	12
	2179	981	152.733645	20.984182	9.970829e+04	1.716962e+01	1.089428e+05	1.085875e+05	5.804784e+04	5.715743e+04	3.034301e+02	1.600532e+01	2021	9	18	18
	2170	971	152.102804	21.687170	9.979059e+04	1.767118e+01	1.090683e+05	1.086399e+05	5.817068e+04	5.719722e+04	3.034331e+02	1.851584e+01	2021	9	19	0
	2150	978	150.700935	21.195079	9.938197e+04	1.720829e+01	1.089032e+05	1.084599e+05	5.798268e+04	5.682873e+04	3.036156e+02	1.916868e+01	2021	9	19	6
	2138	978	149.859813	21.195079	9.932942e+04	1.712922e+01	1.090131e+05	1.085249e+05	5.805602e+04	5.688862e+04	3.035547e+02	2.128108e+01	2021	9	19	12
	2126	976	149.018692	21.335676	9.897766e+04	1.806589e+01	1.088177e+05	1.083620e+05	5.783962e+04	5.668611e+04	3.034834e+02	2.113694e+01	2021	9	19	18
	2112	968	148.037383	21.898066	9.900939e+04	2.085004e+01	1.089425e+05	1.084555e+05	5.797721e+04	5.673812e+04	3.034455e+02	1.867378e+01	2021	9	20	0
	2097	960	146.985981	22.460456	9.865489e+04	2.101525e+01	1.088422e+05	1.081647e+05	5.783933e+04	5.642340e+04	3.035153e+02	2.150723e+01	2021	9	20	6
	2084	954	146.074766	22.882249	9.861641e+04	2.344345e+01	1.090120e+05	1.082771e+05	5.802977e+04	5.638023e+04	3.034492e+02	2.529532e+01	2021	9	20	12
	2074	946	145.373832	23.444639	9.823862e+04	2.246034e+01	1.088792e+05	1.080296e+05	5.793891e+04	5.608296e+04	3.033761e+02	2.178827e+01	2021	9	20	18
	2064	940	144.672897	23.866432	9.822162e+04	2.309422e+01	1.089270e+05	1.081029e+05	5.806388e+04	5.619030e+04	3.032719e+02	2.127370e+01	2021	9	21	0
	2056	932	144.112150	24.428822	9.788699e+04	2.401283e+01	1.088414e+05	1.079692e+05	5.796593e+04	5.594232e+04	3.031461e+02	1.936362e+01	2021	9	21	6
	2048	925	143.551402	24.920913	9.785975e+04	2.729190e+01	1.089802e+05	1.081004e+05	5.804735e+04	5.596177e+04	3.029988e+02	2.090433e+01	2021	9	21	12
	2045	919	143.341121	25.342706	9.778405e+04	2.625585e+01	1.088295e+05	1.079468e+05	5.783498e+04	5.590266e+04	3.027882e+02	2.069951e+01	2021	9	21	18
	2045	904	143.341121	26.397188	9.777413e+04	2.973727e+01	1.089758e+05	1.080794e+05	5.798478e+04	5.595645e+04	3.020880e+02	2.027674e+01	2021	9	22	0
	2054	899	143.971963	26.748681	9.725258e+04	3.187541e+01	1.088007e+05	1.077892e+05	5.780854e+04	5.565222e+04	3.015956e+02	2.289371e+01	2021	9	22	6
	2065	888	144.742991	27.521968	9.715259e+04	3.173186e+01	1.088723e+05	1.077622e+05	5.791073e+04	5.563885e+04	3.017362e+02	2.444812e+01	2021	9	22	12
	2080	879	145.794393	28.154657	9.696123e+04	3.398233e+01	1.086045e+05	1.072467e+05	5.764725e+04	5.561834e+04	3.017598e+02	2.847961e+01	2021	9	22	18
	2100	868	147.196262	28.927943	9.721830e+04	3.088779e+01	1.086354e+05	1.068656e+05	5.769516e+04	5.581300e+04	3.016549e+02	3.681569e+01	2021	9	23	0
	2122	841	148.738318	30.826010	9.691198e+04	2.865947e+01	1.082308e+05	1.059359e+05	5.730938e+04	5.538671e+04	3.013701e+02	4.406840e+01	2021	9	23	6
	2142	818	150.140187	32.442882	9.640870e+04	4.197480e+01	1.079883e+05	1.053398e+05	5.714894e+04	5.492379e+04	3.005794e+02	4.367130e+01	2021	9	23	12
	2170	785	152.102804	34.762741	9.567080e+04	5.386648e+01	1.073989e+05	1.041414e+05	5.666220e+04	5.402464e+04	2.995782e+02	3.363759e+01	2021	9	23	18
	2192	753	153.644860	37.012301	9.544548e+04	4.223456e+01	1.070655e+05	1.029041e+05	5.640386e+04	5.362969e+04	2.985735e+02	2.446091e+01	2021	9	24	0
	2202	709	154.345794	40.105447	9.481984e+04	3.245229e+01	1.062826e+05	1.016902e+05	5.574125e+04	5.269135e+04	2.973784e+02	2.758431e+01	2021	9	24	6
	2198	668	154.065421	42.987697	9.393209e+04	2.955408e+01	1.054814e+05	1.010372e+05	5.507543e+04	5.166115e+04	2.950528e+02	3.317894e+01	2021	9	24	12
	2178	647	152.663551	44.463971	9.308168e+04	2.978644e+01	1.042559e+05	1.005734e+05	5.396032e+04	5.052393e+04	2.936041e+02	2.636375e+01	2021	9	24	18
	2177	642	152.593458	44.815465	9.308180e+04	2.725825e+01	1.032361e+05	1.006066e+05	5.396389e+04	5.016068e+04	2.923484e+02	1.576999e+01	2021	9	25	0
	2177	623	152.593458	46.151141	9.350652e+04	2.481503e+01	1.023225e+05	1.002940e+05	5.381637e+04	5.014927e+04	2.863909e+02	1.393571e+01	2021	9	25	6
	2162	615	151.542056	46.713531	9.422120e+04	2.087762e+01	1.014542e+05	1.002182e+05	5.353643e+04	5.032179e+04	2.856115e+02	1.198645e+01	2021	9	25	12
	2166	617	151.822430	46.572934	9.485526e+04	2.070949e+01	1.014238e+05	1.000989e+05	5.339533e+04	5.050267e+04	2.852579e+02	8.635511e+00	2021	9	25	18
	2183	615	153.014019	46.713531	9.558127e+04	1.976263e+01	1.016772e+05	1.002591e+05	5.369339e+04	5.089494e+04	2.849854e+02	6.554515e+00	2021	9	26	0
	2199	611	154.135514	46.994726	9.607038e+04	1.839797e+01	1.018042e+05	1.003679e+05	5.385878e+04	5.115920e+04	2.849418e+02	5.468733e+00	2021	9	26	6
	2217	613	155.397196	46.854129	9.665656e+04	1.904756e+01	1.019137e+05	1.004402e+05	5.419584e+04	5.151673e+04	2.854100e+02	6.175571e+00	2021	9	26	12
	2246	620	157.429907	46.362038	9.715335e+04	2.227967e+01	1.023557e+05	1.003771e+05	5.454623e+04	5.182795e+04	2.885517e+02	4.867924e+00	2021	9	26	18
	2290	628	160.514019	45.799647	9.770394e+04	2.159017e+01	1.033894e+05	1.004554e+05	5.482797e+04	5.223520e+04	2.904980e+02	3.152053e+00	2021	9	27	0
start	40	2021	9	19	18
	3610	1104	253.037383	12.337434	1.008834e+05	1.062284e+01	1.088636e+05	1.086974e+05	5.820296e+04	5.784127e+04	3.039436e+02	2.357925e+01	2021	9	19	18
	3612	1100	253.177570	12.618629	1.005648e+05	9.739413e+00	1.086906e+05	1.085152e+05	5.799585e+04	5.755995e+04	3.038907e+02	2.196755e+01	2021	9	20	0
	3603	1099	252.546729	12.688928	1.007486e+05	1.024891e+01	1.088598e+05	1.087055e+05	5.817447e+04	5.777959e+04	3.039533e+02	2.812112e+01	2021	9	20	6
	3602	1090	252.476636	13.321617	1.004657e+05	1.162988e+01	1.086664e+05	1.084765e+05	5.796216e+04	5.749244e+04	3.039240e+02	3.155028e+01	2021	9	20	12
	3587	1091	251.425234	13.251318	1.005960e+05	1.457562e+01	1.088457e+05	1.086899e+05	5.808734e+04	5.764049e+04	3.042368e+02	2.784974e+01	2021	9	20	18
	3581	1085	251.004673	13.673110	1.002055e+05	1.439960e+01	1.086497e+05	1.084550e+05	5.791070e+04	5.730877e+04	3.042111e+02	2.507978e+01	2021	9	21	0
	3571	1071	250.303738	14.657293	1.002936e+05	1.594761e+01	1.088524e+05	1.085631e+05	5.806622e+04	5.743321e+04	3.041379e+02	2.794718e+01	2021	9	21	6
	3564	1074	249.813084	14.446397	9.993555e+04	1.732446e+01	1.085875e+05	1.082636e+05	5.783755e+04	5.717442e+04	3.040651e+02	3.456226e+01	2021	9	21	12
	3559	1064	249.462617	15.149385	1.001125e+05	1.697223e+01	1.087847e+05	1.085119e+05	5.804238e+04	5.739045e+04	3.042237e+02	3.684692e+01	2021	9	21	18
	3551	1066	248.901869	15.008787	9.977127e+04	1.681499e+01	1.086537e+05	1.083425e+05	5.780938e+04	5.717698e+04	3.041813e+02	3.591129e+01	2021	9	22	0
	3545	1062	248.481308	15.289982	9.997854e+04	1.771099e+01	1.088327e+05	1.085042e+05	5.797910e+04	5.740530e+04	3.039995e+02	3.845103e+01	2021	9	22	6
	3542	1062	248.271028	15.289982	9.966351e+04	1.936961e+01	1.086104e+05	1.082630e+05	5.779068e+04	5.706837e+04	3.038894e+02	4.223973e+01	2021	9	22	12
	3528	1058	247.289720	15.571177	9.969234e+04	2.077873e+01	1.087619e+05	1.083106e+05	5.797733e+04	5.713689e+04	3.038033e+02	4.131088e+01	2021	9	22	18
	3527	1042	247.219626	16.695957	9.931638e+04	2.105723e+01	1.086144e+05	1.080683e+05	5.781102e+04	5.676273e+04	3.034940e+02	3.774419e+01	2021	9	23	0
	3519	1048	246.658879	16.274165	9.933959e+04	2.155087e+01	1.088296e+05	1.082377e+05	5.792568e+04	5.684968e+04	3.035354e+02	3.901102e+01	2021	9	23	6
	3514	1043	246.308411	16.625659	9.882777e+04	2.256544e+01	1.085707e+05	1.079118e+05	5.770718e+04	5.637718e+04	3.035051e+02	3.783208e+01	2021	9	23	12
	3514	1035	246.308411	17.188049	9.878807e+04	2.312880e+01	1.087636e+05	1.079480e+05	5.788981e+04	5.631007e+04	3.033796e+02	4.114403e+01	2021	9	23	18
	3517	1027	246.518692	17.750439	9.828375e+04	2.397585e+01	1.085893e+05	1.076499e+05	5.763266e+04	5.591776e+04	3.029988e+02	3.880732e+01	2021	9	24	0
	3518	1020	246.588785	18.242530	9.832680e+04	2.436174e+01	1.087365e+05	1.078115e+05	5.785976e+04	5.591076e+04	3.027613e+02	4.052125e+01	2021	9	24	6
	3521	1011	246.799065	18.875219	9.778773e+04	2.697561e+01	1.084902e+05	1.074922e+05	5.759271e+04	5.557274e+04	3.027233e+02	3.814258e+01	2021	9	24	12
	3525	1003	247.079439	19.437609	9.791603e+04	2.704197e+01	1.086714e+05	1.075644e+05	5.782593e+04	5.572209e+04	3.027481e+02	3.738460e+01	2021	9	24	18
	3530	997	247.429907	19.859402	9.748091e+04	3.044294e+01	1.085006e+05	1.073524e+05	5.760556e+04	5.535827e+04	3.026979e+02	3.538893e+01	2021	9	25	0
	3535	989	247.780374	20.421792	9.749596e+04	2.898394e+01	1.086806e+05	1.074242e+05	5.777749e+04	5.546793e+04	3.028865e+02	3.546387e+01	2021	9	25	6
	3537	987	247.920561	20.562390	9.705105e+04	3.536531e+01	1.084581e+05	1.072020e+05	5.760331e+04	5.517882e+04	3.028963e+02	3.490193e+01	2021	9	25	12
	3538	980	247.990654	21.054481	9.701807e+04	3.258254e+01	1.086589e+05	1.074441e+05	5.777957e+04	5.536753e+04	3.029167e+02	3.640715e+01	2021	9	25	18
	3542	972	248.271028	21.616871	9.668061e+04	3.365512e+01	1.084689e+05	1.072802e+05	5.754971e+04	5.511905e+04	3.033592e+02	3.642418e+01	2021	9	26	0
	3545	967	248.481308	21.968365	9.673072e+04	3.567197e+01	1.086549e+05	1.073617e+05	5.776872e+04	5.519239e+04	3.033755e+02	3.595199e+01	2021	9	26	6
	3551	961	248.901869	22.390158	9.673547e+04	3.803760e+01	1.084310e+05	1.072458e+05	5.757274e+04	5.520089e+04	3.032729e+02	3.599359e+01	2021	9	26	12
	3553	950	249.042056	23.163444	9.691626e+04	3.783054e+01	1.085660e+05	1.074436e+05	5.777465e+04	5.544062e+04	3.033447e+02	3.680318e+01	2021	9	26	18
	3554	943	249.112150	23.655536	9.674965e+04	3.337822e+01	1.083678e+05	1.072744e+05	5.754976e+04	5.528028e+04	3.038734e+02	3.822952e+01	2021	9	27	0
	3558	935	249.392523	24.217926	9.718809e+04	2.768310e+01	1.084555e+05	1.073526e+05	5.767230e+04	5.554709e+04	3.049354e+02	3.986607e+01	2021	9	27	6
	3564	922	249.813084	25.131810	9.740744e+04	3.018638e+01	1.081062e+05	1.070312e+05	5.749428e+04	5.547973e+04	3.053845e+02	3.977414e+01	2021	9	27	12
	3561	901	249.602804	26.608084	9.714946e+04	3.562771e+01	1.081990e+05	1.071305e+05	5.766490e+04	5.569431e+04	3.052856e+02	3.348119e+01	2021	9	27	18
	3555	883	249.182243	27.873462	9.757070e+04	2.846155e+01	1.078596e+05	1.069423e+05	5.752241e+04	5.547891e+04	3.059839e+02	2.034541e+01	2021	9	28	0
	3540	867	248.130841	28.998242	9.882442e+04	2.156976e+01	1.076846e+05	1.069783e+05	5.775814e+04	5.581830e+04	3.055999e+02	1.363282e+01	2021	9	28	6
	3516	859	246.448598	29.560632	9.900374e+04	2.167506e+01	1.073263e+05	1.068510e+05	5.766098e+04	5.603086e+04	3.053550e+02	9.370051e+00	2021	9	28	12
	3500	874	245.327103	28.506151	9.955432e+04	1.782105e+01	1.077377e+05	1.070464e+05	5.773920e+04	5.649210e+04	3.048645e+02	7.668279e+00	2021	9	28	18
	3507	878	245.817757	28.224955	9.954112e+04	1.801438e+01	1.076733e+05	1.070232e+05	5.754498e+04	5.656779e+04	3.048267e+02	6.327091e+00	2021	9	29	0
	3505	870	245.677570	28.787346	1.001249e+05	1.623460e+01	1.078055e+05	1.071443e+05	5.763821e+04	5.694272e+04	3.047124e+02	5.313365e+00	2021	9	29	6
	3490	864	244.626168	29.209138	1.002858e+05	1.434021e+01	1.077050e+05	1.070839e+05	5.754770e+04	5.697144e+04	3.051995e+02	4.696611e+00	2021	9	29	12
start	36	2021	9	27	12
	2192	1093	153.644860	13.110720	1.004072e+05	1.360285e+01	1.088553e+05	1.085403e+05	5.807957e+04	5.753261e+04	3.035607e+02	2.538436e+01	2021	9	27	12
	2124	1089	148.878505	13.391915	1.001673e+05	1.411437e+01	1.086499e+05	1.083192e+05	5.791893e+04	5.724638e+04	3.038419e+02	2.209879e+01	2021	9	27	18
	2109	1083	147.827103	13.813708	1.002665e+05	1.526634e+01	1.088898e+05	1.085083e+05	5.814700e+04	5.745240e+04	3.038786e+02	1.859435e+01	2021	9	28	0
	2085	1077	146.144860	14.235501	9.993504e+04	1.610812e+01	1.087548e+05	1.083940e+05	5.799129e+04	5.714201e+04	3.037879e+02	2.522772e+01	2021	9	28	6
	2050	1090	143.691589	13.321617	1.000414e+05	1.755092e+01	1.089383e+05	1.086223e+05	5.807917e+04	5.726677e+04	3.036701e+02	3.165363e+01	2021	9	28	12
	2030	1076	142.289720	14.305799	9.968852e+04	1.912035e+01	1.087908e+05	1.083408e+05	5.797925e+04	5.702007e+04	3.036412e+02	3.153369e+01	2021	9	28	18
	2002	1075	140.327103	14.376098	9.978603e+04	1.973711e+01	1.090176e+05	1.083782e+05	5.813991e+04	5.708459e+04	3.036487e+02	2.843091e+01	2021	9	29	0
	1984	1070	139.065421	14.727592	9.937368e+04	1.961017e+01	1.088055e+05	1.081482e+05	5.792588e+04	5.675868e+04	3.035850e+02	3.290891e+01	2021	9	29	6
	1965	1062	137.733645	15.289982	9.938125e+04	1.955984e+01	1.090326e+05	1.084254e+05	5.811095e+04	5.687720e+04	3.034977e+02	3.529020e+01	2021	9	29	12
	1943	1061	136.191589	15.360281	9.892293e+04	2.015451e+01	1.088015e+05	1.081511e+05	5.790843e+04	5.653458e+04	3.037674e+02	3.326371e+01	2021	9	29	18
	1926	1061	135.000000	15.360281	9.895194e+04	2.023603e+01	1.089162e+05	1.082859e+05	5.805968e+04	5.660318e+04	3.038534e+02	3.999966e+01	2021	9	30	0
	1917	1060	134.369159	15.430580	9.841324e+04	2.064421e+01	1.087687e+05	1.079613e+05	5.779111e+04	5.617536e+04	3.037726e+02	3.770099e+01	2021	9	30	6
	1911	1059	133.948598	15.500878	9.839575e+04	2.175117e+01	1.088828e+05	1.080684e+05	5.795237e+04	5.623590e+04	3.037236e+02	4.098809e+01	2021	9	30	12
	1906	1058	133.598131	15.571177	9.784841e+04	2.159094e+01	1.086543e+05	1.076835e+05	5.773139e+04	5.582636e+04	3.036581e+02	4.941545e+01	2021	9	30	18
	1906	1057	133.598131	15.641476	9.769447e+04	2.364121e+01	1.087893e+05	1.076733e+05	5.792101e+04	5.569713e+04	3.035093e+02	4.881754e+01	2021	10	1	0
	1906	1052	133.598131	15.992970	9.710110e+04	2.465072e+01	1.085587e+05	1.073025e+05	5.767688e+04	5.520273e+04	3.033495e+02	4.624249e+01	2021	10	1	6
	1907	1048	133.668224	16.274165	9.695123e+04	2.634723e+01	1.087328e+05	1.073815e+05	5.788820e+04	5.519990e+04	3.031409e+02	4.883731e+01	2021	10	1	12
	1909	1041	133.808411	16.766256	9.680189e+04	2.610267e+01	1.085656e+05	1.072585e+05	5.768719e+04	5.511443e+04	3.028616e+02	4.698534e+01	2021	10	1	18
	1914	1033	134.158879	17.328646	9.696998e+04	2.729979e+01	1.088194e+05	1.075141e+05	5.788812e+04	5.530728e+04	3.028618e+02	4.766688e+01	2021	10	2	0
	1923	1022	134.789720	18.101933	9.672983e+04	2.909916e+01	1.086800e+05	1.073877e+05	5.770538e+04	5.512443e+04	3.031935e+02	4.415487e+01	2021	10	2	6
	1936	1005	135.700935	19.297012	9.684541e+04	2.961905e+01	1.088835e+05	1.076394e+05	5.797843e+04	5.531389e+04	3.031228e+02	4.657214e+01	2021	10	2	12
	1950	983	136.682243	20.843585	9.652979e+04	3.174834e+01	1.086577e+05	1.073416e+05	5.780063e+04	5.504292e+04	3.029701e+02	4.777151e+01	2021	10	2	18
	1964	958	137.663551	22.601054	9.642900e+04	3.278581e+01	1.088267e+05	1.072117e+05	5.791130e+04	5.497505e+04	3.026802e+02	4.528772e+01	2021	10	3	0
	1977	923	138.574766	25.061511	9.578434e+04	4.595792e+01	1.085761e+05	1.067757e+05	5.759808e+04	5.442390e+04	3.022710e+02	4.988795e+01	2021	10	3	6
	1980	892	138.785047	27.240773	9.536499e+04	4.333326e+01	1.085069e+05	1.066471e+05	5.757108e+04	5.420529e+04	3.016469e+02	4.704833e+01	2021	10	3	12
	1987	859	139.275701	29.560632	9.531112e+04	3.930673e+01	1.083221e+05	1.057669e+05	5.714601e+04	5.409701e+04	3.002659e+02	5.602467e+01	2021	10	3	18
	1994	828	139.766355	31.739894	9.544271e+04	4.976622e+01	1.083165e+05	1.054732e+05	5.712442e+04	5.414466e+04	2.993589e+02	4.263498e+01	2021	10	4	0
	2007	797	140.677570	33.919156	9.569810e+04	4.391395e+01	1.081249e+05	1.047012e+05	5.694761e+04	5.405858e+04	2.990686e+02	3.088195e+01	2021	10	4	6
	2011	763	140.957944	36.309314	9.613326e+04	3.692056e+01	1.078944e+05	1.042907e+05	5.679700e+04	5.404566e+04	2.987775e+02	2.692241e+01	2021	10	4	12
	2010	729	140.887850	38.699472	9.674697e+04	2.665971e+01	1.072125e+05	1.037676e+05	5.634279e+04	5.362809e+04	2.961653e+02	2.556021e+01	2021	10	4	18
	1982	712	138.925234	39.894551	9.708880e+04	2.405304e+01	1.060348e+05	1.036497e+05	5.535780e+04	5.320647e+04	2.962315e+02	2.151501e+01	2021	10	5	0
	1983	706	138.995327	40.316344	9.709536e+04	2.294197e+01	1.052058e+05	1.032667e+05	5.514281e+04	5.305105e+04	2.957933e+02	1.740715e+01	2021	10	5	6
	1998	699	140.046729	40.808435	9.755809e+04	1.897869e+01	1.046382e+05	1.030205e+05	5.522185e+04	5.340312e+04	2.952058e+02	1.126378e+01	2021	10	5	12
	2028	685	142.149533	41.792618	9.797168e+04	1.923753e+01	1.048937e+05	1.026646e+05	5.555958e+04	5.370469e+04	2.946011e+02	6.329962e+00	2021	10	5	18
	2058	670	144.252336	42.847099	9.847378e+04	1.764887e+01	1.050944e+05	1.025200e+05	5.574289e+04	5.395875e+04	2.922985e+02	4.776789e+00	2021	10	6	0
	2090	648	146.495327	44.393672	9.859916e+04	1.610775e+01	1.045178e+05	1.023866e+05	5.545733e+04	5.395348e+04	2.899568e+02	4.409214e+00	2021	10	6	6
start	11	2021	9	30	18
	2132	1013	149.439252	18.734622	1.004288e+05	1.361299e+01	1.088356e+05	1.086516e+05	5.811140e+04	5.772239e+04	3.035602e+02	1.791124e+01	2021	9	30	18
	2112	1009	148.037383	19.015817	1.006201e+05	1.357988e+01	1.090409e+05	1.088072e+05	5.823697e+04	5.781730e+04	3.036451e+02	1.517548e+01	2021	10	1	0
	2104	998	147.476636	19.789103	1.003481e+05	1.308410e+01	1.089336e+05	1.086838e+05	5.809829e+04	5.752207e+04	3.041646e+02	1.873487e+01	2021	10	1	6
	2110	983	147.897196	20.843585	1.005069e+05	1.361315e+01	1.091002e+05	1.088051e+05	5.826671e+04	5.762160e+04	3.035293e+02	2.575667e+01	2021	10	1	12
	2098	979	147.056075	21.124780	1.003035e+05	1.432202e+01	1.089786e+05	1.085848e+05	5.806332e+04	5.747236e+04	3.034900e+02	1.835315e+01	2021	10	1	18
	2095	959	146.845794	22.530755	1.004439e+05	1.658599e+01	1.091468e+05	1.086860e+05	5.827530e+04	5.768934e+04	3.032890e+02	1.999678e+01	2021	10	2	0
	2092	939	146.635514	23.936731	1.002114e+05	1.612489e+01	1.090794e+05	1.085198e+05	5.816604e+04	5.745943e+04	3.033078e+02	2.611506e+01	2021	10	2	6
	2084	912	146.074766	25.834797	1.002968e+05	1.806520e+01	1.092090e+05	1.083191e+05	5.825761e+04	5.757138e+04	3.021531e+02	3.346339e+01	2021	10	2	12
	2083	886	146.004673	27.662565	9.995569e+04	2.075289e+01	1.089930e+05	1.079075e+05	5.806742e+04	5.724700e+04	3.014364e+02	3.666790e+01	2021	10	2	18
	2083	858	146.004673	29.630931	9.981856e+04	2.221829e+01	1.091118e+05	1.076292e+05	5.816312e+04	5.717452e+04	3.004684e+02	4.118332e+01	2021	10	3	0
	2089	823	146.425234	32.091388	9.959270e+04	2.366397e+01	1.089605e+05	1.071656e+05	5.800242e+04	5.674242e+04	2.997824e+02	4.047140e+01	2021	10	3	6
start	29	2021	10	5	12
	2344	1142	164.299065	9.666081	1.005585e+05	1.296163e+01	1.090642e+05	1.087697e+05	5.813726e+04	5.759412e+04	3.042813e+02	4.347797e+01	2021	10	5	12
	2330	1123	163.317757	11.001757	1.003297e+05	1.332456e+01	1.089298e+05	1.086063e+05	5.815289e+04	5.743895e+04	3.041434e+02	3.680762e+01	2021	10	5	18
	2315	1112	162.266355	11.775044	1.004138e+05	1.509435e+01	1.091657e+05	1.087938e+05	5.827215e+04	5.757069e+04	3.039189e+02	3.402173e+01	2021	10	6	0
	2295	1103	160.864486	12.407733	1.002017e+05	1.559097e+01	1.091083e+05	1.086906e+05	5.821984e+04	5.744408e+04	3.037073e+02	3.645848e+01	2021	10	6	6
	2261	1091	158.481308	13.251318	1.002845e+05	1.684343e+01	1.092375e+05	1.088763e+05	5.830527e+04	5.761452e+04	3.034524e+02	4.401910e+01	2021	10	6	12
	2233	1082	156.518692	13.884007	9.997421e+04	1.724306e+01	1.090691e+05	1.086477e+05	5.806414e+04	5.735496e+04	3.033713e+02	4.096506e+01	2021	10	6	18
	2221	1069	155.677570	14.797891	1.000123e+05	1.777295e+01	1.092189e+05	1.088289e+05	5.818661e+04	5.743707e+04	3.034276e+02	3.920829e+01	2021	10	7	0
	2197	1062	153.995327	15.289982	9.964292e+04	1.783742e+01	1.090515e+05	1.085813e+05	5.798447e+04	5.722097e+04	3.033853e+02	3.564537e+01	2021	10	7	6
	2167	1057	151.892523	15.641476	9.975838e+04	1.948704e+01	1.091434e+05	1.086655e+05	5.804893e+04	5.732338e+04	3.033144e+02	3.887087e+01	2021	10	7	12
	2146	1045	150.420561	16.485061	9.935923e+04	1.878099e+01	1.088815e+05	1.083545e+05	5.779970e+04	5.698071e+04	3.033402e+02	3.885158e+01	2021	10	7	18
	2133	1043	149.509346	16.625659	9.933334e+04	2.020400e+01	1.089529e+05	1.084959e+05	5.782608e+04	5.700375e+04	3.033523e+02	3.822437e+01	2021	10	8	0
	2110	1030	147.897196	17.539543	9.895747e+04	2.113419e+01	1.087113e+05	1.081054e+05	5.758870e+04	5.666073e+04	3.033608e+02	3.836420e+01	2021	10	8	6
	2086	1026	146.214953	17.820738	9.891340e+04	2.229463e+01	1.087384e+05	1.081628e+05	5.764496e+04	5.662819e+04	3.033593e+02	3.554391e+01	2021	10	8	12
	2090	1014	146.495327	18.664323	9.812082e+04	2.443477e+01	1.084810e+05	1.076877e+05	5.743842e+04	5.609611e+04	3.032373e+02	3.187249e+01	2021	10	8	18
	2067	1009	144.883178	19.015817	9.802148e+04	2.651552e+01	1.086180e+05	1.076578e+05	5.753664e+04	5.595403e+04	3.033657e+02	2.864078e+01	2021	10	9	0
	2069	993	145.023364	20.140597	9.763644e+04	2.678041e+01	1.084441e+05	1.072652e+05	5.738298e+04	5.553423e+04	3.032802e+02	3.293928e+01	2021	10	9	6
	2061	993	144.462617	20.140597	9.759011e+04	2.944344e+01	1.085308e+05	1.073155e+05	5.756952e+04	5.549742e+04	3.032052e+02	3.274277e+01	2021	10	9	12
	2077	982	145.584112	20.913884	9.692131e+04	3.174803e+01	1.084549e+05	1.070063e+05	5.743398e+04	5.511877e+04	3.027560e+02	2.471535e+01	2021	10	9	18
	2074	966	145.373832	22.038664	9.720910e+04	3.160270e+01	1.086393e+05	1.072311e+05	5.771403e+04	5.537955e+04	3.023032e+02	2.396968e+01	2021	10	10	0
	2104	952	147.476636	23.022847	9.695062e+04	3.537250e+01	1.086581e+05	1.071823e+05	5.763594e+04	5.519039e+04	3.025659e+02	2.261398e+01	2021	10	10	6
	2112	930	148.037383	24.569420	9.703468e+04	3.500822e+01	1.087723e+05	1.073035e+05	5.775904e+04	5.532638e+04	3.022794e+02	2.117696e+01	2021	10	10	12
	2128	907	149.158879	26.186291	9.687189e+04	3.454502e+01	1.087426e+05	1.072716e+05	5.772052e+04	5.517587e+04	3.021383e+02	2.112468e+01	2021	10	10	18
	2142	889	150.140187	27.451669	9.709637e+04	3.592553e+01	1.090929e+05	1.074261e+05	5.794516e+04	5.536169e+04	3.018633e+02	1.999143e+01	2021	10	11	0
	2175	861	152.453271	29.420035	9.698541e+04	3.543248e+01	1.090896e+05	1.072132e+05	5.788738e+04	5.534521e+04	3.013643e+02	1.991991e+01	2021	10	11	6
	2198	849	154.065421	30.263620	9.725370e+04	3.217271e+01	1.091883e+05	1.074137e+05	5.803823e+04	5.590684e+04	3.011099e+02	2.217690e+01	2021	10	11	12
	2236	840	156.728972	30.896309	9.741755e+04	3.059055e+01	1.091148e+05	1.074705e+05	5.799442e+04	5.611790e+04	3.006798e+02	1.805119e+01	2021	10	11	18
	2262	827	158.551402	31.810193	9.834448e+04	2.762350e+01	1.092358e+05	1.076082e+05	5.811746e+04	5.698578e+04	3.007798e+02	1.523815e+01	2021	10	12	0
	2288	817	160.373832	32.513180	9.892908e+04	2.320150e+01	1.091201e+05	1.076364e+05	5.811380e+04	5.709998e+04	3.002553e+02	1.587748e+01	2021	10	12	6
	2311	808	161.985981	33.145869	9.942523e+04	2.352494e+01	1.091590e+05	1.075356e+05	5.819476e+04	5.713495e+04	2.999873e+02	1.385819e+01	2021	10	12	12
start	21	2021	10	11	18
	1615	1103	113.200935	12.407733	1.008741e+05	9.035817e+00	1.087661e+05	1.085377e+05	5.807992e+04	5.775947e+04	3.035970e+02	2.975662e+01	2021	10	11	18
	1613	1097	113.060748	12.829525	1.010474e+05	1.008748e+01	1.088761e+05	1.086805e+05	5.822673e+04	5.786036e+04	3.035961e+02	2.918946e+01	2021	10	12	0
	1608	1092	112.710280	13.181019	1.008855e+05	1.120702e+01	1.087821e+05	1.085880e+05	5.808658e+04	5.771093e+04	3.039676e+02	2.268359e+01	2021	10	12	6
	1601	1110	112.219626	11.915641	1.009729e+05	1.252335e+01	1.089434e+05	1.087799e+05	5.822360e+04	5.781496e+04	3.036495e+02	1.990361e+01	2021	10	12	12
	1612	1092	112.990654	13.181019	1.007940e+05	1.173088e+01	1.087537e+05	1.086151e+05	5.809600e+04	5.766170e+04	3.036372e+02	3.719169e+01	2021	10	12	18
	1591	1107	111.518692	12.126538	1.007929e+05	1.561551e+01	1.088315e+05	1.085995e+05	5.812981e+04	5.766063e+04	3.036255e+02	2.999404e+01	2021	10	13	0
	1612	1107	112.990654	12.126538	1.005488e+05	1.455008e+01	1.086705e+05	1.084755e+05	5.795384e+04	5.746311e+04	3.036093e+02	2.777459e+01	2021	10	13	6
	1598	1097	112.009346	12.829525	1.006092e+05	1.352722e+01	1.088296e+05	1.086292e+05	5.810672e+04	5.760134e+04	3.035461e+02	2.863549e+01	2021	10	13	12
	1597	1099	111.939252	12.688928	1.004833e+05	1.608292e+01	1.087431e+05	1.085046e+05	5.801033e+04	5.749232e+04	3.035548e+02	3.814648e+01	2021	10	13	18
	1595	1082	111.799065	13.884007	1.005435e+05	1.816626e+01	1.087968e+05	1.085268e+05	5.810227e+04	5.753777e+04	3.035208e+02	4.005555e+01	2021	10	14	0
	1582	1093	110.887850	13.110720	1.003110e+05	1.707296e+01	1.087271e+05	1.083942e+05	5.800056e+04	5.732158e+04	3.035798e+02	4.324595e+01	2021	10	14	6
	1589	1080	111.378505	14.024604	1.004212e+05	1.809101e+01	1.089144e+05	1.084933e+05	5.811832e+04	5.741050e+04	3.032809e+02	5.026602e+01	2021	10	14	12
	1575	1080	110.397196	14.024604	1.001104e+05	2.033618e+01	1.088121e+05	1.084313e+05	5.808184e+04	5.734652e+04	3.033394e+02	4.996775e+01	2021	10	14	18
	1568	1086	109.906542	13.602812	1.001943e+05	1.899289e+01	1.088604e+05	1.084618e+05	5.812685e+04	5.733599e+04	3.032839e+02	4.587770e+01	2021	10	15	0
	1560	1077	109.345794	14.235501	1.000249e+05	1.976144e+01	1.088597e+05	1.084377e+05	5.806416e+04	5.727916e+04	3.032139e+02	4.347756e+01	2021	10	15	6
	1556	1072	109.065421	14.586994	1.003612e+05	1.790911e+01	1.089833e+05	1.085879e+05	5.818223e+04	5.742523e+04	3.031804e+02	4.249034e+01	2021	10	15	12
	1525	1069	106.892523	14.797891	1.003369e+05	1.783630e+01	1.089078e+05	1.085070e+05	5.811454e+04	5.739899e+04	3.031113e+02	3.488889e+01	2021	10	15	18
	1516	1056	106.261682	15.711775	1.005497e+05	1.692497e+01	1.088561e+05	1.085526e+05	5.820093e+04	5.750380e+04	3.030468e+02	2.482527e+01	2021	10	16	0
	1502	1059	105.280374	15.500878	1.004877e+05	7.925791e+00	1.087767e+05	1.084701e+05	5.809803e+04	5.747120e+04	-9.000000e+33	2.276138e+01	2021	10	16	6
	1486	1057	104.158879	15.641476	1.007144e+05	7.545572e+00	1.088305e+05	1.085276e+05	5.815423e+04	5.752495e+04	-9.000000e+33	2.251873e+01	2021	10	16	12
	1472	1060	103.177570	15.430580	1.009039e+05	5.674617e+00	1.087772e+05	1.085447e+05	5.812630e+04	5.758070e+04	-9.000000e+33	2.247067e+01	2021	10	16	18
start	40	2021	10	14	12
	2582	1136	180.981308	10.087873	1.003766e+05	1.302726e+01	1.088840e+05	1.087074e+05	5.787066e+04	5.754844e+04	3.043804e+02	3.761271e+01	2021	10	14	12
	2569	1134	180.070093	10.228471	1.002080e+05	1.411630e+01	1.087966e+05	1.085646e+05	5.782928e+04	5.738201e+04	3.043481e+02	3.351682e+01	2021	10	14	18
	2568	1131	180.000000	10.439367	1.001319e+05	1.443364e+01	1.087834e+05	1.085565e+05	5.780929e+04	5.733519e+04	3.044167e+02	3.411051e+01	2021	10	15	0
	2553	1128	178.948598	10.650263	1.000088e+05	1.566713e+01	1.087874e+05	1.084592e+05	5.778054e+04	5.732355e+04	3.044957e+02	3.405145e+01	2021	10	15	6
	2558	1126	179.299065	10.790861	1.000453e+05	1.365347e+01	1.088404e+05	1.085324e+05	5.786332e+04	5.739769e+04	3.043193e+02	4.071375e+01	2021	10	15	12
	2539	1116	177.967290	11.493849	9.990649e+04	1.681188e+01	1.087814e+05	1.083978e+05	5.777834e+04	5.725784e+04	3.039420e+02	3.374008e+01	2021	10	15	18
	2543	1107	178.247664	12.126538	9.994441e+04	1.560956e+01	1.088508e+05	1.085107e+05	5.782712e+04	5.732494e+04	3.039094e+02	3.621954e+01	2021	10	16	0
	2519	1095	176.565421	12.970123	9.982705e+04	1.678639e+01	1.089053e+05	1.084260e+05	5.778627e+04	5.729327e+04	3.038274e+02	3.688975e+01	2021	10	16	6
	2527	1094	177.126168	13.040422	9.982709e+04	1.766979e+01	1.089061e+05	1.085457e+05	5.787980e+04	5.728195e+04	3.036942e+02	3.546370e+01	2021	10	16	12
	2510	1079	175.934579	14.094903	9.973121e+04	1.854283e+01	1.088644e+05	1.083543e+05	5.788019e+04	5.716580e+04	3.034835e+02	2.267723e+01	2021	10	16	18
	2496	1078	174.953271	14.165202	9.979895e+04	1.849527e+01	1.089231e+05	1.085424e+05	5.791916e+04	5.727273e+04	3.035491e+02	1.727342e+01	2021	10	17	0
	2483	1060	174.042056	15.430580	9.975857e+04	2.144400e+01	1.089135e+05	1.085715e+05	5.793548e+04	5.733965e+04	3.030838e+02	2.156691e+01	2021	10	17	6
	2460	1058	172.429907	15.571177	9.970495e+04	2.233751e+01	1.089048e+05	1.086218e+05	5.797460e+04	5.732396e+04	3.032374e+02	2.433982e+01	2021	10	17	12
	2450	1052	171.728972	15.992970	9.962030e+04	2.226739e+01	1.088621e+05	1.084388e+05	5.797603e+04	5.720989e+04	3.032425e+02	1.763327e+01	2021	10	17	18
	2430	1052	170.327103	15.992970	9.963930e+04	2.125552e+01	1.089984e+05	1.085610e+05	5.811986e+04	5.721828e+04	3.032786e+02	1.689546e+01	2021	10	18	0
	2407	1051	168.714953	16.063269	9.941734e+04	2.280975e+01	1.090003e+05	1.084658e+05	5.811637e+04	5.713005e+04	3.033871e+02	2.446477e+01	2021	10	18	6
	2387	1050	167.313084	16.133567	9.941070e+04	2.617269e+01	1.090722e+05	1.084582e+05	5.817109e+04	5.720921e+04	3.035093e+02	2.870845e+01	2021	10	18	12
	2368	1047	165.981308	16.344464	9.922639e+04	2.321168e+01	1.089134e+05	1.084821e+05	5.810282e+04	5.704491e+04	3.035059e+02	2.435049e+01	2021	10	18	18
	2345	1042	164.369159	16.695957	9.903729e+04	2.815080e+01	1.090483e+05	1.084217e+05	5.825622e+04	5.705242e+04	3.034044e+02	2.487523e+01	2021	10	19	0
	2322	1035	162.757009	17.188049	9.849472e+04	3.232711e+01	1.089842e+05	1.082131e+05	5.820475e+04	5.669679e+04	3.031398e+02	2.591145e+01	2021	10	19	6
	2300	1030	161.214953	17.539543	9.781470e+04	3.030265e+01	1.090564e+05	1.081140e+05	5.831611e+04	5.659698e+04	3.030364e+02	2.665466e+01	2021	10	19	12
	2276	1023	159.532710	18.031634	9.648566e+04	3.860937e+01	1.089019e+05	1.074544e+05	5.817164e+04	5.516542e+04	3.029886e+02	2.945190e+01	2021	10	19	18
	2254	1014	157.990654	18.664323	9.658115e+04	4.469776e+01	1.090100e+05	1.076991e+05	5.829238e+04	5.542598e+04	3.028999e+02	2.728612e+01	2021	10	20	0
	2236	1004	156.728972	19.367311	9.648920e+04	4.065583e+01	1.088960e+05	1.075369e+05	5.821926e+04	5.533093e+04	3.028359e+02	2.660434e+01	2021	10	20	6
	2219	998	155.537383	19.789103	9.691439e+04	3.531999e+01	1.090292e+05	1.078545e+05	5.828279e+04	5.572458e+04	3.028533e+02	3.534796e+01	2021	10	20	12
	2204	990	154.485981	20.351493	9.698140e+04	3.465709e+01	1.088362e+05	1.078685e+05	5.810565e+04	5.576707e+04	3.028026e+02	3.073561e+01	2021	10	20	18
	2193	982	153.714953	20.913884	9.730888e+04	3.147017e+01	1.089624e+05	1.077722e+05	5.819602e+04	5.577340e+04	3.027548e+02	2.498031e+01	2021	10	21	0
	2185	974	153.154206	21.476274	9.607266e+04	4.019289e+01	1.088127e+05	1.072346e+05	5.801129e+04	5.502709e+04	3.026680e+02	2.606670e+01	2021	10	21	6
	2178	967	152.663551	21.968365	9.561046e+04	4.308733e+01	1.088605e+05	1.072844e+05	5.810675e+04	5.465262e+04	3.025915e+02	2.928817e+01	2021	10	21	12
	2174	959	152.383178	22.530755	9.555277e+04	4.402551e+01	1.086675e+05	1.072345e+05	5.793196e+04	5.451841e+04	3.024898e+02	2.613605e+01	2021	10	21	18
	2169	950	152.032710	23.163444	9.569177e+04	4.344903e+01	1.088856e+05	1.070865e+05	5.806679e+04	5.442382e+04	3.024042e+02	2.171564e+01	2021	10	22	0
	2165	939	151.752336	23.936731	9.587369e+04	4.290530e+01	1.087938e+05	1.075435e+05	5.795512e+04	5.503898e+04	3.022148e+02	2.129906e+01	2021	10	22	6
	2159	931	151.331776	24.499121	9.717225e+04	2.982216e+01	1.088775e+05	1.078393e+05	5.807311e+04	5.591067e+04	3.019657e+02	2.139276e+01	2021	10	22	12
	2158	924	151.261682	24.991212	9.722863e+04	2.660848e+01	1.086993e+05	1.077786e+05	5.794325e+04	5.576995e+04	3.017284e+02	1.504146e+01	2021	10	22	18
	2161	913	151.471963	25.764499	9.758621e+04	2.886466e+01	1.089821e+05	1.081403e+05	5.821007e+04	5.604110e+04	3.016168e+02	1.123616e+01	2021	10	23	0
	2168	907	151.962617	26.186291	9.819159e+04	2.521712e+01	1.089487e+05	1.080759e+05	5.816186e+04	5.675571e+04	3.016504e+02	1.264611e+01	2021	10	23	6
	2175	903	152.453271	26.467486	9.876555e+04	2.341662e+01	1.091150e+05	1.082155e+05	5.834016e+04	5.720275e+04	3.016162e+02	1.153320e+01	2021	10	23	12
	2176	902	152.523364	26.537785	9.923420e+04	1.903885e+01	1.089955e+05	1.079584e+05	5.820577e+04	5.757595e+04	3.015712e+02	7.553883e+00	2021	10	23	18
	2172	903	152.242991	26.467486	9.991939e+04	1.835939e+01	1.092298e+05	1.081972e+05	5.846752e+04	5.805995e+04	3.014889e+02	5.450259e+00	2021	10	24	0
	2169	909	152.032710	26.045694	1.000945e+05	1.865668e+01	1.091492e+05	1.084513e+05	5.836821e+04	5.811424e+04	3.016230e+02	6.822185e+00	2021	10	24	6
start	18	2021	10	24	6
	2551	1159	178.808411	8.471002	1.002895e+05	1.278889e+01	1.087782e+05	1.085832e+05	5.784178e+04	5.753982e+04	3.039572e+02	2.682834e+01	2021	10	24	6
	2568	1148	180.000000	9.244288	1.003251e+05	1.300667e+01	1.088230e+05	1.085925e+05	5.788732e+04	5.757750e+04	3.039197e+02	3.504649e+01	2021	10	24	12
	2567	1146	179.929907	9.384886	1.002392e+05	1.349964e+01	1.087556e+05	1.085163e+05	5.783315e+04	5.743931e+04	3.038700e+02	3.527526e+01	2021	10	24	18
	2583	1133	181.051402	10.298770	1.001623e+05	1.385691e+01	1.087469e+05	1.085272e+05	5.776625e+04	5.735921e+04	3.038201e+02	3.326756e+01	2021	10	25	0
	2584	1128	181.121495	10.650263	1.000905e+05	1.319479e+01	1.087607e+05	1.084583e+05	5.773520e+04	5.731282e+04	3.037925e+02	2.882705e+01	2021	10	25	6
	2587	1100	181.331776	12.618629	1.000352e+05	1.582053e+01	1.087295e+05	1.084184e+05	5.771654e+04	5.732161e+04	3.035675e+02	3.353811e+01	2021	10	25	12
	2606	1108	182.663551	12.056239	1.000012e+05	1.515824e+01	1.087957e+05	1.084757e+05	5.777811e+04	5.726145e+04	3.035788e+02	3.540069e+01	2021	10	25	18
	2608	1086	182.803738	13.602812	9.988927e+04	1.445454e+01	1.087752e+05	1.084542e+05	5.769505e+04	5.720075e+04	3.040701e+02	3.217687e+01	2021	10	26	0
	2611	1070	183.014019	14.727592	9.997562e+04	1.485355e+01	1.088733e+05	1.084649e+05	5.776162e+04	5.721510e+04	3.042353e+02	3.462634e+01	2021	10	26	6
	2618	1054	183.504673	15.852372	9.995248e+04	1.596094e+01	1.088311e+05	1.084216e+05	5.774959e+04	5.719134e+04	3.024946e+02	3.560722e+01	2021	10	26	12
	2617	1030	183.434579	17.539543	9.985431e+04	1.800179e+01	1.087894e+05	1.082799e+05	5.771835e+04	5.717870e+04	3.020509e+02	3.079587e+01	2021	10	26	18
	2615	1023	183.294393	18.031634	9.985150e+04	1.698047e+01	1.087103e+05	1.082046e+05	5.766366e+04	5.718368e+04	3.024610e+02	2.419859e+01	2021	10	27	0
	2614	1024	183.224299	17.961335	9.990197e+04	1.519497e+01	1.088064e+05	1.083137e+05	5.777907e+04	5.730376e+04	3.021250e+02	1.934108e+01	2021	10	27	6
	2621	1019	183.714953	18.312829	9.988124e+04	1.425267e+01	1.087499e+05	1.082073e+05	5.776825e+04	5.715940e+04	3.018597e+02	1.842940e+01	2021	10	27	12
	2638	988	184.906542	20.492091	9.983981e+04	1.510549e+01	1.086922e+05	1.077771e+05	5.773249e+04	5.716436e+04	3.012701e+02	2.691009e+01	2021	10	27	18
	2636	990	184.766355	20.351493	9.971745e+04	1.563537e+01	1.086074e+05	1.076935e+05	5.767159e+04	5.702205e+04	3.015274e+02	1.620158e+01	2021	10	28	0
	2655	974	186.098131	21.476274	9.966353e+04	1.911943e+01	1.087209e+05	1.075920e+05	5.775668e+04	5.713754e+04	3.012474e+02	2.061805e+01	2021	10	28	6
	2658	979	186.308411	21.124780	9.975952e+04	1.655986e+01	1.087004e+05	1.076021e+05	5.780060e+04	5.709432e+04	3.012734e+02	1.500862e+01	2021	10	28	12
start	12	2021	11	22	0
	1554	1175	108.925234	7.346221	1.006789e+05	1.308951e+01	1.087310e+05	1.084350e+05	5.798832e+04	5.765490e+04	3.045205e+02	3.834558e+01	2021	11	22	0
	1558	1166	109.205607	7.978910	1.005219e+05	1.193933e+01	1.086360e+05	1.083498e+05	5.787459e+04	5.748437e+04	3.044291e+02	2.965382e+01	2021	11	22	6
	1538	1154	107.803738	8.822495	1.006230e+05	1.364555e+01	1.087762e+05	1.084661e+05	5.801970e+04	5.762449e+04	3.042806e+02	3.189556e+01	2021	11	22	12
	1524	1151	106.822430	9.033392	1.006090e+05	1.271965e+01	1.086820e+05	1.083881e+05	5.793806e+04	5.755527e+04	3.037489e+02	3.295610e+01	2021	11	22	18
	1523	1154	106.752336	8.822495	1.007055e+05	1.241436e+01	1.087569e+05	1.084449e+05	5.807582e+04	5.763657e+04	3.034986e+02	2.598175e+01	2021	11	23	0
	1512	1121	105.981308	11.142355	1.005618e+05	1.145783e+01	1.086599e+05	1.084405e+05	5.799367e+04	5.751163e+04	3.046109e+02	2.008800e+01	2021	11	23	6
	1493	1114	104.649533	11.634446	1.006878e+05	7.616223e+00	1.087755e+05	1.085184e+05	5.810378e+04	5.767632e+04	3.058726e+02	1.731313e+01	2021	11	23	12
	1486	1097	104.158879	12.829525	1.006878e+05	1.346641e+01	1.086666e+05	1.084619e+05	5.809690e+04	5.761548e+04	3.057551e+02	1.908233e+01	2021	11	23	18
	1473	1099	103.247664	12.688928	1.006852e+05	1.561495e+01	1.086729e+05	1.084572e+05	5.807379e+04	5.761869e+04	3.055522e+02	1.674221e+01	2021	11	24	0
	1457	1088	102.126168	13.462214	1.006758e+05	1.156100e+01	1.086957e+05	1.084289e+05	5.798338e+04	5.758873e+04	3.055159e+02	1.933479e+01	2021	11	24	6
	1454	1093	101.915888	13.110720	1.007589e+05	1.033574e+01	1.086542e+05	1.084811e+05	5.805250e+04	5.772592e+04	3.054563e+02	1.847187e+01	2021	11	24	12
	1452	1082	101.775701	13.884007	1.007667e+05	8.728625e+00	1.086139e+05	1.084133e+05	5.797950e+04	5.768954e+04	3.049861e+02	1.978815e+01	2021	11	24	18
start	35	2021	12	2	12
	2021	1196	141.658879	5.869947	1.005539e+05	1.600648e+01	1.090784e+05	1.087482e+05	5.817897e+04	5.772164e+04	3.039373e+02	4.061151e+01	2021	12	2	12
	1990	1183	139.485981	6.783831	1.002267e+05	1.612855e+01	1.087559e+05	1.084594e+05	5.794425e+04	5.736580e+04	3.038839e+02	3.844257e+01	2021	12	2	18
	1980	1178	138.785047	7.135325	1.001390e+05	1.799673e+01	1.090168e+05	1.086457e+05	5.815121e+04	5.760405e+04	3.038484e+02	3.688842e+01	2021	12	3	0
	1952	1168	136.822430	7.838313	9.979249e+04	1.868963e+01	1.087373e+05	1.083638e+05	5.789552e+04	5.725725e+04	3.037549e+02	3.199553e+01	2021	12	3	6
	1941	1161	136.051402	8.330404	1.000108e+05	1.744473e+01	1.089550e+05	1.085942e+05	5.811722e+04	5.744266e+04	3.037172e+02	2.749599e+01	2021	12	3	12
	1911	1156	133.948598	8.681898	9.956373e+04	1.915784e+01	1.086686e+05	1.083078e+05	5.787241e+04	5.713569e+04	3.034526e+02	3.067125e+01	2021	12	3	18
	1892	1156	132.616822	8.681898	9.979507e+04	1.945317e+01	1.088495e+05	1.084830e+05	5.811146e+04	5.741493e+04	3.034799e+02	3.169472e+01	2021	12	4	0
	1872	1154	131.214953	8.822495	9.958845e+04	1.771950e+01	1.086375e+05	1.082610e+05	5.788468e+04	5.722739e+04	3.033309e+02	2.880076e+01	2021	12	4	6
	1864	1150	130.654206	9.103691	9.980789e+04	1.947600e+01	1.088233e+05	1.084642e+05	5.806855e+04	5.737323e+04	3.031667e+02	2.466898e+01	2021	12	4	12
	1845	1143	129.322430	9.595782	9.972845e+04	1.819005e+01	1.085912e+05	1.082666e+05	5.790196e+04	5.731704e+04	3.030656e+02	3.083713e+01	2021	12	4	18
	1819	1147	127.500000	9.314587	9.977575e+04	2.391171e+01	1.087850e+05	1.084797e+05	5.806103e+04	5.734529e+04	3.030188e+02	3.456837e+01	2021	12	5	0
	1811	1136	126.939252	10.087873	9.960514e+04	2.288191e+01	1.086014e+05	1.083126e+05	5.791974e+04	5.740940e+04	3.028410e+02	2.915385e+01	2021	12	5	6
	1789	1130	125.397196	10.509666	1.000661e+05	1.823902e+01	1.088867e+05	1.086107e+05	5.816811e+04	5.765144e+04	3.035996e+02	2.511928e+01	2021	12	5	12
	1762	1130	123.504673	10.509666	9.995192e+04	1.856001e+01	1.086645e+05	1.083541e+05	5.795303e+04	5.732605e+04	3.035802e+02	2.445620e+01	2021	12	5	18
	1741	1121	122.032710	11.142355	1.002343e+05	1.788753e+01	1.087468e+05	1.085478e+05	5.815085e+04	5.750191e+04	3.035784e+02	2.837167e+01	2021	12	6	0
	1723	1124	120.771028	10.931458	9.976309e+04	2.039550e+01	1.085900e+05	1.083460e+05	5.788413e+04	5.716391e+04	3.035103e+02	2.553620e+01	2021	12	6	6
	1708	1121	119.719626	11.142355	9.980993e+04	2.056314e+01	1.087642e+05	1.083652e+05	5.807788e+04	5.738170e+04	3.035688e+02	2.294902e+01	2021	12	6	12
	1692	1116	118.598131	11.493849	9.945530e+04	2.152813e+01	1.085678e+05	1.082506e+05	5.795039e+04	5.704825e+04	3.035847e+02	3.163234e+01	2021	12	6	18
	1677	1109	117.546729	11.985940	9.892399e+04	2.792400e+01	1.086251e+05	1.080918e+05	5.809082e+04	5.667777e+04	3.032269e+02	3.342955e+01	2021	12	7	0
	1666	1104	116.775701	12.337434	9.855430e+04	2.582232e+01	1.084380e+05	1.079274e+05	5.786591e+04	5.647983e+04	3.031086e+02	3.452893e+01	2021	12	7	6
	1657	1100	116.144860	12.618629	9.864522e+04	2.501181e+01	1.086292e+05	1.078943e+05	5.800988e+04	5.631430e+04	3.030055e+02	3.830129e+01	2021	12	7	12
	1648	1099	115.514019	12.688928	9.819074e+04	2.580731e+01	1.084893e+05	1.077476e+05	5.789567e+04	5.589969e+04	3.029652e+02	4.513325e+01	2021	12	7	18
	1641	1098	115.023364	12.759226	9.757266e+04	3.166046e+01	1.085354e+05	1.074534e+05	5.791848e+04	5.550480e+04	3.029226e+02	3.734661e+01	2021	12	8	0
	1635	1098	114.602804	12.759226	9.728687e+04	3.170985e+01	1.082985e+05	1.071022e+05	5.777750e+04	5.547195e+04	3.028814e+02	2.776583e+01	2021	12	8	6
	1625	1095	113.901869	12.970123	9.665255e+04	3.919199e+01	1.084822e+05	1.059379e+05	5.790253e+04	5.478182e+04	3.029437e+02	3.148567e+01	2021	12	8	12
	1612	1096	112.990654	12.899824	9.685548e+04	4.275366e+01	1.083758e+05	1.059406e+05	5.786473e+04	5.486198e+04	3.031470e+02	4.177507e+01	2021	12	8	18
	1602	1096	112.289720	12.899824	9.721362e+04	4.052944e+01	1.084203e+05	1.075944e+05	5.787695e+04	5.578530e+04	3.031359e+02	3.677529e+01	2021	12	9	0
	1594	1096	111.728972	12.899824	9.727430e+04	4.240920e+01	1.082636e+05	1.075373e+05	5.775968e+04	5.566391e+04	3.031146e+02	3.132777e+01	2021	12	9	6
	1588	1095	111.308411	12.970123	9.810401e+04	4.193106e+01	1.084228e+05	1.078563e+05	5.787526e+04	5.612409e+04	3.030910e+02	3.118398e+01	2021	12	9	12
	1579	1097	110.677570	12.829525	9.905619e+04	2.574803e+01	1.083734e+05	1.079782e+05	5.780530e+04	5.685295e+04	3.031271e+02	3.092525e+01	2021	12	9	18
	1577	1097	110.537383	12.829525	9.949960e+04	2.311816e+01	1.083914e+05	1.080893e+05	5.792337e+04	5.727948e+04	3.031097e+02	2.652168e+01	2021	12	10	0
	1572	1096	110.186916	12.899824	9.956543e+04	2.665761e+01	1.084219e+05	1.079832e+05	5.779111e+04	5.720247e+04	3.032134e+02	2.393215e+01	2021	12	10	6
	1569	1093	109.976636	13.110720	1.001371e+05	1.892252e+01	1.084733e+05	1.080759e+05	5.791261e+04	5.756328e+04	3.031369e+02	2.812756e+01	2021	12	10	12
	1565	1088	109.696262	13.462214	1.002062e+05	1.753176e+01	1.083870e+05	1.079141e+05	5.780400e+04	5.756328e+04	3.029437e+02	3.222440e+01	2021	12	10	18
	1556	1075	109.065421	14.376098	1.003701e+05	1.748615e+01	1.084511e+05	1.077798e+05	5.785995e+04	5.745953e+04	3.020350e+02	2.945494e+01	2021	12	11	0
start	28	2021	12	3	12
	932	1388	65.327103	-7.627416	1.006375e+05	1.280621e+01	1.085476e+05	1.083620e+05	5.783968e+04	5.762375e+04	3.036279e+02	2.819468e+01	2021	12	3	12
	936	1403	65.607477	-8.681898	1.008595e+05	1.361885e+01	1.086905e+05	1.085296e+05	5.804515e+04	5.779817e+04	3.033888e+02	2.726297e+01	2021	12	3	18
	933	1416	65.397196	-9.595782	1.005197e+05	1.830541e+01	1.084684e+05	1.082617e+05	5.784104e+04	5.743332e+04	3.031973e+02	2.679604e+01	2021	12	4	0
	931	1414	65.257009	-9.455184	1.005321e+05	1.516152e+01	1.086120e+05	1.083915e+05	5.799997e+04	5.749329e+04	3.031877e+02	2.559031e+01	2021	12	4	6
	931	1422	65.257009	-10.017574	1.001716e+05	1.533118e+01	1.084617e+05	1.081165e+05	5.778783e+04	5.713554e+04	3.031142e+02	2.811856e+01	2021	12	4	12
	933	1419	65.397196	-9.806678	1.003230e+05	1.417594e+01	1.086023e+05	1.082521e+05	5.799473e+04	5.727595e+04	3.031112e+02	2.952266e+01	2021	12	4	18
	940	1433	65.887850	-10.790861	9.998059e+04	1.802539e+01	1.084387e+05	1.080622e+05	5.781325e+04	5.706051e+04	3.029309e+02	2.279633e+01	2021	12	5	0
	943	1436	66.098131	-11.001757	1.001807e+05	1.725515e+01	1.086243e+05	1.082590e+05	5.800198e+04	5.731665e+04	3.028784e+02	2.056386e+01	2021	12	5	6
	946	1441	66.308411	-11.353251	9.985855e+04	1.958202e+01	1.085118e+05	1.081604e+05	5.783700e+04	5.713338e+04	3.028141e+02	1.771984e+01	2021	12	5	12
	948	1445	66.448598	-11.634446	9.992559e+04	2.239053e+01	1.086364e+05	1.083362e+05	5.801238e+04	5.725224e+04	3.026755e+02	1.651467e+01	2021	12	5	18
	946	1451	66.308411	-12.056239	9.949280e+04	2.414090e+01	1.084269e+05	1.078402e+05	5.781255e+04	5.683605e+04	3.025320e+02	1.361771e+01	2021	12	6	0
	947	1451	66.378505	-12.056239	9.919516e+04	2.545286e+01	1.086443e+05	1.080069e+05	5.800680e+04	5.665437e+04	3.025240e+02	1.216855e+01	2021	12	6	6
	944	1458	66.168224	-12.548330	9.886880e+04	2.713350e+01	1.085156e+05	1.077801e+05	5.784965e+04	5.635459e+04	3.023356e+02	1.164644e+01	2021	12	6	12
	941	1463	65.957944	-12.899824	9.878534e+04	3.186620e+01	1.086521e+05	1.077545e+05	5.806279e+04	5.639050e+04	3.022358e+02	1.336665e+01	2021	12	6	18
	935	1469	65.537383	-13.321617	9.817325e+04	3.318501e+01	1.084232e+05	1.075920e+05	5.789727e+04	5.611643e+04	3.021567e+02	1.398274e+01	2021	12	7	0
	928	1477	65.046729	-13.884007	9.785960e+04	3.786305e+01	1.086113e+05	1.075405e+05	5.809425e+04	5.589175e+04	3.022582e+02	1.092505e+01	2021	12	7	6
	921	1483	64.556075	-14.305799	9.770536e+04	3.185775e+01	1.084958e+05	1.072723e+05	5.795218e+04	5.577305e+04	3.023754e+02	1.064295e+01	2021	12	7	12
	913	1490	63.995327	-14.797891	9.722629e+04	4.062366e+01	1.087008e+05	1.070972e+05	5.816777e+04	5.536738e+04	3.021204e+02	1.338609e+01	2021	12	7	18
	904	1496	63.364486	-15.219683	9.783279e+04	3.393258e+01	1.084633e+05	1.077078e+05	5.795239e+04	5.630295e+04	3.019229e+02	1.151640e+01	2021	12	8	0
	895	1503	62.733645	-15.711775	9.829460e+04	3.535582e+01	1.086534e+05	1.078372e+05	5.815026e+04	5.649073e+04	3.018230e+02	9.446142e+00	2021	12	8	6
	883	1511	61.892523	-16.274165	9.860552e+04	2.964400e+01	1.086444e+05	1.082110e+05	5.799689e+04	5.689932e+04	3.019369e+02	8.376364e+00	2021	12	8	12
	871	1515	61.051402	-16.555360	9.946671e+04	2.687389e+01	1.086838e+05	1.083645e+05	5.818523e+04	5.752910e+04	3.015861e+02	8.464180e+00	2021	12	8	18
	857	1520	60.070093	-16.906854	9.955719e+04	2.624547e+01	1.084229e+05	1.081685e+05	5.795309e+04	5.724361e+04	3.013754e+02	7.992498e+00	2021	12	9	0
	843	1524	59.088785	-17.188049	9.993538e+04	2.371720e+01	1.086629e+05	1.083875e+05	5.808463e+04	5.759587e+04	3.018091e+02	5.802024e+00	2021	12	9	6
	828	1528	58.037383	-17.469244	9.962582e+04	2.383157e+01	1.084419e+05	1.081413e+05	5.796301e+04	5.741747e+04	3.027597e+02	4.101987e+00	2021	12	9	12
	814	1529	57.056075	-17.539543	1.002405e+05	2.253461e+01	1.087401e+05	1.084815e+05	5.816699e+04	5.782525e+04	3.020173e+02	8.093952e+00	2021	12	9	18
	799	1530	56.004673	-17.609841	1.000773e+05	2.146927e+01	1.083748e+05	1.081728e+05	5.796716e+04	5.760974e+04	3.015910e+02	4.663561e+00	2021	12	10	0
	782	1530	54.813084	-17.609841	1.004769e+05	1.892583e+01	1.086310e+05	1.084585e+05	5.816271e+04	5.792736e+04	3.019187e+02	3.413499e+00	2021	12	10	6
start	13	2021	12	28	12
	919	1407	64.415888	-8.963093	1.005597e+05	1.371959e+01	1.086609e+05	1.081836e+05	5.795098e+04	5.750744e+04	3.035955e+02	4.115641e+01	2021	12	28	12
	899	1417	63.014019	-9.666081	1.007772e+05	1.551671e+01	1.088141e+05	1.083687e+05	5.818733e+04	5.762158e+04	3.034950e+02	3.736425e+01	2021	12	28	18
	868	1426	60.841121	-10.298770	1.003557e+05	1.711309e+01	1.085725e+05	1.081188e+05	5.791175e+04	5.730527e+04	3.033066e+02	3.535455e+01	2021	12	29	0
	832	1432	58.317757	-10.720562	1.004482e+05	1.784265e+01	1.088041e+05	1.083331e+05	5.807550e+04	5.741677e+04	3.029370e+02	3.256227e+01	2021	12	29	6
	807	1424	56.565421	-10.158172	1.001109e+05	1.610206e+01	1.085398e+05	1.081124e+05	5.782474e+04	5.719046e+04	3.032507e+02	2.883409e+01	2021	12	29	12
	797	1429	55.864486	-10.509666	1.003753e+05	1.675401e+01	1.087888e+05	1.083508e+05	5.810124e+04	5.747472e+04	3.032278e+02	2.751890e+01	2021	12	29	18
	772	1430	54.112150	-10.579965	1.001082e+05	1.826727e+01	1.085812e+05	1.081814e+05	5.786196e+04	5.736461e+04	3.033058e+02	2.216125e+01	2021	12	30	0
	766	1446	53.691589	-11.704745	1.002572e+05	1.633285e+01	1.088696e+05	1.084870e+05	5.815146e+04	5.758810e+04	3.031223e+02	2.168534e+01	2021	12	30	6
	748	1456	52.429907	-12.407733	1.000408e+05	1.708393e+01	1.086883e+05	1.083294e+05	5.799729e+04	5.749373e+04	3.033494e+02	1.809994e+01	2021	12	30	12
	728	1458	51.028037	-12.548330	1.004258e+05	1.732161e+01	1.088224e+05	1.085550e+05	5.818566e+04	5.777439e+04	3.030175e+02	1.263873e+01	2021	12	30	18
	727	1466	50.957944	-13.110720	1.002892e+05	1.721416e+01	1.086039e+05	1.083176e+05	5.798405e+04	5.765812e+04	3.043159e+02	1.461169e+01	2021	12	31	0
	717	1484	50.257009	-14.376098	1.006789e+05	1.638367e+01	1.087715e+05	1.085841e+05	5.820800e+04	5.785253e+04	3.046235e+02	1.709995e+01	2021	12	31	6
	668	1515	46.822430	-16.555360	1.003973e+05	9.352225e+00	1.086978e+05	1.083843e+05	5.802574e+04	5.767795e+04	3.059719e+02	2.678276e+01	2021	12	31	12
