start	29	2020	1	22	0
	4355136	42.153000	-15.852400	9.986669e+04	1.677768e+01	1.079779e+05	1.077624e+05	5.746338e+04	5.693662e+04	3.031667e+02	3.402997e+01	2020	1	22	0
	4380503	43.333300	-16.274200	9.995412e+04	1.737496e+01	1.081540e+05	1.078560e+05	5.764152e+04	5.700302e+04	3.033450e+02	3.393699e+01	2020	1	22	6
	4414093	44.181800	-16.836600	9.959875e+04	1.652095e+01	1.080289e+05	1.076439e+05	5.739548e+04	5.670373e+04	3.035518e+02	3.861428e+01	2020	1	22	12
	4459859	45.174100	-17.609800	9.973794e+04	1.668819e+01	1.081871e+05	1.076826e+05	5.759934e+04	5.685109e+04	3.033367e+02	3.771281e+01	2020	1	22	18
	4509221	45.176100	-18.453400	9.990256e+04	1.399553e+01	1.079291e+05	1.075211e+05	5.737015e+04	5.676440e+04	3.033833e+02	2.632489e+01	2020	1	23	0
	4606266	49.599200	-20.140600	1.002996e+05	1.542608e+01	1.082331e+05	1.075211e+05	5.767647e+04	5.701322e+04	3.021782e+02	2.028302e+01	2020	1	23	6
	4505178	49.442800	-18.383100	1.000647e+05	1.316205e+01	1.081097e+05	1.077937e+05	5.755965e+04	5.699865e+04	3.027346e+02	2.366281e+01	2020	1	23	12
	4590258	49.401200	-19.859400	1.002173e+05	1.881533e+01	1.082751e+05	1.077731e+05	5.772872e+04	5.724872e+04	3.022317e+02	2.263725e+01	2020	1	23	18
	4529677	50.354000	-18.804900	1.000098e+05	1.992811e+01	1.081188e+05	1.077458e+05	5.756246e+04	5.707321e+04	3.024543e+02	1.396387e+01	2020	1	24	0
	4554039	51.899100	-19.226700	1.002597e+05	1.991917e+01	1.082978e+05	1.078618e+05	5.780501e+04	5.732726e+04	3.023088e+02	1.060054e+01	2020	1	24	6
	4541892	52.544400	-19.015800	1.000536e+05	1.941841e+01	1.081753e+05	1.077658e+05	5.761988e+04	5.722438e+04	3.025139e+02	1.570900e+01	2020	1	24	12
	4509320	53.894300	-18.453400	1.003338e+05	1.707949e+01	1.083662e+05	1.080812e+05	5.787034e+04	5.738409e+04	3.022429e+02	1.494770e+01	2020	1	24	18
	4525660	55.167000	-18.734600	1.000752e+05	1.620304e+01	1.081595e+05	1.078455e+05	5.768116e+04	5.725066e+04	3.020771e+02	1.007407e+01	2020	1	25	0
	4545988	56.150000	-19.086100	1.003074e+05	1.606514e+01	1.083840e+05	1.078685e+05	5.791327e+04	5.751252e+04	3.019995e+02	1.421678e+01	2020	1	25	6
	4562177	56.818600	-19.367300	1.000491e+05	1.704385e+01	1.082476e+05	1.077301e+05	5.769385e+04	5.728235e+04	3.024912e+02	1.872965e+01	2020	1	25	12
	4578306	57.850700	-19.648500	1.002595e+05	1.882181e+01	1.084121e+05	1.077476e+05	5.792560e+04	5.747585e+04	3.019465e+02	2.149045e+01	2020	1	25	18
	4533830	57.933100	-18.875200	9.995319e+04	1.949350e+01	1.081651e+05	1.075126e+05	5.767198e+04	5.717148e+04	3.019861e+02	1.983912e+01	2020	1	26	0
	4586354	59.042900	-19.789100	1.000813e+05	1.984423e+01	1.082594e+05	1.074744e+05	5.783106e+04	5.719456e+04	3.019612e+02	2.249245e+01	2020	1	26	6
	4525706	59.233800	-18.734600	9.967006e+04	2.341262e+01	1.080740e+05	1.075190e+05	5.764341e+04	5.694066e+04	3.021514e+02	2.322340e+01	2020	1	26	12
	4550088	60.474300	-19.156400	9.983094e+04	2.549198e+01	1.081755e+05	1.074345e+05	5.775375e+04	5.689950e+04	3.021272e+02	2.264408e+01	2020	1	26	18
	4541982	60.532500	-19.015800	9.957344e+04	2.489447e+01	1.079249e+05	1.069929e+05	5.746099e+04	5.664974e+04	3.020857e+02	1.258258e+01	2020	1	27	0
	4497122	61.639000	-18.242500	9.977081e+04	2.007963e+01	1.080201e+05	1.071376e+05	5.767459e+04	5.699134e+04	3.023787e+02	9.717211e+00	2020	1	27	6
	4488913	61.781900	-18.101900	9.954256e+04	2.112121e+01	1.078277e+05	1.068882e+05	5.745436e+04	5.682011e+04	3.026714e+02	7.442125e+00	2020	1	27	12
	4464195	62.642800	-17.680100	9.953556e+04	2.030002e+01	1.079992e+05	1.070732e+05	5.768035e+04	5.694085e+04	3.025508e+02	6.229230e+00	2020	1	27	18
	4480702	63.148700	-17.961300	9.941662e+04	1.649905e+01	1.077842e+05	1.067912e+05	5.743165e+04	5.676965e+04	3.023831e+02	5.859396e+00	2020	1	28	0
	4497140	63.219500	-18.242500	9.972781e+04	1.540104e+01	1.079734e+05	1.068829e+05	5.764812e+04	5.699288e+04	3.023252e+02	7.039605e+00	2020	1	28	6
	4529827	63.628300	-18.804900	9.957069e+04	1.644539e+01	1.078739e+05	1.067774e+05	5.745472e+04	5.692872e+04	3.023743e+02	7.396781e+00	2020	1	28	12
	4546072	63.613000	-19.086100	9.988212e+04	1.505044e+01	1.080676e+05	1.069391e+05	5.772477e+04	5.712227e+04	3.022891e+02	8.223944e+00	2020	1	28	18
	4566290	63.750000	-19.437600	9.983662e+04	1.499382e+01	1.079601e+05	1.068416e+05	5.756806e+04	5.706481e+04	3.022122e+02	6.103901e+00	2020	1	29	0
start	13	2020	1	23	0
	4614327	57.018100	-20.281200	1.001358e+05	1.413076e+01	1.081276e+05	1.071726e+05	5.754440e+04	5.703415e+04	3.019038e+02	2.009771e+01	2020	1	23	0
	4661879	58.445100	-21.124800	1.002831e+05	1.488601e+01	1.083536e+05	1.072916e+05	5.776147e+04	5.724422e+04	3.018081e+02	1.425853e+01	2020	1	23	6
	4704965	60.030800	-21.898100	1.001379e+05	1.456538e+01	1.082362e+05	1.072822e+05	5.760740e+04	5.717440e+04	3.026829e+02	1.952866e+01	2020	1	23	12
	4736002	61.740900	-22.460500	1.004298e+05	1.508089e+01	1.084436e+05	1.075176e+05	5.786847e+04	5.728847e+04	3.012991e+02	2.233625e+01	2020	1	23	18
	4785880	63.529400	-23.374300	1.001381e+05	1.390144e+01	1.081902e+05	1.072932e+05	5.765546e+04	5.711946e+04	3.007805e+02	1.617395e+01	2020	1	24	0
	4812456	64.381000	-23.866400	1.003277e+05	1.170995e+01	1.083822e+05	1.074232e+05	5.781726e+04	5.716451e+04	3.008987e+02	1.328041e+01	2020	1	24	6
	4835081	65.271600	-24.288200	1.001528e+05	1.274845e+01	1.082468e+05	1.072508e+05	5.764863e+04	5.702013e+04	3.010471e+02	1.586788e+01	2020	1	24	12
	4838845	66.108700	-24.358500	1.003516e+05	1.276218e+01	1.084028e+05	1.074082e+05	5.785734e+04	5.713759e+04	3.009607e+02	1.745253e+01	2020	1	24	18
	4827580	67.332600	-24.147600	1.002277e+05	1.313631e+01	1.081500e+05	1.073230e+05	5.764916e+04	5.704941e+04	3.010430e+02	1.519233e+01	2020	1	25	0
	4842623	68.676600	-24.428800	1.004089e+05	1.436210e+01	1.083330e+05	1.074250e+05	5.782502e+04	5.715177e+04	3.010015e+02	1.483318e+01	2020	1	25	6
	4853864	69.764500	-24.639700	1.002481e+05	1.525365e+01	1.082091e+05	1.072761e+05	5.763235e+04	5.704410e+04	3.006533e+02	1.380501e+01	2020	1	25	12
	4835136	70.543100	-24.288200	1.004380e+05	1.470957e+01	1.083041e+05	1.074226e+05	5.777685e+04	5.721185e+04	3.006516e+02	1.626686e+01	2020	1	25	18
	4823857	71.560500	-24.077300	1.002617e+05	1.502092e+01	1.080301e+05	1.072221e+05	5.754098e+04	5.702873e+04	3.004871e+02	1.412030e+01	2020	1	26	0
start	27	2020	1	28	18
	4244673	130.479000	-14.024600	1.001021e+05	1.441076e+01	1.081886e+05	1.078116e+05	5.757152e+04	5.704402e+04	3.044844e+02	2.244789e+01	2020	1	28	18
	4183501	129.472000	-13.040400	1.002079e+05	1.380103e+01	1.083246e+05	1.079581e+05	5.770656e+04	5.711481e+04	3.044006e+02	2.812466e+01	2020	1	29	0
	4205438	129.817000	-13.391900	9.972969e+04	1.635496e+01	1.082974e+05	1.078129e+05	5.752074e+04	5.695824e+04	3.044504e+02	3.550915e+01	2020	1	29	6
	4231600	127.721000	-13.813700	1.000261e+05	1.567873e+01	1.082760e+05	1.078955e+05	5.772607e+04	5.709082e+04	3.043984e+02	2.849005e+01	2020	1	29	12
	4240305	128.370000	-13.954300	9.923600e+04	2.342388e+01	1.079846e+05	1.075326e+05	5.739446e+04	5.654696e+04	3.042556e+02	2.695571e+01	2020	1	29	18
	4292158	128.883000	-14.797900	9.933700e+04	1.871404e+01	1.081782e+05	1.078458e+05	5.760391e+04	5.692691e+04	3.042073e+02	3.186757e+01	2020	1	30	0
	4317858	128.258000	-15.219700	9.912462e+04	1.856131e+01	1.081862e+05	1.077328e+05	5.735544e+04	5.671769e+04	3.041694e+02	3.407754e+01	2020	1	30	6
	4339171	128.269000	-15.571200	9.925594e+04	1.858106e+01	1.082364e+05	1.079039e+05	5.756865e+04	5.681165e+04	3.039915e+02	3.099707e+01	2020	1	30	12
	4402509	128.216000	-16.625700	9.908488e+04	1.658492e+01	1.079537e+05	1.074897e+05	5.733221e+04	5.647896e+04	3.038799e+02	2.877494e+01	2020	1	30	18
	4423419	127.967000	-16.977200	9.929200e+04	1.538653e+01	1.081199e+05	1.077764e+05	5.754742e+04	5.654592e+04	3.037307e+02	2.676209e+01	2020	1	31	0
	4477318	127.398000	-17.891000	9.915094e+04	1.573972e+01	1.081034e+05	1.077679e+05	5.744549e+04	5.654874e+04	-9.000000e+33	2.928323e+01	2020	1	31	6
	4518321	127.147000	-18.594000	9.929700e+04	1.475309e+01	1.082161e+05	1.078576e+05	5.757692e+04	5.664667e+04	-9.000000e+33	2.777933e+01	2020	1	31	12
	4554876	126.409000	-19.226700	9.891106e+04	1.512920e+01	1.080098e+05	1.075298e+05	5.737654e+04	5.626779e+04	-9.000000e+33	2.748075e+01	2020	1	31	18
	4599120	126.000000	-20.000000	9.896825e+04	1.795003e+01	1.082218e+05	1.077923e+05	5.763755e+04	5.639705e+04	-9.000000e+33	2.193143e+01	2020	2	1	0
	4650779	125.015000	-20.913900	9.897688e+04	1.746531e+01	1.082004e+05	1.076874e+05	5.753927e+04	5.637252e+04	-9.000000e+33	2.595531e+01	2020	2	1	6
	4701764	124.189000	-21.827800	9.903400e+04	1.645612e+01	1.082736e+05	1.078671e+05	5.773233e+04	5.651933e+04	-9.000000e+33	2.993089e+01	2020	2	1	12
	4740521	123.330000	-22.530800	9.888594e+04	1.571762e+01	1.080784e+05	1.076199e+05	5.755573e+04	5.630798e+04	-9.000000e+33	2.398907e+01	2020	2	1	18
	4775061	122.607000	-23.163400	9.926169e+04	1.477619e+01	1.082872e+05	1.077992e+05	5.771732e+04	5.657257e+04	-9.000000e+33	1.886890e+01	2020	2	2	0
	4813065	122.381000	-23.866400	9.918819e+04	1.720804e+01	1.082506e+05	1.079321e+05	5.769343e+04	5.663093e+04	-9.000000e+33	2.651672e+01	2020	2	2	6
	4846924	121.923000	-24.499100	9.934450e+04	1.539501e+01	1.083147e+05	1.079607e+05	5.776199e+04	5.671999e+04	-9.000000e+33	2.737876e+01	2020	2	2	12
	4884167	121.587000	-25.202100	9.904094e+04	1.701892e+01	1.080735e+05	1.076875e+05	5.756830e+04	5.636305e+04	-9.000000e+33	2.136420e+01	2020	2	2	18
	4939286	121.515000	-26.256600	9.917269e+04	1.812076e+01	1.081793e+05	1.077283e+05	5.773013e+04	5.652238e+04	-9.000000e+33	1.439439e+01	2020	2	3	0
	4989919	121.505000	-27.240800	9.909744e+04	1.551216e+01	1.082356e+05	1.076666e+05	5.766313e+04	5.651038e+04	-9.000000e+33	2.180011e+01	2020	2	3	6
	5039775	122.208000	-28.225000	9.921700e+04	1.357332e+01	1.082952e+05	1.077117e+05	5.780776e+04	5.653851e+04	-9.000000e+33	2.191107e+01	2020	2	3	12
	5095790	122.699000	-29.349700	9.915900e+04	1.536072e+01	1.080230e+05	1.074370e+05	5.760995e+04	5.643845e+04	-9.000000e+33	1.763992e+01	2020	2	3	18
	5143969	123.763000	-30.333900	9.949256e+04	1.462557e+01	1.081744e+05	1.073469e+05	5.777512e+04	5.668212e+04	-9.000000e+33	1.386601e+01	2020	2	4	0
	5204763	125.353000	-31.599300	9.969544e+04	1.772688e+01	1.081582e+05	1.072522e+05	5.778934e+04	5.674459e+04	2.953916e+02	1.308796e+01	2020	2	4	6
start	28	2020	2	2	18
	4191205	40.774800	-13.181000	1.006592e+05	1.314436e+01	1.078995e+05	1.076600e+05	5.764155e+04	5.721205e+04	3.026013e+02	3.513791e+01	2020	2	2	18
	4213107	41.126400	-13.532500	1.004087e+05	1.375701e+01	1.077368e+05	1.074408e+05	5.745113e+04	5.703163e+04	3.028589e+02	4.165798e+01	2020	2	3	0
	4256603	41.173800	-14.235500	1.005414e+05	1.646588e+01	1.079151e+05	1.075951e+05	5.762463e+04	5.720613e+04	3.029302e+02	5.042277e+01	2020	2	3	6
	4252264	40.554000	-14.165200	1.001038e+05	1.238876e+01	1.076987e+05	1.073367e+05	5.739551e+04	5.691376e+04	3.027886e+02	3.622732e+01	2020	2	3	12
	4260936	41.628100	-14.305800	1.002435e+05	1.336863e+01	1.078520e+05	1.075900e+05	5.755370e+04	5.708695e+04	3.027922e+02	3.501522e+01	2020	2	3	18
	4308271	41.299100	-15.079100	1.000048e+05	1.351316e+01	1.075824e+05	1.074054e+05	5.734038e+04	5.689512e+04	3.029346e+02	4.090583e+01	2020	2	4	0
	4282511	41.403300	-14.657300	1.001087e+05	1.647708e+01	1.078337e+05	1.075517e+05	5.754259e+04	5.702959e+04	3.027002e+02	4.275984e+01	2020	2	4	6
	4291126	42.402200	-14.797900	9.980238e+04	1.663156e+01	1.077474e+05	1.074564e+05	5.736558e+04	5.681408e+04	3.030066e+02	4.271701e+01	2020	2	4	12
	4329651	43.183100	-15.430600	9.990931e+04	1.745310e+01	1.078489e+05	1.075509e+05	5.755240e+04	5.696315e+04	3.030303e+02	4.511105e+01	2020	2	4	18
	4355147	43.087800	-15.852400	9.959356e+04	1.649629e+01	1.076752e+05	1.073428e+05	5.731736e+04	5.669036e+04	3.034070e+02	4.314584e+01	2020	2	5	0
	4376286	43.206800	-16.203900	9.966812e+04	1.909975e+01	1.078354e+05	1.073089e+05	5.750740e+04	5.675840e+04	3.035142e+02	4.508966e+01	2020	2	5	6
	4405721	44.097400	-16.696000	9.931194e+04	1.927695e+01	1.077174e+05	1.072179e+05	5.728321e+04	5.647696e+04	3.037935e+02	4.811918e+01	2020	2	5	12
	4459850	44.390700	-17.609800	9.954094e+04	1.827558e+01	1.078759e+05	1.072299e+05	5.752139e+04	5.658264e+04	3.040127e+02	4.060609e+01	2020	2	5	18
	4537750	45.221700	-18.945500	9.941425e+04	1.707988e+01	1.076293e+05	1.068893e+05	5.729792e+04	5.640792e+04	3.038657e+02	3.889880e+01	2020	2	6	0
	4606221	45.541100	-20.140600	9.977825e+04	1.338882e+01	1.078072e+05	1.067118e+05	5.744616e+04	5.656866e+04	3.039668e+02	3.589595e+01	2020	2	6	6
	4562086	48.701700	-19.367300	9.957200e+04	1.681560e+01	1.077425e+05	1.071750e+05	5.741419e+04	5.643919e+04	3.021191e+02	3.370954e+01	2020	2	6	12
	4739714	47.987600	-22.530800	9.943494e+04	2.451631e+01	1.078226e+05	1.069741e+05	5.741397e+04	5.647372e+04	3.013621e+02	4.240179e+01	2020	2	6	18
	4758952	48.050100	-22.882200	9.940044e+04	2.158877e+01	1.076881e+05	1.067441e+05	5.724901e+04	5.636401e+04	3.011355e+02	3.289631e+01	2020	2	7	0
	4823608	47.770700	-24.077300	9.956319e+04	2.312341e+01	1.078592e+05	1.067392e+05	5.742198e+04	5.655023e+04	3.007517e+02	2.641469e+01	2020	2	7	6
	4864816	46.401700	-24.850600	9.957244e+04	2.172290e+01	1.077200e+05	1.064750e+05	5.725825e+04	5.647875e+04	3.007893e+02	2.097163e+01	2020	2	7	12
	4894474	44.658700	-25.413000	9.984212e+04	1.964535e+01	1.077529e+05	1.066209e+05	5.729995e+04	5.663945e+04	3.020710e+02	9.544847e+00	2020	2	7	18
	4868510	43.548400	-24.920900	9.977200e+04	1.747090e+01	1.076496e+05	1.064986e+05	5.715875e+04	5.658325e+04	3.025862e+02	9.727969e+00	2020	2	8	0
	4883363	43.444900	-25.202100	9.996181e+04	1.691445e+01	1.077625e+05	1.067025e+05	5.732730e+04	5.677705e+04	3.022085e+02	1.019848e+01	2020	2	8	6
	4905522	43.239100	-25.623900	9.995481e+04	1.517951e+01	1.076253e+05	1.067823e+05	5.729114e+04	5.676914e+04	3.019993e+02	1.119137e+01	2020	2	8	12
	4927530	42.341400	-26.045700	1.001657e+05	1.847552e+01	1.076748e+05	1.069838e+05	5.746380e+04	5.693580e+04	3.017488e+02	8.962673e+00	2020	2	8	18
	4898127	40.900200	-25.483300	1.000370e+05	1.748665e+01	1.074458e+05	1.066802e+05	5.739573e+04	5.685348e+04	3.013760e+02	1.135604e+01	2020	2	9	0
	4864751	40.118200	-24.850600	1.002450e+05	1.534840e+01	1.075955e+05	1.065965e+05	5.755916e+04	5.700691e+04	3.017178e+02	9.979228e+00	2020	2	9	6
	4819753	39.798500	-24.007000	1.000924e+05	1.458959e+01	1.075581e+05	1.065036e+05	5.750998e+04	5.694598e+04	3.021404e+02	8.244505e+00	2020	2	9	12
start	21	2020	2	3	0
	4269975	74.652500	-14.446400	1.001257e+05	1.432622e+01	1.077918e+05	1.076053e+05	5.739788e+04	5.701863e+04	3.028882e+02	2.533829e+01	2020	2	3	0
	4325788	76.998100	-15.360300	1.001839e+05	1.413616e+01	1.079956e+05	1.078326e+05	5.748138e+04	5.707763e+04	3.031968e+02	3.121817e+01	2020	2	3	6
	4334309	76.889100	-15.500900	9.988000e+04	1.358126e+01	1.078437e+05	1.076432e+05	5.731226e+04	5.690976e+04	3.033950e+02	3.483524e+01	2020	2	3	12
	4372456	76.436000	-16.133600	1.000028e+05	1.414002e+01	1.079855e+05	1.077840e+05	5.739295e+04	5.704695e+04	3.029709e+02	3.671094e+01	2020	2	3	18
	4304401	76.050400	-15.008800	9.969481e+04	1.537412e+01	1.077374e+05	1.074689e+05	5.720488e+04	5.679162e+04	3.028828e+02	3.248484e+01	2020	2	4	0
	4347060	76.682400	-15.711800	9.977619e+04	1.569390e+01	1.078522e+05	1.076382e+05	5.732134e+04	5.684284e+04	3.029941e+02	3.008630e+01	2020	2	4	6
	4338581	78.316100	-15.571200	9.947362e+04	2.000289e+01	1.077994e+05	1.074284e+05	5.723858e+04	5.661033e+04	3.032644e+02	3.195283e+01	2020	2	4	12
	4393536	78.514300	-16.485100	9.962456e+04	1.821438e+01	1.079149e+05	1.076014e+05	5.735265e+04	5.676115e+04	3.024883e+02	3.005202e+01	2020	2	4	18
	4406124	78.739300	-16.696000	9.930931e+04	1.850487e+01	1.077252e+05	1.074182e+05	5.716486e+04	5.653161e+04	3.023953e+02	2.634406e+01	2020	2	5	0
	4389344	79.467200	-16.414800	9.941462e+04	2.051075e+01	1.078834e+05	1.075134e+05	5.736290e+04	5.659515e+04	3.023862e+02	2.559167e+01	2020	2	5	6
	4447835	80.453200	-17.398900	9.916619e+04	1.978330e+01	1.078564e+05	1.074124e+05	5.720846e+04	5.646821e+04	3.026226e+02	2.424096e+01	2020	2	5	12
	4456127	80.608700	-17.539500	9.922494e+04	1.976888e+01	1.079139e+05	1.074944e+05	5.733589e+04	5.659389e+04	3.022383e+02	2.249422e+01	2020	2	5	18
	4447846	81.407900	-17.398900	9.903375e+04	2.057237e+01	1.077498e+05	1.072958e+05	5.721417e+04	5.636292e+04	3.020913e+02	1.621420e+01	2020	2	6	0
	4497362	82.712200	-18.242500	9.912050e+04	2.078118e+01	1.078878e+05	1.074288e+05	5.733066e+04	5.651766e+04	3.020469e+02	1.831845e+01	2020	2	6	6
	4566510	83.392900	-19.437600	9.890025e+04	1.905410e+01	1.078040e+05	1.072605e+05	5.713519e+04	5.637569e+04	3.022197e+02	1.898103e+01	2020	2	6	12
	4586632	83.988000	-19.789100	9.901469e+04	1.946127e+01	1.078881e+05	1.072701e+05	5.723422e+04	5.639047e+04	3.013923e+02	2.233825e+01	2020	2	6	18
	4634512	85.005000	-20.632700	9.877419e+04	1.910866e+01	1.077636e+05	1.070051e+05	5.712201e+04	5.613526e+04	3.011335e+02	2.298709e+01	2020	2	7	0
	4720786	86.006200	-22.179300	9.871619e+04	1.933422e+01	1.078808e+05	1.067918e+05	5.717723e+04	5.603348e+04	3.006013e+02	3.111503e+01	2020	2	7	6
	4846563	87.211500	-24.499100	9.838944e+04	2.663802e+01	1.078305e+05	1.061290e+05	5.711975e+04	5.577525e+04	2.999807e+02	4.152563e+01	2020	2	7	12
	4993183	89.096000	-27.311100	9.816412e+04	3.046768e+01	1.078369e+05	1.058394e+05	5.718020e+04	5.569270e+04	2.978855e+02	3.938958e+01	2020	2	7	18
	5035920	89.592800	-28.154700	9.815900e+04	2.376269e+01	1.079021e+05	1.054286e+05	5.725375e+04	5.564175e+04	2.974934e+02	1.572262e+01	2020	2	8	0
start	30	2020	2	11	18
	4646720	115.142000	-20.843600	9.955725e+04	1.558143e+01	1.081694e+05	1.078684e+05	5.764471e+04	5.681696e+04	3.027539e+02	1.041558e+01	2020	2	11	18
	4650659	114.073000	-20.913900	9.964838e+04	1.573184e+01	1.081724e+05	1.079184e+05	5.770888e+04	5.698388e+04	3.013748e+02	3.714180e+00	2020	2	12	0
	4678190	112.959000	-21.406000	9.963169e+04	1.414462e+01	1.081872e+05	1.079007e+05	5.772410e+04	5.696810e+04	3.019438e+02	2.269085e+00	2020	2	12	6
	4689927	112.293000	-21.616900	9.984844e+04	1.313211e+01	1.082281e+05	1.079411e+05	5.782661e+04	5.712936e+04	3.022102e+02	3.247094e+00	2020	2	12	12
	4682092	111.420000	-21.476300	9.987312e+04	1.138706e+01	1.081249e+05	1.078239e+05	5.769059e+04	5.709334e+04	3.011453e+02	5.485101e+00	2020	2	12	18
	4674240	110.459000	-21.335700	1.000108e+05	1.055601e+01	1.081684e+05	1.079154e+05	5.774579e+04	5.718804e+04	3.009272e+02	2.373395e+00	2020	2	13	0
	4674234	109.908000	-21.335700	9.990394e+04	1.093438e+01	1.081766e+05	1.079186e+05	5.767304e+04	5.714229e+04	3.013306e+02	2.422857e+00	2020	2	13	6
	4666371	109.410000	-21.195100	1.000798e+05	1.128838e+01	1.082015e+05	1.078985e+05	5.771514e+04	5.724739e+04	3.009810e+02	4.318097e+00	2020	2	13	12
	4658496	109.279000	-21.054500	1.000902e+05	1.103430e+01	1.081363e+05	1.078593e+05	5.767602e+04	5.721077e+04	3.008464e+02	5.403621e+00	2020	2	13	18
	4670293	108.605000	-21.265400	1.001866e+05	1.407318e+01	1.081539e+05	1.078689e+05	5.777731e+04	5.728506e+04	3.007869e+02	3.236350e+00	2020	2	14	0
	4654536	107.708000	-20.984200	1.001350e+05	1.382488e+01	1.081822e+05	1.078792e+05	5.771615e+04	5.725065e+04	3.017739e+02	5.947022e+00	2020	2	14	6
	4626817	107.039000	-20.492100	1.002104e+05	1.516812e+01	1.082013e+05	1.078828e+05	5.773821e+04	5.725996e+04	3.014080e+02	7.431729e+00	2020	2	14	12
	4598898	106.020000	-20.000000	1.001994e+05	1.618282e+01	1.081761e+05	1.078491e+05	5.773205e+04	5.723755e+04	3.012673e+02	8.427165e+00	2020	2	14	18
	4538426	105.163000	-18.945500	1.002297e+05	1.592515e+01	1.081562e+05	1.078362e+05	5.773943e+04	5.725218e+04	3.017563e+02	6.392519e+00	2020	2	15	0
	4534352	104.173000	-18.875200	1.002044e+05	1.602907e+01	1.081881e+05	1.078801e+05	5.772619e+04	5.725569e+04	3.021772e+02	8.096696e+00	2020	2	15	6
	4522123	102.718000	-18.664300	1.002760e+05	1.593090e+01	1.082418e+05	1.079083e+05	5.774618e+04	5.726018e+04	3.021182e+02	7.674270e+00	2020	2	15	12
	4493473	101.491000	-18.172200	1.003059e+05	1.628126e+01	1.082135e+05	1.078435e+05	5.772201e+04	5.730126e+04	3.020681e+02	1.169620e+01	2020	2	15	18
	4501663	100.459000	-18.312800	1.002847e+05	1.569156e+01	1.081701e+05	1.078016e+05	5.772832e+04	5.723207e+04	3.014839e+02	9.893605e+00	2020	2	16	0
	4505750	99.765400	-18.383100	1.002369e+05	1.587068e+01	1.081393e+05	1.078038e+05	5.773859e+04	5.727059e+04	3.014734e+02	9.578270e+00	2020	2	16	6
	4505737	98.621700	-18.383100	1.001718e+05	1.641102e+01	1.081133e+05	1.077783e+05	5.767453e+04	5.725528e+04	3.009609e+02	8.401355e+00	2020	2	16	12
	4530209	97.433600	-18.804900	1.002490e+05	1.560615e+01	1.080493e+05	1.077423e+05	5.765724e+04	5.724099e+04	3.007356e+02	9.966275e+00	2020	2	16	18
	4517974	96.529400	-18.594000	1.001609e+05	1.592269e+01	1.079319e+05	1.076624e+05	5.758972e+04	5.716672e+04	3.008823e+02	7.297686e+00	2020	2	17	0
	4538324	96.118200	-18.945500	1.002224e+05	1.509777e+01	1.079518e+05	1.077742e+05	5.760403e+04	5.717528e+04	3.008901e+02	3.742494e+00	2020	2	17	6
	4574697	94.920500	-19.578200	1.001317e+05	1.585387e+01	1.079495e+05	1.077620e+05	5.758086e+04	5.716611e+04	3.009194e+02	5.351888e+00	2020	2	17	12
	4590751	93.682600	-19.859400	1.002524e+05	1.631408e+01	1.080046e+05	1.077886e+05	5.756539e+04	5.722164e+04	3.009473e+02	1.247143e+01	2020	2	17	18
	4598756	93.240000	-20.000000	1.002006e+05	1.722591e+01	1.078274e+05	1.075844e+05	5.749867e+04	5.713867e+04	3.009258e+02	8.725342e+00	2020	2	18	0
	4610734	92.617900	-20.210900	1.002252e+05	1.650733e+01	1.080024e+05	1.076114e+05	5.755915e+04	5.720390e+04	3.010962e+02	5.417125e+00	2020	2	18	6
	4610726	91.895700	-20.210900	1.001631e+05	1.574447e+01	1.079159e+05	1.074804e+05	5.750669e+04	5.717419e+04	3.011797e+02	6.526358e+00	2020	2	18	12
	4594737	91.798200	-19.929700	1.002819e+05	1.453547e+01	1.079645e+05	1.074100e+05	5.754910e+04	5.718535e+04	3.011160e+02	1.049967e+01	2020	2	18	18
	4606728	91.262500	-20.140600	1.001588e+05	1.553834e+01	1.078361e+05	1.070656e+05	5.741639e+04	5.708764e+04	3.011013e+02	8.434414e+00	2020	2	19	0
start	24	2020	2	12	0
	4048932	59.946900	-10.931500	1.001691e+05	1.009914e+01	1.076724e+05	1.074229e+05	5.733463e+04	5.693988e+04	3.029451e+02	3.045299e+01	2020	2	12	0
	4035365	60.185500	-10.720600	1.003152e+05	1.186784e+01	1.078412e+05	1.076227e+05	5.748760e+04	5.715760e+04	3.029536e+02	2.694064e+01	2020	2	12	6
	4057967	60.612200	-11.072100	1.000657e+05	1.294868e+01	1.077671e+05	1.074811e+05	5.732436e+04	5.697211e+04	3.039729e+02	2.913128e+01	2020	2	12	12
	4178249	59.645500	-12.970100	1.003224e+05	1.215281e+01	1.079799e+05	1.076744e+05	5.757859e+04	5.719984e+04	3.031736e+02	3.229324e+01	2020	2	12	18
	4187061	61.065600	-13.110700	1.000578e+05	1.598977e+01	1.077989e+05	1.074944e+05	5.735454e+04	5.695629e+04	3.029966e+02	3.445034e+01	2020	2	13	0
	4178268	61.200000	-12.970100	1.002517e+05	1.532776e+01	1.079826e+05	1.077351e+05	5.761054e+04	5.715029e+04	3.029761e+02	3.328389e+01	2020	2	13	6
	4222078	60.935800	-13.673100	9.996675e+04	1.537164e+01	1.079165e+05	1.076305e+05	5.742964e+04	5.698639e+04	3.034595e+02	3.590083e+01	2020	2	13	12
	4304221	60.924400	-15.008800	1.001834e+05	1.525380e+01	1.081588e+05	1.078648e+05	5.767727e+04	5.707727e+04	3.029939e+02	4.202439e+01	2020	2	13	18
	4312790	61.459300	-15.149400	9.988712e+04	1.607485e+01	1.079214e+05	1.076134e+05	5.750131e+04	5.691581e+04	3.029363e+02	4.665939e+01	2020	2	14	0
	4380706	60.683800	-16.274200	1.000402e+05	1.728137e+01	1.081152e+05	1.078877e+05	5.763715e+04	5.707790e+04	3.028843e+02	3.291962e+01	2020	2	14	6
	4359581	59.971600	-15.922700	9.977119e+04	1.670569e+01	1.079968e+05	1.077428e+05	5.749471e+04	5.689246e+04	3.031082e+02	3.661786e+01	2020	2	14	12
	4426811	60.719800	-17.047500	9.999294e+04	1.768397e+01	1.082691e+05	1.078876e+05	5.775005e+04	5.699155e+04	3.026687e+02	4.601699e+01	2020	2	14	18
	4455895	60.434800	-17.539500	9.966144e+04	1.911368e+01	1.079957e+05	1.076047e+05	5.750268e+04	5.669043e+04	3.025229e+02	3.818211e+01	2020	2	15	0
	4460042	61.102500	-17.609800	9.972938e+04	1.996052e+01	1.082201e+05	1.078556e+05	5.775794e+04	5.685394e+04	3.023550e+02	3.786199e+01	2020	2	15	6
	4501210	60.644500	-18.312800	9.946950e+04	1.979028e+01	1.081163e+05	1.075828e+05	5.758568e+04	5.656918e+04	3.020645e+02	4.002661e+01	2020	2	15	12
	4533861	60.679100	-18.875200	9.958062e+04	2.125489e+01	1.083350e+05	1.077860e+05	5.782601e+04	5.671201e+04	3.016960e+02	4.454289e+01	2020	2	15	18
	4570285	60.506500	-19.507900	9.926394e+04	2.326768e+01	1.080401e+05	1.075476e+05	5.761132e+04	5.649907e+04	3.015630e+02	3.386369e+01	2020	2	16	0
	4638205	60.454500	-20.703000	9.929694e+04	2.418501e+01	1.082383e+05	1.075133e+05	5.775184e+04	5.659484e+04	3.015261e+02	2.487848e+01	2020	2	16	6
	4638210	60.909100	-20.703000	9.912131e+04	2.428840e+01	1.081198e+05	1.073063e+05	5.760928e+04	5.643003e+04	3.015586e+02	2.527372e+01	2020	2	16	12
	4677628	61.346900	-21.406000	9.922075e+04	2.196762e+01	1.083458e+05	1.074678e+05	5.781299e+04	5.665749e+04	3.011018e+02	2.466207e+01	2020	2	16	18
	4701081	61.078000	-21.827800	9.907894e+04	2.238367e+01	1.079944e+05	1.072174e+05	5.753672e+04	5.658172e+04	3.009038e+02	2.012363e+01	2020	2	17	0
	4720524	61.671800	-22.179300	9.937938e+04	2.123687e+01	1.081908e+05	1.074038e+05	5.769628e+04	5.690253e+04	3.007808e+02	1.877859e+01	2020	2	17	6
	4724393	61.084700	-22.249600	9.937569e+04	1.584432e+01	1.080060e+05	1.072015e+05	5.753036e+04	5.696586e+04	3.014419e+02	1.595898e+01	2020	2	17	12
	4766766	61.880900	-23.022800	9.967219e+04	1.802167e+01	1.081451e+05	1.072426e+05	5.767164e+04	5.712039e+04	3.005898e+02	1.770390e+01	2020	2	17	18
start	26	2020	2	14	12
	4563074	136.829000	-19.367300	9.997869e+04	1.238350e+01	1.084073e+05	1.080428e+05	5.776571e+04	5.708746e+04	-9.000000e+33	2.299018e+01	2020	2	14	12
	4563059	135.491000	-19.367300	9.970244e+04	9.123446e+00	1.081631e+05	1.078466e+05	5.747905e+04	5.682205e+04	-9.000000e+33	1.389010e+01	2020	2	14	18
	4579166	134.866000	-19.648500	1.000177e+05	1.058737e+01	1.083167e+05	1.080262e+05	5.765793e+04	5.709893e+04	-9.000000e+33	1.894176e+01	2020	2	15	0
	4611194	134.142000	-20.210900	9.966088e+04	1.044102e+01	1.082726e+05	1.079986e+05	5.749169e+04	5.695269e+04	-9.000000e+33	2.161395e+01	2020	2	15	6
	4579155	133.881000	-19.648500	9.989100e+04	7.462737e+00	1.082818e+05	1.080773e+05	5.761743e+04	5.710343e+04	-9.000000e+33	2.199797e+01	2020	2	15	12
	4559007	134.287000	-19.297000	9.963612e+04	8.365088e+00	1.079890e+05	1.078330e+05	5.734326e+04	5.679676e+04	-9.000000e+33	1.825902e+01	2020	2	15	18
	4559012	134.733000	-19.297000	9.976469e+04	1.121491e+01	1.081541e+05	1.079546e+05	5.745107e+04	5.693007e+04	-9.000000e+33	2.777760e+01	2020	2	16	0
	4506151	135.044000	-18.383100	9.935544e+04	1.104578e+01	1.080353e+05	1.078283e+05	5.731659e+04	5.672659e+04	-9.000000e+33	2.857713e+01	2020	2	16	6
	4493865	135.877000	-18.172200	9.959406e+04	9.389811e+00	1.082143e+05	1.078813e+05	5.745203e+04	5.681853e+04	-9.000000e+33	3.273636e+01	2020	2	16	12
	4518426	136.412000	-18.594000	9.928675e+04	8.930087e+00	1.080123e+05	1.075633e+05	5.713799e+04	5.650299e+04	-9.000000e+33	2.326559e+01	2020	2	16	18
	4538781	136.640000	-18.945500	9.945319e+04	1.053264e+01	1.080529e+05	1.077109e+05	5.733897e+04	5.662722e+04	-9.000000e+33	2.047190e+01	2020	2	17	0
	4514346	136.631000	-18.523700	9.914438e+04	1.285614e+01	1.079242e+05	1.076602e+05	5.714728e+04	5.646753e+04	-9.000000e+33	2.735826e+01	2020	2	17	6
	4506180	137.595000	-18.383100	9.939369e+04	1.232625e+01	1.080980e+05	1.078035e+05	5.736186e+04	5.665436e+04	3.032437e+02	3.187401e+01	2020	2	17	12
	4493890	138.070000	-18.172200	9.908669e+04	1.246605e+01	1.078066e+05	1.074966e+05	5.713239e+04	5.640789e+04	3.031035e+02	2.108521e+01	2020	2	17	18
	4506195	138.915000	-18.383100	9.928931e+04	1.322315e+01	1.080014e+05	1.076474e+05	5.735617e+04	5.659917e+04	3.028477e+02	1.955226e+01	2020	2	18	0
	4538816	139.744000	-18.945500	9.900044e+04	1.331632e+01	1.080109e+05	1.075379e+05	5.712865e+04	5.646215e+04	3.028774e+02	2.547323e+01	2020	2	18	6
	4555037	140.742000	-19.226700	9.927912e+04	1.248399e+01	1.080929e+05	1.076274e+05	5.743844e+04	5.664519e+04	3.027451e+02	2.153550e+01	2020	2	18	12
	4611274	141.364000	-20.210900	9.895038e+04	1.044604e+01	1.078515e+05	1.072895e+05	5.709485e+04	5.637035e+04	-9.000000e+33	1.461233e+01	2020	2	18	18
	4623229	142.062000	-20.421800	9.936331e+04	1.151623e+01	1.081441e+05	1.075541e+05	5.738914e+04	5.667339e+04	-9.000000e+33	1.382065e+01	2020	2	19	0
	4662804	143.049000	-21.124800	9.930606e+04	1.135451e+01	1.081094e+05	1.074749e+05	5.723969e+04	5.658994e+04	-9.000000e+33	1.653073e+01	2020	2	19	6
	4733027	144.503000	-22.390200	9.964425e+04	8.351013e+00	1.083355e+05	1.076785e+05	5.752902e+04	5.665027e+04	-9.000000e+33	1.331600e+01	2020	2	19	12
	4786741	144.926000	-23.374300	9.947375e+04	7.730721e+00	1.082346e+05	1.074256e+05	5.734862e+04	5.669988e+04	-9.000000e+33	8.480402e+00	2020	2	19	18
	4847165	145.096000	-24.499100	9.971669e+04	1.156741e+01	1.085901e+05	1.075571e+05	5.757427e+04	5.697427e+04	-9.000000e+33	1.257860e+01	2020	2	20	0
	4917602	146.630000	-25.834800	9.955988e+04	1.106655e+01	1.085096e+05	1.074621e+05	5.750368e+04	5.684818e+04	-9.000000e+33	1.849594e+01	2020	2	20	6
	5071660	148.284000	-28.857600	9.988344e+04	8.209003e+00	1.086752e+05	1.070262e+05	5.764522e+04	5.688397e+04	-9.000000e+33	2.165790e+01	2020	2	20	12
	5147617	148.838000	-30.404200	9.968388e+04	8.866452e+00	1.084350e+05	1.061870e+05	5.739016e+04	5.638066e+04	-9.000000e+33	1.112238e+01	2020	2	20	18
start	22	2020	2	15	12
	4197336	183.942000	-13.251300	1.001142e+05	1.585596e+01	1.082683e+05	1.077983e+05	5.748168e+04	5.721818e+04	3.028242e+02	4.430041e+01	2020	2	15	12
	4175388	185.722000	-12.899800	9.998612e+04	1.721198e+01	1.081975e+05	1.077840e+05	5.743176e+04	5.709826e+04	3.028289e+02	4.562744e+01	2020	2	15	18
	4184210	187.534000	-13.040400	9.983019e+04	1.954076e+01	1.081441e+05	1.077946e+05	5.740132e+04	5.700232e+04	3.029946e+02	4.205214e+01	2020	2	16	0
	4193008	188.696000	-13.181000	9.974044e+04	1.740455e+01	1.081673e+05	1.077218e+05	5.735684e+04	5.694459e+04	3.028816e+02	4.213794e+01	2020	2	16	6
	4179834	189.327000	-12.970100	9.963106e+04	2.010123e+01	1.081738e+05	1.076533e+05	5.733578e+04	5.681078e+04	3.027744e+02	5.385033e+01	2020	2	16	12
	4193026	190.173000	-13.181000	9.958350e+04	1.998335e+01	1.080573e+05	1.075523e+05	5.724974e+04	5.684874e+04	3.027190e+02	5.394015e+01	2020	2	16	18
	4188638	190.328000	-13.110700	9.943944e+04	1.936368e+01	1.080314e+05	1.075524e+05	5.725247e+04	5.677697e+04	3.030552e+02	4.627176e+01	2020	2	17	0
	4135657	191.108000	-12.267100	9.927012e+04	2.623272e+01	1.080368e+05	1.075858e+05	5.730028e+04	5.655303e+04	3.028979e+02	4.318345e+01	2020	2	17	6
	4197414	190.347000	-13.251300	9.918369e+04	2.175037e+01	1.079675e+05	1.075425e+05	5.721161e+04	5.654436e+04	3.027417e+02	4.074910e+01	2020	2	17	12
	4258394	190.148000	-14.235500	9.912869e+04	2.001913e+01	1.079171e+05	1.075151e+05	5.719364e+04	5.673564e+04	3.026436e+02	3.383242e+01	2020	2	17	18
	4305761	190.336000	-15.008800	9.911956e+04	2.150511e+01	1.080239e+05	1.075084e+05	5.718592e+04	5.670617e+04	3.029512e+02	2.831908e+01	2020	2	18	0
	4331386	189.803000	-15.430600	9.914469e+04	1.978908e+01	1.080074e+05	1.075949e+05	5.727265e+04	5.682840e+04	3.025669e+02	2.476913e+01	2020	2	18	6
	4390641	190.533000	-16.414800	9.913612e+04	2.245031e+01	1.081839e+05	1.075869e+05	5.733319e+04	5.673094e+04	3.023867e+02	2.843319e+01	2020	2	18	12
	4428317	190.797000	-17.047500	9.902638e+04	2.188959e+01	1.081020e+05	1.076375e+05	5.741860e+04	5.646360e+04	3.020535e+02	2.388567e+01	2020	2	18	18
	4510877	191.008000	-18.453400	9.896756e+04	3.047630e+01	1.081696e+05	1.076296e+05	5.742264e+04	5.657489e+04	3.016609e+02	2.738125e+01	2020	2	19	0
	4607836	191.182000	-20.140600	9.836656e+04	3.607742e+01	1.081954e+05	1.075189e+05	5.746344e+04	5.621719e+04	3.014199e+02	2.512828e+01	2020	2	19	6
	4690788	191.607000	-21.616900	9.878525e+04	2.573547e+01	1.081705e+05	1.073205e+05	5.745052e+04	5.678102e+04	3.010366e+02	2.837231e+01	2020	2	19	12
	4783422	191.333000	-23.304000	9.875600e+04	2.457570e+01	1.081866e+05	1.072106e+05	5.745638e+04	5.673788e+04	3.005000e+02	2.171726e+01	2020	2	19	18
	4881179	191.359000	-25.131800	9.893594e+04	2.609253e+01	1.081601e+05	1.070511e+05	5.745202e+04	5.671152e+04	3.003557e+02	2.882074e+01	2020	2	20	0
	4972628	191.574000	-26.889300	9.888912e+04	3.416061e+01	1.080611e+05	1.067951e+05	5.746493e+04	5.665543e+04	2.999065e+02	2.982795e+01	2020	2	20	6
	5103381	191.549000	-29.490300	9.917669e+04	2.506031e+01	1.078457e+05	1.066002e+05	5.739522e+04	5.676047e+04	2.989272e+02	3.368679e+01	2020	2	20	12
	4870044	192.000000	-24.920900	1.001279e+05	2.223060e+01	1.081000e+05	1.067540e+05	5.762366e+04	5.687816e+04	3.002410e+02	2.892073e+01	2020	2	20	18
start	20	2020	2	16	12
	2803123	138.269000	7.065030	1.006616e+05	1.574436e+01	1.080818e+05	1.078508e+05	5.778953e+04	5.739078e+04	3.027412e+02	2.272298e+01	2020	2	16	12
	2788914	136.715000	7.275920	1.003542e+05	1.577839e+01	1.078848e+05	1.076068e+05	5.760474e+04	5.720624e+04	3.026711e+02	2.181363e+01	2020	2	16	18
	2746550	135.614000	7.908610	1.004917e+05	1.752582e+01	1.081314e+05	1.078519e+05	5.779622e+04	5.738022e+04	3.024126e+02	1.933942e+01	2020	2	17	0
	2741846	134.193000	7.978910	1.000591e+05	1.826777e+01	1.079258e+05	1.077152e+05	5.753203e+04	5.715753e+04	3.027476e+02	2.297540e+01	2020	2	17	6
	2695198	133.178000	8.681900	1.001487e+05	2.033819e+01	1.081605e+05	1.078975e+05	5.772236e+04	5.720611e+04	3.020435e+02	2.367384e+01	2020	2	17	12
	2681275	132.358000	8.892790	9.987669e+04	1.835036e+01	1.078741e+05	1.076051e+05	5.751014e+04	5.714189e+04	3.019824e+02	1.759208e+01	2020	2	17	18
	2658156	131.448000	9.244290	9.966356e+04	2.202909e+01	1.080624e+05	1.078144e+05	5.773092e+04	5.729517e+04	3.019697e+02	1.581827e+01	2020	2	18	0
	2630547	130.488000	9.666080	9.968344e+04	2.174963e+01	1.079014e+05	1.077014e+05	5.753590e+04	5.704640e+04	3.025864e+02	1.645506e+01	2020	2	18	6
	2621372	129.852000	9.806680	9.964288e+04	2.081131e+01	1.081049e+05	1.079009e+05	5.773919e+04	5.725544e+04	3.020254e+02	1.360798e+01	2020	2	18	12
	2612207	128.740000	9.947280	9.940062e+04	2.437706e+01	1.079270e+05	1.076640e+05	5.758735e+04	5.689110e+04	3.018992e+02	1.294359e+01	2020	2	18	18
	2593943	127.928000	10.228500	9.903881e+04	3.110241e+01	1.080391e+05	1.074876e+05	5.774639e+04	5.666389e+04	3.017732e+02	1.358327e+01	2020	2	19	0
	2589379	127.091000	10.298800	9.934656e+04	2.463897e+01	1.078424e+05	1.076119e+05	5.760994e+04	5.678269e+04	3.019189e+02	1.539769e+01	2020	2	19	6
	2580275	126.364000	10.439400	9.916125e+04	2.656379e+01	1.080720e+05	1.077330e+05	5.775002e+04	5.669327e+04	3.018560e+02	1.305931e+01	2020	2	19	12
	2571184	125.397000	10.580000	9.940875e+04	2.548268e+01	1.079211e+05	1.075846e+05	5.762362e+04	5.662712e+04	3.019951e+02	2.109618e+01	2020	2	19	18
	2571172	124.444000	10.580000	9.977194e+04	2.291265e+01	1.081001e+05	1.077611e+05	5.777352e+04	5.697077e+04	3.018713e+02	2.337719e+01	2020	2	20	0
	2557574	123.660000	10.790900	9.914688e+04	2.962199e+01	1.078976e+05	1.074331e+05	5.766518e+04	5.649093e+04	3.019846e+02	1.433199e+01	2020	2	20	6
	2548525	122.843000	10.931500	9.986694e+04	1.838393e+01	1.080142e+05	1.076687e+05	5.780497e+04	5.692647e+04	3.017271e+02	9.857470e+00	2020	2	20	12
	2557547	121.512000	10.790900	1.003234e+05	1.754488e+01	1.079220e+05	1.077400e+05	5.770966e+04	5.729716e+04	3.018787e+02	9.758302e+00	2020	2	20	18
	2575660	120.529000	10.509700	1.005084e+05	1.740448e+01	1.080728e+05	1.078538e+05	5.782966e+04	5.751566e+04	3.020652e+02	8.438107e+00	2020	2	21	0
	2557524	119.682000	10.790900	1.004594e+05	1.537636e+01	1.079461e+05	1.078051e+05	5.768632e+04	5.749507e+04	3.028289e+02	6.176247e+00	2020	2	21	6
start	35	2020	2	16	12
	4314110	172.591000	-15.149400	1.001241e+05	1.241850e+01	1.082443e+05	1.079023e+05	5.755928e+04	5.711178e+04	3.032354e+02	3.617507e+01	2020	2	16	12
	4284082	172.807000	-14.657300	9.988125e+04	1.428121e+01	1.080183e+05	1.077708e+05	5.739149e+04	5.694349e+04	3.031819e+02	3.078436e+01	2020	2	16	18
	4275468	172.987000	-14.516700	9.990319e+04	1.384853e+01	1.081279e+05	1.078679e+05	5.748697e+04	5.705622e+04	3.034312e+02	3.360998e+01	2020	2	17	0
	4249535	173.939000	-14.094900	9.969612e+04	1.535814e+01	1.080358e+05	1.077738e+05	5.731128e+04	5.683328e+04	3.032300e+02	3.488747e+01	2020	2	17	6
	4258207	174.593000	-14.235500	9.961094e+04	1.698626e+01	1.080820e+05	1.077990e+05	5.740586e+04	5.687836e+04	3.031421e+02	2.760984e+01	2020	2	17	12
	4219099	175.133000	-13.602800	9.935269e+04	1.692097e+01	1.079061e+05	1.076851e+05	5.722639e+04	5.669964e+04	3.029131e+02	2.420712e+01	2020	2	17	18
	4184063	175.496000	-13.040400	9.940181e+04	1.801243e+01	1.080234e+05	1.077774e+05	5.729817e+04	5.677517e+04	3.030586e+02	2.904359e+01	2020	2	18	0
	4188462	175.902000	-13.110700	9.920469e+04	1.815641e+01	1.079814e+05	1.076394e+05	5.717690e+04	5.663065e+04	3.027183e+02	3.002537e+01	2020	2	18	6
	4157629	176.661000	-12.618600	9.933288e+04	1.914117e+01	1.081079e+05	1.077799e+05	5.733269e+04	5.674569e+04	3.026963e+02	2.996372e+01	2020	2	18	12
	4192872	177.539000	-13.181000	9.919238e+04	1.835397e+01	1.080325e+05	1.076850e+05	5.723035e+04	5.662335e+04	3.026150e+02	2.664761e+01	2020	2	18	18
	4210391	177.447000	-13.462200	9.922506e+04	1.856144e+01	1.081536e+05	1.077836e+05	5.728364e+04	5.661639e+04	3.026023e+02	2.764486e+01	2020	2	19	0
	4227859	178.430000	-13.743400	9.905031e+04	1.866594e+01	1.081569e+05	1.076469e+05	5.722969e+04	5.643294e+04	3.025430e+02	2.997319e+01	2020	2	19	6
	4245254	178.673000	-14.024600	9.893625e+04	1.872332e+01	1.081905e+05	1.075285e+05	5.729302e+04	5.636202e+04	3.025278e+02	2.706907e+01	2020	2	19	12
	4288460	179.163000	-14.727600	9.867800e+04	1.988689e+01	1.081441e+05	1.074551e+05	5.725088e+04	5.626862e+04	3.026670e+02	2.124115e+01	2020	2	19	18
	4305629	179.244000	-15.008800	9.849894e+04	2.005738e+01	1.081846e+05	1.076706e+05	5.734002e+04	5.622652e+04	3.026370e+02	2.683854e+01	2020	2	20	0
	4327003	179.578000	-15.360300	9.826312e+04	2.088242e+01	1.081456e+05	1.074631e+05	5.728118e+04	5.595268e+04	3.025842e+02	2.624585e+01	2020	2	20	6
	4356756	179.830000	-15.852400	9.828719e+04	2.044266e+01	1.081892e+05	1.073742e+05	5.738197e+04	5.593097e+04	3.024946e+02	2.564779e+01	2020	2	20	12
	4382103	180.085000	-16.274200	9.806988e+04	2.474811e+01	1.081190e+05	1.072315e+05	5.729991e+04	5.568816e+04	3.023982e+02	3.037777e+01	2020	2	20	18
	4407305	180.258000	-16.696000	9.812344e+04	2.381396e+01	1.082128e+05	1.071378e+05	5.730141e+04	5.572066e+04	3.023054e+02	2.576297e+01	2020	2	21	0
	4436528	180.692000	-17.188000	9.780862e+04	2.517132e+01	1.081341e+05	1.068856e+05	5.725457e+04	5.545082e+04	3.022019e+02	1.839214e+01	2020	2	21	6
	4457284	181.217000	-17.539500	9.774875e+04	2.863042e+01	1.080863e+05	1.069743e+05	5.731945e+04	5.542795e+04	3.020916e+02	2.063759e+01	2020	2	21	12
	4486174	181.926000	-18.031600	9.743119e+04	3.409227e+01	1.080388e+05	1.068952e+05	5.725038e+04	5.518488e+04	3.019888e+02	1.970550e+01	2020	2	21	18
	4543358	182.663000	-19.015800	9.718688e+04	3.405125e+01	1.081065e+05	1.069880e+05	5.731429e+04	5.519954e+04	3.018835e+02	2.262052e+01	2020	2	22	0
	4639561	183.727000	-20.703000	9.705200e+04	3.588907e+01	1.081890e+05	1.069445e+05	5.733231e+04	5.510931e+04	3.015950e+02	2.375799e+01	2020	2	22	6
	4756568	184.500000	-22.812000	9.687762e+04	3.815692e+01	1.082752e+05	1.066557e+05	5.747761e+04	5.518986e+04	3.010540e+02	2.951106e+01	2020	2	22	12
	4910653	185.386000	-25.694200	9.661088e+04	4.221109e+01	1.083511e+05	1.063291e+05	5.764206e+04	5.517331e+04	3.003770e+02	2.278616e+01	2020	2	22	18
	5065022	185.548000	-28.717000	9.702644e+04	3.629007e+01	1.084928e+05	1.064772e+05	5.775175e+04	5.563950e+04	2.994805e+02	1.063716e+01	2020	2	23	0
	5208661	185.719000	-31.669600	9.787231e+04	2.758351e+01	1.085144e+05	1.065809e+05	5.778226e+04	5.602651e+04	2.983862e+02	9.528429e+00	2020	2	23	6
	5313361	185.499000	-33.919200	9.829719e+04	2.316217e+01	1.083411e+05	1.066961e+05	5.770303e+04	5.612003e+04	2.974014e+02	8.397639e+00	2020	2	23	12
	5401621	186.163000	-35.887500	9.846012e+04	2.095570e+01	1.081425e+05	1.066250e+05	5.757498e+04	5.608723e+04	2.962893e+02	5.208360e+00	2020	2	23	18
	5474786	187.920000	-37.574700	9.861650e+04	2.164543e+01	1.081004e+05	1.063234e+05	5.756264e+04	5.598539e+04	2.953396e+02	3.982400e+00	2020	2	24	0
	5557238	190.720000	-39.543100	9.856019e+04	2.163825e+01	1.079546e+05	1.056791e+05	5.745594e+04	5.553419e+04	2.944465e+02	5.750031e+00	2020	2	24	6
	5639328	193.766000	-41.581700	9.838512e+04	2.037865e+01	1.076082e+05	1.049132e+05	5.716524e+04	5.517124e+04	2.931553e+02	9.404496e+00	2020	2	24	12
	5704725	197.085000	-43.268900	9.819119e+04	1.865107e+01	1.071337e+05	1.039902e+05	5.681130e+04	5.471255e+04	2.920159e+02	1.268347e+01	2020	2	24	18
	5752266	200.461000	-44.534300	9.801712e+04	1.809353e+01	1.067264e+05	1.033199e+05	5.646638e+04	5.435638e+04	2.915046e+02	1.180180e+01	2020	2	25	0
start	36	2020	2	22	18
	4072191	117.785000	-11.283000	1.004809e+05	1.124777e+01	1.078946e+05	1.076896e+05	5.757481e+04	5.724981e+04	3.032646e+02	2.691003e+01	2020	2	22	18
	4063182	117.176000	-11.142400	1.005682e+05	1.337972e+01	1.080342e+05	1.078342e+05	5.766825e+04	5.732150e+04	3.032773e+02	2.492327e+01	2020	2	23	0
	4040597	116.260000	-10.790900	1.003651e+05	1.145344e+01	1.079659e+05	1.078159e+05	5.757876e+04	5.716226e+04	3.036187e+02	2.562029e+01	2020	2	23	6
	4004272	116.313000	-10.228500	1.005092e+05	1.217626e+01	1.081366e+05	1.079351e+05	5.768878e+04	5.725903e+04	3.036182e+02	2.967754e+01	2020	2	23	12
	4049634	115.908000	-10.931500	1.003869e+05	1.342392e+01	1.079860e+05	1.078285e+05	5.763073e+04	5.713723e+04	3.036448e+02	3.112545e+01	2020	2	23	18
	4031527	115.260000	-10.650300	1.004020e+05	1.329965e+01	1.080774e+05	1.078594e+05	5.769814e+04	5.713339e+04	3.036003e+02	3.058010e+01	2020	2	24	0
	4036059	115.362000	-10.720600	1.001412e+05	1.408749e+01	1.080151e+05	1.077411e+05	5.758594e+04	5.688394e+04	3.036760e+02	2.920961e+01	2020	2	24	6
	4081144	115.187000	-11.423500	1.001524e+05	1.609674e+01	1.081227e+05	1.077982e+05	5.771599e+04	5.700924e+04	3.031885e+02	2.900870e+01	2020	2	24	12
	4090109	114.830000	-11.564100	9.997594e+04	1.575076e+01	1.080097e+05	1.077222e+05	5.760605e+04	5.688805e+04	3.030735e+02	3.404053e+01	2020	2	24	18
	4130272	114.707000	-12.196800	9.995562e+04	1.796878e+01	1.081469e+05	1.077644e+05	5.771713e+04	5.693663e+04	3.030300e+02	3.031520e+01	2020	2	25	0
	4165693	113.989000	-12.759200	9.965231e+04	1.973232e+01	1.080701e+05	1.076801e+05	5.762809e+04	5.671359e+04	3.030312e+02	2.498546e+01	2020	2	25	6
	4183301	113.094000	-13.040400	9.960000e+04	2.076562e+01	1.081606e+05	1.077421e+05	5.773844e+04	5.667719e+04	3.030833e+02	2.588901e+01	2020	2	25	12
	4200853	112.849000	-13.321600	9.933788e+04	2.409525e+01	1.080108e+05	1.075758e+05	5.760668e+04	5.650118e+04	3.030527e+02	3.273082e+01	2020	2	25	18
	4222707	112.872000	-13.673100	9.913844e+04	2.518410e+01	1.081058e+05	1.075543e+05	5.768055e+04	5.635505e+04	3.029670e+02	3.049025e+01	2020	2	26	0
	4235767	112.521000	-13.884000	9.881925e+04	2.443132e+01	1.080454e+05	1.073994e+05	5.758592e+04	5.614492e+04	3.029517e+02	2.613041e+01	2020	2	26	6
	4261788	112.562000	-14.305800	9.867088e+04	2.613698e+01	1.081648e+05	1.074238e+05	5.770471e+04	5.606771e+04	3.028291e+02	3.003910e+01	2020	2	26	12
	4279057	112.730000	-14.587000	9.812162e+04	2.825813e+01	1.079857e+05	1.071352e+05	5.758943e+04	5.570568e+04	3.026396e+02	3.255331e+01	2020	2	26	18
	4317675	112.837000	-15.219700	9.800956e+04	2.709368e+01	1.080918e+05	1.069528e+05	5.763878e+04	5.553953e+04	3.024773e+02	3.142970e+01	2020	2	27	0
	4347484	112.648000	-15.711800	9.757100e+04	2.816613e+01	1.079809e+05	1.067859e+05	5.752004e+04	5.510729e+04	3.025234e+02	2.696046e+01	2020	2	27	6
	4372879	112.521000	-16.133600	9.737550e+04	3.341388e+01	1.081539e+05	1.068334e+05	5.773202e+04	5.505252e+04	3.025349e+02	2.627098e+01	2020	2	27	12
	4393928	112.114000	-16.485100	9.717794e+04	3.454449e+01	1.080137e+05	1.068027e+05	5.767674e+04	5.507124e+04	3.027144e+02	2.827382e+01	2020	2	27	18
	4435736	112.154000	-17.188000	9.670219e+04	3.896362e+01	1.081005e+05	1.066960e+05	5.776225e+04	5.478800e+04	3.024861e+02	2.385668e+01	2020	2	28	0
	4464760	111.868000	-17.680100	9.620594e+04	4.503181e+01	1.080631e+05	1.066071e+05	5.764906e+04	5.448031e+04	3.023713e+02	1.867939e+01	2020	2	28	6
	4489484	111.821000	-18.101900	9.639044e+04	4.442303e+01	1.082399e+05	1.069644e+05	5.785183e+04	5.480083e+04	3.021287e+02	1.769668e+01	2020	2	28	12
	4514063	111.685000	-18.523700	9.658956e+04	4.260918e+01	1.081351e+05	1.067661e+05	5.775633e+04	5.504433e+04	3.020125e+02	2.067547e+01	2020	2	28	18
	4534437	111.703000	-18.875200	9.663962e+04	4.126759e+01	1.082306e+05	1.070296e+05	5.785152e+04	5.505427e+04	3.019131e+02	1.891900e+01	2020	2	29	0
	4562793	111.764000	-19.367300	9.636319e+04	4.152028e+01	1.081517e+05	1.071552e+05	5.773215e+04	5.514215e+04	3.018699e+02	1.494553e+01	2020	2	29	6
	4594959	111.758000	-19.929700	9.736512e+04	3.253237e+01	1.082689e+05	1.076204e+05	5.788432e+04	5.589407e+04	3.018408e+02	1.109756e+01	2020	2	29	12
	4610944	111.575000	-20.210900	9.778294e+04	2.873897e+01	1.080976e+05	1.074186e+05	5.773779e+04	5.605804e+04	3.017512e+02	1.498461e+01	2020	2	29	18
	4626869	111.752000	-20.492100	9.660831e+04	4.169028e+01	1.081841e+05	1.069716e+05	5.779593e+04	5.500243e+04	3.016531e+02	1.007876e+01	2020	3	1	0
	4658521	111.563000	-21.054500	9.728200e+04	3.427789e+01	1.082830e+05	1.073455e+05	5.774612e+04	5.576362e+04	3.016211e+02	7.199124e+00	2020	3	1	6
	4697732	111.877000	-21.757500	9.786919e+04	3.407460e+01	1.083526e+05	1.076376e+05	5.793643e+04	5.627843e+04	3.015913e+02	6.612831e+00	2020	3	1	12
	4736538	111.731000	-22.460500	9.845250e+04	2.475509e+01	1.081141e+05	1.074561e+05	5.774843e+04	5.667818e+04	3.013940e+02	7.968095e+00	2020	3	1	18
	4782580	111.815000	-23.304000	9.842638e+04	2.851664e+01	1.082418e+05	1.073002e+05	5.780070e+04	5.646845e+04	3.007246e+02	5.722406e+00	2020	3	2	0
	4828045	111.807000	-24.147600	9.890294e+04	2.180544e+01	1.081621e+05	1.070866e+05	5.776063e+04	5.715163e+04	3.004949e+02	4.082811e+00	2020	3	2	6
	4872937	112.088000	-24.991200	9.941850e+04	1.799138e+01	1.083412e+05	1.070797e+05	5.787307e+04	5.719157e+04	3.004924e+02	7.385982e+00	2020	3	2	12
start	41	2020	3	1	6
	4248180	61.439100	-14.094900	1.006440e+05	1.172738e+01	1.082320e+05	1.079780e+05	5.782162e+04	5.737312e+04	3.034033e+02	2.870888e+01	2020	3	1	6
	4204601	60.959800	-13.391900	1.002887e+05	9.746513e+00	1.081051e+05	1.077671e+05	5.759793e+04	5.706793e+04	3.040972e+02	3.973410e+01	2020	3	1	12
	4287043	60.530200	-14.727600	1.004625e+05	1.372866e+01	1.083051e+05	1.078781e+05	5.778593e+04	5.728093e+04	3.033169e+02	4.516288e+01	2020	3	1	18
	4256847	61.469500	-14.235500	1.000656e+05	1.386270e+01	1.079932e+05	1.076798e+05	5.751920e+04	5.697920e+04	3.031035e+02	5.134607e+01	2020	3	2	0
	4278431	60.417800	-14.587000	1.001759e+05	1.508283e+01	1.081571e+05	1.079141e+05	5.773338e+04	5.714913e+04	3.031111e+02	4.235204e+01	2020	3	2	6
	4295629	59.804300	-14.868200	9.981175e+04	1.536019e+01	1.079637e+05	1.076457e+05	5.749457e+04	5.688932e+04	3.032424e+02	4.999844e+01	2020	3	2	12
	4252486	59.002800	-14.165200	9.993094e+04	1.509916e+01	1.081470e+05	1.077690e+05	5.758269e+04	5.696844e+04	3.029973e+02	5.753172e+01	2020	3	2	18
	4287028	59.274400	-14.727600	9.945850e+04	1.601242e+01	1.078582e+05	1.074112e+05	5.730700e+04	5.656575e+04	3.028687e+02	5.198431e+01	2020	3	3	0
	4308478	58.710300	-15.079100	9.954931e+04	1.890484e+01	1.080155e+05	1.076205e+05	5.748840e+04	5.672540e+04	3.027371e+02	4.595285e+01	2020	3	3	6
	4299901	58.181000	-14.938500	9.915931e+04	1.838506e+01	1.077911e+05	1.073591e+05	5.722727e+04	5.641077e+04	3.032883e+02	5.238374e+01	2020	3	3	12
	4304184	57.815100	-15.008800	9.924269e+04	1.928123e+01	1.079472e+05	1.074952e+05	5.741846e+04	5.648321e+04	3.026077e+02	5.608084e+01	2020	3	3	18
	4304187	58.067200	-15.008800	9.880438e+04	2.249661e+01	1.077687e+05	1.071867e+05	5.722570e+04	5.612170e+04	3.024519e+02	4.698616e+01	2020	3	4	0
	4368009	57.358000	-16.063300	9.898775e+04	2.270270e+01	1.080766e+05	1.074521e+05	5.751166e+04	5.630141e+04	3.022578e+02	4.119133e+01	2020	3	4	6
	4401673	56.421800	-16.625700	9.868444e+04	2.059490e+01	1.080186e+05	1.073001e+05	5.733846e+04	5.610071e+04	3.024224e+02	3.964825e+01	2020	3	4	12
	4414231	56.067000	-16.836600	9.889200e+04	2.063257e+01	1.081972e+05	1.075332e+05	5.760908e+04	5.630733e+04	3.021123e+02	4.363743e+01	2020	3	4	18
	4476489	54.961200	-17.891000	9.862525e+04	2.395205e+01	1.080646e+05	1.073546e+05	5.745131e+04	5.611906e+04	3.020435e+02	4.310822e+01	2020	3	5	0
	4501131	53.701200	-18.312800	9.882612e+04	2.536776e+01	1.083228e+05	1.076168e+05	5.765993e+04	5.634418e+04	3.019673e+02	3.984876e+01	2020	3	5	6
	4549992	51.936800	-19.156400	9.851425e+04	2.162498e+01	1.081686e+05	1.074541e+05	5.749439e+04	5.615614e+04	3.020085e+02	4.525378e+01	2020	3	5	12
	4582264	52.350600	-19.718800	9.863150e+04	2.846597e+01	1.083281e+05	1.076596e+05	5.780452e+04	5.629102e+04	3.017891e+02	4.485980e+01	2020	3	5	18
	4630161	50.171400	-20.562400	9.846338e+04	2.780198e+01	1.081252e+05	1.073808e+05	5.754863e+04	5.612788e+04	3.022932e+02	3.977391e+01	2020	3	6	0
	4602275	50.000000	-20.070300	9.878788e+04	2.831104e+01	1.082584e+05	1.076999e+05	5.781552e+04	5.645377e+04	3.021741e+02	3.337394e+01	2020	3	6	6
	4673563	48.348600	-21.335700	9.876600e+04	2.480580e+01	1.082202e+05	1.076172e+05	5.764014e+04	5.637239e+04	3.023267e+02	3.590681e+01	2020	3	6	12
	4700941	48.141700	-21.827800	9.910588e+04	2.559019e+01	1.083481e+05	1.078681e+05	5.787635e+04	5.660735e+04	3.020217e+02	3.377877e+01	2020	3	6	18
	4712608	47.456200	-22.038700	9.924888e+04	2.313294e+01	1.081012e+05	1.076862e+05	5.761661e+04	5.650936e+04	3.019631e+02	2.322283e+01	2020	3	7	0
	4789493	45.142000	-23.444600	9.967981e+04	1.850740e+01	1.081727e+05	1.078837e+05	5.770863e+04	5.677788e+04	3.037917e+02	1.758275e+01	2020	3	7	6
	4785670	43.676500	-23.374300	9.931075e+04	1.939342e+01	1.081294e+05	1.078204e+05	5.754324e+04	5.672724e+04	3.043347e+02	1.916169e+01	2020	3	7	12
	4781851	42.969600	-23.304000	9.957162e+04	1.661121e+01	1.082944e+05	1.079864e+05	5.764721e+04	5.692121e+04	3.041877e+02	1.785772e+01	2020	3	7	18
	4770388	42.552300	-23.093100	9.942888e+04	1.498274e+01	1.081163e+05	1.078098e+05	5.746492e+04	5.673692e+04	3.042161e+02	1.734511e+01	2020	3	8	0
	4755049	42.093800	-22.812000	9.955631e+04	1.466963e+01	1.082932e+05	1.079512e+05	5.756690e+04	5.686290e+04	3.041062e+02	1.691991e+01	2020	3	8	6
	4766554	41.943600	-23.022800	9.939200e+04	1.498193e+01	1.082761e+05	1.077846e+05	5.753539e+04	5.672764e+04	3.037903e+02	1.980121e+01	2020	3	8	12
	4751183	39.989600	-22.741700	9.949738e+04	1.835128e+01	1.083983e+05	1.079768e+05	5.766246e+04	5.682921e+04	3.027712e+02	2.226388e+01	2020	3	8	18
	4758859	39.322200	-22.882200	9.923581e+04	1.652617e+01	1.082773e+05	1.078563e+05	5.761528e+04	5.668078e+04	3.023765e+02	2.459126e+01	2020	3	9	0
	4747307	37.328500	-22.671400	9.930862e+04	1.788252e+01	1.083861e+05	1.079046e+05	5.769876e+04	5.675276e+04	3.022546e+02	2.508158e+01	2020	3	9	6
	4739601	37.437800	-22.530800	9.905556e+04	1.987111e+01	1.083276e+05	1.078511e+05	5.763273e+04	5.658948e+04	3.021929e+02	2.666500e+01	2020	3	9	12
	4743439	35.794400	-22.601100	9.911600e+04	1.865976e+01	1.084404e+05	1.079129e+05	5.775649e+04	5.666074e+04	3.021013e+02	3.102060e+01	2020	3	9	18
	4727982	34.808700	-22.319900	9.888275e+04	1.918977e+01	1.082813e+05	1.075883e+05	5.764578e+04	5.628503e+04	3.020339e+02	3.199568e+01	2020	3	10	0
	4696885	33.692300	-21.757500	9.916425e+04	1.840026e+01	1.083088e+05	1.076778e+05	5.774149e+04	5.649399e+04	3.019873e+02	2.412757e+01	2020	3	10	6
	4700771	32.433300	-21.827800	9.934038e+04	1.117750e+01	1.082932e+05	1.077362e+05	5.769828e+04	5.653253e+04	-9.000000e+33	2.368328e+01	2020	3	10	12
	4692956	31.352500	-21.687200	9.981188e+04	1.114618e+01	1.083898e+05	1.079553e+05	5.784309e+04	5.678884e+04	-9.000000e+33	2.636433e+01	2020	3	10	18
	4677279	29.295900	-21.406000	1.000762e+05	1.238664e+01	1.082969e+05	1.077839e+05	5.779966e+04	5.685216e+04	-9.000000e+33	2.063998e+01	2020	3	11	0
	4653660	27.748500	-20.984200	1.004894e+05	1.148983e+01	1.083658e+05	1.078678e+05	5.793574e+04	5.711174e+04	-9.000000e+33	1.447671e+01	2020	3	11	6
start	24	2020	3	7	12
	4291938	110.447000	-14.797900	1.005458e+05	1.126956e+01	1.080569e+05	1.077199e+05	5.778924e+04	5.737999e+04	3.029314e+02	1.474951e+01	2020	3	7	12
	4304802	109.748000	-15.008800	1.004618e+05	9.665694e+00	1.078214e+05	1.076194e+05	5.765046e+04	5.728571e+04	3.029612e+02	2.757417e+01	2020	3	7	18
	4309075	108.925000	-15.079100	1.004131e+05	1.049268e+01	1.078698e+05	1.076243e+05	5.764267e+04	5.723817e+04	3.029524e+02	2.763363e+01	2020	3	8	0
	4283319	108.987000	-14.657300	1.003024e+05	9.689147e+00	1.077762e+05	1.075882e+05	5.751765e+04	5.710490e+04	3.029324e+02	2.410241e+01	2020	3	8	6
	4266067	108.917000	-14.376100	1.003498e+05	1.211977e+01	1.078981e+05	1.076266e+05	5.756689e+04	5.711589e+04	3.029563e+02	2.224464e+01	2020	3	8	12
	4291935	110.196000	-14.797900	1.001926e+05	1.422031e+01	1.077463e+05	1.075413e+05	5.747721e+04	5.692721e+04	3.027654e+02	3.130571e+01	2020	3	8	18
	4351696	110.038000	-15.782100	1.001191e+05	1.400187e+01	1.078033e+05	1.075353e+05	5.749403e+04	5.686228e+04	3.027651e+02	2.756637e+01	2020	3	9	0
	4423206	109.588000	-16.977200	9.990938e+04	1.449607e+01	1.077921e+05	1.075216e+05	5.745901e+04	5.677626e+04	3.029246e+02	2.044908e+01	2020	3	9	6
	4452316	109.459000	-17.469200	9.989131e+04	1.493252e+01	1.078961e+05	1.075816e+05	5.751073e+04	5.684548e+04	3.027974e+02	2.136265e+01	2020	3	9	12
	4509946	109.022000	-18.453400	9.979300e+04	1.469920e+01	1.077689e+05	1.074494e+05	5.739549e+04	5.680149e+04	3.027449e+02	2.464561e+01	2020	3	9	18
	4509944	108.845000	-18.453400	9.973275e+04	1.497782e+01	1.077978e+05	1.074448e+05	5.741978e+04	5.681153e+04	3.027126e+02	2.505073e+01	2020	3	10	0
	4522194	108.989000	-18.664300	9.958925e+04	1.552573e+01	1.077968e+05	1.074812e+05	5.735699e+04	5.675299e+04	3.026953e+02	2.016743e+01	2020	3	10	6
	4538477	109.685000	-18.945500	9.967088e+04	1.504269e+01	1.079358e+05	1.074938e+05	5.751453e+04	5.677003e+04	3.026016e+02	1.998626e+01	2020	3	10	12
	4574869	110.308000	-19.578200	9.961638e+04	1.558707e+01	1.078353e+05	1.075078e+05	5.744234e+04	5.668684e+04	3.019990e+02	2.200110e+01	2020	3	10	18
	4586938	111.446000	-19.789100	9.963925e+04	1.657076e+01	1.078769e+05	1.074884e+05	5.753091e+04	5.668916e+04	3.013350e+02	1.693531e+01	2020	3	11	0
	4614937	112.139000	-20.281200	9.947612e+04	1.674689e+01	1.078662e+05	1.073942e+05	5.745174e+04	5.652799e+04	3.018142e+02	1.282380e+01	2020	3	11	6
	4630859	113.498000	-20.562400	9.962631e+04	1.586904e+01	1.080895e+05	1.074355e+05	5.764598e+04	5.671673e+04	3.031736e+02	2.163229e+01	2020	3	11	12
	4658556	114.761000	-21.054500	9.946269e+04	1.710645e+01	1.079326e+05	1.073306e+05	5.758117e+04	5.661817e+04	3.033379e+02	2.290772e+01	2020	3	11	18
	4697774	115.754000	-21.757500	9.951494e+04	1.686678e+01	1.081218e+05	1.072372e+05	5.772265e+04	5.672640e+04	3.042209e+02	1.779726e+01	2020	3	12	0
	4744306	116.822000	-22.601100	9.946500e+04	1.339183e+01	1.080281e+05	1.070216e+05	5.758831e+04	5.669206e+04	3.041743e+02	1.834912e+01	2020	3	12	6
	4805452	118.226000	-23.725800	9.953781e+04	1.599402e+01	1.082128e+05	1.068602e+05	5.781640e+04	5.689715e+04	-9.000000e+33	1.966103e+01	2020	3	12	12
	4824359	119.522000	-24.077300	9.983056e+04	1.517651e+01	1.080488e+05	1.066882e+05	5.768250e+04	5.676025e+04	-9.000000e+33	1.678677e+01	2020	3	12	18
	4891563	121.071000	-25.342700	9.995231e+04	1.581800e+01	1.081104e+05	1.063314e+05	5.780537e+04	5.678537e+04	-9.000000e+33	1.640731e+01	2020	3	13	0
	4935659	123.454000	-26.186300	9.989500e+04	1.667851e+01	1.080891e+05	1.060726e+05	5.772561e+04	5.658836e+04	-9.000000e+33	1.644663e+01	2020	3	13	6
start	20	2020	3	14	18
	4283554	128.643000	-14.657300	1.001981e+05	1.206447e+01	1.081421e+05	1.078441e+05	5.764889e+04	5.706764e+04	3.057368e+02	2.403530e+01	2020	3	14	18
	4279245	128.440000	-14.587000	1.002781e+05	1.263163e+01	1.083559e+05	1.079779e+05	5.781210e+04	5.724635e+04	3.056692e+02	2.672854e+01	2020	3	15	0
	4322127	128.126000	-15.290000	1.000488e+05	1.262835e+01	1.083139e+05	1.078519e+05	5.769689e+04	5.704014e+04	3.056694e+02	2.471255e+01	2020	3	15	6
	4330628	125.746000	-15.430600	1.003020e+05	1.211028e+01	1.084334e+05	1.080524e+05	5.781369e+04	5.725344e+04	3.056084e+02	2.479736e+01	2020	3	15	12
	4377235	124.241000	-16.203900	9.996525e+04	1.294260e+01	1.081964e+05	1.079164e+05	5.762662e+04	5.700712e+04	3.055037e+02	2.607283e+01	2020	3	15	18
	4402452	123.321000	-16.625700	1.000307e+05	1.484087e+01	1.083891e+05	1.079891e+05	5.774615e+04	5.703240e+04	3.053582e+02	2.813925e+01	2020	3	16	0
	4423339	121.064000	-16.977200	9.970694e+04	1.239047e+01	1.082273e+05	1.078028e+05	5.751481e+04	5.679281e+04	3.050298e+02	2.960286e+01	2020	3	16	6
	4431674	120.865000	-17.117800	9.981275e+04	1.614859e+01	1.083268e+05	1.079798e+05	5.764957e+04	5.691907e+04	3.049358e+02	3.830217e+01	2020	3	16	12
	4493684	120.000000	-18.172200	9.955606e+04	1.920881e+01	1.082001e+05	1.077406e+05	5.753461e+04	5.669836e+04	3.049995e+02	3.617230e+01	2020	3	16	18
	4538572	118.108000	-18.945500	9.942719e+04	2.294714e+01	1.082733e+05	1.077103e+05	5.760718e+04	5.666618e+04	3.037825e+02	2.570191e+01	2020	3	17	0
	4542620	117.160000	-19.015800	9.914906e+04	1.764476e+01	1.080711e+05	1.076481e+05	5.740600e+04	5.650600e+04	3.034980e+02	2.457942e+01	2020	3	17	6
	4611009	117.442000	-20.210900	9.926112e+04	1.599012e+01	1.082789e+05	1.078299e+05	5.760498e+04	5.664398e+04	3.035359e+02	2.984816e+01	2020	3	17	12
	4646732	116.235000	-20.843600	9.914000e+04	1.408055e+01	1.080751e+05	1.077041e+05	5.731275e+04	5.655275e+04	3.027344e+02	1.904127e+01	2020	3	17	18
	4724976	115.289000	-22.249600	9.934788e+04	1.442827e+01	1.081403e+05	1.075998e+05	5.745868e+04	5.672043e+04	3.021355e+02	1.310607e+01	2020	3	18	0
	4774974	114.408000	-23.163400	9.929294e+04	1.563885e+01	1.080981e+05	1.075101e+05	5.732197e+04	5.669772e+04	3.012725e+02	1.459737e+01	2020	3	18	6
	4778791	114.245000	-23.233700	9.955506e+04	1.604409e+01	1.082431e+05	1.076291e+05	5.746103e+04	5.692428e+04	3.011089e+02	1.316151e+01	2020	3	18	12
	4820531	114.051000	-24.007000	9.960869e+04	1.519938e+01	1.081410e+05	1.074570e+05	5.735290e+04	5.685940e+04	3.009563e+02	5.977541e+00	2020	3	18	18
	4869237	113.903000	-24.920900	9.981756e+04	1.350505e+01	1.082053e+05	1.073138e+05	5.744058e+04	5.694358e+04	2.998845e+02	2.555427e+00	2020	3	19	0
	4913598	113.922000	-25.764500	9.985288e+04	1.170945e+01	1.081818e+05	1.072068e+05	5.742243e+04	5.691093e+04	2.993401e+02	1.967714e+00	2020	3	19	6
	4920936	113.974000	-25.905100	1.001079e+05	1.221185e+01	1.083831e+05	1.072481e+05	5.758912e+04	5.703038e+04	2.992654e+02	1.417813e+00	2020	3	19	12
start	30	2020	3	31	6
	4477094	107.825000	-17.891000	1.006238e+05	1.146994e+01	1.081056e+05	1.079171e+05	5.780937e+04	5.744262e+04	3.026084e+02	1.124774e+01	2020	3	31	6
	4448147	107.531000	-17.398900	1.006493e+05	1.201702e+01	1.081324e+05	1.079994e+05	5.784474e+04	5.751324e+04	3.025435e+02	1.477753e+01	2020	3	31	12
	4423182	107.517000	-16.977200	1.006372e+05	1.115097e+01	1.081100e+05	1.079165e+05	5.787854e+04	5.746254e+04	3.021433e+02	1.991034e+01	2020	3	31	18
	4419007	107.500000	-16.906900	1.006184e+05	1.134536e+01	1.080329e+05	1.078504e+05	5.781972e+04	5.737147e+04	3.020923e+02	1.832528e+01	2020	4	1	0
	4402270	107.691000	-16.625700	1.004706e+05	1.127153e+01	1.079594e+05	1.077009e+05	5.773580e+04	5.722655e+04	3.024270e+02	1.833445e+01	2020	4	1	6
	4368601	107.812000	-16.063300	1.004475e+05	1.121281e+01	1.079759e+05	1.077854e+05	5.775229e+04	5.719854e+04	3.023013e+02	2.258828e+01	2020	4	1	12
	4377032	106.907000	-16.203900	1.003485e+05	1.228650e+01	1.078871e+05	1.076276e+05	5.771112e+04	5.710362e+04	3.023081e+02	2.578885e+01	2020	4	1	18
	4423179	107.258000	-16.977200	1.002904e+05	1.293201e+01	1.078756e+05	1.074791e+05	5.763334e+04	5.705209e+04	3.020757e+02	2.234286e+01	2020	4	2	0
	4410648	107.725000	-16.766300	1.000972e+05	1.307010e+01	1.077831e+05	1.074946e+05	5.755101e+04	5.691151e+04	3.023206e+02	2.197893e+01	2020	4	2	6
	4427355	107.706000	-17.047500	1.000637e+05	1.641105e+01	1.078944e+05	1.075164e+05	5.762590e+04	5.693690e+04	3.021006e+02	2.701742e+01	2020	4	2	12
	4489440	107.965000	-18.101900	9.990869e+04	1.761600e+01	1.078359e+05	1.073854e+05	5.755162e+04	5.685962e+04	3.020408e+02	2.693120e+01	2020	4	2	18
	4477092	107.650000	-17.891000	9.980431e+04	1.882151e+01	1.078573e+05	1.073143e+05	5.759238e+04	5.682113e+04	3.019783e+02	2.333516e+01	2020	4	3	0
	4534391	107.628000	-18.875200	9.960194e+04	1.855596e+01	1.077746e+05	1.072716e+05	5.745391e+04	5.673841e+04	3.019207e+02	2.162079e+01	2020	4	3	6
	4578871	108.448000	-19.648500	9.964038e+04	1.817773e+01	1.079734e+05	1.073579e+05	5.768930e+04	5.685405e+04	3.014910e+02	2.441237e+01	2020	4	3	12
	4610902	107.783000	-20.210900	9.951494e+04	1.777278e+01	1.078908e+05	1.072293e+05	5.755251e+04	5.672851e+04	3.010564e+02	2.149921e+01	2020	4	3	18
	4670287	108.055000	-21.265400	9.959362e+04	1.845775e+01	1.079342e+05	1.071928e+05	5.761431e+04	5.674856e+04	3.002202e+02	1.999335e+01	2020	4	4	0
	4674219	108.532000	-21.335700	9.940906e+04	2.042250e+01	1.078852e+05	1.071942e+05	5.752436e+04	5.661561e+04	3.002295e+02	1.587890e+01	2020	4	4	6
	4740366	108.859000	-22.530800	9.943300e+04	1.947815e+01	1.079866e+05	1.072091e+05	5.762298e+04	5.669348e+04	3.001060e+02	1.668358e+01	2020	4	4	12
	4763442	109.541000	-22.952500	9.940825e+04	1.934525e+01	1.079539e+05	1.071524e+05	5.758899e+04	5.670849e+04	3.002490e+02	1.515380e+01	2020	4	4	18
	4782559	109.832000	-23.304000	9.960100e+04	1.924100e+01	1.080377e+05	1.070567e+05	5.765679e+04	5.685054e+04	3.003203e+02	1.377241e+01	2020	4	5	0
	4820494	110.520000	-24.007000	9.957188e+04	1.904704e+01	1.079882e+05	1.068427e+05	5.755281e+04	5.677006e+04	3.004607e+02	1.431248e+01	2020	4	5	6
	4801590	111.456000	-23.655500	9.971869e+04	1.903941e+01	1.081094e+05	1.070294e+05	5.770714e+04	5.701439e+04	3.015186e+02	1.331116e+01	2020	4	5	12
	4835568	111.949000	-24.288200	9.973650e+04	1.753516e+01	1.079884e+05	1.067199e+05	5.763279e+04	5.698754e+04	3.014939e+02	1.242304e+01	2020	4	5	18
	4843082	112.764000	-24.428800	9.991194e+04	1.724415e+01	1.080126e+05	1.065546e+05	5.770145e+04	5.706770e+04	3.014675e+02	1.130705e+01	2020	4	6	0
	4884087	113.812000	-25.202100	9.984238e+04	1.654542e+01	1.079389e+05	1.061614e+05	5.764127e+04	5.694027e+04	3.013694e+02	1.641576e+01	2020	4	6	6
	4917275	114.537000	-25.834800	9.974262e+04	1.897396e+01	1.080734e+05	1.060664e+05	5.771468e+04	5.666393e+04	3.009480e+02	1.726600e+01	2020	4	6	12
	4953772	115.502000	-26.537800	9.955931e+04	1.690352e+01	1.078740e+05	1.057270e+05	5.758905e+04	5.657005e+04	2.981628e+02	1.554044e+01	2020	4	6	18
	4971878	116.741000	-26.889300	9.984100e+04	1.884445e+01	1.078386e+05	1.057186e+05	5.765326e+04	5.644676e+04	-9.000000e+33	1.180620e+01	2020	4	7	0
	4989886	118.194000	-27.240800	9.975456e+04	1.990560e+01	1.076998e+05	1.054513e+05	5.749857e+04	5.631532e+04	-9.000000e+33	9.407911e+00	2020	4	7	6
	5000648	119.597000	-27.451700	1.002301e+05	1.407807e+01	1.078796e+05	1.055251e+05	5.763692e+04	5.660317e+04	-9.000000e+33	9.188106e+00	2020	4	7	12
start	15	2020	4	15	12
	4440725	184.071000	-17.258300	1.002955e+05	1.350866e+01	1.080954e+05	1.077374e+05	5.760907e+04	5.718832e+04	3.030801e+02	3.185666e+01	2020	4	15	12
	4498520	184.390000	-18.242500	1.001711e+05	1.477090e+01	1.080799e+05	1.075979e+05	5.761699e+04	5.703999e+04	3.028828e+02	3.360056e+01	2020	4	15	18
	4527122	184.420000	-18.734600	1.000851e+05	1.627651e+01	1.081062e+05	1.076602e+05	5.757442e+04	5.700342e+04	3.028540e+02	3.315794e+01	2020	4	16	0
	4603767	184.414000	-20.070300	1.000163e+05	1.718083e+01	1.081517e+05	1.074947e+05	5.763224e+04	5.695074e+04	3.024163e+02	3.304133e+01	2020	4	16	6
	4698524	184.985000	-21.757500	9.995325e+04	1.987268e+01	1.082151e+05	1.073136e+05	5.772092e+04	5.698992e+04	3.019534e+02	3.474576e+01	2020	4	16	12
	4798581	185.975000	-23.585200	9.989775e+04	2.272037e+01	1.082145e+05	1.069550e+05	5.779886e+04	5.704061e+04	3.013079e+02	2.798989e+01	2020	4	16	18
	4858817	187.235000	-24.710000	9.961106e+04	2.241034e+01	1.082941e+05	1.068401e+05	5.782725e+04	5.698275e+04	3.008882e+02	2.555621e+01	2020	4	17	0
	4968996	189.369000	-26.819000	9.950481e+04	2.248027e+01	1.082861e+05	1.063971e+05	5.791862e+04	5.688237e+04	2.999360e+02	2.849640e+01	2020	4	17	6
	5019194	191.744000	-27.803200	9.912725e+04	2.655632e+01	1.083356e+05	1.062686e+05	5.793801e+04	5.654201e+04	2.995491e+02	2.501606e+01	2020	4	17	12
	5065109	194.486000	-28.717000	9.914475e+04	2.409699e+01	1.082558e+05	1.058598e+05	5.793411e+04	5.657586e+04	2.987451e+02	1.517373e+01	2020	4	17	18
	5086086	197.172000	-29.138800	9.952825e+04	2.345388e+01	1.081327e+05	1.055099e+05	5.789736e+04	5.643186e+04	2.985015e+02	1.325448e+01	2020	4	18	0
	5096534	199.931000	-29.349700	9.985388e+04	2.495621e+01	1.081232e+05	1.052154e+05	5.785366e+04	5.623916e+04	2.985667e+02	1.360196e+01	2020	4	18	6
	5106952	203.333000	-29.560600	9.991025e+04	2.432956e+01	1.078158e+05	1.045395e+05	5.767522e+04	5.592747e+04	2.978467e+02	1.552901e+01	2020	4	18	12
	5100063	206.501000	-29.420000	9.974381e+04	2.625365e+01	1.076834e+05	1.042201e+05	5.766011e+04	5.581561e+04	2.980955e+02	1.301127e+01	2020	4	18	18
	5103564	210.590000	-29.490300	9.996694e+04	1.895215e+01	1.073838e+05	1.037820e+05	5.740042e+04	5.558892e+04	2.977405e+02	9.300500e+00	2020	4	19	0
start	46	2020	4	16	18
	3934764	61.143800	-9.173990	1.006575e+05	9.109788e+00	1.080182e+05	1.077375e+05	5.769286e+04	5.742036e+04	3.036995e+02	2.180299e+01	2020	4	16	18
	3957807	61.644900	-9.525480	1.003478e+05	9.347439e+00	1.077601e+05	1.075366e+05	5.748550e+04	5.716350e+04	3.036929e+02	1.962441e+01	2020	4	17	0
	3994447	60.815100	-10.087900	1.005623e+05	1.051449e+01	1.079454e+05	1.077634e+05	5.770587e+04	5.733987e+04	3.034751e+02	2.234635e+01	2020	4	17	6
	4012675	60.712400	-10.369100	1.002545e+05	1.093861e+01	1.078209e+05	1.075796e+05	5.745426e+04	5.705551e+04	3.034182e+02	2.432965e+01	2020	4	17	12
	4075972	60.587700	-11.353300	1.005032e+05	1.069129e+01	1.080068e+05	1.077518e+05	5.766011e+04	5.721311e+04	3.033271e+02	3.201522e+01	2020	4	17	18
	4093909	60.241300	-11.634400	1.001770e+05	1.304290e+01	1.077082e+05	1.075387e+05	5.744161e+04	5.696811e+04	3.032407e+02	2.292921e+01	2020	4	18	0
	4125154	60.377700	-12.126500	1.003444e+05	1.476336e+01	1.079719e+05	1.078097e+05	5.773066e+04	5.723741e+04	3.030784e+02	1.962574e+01	2020	4	18	6
	4147346	60.000000	-12.478000	1.000275e+05	1.604639e+01	1.078445e+05	1.076762e+05	5.753447e+04	5.701372e+04	3.030674e+02	2.243790e+01	2020	4	18	12
	4187046	59.836100	-13.110700	1.001983e+05	1.612622e+01	1.080574e+05	1.078669e+05	5.775886e+04	5.718261e+04	3.030281e+02	3.125554e+01	2020	4	18	18
	4187045	59.754100	-13.110700	9.982744e+04	1.800704e+01	1.079098e+05	1.076195e+05	5.761492e+04	5.691417e+04	3.029543e+02	3.066931e+01	2020	4	19	0
	4208959	59.533400	-13.462200	9.999400e+04	1.983010e+01	1.081262e+05	1.078250e+05	5.782917e+04	5.703392e+04	3.029324e+02	2.421079e+01	2020	4	19	6
	4208959	59.533400	-13.462200	9.957806e+04	2.151619e+01	1.080062e+05	1.076179e+05	5.766267e+04	5.673317e+04	3.029146e+02	2.895979e+01	2020	4	19	12
	4226416	59.173600	-13.743400	9.948838e+04	2.480397e+01	1.081336e+05	1.075904e+05	5.778998e+04	5.664923e+04	3.029119e+02	4.073135e+01	2020	4	19	18
	4204580	59.232200	-13.391900	9.871819e+04	2.930439e+01	1.078376e+05	1.070766e+05	5.758411e+04	5.610611e+04	3.028872e+02	3.808772e+01	2020	4	20	0
	4217684	58.405100	-13.602800	9.851044e+04	3.325620e+01	1.080123e+05	1.071526e+05	5.777335e+04	5.597935e+04	3.028860e+02	3.534827e+01	2020	4	20	6
	4191417	58.167700	-13.181000	9.780750e+04	3.709570e+01	1.078329e+05	1.065844e+05	5.752592e+04	5.530717e+04	3.029387e+02	3.686720e+01	2020	4	20	12
	4173821	57.629400	-12.899800	9.731706e+04	3.794496e+01	1.078841e+05	1.065053e+05	5.763666e+04	5.499566e+04	3.030208e+02	3.590808e+01	2020	4	20	18
	4151747	57.857100	-12.548300	9.617681e+04	4.128561e+01	1.076452e+05	1.060715e+05	5.736575e+04	5.421325e+04	3.029314e+02	3.852137e+01	2020	4	21	0
	4151749	58.019900	-12.548300	9.575381e+04	4.648905e+01	1.078523e+05	1.060346e+05	5.757647e+04	5.409697e+04	3.027456e+02	4.019586e+01	2020	4	21	6
	4160591	57.962000	-12.688900	9.508962e+04	4.548029e+01	1.076596e+05	1.056903e+05	5.736533e+04	5.366008e+04	3.025991e+02	4.223662e+01	2020	4	21	12
	4173828	58.201600	-12.899800	9.544706e+04	3.908984e+01	1.078742e+05	1.059782e+05	5.755079e+04	5.396579e+04	3.021799e+02	4.862223e+01	2020	4	21	18
	4200189	58.274000	-13.321600	9.595206e+04	3.400522e+01	1.076895e+05	1.059312e+05	5.733919e+04	5.407519e+04	3.019463e+02	4.472710e+01	2020	4	22	0
	4226404	58.181800	-13.743400	9.684181e+04	3.059352e+01	1.079388e+05	1.063798e+05	5.761587e+04	5.468887e+04	3.019209e+02	4.209690e+01	2020	4	22	6
	4252475	58.088600	-14.165200	9.691225e+04	3.098398e+01	1.078244e+05	1.063379e+05	5.742086e+04	5.474136e+04	3.020017e+02	3.991816e+01	2020	4	22	12
	4287012	57.934900	-14.727600	9.743375e+04	3.191312e+01	1.080583e+05	1.066838e+05	5.767155e+04	5.516705e+04	3.019487e+02	4.293068e+01	2020	4	22	18
	4321291	57.610100	-15.290000	9.749869e+04	3.056177e+01	1.078748e+05	1.067453e+05	5.750828e+04	5.526278e+04	3.018521e+02	3.720014e+01	2020	4	23	0
	4351071	56.971700	-15.782100	9.787819e+04	2.892838e+01	1.081159e+05	1.070999e+05	5.774699e+04	5.563224e+04	3.017581e+02	3.190454e+01	2020	4	23	6
	4372223	56.559200	-16.133600	9.755100e+04	3.107105e+01	1.079599e+05	1.069094e+05	5.756893e+04	5.543693e+04	3.017041e+02	3.690595e+01	2020	4	23	12
	4384868	56.463900	-16.344500	9.748894e+04	3.610873e+01	1.081755e+05	1.069105e+05	5.777957e+04	5.539482e+04	3.016274e+02	4.039318e+01	2020	4	23	18
	4405859	55.959900	-16.696000	9.697819e+04	3.423562e+01	1.079746e+05	1.065926e+05	5.758846e+04	5.501521e+04	3.015996e+02	3.522356e+01	2020	4	24	0
	4418404	55.517200	-16.906900	9.719531e+04	3.514072e+01	1.082644e+05	1.069189e+05	5.784625e+04	5.520575e+04	3.015571e+02	2.964778e+01	2020	4	24	6
	4422574	55.052700	-16.977200	9.660625e+04	4.148679e+01	1.081274e+05	1.067654e+05	5.765356e+04	5.478381e+04	3.015215e+02	3.075146e+01	2020	4	24	12
	4443387	54.711000	-17.328600	9.672919e+04	3.968408e+01	1.082129e+05	1.068159e+05	5.781299e+04	5.493474e+04	3.015366e+02	3.666319e+01	2020	4	24	18
	4459969	54.748500	-17.609800	9.644875e+04	4.129580e+01	1.080002e+05	1.065742e+05	5.759621e+04	5.471346e+04	3.016025e+02	3.355453e+01	2020	4	25	0
	4476485	54.611700	-17.891000	9.657800e+04	4.145951e+01	1.082763e+05	1.067603e+05	5.782946e+04	5.485621e+04	3.016624e+02	3.095054e+01	2020	4	25	6
	4517499	54.617600	-18.594000	9.658325e+04	4.044678e+01	1.081089e+05	1.066154e+05	5.765704e+04	5.491429e+04	3.017229e+02	3.310534e+01	2020	4	25	12
	4550026	54.960500	-19.156400	9.641156e+04	4.378164e+01	1.082178e+05	1.068023e+05	5.789942e+04	5.491492e+04	3.016846e+02	3.590413e+01	2020	4	25	18
	4586309	55.005000	-19.789100	9.621900e+04	4.015010e+01	1.080289e+05	1.068219e+05	5.769585e+04	5.496960e+04	3.016438e+02	3.358335e+01	2020	4	26	0
	4614306	55.120500	-20.281200	9.683844e+04	4.449962e+01	1.083111e+05	1.073316e+05	5.790837e+04	5.548387e+04	3.015916e+02	3.265401e+01	2020	4	26	6
	4634183	55.126100	-20.632700	9.845844e+04	3.173281e+01	1.081591e+05	1.071861e+05	5.773706e+04	5.655956e+04	3.015559e+02	3.997622e+01	2020	4	26	12
	4646052	54.291500	-20.843600	9.963281e+04	2.663778e+01	1.083097e+05	1.074307e+05	5.793107e+04	5.720857e+04	3.016042e+02	4.432155e+01	2020	4	26	18
	4586309	55.005000	-19.789100	9.961481e+04	2.608027e+01	1.081502e+05	1.073342e+05	5.773606e+04	5.684856e+04	3.015181e+02	2.993807e+01	2020	4	27	0
	4642103	54.873600	-20.773300	9.986494e+04	2.328096e+01	1.084228e+05	1.075592e+05	5.790284e+04	5.699584e+04	3.014844e+02	2.524757e+01	2020	4	27	6
	4661843	55.152400	-21.124800	9.959019e+04	2.104180e+01	1.082268e+05	1.073428e+05	5.775829e+04	5.693879e+04	3.016228e+02	2.242965e+01	2020	4	27	12
	4677553	54.459200	-21.406000	9.971088e+04	2.189160e+01	1.083626e+05	1.074236e+05	5.791127e+04	5.703652e+04	3.014597e+02	1.385515e+01	2020	4	27	18
	4728198	54.912100	-22.319900	9.975150e+04	1.902312e+01	1.081102e+05	1.070792e+05	5.771004e+04	5.701254e+04	3.013206e+02	1.313126e+01	2020	4	28	0
start	29	2020	5	6	18
	2616858	134.843000	9.876980	1.003828e+05	1.305124e+01	1.084378e+05	1.080698e+05	5.781952e+04	5.736152e+04	3.027932e+02	2.065116e+01	2020	5	6	18
	2616844	133.741000	9.876980	1.005409e+05	1.256359e+01	1.086028e+05	1.082178e+05	5.796521e+04	5.760496e+04	3.027148e+02	2.091907e+01	2020	5	7	0
	2625995	133.115000	9.736380	1.001848e+05	1.187334e+01	1.084206e+05	1.081461e+05	5.771753e+04	5.730478e+04	3.032261e+02	1.752038e+01	2020	5	7	6
	2621408	132.681000	9.806680	1.004217e+05	1.307025e+01	1.085374e+05	1.082809e+05	5.789559e+04	5.756284e+04	3.027617e+02	1.708963e+01	2020	5	7	12
	2621398	131.895000	9.806680	1.001552e+05	1.300124e+01	1.083448e+05	1.080138e+05	5.768746e+04	5.734121e+04	3.027410e+02	2.361882e+01	2020	5	7	18
	2589434	131.441000	10.298800	1.003361e+05	1.305098e+01	1.085318e+05	1.082768e+05	5.788303e+04	5.749578e+04	3.026873e+02	2.437109e+01	2020	5	8	0
	2580327	130.484000	10.439400	9.998888e+04	1.339610e+01	1.083418e+05	1.080978e+05	5.764140e+04	5.723165e+04	3.028857e+02	2.280215e+01	2020	5	8	6
	2548611	129.699000	10.931500	1.001969e+05	1.453255e+01	1.085259e+05	1.082929e+05	5.788710e+04	5.739435e+04	3.026516e+02	2.212653e+01	2020	5	8	12
	2530580	129.600000	11.212700	9.993012e+04	1.476069e+01	1.083913e+05	1.080943e+05	5.770736e+04	5.728936e+04	3.025334e+02	2.233362e+01	2020	5	8	18
	2508120	128.571000	11.564100	1.001199e+05	1.452087e+01	1.084762e+05	1.082642e+05	5.791980e+04	5.736580e+04	3.023838e+02	2.240421e+01	2020	5	9	0
	2490227	127.984000	11.845300	9.971000e+04	2.007489e+01	1.084271e+05	1.080111e+05	5.775212e+04	5.705412e+04	3.023281e+02	2.234148e+01	2020	5	9	6
	2450221	128.211000	12.478000	9.984744e+04	1.759679e+01	1.085638e+05	1.081513e+05	5.795075e+04	5.726825e+04	3.022327e+02	1.733992e+01	2020	5	9	12
	2406137	127.411000	13.181000	9.970312e+04	1.635958e+01	1.083625e+05	1.080675e+05	5.772095e+04	5.715295e+04	3.019619e+02	1.863636e+01	2020	5	9	18
	2362453	126.596000	13.884000	9.957938e+04	1.854886e+01	1.084932e+05	1.080292e+05	5.787858e+04	5.701833e+04	3.020823e+02	1.596415e+01	2020	5	10	0
	2323486	126.401000	14.516700	9.939619e+04	1.830045e+01	1.083409e+05	1.080544e+05	5.778242e+04	5.705617e+04	3.022468e+02	1.294270e+01	2020	5	10	6
	2267768	125.746000	15.430600	9.946206e+04	2.130460e+01	1.084818e+05	1.079433e+05	5.791413e+04	5.696438e+04	3.025881e+02	1.074505e+01	2020	5	10	12
	2225368	125.232000	16.133600	9.910025e+04	2.055195e+01	1.082907e+05	1.080522e+05	5.779020e+04	5.707295e+04	3.020105e+02	1.465197e+01	2020	5	10	18
	2170848	124.722000	17.047500	9.896338e+04	2.240850e+01	1.084322e+05	1.078322e+05	5.789913e+04	5.656888e+04	3.023154e+02	1.260563e+01	2020	5	11	0
	2096481	124.541000	18.312800	9.858525e+04	2.313890e+01	1.082946e+05	1.079446e+05	5.781500e+04	5.656100e+04	3.024324e+02	6.873992e+00	2020	5	11	6
	2035501	124.609000	19.367300	9.848244e+04	2.611840e+01	1.085256e+05	1.080476e+05	5.795671e+04	5.653046e+04	3.021274e+02	1.110804e+01	2020	5	11	12
	1967482	125.020000	20.562400	9.842169e+04	2.646772e+01	1.084022e+05	1.078627e+05	5.778995e+04	5.664845e+04	3.017402e+02	2.104173e+01	2020	5	11	18
	1908429	125.742000	21.616900	9.844219e+04	2.871303e+01	1.084769e+05	1.077484e+05	5.798519e+04	5.673869e+04	3.016555e+02	1.799922e+01	2020	5	12	0
	1850278	126.674000	22.671400	9.817519e+04	3.370018e+01	1.083946e+05	1.075316e+05	5.792510e+04	5.642810e+04	3.010496e+02	1.198728e+01	2020	5	12	6
	1815822	127.492000	23.304000	9.876975e+04	2.641401e+01	1.085846e+05	1.074661e+05	5.813453e+04	5.709928e+04	3.009177e+02	9.814544e+00	2020	5	12	12
	1777915	128.176000	24.007000	9.885519e+04	2.473087e+01	1.084776e+05	1.072106e+05	5.799449e+04	5.701449e+04	3.002231e+02	1.153186e+01	2020	5	12	18
	1747879	128.888000	24.569400	9.985094e+04	2.055721e+01	1.085954e+05	1.071399e+05	5.819008e+04	5.745133e+04	2.999375e+02	1.586337e+01	2020	5	13	0
	1721810	129.763000	25.061500	9.977694e+04	2.453692e+01	1.084946e+05	1.072021e+05	5.811009e+04	5.721909e+04	2.998696e+02	1.277431e+01	2020	5	13	6
	1718110	130.680000	25.131800	1.001314e+05	2.090781e+01	1.086738e+05	1.073718e+05	5.823700e+04	5.728775e+04	2.998511e+02	4.623743e+00	2020	5	13	12
	1677577	131.365000	25.905100	1.002437e+05	1.735782e+01	1.084600e+05	1.069730e+05	5.804514e+04	5.715889e+04	2.987495e+02	3.410954e+00	2020	5	13	18
start	22	2020	5	24	6
	5329583	211.731000	-34.270600	9.919062e+04	2.251988e+01	1.039426e+05	1.017676e+05	5.559893e+04	5.451268e+04	2.931287e+02	1.252711e+01	2020	5	24	6
	5370683	211.569000	-35.184500	9.882200e+04	2.472643e+01	1.030530e+05	1.013820e+05	5.514005e+04	5.407880e+04	2.925356e+02	1.228536e+01	2020	5	24	12
	5373814	211.264000	-35.254800	9.867538e+04	2.255869e+01	1.025232e+05	1.012692e+05	5.511415e+04	5.390290e+04	2.925076e+02	1.014989e+01	2020	5	24	18
	5364401	211.260000	-35.043900	9.848775e+04	2.266826e+01	1.021280e+05	1.011190e+05	5.495414e+04	5.372539e+04	2.926421e+02	7.584212e+00	2020	5	25	0
	5326389	211.241000	-34.200400	9.867550e+04	2.464122e+01	1.026246e+05	1.009971e+05	5.527110e+04	5.384160e+04	2.930806e+02	4.200411e+00	2020	5	25	6
	5261763	212.017000	-32.794400	9.883575e+04	1.987449e+01	1.030115e+05	1.008730e+05	5.544338e+04	5.396988e+04	2.938596e+02	4.150105e+00	2020	5	25	12
	5198899	214.086000	-31.458700	9.908831e+04	2.020909e+01	1.034792e+05	1.008517e+05	5.564738e+04	5.395088e+04	2.949548e+02	4.542486e+00	2020	5	25	18
	5158465	216.784000	-30.615100	9.899488e+04	2.001484e+01	1.038631e+05	1.007481e+05	5.557119e+04	5.379544e+04	2.956519e+02	4.939855e+00	2020	5	26	0
	5158493	219.753000	-30.615100	9.917550e+04	1.975314e+01	1.042905e+05	1.008375e+05	5.570731e+04	5.382731e+04	2.953110e+02	6.090718e+00	2020	5	26	6
	5192274	222.479000	-31.318100	9.910781e+04	2.007436e+01	1.044272e+05	1.009132e+05	5.558130e+04	5.376855e+04	2.945100e+02	6.568912e+00	2020	5	26	12
	5245472	224.836000	-32.442900	9.917488e+04	1.978796e+01	1.045046e+05	1.010926e+05	5.568464e+04	5.389214e+04	2.940354e+02	7.365947e+00	2020	5	26	18
	5316934	226.742000	-33.989500	9.879506e+04	2.531310e+01	1.041219e+05	1.010214e+05	5.548330e+04	5.385080e+04	2.930142e+02	7.640543e+00	2020	5	27	0
	5389567	228.008000	-35.606300	9.895400e+04	2.225099e+01	1.036837e+05	1.010367e+05	5.553717e+04	5.393742e+04	2.919949e+02	6.650706e+00	2020	5	27	6
	5466110	228.765000	-37.363800	9.891631e+04	2.223329e+01	1.033634e+05	1.008564e+05	5.538588e+04	5.390363e+04	2.912070e+02	6.483477e+00	2020	5	27	12
	5545963	228.967000	-39.261900	9.912962e+04	2.415190e+01	1.031467e+05	1.006637e+05	5.547100e+04	5.389225e+04	2.897832e+02	6.700217e+00	2020	5	27	18
	5639595	228.442000	-41.581700	9.903006e+04	2.589267e+01	1.022846e+05	1.002796e+05	5.527427e+04	5.366252e+04	2.884016e+02	6.034251e+00	2020	5	28	0
	5736766	227.123000	-44.112500	9.920550e+04	2.508032e+01	1.018697e+05	9.998919e+04	5.522202e+04	5.349552e+04	2.869312e+02	5.052397e+00	2020	5	28	6
	5826265	225.289000	-46.572900	9.943994e+04	2.142148e+01	1.015094e+05	9.978294e+04	5.504686e+04	5.334711e+04	2.854626e+02	3.112119e+00	2020	5	28	12
	5889574	223.188000	-48.400700	9.955925e+04	1.926741e+01	1.012208e+05	9.970425e+04	5.485634e+04	5.337484e+04	2.839795e+02	2.744172e+00	2020	5	28	18
	5929502	221.036000	-49.595800	9.948494e+04	1.716257e+01	1.007839e+05	9.952944e+04	5.448441e+04	5.326641e+04	2.837444e+02	4.620419e+00	2020	5	29	0
	5947885	218.932000	-50.158200	9.948694e+04	1.593993e+01	1.003976e+05	9.935456e+04	5.417197e+04	5.318822e+04	2.839133e+02	5.312555e+00	2020	5	29	6
	5954705	216.919000	-50.369100	9.955575e+04	1.473695e+01	1.001200e+05	9.909300e+04	5.399818e+04	5.300218e+04	2.839038e+02	4.020021e+00	2020	5	29	12
start	39	2020	5	25	12
	2831781	151.336000	6.643230	1.006222e+05	1.226931e+01	1.082195e+05	1.079735e+05	5.778313e+04	5.734088e+04	3.036917e+02	1.984516e+01	2020	5	25	12
	2827011	150.404000	6.713530	1.002678e+05	1.295160e+01	1.079107e+05	1.076782e+05	5.750488e+04	5.707662e+04	3.036580e+02	2.773078e+01	2020	5	25	18
	2822245	149.470000	6.783830	1.004081e+05	1.392876e+01	1.081651e+05	1.078576e+05	5.766269e+04	5.721844e+04	3.037417e+02	2.598623e+01	2020	5	26	0
	2803262	148.834000	7.065030	1.001420e+05	1.485489e+01	1.080010e+05	1.077030e+05	5.756131e+04	5.710831e+04	3.038647e+02	1.523902e+01	2020	5	26	6
	2793787	147.944000	7.205620	1.003488e+05	1.576184e+01	1.081698e+05	1.079392e+05	5.776580e+04	5.728780e+04	3.037102e+02	1.532977e+01	2020	5	26	12
	2798508	147.287000	7.135320	1.000861e+05	1.554960e+01	1.079001e+05	1.076821e+05	5.751514e+04	5.712339e+04	3.036321e+02	2.244185e+01	2020	5	26	18
	2774882	145.925000	7.486820	1.002051e+05	1.754444e+01	1.081344e+05	1.078749e+05	5.768405e+04	5.722355e+04	3.034565e+02	1.915626e+01	2020	5	27	0
	2737307	145.154000	8.049210	9.993100e+04	1.792321e+01	1.080102e+05	1.077072e+05	5.761842e+04	5.700142e+04	3.032371e+02	1.684413e+01	2020	5	27	6
	2727940	143.938000	8.189810	1.000508e+05	1.833757e+01	1.081509e+05	1.077949e+05	5.778763e+04	5.716513e+04	3.033906e+02	2.078035e+01	2020	5	27	12
	2695317	142.403000	8.681900	9.957138e+04	2.001361e+01	1.079502e+05	1.075792e+05	5.757000e+04	5.685525e+04	3.032725e+02	1.905795e+01	2020	5	27	18
	2672131	140.995000	9.033390	9.956781e+04	2.207739e+01	1.081721e+05	1.078581e+05	5.776727e+04	5.710727e+04	3.032395e+02	2.036048e+01	2020	5	28	0
	2626079	139.712000	9.736380	9.923850e+04	2.220850e+01	1.080627e+05	1.076817e+05	5.767502e+04	5.681902e+04	3.031401e+02	2.026534e+01	2020	5	28	6
	2589520	138.243000	10.298800	9.913069e+04	2.519334e+01	1.082974e+05	1.078554e+05	5.786061e+04	5.678911e+04	3.030955e+02	1.550423e+01	2020	5	28	12
	2553218	136.832000	10.861200	9.911050e+04	2.214197e+01	1.080378e+05	1.076892e+05	5.765434e+04	5.672809e+04	3.030420e+02	1.981213e+01	2020	5	28	18
	2508206	135.482000	11.564100	9.910344e+04	2.425270e+01	1.082834e+05	1.077879e+05	5.784641e+04	5.673641e+04	3.029817e+02	2.010840e+01	2020	5	29	0
	2463591	133.865000	12.267100	9.889469e+04	2.288926e+01	1.081251e+05	1.076696e+05	5.777047e+04	5.658772e+04	3.028850e+02	1.512666e+01	2020	5	29	6
	2437011	132.636000	12.688900	9.865175e+04	2.475025e+01	1.083090e+05	1.074660e+05	5.795593e+04	5.636243e+04	3.026333e+02	1.864307e+01	2020	5	29	12
	2388663	131.006000	13.462200	9.809444e+04	3.076004e+01	1.081325e+05	1.070400e+05	5.782281e+04	5.593306e+04	3.026624e+02	1.792820e+01	2020	5	29	18
	2353801	129.484000	14.024600	9.813125e+04	2.899116e+01	1.082439e+05	1.069324e+05	5.799111e+04	5.563061e+04	3.029033e+02	1.292715e+01	2020	5	30	0
	2314891	128.058000	14.657300	9.753512e+04	3.347744e+01	1.082275e+05	1.065500e+05	5.787752e+04	5.515927e+04	3.033132e+02	1.121938e+01	2020	5	30	6
	2280575	126.657000	15.219700	9.754194e+04	3.537646e+01	1.083368e+05	1.068372e+05	5.802997e+04	5.508847e+04	3.035264e+02	1.926083e+01	2020	5	30	12
	2242280	125.439000	15.852400	9.718594e+04	3.407027e+01	1.082091e+05	1.068866e+05	5.785849e+04	5.506374e+04	3.044668e+02	1.886199e+01	2020	5	30	18
	2204314	124.629000	16.485100	9.640100e+04	4.445557e+01	1.082357e+05	1.065609e+05	5.795652e+04	5.491402e+04	3.035994e+02	1.739831e+01	2020	5	31	0
	2170839	123.944000	17.047500	9.591438e+04	4.549562e+01	1.081478e+05	1.062238e+05	5.787281e+04	5.428006e+04	3.038977e+02	1.852720e+01	2020	5	31	6
	2137623	123.511000	17.609800	9.558050e+04	4.938303e+01	1.083066e+05	1.061089e+05	5.791968e+04	5.417968e+04	3.036726e+02	1.845116e+01	2020	5	31	12
	2096466	123.223000	18.312800	9.477031e+04	5.037838e+01	1.082393e+05	1.057681e+05	5.776349e+04	5.369099e+04	3.034609e+02	1.926310e+01	2020	5	31	18
	2063827	122.864000	18.875200	9.511231e+04	5.451080e+01	1.083184e+05	1.048804e+05	5.788421e+04	5.329246e+04	3.036963e+02	2.091409e+01	2020	6	1	0
	2039517	122.703000	19.297000	9.562319e+04	4.957191e+01	1.082612e+05	1.063008e+05	5.775046e+04	5.427196e+04	3.036348e+02	1.908758e+01	2020	6	1	6
	2011341	122.841000	19.789100	9.585381e+04	4.702787e+01	1.082763e+05	1.062528e+05	5.782156e+04	5.423681e+04	3.028562e+02	1.504412e+01	2020	6	1	12
	1975400	122.777000	20.421800	9.607944e+04	4.354115e+01	1.082009e+05	1.068074e+05	5.762003e+04	5.466928e+04	3.025942e+02	1.732320e+01	2020	6	1	18
	1935849	123.018000	21.124800	9.642212e+04	3.811309e+01	1.082522e+05	1.072172e+05	5.773488e+04	5.518263e+04	3.025933e+02	2.285188e+01	2020	6	2	0
	1896702	123.634000	21.827800	9.688162e+04	4.172660e+01	1.082091e+05	1.070401e+05	5.759712e+04	5.544912e+04	3.026099e+02	2.447549e+01	2020	6	2	6
	1846409	124.464000	22.741700	9.756881e+04	3.281484e+01	1.082988e+05	1.076662e+05	5.771726e+04	5.615701e+04	3.023091e+02	2.271355e+01	2020	6	2	12
	1789218	125.391000	23.796100	9.771475e+04	3.167796e+01	1.081473e+05	1.070996e+05	5.750584e+04	5.608134e+04	3.017498e+02	3.090213e+01	2020	6	2	18
	1732931	126.735000	24.850600	9.714094e+04	3.973174e+01	1.082051e+05	1.067246e+05	5.758508e+04	5.569008e+04	3.007275e+02	4.180410e+01	2020	6	3	0
	1670228	128.403000	26.045700	9.728781e+04	3.129434e+01	1.081507e+05	1.062182e+05	5.745509e+04	5.599509e+04	3.000793e+02	4.187003e+01	2020	6	3	6
	1623066	130.455000	26.959600	9.775450e+04	3.155446e+01	1.081169e+05	1.056009e+05	5.756114e+04	5.605589e+04	2.991565e+02	3.779913e+01	2020	6	3	12
	1551823	133.110000	28.365600	9.816112e+04	2.907784e+01	1.078160e+05	1.048565e+05	5.736198e+04	5.569223e+04	2.989131e+02	3.379789e+01	2020	6	3	18
	1478742	136.256000	29.841800	9.925631e+04	2.589764e+01	1.078722e+05	1.044512e+05	5.754804e+04	5.548929e+04	2.969089e+02	2.371371e+01	2020	6	4	0
start	33	2020	5	30	6
	2612469	149.370000	9.947280	1.004954e+05	1.375742e+01	1.081610e+05	1.078630e+05	5.782027e+04	5.751627e+04	3.038621e+02	1.187216e+01	2020	5	30	6
	2617026	148.059000	9.876980	1.007254e+05	1.489093e+01	1.082998e+05	1.079972e+05	5.798672e+04	5.772422e+04	3.032148e+02	2.059243e+01	2020	5	30	12
	2612439	147.008000	9.947280	1.004781e+05	1.624539e+01	1.080711e+05	1.077621e+05	5.774599e+04	5.745149e+04	3.029355e+02	1.500804e+01	2020	5	30	18
	2594164	145.391000	10.228500	1.006465e+05	1.517349e+01	1.081779e+05	1.079604e+05	5.790227e+04	5.760702e+04	3.030818e+02	9.145231e+00	2020	5	31	0
	2575946	143.207000	10.509700	1.004279e+05	1.354123e+01	1.080492e+05	1.078408e+05	5.777256e+04	5.739031e+04	3.036887e+02	1.336916e+01	2020	5	31	6
	2566855	141.633000	10.650300	1.006175e+05	1.435230e+01	1.082171e+05	1.079576e+05	5.790218e+04	5.746843e+04	3.029792e+02	1.957232e+01	2020	5	31	12
	2562304	139.929000	10.720600	1.003846e+05	1.472651e+01	1.079861e+05	1.077713e+05	5.770749e+04	5.714049e+04	3.030107e+02	1.931149e+01	2020	5	31	18
	2535194	138.597000	11.142400	1.004796e+05	1.510384e+01	1.081389e+05	1.079329e+05	5.788796e+04	5.719496e+04	3.030293e+02	1.763699e+01	2020	6	1	0
	2548706	137.272000	10.931500	1.001892e+05	1.535077e+01	1.080682e+05	1.077348e+05	5.773571e+04	5.701096e+04	3.032109e+02	1.669190e+01	2020	6	1	6
	2535160	135.879000	11.142400	1.003178e+05	1.739766e+01	1.081673e+05	1.078903e+05	5.786306e+04	5.714606e+04	3.031003e+02	1.824780e+01	2020	6	1	12
	2535146	134.760000	11.142400	1.000312e+05	1.546370e+01	1.079369e+05	1.076979e+05	5.763403e+04	5.687028e+04	3.030854e+02	2.327890e+01	2020	6	1	18
	2526133	133.639000	11.283000	9.993962e+04	1.741316e+01	1.080949e+05	1.078259e+05	5.777138e+04	5.694788e+04	3.029634e+02	1.876476e+01	2020	6	2	0
	2499221	132.746000	11.704700	9.951188e+04	1.723804e+01	1.079741e+05	1.076781e+05	5.766162e+04	5.665688e+04	3.028403e+02	1.368892e+01	2020	6	2	6
	2481361	132.253000	11.985900	9.949856e+04	2.080943e+01	1.081828e+05	1.077498e+05	5.782751e+04	5.668826e+04	3.027251e+02	2.146739e+01	2020	6	2	12
	2450265	131.789000	12.478000	9.900425e+04	2.285504e+01	1.080211e+05	1.075476e+05	5.759184e+04	5.635434e+04	3.025232e+02	2.350751e+01	2020	6	2	18
	2419369	131.645000	12.970100	9.891994e+04	2.659379e+01	1.081666e+05	1.075731e+05	5.774733e+04	5.624108e+04	3.024414e+02	1.605626e+01	2020	6	3	0
	2366862	131.526000	13.813700	9.855381e+04	2.519766e+01	1.081212e+05	1.073132e+05	5.761709e+04	5.586134e+04	3.025530e+02	1.522977e+01	2020	6	3	6
	2319237	131.448000	14.587000	9.862075e+04	2.615776e+01	1.082569e+05	1.075709e+05	5.780289e+04	5.619389e+04	3.026086e+02	2.168386e+01	2020	6	3	12
	2272099	131.623000	15.360300	9.869062e+04	2.530200e+01	1.080950e+05	1.075205e+05	5.759698e+04	5.635148e+04	3.026943e+02	2.161760e+01	2020	6	3	18
	2225447	131.972000	16.133600	9.897656e+04	2.513629e+01	1.082582e+05	1.078447e+05	5.776279e+04	5.673904e+04	3.026814e+02	1.437584e+01	2020	6	4	0
	2166771	132.363000	17.117800	9.894125e+04	2.372760e+01	1.082258e+05	1.078263e+05	5.764258e+04	5.676858e+04	3.030574e+02	1.777966e+01	2020	6	4	6
	2112992	133.074000	18.031600	9.898369e+04	2.640649e+01	1.084420e+05	1.080240e+05	5.781939e+04	5.686039e+04	3.026917e+02	2.346638e+01	2020	6	4	12
	2055827	133.402000	19.015800	9.851206e+04	2.638266e+01	1.081721e+05	1.078361e+05	5.766101e+04	5.651326e+04	3.024685e+02	2.085003e+01	2020	6	4	18
	1987466	133.781000	20.210900	9.900575e+04	2.376694e+01	1.083328e+05	1.078442e+05	5.782675e+04	5.706975e+04	3.024556e+02	2.753319e+01	2020	6	5	0
	1935972	134.268000	21.124800	9.870494e+04	2.945049e+01	1.083099e+05	1.077974e+05	5.766064e+04	5.670314e+04	3.022126e+02	3.073828e+01	2020	6	5	6
	1877394	134.675000	22.179300	9.860894e+04	3.029663e+01	1.084145e+05	1.077932e+05	5.784238e+04	5.653963e+04	3.017876e+02	2.885688e+01	2020	6	5	12
	1812090	134.811000	23.374300	9.849919e+04	2.711648e+01	1.082664e+05	1.073404e+05	5.771887e+04	5.667137e+04	3.015071e+02	3.141708e+01	2020	6	5	18
	1747947	135.433000	24.569400	9.857350e+04	2.834356e+01	1.084346e+05	1.073216e+05	5.783359e+04	5.654734e+04	3.010891e+02	3.533658e+01	2020	6	6	0
	1707061	136.071000	25.342700	9.834012e+04	2.682657e+01	1.083941e+05	1.073111e+05	5.775615e+04	5.665665e+04	3.004990e+02	2.883100e+01	2020	6	6	6
	1663009	136.678000	26.186300	9.888312e+04	2.470759e+01	1.085220e+05	1.071250e+05	5.787280e+04	5.701480e+04	3.004297e+02	3.171026e+01	2020	6	6	12
	1598008	137.315000	27.451700	9.911419e+04	2.149568e+01	1.083192e+05	1.066577e+05	5.770246e+04	5.683771e+04	2.988655e+02	3.714359e+01	2020	6	6	18
	1530806	138.446000	28.787300	9.956856e+04	2.268818e+01	1.084575e+05	1.063980e+05	5.786218e+04	5.676018e+04	2.971445e+02	3.339658e+01	2020	6	7	0
	1506420	139.770000	29.279400	9.974756e+04	2.094053e+01	1.084613e+05	1.063678e+05	5.782491e+04	5.657566e+04	2.966184e+02	1.684382e+01	2020	6	7	6
start	22	2020	5	31	12
	2645735	240.652000	9.455180	1.004900e+05	1.258257e+01	1.079709e+05	1.078089e+05	5.757318e+04	5.723143e+04	3.030378e+02	2.585657e+01	2020	5	31	12
	2627370	241.099000	9.736380	1.006888e+05	1.204972e+01	1.082326e+05	1.080238e+05	5.779024e+04	5.747724e+04	3.031465e+02	2.707964e+01	2020	5	31	18
	2604497	241.131000	10.087900	1.004081e+05	1.264110e+01	1.080794e+05	1.078429e+05	5.760546e+04	5.724096e+04	3.031748e+02	2.762150e+01	2020	6	1	0
	2568109	241.244000	10.650300	1.006909e+05	1.477681e+01	1.083088e+05	1.080982e+05	5.783696e+04	5.751346e+04	3.031670e+02	2.453042e+01	2020	6	1	6
	2568103	240.768000	10.650300	1.003703e+05	1.511863e+01	1.080233e+05	1.078213e+05	5.760756e+04	5.721381e+04	3.030212e+02	1.824020e+01	2020	6	1	12
	2536467	240.346000	11.142400	1.005574e+05	1.711849e+01	1.082919e+05	1.080434e+05	5.781753e+04	5.732928e+04	3.029116e+02	1.624969e+01	2020	6	1	18
	2531961	240.080000	11.212700	1.001139e+05	2.024175e+01	1.081267e+05	1.077234e+05	5.763963e+04	5.703188e+04	3.028989e+02	1.152086e+01	2020	6	2	0
	2513982	239.411000	11.493800	1.003019e+05	2.224966e+01	1.082786e+05	1.080126e+05	5.789938e+04	5.726862e+04	3.026978e+02	9.761208e+00	2020	6	2	6
	2496070	238.979000	11.775000	9.988006e+04	2.140749e+01	1.080385e+05	1.077012e+05	5.765826e+04	5.695951e+04	3.023325e+02	7.849132e+00	2020	6	2	12
	2513968	238.287000	11.493800	1.000910e+05	2.244913e+01	1.083081e+05	1.079843e+05	5.786809e+04	5.721784e+04	3.019714e+02	7.764890e+00	2020	6	2	18
	2513958	237.484000	11.493800	9.973994e+04	2.269279e+01	1.081294e+05	1.077821e+05	5.773358e+04	5.709458e+04	3.021191e+02	7.910225e+00	2020	6	3	0
	2500513	236.753000	11.704700	1.001333e+05	2.445257e+01	1.083702e+05	1.080784e+05	5.800334e+04	5.738534e+04	3.019417e+02	7.422116e+00	2020	6	3	6
	2491566	235.968000	11.845300	9.958975e+04	2.257907e+01	1.080824e+05	1.077779e+05	5.777289e+04	5.715489e+04	3.018040e+02	4.833494e+00	2020	6	3	12
	2496023	235.192000	11.775000	1.001246e+05	1.997816e+01	1.083095e+05	1.080235e+05	5.799623e+04	5.764823e+04	3.018623e+02	4.642584e+00	2020	6	3	18
	2487080	234.081000	11.915600	9.992556e+04	2.469458e+01	1.082417e+05	1.078467e+05	5.787454e+04	5.726629e+04	3.019832e+02	8.339050e+00	2020	6	4	0
	2478157	233.288000	12.056200	1.001760e+05	2.158069e+01	1.084118e+05	1.080863e+05	5.812908e+04	5.780158e+04	3.015330e+02	4.452374e+00	2020	6	4	6
	2482598	232.190000	11.985900	1.002189e+05	1.826798e+01	1.081350e+05	1.077790e+05	5.790939e+04	5.763114e+04	3.014124e+02	5.478224e+00	2020	6	4	12
	2487044	231.175000	11.915600	1.006681e+05	1.773686e+01	1.083611e+05	1.080836e+05	5.815151e+04	5.781951e+04	3.015330e+02	3.663230e+00	2020	6	4	18
	2504903	229.946000	11.634400	1.003888e+05	1.927098e+01	1.082018e+05	1.078482e+05	5.795575e+04	5.750625e+04	3.021909e+02	3.859597e+00	2020	6	5	0
	2509373	229.259000	11.564100	1.007794e+05	1.610784e+01	1.083614e+05	1.081049e+05	5.813014e+04	5.793389e+04	3.013953e+02	2.837835e+00	2020	6	5	6
	2504880	228.097000	11.634400	1.006294e+05	1.729354e+01	1.080755e+05	1.078385e+05	5.791163e+04	5.770938e+04	3.011753e+02	3.965050e+00	2020	6	5	12
	2518314	227.005000	11.423500	1.009164e+05	1.527177e+01	1.082621e+05	1.080894e+05	5.809112e+04	5.789937e+04	3.015969e+02	2.744149e+00	2020	6	5	18
start	18	2020	6	2	18
	2143500	274.783000	17.539500	1.005945e+05	1.106010e+01	1.081606e+05	1.077028e+05	5.763584e+04	5.729109e+04	3.028220e+02	4.002334e+01	2020	6	2	18
	2131085	273.924000	17.750400	1.004219e+05	1.148088e+01	1.081699e+05	1.076839e+05	5.757908e+04	5.728608e+04	3.035049e+02	3.520390e+01	2020	6	3	0
	2106374	273.158000	18.172200	1.004928e+05	1.231965e+01	1.082402e+05	1.077352e+05	5.764659e+04	5.735309e+04	3.029934e+02	2.860604e+01	2020	6	3	6
	2049311	274.536000	19.156400	1.003185e+05	1.559594e+01	1.082249e+05	1.078344e+05	5.766939e+04	5.729864e+04	3.023684e+02	3.697670e+01	2020	6	3	12
	2021058	273.851000	19.648500	1.003446e+05	1.446204e+01	1.082730e+05	1.080625e+05	5.771548e+04	5.730423e+04	3.029414e+02	3.527038e+01	2020	6	3	18
	2029107	273.754000	19.507900	1.002151e+05	1.227343e+01	1.082427e+05	1.080067e+05	5.762004e+04	5.723329e+04	3.029382e+02	3.170327e+01	2020	6	4	0
	2021059	273.940000	19.648500	1.002575e+05	1.215525e+01	1.082343e+05	1.080013e+05	5.770408e+04	5.723533e+04	3.023132e+02	3.206289e+01	2020	6	4	6
	1981056	274.613000	20.351500	1.001702e+05	1.352763e+01	1.081815e+05	1.078535e+05	5.760464e+04	5.717814e+04	3.029807e+02	3.203465e+01	2020	6	4	12
	1945384	274.199000	20.984200	1.001956e+05	1.357608e+01	1.082161e+05	1.078036e+05	5.768001e+04	5.714051e+04	3.030115e+02	2.276545e+01	2020	6	4	18
	2005007	273.956000	19.929700	1.000290e+05	1.163332e+01	1.081872e+05	1.077608e+05	5.757400e+04	5.707725e+04	3.026997e+02	2.081319e+01	2020	6	5	0
	1969143	275.716000	20.562400	1.000217e+05	1.367965e+01	1.081014e+05	1.075204e+05	5.757714e+04	5.705214e+04	3.029431e+02	3.560993e+01	2020	6	5	6
	1925731	276.239000	21.335700	9.977244e+04	1.451201e+01	1.080220e+05	1.071460e+05	5.745213e+04	5.693313e+04	3.028813e+02	3.063429e+01	2020	6	5	12
	1913989	277.638000	21.546600	9.970519e+04	1.433085e+01	1.080399e+05	1.072469e+05	5.750362e+04	5.687262e+04	3.028645e+02	3.005288e+01	2020	6	5	18
	1953322	277.834000	20.843600	9.959150e+04	1.412107e+01	1.080933e+05	1.072461e+05	5.747759e+04	5.678309e+04	3.027776e+02	2.061060e+01	2020	6	6	0
	1802217	280.053000	23.585200	9.956812e+04	1.434585e+01	1.079218e+05	1.064858e+05	5.733990e+04	5.671915e+04	3.019287e+02	2.767475e+01	2020	6	6	6
	1825091	281.874000	23.163400	9.950488e+04	1.664159e+01	1.079580e+05	1.065355e+05	5.746855e+04	5.668655e+04	3.019385e+02	2.257779e+01	2020	6	6	12
	1783323	284.015000	23.936700	9.932869e+04	1.980407e+01	1.079732e+05	1.065812e+05	5.751021e+04	5.659496e+04	3.012727e+02	2.272823e+01	2020	6	6	18
	1719705	285.534000	25.131800	9.934856e+04	1.933858e+01	1.079782e+05	1.061210e+05	5.745168e+04	5.647268e+04	3.008506e+02	1.717046e+01	2020	6	7	0
start	79	2020	7	6	18
	2649114	144.970000	9.384890	1.003778e+05	1.201186e+01	1.081397e+05	1.079127e+05	5.763420e+04	5.724820e+04	3.040830e+02	2.924126e+01	2020	7	6	18
	2667545	143.766000	9.103690	1.005764e+05	1.122056e+01	1.083679e+05	1.081549e+05	5.782388e+04	5.743788e+04	3.040488e+02	2.813270e+01	2020	7	7	0
	2662937	144.515000	9.173990	1.003114e+05	1.283771e+01	1.082513e+05	1.080138e+05	5.769061e+04	5.724461e+04	3.040332e+02	2.986653e+01	2020	7	7	6
	2626138	144.346000	9.736380	1.004596e+05	1.210749e+01	1.084737e+05	1.082777e+05	5.786760e+04	5.744835e+04	3.039636e+02	4.090507e+01	2020	7	7	12
	2585039	143.668000	10.369100	1.001597e+05	1.331203e+01	1.083272e+05	1.080172e+05	5.772087e+04	5.718037e+04	3.038950e+02	4.928807e+01	2020	7	7	18
	2557820	143.236000	10.790900	1.002674e+05	1.456338e+01	1.084317e+05	1.082247e+05	5.786305e+04	5.729730e+04	3.038157e+02	5.145732e+01	2020	7	8	0
	2548777	142.932000	10.931500	9.992381e+04	1.495776e+01	1.082681e+05	1.080286e+05	5.764668e+04	5.698493e+04	3.038167e+02	4.780313e+01	2020	7	8	6
	2544261	142.739000	11.001800	9.995906e+04	1.654963e+01	1.085216e+05	1.081521e+05	5.781546e+04	5.706071e+04	3.037329e+02	4.721464e+01	2020	7	8	12
	2517262	142.620000	11.423500	9.958638e+04	1.697571e+01	1.082991e+05	1.079066e+05	5.765883e+04	5.678433e+04	3.036899e+02	5.375327e+01	2020	7	8	18
	2494872	142.453000	11.775000	9.953338e+04	1.930691e+01	1.084380e+05	1.079505e+05	5.780463e+04	5.677738e+04	3.036030e+02	5.467596e+01	2020	7	9	0
	2477024	141.671000	12.056200	9.905038e+04	2.075489e+01	1.083282e+05	1.077228e+05	5.768196e+04	5.644121e+04	3.035249e+02	4.859439e+01	2020	7	9	6
	2450380	141.138000	12.478000	9.900206e+04	2.568622e+01	1.085562e+05	1.078167e+05	5.787678e+04	5.645353e+04	3.033313e+02	4.760993e+01	2020	7	9	12
	2441524	140.416000	12.618600	9.845106e+04	2.437967e+01	1.084208e+05	1.075022e+05	5.766019e+04	5.609669e+04	3.034534e+02	5.078857e+01	2020	7	9	18
	2410679	139.918000	13.110700	9.830575e+04	2.577893e+01	1.085817e+05	1.076722e+05	5.780541e+04	5.609341e+04	3.034402e+02	4.628799e+01	2020	7	10	0
	2393135	139.113000	13.391900	9.791862e+04	2.948504e+01	1.084727e+05	1.074077e+05	5.770093e+04	5.571118e+04	3.034912e+02	3.920839e+01	2020	7	10	6
	2384382	138.297000	13.532500	9.788638e+04	3.037122e+01	1.086596e+05	1.074321e+05	5.785404e+04	5.568954e+04	3.035627e+02	3.914000e+01	2020	7	10	12
	2371289	137.603000	13.743400	9.735788e+04	3.119929e+01	1.084339e+05	1.070169e+05	5.765229e+04	5.525604e+04	3.035337e+02	4.333210e+01	2020	7	10	18
	2358231	136.823000	13.954300	9.720044e+04	3.481120e+01	1.085180e+05	1.071035e+05	5.777575e+04	5.523325e+04	3.034963e+02	4.801026e+01	2020	7	11	0
	2349545	136.245000	14.094900	9.645025e+04	3.620129e+01	1.083587e+05	1.067217e+05	5.762228e+04	5.473553e+04	3.034561e+02	4.571313e+01	2020	7	11	6
	2353878	135.871000	14.024600	9.600175e+04	4.083897e+01	1.085482e+05	1.066268e+05	5.776691e+04	5.448441e+04	3.033303e+02	4.875381e+01	2020	7	11	12
	2336543	135.125000	14.305800	9.530738e+04	4.465650e+01	1.084006e+05	1.062936e+05	5.753038e+04	5.403263e+04	3.033418e+02	5.498341e+01	2020	7	11	18
	2336540	134.875000	14.305800	9.515312e+04	4.731830e+01	1.084738e+05	1.064038e+05	5.764429e+04	5.397554e+04	3.032046e+02	5.586647e+01	2020	7	12	0
	2306365	134.162000	14.797900	9.456200e+04	5.084076e+01	1.083392e+05	1.061552e+05	5.753712e+04	5.355012e+04	3.031895e+02	4.513276e+01	2020	7	12	6
	2289211	133.822000	15.079100	9.421700e+04	5.826991e+01	1.085483e+05	1.061278e+05	5.772133e+04	5.334558e+04	3.031479e+02	5.158434e+01	2020	7	12	12
	2276386	133.440000	15.290000	9.442938e+04	5.285711e+01	1.084503e+05	1.060723e+05	5.752813e+04	5.347113e+04	3.032061e+02	6.084468e+01	2020	7	12	18
	2250847	132.922000	15.711800	9.473488e+04	5.038141e+01	1.085867e+05	1.062162e+05	5.765144e+04	5.368194e+04	3.032783e+02	5.466743e+01	2020	7	13	0
	2233898	132.318000	15.993000	9.435575e+04	5.387255e+01	1.085041e+05	1.059596e+05	5.757023e+04	5.335723e+04	3.033271e+02	5.210843e+01	2020	7	13	6
	2221230	132.011000	16.203900	9.439738e+04	5.198312e+01	1.087007e+05	1.061297e+05	5.772990e+04	5.352815e+04	3.032471e+02	5.385842e+01	2020	7	13	12
	2183445	131.340000	16.836600	9.438856e+04	5.550111e+01	1.085469e+05	1.059524e+05	5.752263e+04	5.339813e+04	3.034248e+02	6.229262e+01	2020	7	13	18
	2162595	131.106000	17.188000	9.423356e+04	5.150877e+01	1.086262e+05	1.059217e+05	5.764807e+04	5.335457e+04	3.033184e+02	5.733679e+01	2020	7	14	0
	2137703	130.474000	17.609800	9.387288e+04	5.369534e+01	1.085338e+05	1.057103e+05	5.752039e+04	5.304739e+04	3.032607e+02	5.275842e+01	2020	7	14	6
	2112961	130.360000	18.031600	9.369400e+04	5.352882e+01	1.086061e+05	1.056816e+05	5.760202e+04	5.300727e+04	3.031570e+02	5.501451e+01	2020	7	14	12
	2096543	129.990000	18.312800	9.349812e+04	5.621374e+01	1.083638e+05	1.054562e+05	5.738087e+04	5.275437e+04	3.030327e+02	5.981450e+01	2020	7	14	18
	2067971	129.823000	18.804900	9.367144e+04	5.036840e+01	1.084652e+05	1.055972e+05	5.740963e+04	5.291663e+04	3.029697e+02	6.263859e+01	2020	7	15	0
	2039599	130.010000	19.297000	9.370019e+04	4.372916e+01	1.083704e+05	1.055799e+05	5.722081e+04	5.282681e+04	3.028442e+02	5.816682e+01	2020	7	15	6
	2007415	130.329000	19.859400	9.408188e+04	4.534184e+01	1.084379e+05	1.057404e+05	5.736660e+04	5.305360e+04	3.025039e+02	5.368072e+01	2020	7	15	12
	1967543	130.554000	20.562400	9.410662e+04	4.757480e+01	1.082922e+05	1.058738e+05	5.718668e+04	5.315393e+04	3.023965e+02	5.573742e+01	2020	7	15	18
	1924152	131.376000	21.335700	9.452306e+04	4.016061e+01	1.082967e+05	1.061017e+05	5.728809e+04	5.342609e+04	3.024268e+02	5.220812e+01	2020	7	16	0
	1865756	131.925000	22.390200	9.435962e+04	3.715941e+01	1.082124e+05	1.059184e+05	5.715374e+04	5.325099e+04	3.023616e+02	4.482282e+01	2020	7	16	6
	1812069	132.826000	23.374300	9.442738e+04	3.789051e+01	1.084424e+05	1.060634e+05	5.739057e+04	5.334807e+04	3.024631e+02	4.063826e+01	2020	7	16	12
	1725564	133.692000	24.991200	9.417525e+04	3.883007e+01	1.083118e+05	1.059463e+05	5.720984e+04	5.326609e+04	3.022273e+02	4.476536e+01	2020	7	16	18
	1655697	134.209000	26.326900	9.454969e+04	3.444803e+01	1.084599e+05	1.062744e+05	5.732273e+04	5.360523e+04	3.015881e+02	3.864354e+01	2020	7	17	0
	1590843	135.101000	27.592300	9.506669e+04	3.102416e+01	1.084798e+05	1.065402e+05	5.731514e+04	5.396864e+04	3.009609e+02	3.026716e+01	2020	7	17	6
	1551848	135.664000	28.365600	9.579850e+04	2.656517e+01	1.086982e+05	1.070352e+05	5.751690e+04	5.450440e+04	2.996157e+02	1.896709e+01	2020	7	17	12
	1502917	136.298000	29.349700	9.641012e+04	2.386238e+01	1.086343e+05	1.074648e+05	5.739280e+04	5.499305e+04	2.991948e+02	1.679372e+01	2020	7	17	18
	1475313	137.148000	29.912100	9.714312e+04	2.151753e+01	1.087512e+05	1.078558e+05	5.761220e+04	5.552095e+04	2.991851e+02	1.215949e+01	2020	7	18	0
	1465030	137.734000	30.123000	9.749175e+04	2.026266e+01	1.087776e+05	1.079516e+05	5.763002e+04	5.581252e+04	2.990457e+02	1.082423e+01	2020	7	18	6
	1461619	138.842000	30.193300	9.796825e+04	1.889106e+01	1.089528e+05	1.080888e+05	5.768392e+04	5.610092e+04	2.995552e+02	9.337593e+00	2020	7	18	12
	1465048	139.626000	30.123000	9.810131e+04	2.010234e+01	1.087387e+05	1.079697e+05	5.755112e+04	5.611437e+04	2.998198e+02	7.648735e+00	2020	7	18	18
	1475347	140.710000	29.912100	9.844294e+04	1.902518e+01	1.087838e+05	1.079202e+05	5.766538e+04	5.633388e+04	3.001335e+02	6.467847e+00	2020	7	19	0
	1502970	141.799000	29.349700	9.845288e+04	1.994907e+01	1.086861e+05	1.077456e+05	5.756362e+04	5.630062e+04	3.008184e+02	7.745899e+00	2020	7	19	6
	1527353	143.032000	28.857600	9.853488e+04	1.829015e+01	1.087228e+05	1.076042e+05	5.769086e+04	5.630236e+04	3.008225e+02	9.213118e+00	2020	7	19	12
	1558990	144.530000	28.225000	9.827456e+04	1.995356e+01	1.084202e+05	1.072512e+05	5.750890e+04	5.604190e+04	3.009404e+02	1.465785e+01	2020	7	19	18
	1580273	146.693000	27.803200	9.816806e+04	2.162181e+01	1.083194e+05	1.071809e+05	5.769640e+04	5.594015e+04	3.011826e+02	2.014503e+01	2020	7	20	0
	1555503	148.878000	28.295300	9.777650e+04	2.221896e+01	1.081529e+05	1.070794e+05	5.753137e+04	5.557512e+04	3.002185e+02	2.437411e+01	2020	7	20	6
	1503055	150.623000	29.349700	9.775575e+04	2.369285e+01	1.081832e+05	1.071278e+05	5.763505e+04	5.556205e+04	2.998628e+02	2.515334e+01	2020	7	20	12
	1434508	151.311000	30.755700	9.761531e+04	2.352508e+01	1.079468e+05	1.069213e+05	5.735870e+04	5.541220e+04	2.992061e+02	1.954487e+01	2020	7	20	18
	1367553	151.161000	32.161700	9.779031e+04	2.207677e+01	1.079909e+05	1.069559e+05	5.732542e+04	5.551867e+04	2.988320e+02	9.472612e+00	2020	7	21	0
	1315137	150.592000	33.286500	9.778294e+04	2.228876e+01	1.078856e+05	1.069801e+05	5.727659e+04	5.551184e+04	2.986345e+02	7.723091e+00	2020	7	21	6
	1302183	149.331000	33.567700	9.805962e+04	2.133257e+01	1.078349e+05	1.070699e+05	5.730220e+04	5.566620e+04	2.989072e+02	8.320835e+00	2020	7	21	12
	1302175	148.439000	33.567700	9.808931e+04	1.878745e+01	1.076121e+05	1.069061e+05	5.710907e+04	5.565457e+04	2.990122e+02	7.795334e+00	2020	7	21	18
	1315115	148.150000	33.286500	9.832038e+04	1.799520e+01	1.078231e+05	1.070061e+05	5.710935e+04	5.582610e+04	2.988604e+02	5.856474e+00	2020	7	22	0
	1298946	148.065000	33.638000	9.834875e+04	1.688652e+01	1.078772e+05	1.070587e+05	5.707713e+04	5.588238e+04	2.991414e+02	8.538321e+00	2020	7	22	6
	1279673	147.713000	34.059800	9.859838e+04	1.732403e+01	1.079201e+05	1.071651e+05	5.713694e+04	5.606494e+04	2.992271e+02	9.164775e+00	2020	7	22	12
	1244718	147.605000	34.833000	9.859300e+04	1.776601e+01	1.077509e+05	1.070454e+05	5.706957e+04	5.601732e+04	2.991934e+02	7.121899e+00	2020	7	22	18
	1213355	146.842000	35.536000	9.875506e+04	1.812751e+01	1.078381e+05	1.066361e+05	5.713444e+04	5.617819e+04	2.991123e+02	6.571840e+00	2020	7	23	0
	1197820	146.047000	35.887500	9.869625e+04	1.699322e+01	1.078269e+05	1.064624e+05	5.705426e+04	5.616576e+04	2.992734e+02	8.326373e+00	2020	7	23	6
	1164003	145.203000	36.660800	9.880519e+04	1.705520e+01	1.077450e+05	1.064955e+05	5.713036e+04	5.618361e+04	2.997012e+02	1.218529e+01	2020	7	23	12
	1148790	144.617000	37.012300	9.855806e+04	1.759246e+01	1.074982e+05	1.063277e+05	5.704558e+04	5.592408e+04	2.996406e+02	1.495479e+01	2020	7	23	18
	1142727	143.690000	37.152900	9.851769e+04	1.981990e+01	1.074029e+05	1.063994e+05	5.701708e+04	5.589533e+04	2.997373e+02	1.085035e+01	2020	7	24	0
	1124653	143.160000	37.574700	9.850281e+04	1.827112e+01	1.072978e+05	1.064282e+05	5.698398e+04	5.585498e+04	2.997192e+02	9.668900e+00	2020	7	24	6
	1121653	142.870000	37.645000	9.877125e+04	1.760202e+01	1.071656e+05	1.064676e+05	5.699834e+04	5.604709e+04	2.996965e+02	8.505882e+00	2020	7	24	12
	1100781	142.763000	38.137100	9.875456e+04	1.737864e+01	1.070360e+05	1.063510e+05	5.688682e+04	5.600207e+04	2.993672e+02	6.803729e+00	2020	7	24	18
	1071306	142.869000	38.840100	9.903500e+04	1.559833e+01	1.072394e+05	1.062694e+05	5.704835e+04	5.613710e+04	2.985403e+02	4.938958e+00	2020	7	25	0
	1033588	143.199000	39.754000	9.925400e+04	1.490801e+01	1.073226e+05	1.062361e+05	5.713480e+04	5.628980e+04	2.967168e+02	6.205317e+00	2020	7	25	6
	993723	143.362000	40.738100	9.956125e+04	1.472630e+01	1.073699e+05	1.061909e+05	5.725420e+04	5.645845e+04	2.967468e+02	6.823368e+00	2020	7	25	12
	951881	143.609000	41.792600	9.972456e+04	1.365601e+01	1.072519e+05	1.059389e+05	5.725303e+04	5.640653e+04	2.966328e+02	5.957569e+00	2020	7	25	18
	868241	141.624000	43.971900	1.000782e+05	1.244781e+01	1.071776e+05	1.059471e+05	5.719771e+04	5.649071e+04	2.958938e+02	3.911967e+00	2020	7	26	0
	834318	141.827000	44.885800	1.001374e+05	9.937292e+00	1.072164e+05	1.060604e+05	5.727210e+04	5.649185e+04	2.967280e+02	3.067992e+00	2020	7	26	6
start	46	2020	7	8	6
	2836680	161.713000	6.572930	1.002751e+05	1.437306e+01	1.083591e+05	1.080936e+05	5.762843e+04	5.719018e+04	3.037483e+02	3.467231e+01	2020	7	8	6
	2884521	161.940000	5.869950	1.003086e+05	1.680253e+01	1.084751e+05	1.081621e+05	5.781696e+04	5.728496e+04	3.037437e+02	3.684391e+01	2020	7	8	12
	2822409	161.894000	6.783830	9.992812e+04	1.578413e+01	1.083266e+05	1.080466e+05	5.767983e+04	5.706608e+04	3.036499e+02	4.145197e+01	2020	7	8	18
	2770375	161.419000	7.557120	9.996838e+04	1.630524e+01	1.085085e+05	1.082405e+05	5.782138e+04	5.726463e+04	3.035562e+02	4.195220e+01	2020	7	9	0
	2732832	160.753000	8.119510	9.957688e+04	1.784758e+01	1.084532e+05	1.080922e+05	5.771321e+04	5.705471e+04	3.035249e+02	3.887442e+01	2020	7	9	6
	2681629	159.870000	8.892790	9.977106e+04	1.921254e+01	1.086252e+05	1.083022e+05	5.795028e+04	5.720803e+04	3.035032e+02	4.496063e+01	2020	7	9	12
	2658510	159.081000	9.244290	9.930031e+04	2.211063e+01	1.084878e+05	1.080668e+05	5.781844e+04	5.681419e+04	3.036145e+02	5.278498e+01	2020	7	9	18
	2621735	158.384000	9.806680	9.921325e+04	2.289072e+01	1.086637e+05	1.081587e+05	5.792716e+04	5.686016e+04	3.034802e+02	5.447918e+01	2020	7	10	0
	2580671	157.738000	10.439400	9.884638e+04	2.279493e+01	1.085712e+05	1.078647e+05	5.783143e+04	5.642293e+04	3.033721e+02	4.923601e+01	2020	7	10	6
	2553470	156.903000	10.861200	9.842412e+04	2.778197e+01	1.086771e+05	1.074906e+05	5.797154e+04	5.603229e+04	3.033723e+02	4.919152e+01	2020	7	10	12
	2512946	156.236000	11.493800	9.782488e+04	3.072426e+01	1.084419e+05	1.070304e+05	5.783604e+04	5.545879e+04	3.033442e+02	5.447532e+01	2020	7	10	18
	2468298	155.374000	12.196800	9.783769e+04	2.997102e+01	1.086300e+05	1.072640e+05	5.794750e+04	5.560200e+04	3.033977e+02	5.513942e+01	2020	7	11	0
	2432865	154.461000	12.759200	9.724850e+04	3.139505e+01	1.084982e+05	1.068962e+05	5.779603e+04	5.497428e+04	3.034893e+02	5.781356e+01	2020	7	11	6
	2393310	153.510000	13.391900	9.710175e+04	3.443329e+01	1.086078e+05	1.067738e+05	5.796716e+04	5.485216e+04	3.034465e+02	5.554350e+01	2020	7	11	12
	2358421	152.569000	13.954300	9.657062e+04	3.440075e+01	1.084376e+05	1.064051e+05	5.776038e+04	5.433588e+04	3.034082e+02	5.639038e+01	2020	7	11	18
	2315175	151.812000	14.657300	9.628888e+04	4.152241e+01	1.086008e+05	1.063518e+05	5.789529e+04	5.415929e+04	3.033882e+02	5.620705e+01	2020	7	12	0
	2276595	151.068000	15.290000	9.552550e+04	4.424515e+01	1.084877e+05	1.061497e+05	5.773787e+04	5.409437e+04	3.033760e+02	5.172621e+01	2020	7	12	6
	2242574	150.425000	15.852400	9.477200e+04	4.943108e+01	1.086613e+05	1.057448e+05	5.789483e+04	5.318108e+04	3.033784e+02	5.423105e+01	2020	7	12	12
	2200411	149.886000	16.555400	9.441838e+04	4.856930e+01	1.084643e+05	1.057668e+05	5.774213e+04	5.345488e+04	3.033379e+02	5.673337e+01	2020	7	12	18
	2162806	149.365000	17.188000	9.380362e+04	4.889613e+01	1.086042e+05	1.049167e+05	5.784594e+04	5.267594e+04	3.032832e+02	5.553494e+01	2020	7	13	0
	2142053	148.957000	17.539500	9.301450e+04	5.058077e+01	1.084831e+05	1.055021e+05	5.770673e+04	5.256123e+04	3.032539e+02	5.273890e+01	2020	7	13	6
	2121401	148.631000	17.891000	9.346788e+04	5.145518e+01	1.086187e+05	1.048152e+05	5.784790e+04	5.219190e+04	3.031797e+02	5.587191e+01	2020	7	13	12
	2096755	148.623000	18.312800	9.334856e+04	4.949982e+01	1.084119e+05	1.048524e+05	5.759613e+04	5.225813e+04	3.030488e+02	6.271844e+01	2020	7	13	18
	2051945	148.638000	19.086100	9.381031e+04	5.113795e+01	1.085222e+05	1.052757e+05	5.768682e+04	5.293482e+04	3.027373e+02	5.965253e+01	2020	7	14	0
	2007617	148.473000	19.859400	9.262812e+04	5.557637e+01	1.083398e+05	1.043113e+05	5.754489e+04	5.155789e+04	3.025654e+02	4.832098e+01	2020	7	14	6
	1983640	148.193000	20.281200	9.332625e+04	5.002578e+01	1.085196e+05	1.050056e+05	5.771602e+04	5.230677e+04	3.024216e+02	4.574885e+01	2020	7	14	12
	1940064	148.386000	21.054500	9.292862e+04	5.112450e+01	1.083138e+05	1.046048e+05	5.751937e+04	5.192237e+04	3.020063e+02	4.543992e+01	2020	7	14	18
	1889189	148.611000	21.968400	9.413694e+04	4.535813e+01	1.083697e+05	1.056477e+05	5.765738e+04	5.297238e+04	3.020557e+02	4.225732e+01	2020	7	15	0
	1835158	148.998000	22.952500	9.419969e+04	4.682834e+01	1.083499e+05	1.057969e+05	5.751781e+04	5.325831e+04	3.018638e+02	3.840638e+01	2020	7	15	6
	1793256	149.398000	23.725800	9.489062e+04	4.216198e+01	1.085414e+05	1.065814e+05	5.779010e+04	5.403685e+04	3.016357e+02	3.546286e+01	2020	7	15	12
	1736898	150.064000	24.780300	9.523188e+04	3.434667e+01	1.083532e+05	1.069408e+05	5.756993e+04	5.468143e+04	3.014287e+02	3.717307e+01	2020	7	15	18
	1666801	150.723000	26.116000	9.602906e+04	3.234539e+01	1.084967e+05	1.073042e+05	5.775059e+04	5.539959e+04	3.011299e+02	4.104279e+01	2020	7	16	0
	1569670	151.354000	28.014100	9.633012e+04	3.473868e+01	1.084874e+05	1.072609e+05	5.758399e+04	5.521749e+04	3.003977e+02	3.963042e+01	2020	7	16	6
	1485781	152.123000	29.701200	9.684512e+04	3.126413e+01	1.086144e+05	1.069729e+05	5.768032e+04	5.559707e+04	2.992649e+02	4.562742e+01	2020	7	16	12
	1394162	153.269000	31.599300	9.699025e+04	2.882763e+01	1.084428e+05	1.068323e+05	5.752734e+04	5.530184e+04	2.988503e+02	4.586399e+01	2020	7	16	18
	1315164	153.588000	33.286500	9.707469e+04	2.476556e+01	1.084584e+05	1.067904e+05	5.740798e+04	5.526298e+04	2.978977e+02	2.796258e+01	2020	7	17	0
	1260606	154.383000	34.481500	9.715894e+04	2.475989e+01	1.083578e+05	1.068158e+05	5.732789e+04	5.522439e+04	2.973584e+02	2.033518e+01	2020	7	17	6
	1200989	154.335000	35.817200	9.717725e+04	2.338331e+01	1.082222e+05	1.067058e+05	5.729290e+04	5.500340e+04	2.973149e+02	1.562530e+01	2020	7	17	12
	1179390	154.453000	36.309300	9.712888e+04	2.091281e+01	1.079603e+05	1.064128e+05	5.707780e+04	5.475555e+04	2.971167e+02	1.039810e+01	2020	7	17	18
	1170190	154.118000	36.520200	9.743188e+04	1.903739e+01	1.078908e+05	1.065298e+05	5.714145e+04	5.494920e+04	2.969761e+02	7.752585e+00	2020	7	18	0
	1182460	154.018000	36.239000	9.766475e+04	1.871299e+01	1.079131e+05	1.066456e+05	5.714552e+04	5.519852e+04	2.968923e+02	9.002568e+00	2020	7	18	6
	1194793	153.803000	35.957800	9.813075e+04	1.829576e+01	1.079542e+05	1.068548e+05	5.723892e+04	5.561617e+04	2.969438e+02	7.153164e+00	2020	7	18	12
	1204084	153.557000	35.746900	9.831856e+04	1.726990e+01	1.077592e+05	1.068272e+05	5.711337e+04	5.568062e+04	2.973335e+02	3.947299e+00	2020	7	18	18
	1213408	152.965000	35.536000	9.862719e+04	1.644557e+01	1.079168e+05	1.069912e+05	5.722738e+04	5.585688e+04	2.976082e+02	1.964415e+00	2020	7	19	0
	1225897	152.299000	35.254800	9.869538e+04	1.610220e+01	1.080306e+05	1.069811e+05	5.722962e+04	5.592487e+04	2.980332e+02	2.790334e+00	2020	7	19	6
	1232162	151.567000	35.114200	9.899412e+04	1.595006e+01	1.081912e+05	1.069958e+05	5.736786e+04	5.614461e+04	2.984368e+02	3.996497e+00	2020	7	19	12
start	25	2020	7	9	6
	2137603	121.770000	17.609800	9.995612e+04	1.277044e+01	1.085412e+05	1.082262e+05	5.781596e+04	5.717296e+04	3.062300e+02	2.151998e+01	2020	7	9	6
	2129316	119.651000	17.750400	9.993306e+04	1.392438e+01	1.086997e+05	1.083652e+05	5.789253e+04	5.728003e+04	3.061594e+02	2.465361e+01	2020	7	9	12
	2141707	118.870000	17.539500	9.987331e+04	1.375920e+01	1.085668e+05	1.082588e+05	5.780619e+04	5.718869e+04	3.059807e+02	3.244505e+01	2020	7	9	18
	2166608	118.271000	17.117800	9.977675e+04	1.315213e+01	1.086297e+05	1.082837e+05	5.777141e+04	5.722091e+04	3.055339e+02	3.878669e+01	2020	7	10	0
	2096403	117.686000	18.312800	9.968462e+04	1.542386e+01	1.087112e+05	1.082202e+05	5.776743e+04	5.705543e+04	3.043926e+02	2.978409e+01	2020	7	10	6
	2129282	116.686000	17.750400	9.969388e+04	1.457486e+01	1.087636e+05	1.083126e+05	5.779679e+04	5.707879e+04	3.042942e+02	2.810796e+01	2020	7	10	12
	2137548	116.983000	17.609800	9.947138e+04	1.441453e+01	1.086579e+05	1.082414e+05	5.768704e+04	5.694529e+04	3.042446e+02	3.844481e+01	2020	7	10	18
	2112796	115.914000	18.031600	9.950269e+04	1.456103e+01	1.087575e+05	1.082650e+05	5.764775e+04	5.694625e+04	3.039973e+02	3.518744e+01	2020	7	11	0
	2092287	115.689000	18.383100	9.926650e+04	1.522536e+01	1.087537e+05	1.081837e+05	5.759453e+04	5.677503e+04	3.042686e+02	2.703053e+01	2020	7	11	6
	2067804	115.044000	18.804900	9.923050e+04	1.638275e+01	1.087942e+05	1.082548e+05	5.768241e+04	5.683966e+04	3.036204e+02	2.754975e+01	2020	7	11	12
	2067795	114.248000	18.804900	9.908762e+04	1.606085e+01	1.086641e+05	1.082071e+05	5.754938e+04	5.670413e+04	3.035615e+02	3.965812e+01	2020	7	11	18
	2059666	114.030000	18.945500	9.902588e+04	1.897022e+01	1.086512e+05	1.081482e+05	5.760404e+04	5.665504e+04	3.035220e+02	3.354239e+01	2020	7	12	0
	2023286	113.260000	19.578200	9.879825e+04	2.007570e+01	1.086867e+05	1.080592e+05	5.750637e+04	5.645037e+04	3.035498e+02	2.675419e+01	2020	7	12	6
	2011231	112.971000	19.789100	9.886550e+04	1.883649e+01	1.087518e+05	1.081858e+05	5.759908e+04	5.655208e+04	3.034204e+02	2.893518e+01	2020	7	12	12
	1971306	111.843000	20.492100	9.885512e+04	2.083064e+01	1.086148e+05	1.081828e+05	5.754613e+04	5.652663e+04	3.041768e+02	3.476611e+01	2020	7	12	18
	1971301	111.390000	20.492100	9.889062e+04	1.887029e+01	1.087332e+05	1.082207e+05	5.757919e+04	5.655719e+04	3.040859e+02	3.238606e+01	2020	7	13	0
	1935704	109.756000	21.124800	9.878350e+04	1.551406e+01	1.087086e+05	1.082011e+05	5.751148e+04	5.649648e+04	3.040693e+02	2.830185e+01	2020	7	13	6
	1931767	109.410000	21.195100	9.888062e+04	1.545409e+01	1.087582e+05	1.083522e+05	5.759790e+04	5.660565e+04	3.041006e+02	3.644196e+01	2020	7	13	12
	1919978	108.184000	21.406000	9.880056e+04	1.924632e+01	1.087229e+05	1.082819e+05	5.753263e+04	5.658213e+04	3.041309e+02	4.787002e+01	2020	7	13	18
	1884861	107.611000	22.038700	9.893656e+04	1.843508e+01	1.087107e+05	1.082112e+05	5.760207e+04	5.657532e+04	3.039512e+02	3.997040e+01	2020	7	14	0
	1888726	105.741000	21.968400	9.900138e+04	1.328917e+01	1.087308e+05	1.082738e+05	5.750189e+04	5.662514e+04	3.038555e+02	3.294886e+01	2020	7	14	6
	1884835	105.201000	22.038700	9.919950e+04	9.886753e+00	1.088056e+05	1.084611e+05	5.757477e+04	5.685077e+04	3.037703e+02	4.156230e+01	2020	7	14	12
	1861596	104.083000	22.460500	9.937062e+04	8.984353e+00	1.087588e+05	1.084388e+05	5.747987e+04	5.687612e+04	-9.000000e+33	4.209484e+01	2020	7	14	18
	1873199	104.783000	22.249600	9.949369e+04	7.721399e+00	1.087252e+05	1.083792e+05	5.759663e+04	5.690713e+04	-9.000000e+33	2.983447e+01	2020	7	15	0
	1865420	100.621000	22.390200	9.949219e+04	4.387595e+00	1.087659e+05	1.084529e+05	5.745006e+04	5.700481e+04	-9.000000e+33	2.642449e+01	2020	7	15	6
start	48	2020	7	23	6
	2307363	217.793000	14.797900	1.008715e+05	1.299136e+01	1.084699e+05	1.082674e+05	5.811126e+04	5.757651e+04	3.017695e+02	1.166839e+01	2020	7	23	6
	2281639	216.320000	15.219700	1.007189e+05	1.289994e+01	1.083010e+05	1.080810e+05	5.792861e+04	5.746836e+04	3.017617e+02	1.437236e+01	2020	7	23	12
	2281632	215.730000	15.219700	1.008856e+05	1.375295e+01	1.084887e+05	1.082712e+05	5.810558e+04	5.764658e+04	3.017402e+02	1.437721e+01	2020	7	23	18
	2251812	214.779000	15.711800	1.007357e+05	1.428851e+01	1.083874e+05	1.082244e+05	5.800933e+04	5.750233e+04	3.018926e+02	1.122668e+01	2020	7	24	0
	2285888	214.181000	15.149400	1.008013e+05	1.364584e+01	1.084598e+05	1.082972e+05	5.810623e+04	5.759173e+04	3.017056e+02	1.477896e+01	2020	7	24	6
	2273066	213.265000	15.360300	1.005888e+05	1.354305e+01	1.082611e+05	1.080846e+05	5.791734e+04	5.739184e+04	3.016467e+02	1.214606e+01	2020	7	24	12
	2290152	212.972000	15.079100	1.006966e+05	1.492023e+01	1.083630e+05	1.080945e+05	5.805957e+04	5.744157e+04	3.016406e+02	1.096282e+01	2020	7	24	18
	2303008	212.712000	14.868200	1.004092e+05	1.463826e+01	1.083204e+05	1.079649e+05	5.796985e+04	5.727160e+04	3.017932e+02	1.316001e+01	2020	7	25	0
	2328827	212.113000	14.446400	1.005762e+05	1.366294e+01	1.083526e+05	1.080926e+05	5.803955e+04	5.743880e+04	3.017520e+02	1.148335e+01	2020	7	25	6
	2328820	211.529000	14.446400	1.004458e+05	1.338961e+01	1.081659e+05	1.079339e+05	5.786695e+04	5.728670e+04	3.016501e+02	9.831792e+00	2020	7	25	12
	2341777	210.693000	14.235500	1.005678e+05	1.397886e+01	1.083169e+05	1.080304e+05	5.800828e+04	5.733028e+04	3.015850e+02	5.165080e+00	2020	7	25	18
	2350430	209.723000	14.094900	1.004862e+05	1.541204e+01	1.082556e+05	1.079731e+05	5.795971e+04	5.719396e+04	3.020051e+02	5.386792e+00	2020	7	26	0
	2363442	208.482000	13.884000	1.005492e+05	1.535704e+01	1.083859e+05	1.081604e+05	5.805735e+04	5.735885e+04	3.018853e+02	1.003382e+01	2020	7	26	6
	2367779	207.381000	13.813700	1.004131e+05	1.523318e+01	1.082506e+05	1.080101e+05	5.788895e+04	5.734445e+04	3.017217e+02	1.327339e+01	2020	7	26	12
	2359071	206.436000	13.954300	1.005507e+05	1.551514e+01	1.083445e+05	1.081460e+05	5.801414e+04	5.747739e+04	3.016716e+02	1.066967e+01	2020	7	26	18
	2354715	205.300000	14.024600	1.003571e+05	1.653326e+01	1.083183e+05	1.080683e+05	5.794725e+04	5.738775e+04	3.021279e+02	8.785294e+00	2020	7	27	0
	2346029	204.183000	14.165200	1.003924e+05	1.774373e+01	1.084291e+05	1.081816e+05	5.803348e+04	5.750348e+04	3.020396e+02	9.096151e+00	2020	7	27	6
	2337357	202.895000	14.305800	1.003211e+05	1.825107e+01	1.083264e+05	1.081299e+05	5.794111e+04	5.746211e+04	3.018916e+02	1.099542e+01	2020	7	27	12
	2320078	201.727000	14.587000	1.004109e+05	1.876557e+01	1.084253e+05	1.082053e+05	5.803544e+04	5.750069e+04	3.015923e+02	1.023024e+01	2020	7	27	18
	2307157	200.531000	14.797900	1.003025e+05	1.841173e+01	1.084156e+05	1.081606e+05	5.801693e+04	5.752343e+04	3.020593e+02	6.476810e+00	2020	7	28	0
	2294268	198.992000	15.008800	1.003641e+05	1.821653e+01	1.084714e+05	1.083094e+05	5.803673e+04	5.761898e+04	3.019253e+02	8.765146e+00	2020	7	28	6
	2260107	197.695000	15.571200	1.003140e+05	2.038113e+01	1.083832e+05	1.082122e+05	5.793248e+04	5.746098e+04	3.017407e+02	1.402091e+01	2020	7	28	12
	2238883	196.588000	15.922700	1.003938e+05	1.985869e+01	1.084202e+05	1.082888e+05	5.801841e+04	5.752691e+04	3.017971e+02	9.762595e+00	2020	7	28	18
	2221970	195.199000	16.203900	1.003261e+05	1.945782e+01	1.084651e+05	1.082616e+05	5.799648e+04	5.758523e+04	3.026045e+02	8.146785e+00	2020	7	29	0
	2217742	194.017000	16.274200	1.003804e+05	1.963173e+01	1.086176e+05	1.083211e+05	5.805534e+04	5.767609e+04	3.025928e+02	1.111635e+01	2020	7	29	6
	2200908	192.526000	16.555400	1.003999e+05	2.025393e+01	1.084512e+05	1.081842e+05	5.799337e+04	5.770837e+04	3.022766e+02	1.282901e+01	2020	7	29	12
	2175793	191.649000	16.977200	1.005454e+05	1.733779e+01	1.083896e+05	1.082051e+05	5.799590e+04	5.777840e+04	3.022354e+02	1.230580e+01	2020	7	29	18
	2146674	190.598000	17.469200	1.005619e+05	1.634029e+01	1.084192e+05	1.081432e+05	5.802688e+04	5.779763e+04	3.028916e+02	1.130269e+01	2020	7	30	0
	2105424	189.825000	18.172200	1.005496e+05	1.965894e+01	1.084954e+05	1.081289e+05	5.802973e+04	5.760698e+04	3.025366e+02	1.515555e+01	2020	7	30	6
	2101310	188.780000	18.242500	1.005317e+05	1.691130e+01	1.083829e+05	1.081129e+05	5.796613e+04	5.768238e+04	3.024653e+02	1.933041e+01	2020	7	30	12
	2068628	187.965000	18.804900	1.004519e+05	1.924412e+01	1.083516e+05	1.079966e+05	5.792041e+04	5.757766e+04	3.025151e+02	2.209865e+01	2020	7	30	18
	2036200	186.957000	19.367300	1.003779e+05	1.994121e+01	1.083124e+05	1.080059e+05	5.793571e+04	5.764621e+04	3.029277e+02	1.725866e+01	2020	7	31	0
	2000028	186.120000	20.000000	1.002772e+05	2.029734e+01	1.084758e+05	1.079918e+05	5.791286e+04	5.750661e+04	3.030452e+02	1.984116e+01	2020	7	31	6
	1968145	185.171000	20.562400	1.002502e+05	1.881114e+01	1.082684e+05	1.078549e+05	5.786863e+04	5.756488e+04	3.028298e+02	2.947855e+01	2020	7	31	12
	1916890	184.413000	21.476300	1.002311e+05	1.878549e+01	1.081993e+05	1.076858e+05	5.785693e+04	5.754618e+04	3.026956e+02	3.029987e+01	2020	7	31	18
	1858591	183.641000	22.530800	1.000883e+05	2.057987e+01	1.082873e+05	1.077133e+05	5.787595e+04	5.736045e+04	3.027134e+02	2.386896e+01	2020	8	1	0
	1808789	182.555000	23.444600	9.989931e+04	2.056401e+01	1.082209e+05	1.073674e+05	5.782920e+04	5.733795e+04	3.025759e+02	2.320169e+01	2020	8	1	6
	1748425	181.444000	24.569400	9.990738e+04	2.090105e+01	1.082598e+05	1.071943e+05	5.787236e+04	5.718636e+04	3.021360e+02	3.358450e+01	2020	8	1	12
	1689088	180.588000	25.694200	9.953481e+04	2.273818e+01	1.082198e+05	1.070998e+05	5.782121e+04	5.697571e+04	3.018770e+02	2.753149e+01	2020	8	1	18
	1634387	179.502000	26.748700	9.928862e+04	2.584641e+01	1.083436e+05	1.073391e+05	5.794475e+04	5.676525e+04	3.016943e+02	1.925642e+01	2020	8	2	0
	1569941	178.883000	28.014100	9.934925e+04	2.295464e+01	1.084056e+05	1.072456e+05	5.798641e+04	5.687441e+04	3.011975e+02	1.713517e+01	2020	8	2	6
	1510258	177.514000	29.209100	9.951231e+04	2.212189e+01	1.084849e+05	1.073369e+05	5.806168e+04	5.696193e+04	3.001135e+02	1.329494e+01	2020	8	2	12
	1475693	176.962000	29.912100	9.964600e+04	1.982690e+01	1.083978e+05	1.073763e+05	5.806191e+04	5.694016e+04	2.996304e+02	8.826758e+00	2020	8	2	18
	1421223	176.263000	31.036900	9.991325e+04	1.834513e+01	1.085281e+05	1.074846e+05	5.816839e+04	5.713489e+04	2.988801e+02	5.415853e+00	2020	8	3	0
	1348002	175.615000	32.583500	1.000709e+05	1.825226e+01	1.085877e+05	1.075547e+05	5.816573e+04	5.730473e+04	2.985676e+02	5.914767e+00	2020	8	3	6
	1286325	175.175000	33.919200	1.003615e+05	1.713727e+01	1.085722e+05	1.075642e+05	5.821778e+04	5.747553e+04	2.977151e+02	6.415947e+00	2020	8	3	12
	1222962	174.706000	35.325100	1.005048e+05	1.445236e+01	1.084701e+05	1.072686e+05	5.818886e+04	5.741236e+04	2.970510e+02	3.352605e+00	2020	8	3	18
	1170363	174.471000	36.520200	1.007492e+05	1.463397e+01	1.085464e+05	1.072699e+05	5.823584e+04	5.754284e+04	2.965327e+02	3.394499e+00	2020	8	4	0
start	71	2020	7	26	0
	2568133	243.151000	10.650300	1.004408e+05	1.602955e+01	1.082271e+05	1.078741e+05	5.767196e+04	5.730521e+04	3.034299e+02	4.521007e+01	2020	7	26	0
	2568120	242.118000	10.650300	1.006787e+05	1.708365e+01	1.084359e+05	1.080904e+05	5.791335e+04	5.754135e+04	3.027739e+02	4.712335e+01	2020	7	26	6
	2568120	242.118000	10.650300	1.002956e+05	1.734970e+01	1.082296e+05	1.078186e+05	5.767120e+04	5.715520e+04	3.027275e+02	4.739005e+01	2020	7	26	12
	2522994	242.191000	11.353300	1.004394e+05	1.837928e+01	1.084850e+05	1.080260e+05	5.788539e+04	5.731914e+04	3.027478e+02	4.039185e+01	2020	7	26	18
	2559044	240.637000	10.790900	1.000166e+05	1.817104e+01	1.083558e+05	1.078183e+05	5.758575e+04	5.708600e+04	3.026973e+02	3.535416e+01	2020	7	27	0
	2531961	240.080000	11.212700	9.989744e+04	2.120977e+01	1.085496e+05	1.080241e+05	5.786098e+04	5.723498e+04	3.026538e+02	3.116095e+01	2020	7	27	6
	2438319	239.266000	12.688900	9.969312e+04	2.092057e+01	1.083239e+05	1.078224e+05	5.777411e+04	5.699886e+04	3.027324e+02	2.712480e+01	2020	7	27	12
	2425080	238.692000	12.899800	9.991888e+04	2.072859e+01	1.085278e+05	1.080953e+05	5.799694e+04	5.731844e+04	3.026743e+02	2.226265e+01	2020	7	27	18
	2350768	237.786000	14.094900	9.975200e+04	1.966272e+01	1.084776e+05	1.078791e+05	5.790918e+04	5.722968e+04	3.028474e+02	2.054455e+01	2020	7	28	0
	2363782	236.633000	13.884000	1.000938e+05	1.822020e+01	1.086354e+05	1.081604e+05	5.809648e+04	5.751623e+04	3.026606e+02	1.672073e+01	2020	7	28	6
	2277596	235.501000	15.290000	9.990900e+04	1.769720e+01	1.083842e+05	1.079442e+05	5.793923e+04	5.724473e+04	3.025542e+02	1.693738e+01	2020	7	28	12
	2333410	234.167000	14.376100	9.994531e+04	1.965906e+01	1.085482e+05	1.080988e+05	5.803566e+04	5.729466e+04	3.024563e+02	1.523616e+01	2020	7	28	18
	2273309	233.780000	15.360300	9.958938e+04	1.873496e+01	1.083781e+05	1.078711e+05	5.795748e+04	5.713573e+04	3.023486e+02	1.528066e+01	2020	7	29	0
	2269032	232.563000	15.430600	1.000099e+05	1.749520e+01	1.085466e+05	1.082061e+05	5.812559e+04	5.736759e+04	3.019160e+02	1.620672e+01	2020	7	29	6
	2260510	231.816000	15.571200	9.979212e+04	1.601391e+01	1.082678e+05	1.079162e+05	5.792562e+04	5.708262e+04	3.016311e+02	1.361060e+01	2020	7	29	12
	2256250	231.017000	15.641500	9.974462e+04	1.751905e+01	1.083971e+05	1.080261e+05	5.803615e+04	5.718415e+04	3.017568e+02	1.284181e+01	2020	7	29	18
	2251995	230.302000	15.711800	9.927944e+04	2.038201e+01	1.082742e+05	1.076482e+05	5.791688e+04	5.668963e+04	3.019355e+02	1.650347e+01	2020	7	30	0
	2243508	229.802000	15.852400	9.953012e+04	1.737392e+01	1.084069e+05	1.080349e+05	5.802023e+04	5.726848e+04	3.019233e+02	1.865659e+01	2020	7	30	6
	2243503	229.377000	15.852400	9.928419e+04	2.096542e+01	1.081359e+05	1.077779e+05	5.780938e+04	5.684213e+04	3.018960e+02	2.325915e+01	2020	7	30	12
	2235034	229.044000	15.993000	9.941094e+04	1.964072e+01	1.083456e+05	1.079606e+05	5.794441e+04	5.714141e+04	3.018677e+02	2.598429e+01	2020	7	30	18
	2213941	229.021000	16.344500	9.900219e+04	2.342641e+01	1.081584e+05	1.076434e+05	5.782446e+04	5.657521e+04	3.018740e+02	2.655179e+01	2020	7	31	0
	2205526	228.514000	16.485100	9.890294e+04	2.455168e+01	1.082988e+05	1.077223e+05	5.796361e+04	5.660386e+04	3.018440e+02	2.237945e+01	2020	7	31	6
	2176215	228.063000	16.977200	9.837219e+04	2.727705e+01	1.080809e+05	1.072914e+05	5.777688e+04	5.606113e+04	3.017556e+02	2.247993e+01	2020	7	31	12
	2159549	227.382000	17.258300	9.859738e+04	2.791270e+01	1.083258e+05	1.075248e+05	5.795118e+04	5.617068e+04	3.014172e+02	1.920443e+01	2020	7	31	18
	2138805	226.393000	17.609800	9.818356e+04	2.774185e+01	1.081403e+05	1.072208e+05	5.785945e+04	5.580270e+04	3.008364e+02	1.571982e+01	2020	8	1	0
	2134660	225.479000	17.680100	9.823156e+04	2.974062e+01	1.083009e+05	1.075074e+05	5.798670e+04	5.603345e+04	3.004226e+02	1.220033e+01	2020	8	1	6
	2126393	224.607000	17.820700	9.820388e+04	2.661375e+01	1.080743e+05	1.074323e+05	5.780461e+04	5.598561e+04	3.007278e+02	1.258495e+01	2020	8	1	12
	2105809	223.596000	18.172200	9.855031e+04	2.653600e+01	1.082638e+05	1.077063e+05	5.795796e+04	5.629271e+04	3.008555e+02	1.389959e+01	2020	8	1	18
	2081243	222.618000	18.594000	9.820812e+04	2.787275e+01	1.081881e+05	1.075711e+05	5.787350e+04	5.609875e+04	3.007764e+02	1.370585e+01	2020	8	2	0
	2073079	221.640000	18.734600	9.832450e+04	2.842838e+01	1.083286e+05	1.076346e+05	5.798566e+04	5.622716e+04	3.009563e+02	1.059952e+01	2020	8	2	6
	2048706	220.731000	19.156400	9.830781e+04	2.781890e+01	1.081634e+05	1.075164e+05	5.785118e+04	5.616693e+04	3.006370e+02	1.257576e+01	2020	8	2	12
	2036568	219.782000	19.367300	9.853900e+04	2.662293e+01	1.082728e+05	1.076623e+05	5.798466e+04	5.631841e+04	3.000630e+02	9.326353e+00	2020	8	2	18
	2020444	218.866000	19.648500	9.836025e+04	3.033036e+01	1.082016e+05	1.075316e+05	5.791039e+04	5.613464e+04	2.999094e+02	9.418193e+00	2020	8	3	0
	2016417	218.098000	19.718800	9.853419e+04	2.846868e+01	1.083392e+05	1.076192e+05	5.807698e+04	5.616848e+04	2.999758e+02	9.613141e+00	2020	8	3	6
	2004377	217.313000	19.929700	9.849550e+04	2.747924e+01	1.081642e+05	1.076278e+05	5.785453e+04	5.609978e+04	2.999329e+02	1.013142e+01	2020	8	3	12
	1996368	216.577000	20.070300	9.876131e+04	3.015180e+01	1.083266e+05	1.078131e+05	5.800611e+04	5.634286e+04	2.998967e+02	8.941113e+00	2020	8	3	18
	1988374	215.747000	20.210900	9.875750e+04	2.992358e+01	1.082619e+05	1.078179e+05	5.798609e+04	5.640959e+04	3.001821e+02	9.233941e+00	2020	8	4	0
	1988366	215.025000	20.210900	9.907756e+04	3.014768e+01	1.083514e+05	1.078839e+05	5.807812e+04	5.674888e+04	3.003447e+02	9.006560e+00	2020	8	4	6
	1988356	214.122000	20.210900	9.931356e+04	2.449355e+01	1.081593e+05	1.076188e+05	5.789441e+04	5.691291e+04	3.004634e+02	9.988072e+00	2020	8	4	12
	1968453	213.115000	20.562400	9.938919e+04	2.977004e+01	1.082296e+05	1.077546e+05	5.803052e+04	5.694927e+04	3.003403e+02	9.337911e+00	2020	8	4	18
	1956554	212.032000	20.773300	9.956369e+04	2.509053e+01	1.083327e+05	1.078067e+05	5.803384e+04	5.724934e+04	3.007698e+02	1.067958e+01	2020	8	5	0
	1925018	210.826000	21.335700	9.980144e+04	2.623841e+01	1.082999e+05	1.077934e+05	5.817347e+04	5.716472e+04	3.005129e+02	8.941602e+00	2020	8	5	6
	1889847	209.537000	21.968400	9.999812e+04	2.330268e+01	1.081160e+05	1.078450e+05	5.806305e+04	5.736730e+04	3.004419e+02	1.026906e+01	2020	8	5	12
	1862714	208.352000	22.460500	1.001501e+05	2.383650e+01	1.082315e+05	1.079310e+05	5.820104e+04	5.739504e+04	3.004631e+02	7.459242e+00	2020	8	5	18
	1843448	207.000000	22.812000	1.001709e+05	2.128297e+01	1.081852e+05	1.079362e+05	5.816141e+04	5.735666e+04	3.010159e+02	6.652373e+00	2020	8	6	0
	1824286	206.010000	23.163400	1.001971e+05	2.356515e+01	1.082734e+05	1.079459e+05	5.824041e+04	5.729866e+04	3.008938e+02	7.356064e+00	2020	8	6	6
	1797630	204.873000	23.655500	9.943825e+04	2.740029e+01	1.081274e+05	1.077099e+05	5.812262e+04	5.672862e+04	3.007588e+02	8.079856e+00	2020	8	6	12
	1771170	203.719000	24.147600	9.945769e+04	2.635682e+01	1.081320e+05	1.077580e+05	5.816273e+04	5.680023e+04	3.006404e+02	7.045260e+00	2020	8	6	18
	1741173	202.669000	24.710000	9.927681e+04	2.945816e+01	1.081225e+05	1.076770e+05	5.813711e+04	5.660161e+04	3.010942e+02	4.526793e+00	2020	8	7	0
	1726265	201.604000	24.991200	9.910838e+04	2.903901e+01	1.081512e+05	1.076242e+05	5.818632e+04	5.644332e+04	3.009939e+02	5.377317e+00	2020	8	7	6
	1707723	200.552000	25.342700	9.905081e+04	2.809801e+01	1.081159e+05	1.073449e+05	5.810219e+04	5.632519e+04	3.006208e+02	6.987483e+00	2020	8	7	12
	1696641	199.446000	25.553600	9.923106e+04	2.824448e+01	1.081449e+05	1.075489e+05	5.810869e+04	5.659344e+04	3.004817e+02	4.724320e+00	2020	8	7	18
	1678259	198.373000	25.905100	9.921669e+04	2.772017e+01	1.081979e+05	1.075249e+05	5.814059e+04	5.645134e+04	3.005063e+02	3.753906e+00	2020	8	8	0
	1670928	197.330000	26.045700	9.929788e+04	2.713386e+01	1.081740e+05	1.075695e+05	5.816034e+04	5.651134e+04	3.007258e+02	5.128806e+00	2020	8	8	6
	1663613	196.283000	26.186300	9.918344e+04	2.998721e+01	1.080657e+05	1.075372e+05	5.813238e+04	5.654088e+04	3.007268e+02	6.165881e+00	2020	8	8	12
	1652677	195.347000	26.397200	9.913844e+04	2.870088e+01	1.080097e+05	1.075622e+05	5.813635e+04	5.644085e+04	3.006343e+02	4.939954e+00	2020	8	8	18
	1638154	194.320000	26.678400	9.897925e+04	3.214914e+01	1.080688e+05	1.075198e+05	5.818494e+04	5.634544e+04	3.012527e+02	4.717564e+00	2020	8	9	0
	1623697	193.485000	26.959600	9.919494e+04	2.878164e+01	1.080438e+05	1.075708e+05	5.816856e+04	5.655131e+04	3.009326e+02	5.479226e+00	2020	8	9	6
	1612894	192.628000	27.170500	9.931544e+04	2.832377e+01	1.080048e+05	1.076543e+05	5.816904e+04	5.663729e+04	3.005342e+02	6.739168e+00	2020	8	9	12
	1594977	191.993000	27.522000	9.932106e+04	2.889182e+01	1.079589e+05	1.075064e+05	5.816122e+04	5.659947e+04	3.004395e+02	5.029208e+00	2020	8	9	18
	1570065	191.479000	28.014100	9.913744e+04	3.015254e+01	1.080191e+05	1.075161e+05	5.819429e+04	5.649054e+04	3.012334e+02	4.721245e+00	2020	8	10	0
	1545350	191.058000	28.506200	9.934425e+04	2.986298e+01	1.081271e+05	1.076281e+05	5.824473e+04	5.657698e+04	3.010522e+02	4.347910e+00	2020	8	10	6
	1524317	190.206000	28.927900	9.964719e+04	2.716457e+01	1.081916e+05	1.077671e+05	5.824383e+04	5.688708e+04	3.006628e+02	4.912689e+00	2020	8	10	12
	1503429	189.446000	29.349700	9.969738e+04	2.803937e+01	1.082088e+05	1.077648e+05	5.825825e+04	5.695500e+04	3.002820e+02	3.506352e+00	2020	8	10	18
	1486130	188.561000	29.701200	9.996631e+04	2.614576e+01	1.083634e+05	1.078879e+05	5.830180e+04	5.729005e+04	3.009802e+02	2.163571e+00	2020	8	11	0
	1465506	187.780000	30.123000	1.004030e+05	2.150448e+01	1.083634e+05	1.079784e+05	5.829491e+04	5.776391e+04	3.009170e+02	1.759309e+00	2020	8	11	6
	1438232	186.792000	30.685400	1.007496e+05	1.922309e+01	1.083601e+05	1.079991e+05	5.828635e+04	5.793435e+04	3.001360e+02	2.670750e+00	2020	8	11	12
	1417947	186.306000	31.107200	1.008960e+05	2.054854e+01	1.083909e+05	1.078044e+05	5.825640e+04	5.790615e+04	2.997964e+02	2.785214e+00	2020	8	11	18
	1387791	185.726000	31.739900	1.010001e+05	1.940344e+01	1.084388e+05	1.076663e+05	5.829949e+04	5.784524e+04	3.001589e+02	1.594229e+00	2020	8	12	0
	1371175	185.109000	32.091400	1.011041e+05	1.614811e+01	1.083527e+05	1.074747e+05	5.826168e+04	5.788493e+04	3.003108e+02	3.231923e+00	2020	8	12	6
	1357954	184.587000	32.372600	1.012461e+05	1.995133e+01	1.083844e+05	1.073504e+05	5.820610e+04	5.790935e+04	2.996833e+02	4.942055e+00	2020	8	12	12
start	73	2020	7	28	0
	2491352	218.710000	11.845300	1.004765e+05	1.597567e+01	1.083766e+05	1.079571e+05	5.783343e+04	5.745068e+04	3.021013e+02	1.553586e+01	2020	7	28	0
	2473508	217.230000	12.126500	1.006098e+05	1.481287e+01	1.085109e+05	1.081794e+05	5.795848e+04	5.752873e+04	3.021069e+02	1.763324e+01	2020	7	28	6
	2500256	216.064000	11.704700	1.004288e+05	1.468263e+01	1.083302e+05	1.079718e+05	5.773773e+04	5.728773e+04	3.020415e+02	2.138582e+01	2020	7	28	12
	2491309	215.242000	11.845300	1.006053e+05	1.476046e+01	1.084852e+05	1.081782e+05	5.789166e+04	5.743216e+04	3.020051e+02	1.782279e+01	2020	7	28	18
	2504713	214.665000	11.634400	1.003574e+05	1.403194e+01	1.083876e+05	1.080881e+05	5.779623e+04	5.724948e+04	3.020195e+02	1.671982e+01	2020	7	29	0
	2495762	214.163000	11.775000	1.004769e+05	1.499108e+01	1.085006e+05	1.082526e+05	5.792384e+04	5.738309e+04	3.019297e+02	1.989608e+01	2020	7	29	6
	2477912	213.477000	12.056200	1.002664e+05	1.423032e+01	1.083348e+05	1.081018e+05	5.778587e+04	5.721462e+04	3.019006e+02	2.486670e+01	2020	7	29	12
	2442411	212.661000	12.618600	1.003234e+05	1.644344e+01	1.084876e+05	1.082246e+05	5.792315e+04	5.731640e+04	3.018643e+02	2.078380e+01	2020	7	29	18
	2415950	211.774000	13.040400	1.000029e+05	1.841705e+01	1.083932e+05	1.080842e+05	5.784438e+04	5.707213e+04	3.020361e+02	2.075865e+01	2020	7	30	0
	2394008	210.932000	13.391900	9.982688e+04	2.327687e+01	1.084604e+05	1.080974e+05	5.798523e+04	5.705323e+04	3.018423e+02	1.653131e+01	2020	7	30	6
	2385252	210.000000	13.532500	9.953169e+04	2.086322e+01	1.082884e+05	1.079544e+05	5.782213e+04	5.684213e+04	3.017886e+02	1.670372e+01	2020	7	30	12
	2372155	209.174000	13.743400	9.956419e+04	2.436567e+01	1.083906e+05	1.080716e+05	5.794241e+04	5.694016e+04	3.017573e+02	1.344354e+01	2020	7	30	18
	2346079	208.338000	14.165200	9.938169e+04	2.342916e+01	1.083559e+05	1.080124e+05	5.784096e+04	5.686571e+04	3.017100e+02	1.260753e+01	2020	7	31	0
	2328771	207.442000	14.446400	9.947219e+04	2.352656e+01	1.084018e+05	1.080088e+05	5.791261e+04	5.701111e+04	3.014885e+02	1.303747e+01	2020	7	31	6
	2311528	206.623000	14.727600	9.871294e+04	3.038848e+01	1.082049e+05	1.075784e+05	5.779238e+04	5.643313e+04	3.013494e+02	1.450122e+01	2020	7	31	12
	2302925	205.750000	14.868200	9.878138e+04	2.919077e+01	1.083213e+05	1.075633e+05	5.791218e+04	5.634318e+04	3.013918e+02	1.153822e+01	2020	7	31	18
	2298626	205.019000	14.938500	9.848106e+04	2.762149e+01	1.083208e+05	1.072153e+05	5.787445e+04	5.603945e+04	3.017300e+02	1.008946e+01	2020	8	1	0
	2290049	204.308000	15.079100	9.826756e+04	3.121088e+01	1.083594e+05	1.073879e+05	5.791570e+04	5.593970e+04	3.018455e+02	1.396843e+01	2020	8	1	6
	2281487	203.511000	15.219700	9.750662e+04	3.547718e+01	1.081878e+05	1.071633e+05	5.778311e+04	5.546111e+04	3.018508e+02	1.917892e+01	2020	8	1	12
	2277206	202.605000	15.290000	9.702656e+04	3.911704e+01	1.082008e+05	1.063878e+05	5.787046e+04	5.503771e+04	3.017832e+02	1.415611e+01	2020	8	1	18
	2264411	201.908000	15.500900	9.676988e+04	3.779643e+01	1.081871e+05	1.064491e+05	5.782675e+04	5.503125e+04	3.016016e+02	1.113323e+01	2020	8	2	0
	2255899	201.271000	15.641500	9.655875e+04	4.100481e+01	1.081751e+05	1.064066e+05	5.789816e+04	5.477116e+04	3.014905e+02	1.580942e+01	2020	8	2	6
	2234699	200.520000	15.993000	9.614406e+04	4.582642e+01	1.080264e+05	1.057429e+05	5.777568e+04	5.418868e+04	3.015364e+02	2.297036e+01	2020	8	2	12
	2209396	200.038000	16.414800	9.622825e+04	5.011837e+01	1.080373e+05	1.057493e+05	5.782941e+04	5.416466e+04	3.015386e+02	1.844310e+01	2020	8	2	18
	2180059	199.569000	16.906900	9.601775e+04	4.336500e+01	1.080186e+05	1.062236e+05	5.781289e+04	5.446289e+04	3.016506e+02	1.416187e+01	2020	8	3	0
	2142631	199.217000	17.539500	9.623969e+04	4.764139e+01	1.081242e+05	1.065847e+05	5.791398e+04	5.472923e+04	3.017346e+02	1.540327e+01	2020	8	3	6
	2105526	198.772000	18.172200	9.716225e+04	3.738173e+01	1.080348e+05	1.070612e+05	5.780628e+04	5.577553e+04	3.017532e+02	1.767042e+01	2020	8	3	12
	2068743	198.142000	18.804900	9.771906e+04	3.481420e+01	1.081741e+05	1.074541e+05	5.790386e+04	5.641661e+04	3.017385e+02	1.216197e+01	2020	8	3	18
	2036318	197.483000	19.367300	9.826175e+04	3.004531e+01	1.082239e+05	1.076704e+05	5.793509e+04	5.664334e+04	3.018276e+02	9.027451e+00	2020	8	4	0
	2008155	196.796000	19.859400	9.870656e+04	2.770023e+01	1.083039e+05	1.077889e+05	5.802362e+04	5.701388e+04	3.018467e+02	8.346643e+00	2020	8	4	6
	1984168	195.904000	20.281200	9.891956e+04	2.606228e+01	1.082753e+05	1.078453e+05	5.795616e+04	5.697066e+04	3.018667e+02	9.092621e+00	2020	8	4	12
	1952413	195.030000	20.843600	9.911394e+04	2.589906e+01	1.083171e+05	1.078771e+05	5.805727e+04	5.717577e+04	3.018940e+02	9.040743e+00	2020	8	4	18
	1924835	194.037000	21.335700	9.916194e+04	2.705744e+01	1.084202e+05	1.080292e+05	5.813659e+04	5.694884e+04	3.020520e+02	6.551056e+00	2020	8	5	0
	1905256	193.279000	21.687200	9.940494e+04	2.473339e+01	1.084179e+05	1.080559e+05	5.818472e+04	5.723972e+04	3.019661e+02	8.188911e+00	2020	8	5	6
	1885776	192.420000	22.038700	9.922812e+04	2.477063e+01	1.084635e+05	1.080655e+05	5.820030e+04	5.707955e+04	3.017661e+02	1.170761e+01	2020	8	5	12
	1874133	191.622000	22.249600	9.972738e+04	2.129250e+01	1.084375e+05	1.081490e+05	5.825529e+04	5.743729e+04	3.017190e+02	1.136983e+01	2020	8	5	18
	1858667	190.737000	22.530800	9.889838e+04	3.024007e+01	1.085958e+05	1.077202e+05	5.834316e+04	5.642341e+04	3.018977e+02	7.917953e+00	2020	8	6	0
	1854806	190.093000	22.601100	9.898706e+04	2.934830e+01	1.085464e+05	1.077744e+05	5.835441e+04	5.656966e+04	3.018176e+02	9.669986e+00	2020	8	6	6
	1854797	189.252000	22.601100	9.865725e+04	2.877929e+01	1.085304e+05	1.079349e+05	5.829838e+04	5.634762e+04	3.017070e+02	1.541317e+01	2020	8	6	12
	1858644	188.589000	22.530800	9.830294e+04	3.184230e+01	1.084130e+05	1.077320e+05	5.823498e+04	5.606048e+04	3.016775e+02	1.065622e+01	2020	8	6	18
	1858634	187.656000	22.530800	9.797381e+04	3.303727e+01	1.085070e+05	1.078420e+05	5.825911e+04	5.598661e+04	3.021050e+02	8.735066e+00	2020	8	7	0
	1862483	186.808000	22.460500	9.739588e+04	4.024704e+01	1.084377e+05	1.073837e+05	5.821132e+04	5.553407e+04	3.022058e+02	1.219716e+01	2020	8	7	6
	1862472	185.782000	22.460500	9.785631e+04	3.487462e+01	1.083739e+05	1.076819e+05	5.814794e+04	5.609144e+04	3.022302e+02	1.596870e+01	2020	8	7	12
	1866324	184.845000	22.390200	9.711156e+04	4.202682e+01	1.082679e+05	1.070359e+05	5.807669e+04	5.524619e+04	3.022415e+02	1.244987e+01	2020	8	7	18
	1858594	183.921000	22.530800	9.768219e+04	3.531578e+01	1.082784e+05	1.074164e+05	5.810709e+04	5.573084e+04	3.024614e+02	1.049215e+01	2020	8	8	0
	1850881	183.087000	22.671400	9.698812e+04	3.752803e+01	1.082365e+05	1.070290e+05	5.804234e+04	5.522234e+04	3.026448e+02	1.346608e+01	2020	8	8	6
	1835511	182.161000	22.952500	9.712669e+04	3.977504e+01	1.081822e+05	1.072352e+05	5.803938e+04	5.536988e+04	3.026711e+02	1.708060e+01	2020	8	8	12
	1816392	181.322000	23.304000	9.680894e+04	3.931787e+01	1.081027e+05	1.061032e+05	5.793360e+04	5.463160e+04	3.025776e+02	1.336766e+01	2020	8	8	18
	1789798	180.571000	23.796100	9.688225e+04	3.632758e+01	1.081928e+05	1.069708e+05	5.804344e+04	5.516744e+04	3.022693e+02	1.166284e+01	2020	8	9	0
	1767161	180.096000	24.217900	9.603794e+04	4.411338e+01	1.081458e+05	1.061238e+05	5.797856e+04	5.443681e+04	3.020898e+02	1.244885e+01	2020	8	9	6
	1740933	179.518000	24.710000	9.650694e+04	3.738654e+01	1.081768e+05	1.063468e+05	5.799829e+04	5.455529e+04	3.019600e+02	1.504876e+01	2020	8	9	12
	1714902	179.028000	25.202100	9.692931e+04	3.857210e+01	1.081009e+05	1.070109e+05	5.792297e+04	5.499472e+04	3.017041e+02	1.330803e+01	2020	8	9	18
	1692746	178.630000	25.623900	9.663394e+04	4.106489e+01	1.082236e+05	1.071166e+05	5.801204e+04	5.513254e+04	3.016855e+02	1.121037e+01	2020	8	10	0
	1670734	178.228000	26.045700	9.592750e+04	4.537459e+01	1.082171e+05	1.067621e+05	5.802498e+04	5.429248e+04	3.016177e+02	1.156303e+01	2020	8	10	6
	1652500	177.822000	26.397200	9.648244e+04	4.077189e+01	1.082761e+05	1.066936e+05	5.806533e+04	5.469808e+04	3.015164e+02	1.271942e+01	2020	8	10	12
	1634366	177.412000	26.748700	9.722838e+04	3.380878e+01	1.082223e+05	1.069978e+05	5.802750e+04	5.516125e+04	3.014265e+02	1.062136e+01	2020	8	10	18
	1612738	176.993000	27.170500	9.770356e+04	3.563528e+01	1.083484e+05	1.073664e+05	5.813380e+04	5.566980e+04	3.014519e+02	1.093208e+01	2020	8	11	0
	1584126	176.562000	27.732900	9.780800e+04	3.442664e+01	1.083254e+05	1.073744e+05	5.810316e+04	5.565491e+04	3.009688e+02	1.080734e+01	2020	8	11	6
	1573461	176.246000	27.943800	9.818162e+04	3.005979e+01	1.083611e+05	1.075181e+05	5.810960e+04	5.592585e+04	3.008254e+02	1.153430e+01	2020	8	11	12
	1541688	175.900000	28.576400	9.830400e+04	3.180488e+01	1.083039e+05	1.074949e+05	5.808840e+04	5.603465e+04	3.004263e+02	1.096441e+01	2020	8	11	18
	1524174	175.464000	28.927900	9.852388e+04	2.988524e+01	1.083803e+05	1.076663e+05	5.815349e+04	5.616299e+04	3.004880e+02	9.732744e+00	2020	8	12	0
	1513713	175.138000	29.138800	9.864538e+04	2.916763e+01	1.083357e+05	1.076747e+05	5.811818e+04	5.630193e+04	3.005227e+02	7.986967e+00	2020	8	12	6
	1499820	174.596000	29.420000	9.900731e+04	2.918038e+01	1.083649e+05	1.078519e+05	5.817285e+04	5.658360e+04	3.004265e+02	9.843834e+00	2020	8	12	12
	1475665	174.028000	29.912100	9.926825e+04	2.700143e+01	1.082855e+05	1.078020e+05	5.815454e+04	5.678779e+04	3.002241e+02	8.808461e+00	2020	8	12	18
	1461946	173.263000	30.193300	9.961931e+04	2.696337e+01	1.083989e+05	1.079424e+05	5.821614e+04	5.703014e+04	3.004602e+02	8.113511e+00	2020	8	13	0
	1444888	172.376000	30.544800	9.976531e+04	2.520918e+01	1.083726e+05	1.078861e+05	5.821003e+04	5.719753e+04	3.005806e+02	5.939263e+00	2020	8	13	6
	1434699	171.606000	30.755700	1.002582e+05	2.286717e+01	1.084415e+05	1.078655e+05	5.822304e+04	5.765104e+04	3.005291e+02	9.184882e+00	2020	8	13	12
	1411078	171.214000	31.247800	1.003592e+05	2.488273e+01	1.083460e+05	1.077100e+05	5.814634e+04	5.751559e+04	3.002771e+02	8.117870e+00	2020	8	13	18
	1394322	170.515000	31.599300	1.005016e+05	2.244644e+01	1.084805e+05	1.076880e+05	5.822948e+04	5.767698e+04	3.004941e+02	6.237614e+00	2020	8	14	0
	1390977	169.748000	31.669600	1.005893e+05	2.132228e+01	1.083974e+05	1.076819e+05	5.820170e+04	5.773045e+04	3.008040e+02	6.684042e+00	2020	8	14	6
	1380985	169.495000	31.880500	1.008209e+05	1.894505e+01	1.083961e+05	1.076326e+05	5.828055e+04	5.775580e+04	3.004329e+02	9.551828e+00	2020	8	14	12
	1374342	169.144000	32.021100	1.006844e+05	2.355178e+01	1.081962e+05	1.075572e+05	5.812058e+04	5.754658e+04	3.002419e+02	6.287399e+00	2020	8	14	18
	1367721	169.444000	32.161700	1.008629e+05	1.516478e+01	1.083004e+05	1.077139e+05	5.817547e+04	5.769872e+04	3.001897e+02	2.563144e+00	2020	8	15	0
start	41	2020	8	2	0
	2307779	252.654000	14.797900	1.005361e+05	1.159863e+01	1.083526e+05	1.080966e+05	5.790750e+04	5.741575e+04	3.036367e+02	9.278198e+00	2020	8	2	0
	2316366	251.431000	14.657300	1.007245e+05	1.144647e+01	1.084836e+05	1.082666e+05	5.809591e+04	5.764241e+04	3.035901e+02	1.490515e+01	2020	8	2	6
	2337930	250.601000	14.305800	1.004513e+05	1.166989e+01	1.082989e+05	1.080249e+05	5.784043e+04	5.730443e+04	3.034338e+02	2.094646e+01	2020	8	2	12
	2312041	249.572000	14.727600	1.005492e+05	1.353400e+01	1.084523e+05	1.082378e+05	5.809016e+04	5.752791e+04	3.034058e+02	1.775531e+01	2020	8	2	18
	2294852	248.067000	15.008800	1.003025e+05	1.353646e+01	1.083661e+05	1.080171e+05	5.789964e+04	5.727014e+04	3.034270e+02	1.521010e+01	2020	8	3	0
	2316313	246.998000	14.657300	1.004592e+05	1.380388e+01	1.085317e+05	1.082102e+05	5.802848e+04	5.742748e+04	3.031887e+02	2.391324e+01	2020	8	3	6
	2286266	246.006000	15.149400	1.000728e+05	1.447483e+01	1.082978e+05	1.079952e+05	5.785003e+04	5.718803e+04	3.030647e+02	2.554948e+01	2020	8	3	12
	2294811	244.622000	15.008800	1.001113e+05	1.563099e+01	1.085411e+05	1.081526e+05	5.802861e+04	5.718986e+04	3.029592e+02	2.904935e+01	2020	8	3	18
	2277689	243.346000	15.290000	9.972575e+04	1.636441e+01	1.084559e+05	1.079549e+05	5.781409e+04	5.687034e+04	3.029556e+02	2.548834e+01	2020	8	4	0
	2252136	242.262000	15.711800	9.991706e+04	1.938987e+01	1.086059e+05	1.080374e+05	5.807712e+04	5.700988e+04	3.027559e+02	3.155501e+01	2020	8	4	6
	2230947	240.937000	16.063300	9.956081e+04	1.928355e+01	1.083708e+05	1.077633e+05	5.785841e+04	5.684341e+04	3.026636e+02	2.862606e+01	2020	8	4	12
	2218274	239.487000	16.274200	9.959644e+04	1.978535e+01	1.085771e+05	1.080166e+05	5.805527e+04	5.711802e+04	3.025669e+02	2.328364e+01	2020	8	4	18
	2205641	238.371000	16.485100	9.936594e+04	2.102180e+01	1.084837e+05	1.079487e+05	5.790059e+04	5.685209e+04	3.024368e+02	2.170924e+01	2020	8	5	0
	2197235	237.281000	16.625700	9.951344e+04	2.083351e+01	1.086464e+05	1.080994e+05	5.804897e+04	5.701472e+04	3.023850e+02	2.456065e+01	2020	8	5	6
	2180485	236.293000	16.906900	9.924712e+04	2.168358e+01	1.083720e+05	1.078320e+05	5.787780e+04	5.675355e+04	3.019731e+02	2.159570e+01	2020	8	5	12
	2167961	235.245000	17.117800	9.920438e+04	1.942838e+01	1.085455e+05	1.080130e+05	5.803529e+04	5.691729e+04	3.015549e+02	1.986308e+01	2020	8	5	18
	2159631	234.485000	17.258300	9.902012e+04	2.077187e+01	1.084108e+05	1.077758e+05	5.788866e+04	5.668441e+04	3.015012e+02	1.856685e+01	2020	8	6	0
	2163781	233.740000	17.188000	9.917006e+04	2.048618e+01	1.085144e+05	1.078994e+05	5.800491e+04	5.674616e+04	3.014348e+02	2.076229e+01	2020	8	6	6
	2147161	232.905000	17.469200	9.884500e+04	2.165358e+01	1.082524e+05	1.075619e+05	5.778512e+04	5.631312e+04	3.010957e+02	2.357197e+01	2020	8	6	12
	2143014	232.522000	17.539500	9.891769e+04	2.347307e+01	1.083215e+05	1.076065e+05	5.792323e+04	5.627848e+04	3.011189e+02	2.183583e+01	2020	8	6	18
	2114122	232.004000	18.031600	9.856006e+04	2.263027e+01	1.081685e+05	1.072625e+05	5.774986e+04	5.590261e+04	3.011157e+02	1.988591e+01	2020	8	7	0
	2101796	231.454000	18.242500	9.850262e+04	2.500532e+01	1.082327e+05	1.073782e+05	5.791582e+04	5.595107e+04	3.010837e+02	2.276222e+01	2020	8	7	6
	2077258	230.873000	18.664300	9.824556e+04	2.297395e+01	1.079714e+05	1.071744e+05	5.763844e+04	5.583794e+04	3.010359e+02	2.339889e+01	2020	8	7	12
	2056916	230.059000	19.015800	9.844356e+04	2.555166e+01	1.081419e+05	1.074374e+05	5.777644e+04	5.607544e+04	3.009895e+02	1.781800e+01	2020	8	7	18
	2040715	229.455000	19.297000	9.827369e+04	2.436398e+01	1.080194e+05	1.073619e+05	5.760934e+04	5.593509e+04	3.009712e+02	1.552930e+01	2020	8	8	0
	2024577	228.757000	19.578200	9.850562e+04	2.621470e+01	1.082135e+05	1.075540e+05	5.775884e+04	5.614359e+04	3.007659e+02	1.422295e+01	2020	8	8	6
	2004499	228.282000	19.929700	9.840719e+04	2.570897e+01	1.079337e+05	1.073617e+05	5.758588e+04	5.598288e+04	3.005413e+02	1.497169e+01	2020	8	8	12
	1972584	227.674000	20.492100	9.870019e+04	2.573035e+01	1.081942e+05	1.075982e+05	5.779335e+04	5.624935e+04	3.000493e+02	1.198407e+01	2020	8	8	18
	1940922	226.782000	21.054500	9.858725e+04	2.558666e+01	1.081488e+05	1.075018e+05	5.771994e+04	5.618619e+04	2.994255e+02	1.049456e+01	2020	8	9	0
	1917342	225.965000	21.476300	9.898444e+04	2.433187e+01	1.083378e+05	1.077278e+05	5.788456e+04	5.648781e+04	2.993721e+02	1.229725e+01	2020	8	9	6
	1893907	225.231000	21.898100	9.898819e+04	2.264557e+01	1.080643e+05	1.077133e+05	5.769404e+04	5.648354e+04	2.992822e+02	1.358690e+01	2020	8	9	12
	1866749	224.441000	22.390200	9.933181e+04	2.271579e+01	1.082564e+05	1.078979e+05	5.785547e+04	5.674647e+04	2.990742e+02	1.194427e+01	2020	8	9	18
	1824473	223.634000	23.163400	9.928019e+04	2.342377e+01	1.081751e+05	1.078161e+05	5.776729e+04	5.669154e+04	2.988105e+02	1.255886e+01	2020	8	10	0
	1786458	222.667000	23.866400	9.959050e+04	2.432349e+01	1.083431e+05	1.078001e+05	5.792173e+04	5.698123e+04	2.985679e+02	1.336890e+01	2020	8	10	6
	1745108	222.013000	24.639700	9.959669e+04	2.173300e+01	1.081136e+05	1.075251e+05	5.774308e+04	5.693983e+04	2.983289e+02	1.660462e+01	2020	8	10	12
	1707938	221.494000	25.342700	9.983688e+04	2.124808e+01	1.082658e+05	1.075708e+05	5.787350e+04	5.709400e+04	2.983259e+02	1.540587e+01	2020	8	10	18
	1682152	220.632000	25.834800	9.976706e+04	2.172790e+01	1.082369e+05	1.075834e+05	5.778605e+04	5.704530e+04	2.984900e+02	1.460596e+01	2020	8	11	0
	1638409	219.680000	26.678400	1.000322e+05	2.338440e+01	1.084114e+05	1.076054e+05	5.792816e+04	5.718341e+04	2.983418e+02	1.560646e+01	2020	8	11	6
	1627558	218.914000	26.889300	9.997238e+04	2.154632e+01	1.082066e+05	1.074216e+05	5.775935e+04	5.705110e+04	2.983469e+02	1.464776e+01	2020	8	11	12
	1602391	218.313000	27.381400	1.002785e+05	2.048547e+01	1.083469e+05	1.074849e+05	5.794665e+04	5.728215e+04	2.982368e+02	1.155993e+01	2020	8	11	18
	1580972	217.458000	27.803200	1.003351e+05	1.976590e+01	1.083418e+05	1.075053e+05	5.794224e+04	5.736474e+04	2.981687e+02	9.616811e+00	2020	8	12	0
start	58	2020	8	5	12
	2416489	255.914000	13.040400	1.009166e+05	1.289569e+01	1.082210e+05	1.079685e+05	5.797080e+04	5.765780e+04	3.036548e+02	2.228554e+01	2020	8	5	12
	2447349	254.620000	12.548300	1.010394e+05	1.438438e+01	1.084235e+05	1.081570e+05	5.809729e+04	5.773329e+04	3.035872e+02	1.738321e+01	2020	8	5	18
	2447343	254.132000	12.548300	1.007466e+05	1.234995e+01	1.082402e+05	1.080218e+05	5.796116e+04	5.746191e+04	3.036165e+02	1.266130e+01	2020	8	6	0
	2438488	253.043000	12.688900	1.010006e+05	1.426524e+01	1.084309e+05	1.081884e+05	5.812441e+04	5.763516e+04	3.034612e+02	1.631990e+01	2020	8	6	6
	2465046	251.838000	12.267100	1.005590e+05	1.450334e+01	1.082349e+05	1.078934e+05	5.791312e+04	5.737462e+04	3.031113e+02	1.737953e+01	2020	8	6	12
	2465040	251.351000	12.267100	1.006759e+05	1.490367e+01	1.083985e+05	1.081070e+05	5.811073e+04	5.751573e+04	3.031160e+02	1.715326e+01	2020	8	6	18
	2465025	250.135000	12.267100	1.002613e+05	1.701276e+01	1.082035e+05	1.079025e+05	5.792211e+04	5.719536e+04	3.029673e+02	1.521988e+01	2020	8	7	0
	2473906	249.442000	12.126500	1.002844e+05	1.707489e+01	1.084077e+05	1.080792e+05	5.810882e+04	5.734107e+04	3.029246e+02	2.354265e+01	2020	8	7	6
	2478346	248.571000	12.056200	9.979131e+04	2.000707e+01	1.081629e+05	1.077614e+05	5.782969e+04	5.689719e+04	3.028572e+02	2.886526e+01	2020	8	7	12
	2482786	247.379000	11.985900	9.978356e+04	2.190236e+01	1.083824e+05	1.079309e+05	5.802469e+04	5.721669e+04	3.026848e+02	2.603734e+01	2020	8	7	18
	2487233	246.430000	11.915600	9.947469e+04	2.712529e+01	1.082129e+05	1.077739e+05	5.785134e+04	5.691784e+04	3.027026e+02	2.611768e+01	2020	8	8	0
	2487224	245.704000	11.915600	9.941012e+04	2.589045e+01	1.085235e+05	1.081255e+05	5.802509e+04	5.733309e+04	3.026643e+02	3.112796e+01	2020	8	8	6
	2496142	244.781000	11.775000	9.866044e+04	2.894499e+01	1.081342e+05	1.078097e+05	5.780188e+04	5.682238e+04	3.025452e+02	3.224942e+01	2020	8	8	12
	2505078	244.021000	11.634400	9.878719e+04	2.952382e+01	1.083617e+05	1.079332e+05	5.802810e+04	5.712235e+04	3.025454e+02	3.413946e+01	2020	8	8	18
	2518519	243.449000	11.423500	9.828550e+04	3.018011e+01	1.081773e+05	1.076938e+05	5.784569e+04	5.631969e+04	3.025125e+02	2.622487e+01	2020	8	9	0
	2536497	242.744000	11.142400	9.895369e+04	2.818974e+01	1.084468e+05	1.081602e+05	5.806456e+04	5.724581e+04	3.023496e+02	2.794780e+01	2020	8	9	6
	2531986	242.080000	11.212700	9.879119e+04	2.689755e+01	1.081748e+05	1.077238e+05	5.779104e+04	5.653854e+04	3.023379e+02	2.854528e+01	2020	8	9	12
	2522984	241.389000	11.353300	9.890581e+04	2.778213e+01	1.083429e+05	1.078589e+05	5.804247e+04	5.679172e+04	3.024199e+02	2.575029e+01	2020	8	9	18
	2509513	240.509000	11.564100	9.815244e+04	3.217550e+01	1.081716e+05	1.076911e+05	5.781579e+04	5.626304e+04	3.024629e+02	2.184456e+01	2020	8	10	0
	2496080	239.785000	11.775000	9.876775e+04	3.145703e+01	1.084511e+05	1.077656e+05	5.805698e+04	5.660798e+04	3.025327e+02	2.352285e+01	2020	8	10	6
	2487144	239.247000	11.915600	9.860894e+04	2.536149e+01	1.080971e+05	1.077956e+05	5.779683e+04	5.695808e+04	3.025115e+02	2.159619e+01	2020	8	10	12
	2469324	238.488000	12.196800	9.854938e+04	2.860535e+01	1.083958e+05	1.080038e+05	5.805325e+04	5.713500e+04	3.024744e+02	1.492517e+01	2020	8	10	18
	2456000	237.834000	12.407700	9.915256e+04	2.094212e+01	1.082104e+05	1.079094e+05	5.786630e+04	5.707555e+04	3.024460e+02	1.282080e+01	2020	8	11	0
	2425059	236.975000	12.899800	9.941000e+04	2.337934e+01	1.085189e+05	1.081934e+05	5.810716e+04	5.724016e+04	3.023232e+02	1.312626e+01	2020	8	11	6
	2407463	236.199000	13.181000	9.936862e+04	1.955486e+01	1.083621e+05	1.079146e+05	5.790935e+04	5.720035e+04	3.022405e+02	1.403108e+01	2020	8	11	12
	2394304	235.283000	13.391900	9.980900e+04	2.167800e+01	1.085044e+05	1.081754e+05	5.808240e+04	5.748190e+04	3.020884e+02	7.078725e+00	2020	8	11	18
	2381183	234.528000	13.602800	9.979162e+04	1.909665e+01	1.083603e+05	1.080533e+05	5.798999e+04	5.745199e+04	3.021130e+02	7.249440e+00	2020	8	12	0
	2363746	233.652000	13.884000	9.981812e+04	1.982103e+01	1.085437e+05	1.082877e+05	5.815693e+04	5.761043e+04	3.019368e+02	8.613831e+00	2020	8	12	6
	2359387	232.624000	13.954300	9.983906e+04	1.710586e+01	1.082889e+05	1.080114e+05	5.790835e+04	5.749085e+04	3.017322e+02	9.419952e+00	2020	8	12	12
	2359373	231.464000	13.954300	1.002002e+05	1.780107e+01	1.085435e+05	1.082730e+05	5.812429e+04	5.771604e+04	3.018120e+02	7.651033e+00	2020	8	12	18
	2342015	230.490000	14.235500	1.000398e+05	1.804379e+01	1.085124e+05	1.081014e+05	5.793114e+04	5.744039e+04	3.020549e+02	9.102740e+00	2020	8	13	0
	2363693	229.264000	13.884000	1.003063e+05	1.669575e+01	1.085281e+05	1.082786e+05	5.809878e+04	5.765378e+04	3.020806e+02	1.189584e+01	2020	8	13	6
	2337663	228.372000	14.305800	9.993269e+04	1.774588e+01	1.082815e+05	1.080365e+05	5.783929e+04	5.737629e+04	3.020837e+02	1.078001e+01	2020	8	13	12
	2337652	227.456000	14.305800	1.002307e+05	1.634239e+01	1.084150e+05	1.082290e+05	5.799809e+04	5.759059e+04	3.021228e+02	8.739059e+00	2020	8	13	18
	2316069	226.589000	14.657300	1.000498e+05	1.648991e+01	1.082695e+05	1.079970e+05	5.784148e+04	5.736998e+04	3.023682e+02	1.058587e+01	2020	8	14	0
	2316057	225.586000	14.657300	1.003198e+05	1.639072e+01	1.084059e+05	1.082124e+05	5.796745e+04	5.751995e+04	3.024397e+02	1.705134e+01	2020	8	14	6
	2307446	224.749000	14.797900	1.000427e+05	1.743528e+01	1.081831e+05	1.079811e+05	5.771880e+04	5.720480e+04	3.023479e+02	1.882845e+01	2020	8	14	12
	2303144	224.119000	14.868200	1.002276e+05	1.818847e+01	1.083782e+05	1.081522e+05	5.793258e+04	5.728583e+04	3.023406e+02	1.223612e+01	2020	8	14	18
	2298843	223.237000	14.938500	9.980869e+04	1.852687e+01	1.082344e+05	1.079144e+05	5.780572e+04	5.689772e+04	3.023674e+02	1.146990e+01	2020	8	15	0
	2307420	222.570000	14.797900	9.995000e+04	1.811857e+01	1.084173e+05	1.080298e+05	5.794604e+04	5.699004e+04	3.023171e+02	1.648176e+01	2020	8	15	6
	2298828	221.978000	14.938500	9.952869e+04	2.000466e+01	1.082095e+05	1.076515e+05	5.772541e+04	5.658466e+04	3.023142e+02	1.675327e+01	2020	8	15	12
	2294532	221.176000	15.008800	9.962788e+04	2.124003e+01	1.084017e+05	1.078567e+05	5.791628e+04	5.668328e+04	3.022717e+02	1.356624e+01	2020	8	15	18
	2281689	220.534000	15.219700	9.906394e+04	2.519175e+01	1.083195e+05	1.076010e+05	5.779928e+04	5.628153e+04	3.022278e+02	1.299671e+01	2020	8	16	0
	2277411	219.897000	15.290000	9.891362e+04	2.640432e+01	1.084435e+05	1.075885e+05	5.793526e+04	5.636076e+04	3.020786e+02	1.300213e+01	2020	8	16	6
	2268873	219.127000	15.430600	9.838288e+04	3.166013e+01	1.082272e+05	1.075362e+05	5.772602e+04	5.608452e+04	3.019434e+02	1.399341e+01	2020	8	16	12
	2256099	218.220000	15.641500	9.807738e+04	3.425007e+01	1.084139e+05	1.075174e+05	5.790522e+04	5.599672e+04	3.021260e+02	1.154444e+01	2020	8	16	18
	2243361	217.309000	15.852400	9.782556e+04	3.288966e+01	1.083044e+05	1.072544e+05	5.778179e+04	5.585454e+04	3.022573e+02	9.181001e+00	2020	8	17	0
	2230659	216.392000	16.063300	9.846381e+04	3.144649e+01	1.084325e+05	1.077310e+05	5.795920e+04	5.631670e+04	3.023333e+02	9.357634e+00	2020	8	17	6
	2217993	215.470000	16.274200	9.844894e+04	2.965635e+01	1.082124e+05	1.077019e+05	5.775896e+04	5.627346e+04	3.021555e+02	9.844701e+00	2020	8	17	12
	2201166	214.662000	16.555400	9.875975e+04	2.716032e+01	1.083274e+05	1.078399e+05	5.791234e+04	5.642959e+04	3.019595e+02	7.453490e+00	2020	8	17	18
	2180224	213.793000	16.906900	9.802738e+04	3.435298e+01	1.082469e+05	1.074074e+05	5.782060e+04	5.586810e+04	3.018696e+02	6.432440e+00	2020	8	18	0
	2155228	212.948000	17.328600	9.803094e+04	3.315974e+01	1.083013e+05	1.075953e+05	5.799277e+04	5.590102e+04	3.017651e+02	6.713964e+00	2020	8	18	6
	2130377	212.180000	17.750400	9.773712e+04	3.514619e+01	1.081142e+05	1.074262e+05	5.781675e+04	5.580350e+04	3.017405e+02	8.405663e+00	2020	8	18	12
	2105671	211.491000	18.172200	9.780981e+04	3.764982e+01	1.082208e+05	1.073222e+05	5.792242e+04	5.591892e+04	3.015813e+02	7.029824e+00	2020	8	18	18
	2077030	210.736000	18.664300	9.803812e+04	3.614416e+01	1.081309e+05	1.075454e+05	5.785770e+04	5.614295e+04	3.019736e+02	6.822911e+00	2020	8	19	0
	2056691	210.089000	19.015800	9.878794e+04	3.249070e+01	1.082322e+05	1.076328e+05	5.793147e+04	5.675072e+04	3.014873e+02	6.489896e+00	2020	8	19	6
	2040488	209.228000	19.297000	9.910981e+04	2.570032e+01	1.080598e+05	1.076913e+05	5.779615e+04	5.689965e+04	3.010037e+02	6.562175e+00	2020	8	19	12
	2024349	208.360000	19.578200	9.959262e+04	2.725948e+01	1.081953e+05	1.076978e+05	5.792333e+04	5.739958e+04	3.009321e+02	3.988349e+00	2020	8	19	18
start	18	2020	8	5	18
	1892432	88.797500	21.898100	9.969462e+04	1.372149e+01	1.088570e+05	1.084635e+05	5.772529e+04	5.717579e+04	3.053108e+02	2.659818e+01	2020	8	5	18
	1904126	89.077900	21.687200	9.946762e+04	1.464721e+01	1.087338e+05	1.082922e+05	5.762941e+04	5.698816e+04	3.050159e+02	2.530301e+01	2020	8	6	0
	1884662	89.165800	22.038700	9.953706e+04	1.683055e+01	1.089924e+05	1.084594e+05	5.773991e+04	5.706791e+04	3.049622e+02	1.975763e+01	2020	8	6	6
	1865288	88.323000	22.390200	9.940125e+04	1.265841e+01	1.089974e+05	1.084914e+05	5.765788e+04	5.701888e+04	3.051162e+02	1.471318e+01	2020	8	6	12
	1853714	88.037400	22.601100	9.957419e+04	1.098386e+01	1.090280e+05	1.085890e+05	5.783098e+04	5.720773e+04	3.050242e+02	2.402393e+01	2020	8	6	18
	1853703	87.009300	22.601100	9.938931e+04	1.040668e+01	1.089615e+05	1.084025e+05	5.772986e+04	5.703186e+04	3.049419e+02	1.766010e+01	2020	8	7	0
	1846000	86.160200	22.741700	9.969188e+04	9.438775e+00	1.092212e+05	1.086227e+05	5.793182e+04	5.725757e+04	3.050496e+02	1.695552e+01	2020	8	7	6
	1826830	85.669500	23.093100	9.960081e+04	7.600779e+00	1.092164e+05	1.085849e+05	5.781619e+04	5.719269e+04	-9.000000e+33	1.407749e+01	2020	8	7	12
	1838297	83.806000	22.882200	9.977781e+04	8.696951e+00	1.092194e+05	1.086504e+05	5.792594e+04	5.721969e+04	-9.000000e+33	1.853581e+01	2020	8	7	18
	1826802	83.033500	23.093100	9.944894e+04	1.096295e+01	1.090989e+05	1.085154e+05	5.781409e+04	5.704184e+04	-9.000000e+33	1.926996e+01	2020	8	8	0
	1830614	81.818200	23.022800	9.926488e+04	1.238681e+01	1.093160e+05	1.086255e+05	5.791959e+04	5.699434e+04	-9.000000e+33	2.487304e+01	2020	8	8	6
	1819147	81.415100	23.233700	9.920544e+04	1.062510e+01	1.092072e+05	1.085062e+05	5.774913e+04	5.699413e+04	-9.000000e+33	1.993554e+01	2020	8	8	12
	1807711	80.536300	23.444600	9.937519e+04	1.163303e+01	1.092087e+05	1.086332e+05	5.792610e+04	5.715635e+04	-9.000000e+33	2.288705e+01	2020	8	8	18
	1815317	79.800600	23.304000	9.926050e+04	1.290226e+01	1.090123e+05	1.083783e+05	5.765919e+04	5.690444e+04	-9.000000e+33	2.070816e+01	2020	8	9	0
	1811500	79.033600	23.374300	9.936394e+04	1.137621e+01	1.092432e+05	1.085402e+05	5.782581e+04	5.710606e+04	-9.000000e+33	1.772191e+01	2020	8	9	6
	1792515	78.975700	23.725800	9.934719e+04	8.412335e+00	1.092198e+05	1.084238e+05	5.772654e+04	5.708054e+04	-9.000000e+33	1.560114e+01	2020	8	9	12
	1788701	76.205100	23.796100	9.966931e+04	1.149399e+01	1.092619e+05	1.086264e+05	5.792172e+04	5.720972e+04	-9.000000e+33	1.953491e+01	2020	8	9	18
	1781148	76.652500	23.936700	9.949819e+04	9.815681e+00	1.090926e+05	1.083611e+05	5.777104e+04	5.721079e+04	-9.000000e+33	1.317647e+01	2020	8	10	0
start	22	2020	8	11	18
	2210025	253.901000	16.414800	1.009030e+05	1.303105e+01	1.086744e+05	1.083504e+05	5.818540e+04	5.774190e+04	3.039341e+02	1.676274e+01	2020	8	11	18
	2214220	252.890000	16.344500	1.005866e+05	1.236348e+01	1.085568e+05	1.081568e+05	5.803049e+04	5.755849e+04	3.037595e+02	1.089431e+01	2020	8	12	0
	2205797	251.743000	16.485100	1.008289e+05	1.237706e+01	1.086902e+05	1.083602e+05	5.817468e+04	5.771318e+04	3.034885e+02	2.107779e+01	2020	8	12	6
	2184832	250.794000	16.836600	1.005336e+05	1.260810e+01	1.084379e+05	1.081134e+05	5.799635e+04	5.744260e+04	3.033035e+02	1.524024e+01	2020	8	12	12
	2159805	249.557000	17.258300	1.006760e+05	1.481844e+01	1.086665e+05	1.083450e+05	5.819629e+04	5.760754e+04	3.031685e+02	1.014797e+01	2020	8	12	18
	2143195	248.261000	17.539500	1.003303e+05	1.486252e+01	1.085169e+05	1.081139e+05	5.800189e+04	5.723139e+04	3.032708e+02	1.027725e+01	2020	8	13	0
	2118404	246.647000	17.961300	1.005121e+05	1.516296e+01	1.086096e+05	1.080451e+05	5.815553e+04	5.727528e+04	3.031519e+02	1.440855e+01	2020	8	13	6
	2101958	245.678000	18.242500	1.001692e+05	1.671687e+01	1.084555e+05	1.079800e+05	5.795879e+04	5.699929e+04	3.030212e+02	1.185433e+01	2020	8	13	12
	2085570	244.172000	18.523700	1.002839e+05	1.723726e+01	1.085875e+05	1.081095e+05	5.811159e+04	5.710434e+04	3.030457e+02	9.749633e+00	2020	8	13	18
	2069250	243.009000	18.804900	9.993306e+04	1.758642e+01	1.084295e+05	1.077425e+05	5.793298e+04	5.680673e+04	3.028936e+02	9.123534e+00	2020	8	14	0
	2061107	241.803000	18.945500	1.001441e+05	1.829004e+01	1.086049e+05	1.081509e+05	5.807470e+04	5.705720e+04	3.027258e+02	1.189083e+01	2020	8	14	6
	2065157	240.679000	18.875200	9.990719e+04	1.871780e+01	1.083861e+05	1.079731e+05	5.787280e+04	5.689305e+04	3.025833e+02	1.043371e+01	2020	8	14	12
	2073283	239.676000	18.734600	1.001609e+05	1.928847e+01	1.085968e+05	1.082358e+05	5.807058e+04	5.721433e+04	3.024861e+02	8.038687e+00	2020	8	14	18
	2089595	238.738000	18.453400	1.000059e+05	1.912492e+01	1.084734e+05	1.081204e+05	5.793847e+04	5.734247e+04	3.023831e+02	6.420135e+00	2020	8	15	0
	2097771	237.920000	18.312800	1.003058e+05	1.682167e+01	1.086173e+05	1.083818e+05	5.809479e+04	5.770679e+04	3.021189e+02	7.378196e+00	2020	8	15	6
	2097758	236.777000	18.312800	1.001282e+05	1.854663e+01	1.083815e+05	1.080950e+05	5.785291e+04	5.739016e+04	3.019675e+02	6.390858e+00	2020	8	15	12
	2114171	236.294000	18.031600	1.003871e+05	1.769312e+01	1.086412e+05	1.083557e+05	5.808378e+04	5.766228e+04	3.019827e+02	4.711897e+00	2020	8	15	18
	2126511	234.908000	17.820700	1.002144e+05	1.541652e+01	1.084170e+05	1.081805e+05	5.790603e+04	5.753428e+04	3.017737e+02	3.968414e+00	2020	8	16	0
	2130626	233.895000	17.750400	1.005234e+05	1.499329e+01	1.085930e+05	1.083640e+05	5.808351e+04	5.781826e+04	3.016646e+02	6.589067e+00	2020	8	16	6
	2159613	232.926000	17.258300	1.003489e+05	1.500070e+01	1.082787e+05	1.079927e+05	5.781102e+04	5.754377e+04	3.017188e+02	4.584924e+00	2020	8	16	12
	2163763	232.183000	17.188000	1.006336e+05	1.366435e+01	1.084569e+05	1.082404e+05	5.802747e+04	5.779972e+04	3.017246e+02	1.957866e+00	2020	8	16	18
	2184604	231.158000	16.836600	1.003973e+05	1.188646e+01	1.082639e+05	1.080149e+05	5.784854e+04	5.758779e+04	3.022310e+02	3.248071e+00	2020	8	17	0
start	35	2020	8	12	18
	1496738	214.127000	29.490300	1.008565e+05	1.766570e+01	1.082435e+05	1.071475e+05	5.805079e+04	5.754179e+04	2.979761e+02	7.568050e+00	2020	8	12	18
	1472604	213.147000	29.982400	1.008073e+05	1.763345e+01	1.081099e+05	1.070744e+05	5.801914e+04	5.745914e+04	2.981292e+02	8.175524e+00	2020	8	13	0
	1438468	211.840000	30.685400	1.008533e+05	1.784755e+01	1.080421e+05	1.070851e+05	5.805728e+04	5.743978e+04	2.980688e+02	8.631601e+00	2020	8	13	6
	1401383	210.645000	31.458700	1.006189e+05	1.799347e+01	1.077040e+05	1.068785e+05	5.784904e+04	5.719254e+04	2.980730e+02	8.311094e+00	2020	8	13	12
	1368092	209.819000	32.161700	1.006647e+05	1.661514e+01	1.075270e+05	1.067805e+05	5.784584e+04	5.710184e+04	2.980652e+02	6.707016e+00	2020	8	13	18
	1338470	208.826000	32.794400	1.005221e+05	1.683976e+01	1.073280e+05	1.067140e+05	5.779173e+04	5.704448e+04	2.979619e+02	5.860634e+00	2020	8	14	0
	1312412	208.000000	33.356800	1.005331e+05	1.584105e+01	1.072729e+05	1.066249e+05	5.777495e+04	5.701895e+04	2.978362e+02	5.614413e+00	2020	8	14	6
	1283406	207.416000	33.989500	1.004954e+05	1.563842e+01	1.070666e+05	1.061561e+05	5.762880e+04	5.696955e+04	2.977747e+02	7.644084e+00	2020	8	14	12
	1251561	207.193000	34.692400	1.005589e+05	1.757279e+01	1.070652e+05	1.059922e+05	5.771383e+04	5.702433e+04	2.975554e+02	6.841610e+00	2020	8	14	18
	1201443	207.058000	35.817200	1.005657e+05	1.937922e+01	1.070814e+05	1.059914e+05	5.775297e+04	5.705797e+04	2.971311e+02	5.875142e+00	2020	8	15	0
	1158430	206.965000	36.801400	1.004730e+05	2.136001e+01	1.071248e+05	1.059558e+05	5.784304e+04	5.697129e+04	2.965466e+02	7.385910e+00	2020	8	15	6
	1101308	206.685000	38.137100	1.004869e+05	1.989334e+01	1.069940e+05	1.058635e+05	5.776116e+04	5.684641e+04	2.964060e+02	1.023955e+01	2020	8	15	12
	1051424	206.566000	39.332200	1.005654e+05	1.856354e+01	1.070047e+05	1.058817e+05	5.786653e+04	5.685378e+04	2.958831e+02	6.260685e+00	2020	8	15	18
	997042	206.771000	40.667800	1.006902e+05	1.782310e+01	1.071000e+05	1.060115e+05	5.794003e+04	5.691903e+04	2.950393e+02	4.387439e+00	2020	8	16	0
	938615	206.934000	42.144100	1.008249e+05	1.707753e+01	1.070700e+05	1.060655e+05	5.796551e+04	5.694526e+04	2.935923e+02	4.561349e+00	2020	8	16	6
	884610	207.068000	43.550100	1.009026e+05	1.662088e+01	1.068402e+05	1.055127e+05	5.783652e+04	5.671927e+04	2.927969e+02	4.729740e+00	2020	8	16	12
	824486	207.757000	45.167000	1.010561e+05	1.648627e+01	1.066989e+05	1.050049e+05	5.782997e+04	5.645972e+04	2.923242e+02	3.242418e+00	2020	8	16	18
	771439	208.551000	46.643200	1.010418e+05	1.550110e+01	1.066059e+05	1.048209e+05	5.777679e+04	5.629129e+04	2.906226e+02	4.532540e+00	2020	8	17	0
	720158	209.700000	48.119500	1.010061e+05	1.549866e+01	1.063825e+05	1.045565e+05	5.769995e+04	5.612245e+04	2.898059e+02	6.830606e+00	2020	8	17	6
	668327	210.986000	49.666100	1.008174e+05	1.492991e+01	1.059739e+05	1.041549e+05	5.745071e+04	5.590621e+04	2.890081e+02	6.810019e+00	2020	8	17	12
	616208	212.108000	51.283000	1.006448e+05	1.443094e+01	1.056284e+05	1.036914e+05	5.720434e+04	5.567609e+04	2.887437e+02	6.208449e+00	2020	8	17	18
	568331	212.589000	52.829500	1.004181e+05	1.298604e+01	1.053534e+05	1.034369e+05	5.691735e+04	5.553310e+04	2.885581e+02	7.217578e+00	2020	8	18	0
	534726	212.727000	53.954300	1.001954e+05	1.316549e+01	1.048858e+05	1.031233e+05	5.654677e+04	5.530677e+04	2.885278e+02	7.208559e+00	2020	8	18	6
	510193	212.614000	54.797900	9.998788e+04	1.446978e+01	1.043112e+05	1.027492e+05	5.613800e+04	5.498250e+04	2.885198e+02	8.248732e+00	2020	8	18	12
	496150	212.892000	55.290000	9.975381e+04	1.487388e+01	1.038892e+05	1.024652e+05	5.583442e+04	5.467967e+04	2.886077e+02	6.996738e+00	2020	8	18	18
	472531	213.148000	56.133600	9.958162e+04	1.627192e+01	1.036489e+05	1.023444e+05	5.568320e+04	5.449245e+04	2.886836e+02	7.904884e+00	2020	8	19	0
	457102	212.762000	56.696000	9.937844e+04	1.526047e+01	1.031942e+05	1.019788e+05	5.539872e+04	5.425947e+04	2.886611e+02	8.651734e+00	2020	8	19	6
	445700	212.797000	57.117700	9.921406e+04	1.512259e+01	1.027678e+05	1.016168e+05	5.524815e+04	5.405815e+04	2.887185e+02	8.846791e+00	2020	8	19	12
	430721	212.780000	57.680100	9.919112e+04	1.608496e+01	1.026193e+05	1.012983e+05	5.518733e+04	5.398708e+04	2.888423e+02	8.824096e+00	2020	8	19	18
	412353	211.916000	58.383100	9.924006e+04	1.523647e+01	1.024706e+05	1.009916e+05	5.514441e+04	5.401516e+04	2.887214e+02	8.547974e+00	2020	8	20	0
	408726	211.460000	58.523700	9.927044e+04	1.412984e+01	1.021879e+05	1.007209e+05	5.499573e+04	5.395648e+04	2.896292e+02	7.768180e+00	2020	8	20	6
	397948	211.480000	58.945500	9.931581e+04	1.657128e+01	1.019894e+05	1.004589e+05	5.489275e+04	5.390875e+04	2.910962e+02	7.822008e+00	2020	8	20	12
	387309	210.477000	59.367300	9.950512e+04	1.507039e+01	1.017654e+05	1.002584e+05	5.485550e+04	5.378875e+04	2.915925e+02	6.797095e+00	2020	8	20	18
	385539	208.087000	59.437600	9.991650e+04	1.367721e+01	1.017713e+05	1.002923e+05	5.485593e+04	5.377418e+04	2.916008e+02	5.631071e+00	2020	8	21	0
	387292	207.000000	59.367300	1.003108e+05	1.225504e+01	1.018434e+05	1.003129e+05	5.499091e+04	5.386291e+04	2.915046e+02	2.682467e+00	2020	8	21	6
start	45	2020	8	15	6
	2478510	261.833000	12.056200	1.009160e+05	1.436308e+01	1.083018e+05	1.080183e+05	5.799779e+04	5.757979e+04	3.040496e+02	2.122208e+01	2020	8	15	6
	2469604	261.170000	12.196800	1.006984e+05	1.487151e+01	1.080905e+05	1.078865e+05	5.783066e+04	5.743191e+04	3.039861e+02	2.391124e+01	2020	8	15	12
	2425339	259.864000	12.899800	1.008171e+05	1.528440e+01	1.082767e+05	1.080922e+05	5.801853e+04	5.761103e+04	3.042639e+02	2.187797e+01	2020	8	15	18
	2456261	259.034000	12.407700	1.005447e+05	1.449620e+01	1.081690e+05	1.079990e+05	5.782328e+04	5.742353e+04	3.040588e+02	1.912324e+01	2020	8	16	0
	2416519	258.371000	13.040400	1.007699e+05	1.487358e+01	1.083780e+05	1.081670e+05	5.801376e+04	5.762301e+04	3.041792e+02	2.931504e+01	2020	8	16	6
	2416495	256.406000	13.040400	1.005109e+05	1.586533e+01	1.081257e+05	1.079692e+05	5.779652e+04	5.743927e+04	3.037539e+02	2.304086e+01	2020	8	16	12
	2434114	256.374000	12.759200	1.006766e+05	1.567842e+01	1.083399e+05	1.081689e+05	5.800997e+04	5.760872e+04	3.035918e+02	2.020730e+01	2020	8	16	18
	2407699	255.561000	13.181000	1.003816e+05	1.436361e+01	1.081884e+05	1.080239e+05	5.778979e+04	5.740104e+04	3.036099e+02	2.032357e+01	2020	8	17	0
	2403299	254.480000	13.251300	1.006311e+05	1.455221e+01	1.084150e+05	1.081930e+05	5.799845e+04	5.765920e+04	3.035569e+02	3.488612e+01	2020	8	17	6
	2398910	253.973000	13.321600	1.003914e+05	1.543786e+01	1.081829e+05	1.080264e+05	5.782396e+04	5.738671e+04	3.035032e+02	3.404266e+01	2020	8	17	12
	2372685	252.975000	13.743400	1.005705e+05	1.696126e+01	1.083739e+05	1.082179e+05	5.800009e+04	5.758109e+04	3.035093e+02	2.755384e+01	2020	8	17	18
	2363973	252.447000	13.884000	1.002116e+05	1.569719e+01	1.082124e+05	1.080009e+05	5.781810e+04	5.727710e+04	3.035220e+02	2.093906e+01	2020	8	18	0
	2381389	251.522000	13.602800	1.004469e+05	1.538896e+01	1.083898e+05	1.081278e+05	5.801552e+04	5.747577e+04	3.033511e+02	2.984251e+01	2020	8	18	6
	2368306	250.974000	13.813700	1.001099e+05	1.703703e+01	1.081972e+05	1.079182e+05	5.780925e+04	5.720050e+04	3.032678e+02	3.568689e+01	2020	8	18	12
	2377011	250.266000	13.673100	1.002303e+05	1.825606e+01	1.084102e+05	1.081058e+05	5.798242e+04	5.729092e+04	3.029895e+02	2.934495e+01	2020	8	18	18
	2355248	249.512000	14.024600	9.984962e+04	1.756607e+01	1.082259e+05	1.078649e+05	5.780720e+04	5.692595e+04	3.030039e+02	2.549864e+01	2020	8	19	0
	2363932	249.052000	13.884000	9.994994e+04	2.138710e+01	1.083888e+05	1.079498e+05	5.795997e+04	5.691397e+04	3.028887e+02	3.434911e+01	2020	8	19	6
	2346555	247.895000	14.165200	9.937881e+04	2.004580e+01	1.081578e+05	1.076028e+05	5.778090e+04	5.668715e+04	3.029783e+02	3.812314e+01	2020	8	19	12
	2346544	246.981000	14.165200	9.940062e+04	2.267926e+01	1.083383e+05	1.078008e+05	5.796383e+04	5.667658e+04	3.029956e+02	3.616985e+01	2020	8	19	18
	2346536	246.316000	14.165200	9.889806e+04	2.434672e+01	1.082371e+05	1.074726e+05	5.776316e+04	5.625191e+04	3.029695e+02	3.465327e+01	2020	8	20	0
	2333546	245.500000	14.376100	9.876744e+04	2.682840e+01	1.083919e+05	1.076164e+05	5.795398e+04	5.615023e+04	3.028674e+02	4.118876e+01	2020	8	20	6
	2316284	244.572000	14.657300	9.813006e+04	2.708850e+01	1.081744e+05	1.071399e+05	5.777300e+04	5.559300e+04	3.028579e+02	4.043943e+01	2020	8	20	12
	2294798	243.529000	15.008800	9.791988e+04	2.775675e+01	1.083824e+05	1.071589e+05	5.796150e+04	5.558675e+04	3.028992e+02	3.964958e+01	2020	8	20	18
	2273413	242.561000	15.360300	9.735400e+04	2.893930e+01	1.082743e+05	1.069313e+05	5.776368e+04	5.514318e+04	3.028411e+02	3.291978e+01	2020	8	21	0
	2247885	241.557000	15.782100	9.719175e+04	3.220824e+01	1.084724e+05	1.070164e+05	5.801766e+04	5.515791e+04	3.028132e+02	4.115956e+01	2020	8	21	6
	2214075	240.485000	16.344500	9.671381e+04	3.521191e+01	1.082758e+05	1.067723e+05	5.784282e+04	5.482707e+04	3.027383e+02	4.189324e+01	2020	8	21	12
	2180521	239.397000	16.906900	9.685688e+04	3.341068e+01	1.084903e+05	1.069873e+05	5.804336e+04	5.503211e+04	3.023728e+02	3.385127e+01	2020	8	21	18
	2143078	238.087000	17.539500	9.637512e+04	3.595990e+01	1.083697e+05	1.067502e+05	5.787351e+04	5.470676e+04	3.022419e+02	2.552036e+01	2020	8	22	0
	2110067	236.874000	18.101900	9.670762e+04	3.423199e+01	1.085579e+05	1.070364e+05	5.814095e+04	5.499145e+04	3.015891e+02	2.439727e+01	2020	8	22	6
	2077311	235.554000	18.664300	9.680212e+04	3.375147e+01	1.083652e+05	1.070612e+05	5.792579e+04	5.506754e+04	3.012854e+02	2.585233e+01	2020	8	22	12
	2036730	234.232000	19.367300	9.736969e+04	3.118078e+01	1.085658e+05	1.074818e+05	5.816832e+04	5.551857e+04	3.009131e+02	2.351965e+01	2020	8	22	18
	2000547	232.830000	20.000000	9.728431e+04	3.106803e+01	1.084132e+05	1.073308e+05	5.802725e+04	5.543475e+04	3.007366e+02	2.159348e+01	2020	8	23	0
	1972623	231.208000	20.492100	9.755588e+04	3.213832e+01	1.085849e+05	1.075329e+05	5.822144e+04	5.568844e+04	3.005190e+02	1.917270e+01	2020	8	23	6
	1948846	229.970000	20.913900	9.757106e+04	3.100659e+01	1.083188e+05	1.073772e+05	5.796448e+04	5.563398e+04	3.004050e+02	1.859426e+01	2020	8	23	12
	1913458	228.773000	21.546600	9.812744e+04	2.938339e+01	1.085137e+05	1.077722e+05	5.816487e+04	5.609112e+04	2.999746e+02	1.548297e+01	2020	8	23	18
	1866782	227.516000	22.390200	9.818350e+04	2.923310e+01	1.084449e+05	1.079059e+05	5.809692e+04	5.620092e+04	2.991919e+02	1.642505e+01	2020	8	24	0
	1851344	226.403000	22.671400	9.870681e+04	2.652162e+01	1.085924e+05	1.080174e+05	5.819347e+04	5.655897e+04	2.988979e+02	1.411840e+01	2020	8	24	6
	1824492	225.424000	23.163400	9.891088e+04	2.422781e+01	1.083721e+05	1.079896e+05	5.793986e+04	5.666561e+04	2.987126e+02	1.340772e+01	2020	8	24	12
	1797836	224.430000	23.655500	9.937638e+04	2.222705e+01	1.085908e+05	1.080082e+05	5.804141e+04	5.702566e+04	2.985356e+02	1.093814e+01	2020	8	24	18
	1763855	223.419000	24.288200	9.945950e+04	2.258930e+01	1.084963e+05	1.079973e+05	5.798830e+04	5.704530e+04	2.983560e+02	1.313848e+01	2020	8	25	0
	1756339	222.359000	24.428800	9.975962e+04	2.292310e+01	1.086158e+05	1.080878e+05	5.807749e+04	5.718249e+04	2.985342e+02	1.147415e+01	2020	8	25	6
	1741367	221.383000	24.710000	9.977725e+04	1.932041e+01	1.084102e+05	1.077127e+05	5.790346e+04	5.712921e+04	2.985925e+02	1.059604e+01	2020	8	25	12
	1741360	220.707000	24.710000	1.001008e+05	1.934646e+01	1.085542e+05	1.077622e+05	5.800254e+04	5.735954e+04	2.986372e+02	7.408968e+00	2020	8	25	18
	1726452	219.720000	24.991200	1.000863e+05	1.889011e+01	1.084861e+05	1.076911e+05	5.799095e+04	5.736720e+04	2.987896e+02	7.822504e+00	2020	8	26	0
	1733882	218.668000	24.850600	1.003646e+05	1.955395e+01	1.086508e+05	1.077153e+05	5.805303e+04	5.756278e+04	2.989561e+02	8.459342e+00	2020	8	26	6
start	45	2020	8	22	12
	2213132	159.810000	16.344500	1.006641e+05	1.285892e+01	1.086617e+05	1.083557e+05	5.799479e+04	5.763229e+04	3.043411e+02	3.739364e+01	2020	8	22	12
	2167094	160.288000	17.117800	1.004082e+05	1.460072e+01	1.084648e+05	1.079508e+05	5.786407e+04	5.737332e+04	3.042012e+02	3.580439e+01	2020	8	22	18
	2129763	158.634000	17.750400	1.004701e+05	1.549304e+01	1.087208e+05	1.080232e+05	5.804450e+04	5.748350e+04	3.044094e+02	2.953989e+01	2020	8	23	0
	2146296	157.761000	17.469200	1.002509e+05	1.560219e+01	1.086399e+05	1.080324e+05	5.793569e+04	5.736619e+04	3.050171e+02	3.797750e+01	2020	8	23	6
	2150448	158.303000	17.398900	1.004058e+05	1.779458e+01	1.087722e+05	1.082802e+05	5.804998e+04	5.753423e+04	3.043162e+02	5.170193e+01	2020	8	23	12
	2129750	157.500000	17.750400	1.000804e+05	1.762506e+01	1.086527e+05	1.081662e+05	5.793387e+04	5.729287e+04	3.042139e+02	4.939762e+01	2020	8	23	18
	2121495	156.845000	17.891000	1.001240e+05	1.993464e+01	1.087609e+05	1.082684e+05	5.809042e+04	5.721517e+04	3.042534e+02	4.656171e+01	2020	8	24	0
	2064211	156.880000	18.875200	9.985981e+04	2.004712e+01	1.086679e+05	1.080814e+05	5.794247e+04	5.697147e+04	3.041704e+02	3.998933e+01	2020	8	24	6
	2076410	155.976000	18.664300	9.982012e+04	1.949399e+01	1.087531e+05	1.082876e+05	5.802711e+04	5.703686e+04	3.041541e+02	4.475216e+01	2020	8	24	12
	2060133	155.438000	18.945500	9.940138e+04	2.038844e+01	1.085492e+05	1.080378e+05	5.787791e+04	5.672816e+04	3.040630e+02	4.451635e+01	2020	8	24	18
	2052015	154.857000	19.086100	9.932000e+04	2.168616e+01	1.086808e+05	1.081618e+05	5.794205e+04	5.678255e+04	3.040854e+02	4.861762e+01	2020	8	25	0
	2023743	154.145000	19.578200	9.891738e+04	2.173006e+01	1.085582e+05	1.079292e+05	5.781199e+04	5.648899e+04	3.040967e+02	5.024289e+01	2020	8	25	6
	1995670	153.694000	20.070300	9.881475e+04	2.247964e+01	1.086807e+05	1.080037e+05	5.791796e+04	5.649621e+04	3.039041e+02	5.444049e+01	2020	8	25	12
	1967792	153.145000	20.562400	9.837875e+04	2.283107e+01	1.084208e+05	1.077348e+05	5.771154e+04	5.616429e+04	3.034165e+02	5.513788e+01	2020	8	25	18
	1948001	152.918000	20.913900	9.828131e+04	2.442640e+01	1.085611e+05	1.077926e+05	5.784870e+04	5.608295e+04	3.033647e+02	5.454564e+01	2020	8	26	0
	1916542	152.421000	21.476300	9.770331e+04	2.721684e+01	1.084528e+05	1.075023e+05	5.772653e+04	5.569403e+04	3.033721e+02	5.308536e+01	2020	8	26	6
	1877580	151.950000	22.179300	9.745944e+04	2.873322e+01	1.085737e+05	1.075257e+05	5.783103e+04	5.565628e+04	3.032148e+02	4.976632e+01	2020	8	26	12
	1839017	151.376000	22.882200	9.712794e+04	2.757339e+01	1.084080e+05	1.072665e+05	5.768545e+04	5.542670e+04	3.027615e+02	4.462812e+01	2020	8	26	18
	1797059	150.665000	23.655500	9.716700e+04	2.993641e+01	1.085372e+05	1.074022e+05	5.776618e+04	5.548643e+04	3.027029e+02	4.591560e+01	2020	8	27	0
	1748101	150.257000	24.569400	9.670075e+04	3.140498e+01	1.084434e+05	1.072239e+05	5.759933e+04	5.516058e+04	3.027737e+02	4.678047e+01	2020	8	27	6
	1710903	150.130000	25.272400	9.674281e+04	3.134188e+01	1.086130e+05	1.072485e+05	5.771420e+04	5.520620e+04	3.025212e+02	4.668248e+01	2020	8	27	12
	1648576	149.075000	26.467500	9.636444e+04	3.060779e+01	1.083903e+05	1.070803e+05	5.750683e+04	5.489308e+04	3.022676e+02	4.045448e+01	2020	8	27	18
	1598123	148.893000	27.451700	9.662938e+04	3.056247e+01	1.085063e+05	1.073583e+05	5.763838e+04	5.506988e+04	3.016016e+02	3.814654e+01	2020	8	28	0
	1559031	148.709000	28.225000	9.655019e+04	2.698528e+01	1.084133e+05	1.073088e+05	5.752542e+04	5.502017e+04	3.008230e+02	2.310935e+01	2020	8	28	6
	1513453	148.241000	29.138800	9.708762e+04	2.541301e+01	1.085499e+05	1.075224e+05	5.764311e+04	5.538461e+04	3.005442e+02	1.936349e+01	2020	8	28	12
	1458284	147.541000	30.263600	9.713800e+04	2.364462e+01	1.083496e+05	1.073441e+05	5.740574e+04	5.534749e+04	3.003184e+02	2.042763e+01	2020	8	28	18
	1394109	147.557000	31.599300	9.744731e+04	2.589813e+01	1.084035e+05	1.073645e+05	5.756587e+04	5.551587e+04	3.002861e+02	2.223911e+01	2020	8	29	0
	1334638	146.952000	32.864700	9.725944e+04	2.584826e+01	1.082998e+05	1.072758e+05	5.736532e+04	5.538132e+04	3.006294e+02	2.403528e+01	2020	8	29	6
	1257357	145.839000	34.551800	9.741188e+04	2.695814e+01	1.082342e+05	1.071422e+05	5.735994e+04	5.543544e+04	3.020505e+02	3.290940e+01	2020	8	29	12
	1200913	145.510000	35.817200	9.718294e+04	2.636941e+01	1.079889e+05	1.067289e+05	5.722822e+04	5.521047e+04	3.022742e+02	4.028515e+01	2020	8	29	18
	1142738	145.000000	37.152900	9.693650e+04	2.903245e+01	1.080342e+05	1.064032e+05	5.719200e+04	5.502175e+04	3.020967e+02	3.673882e+01	2020	8	30	0
	1050927	144.869000	39.332200	9.660875e+04	2.668128e+01	1.078294e+05	1.059094e+05	5.695892e+04	5.474492e+04	2.987864e+02	3.145416e+01	2020	8	30	6
	971309	145.265000	41.300500	9.667481e+04	2.770473e+01	1.079671e+05	1.056281e+05	5.710597e+04	5.465647e+04	2.973899e+02	2.280704e+01	2020	8	30	12
	855139	145.183000	44.323400	9.675262e+04	2.465498e+01	1.077370e+05	1.050745e+05	5.698739e+04	5.444689e+04	2.929370e+02	2.117212e+01	2020	8	30	18
	778465	144.375000	46.432300	9.701762e+04	2.159913e+01	1.076060e+05	1.048280e+05	5.696340e+04	5.443365e+04	2.926187e+02	2.089980e+01	2020	8	31	0
	719714	143.100000	48.119500	9.724125e+04	2.240537e+01	1.072485e+05	1.048685e+05	5.669776e+04	5.420751e+04	2.918557e+02	2.100477e+01	2020	8	31	6
	729332	141.258000	47.838300	9.761594e+04	2.025148e+01	1.064406e+05	1.048301e+05	5.626579e+04	5.400529e+04	2.920105e+02	1.478653e+01	2020	8	31	12
	717305	141.386000	48.189800	9.796906e+04	1.605782e+01	1.058514e+05	1.048044e+05	5.621486e+04	5.401411e+04	2.916226e+02	1.035773e+01	2020	8	31	18
	698270	141.624000	48.752200	9.847312e+04	1.603112e+01	1.056628e+05	1.047622e+05	5.630687e+04	5.420912e+04	2.914875e+02	6.971737e+00	2020	9	1	0
	670198	142.073000	49.595800	9.902419e+04	1.284535e+01	1.059834e+05	1.047684e+05	5.626123e+04	5.442048e+04	2.898792e+02	4.617986e+00	2020	9	1	6
	656389	144.031000	50.017600	9.944356e+04	1.184945e+01	1.064529e+05	1.047984e+05	5.639982e+04	5.467357e+04	2.893059e+02	2.912496e+00	2020	9	1	12
	618016	145.036000	51.212700	9.962800e+04	9.282450e+00	1.064064e+05	1.046674e+05	5.641844e+04	5.479194e+04	2.893386e+02	2.554894e+00	2020	9	1	18
	602554	145.902000	51.704700	9.991275e+04	8.653900e+00	1.063373e+05	1.044723e+05	5.669542e+04	5.501792e+04	2.879216e+02	1.702465e+00	2020	9	2	0
	587294	147.786000	52.196800	1.000780e+05	1.031675e+01	1.062492e+05	1.045302e+05	5.671500e+04	5.514100e+04	2.883831e+02	1.428467e+00	2020	9	2	6
	563697	148.644000	52.970100	1.003469e+05	9.181234e+00	1.058639e+05	1.042739e+05	5.680674e+04	5.532674e+04	2.881475e+02	2.683943e+00	2020	9	2	12
start	15	2020	8	23	18
	2084126	116.885000	18.523700	9.988694e+04	1.304215e+01	1.086627e+05	1.083277e+05	5.775687e+04	5.727137e+04	3.043184e+02	3.452175e+01	2020	8	23	18
	2080027	115.324000	18.594000	9.989800e+04	1.286771e+01	1.087179e+05	1.083319e+05	5.775817e+04	5.730192e+04	3.042271e+02	4.098931e+01	2020	8	24	0
	2096382	115.840000	18.312800	9.972281e+04	1.321478e+01	1.087684e+05	1.082954e+05	5.766672e+04	5.716622e+04	3.049810e+02	3.996576e+01	2020	8	24	6
	2023304	114.871000	19.578200	9.975662e+04	1.362799e+01	1.089066e+05	1.084356e+05	5.787736e+04	5.720311e+04	3.045115e+02	3.394799e+01	2020	8	24	12
	2059665	113.941000	18.945500	9.961938e+04	1.413153e+01	1.087522e+05	1.083142e+05	5.777316e+04	5.703516e+04	3.040884e+02	4.307046e+01	2020	8	24	18
	1983261	113.946000	20.281200	9.962000e+04	1.547092e+01	1.088568e+05	1.083648e+05	5.788180e+04	5.710005e+04	3.039136e+02	4.506968e+01	2020	8	25	0
	1959430	113.636000	20.703000	9.955038e+04	1.749271e+01	1.088468e+05	1.083042e+05	5.784599e+04	5.695624e+04	3.049268e+02	3.225451e+01	2020	8	25	6
	1916110	112.707000	21.476300	9.958625e+04	1.587625e+01	1.089087e+05	1.084762e+05	5.794071e+04	5.705221e+04	3.048259e+02	2.796824e+01	2020	8	25	12
	1904375	112.039000	21.687200	9.955525e+04	1.546832e+01	1.088212e+05	1.083442e+05	5.781079e+04	5.704579e+04	3.047339e+02	3.644328e+01	2020	8	25	18
	1908243	108.608000	21.616900	9.968481e+04	1.142592e+01	1.087371e+05	1.082921e+05	5.758070e+04	5.702170e+04	3.052241e+02	3.373541e+01	2020	8	26	0
	1900440	108.923000	21.757500	9.957481e+04	1.250880e+01	1.088263e+05	1.083313e+05	5.762153e+04	5.700778e+04	3.051357e+02	2.612943e+01	2020	8	26	6
	1923894	107.706000	21.335700	9.960719e+04	1.117453e+01	1.088967e+05	1.084202e+05	5.761778e+04	5.715028e+04	3.050381e+02	3.490184e+01	2020	8	26	12
	1967289	107.510000	20.562400	9.962219e+04	1.371132e+01	1.087945e+05	1.083730e+05	5.757495e+04	5.706795e+04	3.052429e+02	4.271918e+01	2020	8	26	18
	1999139	106.110000	20.000000	9.962750e+04	1.238960e+01	1.087467e+05	1.083112e+05	5.755068e+04	5.697893e+04	3.056033e+02	3.766596e+01	2020	8	27	0
	1916029	105.260000	21.476300	9.966075e+04	1.162785e+01	1.089389e+05	1.084049e+05	5.770783e+04	5.702233e+04	3.051213e+02	2.991368e+01	2020	8	27	6
start	29	2020	8	23	18
	2442822	246.136000	12.618600	1.009942e+05	1.279013e+01	1.085492e+05	1.082757e+05	5.817387e+04	5.771912e+04	3.025117e+02	2.108829e+01	2020	8	23	18
	2425157	244.986000	12.899800	1.006938e+05	1.410368e+01	1.084194e+05	1.081184e+05	5.797017e+04	5.755167e+04	3.027319e+02	1.804162e+01	2020	8	24	0
	2416343	243.958000	13.040400	1.009708e+05	1.341138e+01	1.086274e+05	1.083974e+05	5.814972e+04	5.781097e+04	3.027065e+02	2.409551e+01	2020	8	24	6
	2411940	243.279000	13.110700	1.006496e+05	1.264051e+01	1.083741e+05	1.081251e+05	5.791611e+04	5.756936e+04	3.026677e+02	2.499241e+01	2020	8	24	12
	2398768	242.301000	13.321600	1.008249e+05	1.414535e+01	1.086242e+05	1.083618e+05	5.812641e+04	5.775141e+04	3.026948e+02	2.310006e+01	2020	8	24	18
	2359490	241.160000	13.954300	1.005438e+05	1.422387e+01	1.085423e+05	1.081453e+05	5.795030e+04	5.750305e+04	3.029712e+02	2.126380e+01	2020	8	25	0
	2350800	240.443000	14.094900	1.007994e+05	1.509047e+01	1.087198e+05	1.084268e+05	5.812524e+04	5.770599e+04	3.027988e+02	3.211818e+01	2020	8	25	6
	2316226	239.721000	14.657300	1.004450e+05	1.535914e+01	1.084082e+05	1.081647e+05	5.791946e+04	5.730396e+04	3.028269e+02	2.828721e+01	2020	8	25	12
	2320522	238.830000	14.587000	1.006352e+05	1.638685e+01	1.086552e+05	1.083422e+05	5.810404e+04	5.753754e+04	3.027700e+02	2.367326e+01	2020	8	25	18
	2299019	238.013000	14.938500	1.002821e+05	1.513488e+01	1.084481e+05	1.080596e+05	5.788670e+04	5.724920e+04	3.027573e+02	2.635593e+01	2020	8	26	0
	2307597	237.402000	14.797900	1.004328e+05	1.657966e+01	1.086678e+05	1.082433e+05	5.807778e+04	5.738228e+04	3.027031e+02	3.176122e+01	2020	8	26	6
	2316188	236.543000	14.657300	1.000124e+05	1.774482e+01	1.083452e+05	1.080157e+05	5.782028e+04	5.701253e+04	3.025771e+02	3.062161e+01	2020	8	26	12
	2252064	236.155000	15.711800	1.001367e+05	2.079314e+01	1.085725e+05	1.081465e+05	5.806370e+04	5.726470e+04	3.024470e+02	2.673125e+01	2020	8	26	18
	2243579	235.836000	15.852400	9.973900e+04	1.981377e+01	1.084337e+05	1.080257e+05	5.787043e+04	5.696393e+04	3.024070e+02	2.398338e+01	2020	8	27	0
	2222437	235.076000	16.203900	9.994375e+04	2.197063e+01	1.085129e+05	1.081664e+05	5.804283e+04	5.705333e+04	3.023186e+02	2.258168e+01	2020	8	27	6
	2184642	234.431000	16.836600	9.956256e+04	2.097288e+01	1.082615e+05	1.078455e+05	5.779770e+04	5.666720e+04	3.021736e+02	2.251596e+01	2020	8	27	12
	2159629	234.312000	17.258300	9.962244e+04	2.750370e+01	1.084623e+05	1.080093e+05	5.804308e+04	5.680083e+04	3.019688e+02	1.912096e+01	2020	8	27	18
	2126501	234.035000	17.820700	9.911062e+04	2.577329e+01	1.082498e+05	1.076408e+05	5.782913e+04	5.646638e+04	3.018447e+02	1.773445e+01	2020	8	28	0
	2110029	233.544000	18.101900	9.935319e+04	2.388888e+01	1.086003e+05	1.079993e+05	5.803042e+04	5.675817e+04	3.016580e+02	2.097113e+01	2020	8	28	6
	2081361	233.029000	18.594000	9.910738e+04	2.434687e+01	1.082594e+05	1.078044e+05	5.782461e+04	5.656111e+04	3.014250e+02	2.034022e+01	2020	8	28	12
	2061003	232.581000	18.945500	9.929575e+04	2.752691e+01	1.084616e+05	1.079836e+05	5.805799e+04	5.671199e+04	3.012900e+02	1.808736e+01	2020	8	28	18
	2016570	231.813000	19.718800	9.908131e+04	2.590539e+01	1.082565e+05	1.077885e+05	5.785412e+04	5.659137e+04	3.010557e+02	1.762954e+01	2020	8	29	0
	2000531	231.390000	20.000000	9.920444e+04	2.685219e+01	1.084873e+05	1.079788e+05	5.806007e+04	5.676032e+04	3.009185e+02	1.636775e+01	2020	8	29	6
	1972615	230.483000	20.492100	9.911762e+04	2.620942e+01	1.082408e+05	1.078682e+05	5.787419e+04	5.668369e+04	3.006375e+02	1.542391e+01	2020	8	29	12
	1933084	229.990000	21.195100	9.946894e+04	2.609385e+01	1.084624e+05	1.079339e+05	5.807772e+04	5.699522e+04	3.002917e+02	1.116280e+01	2020	8	29	18
	1901743	229.200000	21.757500	9.955150e+04	2.319451e+01	1.083272e+05	1.078578e+05	5.791525e+04	5.707950e+04	2.999160e+02	8.983262e+00	2020	8	30	0
	1886162	228.198000	22.038700	1.000510e+05	2.161754e+01	1.084994e+05	1.079024e+05	5.807767e+04	5.754892e+04	2.997551e+02	6.480694e+00	2020	8	30	6
	1870644	227.094000	22.319900	1.000823e+05	1.896587e+01	1.082156e+05	1.075431e+05	5.782147e+04	5.743922e+04	2.994387e+02	7.245202e+00	2020	8	30	12
	1855192	226.168000	22.601100	1.004756e+05	1.769142e+01	1.084855e+05	1.075920e+05	5.803314e+04	5.774989e+04	2.991948e+02	6.909928e+00	2020	8	30	18
start	10	2020	8	28	6
	2347555	330.997000	14.165200	1.009317e+05	1.631009e+01	1.082508e+05	1.080253e+05	5.808092e+04	5.754892e+04	3.021824e+02	1.827773e+01	2020	8	28	6
	2351888	330.775000	14.094900	1.011291e+05	1.334482e+01	1.085274e+05	1.082529e+05	5.827161e+04	5.772536e+04	3.022288e+02	1.317654e+01	2020	8	28	12
	2313000	329.860000	14.727600	1.008305e+05	1.356202e+01	1.083431e+05	1.080956e+05	5.808649e+04	5.750449e+04	3.019434e+02	9.029352e+00	2020	8	28	18
	2287253	329.102000	15.149400	1.011023e+05	1.442627e+01	1.084510e+05	1.082600e+05	5.830137e+04	5.775387e+04	3.017178e+02	8.256809e+00	2020	8	29	0
	2244660	327.705000	15.852400	1.007967e+05	1.716202e+01	1.082248e+05	1.079653e+05	5.806607e+04	5.758507e+04	3.015493e+02	8.164969e+00	2020	8	29	6
	2231949	326.335000	16.063300	1.009494e+05	1.638949e+01	1.084432e+05	1.081522e+05	5.823494e+04	5.780319e+04	3.014734e+02	6.019549e+00	2020	8	29	12
	2198258	325.134000	16.625700	1.008417e+05	1.544474e+01	1.083529e+05	1.079909e+05	5.813147e+04	5.776647e+04	3.013201e+02	5.004152e+00	2020	8	29	18
	2189866	324.034000	16.766300	1.011482e+05	1.617501e+01	1.085198e+05	1.080788e+05	5.833775e+04	5.797825e+04	3.012832e+02	7.265220e+00	2020	8	30	0
	2156483	321.763000	17.328600	1.009102e+05	1.677747e+01	1.082074e+05	1.077214e+05	5.810467e+04	5.768767e+04	3.011780e+02	7.384263e+00	2020	8	30	6
	2119251	320.729000	17.961300	1.012161e+05	1.557332e+01	1.084261e+05	1.078471e+05	5.832222e+04	5.792572e+04	3.007522e+02	2.711833e+00	2020	8	30	12
start	11	2020	8	28	12
	1995486	137.117000	20.070300	9.995388e+04	1.695001e+01	1.087649e+05	1.082519e+05	5.781786e+04	5.728036e+04	3.045461e+02	2.786303e+01	2020	8	28	12
	1873575	139.742000	22.249600	9.963800e+04	1.769083e+01	1.085971e+05	1.077971e+05	5.764524e+04	5.703449e+04	3.041699e+02	3.522852e+01	2020	8	28	18
	1838914	141.710000	22.882200	9.969881e+04	2.069687e+01	1.087950e+05	1.078125e+05	5.788012e+04	5.702462e+04	3.040615e+02	3.713143e+01	2020	8	29	0
	1781858	144.343000	23.936700	9.942894e+04	2.094254e+01	1.087208e+05	1.077198e+05	5.778107e+04	5.661432e+04	3.036763e+02	2.627643e+01	2020	8	29	6
	1696102	146.775000	25.553600	9.930862e+04	2.217457e+01	1.089058e+05	1.077952e+05	5.796919e+04	5.665969e+04	3.032625e+02	2.499064e+01	2020	8	29	12
	1583843	147.944000	27.732900	9.884344e+04	2.333144e+01	1.086379e+05	1.073964e+05	5.768597e+04	5.650022e+04	3.006365e+02	2.292622e+01	2020	8	29	18
	1468561	148.810000	30.052700	9.866525e+04	2.467220e+01	1.087188e+05	1.072692e+05	5.779700e+04	5.650750e+04	2.999648e+02	1.579439e+01	2020	8	30	0
	1370852	150.000000	32.091400	9.889400e+04	2.329745e+01	1.086064e+05	1.070514e+05	5.770917e+04	5.633442e+04	3.008069e+02	1.312065e+01	2020	8	30	6
	1260571	150.416000	34.481500	9.924731e+04	2.289313e+01	1.087486e+05	1.066831e+05	5.789247e+04	5.623897e+04	3.008245e+02	1.661526e+01	2020	8	30	12
	1136747	150.756000	37.293500	9.930938e+04	2.252905e+01	1.085880e+05	1.061290e+05	5.784314e+04	5.592889e+04	3.005210e+02	1.621572e+01	2020	8	30	18
	1027914	151.883000	39.894600	9.920638e+04	2.430943e+01	1.087310e+05	1.060855e+05	5.810640e+04	5.588940e+04	2.995220e+02	8.151926e+00	2020	8	31	0
start	23	2020	8	28	18
	1904194	95.348400	21.687200	9.968050e+04	9.610646e+00	1.089991e+05	1.084851e+05	5.778374e+04	5.707999e+04	-9.000000e+33	3.930192e+01	2020	8	28	18
	1861497	94.849700	22.460500	9.973781e+04	8.406598e+00	1.088790e+05	1.083885e+05	5.771362e+04	5.706287e+04	-9.000000e+33	3.205301e+01	2020	8	29	0
	1838381	91.689300	22.882200	9.905219e+04	1.449489e+01	1.091438e+05	1.083753e+05	5.786457e+04	5.669407e+04	3.036216e+02	2.636686e+01	2020	8	29	6
	1823069	91.319400	23.163400	9.918112e+04	1.213844e+01	1.091002e+05	1.085382e+05	5.772944e+04	5.700519e+04	3.038347e+02	2.918520e+01	2020	8	29	12
	1804013	90.284200	23.514900	9.943294e+04	1.280272e+01	1.091239e+05	1.085674e+05	5.777472e+04	5.711522e+04	3.039265e+02	4.342147e+01	2020	8	29	18
	1781279	89.141900	23.936700	9.937050e+04	8.365243e+00	1.089522e+05	1.084252e+05	5.772400e+04	5.696375e+04	3.033594e+02	3.239419e+01	2020	8	30	0
	1788822	87.716700	23.796100	9.918275e+04	9.226030e+00	1.091094e+05	1.085709e+05	5.781267e+04	5.701692e+04	3.038625e+02	2.188300e+01	2020	8	30	6
	1796387	86.867100	23.655500	9.918031e+04	8.999519e+00	1.090451e+05	1.084821e+05	5.762622e+04	5.702447e+04	-9.000000e+33	1.743761e+01	2020	8	30	12
	1792593	86.388600	23.725800	9.937962e+04	8.822245e+00	1.090715e+05	1.085355e+05	5.773264e+04	5.710739e+04	-9.000000e+33	2.802359e+01	2020	8	30	18
	1766173	85.500000	24.217900	9.951012e+04	7.383016e+00	1.088955e+05	1.083720e+05	5.767840e+04	5.700740e+04	-9.000000e+33	1.628053e+01	2020	8	31	0
	1754906	84.717200	24.428800	9.958725e+04	9.807229e+00	1.091415e+05	1.085895e+05	5.780276e+04	5.722176e+04	-9.000000e+33	2.202553e+01	2020	8	31	6
	1725049	83.799800	24.991200	9.937744e+04	7.188101e+00	1.091541e+05	1.085616e+05	5.766479e+04	5.710779e+04	-9.000000e+33	2.054552e+01	2020	8	31	12
	1728748	82.064500	24.920900	9.961906e+04	7.425488e+00	1.091419e+05	1.086269e+05	5.784611e+04	5.724986e+04	-9.000000e+33	2.270780e+01	2020	8	31	18
	1743644	80.942200	24.639700	9.949012e+04	8.612575e+00	1.089692e+05	1.084242e+05	5.768337e+04	5.707212e+04	-9.000000e+33	2.013830e+01	2020	9	1	0
	1769875	79.861800	24.147600	9.965944e+04	1.018259e+01	1.091949e+05	1.086579e+05	5.776823e+04	5.721223e+04	-9.000000e+33	2.289977e+01	2020	9	1	6
	1743642	80.749500	24.639700	9.939156e+04	8.776612e+00	1.092114e+05	1.085489e+05	5.770432e+04	5.715432e+04	-9.000000e+33	1.620219e+01	2020	9	1	12
	1710187	80.464900	25.272400	9.967825e+04	9.352015e+00	1.092079e+05	1.086804e+05	5.790144e+04	5.731519e+04	-9.000000e+33	1.527243e+01	2020	9	1	18
	1699106	80.238600	25.483300	9.961975e+04	8.003292e+00	1.090628e+05	1.084688e+05	5.775467e+04	5.719042e+04	-9.000000e+33	1.323975e+01	2020	9	2	0
	1666077	79.353800	26.116000	9.986350e+04	9.136423e+00	1.093342e+05	1.087657e+05	5.797625e+04	5.746575e+04	-9.000000e+33	1.807070e+01	2020	9	2	6
	1640606	78.079500	26.608100	9.964619e+04	7.740875e+00	1.092459e+05	1.086584e+05	5.774599e+04	5.732474e+04	-9.000000e+33	1.036582e+01	2020	9	2	12
	1651488	77.623800	26.397200	9.993938e+04	5.665635e+00	1.092903e+05	1.087568e+05	5.788016e+04	5.752291e+04	-9.000000e+33	1.489471e+01	2020	9	2	18
	1658754	76.465400	26.256600	9.989419e+04	5.465989e+00	1.090708e+05	1.084828e+05	5.774295e+04	5.736770e+04	-9.000000e+33	1.405670e+01	2020	9	3	0
	1640582	75.695400	26.608100	1.000670e+05	7.786685e+00	1.093612e+05	1.087952e+05	5.798198e+04	5.761823e+04	-9.000000e+33	1.269513e+01	2020	9	3	6
start	10	2020	9	1	6
	2007387	127.814000	19.859400	9.990819e+04	1.203855e+01	1.084899e+05	1.080809e+05	5.762348e+04	5.720098e+04	3.042463e+02	2.599803e+01	2020	9	1	6
	1967510	127.560000	20.562400	1.000596e+05	8.790741e+00	1.086834e+05	1.082319e+05	5.774132e+04	5.731082e+04	3.041721e+02	2.458435e+01	2020	9	1	12
	1995381	127.658000	20.070300	9.987250e+04	1.162787e+01	1.085019e+05	1.081744e+05	5.758694e+04	5.712844e+04	3.041169e+02	2.413708e+01	2020	9	1	18
	1951665	126.893000	20.843600	1.000365e+05	1.133349e+01	1.086678e+05	1.082353e+05	5.774692e+04	5.719742e+04	3.040671e+02	1.410985e+01	2020	9	2	0
	1935893	127.043000	21.124800	9.985300e+04	1.168331e+01	1.086517e+05	1.082822e+05	5.768925e+04	5.711050e+04	3.042141e+02	1.130268e+01	2020	9	2	6
	1881184	126.557000	22.109000	1.000432e+05	1.404447e+01	1.089804e+05	1.084724e+05	5.796749e+04	5.733074e+04	3.041348e+02	1.073103e+01	2020	9	2	12
	1857952	123.983000	22.530800	9.995388e+04	1.411210e+01	1.088713e+05	1.083278e+05	5.784441e+04	5.730691e+04	3.041829e+02	1.149992e+01	2020	9	2	18
	1804353	122.495000	23.514900	1.000502e+05	1.368984e+01	1.090523e+05	1.083963e+05	5.801295e+04	5.741520e+04	3.041526e+02	9.803405e+00	2020	9	3	0
	1744052	120.257000	24.639700	9.994800e+04	1.433056e+01	1.090292e+05	1.084938e+05	5.799998e+04	5.734148e+04	3.050681e+02	9.277810e+00	2020	9	3	6
	1751516	118.846000	24.499100	1.001040e+05	1.367026e+01	1.091784e+05	1.086274e+05	5.809343e+04	5.748568e+04	3.044878e+02	8.084988e+00	2020	9	3	12
start	49	2020	9	1	18
	2280792	144.944000	15.219700	1.001412e+05	1.337284e+01	1.085494e+05	1.083084e+05	5.768944e+04	5.722419e+04	3.036736e+02	3.830391e+01	2020	9	1	18
	2234038	144.238000	15.993000	1.002872e+05	1.298637e+01	1.087208e+05	1.085018e+05	5.786567e+04	5.740067e+04	3.036541e+02	3.281207e+01	2020	9	2	0
	2221364	143.454000	16.203900	9.995400e+04	1.339075e+01	1.085757e+05	1.082872e+05	5.773250e+04	5.716100e+04	3.037795e+02	3.430548e+01	2020	9	2	6
	2204529	143.057000	16.485100	1.000687e+05	1.561995e+01	1.087209e+05	1.083934e+05	5.789499e+04	5.729349e+04	3.036992e+02	3.627939e+01	2020	9	2	12
	2171052	142.342000	17.047500	9.974612e+04	1.741142e+01	1.085603e+05	1.081668e+05	5.775416e+04	5.706591e+04	3.037776e+02	3.458429e+01	2020	9	2	18
	2146107	141.342000	17.469200	9.986719e+04	1.635263e+01	1.087628e+05	1.084053e+05	5.791945e+04	5.717420e+04	3.038176e+02	3.740197e+01	2020	9	3	0
	2141959	140.783000	17.539500	9.951100e+04	1.574932e+01	1.086478e+05	1.081698e+05	5.776823e+04	5.686998e+04	3.038865e+02	4.175446e+01	2020	9	3	6
	2121307	140.417000	17.891000	9.952800e+04	1.703839e+01	1.087664e+05	1.083554e+05	5.791568e+04	5.691593e+04	3.038813e+02	4.422999e+01	2020	9	3	12
	2092565	140.147000	18.383100	9.909456e+04	1.876088e+01	1.085735e+05	1.081160e+05	5.772708e+04	5.658683e+04	3.039541e+02	4.667630e+01	2020	9	3	18
	2076227	139.814000	18.664300	9.904512e+04	2.052974e+01	1.086749e+05	1.081499e+05	5.785936e+04	5.665061e+04	3.039919e+02	4.856321e+01	2020	9	4	0
	2047797	139.891000	19.156400	9.857369e+04	2.230234e+01	1.085899e+05	1.078559e+05	5.767251e+04	5.618426e+04	3.040146e+02	5.037413e+01	2020	9	4	6
	2019562	139.881000	19.648500	9.848150e+04	2.219859e+01	1.086556e+05	1.077711e+05	5.777396e+04	5.609946e+04	3.039434e+02	5.322488e+01	2020	9	4	12
	1975592	140.161000	20.421800	9.804425e+04	2.340387e+01	1.084749e+05	1.074669e+05	5.753988e+04	5.575612e+04	3.038662e+02	5.312823e+01	2020	9	4	18
	1924248	140.183000	21.335700	9.800281e+04	2.333504e+01	1.085865e+05	1.075160e+05	5.760795e+04	5.573220e+04	3.036785e+02	5.156983e+01	2020	9	5	0
	1865846	140.311000	22.390200	9.764412e+04	2.357860e+01	1.084732e+05	1.072022e+05	5.749684e+04	5.539984e+04	3.036763e+02	5.639046e+01	2020	9	5	6
	1823589	140.325000	23.163400	9.756250e+04	2.414006e+01	1.086383e+05	1.073273e+05	5.764122e+04	5.549222e+04	3.034695e+02	5.290148e+01	2020	9	5	12
	1770502	139.830000	24.147600	9.732338e+04	2.261343e+01	1.084672e+05	1.071948e+05	5.735549e+04	5.535649e+04	3.031279e+02	4.818138e+01	2020	9	5	18
	1733065	139.689000	24.850600	9.747644e+04	2.183803e+01	1.086068e+05	1.073983e+05	5.745944e+04	5.552719e+04	3.029202e+02	3.833268e+01	2020	9	6	0
	1703402	139.437000	25.413000	9.725888e+04	2.173390e+01	1.085018e+05	1.073382e+05	5.727848e+04	5.537698e+04	3.027058e+02	3.222248e+01	2020	9	6	6
	1681324	139.368000	25.834800	9.740450e+04	2.237255e+01	1.086454e+05	1.075074e+05	5.739037e+04	5.553337e+04	3.025835e+02	2.329011e+01	2020	9	6	12
	1644851	139.614000	26.537800	9.734394e+04	2.100285e+01	1.085441e+05	1.074766e+05	5.732140e+04	5.546240e+04	3.023589e+02	2.495712e+01	2020	9	6	18
	1626763	139.590000	26.889300	9.753175e+04	2.254841e+01	1.086885e+05	1.076815e+05	5.752179e+04	5.567329e+04	3.020891e+02	2.104065e+01	2020	9	7	0
	1612363	139.410000	27.170500	9.738300e+04	2.200688e+01	1.087188e+05	1.076158e+05	5.744918e+04	5.555768e+04	3.018860e+02	1.959217e+01	2020	9	7	6
	1598024	138.926000	27.451700	9.755975e+04	2.428898e+01	1.089114e+05	1.077444e+05	5.762974e+04	5.572449e+04	3.016602e+02	2.315320e+01	2020	9	7	12
	1587309	138.283000	27.662600	9.740488e+04	2.269953e+01	1.087242e+05	1.076142e+05	5.753523e+04	5.558573e+04	3.016562e+02	2.542822e+01	2020	9	7	18
	1598007	137.215000	27.451700	9.750362e+04	2.398378e+01	1.087879e+05	1.077099e+05	5.759347e+04	5.569697e+04	3.019158e+02	2.479883e+01	2020	9	8	0
	1594425	136.361000	27.522000	9.724650e+04	2.331971e+01	1.087003e+05	1.075718e+05	5.751452e+04	5.552702e+04	3.018860e+02	2.746111e+01	2020	9	8	6
	1601567	135.453000	27.381400	9.731006e+04	2.503629e+01	1.087998e+05	1.077013e+05	5.761078e+04	5.558803e+04	3.023081e+02	3.252767e+01	2020	9	8	12
	1619508	134.800000	27.029900	9.710644e+04	2.580205e+01	1.084841e+05	1.075246e+05	5.736466e+04	5.539091e+04	3.024407e+02	3.152753e+01	2020	9	8	18
	1612309	133.998000	27.170500	9.719219e+04	2.465600e+01	1.085499e+05	1.075889e+05	5.741733e+04	5.546658e+04	3.029800e+02	3.091445e+01	2020	9	9	0
	1590831	133.890000	27.592300	9.697012e+04	2.590822e+01	1.084369e+05	1.074884e+05	5.731398e+04	5.526748e+04	3.029297e+02	3.447038e+01	2020	9	9	6
	1555345	132.755000	28.295300	9.702894e+04	2.900615e+01	1.085324e+05	1.075609e+05	5.745744e+04	5.537694e+04	3.028394e+02	3.690385e+01	2020	9	9	12
	1516786	132.882000	29.068500	9.692412e+04	2.617357e+01	1.083867e+05	1.073927e+05	5.733853e+04	5.523578e+04	3.027554e+02	3.423625e+01	2020	9	9	18
	1537759	132.896000	28.646700	9.705931e+04	2.582874e+01	1.085283e+05	1.075508e+05	5.748347e+04	5.537947e+04	3.026660e+02	3.706673e+01	2020	9	10	0
	1495958	132.971000	29.490300	9.703362e+04	2.577303e+01	1.084861e+05	1.075031e+05	5.734028e+04	5.531153e+04	3.028359e+02	4.415051e+01	2020	9	10	6
	1430949	132.872000	30.826000	9.703719e+04	2.805153e+01	1.085758e+05	1.076008e+05	5.744653e+04	5.543128e+04	3.028738e+02	4.133840e+01	2020	9	10	12
	1387312	133.974000	31.739900	9.707650e+04	2.468044e+01	1.084191e+05	1.074431e+05	5.734409e+04	5.537909e+04	3.024946e+02	3.928671e+01	2020	9	10	18
	1337790	134.010000	32.794400	9.744544e+04	2.553100e+01	1.085554e+05	1.074394e+05	5.736736e+04	5.562161e+04	3.029814e+02	3.647012e+01	2020	9	11	0
	1295609	135.168000	33.708300	9.766981e+04	2.430176e+01	1.084607e+05	1.071627e+05	5.732269e+04	5.582369e+04	3.032065e+02	3.443740e+01	2020	9	11	6
	1276376	136.521000	34.130100	9.807438e+04	2.252061e+01	1.086580e+05	1.069785e+05	5.759239e+04	5.625639e+04	3.031523e+02	2.494630e+01	2020	9	11	12
	1124619	139.080000	37.574700	9.817506e+04	1.980761e+01	1.083888e+05	1.060662e+05	5.719212e+04	5.586162e+04	3.010840e+02	3.848917e+01	2020	9	11	18
	1033563	140.070000	39.754000	9.812638e+04	2.006585e+01	1.084102e+05	1.054488e+05	5.707127e+04	5.562102e+04	3.007600e+02	4.479026e+01	2020	9	12	0
	957391	141.373000	41.652000	9.761700e+04	2.106529e+01	1.082628e+05	1.050118e+05	5.677305e+04	5.536480e+04	2.999397e+02	4.791421e+01	2020	9	12	6
	910943	144.400000	42.847100	9.763775e+04	2.360838e+01	1.082702e+05	1.049802e+05	5.693821e+04	5.494696e+04	2.960427e+02	4.105726e+01	2020	9	12	12
	847318	146.267000	44.534300	9.739856e+04	2.253653e+01	1.078970e+05	1.042670e+05	5.658641e+04	5.447466e+04	2.910796e+02	2.425369e+01	2020	9	12	18
	844719	146.631000	44.604600	9.728706e+04	2.667700e+01	1.079464e+05	1.037379e+05	5.662856e+04	5.405831e+04	2.910803e+02	1.166869e+01	2020	9	13	0
	824076	150.280000	45.167000	9.733094e+04	2.578103e+01	1.079965e+05	1.036170e+05	5.670027e+04	5.389002e+04	2.910698e+02	7.505826e+00	2020	9	13	6
	803680	152.744000	45.729300	9.758888e+04	2.331386e+01	1.079243e+05	1.030578e+05	5.667139e+04	5.389939e+04	2.928867e+02	4.087346e+00	2020	9	13	12
	808785	156.368000	45.588800	9.786681e+04	2.269722e+01	1.078224e+05	1.026009e+05	5.671887e+04	5.376587e+04	2.938171e+02	3.121865e+00	2020	9	13	18
start	30	2020	9	2	12
	1873821	162.614000	22.249600	1.006262e+05	1.450034e+01	1.086449e+05	1.082514e+05	5.809624e+04	5.756699e+04	3.040645e+02	2.718612e+01	2020	9	2	12
	1877681	161.331000	22.179300	1.004701e+05	1.304218e+01	1.085468e+05	1.080508e+05	5.799341e+04	5.743516e+04	3.036584e+02	2.444706e+01	2020	9	2	18
	1908812	161.024000	21.616900	1.005612e+05	1.243006e+01	1.086138e+05	1.081163e+05	5.802270e+04	5.754495e+04	3.038850e+02	2.156078e+01	2020	9	3	0
	1908817	161.484000	21.616900	1.003390e+05	1.251430e+01	1.085252e+05	1.079692e+05	5.786723e+04	5.746323e+04	3.046873e+02	1.977729e+01	2020	9	3	6
	1901017	162.185000	21.757500	1.004362e+05	1.218994e+01	1.086439e+05	1.082209e+05	5.797893e+04	5.754843e+04	3.038384e+02	2.663919e+01	2020	9	3	12
	1850656	162.037000	22.671400	1.002318e+05	1.227646e+01	1.084140e+05	1.080440e+05	5.781858e+04	5.732408e+04	3.036172e+02	2.204204e+01	2020	9	3	18
	1850652	161.663000	22.671400	1.002354e+05	1.202797e+01	1.085189e+05	1.081004e+05	5.788461e+04	5.736886e+04	3.036863e+02	2.129963e+01	2020	9	4	0
	1881564	161.814000	22.109000	1.000139e+05	1.172876e+01	1.084264e+05	1.079659e+05	5.779326e+04	5.718976e+04	3.037979e+02	2.179969e+01	2020	9	4	6
	1850661	162.505000	22.671400	1.001082e+05	1.406304e+01	1.085006e+05	1.080666e+05	5.792246e+04	5.724771e+04	3.035811e+02	2.920759e+01	2020	9	4	12
	1823824	162.471000	23.163400	9.982875e+04	1.351683e+01	1.083239e+05	1.078314e+05	5.772088e+04	5.705962e+04	3.035049e+02	2.602588e+01	2020	9	4	18
	1808580	162.776000	23.444600	9.985131e+04	1.384667e+01	1.083965e+05	1.080200e+05	5.781495e+04	5.708245e+04	3.033787e+02	2.099619e+01	2020	9	5	0
	1804774	162.379000	23.514900	9.962912e+04	1.381736e+01	1.082912e+05	1.079788e+05	5.767984e+04	5.689334e+04	3.033970e+02	1.918412e+01	2020	9	5	6
	1782049	162.553000	23.936700	9.973750e+04	1.514108e+01	1.084543e+05	1.081518e+05	5.780872e+04	5.701197e+04	3.030710e+02	2.342690e+01	2020	9	5	12
	1766976	162.383000	24.217900	9.956338e+04	1.517242e+01	1.083458e+05	1.079612e+05	5.766999e+04	5.689924e+04	3.029248e+02	2.160083e+01	2020	9	5	18
	1748233	162.963000	24.569400	9.959969e+04	1.681679e+01	1.084613e+05	1.080698e+05	5.781169e+04	5.695944e+04	3.026262e+02	2.116433e+01	2020	9	6	0
	1703648	163.424000	25.413000	9.935662e+04	1.998210e+01	1.083818e+05	1.079218e+05	5.774023e+04	5.671098e+04	3.021541e+02	2.860721e+01	2020	9	6	6
	1663276	163.026000	26.186300	9.920450e+04	2.477389e+01	1.084629e+05	1.078779e+05	5.776337e+04	5.659962e+04	3.019907e+02	3.569689e+01	2020	9	6	12
	1630612	163.455000	26.819000	9.892319e+04	2.697971e+01	1.082876e+05	1.077531e+05	5.770115e+04	5.647590e+04	3.015376e+02	2.869892e+01	2020	9	6	18
	1594693	163.371000	27.522000	9.903475e+04	2.221186e+01	1.083945e+05	1.078905e+05	5.783804e+04	5.653804e+04	3.014749e+02	1.635893e+01	2020	9	7	0
	1552115	162.940000	28.365600	9.908875e+04	2.191518e+01	1.085062e+05	1.078292e+05	5.785443e+04	5.656968e+04	3.013118e+02	9.754109e+00	2020	9	7	6
	1513581	161.483000	29.138800	9.938050e+04	2.009289e+01	1.088159e+05	1.079204e+05	5.804874e+04	5.683474e+04	3.013057e+02	1.198188e+01	2020	9	7	12
	1499685	160.566000	29.420000	9.930862e+04	2.412421e+01	1.087242e+05	1.076892e+05	5.801898e+04	5.677173e+04	3.011797e+02	1.168166e+01	2020	9	7	18
	1454980	159.109000	30.333900	9.949712e+04	2.074232e+01	1.089604e+05	1.078424e+05	5.819822e+04	5.700322e+04	3.008845e+02	5.735072e+00	2020	9	8	0
	1424424	157.820000	30.966600	9.956125e+04	1.862105e+01	1.089668e+05	1.078248e+05	5.817527e+04	5.700002e+04	3.007161e+02	7.018084e+00	2020	9	8	6
	1370916	156.957000	32.091400	9.979231e+04	2.118631e+01	1.090753e+05	1.081213e+05	5.824778e+04	5.723928e+04	3.006704e+02	5.828862e+00	2020	9	8	12
	1334721	156.095000	32.864700	9.987569e+04	1.663245e+01	1.089446e+05	1.081261e+05	5.814616e+04	5.730616e+04	3.006614e+02	5.779966e+00	2020	9	8	18
	1286149	155.424000	33.919200	1.001534e+05	1.606569e+01	1.089994e+05	1.084819e+05	5.824683e+04	5.759983e+04	3.009438e+02	4.826343e+00	2020	9	9	0
	1266975	155.465000	34.340900	1.001064e+05	1.622126e+01	1.089479e+05	1.084429e+05	5.814998e+04	5.757323e+04	3.014658e+02	2.883245e+00	2020	9	9	6
	1222799	155.946000	35.325100	1.003749e+05	1.557956e+01	1.089819e+05	1.085064e+05	5.826494e+04	5.780494e+04	3.010327e+02	3.865247e+00	2020	9	9	12
	1182482	156.593000	36.239000	1.004274e+05	1.616781e+01	1.087917e+05	1.080877e+05	5.817253e+04	5.751303e+04	3.009487e+02	4.934540e+00	2020	9	9	18
start	65	2020	9	7	0
	2311264	184.521000	14.727600	1.007785e+05	1.275136e+01	1.083715e+05	1.080410e+05	5.801654e+04	5.759829e+04	3.039797e+02	1.516166e+01	2020	9	7	0
	2285529	183.957000	15.149400	1.007652e+05	1.268926e+01	1.083572e+05	1.079872e+05	5.803993e+04	5.763443e+04	3.037756e+02	1.245917e+01	2020	9	7	6
	2259936	183.217000	15.571200	1.008230e+05	1.381889e+01	1.083414e+05	1.080259e+05	5.807649e+04	5.777549e+04	3.033730e+02	2.056226e+01	2020	9	7	12
	2238717	182.467000	15.922700	1.007196e+05	1.256044e+01	1.083618e+05	1.079062e+05	5.802548e+04	5.768248e+04	3.032998e+02	2.264668e+01	2020	9	7	18
	2234483	182.129000	15.993000	1.007304e+05	1.356897e+01	1.083704e+05	1.079994e+05	5.804622e+04	5.772397e+04	3.036404e+02	1.763146e+01	2020	9	8	0
	2234477	181.618000	15.993000	1.006435e+05	1.340351e+01	1.083408e+05	1.079793e+05	5.797777e+04	5.766877e+04	3.036653e+02	1.839715e+01	2020	9	8	6
	2226021	180.938000	16.133600	1.006383e+05	1.316476e+01	1.083523e+05	1.080333e+05	5.802428e+04	5.768253e+04	3.034995e+02	2.255596e+01	2020	9	8	12
	2247166	180.509000	15.782100	1.005179e+05	1.342118e+01	1.082051e+05	1.079381e+05	5.787491e+04	5.757041e+04	3.034631e+02	1.803133e+01	2020	9	8	18
	2259896	179.831000	15.571200	1.004792e+05	1.382276e+01	1.082899e+05	1.080849e+05	5.794458e+04	5.758383e+04	3.035103e+02	1.637448e+01	2020	9	9	0
	2264151	179.915000	15.500900	1.003326e+05	1.418357e+01	1.082289e+05	1.080594e+05	5.778673e+04	5.742498e+04	3.034863e+02	1.675956e+01	2020	9	9	6
	2289755	179.579000	15.079100	1.003502e+05	1.367549e+01	1.082894e+05	1.080994e+05	5.787219e+04	5.745619e+04	3.034771e+02	2.419497e+01	2020	9	9	12
	2289753	179.411000	15.079100	1.002421e+05	1.363071e+01	1.082302e+05	1.080392e+05	5.779228e+04	5.731728e+04	3.034360e+02	2.131672e+01	2020	9	9	18
	2294035	179.412000	15.008800	1.002103e+05	1.352366e+01	1.083268e+05	1.080528e+05	5.781797e+04	5.723097e+04	3.034336e+02	1.957577e+01	2020	9	10	0
	2285477	179.579000	15.149400	1.000569e+05	1.394161e+01	1.082571e+05	1.079196e+05	5.774778e+04	5.699728e+04	3.034092e+02	2.358846e+01	2020	9	10	6
	2268406	179.662000	15.430600	9.995669e+04	1.528085e+01	1.083148e+05	1.077688e+05	5.777178e+04	5.687003e+04	3.033406e+02	2.817875e+01	2020	9	10	12
	2272666	179.493000	15.360300	9.962950e+04	1.782799e+01	1.081856e+05	1.076151e+05	5.775584e+04	5.664259e+04	3.033159e+02	2.687938e+01	2020	9	10	18
	2259892	179.492000	15.571200	9.946344e+04	1.653942e+01	1.083059e+05	1.076479e+05	5.775361e+04	5.650361e+04	3.033027e+02	2.978269e+01	2020	9	11	0
	2251395	179.406000	15.711800	9.928731e+04	1.829505e+01	1.083062e+05	1.076632e+05	5.774669e+04	5.636994e+04	3.032700e+02	3.444065e+01	2020	9	11	6
	2242910	178.980000	15.852400	9.921988e+04	1.982375e+01	1.083750e+05	1.077985e+05	5.780614e+04	5.642914e+04	3.032803e+02	3.266462e+01	2020	9	11	12
	2242905	178.555000	15.852400	9.899731e+04	1.965298e+01	1.083262e+05	1.077768e+05	5.777862e+04	5.635212e+04	3.032842e+02	2.769112e+01	2020	9	11	18
	2234438	178.297000	15.993000	9.887362e+04	2.074358e+01	1.084482e+05	1.077668e+05	5.784102e+04	5.629352e+04	3.032737e+02	3.295895e+01	2020	9	12	0
	2230207	177.869000	16.063300	9.864300e+04	2.149516e+01	1.084583e+05	1.076493e+05	5.783980e+04	5.616930e+04	3.033030e+02	3.473329e+01	2020	9	12	6
	2225978	177.270000	16.133600	9.849750e+04	2.285093e+01	1.085558e+05	1.076438e+05	5.789871e+04	5.605196e+04	3.032947e+02	3.315915e+01	2020	9	12	12
	2225972	176.758000	16.133600	9.816381e+04	2.474208e+01	1.084390e+05	1.075390e+05	5.785916e+04	5.589866e+04	3.032710e+02	3.301776e+01	2020	9	12	18
	2225965	176.161000	16.133600	9.799506e+04	2.490658e+01	1.085494e+05	1.075339e+05	5.792131e+04	5.579206e+04	3.032766e+02	4.107484e+01	2020	9	13	0
	2221742	175.731000	16.203900	9.755844e+04	2.579104e+01	1.085710e+05	1.073115e+05	5.788577e+04	5.547152e+04	3.032192e+02	4.067893e+01	2020	9	13	6
	2217521	175.128000	16.274200	9.729888e+04	2.862044e+01	1.085918e+05	1.072698e+05	5.788689e+04	5.533289e+04	3.031562e+02	4.236538e+01	2020	9	13	12
	2196504	174.504000	16.625700	9.700531e+04	3.009504e+01	1.084239e+05	1.070574e+05	5.781137e+04	5.508987e+04	3.031433e+02	4.170502e+01	2020	9	13	18
	2179758	173.621000	16.906900	9.681506e+04	2.936020e+01	1.085940e+05	1.071195e+05	5.782489e+04	5.503389e+04	3.032395e+02	4.579936e+01	2020	9	14	0
	2146471	172.963000	17.469200	9.628331e+04	3.092477e+01	1.085941e+05	1.068736e+05	5.776746e+04	5.466121e+04	3.032837e+02	4.847143e+01	2020	9	14	6
	2117552	172.128000	17.961300	9.609456e+04	3.322823e+01	1.086217e+05	1.068527e+05	5.784902e+04	5.459177e+04	3.032610e+02	4.874345e+01	2020	9	14	12
	2088831	171.458000	18.453400	9.588000e+04	3.278830e+01	1.085361e+05	1.067556e+05	5.780045e+04	5.443970e+04	3.031885e+02	4.840183e+01	2020	9	14	18
	2052194	170.760000	19.086100	9.565594e+04	3.521764e+01	1.086158e+05	1.067118e+05	5.787704e+04	5.432129e+04	3.030234e+02	4.637726e+01	2020	9	15	0
	2019898	169.970000	19.648500	9.543069e+04	3.647471e+01	1.085662e+05	1.065097e+05	5.786449e+04	5.412424e+04	3.031140e+02	4.188681e+01	2020	9	15	6
	1987860	169.348000	20.210900	9.542281e+04	4.064990e+01	1.086638e+05	1.066238e+05	5.790332e+04	5.416057e+04	3.030952e+02	4.495722e+01	2020	9	15	12
	1963996	168.557000	20.632700	9.529475e+04	3.826261e+01	1.086009e+05	1.065734e+05	5.777294e+04	5.404894e+04	3.030093e+02	4.774317e+01	2020	9	15	18
	1940274	167.574000	21.054500	9.523162e+04	4.128232e+01	1.086832e+05	1.066012e+05	5.783901e+04	5.401701e+04	3.028115e+02	4.553282e+01	2020	9	16	0
	1916699	166.854000	21.476300	9.491081e+04	4.529932e+01	1.087022e+05	1.064318e+05	5.783262e+04	5.377187e+04	3.025159e+02	4.079374e+01	2020	9	16	6
	1908864	165.814000	21.616900	9.505650e+04	4.582892e+01	1.087382e+05	1.065142e+05	5.787996e+04	5.388796e+04	3.025715e+02	4.303696e+01	2020	9	16	12
	1881591	164.320000	22.109000	9.509588e+04	3.836551e+01	1.087268e+05	1.064412e+05	5.778298e+04	5.392898e+04	3.027791e+02	3.950637e+01	2020	9	16	18
	1858375	163.475000	22.530800	9.531012e+04	4.020959e+01	1.088144e+05	1.066499e+05	5.794530e+04	5.405930e+04	3.025850e+02	3.840709e+01	2020	9	17	0
	1839130	161.981000	22.882200	9.534338e+04	3.607743e+01	1.087381e+05	1.065146e+05	5.781079e+04	5.403304e+04	3.027051e+02	3.656957e+01	2020	9	17	6
	1819991	161.038000	23.233700	9.572862e+04	3.266885e+01	1.087942e+05	1.067037e+05	5.788744e+04	5.433919e+04	3.026892e+02	3.741991e+01	2020	9	17	12
	1808551	160.032000	23.444600	9.594950e+04	3.026000e+01	1.086125e+05	1.067790e+05	5.768220e+04	5.449870e+04	3.025291e+02	3.311783e+01	2020	9	17	18
	1789575	159.355000	23.796100	9.639819e+04	3.052718e+01	1.086347e+05	1.070852e+05	5.783128e+04	5.486228e+04	3.020542e+02	3.208366e+01	2020	9	18	0
	1759423	158.412000	24.358500	9.634581e+04	3.197644e+01	1.085086e+05	1.070071e+05	5.770540e+04	5.480865e+04	3.019565e+02	3.481105e+01	2020	9	18	6
	1740705	157.524000	24.710000	9.662669e+04	3.322289e+01	1.086052e+05	1.071558e+05	5.780918e+04	5.504518e+04	3.017903e+02	3.245884e+01	2020	9	18	12
	1725801	156.652000	24.991200	9.670850e+04	3.391650e+01	1.084274e+05	1.071104e+05	5.765338e+04	5.509263e+04	3.016917e+02	3.001957e+01	2020	9	18	18
	1699879	155.694000	25.483300	9.697775e+04	3.143727e+01	1.085889e+05	1.074029e+05	5.775795e+04	5.535045e+04	3.017273e+02	3.391992e+01	2020	9	19	0
	1677819	155.142000	25.905100	9.672156e+04	2.999387e+01	1.084410e+05	1.072530e+05	5.758703e+04	5.512728e+04	3.014270e+02	2.940379e+01	2020	9	19	6
	1663188	154.342000	26.186300	9.694994e+04	2.858324e+01	1.084913e+05	1.074063e+05	5.764719e+04	5.528219e+04	3.013213e+02	2.624096e+01	2020	9	19	12
	1637748	153.945000	26.678400	9.687700e+04	2.722171e+01	1.083852e+05	1.073367e+05	5.749396e+04	5.525196e+04	3.011934e+02	2.334590e+01	2020	9	19	18
	1598172	153.826000	27.451700	9.714488e+04	2.769999e+01	1.085424e+05	1.076504e+05	5.768810e+04	5.549885e+04	3.010022e+02	2.650591e+01	2020	9	20	0
	1559078	153.499000	28.225000	9.712681e+04	2.851203e+01	1.084685e+05	1.075845e+05	5.762385e+04	5.542810e+04	3.008098e+02	2.601782e+01	2020	9	20	6
	1506551	153.353000	29.279400	9.736306e+04	2.682563e+01	1.085923e+05	1.077443e+05	5.773263e+04	5.564713e+04	3.004929e+02	2.292786e+01	2020	9	20	12
	1461759	153.579000	30.193300	9.749800e+04	2.757673e+01	1.084631e+05	1.077191e+05	5.767511e+04	5.571486e+04	3.002283e+02	2.219109e+01	2020	9	20	18
	1387493	153.529000	31.739900	9.782819e+04	2.859385e+01	1.086373e+05	1.075303e+05	5.774471e+04	5.597821e+04	3.004221e+02	2.238008e+01	2020	9	21	0
	1328180	154.601000	33.005300	9.797169e+04	2.824944e+01	1.085338e+05	1.074472e+05	5.783895e+04	5.606845e+04	3.007114e+02	2.733309e+01	2020	9	21	6
	1241632	155.330000	34.903300	9.800219e+04	2.758668e+01	1.085639e+05	1.069369e+05	5.800878e+04	5.602478e+04	3.006289e+02	2.865164e+01	2020	9	21	12
	1121771	157.049000	37.645000	9.788006e+04	2.774509e+01	1.084783e+05	1.059628e+05	5.781353e+04	5.591878e+04	2.994917e+02	3.603896e+01	2020	9	21	18
	1010839	159.367000	40.316300	9.767838e+04	2.962624e+01	1.085513e+05	1.049618e+05	5.787023e+04	5.532698e+04	2.975938e+02	3.373721e+01	2020	9	22	0
	905694	163.418000	42.987700	9.761131e+04	3.208410e+01	1.084049e+05	1.041359e+05	5.781757e+04	5.463457e+04	2.951550e+02	2.348616e+01	2020	9	22	6
	813965	168.292000	45.448200	9.784456e+04	2.737162e+01	1.081957e+05	1.031887e+05	5.766038e+04	5.401212e+04	2.892097e+02	1.489985e+01	2020	9	22	12
	703216	173.626000	48.611600	9.758019e+04	2.672282e+01	1.075742e+05	1.017362e+05	5.701258e+04	5.319008e+04	2.873223e+02	1.667159e+01	2020	9	22	18
	596179	177.857000	51.915600	9.695488e+04	2.568955e+01	1.065894e+05	1.004534e+05	5.596991e+04	5.263266e+04	2.846990e+02	1.965223e+01	2020	9	23	0
start	43	2020	9	7	6
	2023309	115.318000	19.578200	9.990450e+04	1.303310e+01	1.086858e+05	1.083218e+05	5.773293e+04	5.709293e+04	3.048704e+02	2.100077e+01	2020	9	7	6
	1991245	114.800000	20.140600	9.991000e+04	1.168079e+01	1.087489e+05	1.084639e+05	5.782299e+04	5.720074e+04	3.044492e+02	2.094926e+01	2020	9	7	12
	2003232	114.366000	19.929700	9.976162e+04	1.327237e+01	1.086322e+05	1.083878e+05	5.774498e+04	5.714023e+04	3.041758e+02	3.163836e+01	2020	9	7	18
	2019275	114.179000	19.648500	9.973762e+04	1.579130e+01	1.086454e+05	1.083584e+05	5.776647e+04	5.712422e+04	3.041394e+02	3.187070e+01	2020	9	8	0
	1983271	114.849000	20.281200	9.949875e+04	1.694532e+01	1.086293e+05	1.083513e+05	5.769552e+04	5.697377e+04	3.048323e+02	2.814991e+01	2020	9	8	6
	1951527	114.322000	20.843600	9.946556e+04	1.638389e+01	1.087368e+05	1.084183e+05	5.773378e+04	5.698753e+04	3.051753e+02	2.488960e+01	2020	9	8	12
	1939698	114.944000	21.054500	9.929894e+04	1.812292e+01	1.086011e+05	1.083626e+05	5.769141e+04	5.690216e+04	3.050647e+02	3.227336e+01	2020	9	8	18
	1931826	114.812000	21.195100	9.929994e+04	1.847603e+01	1.086279e+05	1.082639e+05	5.772108e+04	5.690958e+04	3.049507e+02	3.439158e+01	2020	9	9	0
	1920056	115.347000	21.406000	9.901812e+04	2.125026e+01	1.086009e+05	1.080844e+05	5.755273e+04	5.675248e+04	3.048799e+02	3.406556e+01	2020	9	9	6
	1943632	114.280000	20.984200	9.894744e+04	2.250355e+01	1.086249e+05	1.082784e+05	5.765519e+04	5.672994e+04	3.047388e+02	2.911682e+01	2020	9	9	12
	1904398	114.160000	21.687200	9.880662e+04	2.129779e+01	1.084887e+05	1.080617e+05	5.752678e+04	5.659278e+04	3.045571e+02	3.301959e+01	2020	9	9	18
	1912212	114.110000	21.546600	9.882306e+04	2.139554e+01	1.085463e+05	1.080253e+05	5.763422e+04	5.648822e+04	3.043447e+02	2.731062e+01	2020	9	10	0
	1896603	114.487000	21.827800	9.857888e+04	2.082314e+01	1.085031e+05	1.079986e+05	5.750253e+04	5.636878e+04	3.042832e+02	2.872470e+01	2020	9	10	6
	1877174	114.241000	22.179300	9.877194e+04	1.964888e+01	1.086073e+05	1.081283e+05	5.764928e+04	5.653828e+04	3.041521e+02	2.467011e+01	2020	9	10	12
	1850152	114.886000	22.671400	9.879850e+04	1.884038e+01	1.085506e+05	1.079161e+05	5.757734e+04	5.652284e+04	3.039487e+02	3.200202e+01	2020	9	10	18
	1830971	115.392000	23.022800	9.904169e+04	2.142300e+01	1.086119e+05	1.078394e+05	5.768311e+04	5.666561e+04	3.037803e+02	3.143494e+01	2020	9	11	0
	1781570	116.886000	23.936700	9.916381e+04	1.870018e+01	1.086057e+05	1.078632e+05	5.763894e+04	5.664644e+04	3.033276e+02	2.754859e+01	2020	9	11	6
	1725406	118.385000	24.991200	9.948288e+04	1.741797e+01	1.087415e+05	1.080665e+05	5.782914e+04	5.683864e+04	3.046719e+02	2.387349e+01	2020	9	11	12
	1666487	119.770000	26.116000	9.945831e+04	1.827452e+01	1.086388e+05	1.079322e+05	5.768887e+04	5.685037e+04	3.044756e+02	2.098512e+01	2020	9	11	18
	1590704	121.076000	27.592300	9.952338e+04	1.964744e+01	1.087538e+05	1.078088e+05	5.777427e+04	5.696377e+04	3.044075e+02	1.726130e+01	2020	9	12	0
	1594286	122.352000	27.522000	9.933275e+04	1.914760e+01	1.086418e+05	1.078358e+05	5.768905e+04	5.693705e+04	3.040217e+02	1.171637e+01	2020	9	12	6
	1605032	123.750000	27.311100	9.960300e+04	1.839263e+01	1.087258e+05	1.080362e+05	5.788171e+04	5.716471e+04	3.039500e+02	7.552083e+00	2020	9	12	12
	1590741	124.809000	27.592300	9.952056e+04	1.826821e+01	1.086220e+05	1.078010e+05	5.770266e+04	5.707191e+04	3.038638e+02	1.080632e+01	2020	9	12	18
	1608635	125.518000	27.240800	9.967881e+04	1.905021e+01	1.086894e+05	1.079129e+05	5.783306e+04	5.722281e+04	3.037708e+02	1.388359e+01	2020	9	13	0
	1623028	126.659000	26.959600	9.949644e+04	1.648776e+01	1.085930e+05	1.080680e+05	5.767027e+04	5.710452e+04	3.039116e+02	1.378875e+01	2020	9	13	6
	1626642	127.517000	26.889300	9.963562e+04	1.617255e+01	1.086473e+05	1.082663e+05	5.780839e+04	5.723889e+04	3.035938e+02	1.235156e+01	2020	9	13	12
	1623038	127.658000	26.959600	9.949106e+04	1.499220e+01	1.085074e+05	1.080139e+05	5.761637e+04	5.696737e+04	3.034441e+02	1.707956e+01	2020	9	13	18
	1641102	127.351000	26.608100	9.944631e+04	1.745251e+01	1.084815e+05	1.079305e+05	5.765789e+04	5.691164e+04	3.033752e+02	1.704611e+01	2020	9	14	0
	1659265	126.948000	26.256600	9.913106e+04	1.603981e+01	1.083106e+05	1.078366e+05	5.749871e+04	5.672821e+04	3.033677e+02	1.614413e+01	2020	9	14	6
	1681199	127.099000	25.834800	9.916756e+04	1.733115e+01	1.083502e+05	1.078742e+05	5.755327e+04	5.684002e+04	3.033254e+02	1.772914e+01	2020	9	14	12
	1688539	126.823000	25.694200	9.879900e+04	1.909745e+01	1.081756e+05	1.076376e+05	5.736995e+04	5.650945e+04	3.032764e+02	1.779518e+01	2020	9	14	18
	1695901	127.134000	25.553600	9.879244e+04	1.995115e+01	1.081958e+05	1.075962e+05	5.739279e+04	5.643804e+04	3.032979e+02	1.828325e+01	2020	9	15	0
	1692227	127.859000	25.623900	9.850169e+04	2.448993e+01	1.081537e+05	1.074792e+05	5.725524e+04	5.622024e+04	3.031736e+02	1.761964e+01	2020	9	15	6
	1695917	128.697000	25.553600	9.867131e+04	2.137834e+01	1.083052e+05	1.075158e+05	5.750982e+04	5.639207e+04	3.030708e+02	1.258958e+01	2020	9	15	12
	1652013	129.604000	26.397200	9.852675e+04	2.010468e+01	1.082199e+05	1.072359e+05	5.742194e+04	5.614419e+04	3.029858e+02	1.750195e+01	2020	9	15	18
	1612276	130.690000	27.170500	9.868538e+04	1.955657e+01	1.084658e+05	1.071408e+05	5.763576e+04	5.656726e+04	3.028916e+02	1.891832e+01	2020	9	16	0
	1551812	131.986000	28.365600	9.821181e+04	2.319136e+01	1.084298e+05	1.069408e+05	5.759312e+04	5.633462e+04	3.029553e+02	1.328594e+01	2020	9	16	6
	1461565	133.158000	30.193300	9.867900e+04	2.126434e+01	1.084707e+05	1.066437e+05	5.776196e+04	5.619296e+04	3.024417e+02	1.669621e+01	2020	9	16	12
	1360792	134.400000	32.302300	9.871088e+04	1.972969e+01	1.082922e+05	1.060298e+05	5.759973e+04	5.581823e+04	3.023835e+02	2.339880e+01	2020	9	16	18
	1151756	136.601000	36.942000	9.923288e+04	1.817639e+01	1.082534e+05	1.050834e+05	5.761405e+04	5.528180e+04	3.007686e+02	1.630683e+01	2020	9	17	0
	1022092	139.972000	40.035100	9.888438e+04	1.927481e+01	1.081281e+05	1.051511e+05	5.766429e+04	5.499104e+04	2.999473e+02	1.124860e+01	2020	9	17	6
	855099	139.679000	44.323400	9.871788e+04	2.251169e+01	1.076322e+05	1.037967e+05	5.711969e+04	5.462119e+04	2.931716e+02	2.560019e+01	2020	9	17	12
	790963	140.079000	46.080800	9.858850e+04	2.368237e+01	1.070975e+05	1.029705e+05	5.667645e+04	5.430320e+04	2.917136e+02	2.097523e+01	2020	9	17	18
start	22	2020	9	7	6
	2159780	247.392000	17.258300	1.007030e+05	1.095005e+01	1.087792e+05	1.084288e+05	5.811843e+04	5.774518e+04	3.036995e+02	2.484996e+01	2020	9	7	6
	2139038	246.673000	17.609800	1.004858e+05	1.112756e+01	1.085514e+05	1.082364e+05	5.797074e+04	5.750199e+04	3.033984e+02	2.341500e+01	2020	9	7	12
	2081494	244.765000	18.594000	1.006821e+05	1.272850e+01	1.087478e+05	1.085168e+05	5.814923e+04	5.757223e+04	3.032383e+02	1.538334e+01	2020	9	7	18
	2057085	245.059000	19.015800	1.003904e+05	1.146927e+01	1.086339e+05	1.082839e+05	5.799597e+04	5.726022e+04	3.030886e+02	1.125967e+01	2020	9	8	0
	1992670	243.307000	20.140600	1.006108e+05	1.228946e+01	1.088148e+05	1.085703e+05	5.824177e+04	5.753177e+04	3.029944e+02	1.251218e+01	2020	9	8	6
	1980699	242.322000	20.351500	1.003373e+05	1.374718e+01	1.086078e+05	1.083398e+05	5.802403e+04	5.739353e+04	3.028101e+02	1.186688e+01	2020	9	8	12
	1945030	241.886000	20.984200	1.005337e+05	1.369736e+01	1.088301e+05	1.085611e+05	5.826591e+04	5.757366e+04	3.027151e+02	8.038532e+00	2020	9	8	18
	1917497	240.215000	21.476300	1.003029e+05	1.430923e+01	1.086544e+05	1.083254e+05	5.806333e+04	5.737158e+04	3.024390e+02	7.307644e+00	2020	9	9	0
	1937122	239.451000	21.124800	1.004926e+05	1.448915e+01	1.088534e+05	1.085319e+05	5.820098e+04	5.767373e+04	3.022607e+02	6.406622e+00	2020	9	9	6
	1874638	238.574000	22.249600	1.002687e+05	1.485953e+01	1.085749e+05	1.083314e+05	5.801394e+04	5.744044e+04	3.019585e+02	4.289100e+00	2020	9	9	12
	1870750	236.960000	22.319900	1.004679e+05	1.444405e+01	1.087487e+05	1.084227e+05	5.814253e+04	5.766778e+04	3.012378e+02	2.211391e+00	2020	9	9	18
	1901824	236.677000	21.757500	1.002273e+05	1.469447e+01	1.085828e+05	1.083558e+05	5.793322e+04	5.751397e+04	3.013525e+02	1.828783e+00	2020	9	10	0
	1870739	235.936000	22.319900	1.005111e+05	1.383144e+01	1.087691e+05	1.084201e+05	5.810953e+04	5.773703e+04	3.007666e+02	3.084302e+00	2020	9	10	6
	1886234	234.871000	22.038700	1.003792e+05	1.398127e+01	1.084918e+05	1.082093e+05	5.788303e+04	5.757878e+04	3.005105e+02	3.064278e+00	2020	9	10	12
	1886231	234.593000	22.038700	1.006280e+05	1.345915e+01	1.086691e+05	1.083366e+05	5.807309e+04	5.783484e+04	3.004927e+02	1.511442e+00	2020	9	10	18
	1882340	233.814000	22.109000	1.004922e+05	1.383119e+01	1.085344e+05	1.082689e+05	5.799286e+04	5.773986e+04	3.014355e+02	1.025112e+00	2020	9	11	0
	1913505	233.098000	21.546600	1.008233e+05	1.273314e+01	1.087777e+05	1.085372e+05	5.821319e+04	5.798919e+04	3.005981e+02	1.913694e+00	2020	9	11	6
	1929182	232.607000	21.265400	1.006849e+05	1.311518e+01	1.085145e+05	1.082330e+05	5.800864e+04	5.777664e+04	3.007314e+02	2.117743e+00	2020	9	11	12
	1929177	232.149000	21.265400	1.009646e+05	1.269291e+01	1.086868e+05	1.083472e+05	5.821437e+04	5.801887e+04	3.008730e+02	1.127651e+00	2020	9	11	18
	1944916	231.481000	20.984200	1.007351e+05	1.310697e+01	1.085142e+05	1.081488e+05	5.806677e+04	5.781127e+04	3.011497e+02	1.476812e+00	2020	9	12	0
	1968650	230.988000	20.562400	1.010372e+05	1.324468e+01	1.087478e+05	1.082778e+05	5.826430e+04	5.805330e+04	3.011926e+02	2.451355e+00	2020	9	12	6
	1980567	230.382000	20.351500	1.008362e+05	1.243842e+01	1.084202e+05	1.079048e+05	5.802821e+04	5.780646e+04	3.012117e+02	2.295025e+00	2020	9	12	12
start	24	2020	9	8	6
	2509165	212.545000	11.564100	1.008870e+05	1.151032e+01	1.084028e+05	1.081623e+05	5.792077e+04	5.764902e+04	3.032444e+02	2.467772e+01	2020	9	8	6
	2522625	212.618000	11.353300	1.006673e+05	9.935311e+00	1.082208e+05	1.079803e+05	5.775053e+04	5.744878e+04	3.029272e+02	2.616078e+01	2020	9	8	12
	2455681	211.922000	12.407700	1.008407e+05	1.258457e+01	1.084076e+05	1.080796e+05	5.790291e+04	5.756341e+04	3.027659e+02	2.116781e+01	2020	9	8	18
	2473444	212.050000	12.126500	1.005609e+05	1.270041e+01	1.082244e+05	1.080344e+05	5.768883e+04	5.734683e+04	3.030337e+02	2.110610e+01	2020	9	9	0
	2460113	211.731000	12.337400	1.007551e+05	1.341226e+01	1.084419e+05	1.081844e+05	5.788773e+04	5.746773e+04	3.027178e+02	1.911192e+01	2020	9	9	6
	2437980	211.630000	12.688900	1.005514e+05	1.256010e+01	1.082684e+05	1.080139e+05	5.772844e+04	5.734619e+04	3.025493e+02	1.936820e+01	2020	9	9	12
	2477876	210.566000	12.056200	1.007506e+05	1.238272e+01	1.083957e+05	1.082137e+05	5.788928e+04	5.754728e+04	3.024263e+02	1.305918e+01	2020	9	9	18
	2451235	210.650000	12.478000	1.004746e+05	1.313718e+01	1.082668e+05	1.079973e+05	5.768222e+04	5.730547e+04	3.034648e+02	1.330912e+01	2020	9	10	0
	2424732	210.245000	12.899800	1.006989e+05	1.271429e+01	1.084466e+05	1.081646e+05	5.787653e+04	5.742378e+04	3.032646e+02	1.255582e+01	2020	9	10	6
	2407145	210.109000	13.181000	1.005284e+05	1.316270e+01	1.082828e+05	1.079638e+05	5.773053e+04	5.730378e+04	3.025798e+02	1.356339e+01	2020	9	10	12
	2337437	209.556000	14.305800	1.007335e+05	1.387072e+01	1.084726e+05	1.081701e+05	5.796384e+04	5.750259e+04	3.023892e+02	9.940475e+00	2020	9	10	18
	2380870	208.708000	13.602800	1.004964e+05	1.218994e+01	1.083704e+05	1.080604e+05	5.778111e+04	5.737386e+04	3.036074e+02	1.150314e+01	2020	9	11	0
	2302947	207.596000	14.868200	1.007361e+05	1.319095e+01	1.085632e+05	1.082647e+05	5.804094e+04	5.762644e+04	3.025103e+02	1.133651e+01	2020	9	11	6
	2298647	206.782000	14.938500	1.006144e+05	1.293248e+01	1.084325e+05	1.080730e+05	5.791639e+04	5.754489e+04	3.024395e+02	1.061546e+01	2020	9	11	12
	2268719	206.113000	15.430600	1.007901e+05	1.244884e+01	1.085782e+05	1.083162e+05	5.813287e+04	5.776162e+04	3.022676e+02	9.212980e+00	2020	9	11	18
	2260193	204.976000	15.571200	1.006176e+05	1.396073e+01	1.084872e+05	1.082522e+05	5.801377e+04	5.762452e+04	3.026243e+02	9.467974e+00	2020	9	12	0
	2230514	204.034000	16.063300	1.007908e+05	1.398115e+01	1.086518e+05	1.084218e+05	5.817480e+04	5.780555e+04	3.022200e+02	1.314486e+01	2020	9	12	6
	2192642	202.693000	16.696000	1.007425e+05	1.520054e+01	1.085168e+05	1.081988e+05	5.803121e+04	5.769671e+04	3.021257e+02	1.060444e+01	2020	9	12	12
	2175911	201.831000	16.977200	1.008641e+05	1.384553e+01	1.085930e+05	1.082310e+05	5.817091e+04	5.778541e+04	3.021079e+02	8.052599e+00	2020	9	12	18
	2126122	200.951000	17.820700	1.007573e+05	1.380991e+01	1.084784e+05	1.081179e+05	5.808606e+04	5.767606e+04	3.023059e+02	7.252800e+00	2020	9	13	0
	2085072	200.274000	18.523700	1.008714e+05	1.274343e+01	1.085790e+05	1.081020e+05	5.820227e+04	5.771652e+04	3.023774e+02	8.945604e+00	2020	9	13	6
	2024255	199.950000	19.578200	1.007341e+05	1.513492e+01	1.084548e+05	1.079678e+05	5.805589e+04	5.761364e+04	3.023477e+02	9.927086e+00	2020	9	13	12
	1980222	199.176000	20.351500	1.007328e+05	1.631678e+01	1.085149e+05	1.079464e+05	5.812637e+04	5.772212e+04	3.023425e+02	7.751323e+00	2020	9	13	18
	1944566	199.533000	20.984200	1.005618e+05	1.570642e+01	1.084105e+05	1.079430e+05	5.799139e+04	5.762689e+04	3.028333e+02	9.976710e+00	2020	9	14	0
start	42	2020	9	10	12
	2442189	194.579000	12.618600	1.004802e+05	1.533943e+01	1.082138e+05	1.079893e+05	5.778278e+04	5.727728e+04	3.027097e+02	2.104535e+01	2020	9	10	12
	2442182	194.009000	12.618600	1.004895e+05	1.565611e+01	1.082696e+05	1.080556e+05	5.781859e+04	5.744459e+04	3.026021e+02	1.826692e+01	2020	9	10	18
	2437762	193.859000	12.688900	1.003912e+05	1.381445e+01	1.082509e+05	1.080019e+05	5.775336e+04	5.746036e+04	3.035166e+02	1.755700e+01	2020	9	11	0
	2415729	193.676000	13.040400	1.004631e+05	1.719240e+01	1.084092e+05	1.080692e+05	5.786019e+04	5.748294e+04	3.030864e+02	2.095193e+01	2020	9	11	6
	2420125	193.500000	12.970100	1.004229e+05	1.343132e+01	1.082690e+05	1.079585e+05	5.780339e+04	5.756564e+04	3.027451e+02	2.482315e+01	2020	9	11	12
	2433343	193.463000	12.759200	1.005408e+05	1.268513e+01	1.083738e+05	1.081068e+05	5.785712e+04	5.765037e+04	3.026553e+02	2.442080e+01	2020	9	11	18
	2437754	193.207000	12.688900	1.004394e+05	1.142946e+01	1.083832e+05	1.081342e+05	5.779627e+04	5.759077e+04	3.029456e+02	2.434048e+01	2020	9	12	0
	2437753	193.125000	12.688900	1.005942e+05	1.201737e+01	1.084848e+05	1.081828e+05	5.788005e+04	5.767330e+04	3.027434e+02	2.602577e+01	2020	9	12	6
	2459883	193.066000	12.337400	1.005472e+05	1.171617e+01	1.083668e+05	1.081078e+05	5.786271e+04	5.759771e+04	3.026667e+02	2.538705e+01	2020	9	12	12
	2482117	193.330000	11.985900	1.005983e+05	1.093054e+01	1.084375e+05	1.082280e+05	5.791691e+04	5.767966e+04	3.026021e+02	2.138017e+01	2020	9	12	18
	2477662	193.261000	12.056200	1.005406e+05	1.094184e+01	1.084004e+05	1.081984e+05	5.786056e+04	5.757131e+04	3.026018e+02	2.579581e+01	2020	9	13	0
	2468767	193.366000	12.196800	1.006234e+05	1.119398e+01	1.085635e+05	1.083050e+05	5.795502e+04	5.757277e+04	3.025503e+02	2.453253e+01	2020	9	13	6
	2464324	193.297000	12.267100	1.005834e+05	1.098467e+01	1.084048e+05	1.082428e+05	5.789664e+04	5.751664e+04	3.025020e+02	2.257139e+01	2020	9	13	12
	2442173	193.276000	12.618600	1.005506e+05	1.208185e+01	1.084379e+05	1.082349e+05	5.795837e+04	5.749987e+04	3.024353e+02	1.988526e+01	2020	9	13	18
	2411330	193.279000	13.110700	1.003758e+05	1.211033e+01	1.084235e+05	1.082215e+05	5.784014e+04	5.746264e+04	3.023665e+02	2.062574e+01	2020	9	14	0
	2371963	193.306000	13.743400	1.004103e+05	1.289981e+01	1.084571e+05	1.082501e+05	5.796321e+04	5.756746e+04	3.023901e+02	1.884920e+01	2020	9	14	6
	2337237	192.905000	14.305800	1.003866e+05	1.194388e+01	1.084372e+05	1.082152e+05	5.792752e+04	5.752677e+04	3.024221e+02	1.913986e+01	2020	9	14	12
	2332911	192.583000	14.376100	1.003135e+05	1.326397e+01	1.084466e+05	1.082336e+05	5.798820e+04	5.753220e+04	3.024854e+02	1.523583e+01	2020	9	14	18
	2307063	192.654000	14.797900	1.001844e+05	1.496208e+01	1.083912e+05	1.081528e+05	5.788054e+04	5.740829e+04	3.025371e+02	1.591463e+01	2020	9	15	0
	2277091	192.905000	15.290000	9.990494e+04	1.592378e+01	1.084532e+05	1.081597e+05	5.797624e+04	5.745524e+04	3.025203e+02	1.350612e+01	2020	9	15	6
	2247307	192.481000	15.782100	9.984856e+04	1.825692e+01	1.083178e+05	1.080738e+05	5.787882e+04	5.737032e+04	3.025923e+02	1.198594e+01	2020	9	15	12
	2217721	192.222000	16.274200	9.979775e+04	1.932351e+01	1.083484e+05	1.080284e+05	5.793569e+04	5.723644e+04	3.025679e+02	9.238297e+00	2020	9	15	18
	2192516	191.862000	16.696000	9.982162e+04	1.515238e+01	1.082918e+05	1.080872e+05	5.786601e+04	5.741301e+04	3.026211e+02	1.144345e+01	2020	9	16	0
	2154982	191.618000	17.328600	9.997381e+04	1.523805e+01	1.083908e+05	1.081192e+05	5.796962e+04	5.746162e+04	3.027493e+02	1.496468e+01	2020	9	16	6
	2117770	191.195000	17.961300	9.950900e+04	2.266054e+01	1.083742e+05	1.078942e+05	5.789296e+04	5.711446e+04	3.027581e+02	1.268003e+01	2020	9	16	12
	2093140	190.733000	18.383100	9.969188e+04	1.863576e+01	1.083842e+05	1.080482e+05	5.794898e+04	5.721898e+04	3.027429e+02	1.187135e+01	2020	9	16	18
	2060532	190.818000	18.945500	9.970812e+04	1.743794e+01	1.082809e+05	1.080239e+05	5.787680e+04	5.706055e+04	3.027256e+02	1.079884e+01	2020	9	17	0
	2020130	190.746000	19.648500	9.937838e+04	2.124187e+01	1.083631e+05	1.078691e+05	5.794779e+04	5.664554e+04	3.026455e+02	1.006838e+01	2020	9	17	6
	1980128	190.673000	20.351500	9.896262e+04	2.310677e+01	1.083872e+05	1.079452e+05	5.790219e+04	5.659719e+04	3.025906e+02	1.135068e+01	2020	9	17	12
	1940527	190.690000	21.054500	9.861375e+04	2.367076e+01	1.084300e+05	1.075775e+05	5.792420e+04	5.634620e+04	3.024890e+02	1.024157e+01	2020	9	17	18
	1909134	190.686000	21.616900	9.859144e+04	2.456018e+01	1.084012e+05	1.076047e+05	5.781053e+04	5.650278e+04	3.024780e+02	9.835098e+00	2020	9	18	0
	1881876	190.763000	22.109000	9.865306e+04	2.497457e+01	1.083711e+05	1.078766e+05	5.783040e+04	5.659340e+04	3.023511e+02	9.613694e+00	2020	9	18	6
	1858671	191.110000	22.530800	9.837269e+04	2.709166e+01	1.083748e+05	1.075548e+05	5.786868e+04	5.648593e+04	3.021067e+02	1.047375e+01	2020	9	18	12
	1820320	192.075000	23.233700	9.837975e+04	2.802432e+01	1.082389e+05	1.077334e+05	5.785838e+04	5.642188e+04	3.020022e+02	7.270161e+00	2020	9	18	18
	1778597	193.266000	24.007000	9.861700e+04	2.623458e+01	1.082064e+05	1.074409e+05	5.781995e+04	5.658920e+04	3.018191e+02	7.513741e+00	2020	9	19	0
	1737362	194.871000	24.780300	9.891256e+04	2.697811e+01	1.082100e+05	1.072600e+05	5.791228e+04	5.685728e+04	3.016370e+02	1.259461e+01	2020	9	19	6
	1681904	196.292000	25.834800	9.863144e+04	2.660330e+01	1.080103e+05	1.068738e+05	5.776619e+04	5.661169e+04	3.014785e+02	1.433364e+01	2020	9	19	12
	1605772	198.080000	27.311100	9.892725e+04	2.429387e+01	1.080622e+05	1.063387e+05	5.780271e+04	5.643246e+04	3.009756e+02	1.664406e+01	2020	9	19	18
	1527901	199.462000	28.857600	9.886538e+04	2.461428e+01	1.079519e+05	1.059544e+05	5.773060e+04	5.619585e+04	3.007405e+02	1.622681e+01	2020	9	20	0
	1438365	200.908000	30.685400	9.897531e+04	2.433704e+01	1.080515e+05	1.054775e+05	5.783060e+04	5.605160e+04	2.999504e+02	2.333709e+01	2020	9	20	6
	1344962	202.171000	32.653800	9.893181e+04	2.896869e+01	1.079223e+05	1.050243e+05	5.768688e+04	5.577063e+04	2.992478e+02	2.335509e+01	2020	9	20	12
	1273779	203.797000	34.200400	9.928200e+04	2.670228e+01	1.079191e+05	1.045671e+05	5.774561e+04	5.560361e+04	2.986785e+02	9.727775e+00	2020	9	20	18
start	39	2020	9	26	12
	2521758	143.134000	11.353300	1.006526e+05	1.318243e+01	1.085136e+05	1.082161e+05	5.788509e+04	5.746334e+04	3.041609e+02	2.484592e+01	2020	9	26	12
	2481498	143.321000	11.985900	1.003836e+05	1.274202e+01	1.083400e+05	1.080255e+05	5.773989e+04	5.729339e+04	3.041506e+02	2.275646e+01	2020	9	26	18
	2450404	143.089000	12.478000	1.006201e+05	1.389259e+01	1.086143e+05	1.083478e+05	5.797695e+04	5.756720e+04	3.041018e+02	2.274501e+01	2020	9	27	0
	2375711	142.927000	13.673100	1.003206e+05	1.495327e+01	1.085588e+05	1.081568e+05	5.790875e+04	5.741775e+04	3.043154e+02	2.326272e+01	2020	9	27	6
	2345284	142.271000	14.165200	1.005452e+05	1.387560e+01	1.086997e+05	1.083272e+05	5.807497e+04	5.761697e+04	3.040032e+02	2.770163e+01	2020	9	27	12
	2297865	141.129000	14.938500	1.002546e+05	1.435339e+01	1.084839e+05	1.081024e+05	5.785800e+04	5.740625e+04	3.037788e+02	2.419802e+01	2020	9	27	18
	2280731	139.803000	15.219700	1.004322e+05	1.403794e+01	1.086996e+05	1.083156e+05	5.802162e+04	5.755587e+04	3.036128e+02	1.952210e+01	2020	9	28	0
	2233978	139.130000	15.993000	1.001828e+05	1.331938e+01	1.085501e+05	1.081701e+05	5.792434e+04	5.737234e+04	3.034370e+02	1.910269e+01	2020	9	28	6
	2225518	138.028000	16.133600	1.003940e+05	1.402208e+01	1.086559e+05	1.083679e+05	5.809000e+04	5.751750e+04	3.033367e+02	2.402989e+01	2020	9	28	12
	2196067	136.975000	16.625700	1.001061e+05	1.428469e+01	1.085229e+05	1.081464e+05	5.792745e+04	5.719695e+04	3.033071e+02	2.059895e+01	2020	9	28	18
	2183497	135.818000	16.836600	1.002581e+05	1.540728e+01	1.086656e+05	1.082861e+05	5.807926e+04	5.732201e+04	3.031001e+02	1.868215e+01	2020	9	29	0
	2166796	134.524000	17.117800	9.996850e+04	1.570765e+01	1.085172e+05	1.081168e+05	5.790545e+04	5.707945e+04	3.031558e+02	2.338673e+01	2020	9	29	6
	2150158	133.134000	17.398900	1.000696e+05	1.652625e+01	1.086785e+05	1.082145e+05	5.809811e+04	5.713611e+04	3.031565e+02	2.454858e+01	2020	9	29	12
	2133583	131.646000	17.680100	9.974250e+04	1.688700e+01	1.085080e+05	1.080015e+05	5.792479e+04	5.698054e+04	3.033110e+02	1.993954e+01	2020	9	29	18
	2121188	130.019000	17.891000	9.980600e+04	1.817410e+01	1.086541e+05	1.081596e+05	5.809854e+04	5.711079e+04	3.033152e+02	2.009661e+01	2020	9	30	0
	2117055	128.659000	17.961300	9.949194e+04	1.808302e+01	1.085096e+05	1.080986e+05	5.797688e+04	5.689238e+04	3.033281e+02	2.822212e+01	2020	9	30	6
	2117038	127.172000	17.961300	9.956088e+04	2.021384e+01	1.087758e+05	1.082108e+05	5.811026e+04	5.700701e+04	3.032700e+02	3.179500e+01	2020	9	30	12
	2129388	125.930000	17.750400	9.911606e+04	1.995674e+01	1.085880e+05	1.079975e+05	5.797381e+04	5.661481e+04	3.033413e+02	3.333059e+01	2020	9	30	18
	2133501	124.501000	17.680100	9.910819e+04	2.150078e+01	1.087358e+05	1.081048e+05	5.805655e+04	5.664430e+04	3.036062e+02	3.295700e+01	2020	10	1	0
	2116994	123.324000	17.961300	9.860131e+04	2.631974e+01	1.085959e+05	1.078374e+05	5.796754e+04	5.631529e+04	3.040337e+02	3.396533e+01	2020	10	1	6
	2092358	121.935000	18.383100	9.868212e+04	2.438501e+01	1.087522e+05	1.078922e+05	5.817448e+04	5.635923e+04	3.038960e+02	3.334762e+01	2020	10	1	12
	2096429	119.971000	18.312800	9.852556e+04	2.252002e+01	1.087166e+05	1.079491e+05	5.801712e+04	5.627687e+04	3.038953e+02	3.942581e+01	2020	10	1	18
	2104613	118.684000	18.172200	9.839919e+04	2.920063e+01	1.086891e+05	1.079341e+05	5.809529e+04	5.625904e+04	3.033130e+02	4.129622e+01	2020	10	2	0
	2067830	117.345000	18.804900	9.812244e+04	2.610869e+01	1.085243e+05	1.077868e+05	5.792969e+04	5.604869e+04	3.032427e+02	3.208810e+01	2020	10	2	6
	2063751	116.132000	18.875200	9.799600e+04	2.879882e+01	1.086076e+05	1.077486e+05	5.803390e+04	5.585990e+04	3.033198e+02	2.862432e+01	2020	10	2	12
	2055616	114.675000	19.015800	9.749119e+04	3.343501e+01	1.084354e+05	1.071504e+05	5.788548e+04	5.540998e+04	3.036091e+02	3.612151e+01	2020	10	2	18
	2055604	113.609000	19.015800	9.723694e+04	2.937832e+01	1.083750e+05	1.069080e+05	5.787487e+04	5.518712e+04	3.035835e+02	3.609147e+01	2020	10	3	0
	2047489	112.500000	19.156400	9.692850e+04	3.211902e+01	1.082590e+05	1.065665e+05	5.772207e+04	5.473657e+04	3.034858e+02	3.140308e+01	2020	10	3	6
	2067765	111.593000	18.804900	9.666425e+04	3.117228e+01	1.083615e+05	1.064850e+05	5.777485e+04	5.456260e+04	3.040388e+02	3.845854e+01	2020	10	3	12
	2075897	110.667000	18.664300	9.652012e+04	3.112729e+01	1.082523e+05	1.065193e+05	5.770380e+04	5.459680e+04	3.040269e+02	5.056612e+01	2020	10	3	18
	2088133	109.990000	18.453400	9.699006e+04	2.927610e+01	1.083265e+05	1.067685e+05	5.767104e+04	5.490329e+04	3.037957e+02	4.433341e+01	2020	10	4	0
	2055552	108.994000	19.015800	9.714569e+04	3.592838e+01	1.083169e+05	1.069574e+05	5.760904e+04	5.509879e+04	3.036846e+02	4.018425e+01	2020	10	4	6
	2075870	108.283000	18.664300	9.703788e+04	3.870473e+01	1.084416e+05	1.072076e+05	5.767309e+04	5.531584e+04	3.041348e+02	4.192042e+01	2020	10	4	12
	2047432	107.431000	19.156400	9.699006e+04	3.957066e+01	1.083337e+05	1.071967e+05	5.763779e+04	5.527529e+04	3.041453e+02	5.114962e+01	2020	10	4	18
	2047421	106.453000	19.156400	9.687319e+04	4.408475e+01	1.084028e+05	1.072092e+05	5.771484e+04	5.524134e+04	3.038333e+02	4.307051e+01	2020	10	5	0
	2031252	105.357000	19.437600	9.788519e+04	2.422229e+01	1.084125e+05	1.074495e+05	5.772463e+04	5.581888e+04	3.037070e+02	3.269425e+01	2020	10	5	6
	2035268	103.826000	19.367300	9.974838e+04	1.485676e+01	1.085690e+05	1.077655e+05	5.778278e+04	5.666828e+04	3.028428e+02	2.855849e+01	2020	10	5	12
	2075800	102.100000	18.664300	1.002032e+05	8.116316e+00	1.084654e+05	1.080354e+05	5.777857e+04	5.709357e+04	-9.000000e+33	2.866039e+01	2020	10	5	18
	2075786	100.864000	18.664300	1.002677e+05	8.429326e+00	1.084335e+05	1.080755e+05	5.773659e+04	5.719259e+04	-9.000000e+33	2.121849e+01	2020	10	6	0
start	30	2020	9	28	12
	2222598	248.824000	16.203900	1.006820e+05	1.092572e+01	1.083129e+05	1.080904e+05	5.792775e+04	5.756275e+04	3.033992e+02	1.397439e+01	2020	9	28	12
	2260703	248.156000	15.571200	1.009369e+05	1.222947e+01	1.085904e+05	1.083909e+05	5.812645e+04	5.779120e+04	3.034077e+02	1.210057e+01	2020	9	28	18
	2269207	247.352000	15.430600	1.005876e+05	1.116371e+01	1.083736e+05	1.081541e+05	5.792776e+04	5.749726e+04	3.037700e+02	1.314071e+01	2020	9	29	0
	2264950	247.500000	15.500900	1.008128e+05	1.192230e+01	1.085408e+05	1.083338e+05	5.809220e+04	5.765145e+04	3.033296e+02	2.094967e+01	2020	9	29	6
	2264938	246.485000	15.500900	1.004601e+05	1.360695e+01	1.082970e+05	1.080420e+05	5.785836e+04	5.733936e+04	3.032532e+02	2.221851e+01	2020	9	29	12
	2311994	245.637000	14.727600	1.006492e+05	1.384439e+01	1.084985e+05	1.082815e+05	5.806079e+04	5.750104e+04	3.030991e+02	2.017274e+01	2020	9	29	18
	2294818	245.210000	15.008800	1.002485e+05	1.454700e+01	1.082771e+05	1.080096e+05	5.786004e+04	5.713579e+04	3.032556e+02	2.057780e+01	2020	9	30	0
	2342175	243.799000	14.235500	1.003927e+05	1.621029e+01	1.084926e+05	1.081206e+05	5.801288e+04	5.724138e+04	3.031182e+02	2.415866e+01	2020	9	30	6
	2311971	243.712000	14.727600	1.000141e+05	1.726725e+01	1.082098e+05	1.078268e+05	5.779551e+04	5.702601e+04	3.029478e+02	2.337256e+01	2020	9	30	12
	2372561	242.727000	13.743400	1.000516e+05	1.970197e+01	1.084225e+05	1.080470e+05	5.794256e+04	5.722556e+04	3.031030e+02	2.382815e+01	2020	9	30	18
	2324872	242.115000	14.516700	9.968694e+04	1.910148e+01	1.082322e+05	1.079058e+05	5.774155e+04	5.701305e+04	3.031003e+02	2.199937e+01	2020	10	1	0
	2355161	242.295000	14.024600	9.982756e+04	2.125778e+01	1.084014e+05	1.080669e+05	5.787454e+04	5.708004e+04	3.030288e+02	2.444839e+01	2020	10	1	6
	2337826	241.943000	14.305800	9.949812e+04	2.181095e+01	1.081262e+05	1.076628e+05	5.761573e+04	5.670573e+04	3.029390e+02	2.524338e+01	2020	10	1	12
	2381265	241.292000	13.602800	9.951656e+04	2.391357e+01	1.083706e+05	1.079296e+05	5.779137e+04	5.680637e+04	3.030193e+02	2.564370e+01	2020	10	1	18
	2359486	240.829000	13.954300	9.917694e+04	2.349623e+01	1.081211e+05	1.076336e+05	5.752654e+04	5.661054e+04	3.029448e+02	2.298796e+01	2020	10	2	0
	2333492	241.000000	14.376100	9.929119e+04	2.294856e+01	1.083208e+05	1.077453e+05	5.777569e+04	5.667094e+04	3.027651e+02	2.447708e+01	2020	10	2	6
	2307642	241.173000	14.797900	9.891375e+04	2.521659e+01	1.080761e+05	1.075111e+05	5.753365e+04	5.634290e+04	3.025112e+02	2.335805e+01	2020	10	2	12
	2281941	241.770000	15.219700	9.920894e+04	2.651749e+01	1.082979e+05	1.079704e+05	5.787673e+04	5.676523e+04	3.025525e+02	2.120907e+01	2020	10	2	18
	2235188	242.157000	15.993000	9.869944e+04	2.886683e+01	1.080825e+05	1.076485e+05	5.764687e+04	5.627237e+04	3.025640e+02	1.896551e+01	2020	10	3	0
	2188915	242.208000	16.766300	9.862200e+04	3.110289e+01	1.082495e+05	1.074650e+05	5.789232e+04	5.619407e+04	3.025151e+02	1.657906e+01	2020	10	3	6
	2118354	242.274000	17.961300	9.809075e+04	2.904226e+01	1.079795e+05	1.071350e+05	5.766285e+04	5.565735e+04	3.024431e+02	1.244865e+01	2020	10	3	12
	2061111	242.158000	18.945500	9.831088e+04	3.148965e+01	1.082198e+05	1.073643e+05	5.786455e+04	5.593955e+04	3.023208e+02	1.284147e+01	2020	10	3	18
	1992658	242.224000	20.140600	9.826631e+04	2.836843e+01	1.080525e+05	1.069760e+05	5.767179e+04	5.579504e+04	3.022429e+02	1.150016e+01	2020	10	4	0
	1933218	242.258000	21.195100	9.826094e+04	3.025070e+01	1.082304e+05	1.070059e+05	5.788929e+04	5.566929e+04	3.019521e+02	1.018943e+01	2020	10	4	6
	1866940	242.236000	22.390200	9.810062e+04	2.989314e+01	1.081456e+05	1.070496e+05	5.772084e+04	5.559909e+04	3.015342e+02	8.759788e+00	2020	10	4	12
	1790445	242.125000	23.796100	9.840506e+04	3.111522e+01	1.083557e+05	1.076092e+05	5.797979e+04	5.635279e+04	3.004753e+02	8.314379e+00	2020	10	4	18
	1722966	241.875000	25.061500	9.786431e+04	3.100307e+01	1.081388e+05	1.073988e+05	5.783659e+04	5.619984e+04	2.995784e+02	5.223629e+00	2020	10	5	0
	1653142	241.386000	26.397200	9.869694e+04	2.426014e+01	1.083415e+05	1.073060e+05	5.790363e+04	5.686788e+04	2.991289e+02	2.155727e+00	2020	10	5	6
	1599039	241.107000	27.451700	9.910150e+04	1.954081e+01	1.080625e+05	1.068880e+05	5.765228e+04	5.690928e+04	2.985732e+02	1.048336e+00	2020	10	5	12
	1542324	241.093000	28.576400	9.963381e+04	1.807923e+01	1.082649e+05	1.065814e+05	5.780182e+04	5.707532e+04	2.973308e+02	6.972954e-01	2020	10	5	18
start	21	2020	9	28	18
	2286398	257.119000	15.149400	1.009331e+05	1.369611e+01	1.085474e+05	1.083019e+05	5.814870e+04	5.767520e+04	3.033228e+02	1.584254e+01	2020	9	28	18
	2286390	256.445000	15.149400	1.006368e+05	1.239597e+01	1.083656e+05	1.081261e+05	5.795726e+04	5.747826e+04	3.030239e+02	1.473313e+01	2020	9	29	0
	2277840	256.082000	15.290000	1.007870e+05	1.345940e+01	1.084762e+05	1.082698e+05	5.808670e+04	5.759420e+04	3.028921e+02	1.735003e+01	2020	9	29	6
	2277828	255.070000	15.290000	1.004461e+05	1.590073e+01	1.082970e+05	1.079925e+05	5.789836e+04	5.733161e+04	3.029045e+02	1.544424e+01	2020	9	29	12
	2277822	254.564000	15.290000	1.005840e+05	1.604625e+01	1.085095e+05	1.082350e+05	5.809679e+04	5.748929e+04	3.029321e+02	1.654915e+01	2020	9	29	18
	2260769	253.744000	15.571200	1.001958e+05	1.687438e+01	1.083011e+05	1.080241e+05	5.791079e+04	5.725404e+04	3.032986e+02	1.355744e+01	2020	9	30	0
	2252263	253.035000	15.711800	1.002827e+05	1.800233e+01	1.084976e+05	1.081456e+05	5.803262e+04	5.730488e+04	3.031250e+02	2.072825e+01	2020	9	30	6
	2226855	252.085000	16.133600	9.990638e+04	1.801770e+01	1.082843e+05	1.079713e+05	5.786801e+04	5.704476e+04	3.031021e+02	2.330592e+01	2020	9	30	12
	2209993	251.161000	16.414800	9.992431e+04	1.997866e+01	1.084310e+05	1.080530e+05	5.807156e+04	5.716906e+04	3.032085e+02	2.118429e+01	2020	9	30	18
	2180645	250.086000	16.906900	9.955844e+04	2.221105e+01	1.082682e+05	1.077898e+05	5.788530e+04	5.690705e+04	3.033660e+02	1.602212e+01	2020	10	1	0
	2172286	248.925000	17.047500	9.955256e+04	2.404481e+01	1.083484e+05	1.080024e+05	5.797779e+04	5.684304e+04	3.032153e+02	1.868066e+01	2020	10	1	6
	2147336	248.108000	17.469200	9.923112e+04	2.385044e+01	1.081482e+05	1.077698e+05	5.781023e+04	5.684548e+04	3.030845e+02	1.926366e+01	2020	10	1	12
	2114297	247.325000	18.031600	9.929881e+04	2.546112e+01	1.084351e+05	1.080636e+05	5.803937e+04	5.693712e+04	3.032908e+02	1.648914e+01	2020	10	1	18
	2065220	246.260000	18.875200	9.895119e+04	2.705628e+01	1.081576e+05	1.078756e+05	5.785954e+04	5.660254e+04	3.032046e+02	1.329133e+01	2020	10	2	0
	2016720	245.259000	19.718800	9.889769e+04	3.244493e+01	1.083338e+05	1.078853e+05	5.796969e+04	5.659119e+04	3.028452e+02	1.294090e+01	2020	10	2	6
	1960862	243.818000	20.703000	9.899300e+04	2.460182e+01	1.080981e+05	1.078701e+05	5.777615e+04	5.697390e+04	3.026431e+02	1.308209e+01	2020	10	2	12
	1921441	242.541000	21.406000	9.943019e+04	2.175636e+01	1.083299e+05	1.080089e+05	5.799523e+04	5.720898e+04	3.024519e+02	1.560054e+01	2020	10	2	18
	1878543	241.393000	22.179300	9.913169e+04	2.288680e+01	1.082940e+05	1.076150e+05	5.774487e+04	5.692537e+04	3.020483e+02	1.514852e+01	2020	10	3	0
	1832300	240.376000	23.022800	9.920675e+04	2.503467e+01	1.082900e+05	1.074285e+05	5.783332e+04	5.698582e+04	3.012563e+02	1.736336e+01	2020	10	3	6
	1805591	239.779000	23.514900	9.918600e+04	2.269008e+01	1.079775e+05	1.070855e+05	5.761685e+04	5.681135e+04	3.009675e+02	1.953891e+01	2020	10	3	12
	2061111	242.158000	18.945500	9.831088e+04	3.148965e+01	1.082198e+05	1.073643e+05	5.786455e+04	5.593955e+04	3.023208e+02	1.284147e+01	2020	10	3	18
start	17	2020	9	30	12
	2117336	153.236000	17.961300	1.006644e+05	1.433801e+01	1.084928e+05	1.080278e+05	5.802351e+04	5.740626e+04	3.037466e+02	1.858680e+01	2020	9	30	12
	2064161	152.451000	18.875200	1.003581e+05	1.334948e+01	1.082845e+05	1.078180e+05	5.784506e+04	5.723381e+04	3.034507e+02	1.622401e+01	2020	9	30	18
	2023715	151.640000	19.578200	1.004637e+05	1.455031e+01	1.084852e+05	1.080662e+05	5.797580e+04	5.737780e+04	3.033347e+02	1.561566e+01	2020	10	1	0
	1995639	150.901000	20.070300	1.002308e+05	1.443716e+01	1.083384e+05	1.079769e+05	5.785254e+04	5.723979e+04	3.032290e+02	1.393307e+01	2020	10	1	6
	1967758	150.060000	20.562400	1.003629e+05	1.606895e+01	1.084402e+05	1.080582e+05	5.795248e+04	5.732348e+04	3.031431e+02	1.132736e+01	2020	10	1	12
	1947960	149.179000	20.913900	1.001463e+05	1.663297e+01	1.081816e+05	1.078146e+05	5.779537e+04	5.721637e+04	3.031775e+02	1.028709e+01	2020	10	1	18
	1936128	148.537000	21.124800	1.002997e+05	1.653546e+01	1.083646e+05	1.079776e+05	5.797704e+04	5.744604e+04	3.031821e+02	9.139619e+00	2020	10	2	0
	1920409	147.765000	21.406000	1.000724e+05	1.564333e+01	1.082078e+05	1.077833e+05	5.779194e+04	5.736869e+04	3.030552e+02	8.768840e+00	2020	10	2	6
	1900853	147.046000	21.757500	1.003378e+05	1.615724e+01	1.084481e+05	1.079411e+05	5.795340e+04	5.754365e+04	3.025698e+02	1.052014e+01	2020	10	2	12
	1881399	146.505000	22.109000	1.001912e+05	1.483891e+01	1.081969e+05	1.077064e+05	5.779873e+04	5.743723e+04	3.024285e+02	5.828425e+00	2020	10	2	18
	1854333	145.888000	22.601100	1.004347e+05	1.331916e+01	1.084495e+05	1.078845e+05	5.798287e+04	5.767362e+04	3.025005e+02	6.284092e+00	2020	10	3	0
	1838955	145.558000	22.882200	1.003122e+05	1.322154e+01	1.083155e+05	1.077335e+05	5.789607e+04	5.757007e+04	3.029663e+02	5.525379e+00	2020	10	3	6
	1823638	144.942000	23.163400	1.006142e+05	1.337190e+01	1.084825e+05	1.078885e+05	5.810960e+04	5.779285e+04	3.024167e+02	5.591294e+00	2020	10	3	12
	1804587	144.663000	23.514900	1.005371e+05	1.243911e+01	1.083438e+05	1.076983e+05	5.795980e+04	5.766530e+04	3.022896e+02	6.856281e+00	2020	10	3	18
	1781861	144.629000	23.936700	1.008198e+05	1.219349e+01	1.085465e+05	1.079035e+05	5.820754e+04	5.788279e+04	3.023250e+02	4.685033e+00	2020	10	4	0
	1763027	144.058000	24.288200	1.006679e+05	1.221315e+01	1.084084e+05	1.078174e+05	5.807454e+04	5.776704e+04	3.030449e+02	5.314987e+00	2020	10	4	6
	1759268	143.539000	24.358500	1.009764e+05	1.329044e+01	1.085521e+05	1.079596e+05	5.823984e+04	5.793384e+04	3.024268e+02	7.132935e+00	2020	10	4	12
start	20	2020	10	12	18
	2337068	178.834000	14.305800	1.006886e+05	1.103150e+01	1.086828e+05	1.083498e+05	5.798882e+04	5.764132e+04	3.030447e+02	2.562673e+01	2020	10	12	18
	2350061	179.087000	14.094900	1.006426e+05	1.140552e+01	1.087114e+05	1.083809e+05	5.796588e+04	5.761538e+04	3.032219e+02	3.605745e+01	2020	10	13	0
	2332734	177.833000	14.376100	1.005068e+05	1.291234e+01	1.086546e+05	1.083336e+05	5.787500e+04	5.749825e+04	3.031917e+02	3.532776e+01	2020	10	13	6
	2285467	178.737000	15.149400	1.004739e+05	1.470965e+01	1.086050e+05	1.082800e+05	5.789166e+04	5.746441e+04	3.028137e+02	4.059433e+01	2020	10	13	12
	2242897	177.875000	15.852400	1.003498e+05	1.624333e+01	1.085027e+05	1.081792e+05	5.784534e+04	5.736659e+04	3.027300e+02	4.159266e+01	2020	10	13	18
	2221744	175.901000	16.203900	1.003258e+05	1.729310e+01	1.085651e+05	1.082046e+05	5.786767e+04	5.731842e+04	3.027800e+02	4.280798e+01	2020	10	14	0
	2234405	175.487000	15.993000	1.001606e+05	1.864450e+01	1.084898e+05	1.082052e+05	5.778911e+04	5.730786e+04	3.029524e+02	4.415192e+01	2020	10	14	6
	2242859	174.646000	15.852400	1.001331e+05	1.998476e+01	1.084873e+05	1.080283e+05	5.779063e+04	5.721813e+04	3.025996e+02	4.726366e+01	2020	10	14	12
	2230169	174.631000	16.063300	1.000704e+05	2.158563e+01	1.083741e+05	1.079666e+05	5.773683e+04	5.721358e+04	3.026033e+02	4.195725e+01	2020	10	14	18
	2179740	172.069000	16.906900	1.000819e+05	1.922070e+01	1.085004e+05	1.080854e+05	5.778953e+04	5.723703e+04	3.030637e+02	3.314370e+01	2020	10	15	0
	2109337	172.902000	18.101900	9.990531e+04	2.342571e+01	1.084625e+05	1.081070e+05	5.783705e+04	5.724305e+04	3.032388e+02	3.147740e+01	2020	10	15	6
	2146453	171.400000	17.469200	9.996069e+04	1.965166e+01	1.084949e+05	1.080204e+05	5.782278e+04	5.724678e+04	3.029575e+02	3.490981e+01	2020	10	15	12
	2060305	170.690000	18.945500	9.980475e+04	2.256976e+01	1.083640e+05	1.081045e+05	5.783033e+04	5.717133e+04	3.024619e+02	2.516594e+01	2020	10	15	18
	2027946	169.990000	19.507900	9.992231e+04	2.075347e+01	1.085567e+05	1.081452e+05	5.790591e+04	5.726391e+04	3.025142e+02	2.250477e+01	2020	10	16	0
	1995851	170.000000	20.070300	9.981544e+04	2.319997e+01	1.085746e+05	1.080606e+05	5.791853e+04	5.713228e+04	3.024888e+02	2.599315e+01	2020	10	16	6
	1975909	168.863000	20.421800	9.990469e+04	2.052899e+01	1.086773e+05	1.082233e+05	5.795644e+04	5.721694e+04	3.025642e+02	2.342328e+01	2020	10	16	12
	1975890	167.143000	20.421800	9.972488e+04	1.801061e+01	1.086133e+05	1.082158e+05	5.784860e+04	5.717335e+04	3.028398e+02	1.489129e+01	2020	10	16	18
	1912779	166.288000	21.546600	9.986531e+04	1.778066e+01	1.087674e+05	1.083724e+05	5.794751e+04	5.735401e+04	3.022102e+02	1.057490e+01	2020	10	17	0
	1850684	164.657000	22.671400	9.976650e+04	1.618408e+01	1.086870e+05	1.083135e+05	5.782928e+04	5.734253e+04	3.026960e+02	6.609269e+00	2020	10	17	6
	1770756	164.123000	24.147600	9.997375e+04	1.611414e+01	1.087706e+05	1.083416e+05	5.795364e+04	5.749814e+04	3.014824e+02	2.770655e+00	2020	10	17	12
start	39	2020	10	21	18
	2482121	193.654000	11.985900	1.006427e+05	1.467073e+01	1.083524e+05	1.078594e+05	5.780619e+04	5.750169e+04	3.027820e+02	3.018197e+01	2020	10	21	18
	2420129	193.827000	12.970100	1.004936e+05	1.444452e+01	1.082839e+05	1.079284e+05	5.769808e+04	5.733033e+04	3.028037e+02	2.579620e+01	2020	10	22	0
	2324282	192.857000	14.516700	1.005877e+05	1.392924e+01	1.084116e+05	1.079751e+05	5.787958e+04	5.743308e+04	3.024546e+02	2.691055e+01	2020	10	22	6
	2264296	192.180000	15.500900	1.005739e+05	1.953112e+01	1.083872e+05	1.079502e+05	5.787502e+04	5.732652e+04	3.023083e+02	3.050476e+01	2020	10	22	12
	2184149	191.971000	16.836600	1.004993e+05	2.059604e+01	1.084408e+05	1.080073e+05	5.800400e+04	5.738850e+04	3.021326e+02	2.538095e+01	2020	10	22	18
	2126006	190.824000	17.820700	1.000741e+05	1.949254e+01	1.083156e+05	1.079711e+05	5.788688e+04	5.728463e+04	3.025212e+02	2.106743e+01	2020	10	23	0
	2080882	190.765000	18.594000	1.001934e+05	1.651500e+01	1.084394e+05	1.079464e+05	5.800550e+04	5.732300e+04	3.021099e+02	1.965755e+01	2020	10	23	6
	2004077	190.340000	19.929700	9.993256e+04	1.817932e+01	1.083643e+05	1.078368e+05	5.795535e+04	5.711610e+04	3.019172e+02	2.228690e+01	2020	10	23	12
	1932648	190.071000	21.195100	9.987944e+04	2.227191e+01	1.083526e+05	1.075171e+05	5.798010e+04	5.710085e+04	3.017026e+02	1.953285e+01	2020	10	23	18
	1905223	190.236000	21.687200	9.973662e+04	1.895609e+01	1.082695e+05	1.073045e+05	5.789376e+04	5.704426e+04	3.015842e+02	1.536502e+01	2020	10	24	0
	1831771	190.627000	23.022800	9.979744e+04	2.157369e+01	1.082798e+05	1.070248e+05	5.795204e+04	5.724254e+04	3.010271e+02	1.703481e+01	2020	10	24	6
	1771035	190.808000	24.147600	9.972012e+04	2.331459e+01	1.080809e+05	1.066404e+05	5.783213e+04	5.713288e+04	3.006687e+02	2.464733e+01	2020	10	24	12
	1707626	191.104000	25.342700	9.898456e+04	2.387483e+01	1.080112e+05	1.063958e+05	5.778658e+04	5.668908e+04	3.004702e+02	2.566314e+01	2020	10	24	18
	1667214	191.435000	26.116000	9.916900e+04	2.272489e+01	1.078300e+05	1.062340e+05	5.765983e+04	5.681258e+04	3.001077e+02	2.341453e+01	2020	10	25	0
	1630895	191.661000	26.819000	9.892206e+04	3.065830e+01	1.077716e+05	1.062426e+05	5.769236e+04	5.613986e+04	2.997273e+02	1.922081e+01	2020	10	25	6
	1616479	191.713000	27.100200	9.854456e+04	2.736315e+01	1.075610e+05	1.058450e+05	5.757569e+04	5.560344e+04	2.994958e+02	1.336061e+01	2020	10	25	12
	1627289	192.073000	26.889300	9.894425e+04	2.113823e+01	1.076477e+05	1.062277e+05	5.763766e+04	5.591591e+04	2.995684e+02	9.231420e+00	2020	10	25	18
	1616484	192.214000	27.100200	9.919194e+04	1.995834e+01	1.076543e+05	1.064613e+05	5.761588e+04	5.614463e+04	2.995479e+02	7.822317e+00	2020	10	26	0
	1612889	192.127000	27.170500	9.951612e+04	2.291708e+01	1.077172e+05	1.065908e+05	5.766763e+04	5.637763e+04	2.994883e+02	1.214347e+01	2020	10	26	6
	1620079	191.900000	27.029900	9.961006e+04	2.288091e+01	1.075891e+05	1.065801e+05	5.768778e+04	5.641228e+04	2.994460e+02	1.232975e+01	2020	10	26	12
	1634508	191.549000	26.748700	9.969169e+04	2.463034e+01	1.075632e+05	1.065378e+05	5.769185e+04	5.644785e+04	2.994800e+02	1.128732e+01	2020	10	26	18
	1656273	191.176000	26.326900	9.969894e+04	2.521631e+01	1.075306e+05	1.066096e+05	5.766226e+04	5.641451e+04	3.000706e+02	1.175906e+01	2020	10	27	0
	1670859	190.536000	26.045700	9.961288e+04	2.875433e+01	1.075711e+05	1.067226e+05	5.775854e+04	5.643329e+04	3.000928e+02	1.172997e+01	2020	10	27	6
	1689181	189.695000	25.694200	9.969769e+04	2.669118e+01	1.074841e+05	1.067399e+05	5.775223e+04	5.645698e+04	3.000447e+02	1.167008e+01	2020	10	27	12
	1711303	189.049000	25.272400	9.970094e+04	2.547292e+01	1.074374e+05	1.067864e+05	5.768378e+04	5.644053e+04	3.001931e+02	9.384422e+00	2020	10	27	18
	1707598	188.377000	25.342700	9.955031e+04	2.753311e+01	1.073928e+05	1.067725e+05	5.766160e+04	5.627160e+04	3.003254e+02	1.025854e+01	2020	10	28	0
	1707593	187.890000	25.342700	9.944650e+04	2.785341e+01	1.074761e+05	1.067961e+05	5.762829e+04	5.641529e+04	3.004229e+02	9.768538e+00	2020	10	28	6
	1696514	187.036000	25.553600	9.926619e+04	2.801992e+01	1.073141e+05	1.068058e+05	5.760412e+04	5.625138e+04	3.004058e+02	9.296971e+00	2020	10	28	12
	1696510	186.645000	25.553600	9.913869e+04	2.489700e+01	1.073216e+05	1.067533e+05	5.759361e+04	5.627786e+04	3.003845e+02	5.598012e+00	2020	10	28	18
	1700193	186.345000	25.483300	9.904006e+04	2.467997e+01	1.072882e+05	1.067089e+05	5.760402e+04	5.626327e+04	3.004946e+02	5.019925e+00	2020	10	29	0
	1711275	186.324000	25.272400	9.904900e+04	2.604936e+01	1.073634e+05	1.067266e+05	5.763355e+04	5.636255e+04	3.005437e+02	5.319260e+00	2020	10	29	6
	1729824	186.194000	24.920900	9.920869e+04	2.544010e+01	1.073774e+05	1.068001e+05	5.770078e+04	5.645953e+04	3.006191e+02	5.356422e+00	2020	10	29	12
	1744735	186.071000	24.639700	9.926662e+04	2.483939e+01	1.073421e+05	1.068074e+05	5.766195e+04	5.642720e+04	3.006433e+02	4.950825e+00	2020	10	29	18
	1767220	185.745000	24.217900	9.933956e+04	2.218122e+01	1.073689e+05	1.068991e+05	5.772163e+04	5.646663e+04	3.008831e+02	4.581306e+00	2020	10	30	0
	1789847	185.233000	23.796100	9.944800e+04	2.307413e+01	1.074924e+05	1.070494e+05	5.781301e+04	5.656751e+04	3.010491e+02	5.526111e+00	2020	10	30	6
	1805009	184.642000	23.514900	9.951606e+04	2.394792e+01	1.075604e+05	1.071514e+05	5.783378e+04	5.679203e+04	3.010947e+02	5.384195e+00	2020	10	30	12
	1816422	184.155000	23.304000	9.986462e+04	1.941489e+01	1.075043e+05	1.071071e+05	5.776728e+04	5.707003e+04	3.011162e+02	2.762882e+00	2020	10	30	18
	1808799	183.502000	23.444600	1.000592e+05	1.795000e+01	1.075731e+05	1.071446e+05	5.780727e+04	5.728352e+04	3.012424e+02	2.107242e+00	2020	10	31	0
	1804992	183.032000	23.514900	1.002704e+05	1.607511e+01	1.076570e+05	1.071235e+05	5.775757e+04	5.736282e+04	3.013074e+02	3.483006e+00	2020	10	31	6
start	23	2020	10	29	12
	2312400	279.628000	14.727600	1.006147e+05	1.083660e+01	1.081334e+05	1.077741e+05	5.773203e+04	5.733028e+04	3.037822e+02	3.393681e+01	2020	10	29	12
	2364298	279.356000	13.884000	1.004989e+05	1.230906e+01	1.081036e+05	1.077944e+05	5.767720e+04	5.725245e+04	3.037185e+02	2.857449e+01	2020	10	29	18
	2355626	280.866000	14.024600	1.003551e+05	1.272738e+01	1.082011e+05	1.078199e+05	5.767363e+04	5.717713e+04	3.032053e+02	2.770827e+01	2020	10	30	0
	2308125	281.648000	14.797900	1.002900e+05	1.288909e+01	1.081077e+05	1.077887e+05	5.763576e+04	5.718601e+04	3.030979e+02	3.211735e+01	2020	10	30	6
	2295256	282.017000	15.008800	1.003153e+05	1.440012e+01	1.081759e+05	1.078224e+05	5.775678e+04	5.721478e+04	3.031572e+02	3.140076e+01	2020	10	30	12
	2303837	282.246000	14.868200	1.002324e+05	1.564485e+01	1.082206e+05	1.078446e+05	5.772878e+04	5.714828e+04	3.030615e+02	2.431432e+01	2020	10	30	18
	2308145	283.324000	14.797900	1.002110e+05	1.558352e+01	1.082649e+05	1.080041e+05	5.779977e+04	5.719177e+04	3.030198e+02	2.693626e+01	2020	10	31	0
	2261123	283.716000	15.571200	1.001431e+05	1.612766e+01	1.081980e+05	1.079332e+05	5.772157e+04	5.714382e+04	3.033738e+02	3.228557e+01	2020	10	31	6
	2252633	284.420000	15.711800	1.001200e+05	1.606068e+01	1.082101e+05	1.079269e+05	5.780688e+04	5.713938e+04	3.033218e+02	2.901215e+01	2020	10	31	12
	2197789	284.857000	16.625700	9.996000e+04	1.725097e+01	1.081878e+05	1.078223e+05	5.769068e+04	5.703843e+04	3.034624e+02	2.476291e+01	2020	10	31	18
	2193605	285.473000	16.696000	9.988375e+04	1.831009e+01	1.083017e+05	1.079502e+05	5.781321e+04	5.694796e+04	3.035464e+02	2.484629e+01	2020	11	1	0
	2176881	285.532000	16.977200	9.973150e+04	2.064132e+01	1.081449e+05	1.077779e+05	5.770618e+04	5.690418e+04	3.041528e+02	2.819350e+01	2020	11	1	6
	2139495	286.451000	17.609800	9.970031e+04	2.393556e+01	1.082282e+05	1.077460e+05	5.780977e+04	5.690002e+04	3.041956e+02	2.645993e+01	2020	11	1	12
	2118868	287.230000	17.961300	9.906819e+04	2.462859e+01	1.081051e+05	1.075739e+05	5.770388e+04	5.653488e+04	3.041335e+02	2.032664e+01	2020	11	1	18
	2098348	288.633000	18.312800	9.967819e+04	1.786742e+01	1.082129e+05	1.076059e+05	5.782147e+04	5.683122e+04	3.040581e+02	2.129613e+01	2020	11	2	0
	2029278	289.037000	19.507900	9.982881e+04	1.700577e+01	1.081244e+05	1.072527e+05	5.766463e+04	5.691288e+04	3.040703e+02	2.132473e+01	2020	11	2	6
	2009185	289.311000	19.859400	9.993944e+04	1.894043e+01	1.081734e+05	1.072334e+05	5.778778e+04	5.714828e+04	3.038528e+02	2.056576e+01	2020	11	2	12
	1977246	289.920000	20.421800	9.965850e+04	2.068559e+01	1.080678e+05	1.071295e+05	5.768568e+04	5.707668e+04	3.030776e+02	2.259036e+01	2020	11	2	18
	1957420	290.839000	20.773300	9.991862e+04	1.874995e+01	1.081676e+05	1.070956e+05	5.781507e+04	5.722107e+04	3.029805e+02	1.945853e+01	2020	11	3	0
	1902419	291.600000	21.757500	9.978825e+04	2.152764e+01	1.081314e+05	1.067994e+05	5.773325e+04	5.709325e+04	3.027432e+02	2.387583e+01	2020	11	3	6
	1894634	292.477000	21.898100	9.968594e+04	2.093600e+01	1.081826e+05	1.067496e+05	5.781735e+04	5.717485e+04	3.025862e+02	1.629216e+01	2020	11	3	12
	1848218	293.881000	22.741700	9.896256e+04	3.360936e+01	1.080230e+05	1.064460e+05	5.782096e+04	5.639771e+04	3.023599e+02	1.321996e+01	2020	11	3	18
	1832873	294.263000	23.022800	9.974638e+04	2.330558e+01	1.081146e+05	1.062786e+05	5.795096e+04	5.722271e+04	3.022183e+02	9.742023e+00	2020	11	4	0
start	43	2020	11	19	12
	2635367	148.563000	9.595780	1.006551e+05	1.438887e+01	1.084930e+05	1.083145e+05	5.808147e+04	5.759072e+04	3.033850e+02	1.611502e+01	2020	11	19	12
	2653744	146.875000	9.314590	1.003173e+05	1.374124e+01	1.083145e+05	1.080555e+05	5.783198e+04	5.729748e+04	3.034333e+02	1.961648e+01	2020	11	19	18
	2667562	145.091000	9.103690	1.005157e+05	1.561368e+01	1.085379e+05	1.083274e+05	5.801315e+04	5.742715e+04	3.033826e+02	1.449296e+01	2020	11	20	0
	2649096	143.562000	9.384890	1.001751e+05	2.045659e+01	1.083675e+05	1.080605e+05	5.783123e+04	5.716173e+04	3.033459e+02	1.014210e+01	2020	11	20	6
	2658301	142.767000	9.244290	1.003157e+05	1.531977e+01	1.085470e+05	1.082815e+05	5.805450e+04	5.750475e+04	3.033342e+02	1.372524e+01	2020	11	20	12
	2639868	141.305000	9.525480	1.000632e+05	1.666898e+01	1.083911e+05	1.079851e+05	5.785697e+04	5.720672e+04	3.033081e+02	1.410939e+01	2020	11	20	18
	2635255	139.782000	9.595780	1.001802e+05	1.951104e+01	1.086046e+05	1.083016e+05	5.814780e+04	5.751430e+04	3.033523e+02	1.621063e+01	2020	11	21	0
	2630643	138.021000	9.666080	9.977862e+04	2.029641e+01	1.083964e+05	1.081014e+05	5.796516e+04	5.721091e+04	3.033191e+02	1.595289e+01	2020	11	21	6
	2639801	136.057000	9.525480	9.973131e+04	2.208014e+01	1.085884e+05	1.082359e+05	5.810262e+04	5.736387e+04	3.033474e+02	2.128905e+01	2020	11	21	12
	2639773	133.864000	9.525480	9.926056e+04	2.359863e+01	1.083685e+05	1.080035e+05	5.789521e+04	5.705746e+04	3.033181e+02	2.398055e+01	2020	11	21	18
	2653552	131.875000	9.314590	9.912481e+04	2.564685e+01	1.086182e+05	1.081652e+05	5.812200e+04	5.695650e+04	3.034265e+02	2.346119e+01	2020	11	22	0
	2662748	129.775000	9.173990	9.847950e+04	3.419007e+01	1.084112e+05	1.078942e+05	5.792675e+04	5.661400e+04	3.034041e+02	2.215961e+01	2020	11	22	6
	2671959	127.604000	9.033390	9.822600e+04	3.947038e+01	1.086142e+05	1.078192e+05	5.811328e+04	5.640453e+04	3.033892e+02	2.217071e+01	2020	11	22	12
	2676561	125.782000	8.963090	9.871444e+04	2.739269e+01	1.083957e+05	1.075777e+05	5.789088e+04	5.624762e+04	3.040261e+02	1.941509e+01	2020	11	22	18
	2658060	123.955000	9.244290	9.853788e+04	3.801081e+01	1.086014e+05	1.078514e+05	5.812887e+04	5.669087e+04	3.051897e+02	2.222220e+01	2020	11	23	0
	2639623	122.115000	9.525480	9.869756e+04	3.346175e+01	1.083502e+05	1.074827e+05	5.791729e+04	5.636454e+04	3.055071e+02	1.753342e+01	2020	11	23	6
	2616676	120.524000	9.876980	9.853612e+04	3.147573e+01	1.085101e+05	1.077491e+05	5.803125e+04	5.631850e+04	3.035352e+02	1.715167e+01	2020	11	23	12
	2589279	119.183000	10.298800	9.858706e+04	3.431775e+01	1.083526e+05	1.073981e+05	5.785689e+04	5.651064e+04	3.037825e+02	1.819838e+01	2020	11	23	18
	2552980	117.876000	10.861200	9.879825e+04	3.715560e+01	1.084613e+05	1.077113e+05	5.796055e+04	5.657880e+04	3.037253e+02	1.760866e+01	2020	11	24	0
	2534919	116.616000	11.142400	9.865919e+04	3.213102e+01	1.083182e+05	1.075762e+05	5.781882e+04	5.657607e+04	3.035974e+02	1.368854e+01	2020	11	24	6
	2530403	115.440000	11.212700	9.955019e+04	2.347122e+01	1.084678e+05	1.080698e+05	5.795886e+04	5.735261e+04	3.032256e+02	2.108102e+01	2020	11	24	12
	2534889	114.218000	11.142400	9.943081e+04	2.327834e+01	1.083754e+05	1.076054e+05	5.783043e+04	5.702868e+04	3.030391e+02	2.525978e+01	2020	11	24	18
	2530375	113.200000	11.212700	9.983612e+04	2.044141e+01	1.084981e+05	1.082661e+05	5.792490e+04	5.760440e+04	3.029214e+02	2.436488e+01	2020	11	25	0
	2525865	112.180000	11.283000	9.978688e+04	2.037199e+01	1.083815e+05	1.082275e+05	5.787536e+04	5.753286e+04	3.032937e+02	1.531713e+01	2020	11	25	6
	2543869	111.463000	11.001800	1.000366e+05	1.862201e+01	1.086046e+05	1.083791e+05	5.800881e+04	5.760131e+04	3.033826e+02	1.585802e+01	2020	11	25	12
	2566463	110.494000	10.650300	9.969944e+04	2.070878e+01	1.084564e+05	1.082174e+05	5.791231e+04	5.760156e+04	3.033625e+02	2.476920e+01	2020	11	25	18
	2598271	109.816000	10.158200	1.000048e+05	1.892766e+01	1.086345e+05	1.083165e+05	5.800571e+04	5.757371e+04	3.033367e+02	2.819808e+01	2020	11	26	0
	2625684	108.691000	9.736380	9.973519e+04	2.221477e+01	1.084308e+05	1.078253e+05	5.793429e+04	5.714079e+04	3.032673e+02	2.681250e+01	2020	11	26	6
	2639440	107.781000	9.525480	9.974688e+04	2.149585e+01	1.085015e+05	1.082745e+05	5.804738e+04	5.757188e+04	3.030403e+02	1.902058e+01	2020	11	26	12
	2662448	106.378000	9.173990	9.956244e+04	2.569584e+01	1.084377e+05	1.081137e+05	5.796498e+04	5.735798e+04	3.042817e+02	2.398530e+01	2020	11	26	18
	2680924	105.078000	8.892790	1.001559e+05	2.107716e+01	1.084141e+05	1.081306e+05	5.795612e+04	5.744112e+04	3.048301e+02	1.332721e+01	2020	11	27	0
	2694815	103.488000	8.681900	9.974444e+04	2.321727e+01	1.083421e+05	1.079666e+05	5.790395e+04	5.721270e+04	3.047358e+02	1.640840e+01	2020	11	27	6
	2694798	102.171000	8.681900	9.979381e+04	2.223447e+01	1.083428e+05	1.081032e+05	5.793638e+04	5.741063e+04	3.040774e+02	1.723219e+01	2020	11	27	12
	2680866	100.570000	8.892790	9.923325e+04	2.580731e+01	1.083734e+05	1.079254e+05	5.797488e+04	5.695463e+04	3.040383e+02	2.074053e+01	2020	11	27	18
	2657743	99.210800	9.244290	9.970056e+04	2.510529e+01	1.082521e+05	1.079761e+05	5.790391e+04	5.720591e+04	3.042532e+02	1.377851e+01	2020	11	28	0
	2643910	97.826100	9.455180	9.954706e+04	2.655591e+01	1.082412e+05	1.079562e+05	5.788627e+04	5.703427e+04	3.043164e+02	1.289171e+01	2020	11	28	6
	2616375	96.844400	9.876980	9.924025e+04	2.703190e+01	1.082926e+05	1.079331e+05	5.785707e+04	5.701082e+04	3.041516e+02	1.168101e+01	2020	11	28	12
	2588982	95.694200	10.298800	9.898500e+04	2.826577e+01	1.082660e+05	1.078410e+05	5.785129e+04	5.668329e+04	3.032778e+02	1.386691e+01	2020	11	28	18
	2570799	94.841300	10.580000	9.891681e+04	2.752241e+01	1.082153e+05	1.075203e+05	5.783525e+04	5.650225e+04	3.028647e+02	1.363388e+01	2020	11	29	0
	2557200	93.899200	10.790900	9.942888e+04	2.623766e+01	1.083338e+05	1.079388e+05	5.787447e+04	5.729297e+04	3.029949e+02	1.014718e+01	2020	11	29	6
	2552664	92.708000	10.861200	9.978538e+04	2.061153e+01	1.082698e+05	1.079712e+05	5.784162e+04	5.756862e+04	3.028638e+02	7.136893e+00	2020	11	29	12
	2552648	91.433600	10.861200	1.000524e+05	2.009294e+01	1.083276e+05	1.080536e+05	5.782784e+04	5.764884e+04	3.027905e+02	1.394864e+01	2020	11	29	18
	2552633	90.238900	10.861200	9.994619e+04	2.044504e+01	1.083161e+05	1.079971e+05	5.775652e+04	5.753902e+04	3.025610e+02	1.371282e+01	2020	11	30	0
start	38	2020	12	29	12
	4040833	135.040000	-10.790900	1.001571e+05	1.260010e+01	1.085279e+05	1.081859e+05	5.779051e+04	5.724176e+04	3.060510e+02	2.532818e+01	2020	12	29	12
	4090341	133.473000	-11.564100	9.984188e+04	1.542297e+01	1.082758e+05	1.077843e+05	5.754762e+04	5.687612e+04	3.067856e+02	3.217566e+01	2020	12	29	18
	4085863	133.836000	-11.493800	9.987281e+04	1.876830e+01	1.085432e+05	1.081518e+05	5.779770e+04	5.708745e+04	3.064976e+02	3.351378e+01	2020	12	30	0
	4103762	133.268000	-11.775000	9.946769e+04	1.598911e+01	1.084092e+05	1.080512e+05	5.759826e+04	5.690301e+04	3.066279e+02	1.999143e+01	2020	12	30	6
	4103756	132.784000	-11.775000	9.966469e+04	1.780761e+01	1.085762e+05	1.082992e+05	5.780390e+04	5.705665e+04	3.067847e+02	2.910552e+01	2020	12	30	12
	4121597	132.695000	-12.056200	9.963819e+04	1.500088e+01	1.083147e+05	1.080817e+05	5.758902e+04	5.701477e+04	3.065706e+02	3.685021e+01	2020	12	30	18
	4148236	132.358000	-12.478000	9.963412e+04	1.691984e+01	1.085794e+05	1.081594e+05	5.778831e+04	5.704181e+04	3.065493e+02	3.557983e+01	2020	12	31	0
	4157080	131.946000	-12.618600	9.942112e+04	1.752305e+01	1.084670e+05	1.081305e+05	5.757164e+04	5.690914e+04	3.064988e+02	2.931491e+01	2020	12	31	6
	4148231	131.951000	-12.478000	9.960531e+04	1.856743e+01	1.086539e+05	1.084119e+05	5.778895e+04	5.715995e+04	3.064075e+02	4.362601e+01	2020	12	31	12
	4161494	131.576000	-12.688900	9.926556e+04	2.072089e+01	1.083871e+05	1.080776e+05	5.754524e+04	5.679699e+04	3.062791e+02	5.175972e+01	2020	12	31	18
	4170315	131.243000	-12.829500	9.938444e+04	1.822063e+01	1.085797e+05	1.082102e+05	5.777198e+04	5.684648e+04	3.062839e+02	4.236338e+01	2021	1	1	0
	4170311	130.917000	-12.829500	9.910188e+04	1.890693e+01	1.085109e+05	1.080509e+05	5.755063e+04	5.674838e+04	3.061443e+02	4.196712e+01	2021	1	1	6
	4192299	130.529000	-13.181000	9.952100e+04	1.675410e+01	1.086712e+05	1.081822e+05	5.777631e+04	5.692006e+04	3.065574e+02	4.873917e+01	2021	1	1	12
	4205437	129.735000	-13.391900	9.831869e+04	2.430440e+01	1.084644e+05	1.074519e+05	5.752552e+04	5.630877e+04	3.065146e+02	4.029971e+01	2021	1	1	18
	4222904	129.138000	-13.673100	9.844969e+04	2.766903e+01	1.085890e+05	1.076500e+05	5.768160e+04	5.641835e+04	3.063113e+02	3.911142e+01	2021	1	2	0
	4248988	128.524000	-14.094900	9.816281e+04	2.417860e+01	1.084651e+05	1.077151e+05	5.758845e+04	5.650495e+04	3.067092e+02	3.640552e+01	2021	1	2	6
	4266291	127.583000	-14.376100	9.822062e+04	2.074376e+01	1.085092e+05	1.081352e+05	5.773204e+04	5.664979e+04	3.065142e+02	3.879119e+01	2021	1	2	12
	4300716	126.604000	-14.938500	9.803869e+04	3.502171e+01	1.084085e+05	1.073425e+05	5.748653e+04	5.593828e+04	3.067000e+02	3.906611e+01	2021	1	2	18
	4343388	125.424000	-15.641500	9.805025e+04	2.596298e+01	1.084752e+05	1.074302e+05	5.765725e+04	5.587100e+04	3.071038e+02	3.476170e+01	2021	1	3	0
	4373023	124.806000	-16.133600	9.785962e+04	2.715750e+01	1.085133e+05	1.077808e+05	5.758736e+04	5.614436e+04	3.067488e+02	2.985798e+01	2021	1	3	6
	4427545	124.117000	-17.047500	9.851456e+04	2.988138e+01	1.085453e+05	1.078418e+05	5.770985e+04	5.635085e+04	3.066165e+02	2.504990e+01	2021	1	3	12
	4435871	123.837000	-17.188000	9.816662e+04	2.825657e+01	1.082068e+05	1.076218e+05	5.741733e+04	5.613733e+04	3.064458e+02	2.517749e+01	2021	1	3	18
	4473153	123.695000	-17.820700	9.832981e+04	2.126583e+01	1.084116e+05	1.077971e+05	5.751054e+04	5.617129e+04	3.062742e+02	2.148093e+01	2021	1	4	0
	4514197	123.497000	-18.523700	9.837269e+04	1.850281e+01	1.083530e+05	1.077490e+05	5.742577e+04	5.622552e+04	3.061938e+02	1.890957e+01	2021	1	4	6
	4530510	124.071000	-18.804900	9.868975e+04	1.748649e+01	1.083918e+05	1.079693e+05	5.751303e+04	5.639728e+04	3.060613e+02	1.925857e+01	2021	1	4	12
	4566971	124.554000	-19.437600	9.847112e+04	1.771856e+01	1.081692e+05	1.077882e+05	5.730041e+04	5.618016e+04	-9.000000e+33	1.958681e+01	2021	1	4	18
	4583079	125.408000	-19.718800	9.883450e+04	1.699832e+01	1.084376e+05	1.078401e+05	5.747781e+04	5.647481e+04	-9.000000e+33	2.131063e+01	2021	1	5	0
	4611107	126.289000	-20.210900	9.879450e+04	1.583685e+01	1.084141e+05	1.078416e+05	5.732566e+04	5.654841e+04	-9.000000e+33	2.976423e+01	2021	1	5	6
	4627039	127.160000	-20.492100	9.891762e+04	1.604560e+01	1.084409e+05	1.079729e+05	5.745320e+04	5.664520e+04	-9.000000e+33	3.220343e+01	2021	1	5	12
	4638948	128.000000	-20.703000	9.885219e+04	1.387681e+01	1.082406e+05	1.077446e+05	5.727909e+04	5.646384e+04	-9.000000e+33	1.826581e+01	2021	1	5	18
	4650824	129.119000	-20.913900	9.914100e+04	1.411050e+01	1.084639e+05	1.078814e+05	5.745782e+04	5.667982e+04	-9.000000e+33	1.883652e+01	2021	1	6	0
	4694023	129.744000	-21.687200	9.899838e+04	1.282097e+01	1.084398e+05	1.078743e+05	5.729473e+04	5.665723e+04	-9.000000e+33	2.453219e+01	2021	1	6	6
	4697930	130.154000	-21.757500	9.924056e+04	1.371735e+01	1.086065e+05	1.081025e+05	5.754385e+04	5.685985e+04	-9.000000e+33	2.140419e+01	2021	1	6	12
	4713506	130.690000	-22.038700	9.915369e+04	1.304509e+01	1.083214e+05	1.079444e+05	5.736327e+04	5.663902e+04	-9.000000e+33	1.087593e+01	2021	1	6	18
	4697941	131.169000	-21.757500	9.954725e+04	1.255022e+01	1.086364e+05	1.082474e+05	5.763438e+04	5.698362e+04	-9.000000e+33	8.958000e+00	2021	1	7	0
	4701848	131.951000	-21.827800	9.959238e+04	1.128356e+01	1.087516e+05	1.082276e+05	5.753770e+04	5.700545e+04	-9.000000e+33	1.115511e+01	2021	1	7	6
	4732900	132.671000	-22.390200	1.000663e+05	1.016241e+01	1.088929e+05	1.084799e+05	5.778643e+04	5.729968e+04	-9.000000e+33	8.957040e+00	2021	1	7	12
	4752176	132.986000	-22.741700	9.998438e+04	8.303091e+00	1.086373e+05	1.082998e+05	5.762112e+04	5.716662e+04	-9.000000e+33	2.107467e+00	2021	1	7	18
start	33	2021	1	8	6
	4093956	64.021400	-11.634400	1.008783e+05	1.078046e+01	1.084866e+05	1.082951e+05	5.801132e+04	5.771257e+04	3.044192e+02	2.135730e+01	2021	1	8	6
	4116285	63.420100	-11.985900	1.005946e+05	1.041904e+01	1.083216e+05	1.081341e+05	5.780625e+04	5.748750e+04	3.041660e+02	1.961559e+01	2021	1	8	12
	4125184	62.805800	-12.126500	1.008604e+05	1.195577e+01	1.085101e+05	1.083651e+05	5.805088e+04	5.771038e+04	3.038284e+02	2.224567e+01	2021	1	8	18
	4156220	61.900500	-12.618600	1.005507e+05	1.197380e+01	1.083307e+05	1.081627e+05	5.785193e+04	5.749768e+04	3.037451e+02	1.956018e+01	2021	1	9	0
	4173865	61.226200	-12.899800	1.007286e+05	1.253883e+01	1.085086e+05	1.083746e+05	5.804053e+04	5.771228e+04	3.037075e+02	2.006145e+01	2021	1	9	6
	4217711	60.632400	-13.602800	1.003908e+05	1.229128e+01	1.083251e+05	1.081921e+05	5.782229e+04	5.744604e+04	3.035295e+02	2.599747e+01	2021	1	9	12
	4230775	59.476100	-13.813700	1.006209e+05	1.378831e+01	1.085559e+05	1.083924e+05	5.801988e+04	5.764288e+04	3.034880e+02	2.405550e+01	2021	1	9	18
	4243811	58.977000	-14.024600	1.003435e+05	1.357086e+01	1.082916e+05	1.080546e+05	5.782964e+04	5.732714e+04	3.035032e+02	2.085986e+01	2021	1	10	0
	4269778	58.220600	-14.446400	1.005081e+05	1.442467e+01	1.084899e+05	1.082989e+05	5.799757e+04	5.748832e+04	3.034700e+02	2.554004e+01	2021	1	10	6
	4295605	57.791200	-14.868200	1.001878e+05	1.341300e+01	1.082870e+05	1.080250e+05	5.773084e+04	5.714484e+04	3.034536e+02	3.305721e+01	2021	1	10	12
	4329818	57.295800	-15.430600	1.002966e+05	1.604309e+01	1.084712e+05	1.081982e+05	5.790253e+04	5.722678e+04	3.032163e+02	3.551795e+01	2021	1	10	18
	4338331	57.149600	-15.571200	9.990094e+04	1.681165e+01	1.082861e+05	1.077371e+05	5.768215e+04	5.684315e+04	3.031372e+02	3.031962e+01	2021	1	11	0
	4355315	57.365400	-15.852400	9.983938e+04	1.984534e+01	1.084011e+05	1.078171e+05	5.794078e+04	5.697503e+04	3.029663e+02	3.160610e+01	2021	1	11	6
	4380679	58.376100	-16.274200	9.945069e+04	2.181924e+01	1.082113e+05	1.076613e+05	5.773163e+04	5.663188e+04	3.028474e+02	4.295389e+01	2021	1	11	12
	4389104	58.915300	-16.414800	9.941181e+04	2.515189e+01	1.084339e+05	1.078949e+05	5.796607e+04	5.679807e+04	3.026897e+02	4.332202e+01	2021	1	11	18
	4401710	59.599200	-16.625700	9.898344e+04	2.283821e+01	1.081372e+05	1.075728e+05	5.767855e+04	5.646155e+04	3.025498e+02	4.118018e+01	2021	1	12	0
	4414282	60.459300	-16.836600	9.904650e+04	2.378178e+01	1.083311e+05	1.076201e+05	5.790557e+04	5.646882e+04	3.025825e+02	4.644410e+01	2021	1	12	6
	4447613	61.186100	-17.398900	9.868562e+04	2.922007e+01	1.081578e+05	1.073663e+05	5.759819e+04	5.635469e+04	3.023843e+02	4.503557e+01	2021	1	12	12
	4451767	61.766400	-17.469200	9.916731e+04	2.198543e+01	1.083427e+05	1.073562e+05	5.778312e+04	5.704662e+04	3.022683e+02	4.290352e+01	2021	1	12	18
	4476571	62.126200	-17.891000	9.873825e+04	2.285865e+01	1.080891e+05	1.071281e+05	5.749916e+04	5.655241e+04	3.019988e+02	3.909265e+01	2021	1	13	0
	4505330	62.815200	-18.383100	9.906712e+04	2.157722e+01	1.082775e+05	1.073810e+05	5.763403e+04	5.685953e+04	3.018945e+02	3.703043e+01	2021	1	13	6
	4566282	63.035700	-19.437600	9.887862e+04	2.418902e+01	1.080777e+05	1.072302e+05	5.733430e+04	5.663705e+04	3.015996e+02	3.618230e+01	2021	1	13	12
	4602412	62.342300	-20.070300	9.863506e+04	2.742160e+01	1.081759e+05	1.074019e+05	5.746065e+04	5.663990e+04	3.012864e+02	2.338541e+01	2021	1	13	18
	4590395	61.706600	-19.859400	9.842069e+04	2.359044e+01	1.079591e+05	1.071726e+05	5.725581e+04	5.629881e+04	3.010481e+02	1.034271e+01	2021	1	14	0
	4594396	61.138900	-19.929700	9.876306e+04	2.000711e+01	1.082021e+05	1.076361e+05	5.742672e+04	5.648647e+04	3.010852e+02	8.216177e+00	2021	1	14	6
	4598397	60.930000	-20.000000	9.873188e+04	1.747058e+01	1.081026e+05	1.076021e+05	5.733623e+04	5.644223e+04	3.010679e+02	5.708641e+00	2021	1	14	12
	4598395	60.750000	-20.000000	9.916319e+04	1.667368e+01	1.083027e+05	1.077597e+05	5.752907e+04	5.677182e+04	3.010383e+02	5.958116e+00	2021	1	14	18
	4610377	60.391200	-20.210900	9.917738e+04	1.563627e+01	1.081787e+05	1.075832e+05	5.742714e+04	5.676814e+04	3.010320e+02	3.681803e+00	2021	1	15	0
	4634236	59.939500	-20.632700	9.950338e+04	1.546108e+01	1.084664e+05	1.077939e+05	5.772430e+04	5.710930e+04	3.010918e+02	3.224428e+00	2021	1	15	6
	4661888	59.268300	-21.124800	9.949256e+04	1.408124e+01	1.083327e+05	1.076237e+05	5.760630e+04	5.708880e+04	3.013799e+02	5.397593e+00	2021	1	15	12
	4661881	58.628000	-21.124800	9.980075e+04	1.396295e+01	1.085172e+05	1.078242e+05	5.783029e+04	5.730029e+04	3.014597e+02	4.278318e+00	2021	1	15	18
	4677587	57.581600	-21.406000	9.973438e+04	1.402825e+01	1.083678e+05	1.076348e+05	5.771098e+04	5.715948e+04	3.016836e+02	3.783983e+00	2021	1	16	0
	4704928	56.608400	-21.898100	1.000879e+05	1.428971e+01	1.085878e+05	1.079498e+05	5.793123e+04	5.745398e+04	3.019119e+02	4.207023e+00	2021	1	16	6
start	29	2021	1	18	18
	4529498	34.513300	-18.804900	1.002082e+05	1.068190e+01	1.084961e+05	1.082761e+05	5.785525e+04	5.728450e+04	3.040664e+02	3.277231e+01	2021	1	18	18
	4614082	34.879500	-20.281200	1.000091e+05	1.548346e+01	1.083869e+05	1.079389e+05	5.759154e+04	5.711254e+04	3.039397e+02	4.168199e+01	2021	1	19	0
	4689083	34.544500	-21.616900	1.000104e+05	1.529112e+01	1.083129e+05	1.078819e+05	5.769596e+04	5.700246e+04	3.037480e+02	3.886116e+01	2021	1	19	6
	4661620	34.756100	-21.124800	9.987362e+04	1.385423e+01	1.084182e+05	1.080268e+05	5.767292e+04	5.689942e+04	3.038354e+02	3.290515e+01	2021	1	19	12
	4685179	35.245400	-21.546600	1.000319e+05	1.472953e+01	1.086005e+05	1.080975e+05	5.790945e+04	5.712620e+04	3.037810e+02	4.056062e+01	2021	1	19	18
	4766489	35.830700	-23.022800	9.985594e+04	2.252040e+01	1.085138e+05	1.079178e+05	5.775848e+04	5.701223e+04	3.029883e+02	5.122159e+01	2021	1	20	0
	4868431	35.903200	-24.920900	9.988869e+04	2.346984e+01	1.085769e+05	1.075834e+05	5.783168e+04	5.701618e+04	3.029956e+02	4.496317e+01	2021	1	20	6
	4834774	35.846600	-24.288200	9.977169e+04	2.042817e+01	1.085722e+05	1.077922e+05	5.777123e+04	5.695423e+04	3.031450e+02	3.219072e+01	2021	1	20	12
	4945741	39.703000	-26.397200	9.984881e+04	3.047354e+01	1.087551e+05	1.076206e+05	5.800369e+04	5.686244e+04	3.015864e+02	3.917583e+01	2021	1	20	18
	4909155	38.683400	-25.694200	9.950306e+04	2.264685e+01	1.085532e+05	1.078478e+05	5.776091e+04	5.695666e+04	3.022119e+02	4.308767e+01	2021	1	21	0
	4934797	38.388200	-26.186300	9.953612e+04	2.596897e+01	1.085997e+05	1.079057e+05	5.785402e+04	5.698127e+04	3.025518e+02	3.315736e+01	2021	1	21	6
	4853558	40.278400	-24.639700	9.938338e+04	1.991468e+01	1.085651e+05	1.081326e+05	5.786649e+04	5.681999e+04	3.021436e+02	2.749225e+01	2021	1	21	12
	4949390	41.035200	-26.467500	9.918881e+04	2.243498e+01	1.086739e+05	1.078799e+05	5.785075e+04	5.683150e+04	3.012476e+02	2.204817e+01	2021	1	21	18
	4901819	41.335500	-25.553600	9.908156e+04	2.197024e+01	1.084735e+05	1.078805e+05	5.775674e+04	5.669349e+04	3.021665e+02	1.653515e+01	2021	1	22	0
	4887063	43.102700	-25.272400	9.927256e+04	2.044756e+01	1.085926e+05	1.078846e+05	5.782837e+04	5.682387e+04	3.038135e+02	1.699883e+01	2021	1	22	6
	4945780	43.564400	-26.397200	9.895631e+04	2.022727e+01	1.084004e+05	1.075989e+05	5.764780e+04	5.665555e+04	3.030728e+02	2.219039e+01	2021	1	22	12
	4953063	45.148800	-26.537800	9.909344e+04	1.971439e+01	1.084872e+05	1.074278e+05	5.768687e+04	5.675762e+04	3.026355e+02	2.171011e+01	2021	1	22	18
	4931220	45.739300	-26.116000	9.900106e+04	1.948062e+01	1.083159e+05	1.073709e+05	5.753757e+04	5.662332e+04	3.025703e+02	1.750100e+01	2021	1	23	0
	4912914	46.862700	-25.764500	9.944600e+04	1.649409e+01	1.084607e+05	1.075492e+05	5.774371e+04	5.691446e+04	3.011580e+02	1.664861e+01	2021	1	23	6
	4912922	47.647100	-25.764500	9.945431e+04	1.616292e+01	1.083834e+05	1.075504e+05	5.762560e+04	5.692685e+04	3.009365e+02	2.234045e+01	2021	1	23	12
	4927594	48.643300	-26.045700	9.953862e+04	1.846636e+01	1.085125e+05	1.075185e+05	5.770027e+04	5.704077e+04	3.010588e+02	2.606538e+01	2021	1	23	18
	4963982	49.977900	-26.748700	9.926256e+04	1.925423e+01	1.082828e+05	1.070978e+05	5.751194e+04	5.686769e+04	3.009338e+02	2.559036e+01	2021	1	24	0
	5017806	51.226100	-27.803200	9.941894e+04	1.789708e+01	1.084016e+05	1.067751e+05	5.763610e+04	5.692260e+04	3.007012e+02	2.526274e+01	2021	1	24	6
	5003552	52.004500	-27.522000	9.930162e+04	1.998722e+01	1.083684e+05	1.069449e+05	5.762099e+04	5.682799e+04	3.007922e+02	2.308993e+01	2021	1	24	12
	5046156	53.121500	-28.365600	9.906788e+04	2.320712e+01	1.084966e+05	1.068406e+05	5.775019e+04	5.661119e+04	3.000527e+02	2.809828e+01	2021	1	24	18
	5108982	54.855200	-29.630900	9.884650e+04	2.264206e+01	1.082764e+05	1.063754e+05	5.748216e+04	5.651391e+04	2.989622e+02	2.569033e+01	2021	1	25	0
	5115893	56.132400	-29.771500	9.916412e+04	2.188396e+01	1.084158e+05	1.064158e+05	5.765608e+04	5.651008e+04	2.989775e+02	1.216045e+01	2021	1	25	6
	5122785	57.101300	-29.912100	9.910950e+04	2.141663e+01	1.083501e+05	1.063481e+05	5.756955e+04	5.649955e+04	2.989238e+02	8.698680e+00	2021	1	25	12
	5139933	58.278700	-30.263600	9.933288e+04	1.746784e+01	1.085462e+05	1.064618e+05	5.775430e+04	5.672455e+04	2.985435e+02	1.207020e+01	2021	1	25	18
start	29	2021	1	20	0
	4352638	190.019000	-15.782100	9.989094e+04	1.569587e+01	1.085643e+05	1.083428e+05	5.767398e+04	5.711173e+04	3.048164e+02	4.717630e+01	2021	1	20	0
	4449088	189.200000	-17.398900	9.981419e+04	1.863849e+01	1.085734e+05	1.083444e+05	5.775293e+04	5.709568e+04	3.045171e+02	4.907919e+01	2021	1	20	6
	4436616	188.308000	-17.188000	9.972219e+04	1.855626e+01	1.085537e+05	1.083117e+05	5.770698e+04	5.704973e+04	3.040679e+02	5.832565e+01	2021	1	20	12
	4457352	187.130000	-17.539500	9.957481e+04	1.904530e+01	1.085236e+05	1.082771e+05	5.762769e+04	5.697094e+04	3.038862e+02	4.979145e+01	2021	1	20	18
	4469749	186.715000	-17.750400	9.940831e+04	1.782084e+01	1.085592e+05	1.082448e+05	5.759616e+04	5.688641e+04	3.043438e+02	4.657857e+01	2021	1	21	0
	4477986	185.767000	-17.891000	9.922112e+04	1.686481e+01	1.085317e+05	1.082112e+05	5.747652e+04	5.677027e+04	3.045361e+02	4.820483e+01	2021	1	21	6
	4510809	185.020000	-18.453400	9.918938e+04	1.912778e+01	1.085011e+05	1.081461e+05	5.758724e+04	5.668224e+04	3.037324e+02	4.968444e+01	2021	1	21	12
	4539320	184.433000	-18.945500	9.904181e+04	2.052615e+01	1.085409e+05	1.080544e+05	5.752675e+04	5.652800e+04	3.036558e+02	4.463829e+01	2021	1	21	18
	4535248	183.543000	-18.875200	9.897181e+04	1.927726e+01	1.085630e+05	1.080975e+05	5.756074e+04	5.646724e+04	3.035278e+02	4.207801e+01	2021	1	22	0
	4555511	182.938000	-19.226700	9.886706e+04	1.914348e+01	1.085691e+05	1.079546e+05	5.747987e+04	5.635737e+04	3.034238e+02	4.658587e+01	2021	1	22	6
	4591744	182.874000	-19.859400	9.881756e+04	2.083686e+01	1.085544e+05	1.080139e+05	5.763655e+04	5.636055e+04	3.031265e+02	4.583984e+01	2021	1	22	12
	4611727	182.257000	-20.210900	9.863544e+04	2.417232e+01	1.085842e+05	1.079068e+05	5.758987e+04	5.622012e+04	3.028787e+02	3.981080e+01	2021	1	22	18
	4643491	181.183000	-20.773300	9.856281e+04	2.516640e+01	1.085679e+05	1.079069e+05	5.771507e+04	5.621307e+04	3.024727e+02	3.545769e+01	2021	1	23	0
	4671070	179.817000	-21.265400	9.842325e+04	2.612206e+01	1.085547e+05	1.078617e+05	5.770121e+04	5.613071e+04	3.024968e+02	3.649732e+01	2021	1	23	6
	4698451	178.246000	-21.757500	9.856506e+04	2.578110e+01	1.086379e+05	1.081024e+05	5.784310e+04	5.628585e+04	3.021309e+02	3.454066e+01	2021	1	23	12
	4721764	176.842000	-22.179300	9.851875e+04	2.349410e+01	1.086285e+05	1.080380e+05	5.778652e+04	5.626852e+04	3.021282e+02	2.708285e+01	2021	1	23	18
	4748778	174.948000	-22.671400	9.858031e+04	2.505723e+01	1.087288e+05	1.082962e+05	5.788394e+04	5.644219e+04	3.021077e+02	2.888498e+01	2021	1	24	0
	4794645	172.895000	-23.514900	9.839919e+04	2.535457e+01	1.086486e+05	1.080851e+05	5.783610e+04	5.628685e+04	3.018389e+02	2.489587e+01	2021	1	24	6
	4828670	171.583000	-24.147600	9.859138e+04	2.490989e+01	1.088294e+05	1.082724e+05	5.792749e+04	5.641774e+04	3.016243e+02	1.862336e+01	2021	1	24	12
	4839925	169.733000	-24.358500	9.851312e+04	2.416179e+01	1.086876e+05	1.081991e+05	5.778844e+04	5.634394e+04	3.016611e+02	1.113993e+01	2021	1	24	18
	4903114	167.883000	-25.553600	9.890350e+04	2.318880e+01	1.088374e+05	1.084019e+05	5.794366e+04	5.663216e+04	3.011008e+02	1.649104e+01	2021	1	25	0
	4939744	166.762000	-26.256600	9.881338e+04	2.387599e+01	1.086938e+05	1.083593e+05	5.780633e+04	5.664083e+04	3.005205e+02	1.840513e+01	2021	1	25	6
	4975975	165.716000	-26.959600	9.915400e+04	2.521416e+01	1.088266e+05	1.083531e+05	5.786255e+04	5.688655e+04	3.001885e+02	1.597586e+01	2021	1	25	12
	5018929	164.916000	-27.803200	9.915638e+04	2.156750e+01	1.086342e+05	1.078822e+05	5.768580e+04	5.686505e+04	2.999526e+02	1.532704e+01	2021	1	25	18
	5050774	165.068000	-28.435900	9.943112e+04	2.282173e+01	1.088438e+05	1.078718e+05	5.783124e+04	5.712974e+04	2.995400e+02	1.726061e+01	2021	1	26	0
	5075322	165.567000	-28.927900	9.935419e+04	2.641245e+01	1.087836e+05	1.077946e+05	5.775600e+04	5.689625e+04	2.991094e+02	1.438627e+01	2021	1	26	6
	5092747	167.039000	-29.279400	9.973438e+04	2.089375e+01	1.089602e+05	1.079692e+05	5.798733e+04	5.688733e+04	2.985437e+02	1.176328e+01	2021	1	26	12
	5178314	168.470000	-31.036900	9.989050e+04	2.026648e+01	1.087477e+05	1.070357e+05	5.783830e+04	5.661905e+04	2.980000e+02	1.076044e+01	2021	1	26	18
	5185065	170.048000	-31.177500	1.001675e+05	1.684980e+01	1.089066e+05	1.071886e+05	5.798307e+04	5.670532e+04	2.981089e+02	3.664510e+00	2021	1	27	0
start	41	2021	1	28	12
	4030759	54.254200	-10.650300	1.006215e+05	1.253916e+01	1.084322e+05	1.082552e+05	5.783899e+04	5.747349e+04	3.046570e+02	3.740714e+01	2021	1	28	12
	4048869	54.924700	-10.931500	1.008540e+05	1.366438e+01	1.086546e+05	1.084536e+05	5.807445e+04	5.767470e+04	3.037217e+02	4.493849e+01	2021	1	28	18
	4093849	55.415500	-11.634400	1.005250e+05	1.378217e+01	1.083981e+05	1.081886e+05	5.787992e+04	5.734317e+04	3.033523e+02	4.283971e+01	2021	1	29	0
	4111713	54.322900	-11.915600	1.006852e+05	1.313483e+01	1.086020e+05	1.084090e+05	5.810112e+04	5.756838e+04	3.033633e+02	3.986959e+01	2021	1	29	6
	4120624	54.016200	-12.056200	1.003277e+05	1.354284e+01	1.084112e+05	1.082217e+05	5.789933e+04	5.731333e+04	3.035645e+02	4.118865e+01	2021	1	29	12
	4093827	53.646100	-11.634400	1.004092e+05	1.457147e+01	1.086131e+05	1.083981e+05	5.804773e+04	5.744323e+04	3.033069e+02	4.662446e+01	2021	1	29	18
	4116160	53.321400	-11.985900	9.999075e+04	1.550429e+01	1.083684e+05	1.081354e+05	5.781353e+04	5.719878e+04	3.032446e+02	4.952080e+01	2021	1	30	0
	4093812	52.439700	-11.634400	1.001122e+05	1.624751e+01	1.085798e+05	1.083508e+05	5.794080e+04	5.735030e+04	3.031707e+02	5.290089e+01	2021	1	30	6
	4125053	52.203200	-12.126500	9.975356e+04	1.734094e+01	1.084822e+05	1.081487e+05	5.777669e+04	5.708319e+04	3.034749e+02	6.212438e+01	2021	1	30	12
	4142812	51.660600	-12.407700	9.984969e+04	1.967417e+01	1.086479e+05	1.082969e+05	5.791976e+04	5.719801e+04	3.031016e+02	6.539658e+01	2021	1	30	18
	4164926	51.405300	-12.759200	9.937800e+04	2.309882e+01	1.084154e+05	1.078729e+05	5.769150e+04	5.680375e+04	3.031465e+02	5.876991e+01	2021	1	31	0
	4208847	50.311100	-13.462200	9.956056e+04	2.143798e+01	1.086206e+05	1.081686e+05	5.795997e+04	5.692822e+04	3.030891e+02	4.933057e+01	2021	1	31	6
	4261039	50.203500	-14.305800	9.934838e+04	1.949911e+01	1.085446e+05	1.080591e+05	5.778616e+04	5.676791e+04	3.030439e+02	4.515825e+01	2021	1	31	12
	4299784	48.358200	-14.938500	9.979338e+04	2.103986e+01	1.085905e+05	1.082625e+05	5.798532e+04	5.695557e+04	3.054800e+02	5.213636e+01	2021	1	31	18
	4350963	47.801900	-15.782100	9.940925e+04	1.901060e+01	1.084592e+05	1.080088e+05	5.780783e+04	5.680383e+04	3.055293e+02	4.842681e+01	2021	2	1	0
	4409942	46.979000	-16.766300	9.981938e+04	1.453295e+01	1.086409e+05	1.083219e+05	5.799014e+04	5.709664e+04	3.053706e+02	5.463542e+01	2021	2	1	6
	4372105	46.492900	-16.133600	9.972544e+04	1.702720e+01	1.086321e+05	1.082461e+05	5.779442e+04	5.703167e+04	3.052739e+02	5.730211e+01	2021	2	1	12
	4451587	46.129300	-17.469200	9.989981e+04	1.459308e+01	1.087208e+05	1.083078e+05	5.799369e+04	5.714919e+04	3.051445e+02	5.872651e+01	2021	2	1	18
	4545865	45.222100	-19.086100	9.988094e+04	1.232171e+01	1.085211e+05	1.081921e+05	5.779110e+04	5.695160e+04	3.060981e+02	4.686621e+01	2021	2	2	0
	4586202	45.403800	-19.789100	1.000669e+05	1.274154e+01	1.086610e+05	1.082310e+05	5.790073e+04	5.726948e+04	3.059744e+02	4.997170e+01	2021	2	2	6
	4630105	45.090700	-20.562400	9.993825e+04	1.205204e+01	1.085151e+05	1.080396e+05	5.769579e+04	5.716829e+04	3.061057e+02	4.531816e+01	2021	2	2	12
	4693108	45.368900	-21.687200	1.001619e+05	1.282175e+01	1.086366e+05	1.079776e+05	5.784679e+04	5.729929e+04	3.051707e+02	3.783936e+01	2021	2	2	18
	4716492	47.505200	-22.109000	9.982062e+04	2.094014e+01	1.084412e+05	1.078118e+05	5.773615e+04	5.705415e+04	3.017522e+02	4.059139e+01	2021	2	3	0
	4774263	47.403100	-23.163400	9.982725e+04	2.183846e+01	1.085676e+05	1.076661e+05	5.788382e+04	5.706132e+04	3.016060e+02	3.865735e+01	2021	2	3	6
	4816063	47.955500	-23.936700	9.941819e+04	2.111630e+01	1.084312e+05	1.074038e+05	5.771193e+04	5.682893e+04	3.015752e+02	3.639769e+01	2021	2	3	12
	4849911	49.187200	-24.569400	9.921881e+04	2.449471e+01	1.084871e+05	1.074531e+05	5.784420e+04	5.672470e+04	3.014963e+02	3.782258e+01	2021	2	3	18
	4931263	49.978100	-26.116000	9.852181e+04	2.438951e+01	1.081949e+05	1.068469e+05	5.748138e+04	5.628062e+04	3.007021e+02	3.244277e+01	2021	2	4	0
	4974832	51.542700	-26.959600	9.876819e+04	2.043318e+01	1.084047e+05	1.068587e+05	5.769291e+04	5.642666e+04	3.003628e+02	3.087683e+01	2021	2	4	6
	5017820	52.643400	-27.803200	9.871138e+04	2.178403e+01	1.083120e+05	1.067330e+05	5.760264e+04	5.644164e+04	3.001926e+02	2.105988e+01	2021	2	4	12
	5046172	54.756000	-28.365600	9.908856e+04	2.079151e+01	1.085063e+05	1.068253e+05	5.786944e+04	5.667244e+04	2.995085e+02	1.652398e+01	2021	2	4	18
	5129641	55.974300	-30.052700	9.890244e+04	2.143843e+01	1.082636e+05	1.065041e+05	5.765772e+04	5.647847e+04	2.985298e+02	1.645357e+01	2021	2	5	0
	5207475	57.733800	-31.669600	9.914456e+04	1.933263e+01	1.084082e+05	1.064632e+05	5.775950e+04	5.659275e+04	2.971006e+02	1.702938e+01	2021	2	5	6
	5263647	59.375800	-32.864700	9.910644e+04	1.933332e+01	1.083084e+05	1.063349e+05	5.766807e+04	5.644482e+04	2.965063e+02	1.786601e+01	2021	2	5	12
	5321865	61.389200	-34.130100	9.931131e+04	1.923669e+01	1.083421e+05	1.063101e+05	5.780725e+04	5.647250e+04	2.959119e+02	1.996097e+01	2021	2	5	18
	5378781	62.804100	-35.395400	9.934156e+04	1.852402e+01	1.080221e+05	1.062261e+05	5.760712e+04	5.637612e+04	2.947576e+02	1.885559e+01	2021	2	6	0
	5425222	64.151400	-36.449900	9.956881e+04	1.755997e+01	1.079234e+05	1.062274e+05	5.766325e+04	5.644825e+04	2.939668e+02	1.490550e+01	2021	2	6	6
	5452653	64.795200	-37.082600	9.961306e+04	1.623674e+01	1.077217e+05	1.064342e+05	5.756521e+04	5.642121e+04	2.936658e+02	9.394908e+00	2021	2	6	12
	5467753	65.226100	-37.434100	9.987931e+04	1.476567e+01	1.076802e+05	1.065077e+05	5.762671e+04	5.668046e+04	2.933191e+02	5.395690e+00	2021	2	6	18
	5488720	65.234900	-37.926200	9.994744e+04	1.282844e+01	1.074055e+05	1.062245e+05	5.745070e+04	5.668620e+04	2.928376e+02	3.078107e+00	2021	2	7	0
	5506537	65.399200	-38.348000	1.001992e+05	1.253969e+01	1.074248e+05	1.061718e+05	5.755568e+04	5.661843e+04	2.925662e+02	1.778482e+00	2021	2	7	6
	5530076	66.484300	-38.910400	1.003018e+05	1.188792e+01	1.073368e+05	1.060358e+05	5.756235e+04	5.650110e+04	2.922739e+02	1.786091e+00	2021	2	7	12
start	20	2021	2	5	0
	4280203	208.496000	-14.587000	1.004232e+05	1.436766e+01	1.082996e+05	1.080691e+05	5.758847e+04	5.734197e+04	3.047046e+02	3.280584e+01	2021	2	5	0
	4318801	207.725000	-15.219700	1.005253e+05	1.422463e+01	1.083877e+05	1.081862e+05	5.774200e+04	5.749250e+04	3.039697e+02	2.372112e+01	2021	2	5	6
	4314540	208.793000	-15.149400	1.004077e+05	1.501242e+01	1.082404e+05	1.080049e+05	5.763382e+04	5.729757e+04	3.037358e+02	1.886154e+01	2021	2	5	12
	4361359	211.219000	-15.922700	1.006388e+05	1.554888e+01	1.083906e+05	1.081371e+05	5.782075e+04	5.748000e+04	3.033289e+02	1.908617e+01	2021	2	5	18
	4323134	213.065000	-15.290000	1.002873e+05	1.624751e+01	1.082536e+05	1.079976e+05	5.769262e+04	5.722912e+04	3.035437e+02	2.148520e+01	2021	2	6	0
	4314619	215.444000	-15.149400	1.004201e+05	1.470003e+01	1.084384e+05	1.081464e+05	5.788100e+04	5.738100e+04	3.034932e+02	2.433507e+01	2021	2	6	6
	4323181	217.029000	-15.290000	1.001388e+05	1.926124e+01	1.082517e+05	1.079217e+05	5.772671e+04	5.712146e+04	3.033816e+02	2.845823e+01	2021	2	6	12
	4365674	218.486000	-15.993000	1.002711e+05	1.760626e+01	1.084447e+05	1.080592e+05	5.787596e+04	5.724321e+04	3.030720e+02	2.703379e+01	2021	2	6	18
	4407766	219.885000	-16.696000	9.993369e+04	1.738206e+01	1.082115e+05	1.079250e+05	5.756470e+04	5.702295e+04	3.029529e+02	2.703760e+01	2021	2	7	0
	4416141	220.565000	-16.836600	1.000835e+05	1.898291e+01	1.084698e+05	1.081428e+05	5.779393e+04	5.716218e+04	3.028660e+02	2.416949e+01	2021	2	7	6
	4449452	220.791000	-17.398900	9.981756e+04	1.642084e+01	1.082108e+05	1.079892e+05	5.755610e+04	5.711460e+04	3.027183e+02	1.591403e+01	2021	2	7	12
	4461883	221.344000	-17.609800	1.000956e+05	1.603619e+01	1.085076e+05	1.082681e+05	5.783239e+04	5.741739e+04	3.024290e+02	1.739040e+01	2021	2	7	18
	4531610	221.416000	-18.804900	9.993844e+04	1.588924e+01	1.084396e+05	1.081766e+05	5.768501e+04	5.729001e+04	3.030586e+02	1.516562e+01	2021	2	8	0
	4555936	220.772000	-19.226700	1.001844e+05	1.718772e+01	1.086194e+05	1.083724e+05	5.789626e+04	5.754601e+04	3.021909e+02	1.617690e+01	2021	2	8	6
	4592160	220.240000	-19.859400	1.000418e+05	1.698233e+01	1.083714e+05	1.081289e+05	5.772807e+04	5.731607e+04	3.021255e+02	1.487358e+01	2021	2	8	12
	4604157	219.550000	-20.070300	1.003073e+05	1.883207e+01	1.085969e+05	1.082804e+05	5.791131e+04	5.749531e+04	3.021584e+02	9.429961e+00	2021	2	8	18
	4632021	218.921000	-20.562400	1.001192e+05	1.784713e+01	1.084701e+05	1.081641e+05	5.781920e+04	5.741245e+04	3.024763e+02	7.143847e+00	2021	2	9	0
	4632017	218.558000	-20.562400	1.003036e+05	1.632008e+01	1.086086e+05	1.082211e+05	5.795303e+04	5.759303e+04	3.024177e+02	8.471057e+00	2021	2	9	6
	4683251	217.967000	-21.476300	1.002054e+05	1.605120e+01	1.083368e+05	1.078813e+05	5.778966e+04	5.747716e+04	3.020400e+02	7.867625e+00	2021	2	9	12
	4710552	217.037000	-21.968400	1.004091e+05	1.595527e+01	1.085052e+05	1.079537e+05	5.795009e+04	5.766359e+04	3.019641e+02	9.133608e+00	2021	2	9	18
start	25	2021	3	1	18
	4334820	120.113000	-15.500900	9.986850e+04	1.130775e+01	1.085584e+05	1.082819e+05	5.770962e+04	5.710212e+04	3.055967e+02	3.934395e+01	2021	3	1	18
	4279136	119.331000	-14.587000	9.984075e+04	1.258119e+01	1.087481e+05	1.083856e+05	5.774527e+04	5.714952e+04	3.050728e+02	4.547383e+01	2021	3	2	0
	4360281	119.518000	-15.922700	9.958981e+04	1.390843e+01	1.087694e+05	1.082684e+05	5.778210e+04	5.690585e+04	3.055332e+02	3.928980e+01	2021	3	2	6
	4334795	117.998000	-15.500900	9.961900e+04	1.580479e+01	1.088856e+05	1.083111e+05	5.780952e+04	5.698602e+04	3.051582e+02	5.178115e+01	2021	3	2	12
	4317721	116.713000	-15.219700	9.919531e+04	2.229623e+01	1.087033e+05	1.081188e+05	5.769529e+04	5.672554e+04	3.048481e+02	5.462972e+01	2021	3	2	18
	4330529	117.380000	-15.430600	9.902175e+04	2.248733e+01	1.087993e+05	1.081998e+05	5.780234e+04	5.673834e+04	3.047546e+02	6.217847e+01	2021	3	3	0
	4406563	116.476000	-16.696000	9.864269e+04	2.258142e+01	1.086408e+05	1.079823e+05	5.759925e+04	5.652000e+04	3.047241e+02	4.780022e+01	2021	3	3	6
	4414931	116.354000	-16.836600	9.848112e+04	2.277986e+01	1.088034e+05	1.080629e+05	5.766450e+04	5.642550e+04	3.046150e+02	6.057685e+01	2021	3	3	12
	4468940	116.163000	-17.750400	9.808888e+04	2.801456e+01	1.085435e+05	1.076255e+05	5.743918e+04	5.603768e+04	3.049934e+02	5.975010e+01	2021	3	3	18
	4501833	115.400000	-18.312800	9.767862e+04	2.911920e+01	1.085476e+05	1.074086e+05	5.747967e+04	5.564917e+04	3.047881e+02	4.700027e+01	2021	3	4	0
	4542602	115.562000	-19.015800	9.715019e+04	3.141971e+01	1.084820e+05	1.071835e+05	5.740306e+04	5.527381e+04	3.050442e+02	4.606937e+01	2021	3	4	6
	4550703	115.168000	-19.156400	9.667762e+04	3.138897e+01	1.086051e+05	1.071876e+05	5.756940e+04	5.513340e+04	3.048015e+02	5.077601e+01	2021	3	4	12
	4574918	114.692000	-19.578200	9.636019e+04	3.052495e+01	1.084356e+05	1.069656e+05	5.736420e+04	5.477595e+04	3.044890e+02	4.867982e+01	2021	3	4	18
	4610975	114.373000	-20.210900	9.623450e+04	3.391651e+01	1.085491e+05	1.069426e+05	5.752132e+04	5.466432e+04	3.042273e+02	4.277554e+01	2021	3	5	0
	4666424	114.262000	-21.195100	9.613719e+04	3.280741e+01	1.085301e+05	1.069211e+05	5.746918e+04	5.458443e+04	3.040024e+02	3.716708e+01	2021	3	5	6
	4705546	113.772000	-21.898100	9.627294e+04	3.794573e+01	1.086198e+05	1.071962e+05	5.765288e+04	5.481963e+04	3.036318e+02	3.190063e+01	2021	3	5	12
	4767313	113.323000	-23.022800	9.646188e+04	3.026658e+01	1.085259e+05	1.071469e+05	5.752402e+04	5.486802e+04	3.032783e+02	2.549912e+01	2021	3	5	18
	4824291	113.025000	-24.077300	9.680994e+04	2.673701e+01	1.087228e+05	1.074078e+05	5.764765e+04	5.517565e+04	3.032090e+02	2.323550e+01	2021	3	6	0
	4876659	112.791000	-25.061500	9.687875e+04	2.671295e+01	1.086819e+05	1.074639e+05	5.750744e+04	5.521894e+04	3.023020e+02	2.430736e+01	2021	3	6	6
	4939199	112.920000	-26.256600	9.726588e+04	2.629917e+01	1.087099e+05	1.076214e+05	5.763974e+04	5.548824e+04	3.012642e+02	2.070204e+01	2021	3	6	12
	5007729	113.105000	-27.592300	9.739000e+04	2.574261e+01	1.086088e+05	1.076832e+05	5.749911e+04	5.554536e+04	3.009646e+02	1.899883e+01	2021	3	6	18
	5095706	113.979000	-29.349700	9.767856e+04	2.527430e+01	1.087851e+05	1.074911e+05	5.764786e+04	5.574036e+04	2.991113e+02	1.983285e+01	2021	3	7	0
	5197980	115.269000	-31.458700	9.781856e+04	1.962746e+01	1.087268e+05	1.069703e+05	5.762542e+04	5.577917e+04	2.978716e+02	2.104850e+01	2021	3	7	6
	5331944	118.492000	-34.340900	9.811369e+04	1.981368e+01	1.087348e+05	1.062868e+05	5.776952e+04	5.562127e+04	2.939807e+02	1.706248e+01	2021	3	7	12
	5465208	120.956000	-37.363800	9.780456e+04	2.394379e+01	1.083952e+05	1.046562e+05	5.736942e+04	5.431467e+04	2.936125e+02	9.555659e+00	2021	3	7	18
start	14	2021	3	4	0
	4257725	134.501000	-14.235500	1.004951e+05	1.109431e+01	1.089171e+05	1.086466e+05	5.804192e+04	5.756942e+04	3.041299e+02	3.797543e+01	2021	3	4	0
	4270685	133.874000	-14.446400	9.997244e+04	1.188268e+01	1.087605e+05	1.084400e+05	5.778156e+04	5.730006e+04	3.038801e+02	3.302519e+01	2021	3	4	6
	4266357	133.083000	-14.376100	1.003344e+05	8.566355e+00	1.089156e+05	1.086791e+05	5.794465e+04	5.754565e+04	-9.000000e+33	3.993753e+01	2021	3	4	12
	4270666	132.289000	-14.446400	1.000074e+05	7.637305e+00	1.086461e+05	1.083076e+05	5.776995e+04	5.726070e+04	-9.000000e+33	3.965704e+01	2021	3	4	18
	4266340	131.667000	-14.376100	1.002485e+05	1.427425e+01	1.089071e+05	1.085401e+05	5.800707e+04	5.744132e+04	3.056365e+02	4.013615e+01	2021	3	5	0
	4326422	130.525000	-15.360300	9.985719e+04	1.578369e+01	1.088426e+05	1.084911e+05	5.783118e+04	5.723993e+04	3.055171e+02	3.870390e+01	2021	3	5	6
	4305029	128.824000	-15.008800	1.001542e+05	1.621890e+01	1.089858e+05	1.086818e+05	5.802038e+04	5.744663e+04	3.054150e+02	5.076581e+01	2021	3	5	12
	4317872	129.438000	-15.219700	9.944738e+04	2.001042e+01	1.087839e+05	1.081689e+05	5.778877e+04	5.700227e+04	3.051475e+02	5.016922e+01	2021	3	5	18
	4356150	128.329000	-15.852400	9.986319e+04	1.548831e+01	1.089733e+05	1.084268e+05	5.801190e+04	5.721040e+04	3.051045e+02	4.686145e+01	2021	3	6	0
	4339167	127.930000	-15.571200	9.945575e+04	1.802756e+01	1.087944e+05	1.082269e+05	5.781344e+04	5.695769e+04	3.051067e+02	4.333430e+01	2021	3	6	6
	4398302	127.150000	-16.555400	9.996712e+04	1.340675e+01	1.089674e+05	1.081399e+05	5.800574e+04	5.695774e+04	3.046548e+02	3.796506e+01	2021	3	6	12
	4444212	126.243000	-17.328600	9.964550e+04	1.392567e+01	1.087422e+05	1.081012e+05	5.777061e+04	5.706161e+04	3.046892e+02	2.274627e+01	2021	3	6	18
	4493750	125.789000	-18.172200	9.988006e+04	1.620212e+01	1.089841e+05	1.084531e+05	5.805836e+04	5.726836e+04	-9.000000e+33	8.150474e+00	2021	3	7	0
	4566981	125.446000	-19.437600	9.981181e+04	1.313110e+01	1.088813e+05	1.084748e+05	5.797392e+04	5.728017e+04	-9.000000e+33	6.751796e+00	2021	3	7	6
start	60	2021	3	4	6
	4165039	60.625600	-12.759200	1.011062e+05	1.148789e+01	1.086960e+05	1.083835e+05	5.823031e+04	5.781931e+04	3.037522e+02	2.146636e+01	2021	3	4	6
	4134037	59.756800	-12.267100	1.007191e+05	1.206978e+01	1.085031e+05	1.081371e+05	5.797065e+04	5.751765e+04	3.038035e+02	1.707497e+01	2021	3	4	12
	4182662	60.764300	-13.040400	1.009444e+05	1.148567e+01	1.086896e+05	1.083211e+05	5.816945e+04	5.772895e+04	3.037791e+02	2.167761e+01	2021	3	4	18
	4213332	59.670300	-13.532500	1.006158e+05	1.254455e+01	1.084636e+05	1.080881e+05	5.793507e+04	5.743857e+04	3.036609e+02	2.114296e+01	2021	3	5	0
	4261144	58.945400	-14.305800	1.007534e+05	1.341671e+01	1.087216e+05	1.083581e+05	5.817693e+04	5.766443e+04	3.035347e+02	1.718368e+01	2021	3	5	6
	4274089	57.857100	-14.516700	1.004334e+05	1.385557e+01	1.086148e+05	1.081998e+05	5.800163e+04	5.746013e+04	3.045615e+02	1.796387e+01	2021	3	5	12
	4235101	57.378100	-13.884000	1.006741e+05	1.267470e+01	1.087584e+05	1.084769e+05	5.814602e+04	5.774902e+04	3.034287e+02	2.378994e+01	2021	3	5	18
	4269773	57.803500	-14.446400	1.004402e+05	1.299965e+01	1.085468e+05	1.082213e+05	5.797590e+04	5.753790e+04	3.034043e+02	2.147177e+01	2021	3	6	0
	4321284	57.019700	-15.290000	1.007162e+05	1.327101e+01	1.088274e+05	1.084824e+05	5.823994e+04	5.779169e+04	3.034182e+02	1.425462e+01	2021	3	6	6
	4282688	56.208200	-14.657300	1.004171e+05	1.235468e+01	1.086114e+05	1.083009e+05	5.805149e+04	5.756124e+04	3.047827e+02	2.033784e+01	2021	3	6	12
	4308439	55.429900	-15.079100	1.005475e+05	1.312846e+01	1.087662e+05	1.085092e+05	5.820136e+04	5.771536e+04	3.036013e+02	3.433583e+01	2021	3	6	18
	4252452	56.177300	-14.165200	1.002763e+05	1.391764e+01	1.085141e+05	1.081966e+05	5.786461e+04	5.732911e+04	3.032129e+02	3.846331e+01	2021	3	7	0
	4265411	54.250000	-14.376100	1.005051e+05	1.519963e+01	1.086628e+05	1.084218e+05	5.803217e+04	5.748567e+04	3.033452e+02	3.089466e+01	2021	3	7	6
	4208906	55.169300	-13.462200	1.001459e+05	1.516800e+01	1.085408e+05	1.082178e+05	5.780627e+04	5.725302e+04	3.035647e+02	3.299493e+01	2021	3	7	12
	4235076	55.308200	-13.884000	1.003033e+05	1.507525e+01	1.087052e+05	1.084558e+05	5.798892e+04	5.744692e+04	3.031223e+02	3.690212e+01	2021	3	7	18
	4230718	54.761000	-13.813700	9.998738e+04	1.749771e+01	1.085371e+05	1.082226e+05	5.773647e+04	5.719947e+04	3.031138e+02	2.818775e+01	2021	3	8	0
	4235076	55.308200	-13.884000	1.002001e+05	1.673269e+01	1.088198e+05	1.084528e+05	5.800003e+04	5.742753e+04	3.029548e+02	2.471294e+01	2021	3	8	6
	4286981	55.339500	-14.727600	9.986606e+04	1.700436e+01	1.086902e+05	1.083792e+05	5.783595e+04	5.721195e+04	3.040825e+02	2.950406e+01	2021	3	8	12
	4278366	54.986100	-14.587000	1.001169e+05	1.856024e+01	1.088788e+05	1.085328e+05	5.811449e+04	5.744474e+04	3.032251e+02	2.885060e+01	2021	3	8	18
	4342564	55.593200	-15.641500	9.981206e+04	1.919988e+01	1.087336e+05	1.082996e+05	5.793916e+04	5.719266e+04	3.029661e+02	2.811931e+01	2021	3	9	0
	4359526	55.293000	-15.922700	1.000188e+05	1.971323e+01	1.088855e+05	1.084260e+05	5.813664e+04	5.740464e+04	3.029248e+02	2.170159e+01	2021	3	9	6
	4380635	54.615400	-16.274200	9.974406e+04	2.118607e+01	1.087458e+05	1.083818e+05	5.798504e+04	5.722179e+04	3.035369e+02	2.654623e+01	2021	3	9	12
	4414202	53.569400	-16.836600	9.984962e+04	1.996167e+01	1.088754e+05	1.085729e+05	5.813280e+04	5.735505e+04	3.030178e+02	3.171233e+01	2021	3	9	18
	4455806	52.695700	-17.539500	9.953200e+04	2.253249e+01	1.086858e+05	1.082208e+05	5.788150e+04	5.700350e+04	3.029448e+02	2.666122e+01	2021	3	10	0
	4476466	52.951500	-17.891000	9.970200e+04	2.034988e+01	1.088014e+05	1.083259e+05	5.809571e+04	5.706121e+04	3.028699e+02	2.415560e+01	2021	3	10	6
	4455802	52.347800	-17.539500	9.922106e+04	2.224112e+01	1.086226e+05	1.080931e+05	5.781949e+04	5.672324e+04	3.029292e+02	3.992237e+01	2021	3	10	12
	4505207	51.994100	-18.383100	9.902769e+04	2.626487e+01	1.087490e+05	1.081485e+05	5.795094e+04	5.671119e+04	3.027959e+02	4.970940e+01	2021	3	10	18
	4521540	51.226700	-18.664300	9.858938e+04	2.659545e+01	1.084625e+05	1.077200e+05	5.770757e+04	5.624707e+04	3.027332e+02	4.372956e+01	2021	3	11	0
	4501097	50.712900	-18.312800	9.862869e+04	2.647453e+01	1.086276e+05	1.079036e+05	5.782035e+04	5.636510e+04	3.026233e+02	4.355899e+01	2021	3	11	6
	4492889	50.263200	-18.172200	9.817031e+04	2.890907e+01	1.084209e+05	1.076169e+05	5.765172e+04	5.592547e+04	3.024790e+02	4.814183e+01	2021	3	11	12
	4484673	50.515600	-18.031600	9.798206e+04	3.430907e+01	1.085134e+05	1.075919e+05	5.779600e+04	5.589600e+04	3.025225e+02	4.881167e+01	2021	3	11	18
	4455777	50.173900	-17.539500	9.766431e+04	3.326880e+01	1.082792e+05	1.073922e+05	5.758327e+04	5.565477e+04	3.026370e+02	4.185909e+01	2021	3	12	0
	4447487	50.250700	-17.398900	9.782194e+04	3.106427e+01	1.084904e+05	1.076644e+05	5.780996e+04	5.590296e+04	3.025930e+02	5.538422e+01	2021	3	12	6
	4443335	50.202300	-17.328600	9.728250e+04	3.286954e+01	1.083536e+05	1.075181e+05	5.760186e+04	5.561386e+04	3.025679e+02	5.964406e+01	2021	3	12	12
	4451634	50.212400	-17.469200	9.750088e+04	3.373824e+01	1.085476e+05	1.076776e+05	5.778295e+04	5.581970e+04	3.025120e+02	5.430090e+01	2021	3	12	18
	4430852	49.798300	-17.117800	9.757881e+04	2.950201e+01	1.084091e+05	1.076971e+05	5.762204e+04	5.588979e+04	3.024529e+02	5.141415e+01	2021	3	13	0
	4418338	49.827600	-16.906900	9.820750e+04	2.623855e+01	1.086449e+05	1.080319e+05	5.789053e+04	5.632628e+04	3.024490e+02	5.388123e+01	2021	3	13	6
	4426686	49.923200	-17.047500	9.802650e+04	2.842519e+01	1.086159e+05	1.079759e+05	5.774451e+04	5.622426e+04	3.023491e+02	5.972807e+01	2021	3	13	12
	4439175	49.807500	-17.258300	9.802144e+04	3.019612e+01	1.088170e+05	1.078685e+05	5.799054e+04	5.623529e+04	3.022576e+02	6.132204e+01	2021	3	13	18
	4451626	49.517400	-17.469200	9.843281e+04	2.576088e+01	1.086188e+05	1.079208e+05	5.787537e+04	5.639162e+04	3.021682e+02	5.837912e+01	2021	3	14	0
	4468171	49.098800	-17.750400	9.960988e+04	2.362041e+01	1.088468e+05	1.083592e+05	5.807401e+04	5.695926e+04	3.021052e+02	5.571979e+01	2021	3	14	6
	4472289	48.273500	-17.820700	9.972188e+04	1.895268e+01	1.087327e+05	1.083592e+05	5.792783e+04	5.697433e+04	3.015881e+02	5.660749e+01	2021	3	14	12
	4464020	47.395900	-17.680100	1.000002e+05	1.609142e+01	1.088798e+05	1.085158e+05	5.805448e+04	5.716323e+04	3.013296e+02	5.297585e+01	2021	3	14	18
	4451586	46.042500	-17.469200	9.979744e+04	1.624684e+01	1.086075e+05	1.082095e+05	5.781633e+04	5.700983e+04	3.055698e+02	4.648759e+01	2021	3	15	0
	4509221	45.176100	-18.453400	1.000052e+05	1.273687e+01	1.087052e+05	1.082948e+05	5.792416e+04	5.720216e+04	3.057627e+02	4.426853e+01	2021	3	15	6
	4480486	44.256600	-17.961300	9.965069e+04	1.557057e+01	1.085031e+05	1.081626e+05	5.772759e+04	5.700584e+04	3.058245e+02	4.353191e+01	2021	3	15	12
	4463988	44.607900	-17.680100	9.961425e+04	1.709728e+01	1.086244e+05	1.082069e+05	5.780804e+04	5.698479e+04	3.057778e+02	4.766971e+01	2021	3	15	18
	4480492	44.781300	-17.961300	9.927362e+04	1.670065e+01	1.083904e+05	1.079459e+05	5.762338e+04	5.665588e+04	3.055979e+02	4.291711e+01	2021	3	16	0
	4488709	43.904600	-18.101900	9.945844e+04	1.546261e+01	1.085766e+05	1.081166e+05	5.776668e+04	5.681968e+04	3.054248e+02	3.903609e+01	2021	3	16	6
	4562034	44.063400	-19.367300	9.919556e+04	1.583006e+01	1.084129e+05	1.079984e+05	5.760785e+04	5.669535e+04	3.053865e+02	3.829238e+01	2021	3	16	12
	4545852	44.067100	-19.086100	9.932844e+04	1.707671e+01	1.085291e+05	1.081391e+05	5.775848e+04	5.681573e+04	3.051753e+02	3.080237e+01	2021	3	16	18
	4594207	44.145900	-19.929700	9.911012e+04	1.878144e+01	1.083112e+05	1.080222e+05	5.758931e+04	5.666856e+04	3.047583e+02	2.620355e+01	2021	3	17	0
	4634064	44.318900	-20.632700	9.954862e+04	1.469570e+01	1.085913e+05	1.080858e+05	5.782063e+04	5.698188e+04	3.045374e+02	2.760591e+01	2021	3	17	6
	4712582	45.046300	-22.038700	9.962681e+04	1.195921e+01	1.084821e+05	1.078661e+05	5.769323e+04	5.694248e+04	3.042566e+02	3.167638e+01	2021	3	17	12
	4789494	45.236600	-23.444600	9.995606e+04	1.210876e+01	1.086196e+05	1.077681e+05	5.781361e+04	5.710236e+04	3.033025e+02	2.610591e+01	2021	3	17	18
	4879682	46.019400	-25.131800	9.966075e+04	2.114808e+01	1.083958e+05	1.074008e+05	5.765462e+04	5.700738e+04	3.020234e+02	2.453847e+01	2021	3	18	0
	4942168	46.285700	-26.326900	9.963012e+04	2.338134e+01	1.086417e+05	1.072972e+05	5.785332e+04	5.697957e+04	3.007053e+02	2.840713e+01	2021	3	18	6
	5042570	47.142900	-28.295300	9.939894e+04	2.115279e+01	1.084492e+05	1.069242e+05	5.760779e+04	5.669029e+04	3.006499e+02	4.569925e+01	2021	3	18	12
	5153464	47.011800	-30.544800	9.935994e+04	2.609546e+01	1.084443e+05	1.063183e+05	5.762046e+04	5.652821e+04	2.998076e+02	5.190990e+01	2021	3	18	18
	5253709	47.085400	-32.653800	9.885188e+04	2.662449e+01	1.080484e+05	1.057049e+05	5.727717e+04	5.612342e+04	2.986277e+02	3.466343e+01	2021	3	19	0
start	40	2021	3	14	12
	4266648	157.333000	-14.376100	1.004264e+05	1.109874e+01	1.086217e+05	1.084092e+05	5.786108e+04	5.767708e+04	3.035852e+02	1.553079e+01	2021	3	14	12
	4240656	157.459000	-13.954300	1.001462e+05	1.117891e+01	1.083478e+05	1.081938e+05	5.762898e+04	5.743773e+04	3.035620e+02	1.124356e+01	2021	3	14	18
	4210148	157.438000	-13.462200	1.003684e+05	1.166356e+01	1.085710e+05	1.084490e+05	5.783958e+04	5.765283e+04	3.038354e+02	1.175154e+01	2021	3	15	0
	4157398	157.846000	-12.618600	1.001330e+05	1.233978e+01	1.084258e+05	1.082142e+05	5.763491e+04	5.741016e+04	3.042803e+02	1.573431e+01	2021	3	15	6
	4117456	158.025000	-11.985900	1.003592e+05	1.124673e+01	1.085666e+05	1.084256e+05	5.784234e+04	5.763459e+04	3.037717e+02	1.692639e+01	2021	3	15	12
	4090645	157.902000	-11.564100	1.000598e+05	1.240418e+01	1.083694e+05	1.081839e+05	5.758829e+04	5.732679e+04	3.037563e+02	1.571497e+01	2021	3	15	18
	4050162	157.998000	-10.931500	1.002994e+05	1.203482e+01	1.086439e+05	1.084599e+05	5.783363e+04	5.750763e+04	3.039124e+02	2.163734e+01	2021	3	16	0
	4032065	157.996000	-10.650300	1.000059e+05	1.260413e+01	1.085331e+05	1.082841e+05	5.762893e+04	5.728643e+04	3.040908e+02	2.624688e+01	2021	3	16	6
	4027530	157.937000	-10.580000	1.003166e+05	1.318140e+01	1.087459e+05	1.085719e+05	5.789560e+04	5.755835e+04	3.040740e+02	2.626871e+01	2021	3	16	12
	4018447	157.738000	-10.439400	1.000634e+05	1.434871e+01	1.085366e+05	1.082906e+05	5.769798e+04	5.722498e+04	3.040581e+02	2.244700e+01	2021	3	16	18
	4004797	157.796000	-10.228500	1.002424e+05	1.615296e+01	1.087657e+05	1.084872e+05	5.793431e+04	5.745981e+04	3.041392e+02	2.503189e+01	2021	3	17	0
	4022992	157.956000	-10.509700	9.997862e+04	1.686343e+01	1.086603e+05	1.083728e+05	5.775488e+04	5.727963e+04	3.041702e+02	2.994961e+01	2021	3	17	6
	4041118	157.719000	-10.790900	1.001888e+05	1.747652e+01	1.089061e+05	1.086166e+05	5.802448e+04	5.750223e+04	3.038953e+02	3.210303e+01	2021	3	17	12
	4086160	157.681000	-11.493800	9.980956e+04	1.742940e+01	1.087016e+05	1.083326e+05	5.781486e+04	5.724686e+04	3.034597e+02	2.245805e+01	2021	3	17	18
	4117452	157.702000	-11.985900	1.001350e+05	1.866802e+01	1.089563e+05	1.086513e+05	5.804738e+04	5.765338e+04	3.034033e+02	1.767420e+01	2021	3	18	0
	4166232	157.969000	-12.759200	9.985462e+04	1.716755e+01	1.087817e+05	1.084832e+05	5.782957e+04	5.741207e+04	3.034338e+02	2.292720e+01	2021	3	18	6
	4197025	158.403000	-13.251300	9.999019e+04	2.004257e+01	1.089412e+05	1.086338e+05	5.809204e+04	5.754779e+04	3.033813e+02	2.454845e+01	2021	3	18	12
	4227620	158.678000	-13.743400	9.981569e+04	1.796961e+01	1.086648e+05	1.083618e+05	5.782721e+04	5.745871e+04	3.034219e+02	2.146614e+01	2021	3	18	18
	4266663	158.583000	-14.376100	1.000806e+05	1.948153e+01	1.088854e+05	1.086014e+05	5.800092e+04	5.764742e+04	3.033679e+02	2.257553e+01	2021	3	19	0
	4326759	158.977000	-15.360300	9.983450e+04	1.570357e+01	1.086363e+05	1.083063e+05	5.775231e+04	5.732331e+04	3.034377e+02	2.217836e+01	2021	3	19	6
	4343781	158.729000	-15.641500	9.988888e+04	2.190308e+01	1.087790e+05	1.084025e+05	5.796161e+04	5.739286e+04	3.032393e+02	2.405081e+01	2021	3	19	12
	4339534	159.003000	-15.571200	9.929881e+04	2.012548e+01	1.084904e+05	1.081729e+05	5.767488e+04	5.703888e+04	3.032119e+02	1.859275e+01	2021	3	19	18
	4343786	159.153000	-15.641500	9.932231e+04	2.433188e+01	1.086697e+05	1.082512e+05	5.788226e+04	5.693451e+04	3.032214e+02	1.958388e+01	2021	3	20	0
	4339541	159.595000	-15.571200	9.892475e+04	2.217839e+01	1.085856e+05	1.079276e+05	5.770650e+04	5.648175e+04	3.033376e+02	2.086387e+01	2021	3	20	6
	4335291	159.953000	-15.500900	9.897138e+04	2.543210e+01	1.087264e+05	1.080434e+05	5.797495e+04	5.656920e+04	3.033970e+02	2.609109e+01	2021	3	20	12
	4343799	160.254000	-15.641500	9.860125e+04	2.584438e+01	1.085832e+05	1.073688e+05	5.775038e+04	5.602263e+04	3.034546e+02	1.844928e+01	2021	3	20	18
	4373440	160.379000	-16.133600	9.871925e+04	2.319800e+01	1.087889e+05	1.075954e+05	5.799996e+04	5.609971e+04	3.033904e+02	1.686805e+01	2021	3	21	0
	4402886	160.592000	-16.625700	9.829700e+04	2.516155e+01	1.086859e+05	1.073399e+05	5.782922e+04	5.576922e+04	3.033579e+02	1.988852e+01	2021	3	21	6
	4432133	160.548000	-17.117800	9.832525e+04	2.775786e+01	1.088581e+05	1.075721e+05	5.806472e+04	5.591822e+04	3.029580e+02	2.143582e+01	2021	3	21	12
	4457047	160.609000	-17.539500	9.790888e+04	3.058205e+01	1.086649e+05	1.074434e+05	5.787905e+04	5.563330e+04	3.028076e+02	1.625920e+01	2021	3	21	18
	4481815	160.496000	-17.961300	9.797819e+04	3.360631e+01	1.088412e+05	1.074492e+05	5.811326e+04	5.569876e+04	3.026958e+02	1.508878e+01	2021	3	22	0
	4514621	160.872000	-18.523700	9.751388e+04	3.646975e+01	1.086687e+05	1.071817e+05	5.790659e+04	5.548009e+04	3.027705e+02	1.800073e+01	2021	3	22	6
	4534998	161.398000	-18.875200	9.662131e+04	4.460726e+01	1.088210e+05	1.073470e+05	5.809162e+04	5.534787e+04	3.027327e+02	1.591611e+01	2021	3	22	12
	4559317	161.911000	-19.297000	9.661744e+04	5.116493e+01	1.086281e+05	1.074886e+05	5.790594e+04	5.583994e+04	3.026438e+02	1.449465e+01	2021	3	22	18
	4571427	162.572000	-19.507900	9.800575e+04	3.369383e+01	1.087563e+05	1.079473e+05	5.808955e+04	5.689955e+04	3.026636e+02	1.806104e+01	2021	3	23	0
	4571431	162.929000	-19.507900	9.894238e+04	2.222244e+01	1.085951e+05	1.077221e+05	5.792297e+04	5.738547e+04	3.027576e+02	1.780791e+01	2021	3	23	6
	4563374	163.588000	-19.367300	9.948906e+04	2.005664e+01	1.087876e+05	1.078971e+05	5.810464e+04	5.753739e+04	3.028887e+02	1.641420e+01	2021	3	23	12
	4579497	164.507000	-19.648500	9.902581e+04	2.448794e+01	1.085335e+05	1.074945e+05	5.778320e+04	5.723095e+04	3.027468e+02	1.678448e+01	2021	3	23	18
	4575487	165.596000	-19.578200	9.967544e+04	1.851377e+01	1.086200e+05	1.076410e+05	5.796470e+04	5.736845e+04	3.028357e+02	1.305219e+01	2021	3	24	0
	4583535	166.285000	-19.718800	9.954056e+04	1.972429e+01	1.084684e+05	1.075814e+05	5.782602e+04	5.730977e+04	3.029595e+02	9.662856e+00	2021	3	24	6
start	33	2021	4	8	18
	3790672	134.582000	-6.994730	1.004686e+05	1.247814e+01	1.084319e+05	1.081934e+05	5.772296e+04	5.743421e+04	3.043452e+02	2.160967e+01	2021	4	8	18
	3785922	134.013000	-6.924430	1.007347e+05	1.360277e+01	1.086838e+05	1.084393e+05	5.802111e+04	5.769936e+04	3.042461e+02	1.825986e+01	2021	4	9	0
	3833157	133.240000	-7.627420	1.004034e+05	1.455147e+01	1.084941e+05	1.081991e+05	5.780344e+04	5.744544e+04	3.039482e+02	1.378629e+01	2021	4	9	6
	3823722	131.868000	-7.486820	1.007146e+05	1.474456e+01	1.086750e+05	1.083940e+05	5.807806e+04	5.766756e+04	3.037139e+02	2.011591e+01	2021	4	9	12
	3856607	131.503000	-7.978910	1.004133e+05	1.642917e+01	1.083834e+05	1.081164e+05	5.780400e+04	5.738700e+04	3.035955e+02	1.794261e+01	2021	4	9	18
	3856598	130.811000	-7.978910	1.006050e+05	1.828285e+01	1.086488e+05	1.082822e+05	5.807707e+04	5.766307e+04	3.035413e+02	1.290759e+01	2021	4	10	0
	3879954	129.520000	-8.330400	9.994825e+04	1.844540e+01	1.083892e+05	1.081058e+05	5.787111e+04	5.729511e+04	3.037876e+02	1.324931e+01	2021	4	10	6
	3884608	128.858000	-8.400700	1.002776e+05	1.813742e+01	1.086160e+05	1.082985e+05	5.809297e+04	5.762447e+04	3.041118e+02	2.067482e+01	2021	4	10	12
	3893910	127.997000	-8.541300	9.969662e+04	2.347359e+01	1.083170e+05	1.079585e+05	5.786704e+04	5.711329e+04	3.043855e+02	1.977566e+01	2021	4	10	18
	3912482	127.506000	-8.822500	9.933731e+04	2.602972e+01	1.085299e+05	1.081457e+05	5.806114e+04	5.695189e+04	3.044492e+02	1.417125e+01	2021	4	11	0
	3944832	126.875000	-9.314590	9.914450e+04	2.768744e+01	1.084120e+05	1.080180e+05	5.789239e+04	5.694964e+04	3.045242e+02	1.332166e+01	2021	4	11	6
	3944825	126.328000	-9.314590	9.978338e+04	2.277352e+01	1.085358e+05	1.083068e+05	5.804878e+04	5.740478e+04	3.045154e+02	1.854065e+01	2021	4	11	12
	3944815	125.547000	-9.314590	9.972031e+04	2.191496e+01	1.082929e+05	1.080019e+05	5.780476e+04	5.724176e+04	3.044531e+02	1.839012e+01	2021	4	11	18
	3954020	125.217000	-9.455180	1.006228e+05	1.593987e+01	1.085142e+05	1.081400e+05	5.795284e+04	5.748434e+04	3.044690e+02	1.172681e+01	2021	4	12	0
	3926332	124.256000	-9.033390	1.003221e+05	1.419522e+01	1.083359e+05	1.080714e+05	5.781579e+04	5.740329e+04	3.046174e+02	1.291711e+01	2021	4	12	6
	3926326	123.789000	-9.033390	1.004280e+05	1.624867e+01	1.085052e+05	1.082970e+05	5.798840e+04	5.762965e+04	3.045398e+02	1.901191e+01	2021	4	12	12
	3958594	123.290000	-9.525480	9.990712e+04	2.027464e+01	1.083149e+05	1.080366e+05	5.780091e+04	5.722166e+04	3.045837e+02	2.835924e+01	2021	4	12	18
	3963179	122.535000	-9.595780	9.973531e+04	2.323245e+01	1.085153e+05	1.081408e+05	5.798434e+04	5.727409e+04	3.048032e+02	2.447988e+01	2021	4	13	0
	3986084	121.890000	-9.947280	9.954188e+04	2.412449e+01	1.083245e+05	1.080340e+05	5.787704e+04	5.728004e+04	3.047549e+02	1.905030e+01	2021	4	13	6
	4017981	120.819000	-10.439400	9.898556e+04	2.672888e+01	1.085540e+05	1.078928e+05	5.808669e+04	5.662744e+04	3.046260e+02	2.378050e+01	2021	4	13	12
	4027049	119.762000	-10.580000	9.898106e+04	2.706357e+01	1.083664e+05	1.080894e+05	5.795997e+04	5.709697e+04	3.056929e+02	2.376653e+01	2021	4	13	18
	4045153	118.912000	-10.861200	9.883956e+04	2.601198e+01	1.084589e+05	1.080889e+05	5.807319e+04	5.698419e+04	3.046729e+02	1.695603e+01	2021	4	14	0
	4072194	118.025000	-11.283000	9.893112e+04	2.656046e+01	1.083514e+05	1.080084e+05	5.798362e+04	5.710937e+04	3.047717e+02	1.364254e+01	2021	4	14	6
	4108028	117.097000	-11.845300	9.851175e+04	3.208958e+01	1.085506e+05	1.079366e+05	5.817764e+04	5.676439e+04	3.047136e+02	1.958721e+01	2021	4	14	12
	4139172	116.213000	-12.337400	9.839694e+04	2.890013e+01	1.084229e+05	1.079019e+05	5.803797e+04	5.676322e+04	3.045818e+02	2.860653e+01	2021	4	14	18
	4156880	115.656000	-12.618600	9.777956e+04	2.997588e+01	1.085222e+05	1.078095e+05	5.806986e+04	5.616286e+04	3.044485e+02	2.486130e+01	2021	4	15	0
	4187720	115.082000	-13.110700	9.741144e+04	3.429369e+01	1.084061e+05	1.073639e+05	5.793289e+04	5.567214e+04	3.044055e+02	1.921585e+01	2021	4	15	6
	4218367	114.748000	-13.602800	9.612038e+04	5.132839e+01	1.085009e+05	1.070107e+05	5.806862e+04	5.480938e+04	3.042954e+02	1.998706e+01	2021	4	15	12
	4240136	114.365000	-13.954300	9.727056e+04	4.531945e+01	1.083978e+05	1.078350e+05	5.791283e+04	5.626008e+04	3.041868e+02	2.186308e+01	2021	4	15	18
	4248813	113.994000	-14.094900	9.847806e+04	3.383676e+01	1.085012e+05	1.077802e+05	5.797540e+04	5.720990e+04	3.040723e+02	1.727852e+01	2021	4	16	0
	4244467	113.392000	-14.024600	9.920462e+04	2.338607e+01	1.083799e+05	1.076029e+05	5.785638e+04	5.740438e+04	3.041738e+02	1.473839e+01	2021	4	16	6
	4266115	112.917000	-14.376100	9.938894e+04	3.000186e+01	1.087147e+05	1.076622e+05	5.795054e+04	5.709904e+04	3.041409e+02	1.225260e+01	2021	4	16	12
	4253127	112.271000	-14.165200	9.965519e+04	2.265404e+01	1.083105e+05	1.072690e+05	5.784755e+04	5.742755e+04	3.041313e+02	7.425288e+00	2021	4	16	18
start	25	2021	4	13	18
	4170524	148.312000	-12.829500	1.004233e+05	1.649430e+01	1.084269e+05	1.082449e+05	5.773547e+04	5.750197e+04	3.023979e+02	1.364209e+01	2021	4	13	18
	4183732	148.389000	-13.040400	1.007438e+05	1.857788e+01	1.087169e+05	1.085199e+05	5.801044e+04	5.777669e+04	3.023887e+02	1.163160e+01	2021	4	14	0
	4174931	148.365000	-12.899800	1.004084e+05	1.742084e+01	1.085199e+05	1.083714e+05	5.778887e+04	5.753687e+04	3.026438e+02	1.400480e+01	2021	4	14	6
	4192519	148.578000	-13.181000	1.007780e+05	1.550887e+01	1.087436e+05	1.085516e+05	5.806939e+04	5.784164e+04	3.023894e+02	1.667410e+01	2021	4	14	12
	4192510	147.840000	-13.181000	1.005554e+05	1.461844e+01	1.084762e+05	1.082129e+05	5.781522e+04	5.760247e+04	3.022703e+02	1.174951e+01	2021	4	14	18
	4210031	147.804000	-13.462200	1.008236e+05	1.579806e+01	1.087182e+05	1.085180e+05	5.808561e+04	5.786286e+04	3.022415e+02	8.215717e+00	2021	4	15	0
	4183723	147.652000	-13.040400	1.004897e+05	1.410282e+01	1.084636e+05	1.082786e+05	5.780889e+04	5.758264e+04	3.030872e+02	8.654055e+00	2021	4	15	6
	4183720	147.407000	-13.040400	1.007484e+05	1.425114e+01	1.086957e+05	1.084782e+05	5.804188e+04	5.783462e+04	3.023481e+02	1.345525e+01	2021	4	15	12
	4161687	147.310000	-12.688900	1.005116e+05	1.340870e+01	1.084198e+05	1.081928e+05	5.775983e+04	5.754158e+04	3.021204e+02	1.169861e+01	2021	4	15	18
	4201268	146.959000	-13.321600	1.008301e+05	1.473756e+01	1.086367e+05	1.084477e+05	5.805665e+04	5.781140e+04	3.020967e+02	1.258153e+01	2021	4	16	0
	4170498	146.189000	-12.829500	1.004266e+05	1.557182e+01	1.083874e+05	1.082324e+05	5.778838e+04	5.751463e+04	3.023975e+02	9.971607e+00	2021	4	16	6
	4148407	146.260000	-12.478000	1.007279e+05	1.529603e+01	1.086372e+05	1.084307e+05	5.802454e+04	5.774029e+04	3.020999e+02	1.376013e+01	2021	4	16	12
	4135092	145.297000	-12.267100	1.004002e+05	1.644576e+01	1.083495e+05	1.081180e+05	5.775155e+04	5.744480e+04	3.020229e+02	1.601579e+01	2021	4	16	18
	4117295	145.018000	-11.985900	1.006484e+05	1.787602e+01	1.085944e+05	1.083939e+05	5.800622e+04	5.759497e+04	3.019158e+02	1.340632e+01	2021	4	17	0
	4090474	144.161000	-11.564100	1.003009e+05	1.655591e+01	1.083471e+05	1.081616e+05	5.772896e+04	5.730371e+04	3.024639e+02	1.155262e+01	2021	4	17	6
	4090468	143.679000	-11.564100	1.006082e+05	1.829510e+01	1.086435e+05	1.083595e+05	5.800131e+04	5.759906e+04	3.037175e+02	1.842289e+01	2021	4	17	12
	4085976	142.908000	-11.493800	1.002839e+05	1.665721e+01	1.083865e+05	1.081325e+05	5.780588e+04	5.731363e+04	3.039785e+02	1.649763e+01	2021	4	17	18
	4063490	141.794000	-11.142400	1.006389e+05	1.724416e+01	1.085918e+05	1.083938e+05	5.805969e+04	5.755169e+04	3.041787e+02	9.790167e+00	2021	4	18	0
	4063477	140.755000	-11.142400	1.002018e+05	1.917637e+01	1.083516e+05	1.081191e+05	5.780094e+04	5.731469e+04	3.043706e+02	1.054448e+01	2021	4	18	6
	4054448	139.787000	-11.001800	1.005282e+05	2.040535e+01	1.086179e+05	1.083349e+05	5.804075e+04	5.762125e+04	3.043108e+02	1.821005e+01	2021	4	18	12
	4031827	139.091000	-10.650300	1.002144e+05	2.088777e+01	1.084250e+05	1.079670e+05	5.779670e+04	5.739320e+04	3.043406e+02	1.758510e+01	2021	4	18	18
	4018198	138.011000	-10.439400	1.004234e+05	2.214941e+01	1.085968e+05	1.083682e+05	5.807045e+04	5.764295e+04	3.044124e+02	1.083878e+01	2021	4	19	0
	3986272	136.693000	-9.947280	1.002054e+05	1.916174e+01	1.084054e+05	1.081469e+05	5.781677e+04	5.746702e+04	3.050278e+02	9.195020e+00	2021	4	19	6
	3944940	135.312000	-9.314590	1.005732e+05	1.761190e+01	1.086348e+05	1.084268e+05	5.803525e+04	5.787675e+04	3.041748e+02	1.557317e+01	2021	4	19	12
	3912568	134.185000	-8.822500	1.004298e+05	1.516380e+01	1.083352e+05	1.081812e+05	5.780305e+04	5.762430e+04	3.045593e+02	1.408447e+01	2021	4	19	18
start	10	2021	5	3	12
	4702429	185.637000	-21.827800	1.005756e+05	2.162467e+01	1.084034e+05	1.059219e+05	5.776119e+04	5.671019e+04	3.011758e+02	5.490387e+01	2021	5	3	12
	4619750	187.236000	-20.351500	1.004716e+05	2.006372e+01	1.084215e+05	1.062955e+05	5.780030e+04	5.691580e+04	3.018857e+02	4.738940e+01	2021	5	3	18
	4615784	188.675000	-20.281200	1.003690e+05	2.113455e+01	1.084842e+05	1.064822e+05	5.778808e+04	5.691733e+04	3.019253e+02	4.432578e+01	2021	5	4	0
	4591824	190.060000	-19.859400	1.004546e+05	2.175887e+01	1.084898e+05	1.066388e+05	5.782453e+04	5.708103e+04	3.018489e+02	4.747340e+01	2021	5	4	6
	4547510	191.372000	-19.086100	1.006325e+05	2.092831e+01	1.085138e+05	1.068902e+05	5.782236e+04	5.716811e+04	3.022385e+02	5.093463e+01	2021	5	4	12
	4547545	194.482000	-19.086100	1.006628e+05	2.128751e+01	1.084932e+05	1.069732e+05	5.780296e+04	5.720271e+04	3.020969e+02	4.903992e+01	2021	5	4	18
	4559687	194.881000	-19.297000	1.005156e+05	2.320554e+01	1.084277e+05	1.067887e+05	5.767377e+04	5.709727e+04	3.019434e+02	4.306627e+01	2021	5	5	0
	4519123	197.912000	-18.594000	1.004922e+05	2.315431e+01	1.084611e+05	1.071631e+05	5.781067e+04	5.708867e+04	3.025598e+02	4.663693e+01	2021	5	5	6
	4523227	200.226000	-18.664300	1.006016e+05	1.996879e+01	1.083736e+05	1.071771e+05	5.775326e+04	5.694051e+04	3.025996e+02	4.309657e+01	2021	5	5	12
	4523221	199.696000	-18.664300	1.006924e+05	1.777814e+01	1.084201e+05	1.067221e+05	5.783659e+04	5.725759e+04	3.025066e+02	2.419566e+01	2021	5	5	18
start	30	2021	5	12	18
	2503520	118.713000	11.634400	1.004919e+05	1.273685e+01	1.087129e+05	1.084989e+05	5.794007e+04	5.761632e+04	3.054497e+02	2.166391e+01	2021	5	12	18
	2490103	117.984000	11.845300	1.006163e+05	1.233124e+01	1.088091e+05	1.085336e+05	5.809157e+04	5.776607e+04	3.053577e+02	2.549553e+01	2021	5	13	0
	2458950	117.349000	12.337400	1.004600e+05	1.357228e+01	1.087231e+05	1.084956e+05	5.804252e+04	5.755427e+04	3.051541e+02	1.690701e+01	2021	5	13	6
	2423583	116.322000	12.899800	1.004013e+05	1.701863e+01	1.088768e+05	1.086638e+05	5.811855e+04	5.772480e+04	3.048574e+02	1.176827e+01	2021	5	13	12
	2410379	115.328000	13.110700	1.003311e+05	1.360935e+01	1.088264e+05	1.085624e+05	5.807063e+04	5.760488e+04	3.045671e+02	2.387945e+01	2021	5	13	18
	2392839	114.762000	13.391900	1.003121e+05	1.605328e+01	1.087981e+05	1.085236e+05	5.809552e+04	5.751152e+04	3.043167e+02	2.214428e+01	2021	5	14	0
	2392828	113.857000	13.391900	9.998181e+04	1.539110e+01	1.087004e+05	1.084554e+05	5.801625e+04	5.733075e+04	3.046340e+02	1.487956e+01	2021	5	14	6
	2375351	113.202000	13.673100	1.000260e+05	1.516267e+01	1.087782e+05	1.084402e+05	5.803141e+04	5.724641e+04	3.047588e+02	1.447062e+01	2021	5	14	12
	2366633	112.583000	13.813700	9.978938e+04	1.641141e+01	1.086811e+05	1.084206e+05	5.795624e+04	5.708024e+04	3.047026e+02	2.687084e+01	2021	5	14	18
	2336266	112.063000	14.305800	9.966269e+04	1.865147e+01	1.086578e+05	1.084202e+05	5.797012e+04	5.705112e+04	3.046250e+02	2.186113e+01	2021	5	15	0
	2310394	111.684000	14.727600	9.935088e+04	2.030144e+01	1.086382e+05	1.082458e+05	5.782643e+04	5.680268e+04	3.045791e+02	1.386606e+01	2021	5	15	6
	2271860	111.445000	15.360300	9.916138e+04	2.278370e+01	1.086523e+05	1.082263e+05	5.792970e+04	5.667245e+04	3.043965e+02	1.367122e+01	2021	5	15	12
	2229428	111.477000	16.063300	9.903950e+04	2.573594e+01	1.085971e+05	1.080706e+05	5.782555e+04	5.667680e+04	3.040625e+02	2.188061e+01	2021	5	15	18
	2191583	111.662000	16.696000	9.883744e+04	2.795248e+01	1.086949e+05	1.080784e+05	5.792671e+04	5.665471e+04	3.037744e+02	1.826957e+01	2021	5	16	0
	2137494	112.282000	17.609800	9.652644e+04	4.168236e+01	1.086139e+05	1.072849e+05	5.784979e+04	5.506829e+04	3.039114e+02	1.373695e+01	2021	5	16	6
	2100444	112.741000	18.242500	9.717831e+04	3.983184e+01	1.087974e+05	1.075199e+05	5.800085e+04	5.575035e+04	3.038108e+02	9.620895e+00	2021	5	16	12
	2051545	113.100000	19.086100	9.774669e+04	2.940164e+01	1.085748e+05	1.080572e+05	5.791990e+04	5.689615e+04	3.036218e+02	1.677774e+01	2021	5	16	18
	2019276	114.269000	19.648500	9.732488e+04	3.881176e+01	1.087149e+05	1.072489e+05	5.795472e+04	5.593022e+04	3.034436e+02	1.758752e+01	2021	5	17	0
	1975315	115.080000	20.421800	9.821988e+04	2.673224e+01	1.086528e+05	1.082448e+05	5.788742e+04	5.684367e+04	3.035376e+02	1.957708e+01	2021	5	17	6
	1951547	116.144000	20.843600	9.808844e+04	3.649146e+01	1.087588e+05	1.080313e+05	5.791627e+04	5.642277e+04	3.035552e+02	2.147538e+01	2021	5	17	12
	1900528	117.046000	21.757500	9.843112e+04	2.610981e+01	1.084751e+05	1.078016e+05	5.782540e+04	5.703265e+04	3.033367e+02	2.566712e+01	2021	5	17	18
	1861750	118.446000	22.460500	9.860231e+04	3.017198e+01	1.086051e+05	1.077411e+05	5.779457e+04	5.678182e+04	3.032039e+02	2.754811e+01	2021	5	18	0
	1838677	119.468000	22.882200	9.809181e+04	2.802992e+01	1.084934e+05	1.077994e+05	5.770722e+04	5.656722e+04	3.030815e+02	2.028840e+01	2021	5	18	6
	1831033	121.223000	23.022800	9.930519e+04	2.492356e+01	1.086269e+05	1.078979e+05	5.785867e+04	5.657942e+04	3.029309e+02	2.352096e+01	2021	5	18	12
	1792972	122.408000	23.725800	9.922100e+04	2.471728e+01	1.084594e+05	1.077544e+05	5.771690e+04	5.686840e+04	3.027085e+02	2.159988e+01	2021	5	18	18
	1770332	123.571000	24.147600	9.944881e+04	2.664293e+01	1.086001e+05	1.078311e+05	5.778449e+04	5.695049e+04	3.022068e+02	2.424422e+01	2021	5	19	0
	1718052	125.049000	25.131800	9.872238e+04	2.910930e+01	1.085224e+05	1.077619e+05	5.765652e+04	5.675177e+04	3.024712e+02	2.349706e+01	2021	5	19	6
	1666551	126.079000	26.116000	9.908400e+04	2.468413e+01	1.086188e+05	1.076908e+05	5.769898e+04	5.707398e+04	3.017053e+02	2.539992e+01	2021	5	19	12
	1612238	126.882000	27.170500	9.877781e+04	2.597130e+01	1.084824e+05	1.073849e+05	5.758712e+04	5.669712e+04	3.009434e+02	3.031811e+01	2021	5	19	18
	1569433	127.280000	28.014100	9.936162e+04	1.973989e+01	1.085637e+05	1.071552e+05	5.769894e+04	5.713394e+04	3.006409e+02	2.742540e+01	2021	5	20	0
start	35	2021	6	1	6
	2817663	162.182000	6.854130	1.006320e+05	1.267503e+01	1.086042e+05	1.083632e+05	5.784041e+04	5.748141e+04	3.039673e+02	3.039395e+01	2021	6	1	6
	2908611	163.507000	5.518450	1.007906e+05	1.403274e+01	1.087388e+05	1.085392e+05	5.797077e+04	5.766027e+04	3.041621e+02	3.656356e+01	2021	6	1	12
	2803456	163.581000	7.065030	1.005966e+05	1.293680e+01	1.085858e+05	1.083558e+05	5.785480e+04	5.748080e+04	3.038799e+02	3.176649e+01	2021	6	1	18
	2784544	163.525000	7.346220	1.006568e+05	1.297721e+01	1.087402e+05	1.085557e+05	5.799227e+04	5.759302e+04	3.037686e+02	2.899492e+01	2021	6	2	0
	2742220	162.938000	7.978910	1.004385e+05	1.322367e+01	1.086744e+05	1.084424e+05	5.792695e+04	5.742645e+04	3.036633e+02	2.943982e+01	2021	6	2	6
	2760989	163.072000	7.697720	1.005637e+05	1.341822e+01	1.088638e+05	1.086238e+05	5.808022e+04	5.763347e+04	3.036450e+02	3.573521e+01	2021	6	2	12
	2737537	162.846000	8.049210	1.002705e+05	1.445410e+01	1.086804e+05	1.084289e+05	5.795155e+04	5.743855e+04	3.035735e+02	4.343992e+01	2021	6	2	18
	2704865	161.969000	8.541300	1.003796e+05	1.533752e+01	1.088616e+05	1.085586e+05	5.806138e+04	5.753538e+04	3.034824e+02	4.295763e+01	2021	6	3	0
	2663157	161.672000	9.173990	1.000940e+05	1.656772e+01	1.087871e+05	1.084001e+05	5.797125e+04	5.730325e+04	3.032749e+02	3.813939e+01	2021	6	3	6
	2594358	160.720000	10.228500	1.002392e+05	1.783591e+01	1.089438e+05	1.085693e+05	5.816402e+04	5.743452e+04	3.029976e+02	4.433746e+01	2021	6	3	12
	2580692	159.401000	10.439400	9.986338e+04	1.931334e+01	1.087636e+05	1.082926e+05	5.794854e+04	5.715154e+04	3.031973e+02	4.481117e+01	2021	6	3	18
	2530929	157.520000	11.212700	9.995656e+04	1.969821e+01	1.089591e+05	1.085221e+05	5.813586e+04	5.729461e+04	3.032405e+02	3.573460e+01	2021	6	4	0
	2508471	156.777000	11.564100	9.954250e+04	2.140397e+01	1.088729e+05	1.082404e+05	5.795363e+04	5.701013e+04	3.031997e+02	3.114204e+01	2021	6	4	6
	2437299	156.114000	12.688900	9.966469e+04	2.309954e+01	1.090518e+05	1.083783e+05	5.822754e+04	5.712679e+04	3.029497e+02	3.208167e+01	2021	6	4	12
	2402070	153.558000	13.251300	9.927938e+04	2.225408e+01	1.088131e+05	1.081366e+05	5.797993e+04	5.681668e+04	3.029167e+02	3.054187e+01	2021	6	4	18
	2332433	152.750000	14.376100	9.937538e+04	2.500830e+01	1.089893e+05	1.081858e+05	5.821642e+04	5.691417e+04	3.028296e+02	3.160577e+01	2021	6	5	0
	2315168	151.227000	14.657300	9.889638e+04	3.167090e+01	1.088878e+05	1.078858e+05	5.808438e+04	5.646138e+04	3.029204e+02	2.673494e+01	2021	6	5	6
	2285122	149.691000	15.149400	9.909550e+04	2.803346e+01	1.090969e+05	1.080414e+05	5.827062e+04	5.651037e+04	3.030732e+02	2.062100e+01	2021	6	5	12
	2246788	148.415000	15.782100	9.883744e+04	2.485205e+01	1.088811e+05	1.080021e+05	5.811709e+04	5.648209e+04	3.030513e+02	1.894378e+01	2021	6	5	18
	2212981	146.892000	16.344500	9.890906e+04	2.436849e+01	1.091054e+05	1.081804e+05	5.830595e+04	5.657820e+04	3.032244e+02	1.775720e+01	2021	6	6	0
	2187792	145.583000	16.766300	9.883112e+04	2.298447e+01	1.090332e+05	1.079957e+05	5.818427e+04	5.653602e+04	3.033193e+02	1.889187e+01	2021	6	6	6
	2196157	144.704000	16.625700	9.885000e+04	2.935483e+01	1.092029e+05	1.080879e+05	5.824312e+04	5.644738e+04	3.033604e+02	2.183205e+01	2021	6	6	12
	2133722	143.756000	17.680100	9.843781e+04	2.705916e+01	1.089349e+05	1.078099e+05	5.806846e+04	5.617821e+04	3.032578e+02	2.063617e+01	2021	6	6	18
	2104889	142.895000	18.172200	9.856294e+04	2.602742e+01	1.091189e+05	1.080989e+05	5.823200e+04	5.635050e+04	3.031470e+02	1.704221e+01	2021	6	7	0
	2051872	142.152000	19.086100	9.842838e+04	2.776714e+01	1.090052e+05	1.076622e+05	5.808582e+04	5.611007e+04	3.030059e+02	1.655411e+01	2021	6	7	6
	2007542	141.737000	19.859400	9.838869e+04	2.526393e+01	1.090772e+05	1.077792e+05	5.821674e+04	5.612149e+04	3.029351e+02	1.857613e+01	2021	6	7	12
	1971632	141.390000	20.492100	9.798631e+04	2.761539e+01	1.087903e+05	1.077338e+05	5.800649e+04	5.575474e+04	3.028267e+02	1.695364e+01	2021	6	7	18
	1904696	141.639000	21.687200	9.791094e+04	3.082891e+01	1.089589e+05	1.078359e+05	5.818337e+04	5.582537e+04	3.025051e+02	1.192781e+01	2021	6	8	0
	1819790	142.075000	23.233700	9.743938e+04	2.998963e+01	1.088532e+05	1.076442e+05	5.809623e+04	5.552873e+04	3.019949e+02	1.393494e+01	2021	6	8	6
	1740554	142.958000	24.710000	9.771162e+04	3.180533e+01	1.090012e+05	1.078462e+05	5.826014e+04	5.574839e+04	3.013474e+02	1.813635e+01	2021	6	8	12
	1634035	144.458000	26.748700	9.756250e+04	3.212014e+01	1.088121e+05	1.072996e+05	5.807097e+04	5.574922e+04	3.002070e+02	2.697516e+01	2021	6	8	18
	1527389	146.739000	28.857600	9.740931e+04	3.654593e+01	1.089669e+05	1.065654e+05	5.820433e+04	5.587408e+04	2.982683e+02	2.537656e+01	2021	6	9	0
	1394129	149.713000	31.599300	9.783556e+04	3.129660e+01	1.089202e+05	1.055332e+05	5.809500e+04	5.600450e+04	2.960085e+02	1.929634e+01	2021	6	9	6
	1279723	153.338000	34.059800	9.854969e+04	2.760527e+01	1.089164e+05	1.047859e+05	5.815009e+04	5.560184e+04	2.945913e+02	2.160623e+01	2021	6	9	12
	1161057	157.441000	36.731100	9.875162e+04	2.376027e+01	1.084696e+05	1.037396e+05	5.775927e+04	5.499277e+04	2.937151e+02	1.886575e+01	2021	6	9	18
start	21	2021	6	6	0
	1983192	107.711000	20.281200	9.995156e+04	1.176289e+01	1.087269e+05	1.084114e+05	5.774295e+04	5.730370e+04	3.058142e+02	3.071739e+01	2021	6	6	0
	1979220	108.543000	20.351500	9.979262e+04	1.131846e+01	1.088142e+05	1.084432e+05	5.767702e+04	5.721502e+04	3.057461e+02	2.200473e+01	2021	6	6	6
	1987200	109.769000	20.210900	9.988675e+04	1.302651e+01	1.088894e+05	1.085764e+05	5.778838e+04	5.727238e+04	3.054326e+02	2.063568e+01	2021	6	6	12
	1995179	109.459000	20.070300	9.987581e+04	1.309682e+01	1.088359e+05	1.084164e+05	5.771796e+04	5.723896e+04	3.054297e+02	2.915227e+01	2021	6	6	18
	2035346	110.783000	19.367300	9.990644e+04	1.414282e+01	1.088479e+05	1.085734e+05	5.779425e+04	5.725400e+04	3.049478e+02	2.506800e+01	2021	6	7	0
	1979263	112.432000	20.351500	9.977562e+04	1.477070e+01	1.088452e+05	1.084298e+05	5.772307e+04	5.717832e+04	3.048105e+02	2.118438e+01	2021	6	7	6
	1955462	112.659000	20.773300	9.968569e+04	1.325461e+01	1.089152e+05	1.085142e+05	5.778824e+04	5.715649e+04	3.045806e+02	1.508082e+01	2021	6	7	12
	1900486	113.169000	21.757500	9.968181e+04	1.449293e+01	1.088563e+05	1.081553e+05	5.766199e+04	5.715874e+04	3.042495e+02	1.989595e+01	2021	6	7	18
	1920039	113.786000	21.406000	9.975019e+04	1.559159e+01	1.089329e+05	1.083474e+05	5.777612e+04	5.723437e+04	3.041497e+02	1.667490e+01	2021	6	8	0
	1904410	115.266000	21.687200	9.966412e+04	1.460636e+01	1.088232e+05	1.083082e+05	5.773498e+04	5.719048e+04	3.040867e+02	1.473387e+01	2021	6	8	6
	1888838	116.111000	21.968400	9.974188e+04	1.425596e+01	1.089587e+05	1.083172e+05	5.784489e+04	5.726114e+04	3.030876e+02	1.425309e+01	2021	6	8	12
	1877206	117.214000	22.179300	9.968700e+04	1.575681e+01	1.088906e+05	1.081381e+05	5.778797e+04	5.720672e+04	3.030020e+02	2.579283e+01	2021	6	8	18
	1854044	118.879000	22.601100	9.972706e+04	1.737443e+01	1.089279e+05	1.080619e+05	5.793133e+04	5.720433e+04	3.028025e+02	2.622351e+01	2021	6	9	0
	1819555	119.906000	23.233700	9.969506e+04	1.707667e+01	1.088548e+05	1.079142e+05	5.785550e+04	5.714875e+04	3.028025e+02	1.999249e+01	2021	6	9	6
	1831044	122.257000	23.022800	9.961719e+04	1.829430e+01	1.089959e+05	1.079149e+05	5.799459e+04	5.723934e+04	3.026440e+02	1.726845e+01	2021	6	9	12
	1808166	123.596000	23.444600	9.959038e+04	1.712114e+01	1.089286e+05	1.076966e+05	5.784977e+04	5.711727e+04	3.025325e+02	2.508752e+01	2021	6	9	18
	1796792	125.316000	23.655500	9.977312e+04	1.617139e+01	1.089731e+05	1.079411e+05	5.796431e+04	5.726831e+04	3.026338e+02	2.906810e+01	2021	6	10	0
	1774129	126.592000	24.077300	9.961800e+04	1.541160e+01	1.087783e+05	1.078853e+05	5.780590e+04	5.717615e+04	3.025840e+02	1.855756e+01	2021	6	10	6
	1766609	127.245000	24.217900	9.976856e+04	1.440706e+01	1.088916e+05	1.079801e+05	5.791503e+04	5.732228e+04	3.023057e+02	1.759946e+01	2021	6	10	12
	1736677	128.723000	24.780300	9.965244e+04	1.654514e+01	1.087587e+05	1.076142e+05	5.777365e+04	5.714990e+04	3.014722e+02	2.421194e+01	2021	6	10	18
	1659292	129.616000	26.256600	9.966962e+04	1.549306e+01	1.086928e+05	1.071643e+05	5.780415e+04	5.717515e+04	3.008701e+02	2.058605e+01	2021	6	11	0
start	24	2021	6	6	12
	2438466	251.250000	12.688900	1.003235e+05	9.498318e+00	1.085309e+05	1.083729e+05	5.778238e+04	5.757162e+04	3.041895e+02	2.906353e+01	2021	6	6	12
	2456163	251.074000	12.407700	1.005511e+05	1.066224e+01	1.087544e+05	1.085649e+05	5.799296e+04	5.773396e+04	3.041641e+02	2.918754e+01	2021	6	6	18
	2398878	251.342000	13.321600	1.003117e+05	1.013209e+01	1.085639e+05	1.083999e+05	5.779700e+04	5.753325e+04	3.043315e+02	2.341035e+01	2021	6	7	0
	2372665	251.322000	13.743400	1.005536e+05	1.141006e+01	1.087592e+05	1.085708e+05	5.803157e+04	5.764182e+04	3.039209e+02	2.005612e+01	2021	6	7	6
	2377021	251.092000	13.673100	1.002987e+05	1.110056e+01	1.085782e+05	1.083892e+05	5.782574e+04	5.736499e+04	3.039165e+02	2.023234e+01	2021	6	7	12
	2346588	250.637000	14.165200	1.005056e+05	1.206740e+01	1.087673e+05	1.085988e+05	5.804149e+04	5.753249e+04	3.037300e+02	2.229570e+01	2021	6	7	18
	2346581	250.055000	14.165200	1.002509e+05	1.232835e+01	1.086164e+05	1.083674e+05	5.784662e+04	5.728687e+04	3.037590e+02	2.074473e+01	2021	6	8	0
	2307739	249.302000	14.797900	1.005294e+05	1.317837e+01	1.087528e+05	1.084382e+05	5.804648e+04	5.745173e+04	3.032664e+02	2.207388e+01	2021	6	8	6
	2282026	248.933000	15.219700	1.002176e+05	1.422908e+01	1.086047e+05	1.081562e+05	5.782189e+04	5.720614e+04	3.027830e+02	2.220542e+01	2021	6	8	12
	2269214	247.944000	15.430600	1.003570e+05	1.457148e+01	1.086866e+05	1.082911e+05	5.798947e+04	5.749147e+04	3.023965e+02	1.851518e+01	2021	6	8	18
	2239479	247.287000	15.922700	1.000438e+05	1.686705e+01	1.085179e+05	1.080559e+05	5.777208e+04	5.725983e+04	3.031238e+02	1.584060e+01	2021	6	9	0
	2201553	247.865000	16.555400	1.002846e+05	1.822883e+01	1.087102e+05	1.082332e+05	5.797050e+04	5.747250e+04	3.021160e+02	1.734353e+01	2021	6	9	6
	2180608	246.897000	16.906900	9.981044e+04	1.825756e+01	1.084654e+05	1.078679e+05	5.769609e+04	5.717259e+04	3.019956e+02	1.891610e+01	2021	6	9	12
	2151467	246.741000	17.398900	9.986288e+04	1.911556e+01	1.086911e+05	1.080256e+05	5.790877e+04	5.731777e+04	3.018391e+02	1.422950e+01	2021	6	9	18
	2134905	246.825000	17.680100	9.948612e+04	1.985081e+01	1.085361e+05	1.078576e+05	5.778056e+04	5.703556e+04	3.017744e+02	7.945578e+00	2021	6	10	0
	2081507	245.912000	18.594000	9.993375e+04	1.657026e+01	1.086553e+05	1.079063e+05	5.800240e+04	5.735915e+04	3.009541e+02	7.488666e+00	2021	6	10	6
	2032822	245.536000	19.437600	9.985206e+04	1.578018e+01	1.084546e+05	1.076021e+05	5.777553e+04	5.727728e+04	3.003496e+02	5.570303e+00	2021	6	10	12
	2016717	244.990000	19.718800	1.001419e+05	1.638267e+01	1.087472e+05	1.077892e+05	5.795540e+04	5.753090e+04	3.002612e+02	3.248241e+00	2021	6	10	18
	1980727	244.854000	20.351500	1.000481e+05	1.305912e+01	1.085913e+05	1.076993e+05	5.785890e+04	5.744515e+04	2.997295e+02	1.906033e+00	2021	6	11	0
	1949003	244.286000	20.913900	1.004226e+05	1.227118e+01	1.087723e+05	1.078563e+05	5.804566e+04	5.766491e+04	2.991580e+02	3.816021e+00	2021	6	11	6
	1898004	243.943000	21.827800	1.003441e+05	1.197274e+01	1.085725e+05	1.075515e+05	5.785007e+04	5.743757e+04	2.985867e+02	3.564583e+00	2021	6	11	12
	1866953	243.447000	22.390200	1.006492e+05	1.179343e+01	1.088263e+05	1.076823e+05	5.809457e+04	5.764732e+04	2.983252e+02	1.192539e+00	2021	6	11	18
	1847676	243.122000	22.741700	1.005396e+05	1.130713e+01	1.087388e+05	1.075288e+05	5.801644e+04	5.762119e+04	2.983967e+02	5.000525e-01	2021	6	12	0
	1836156	242.756000	22.952500	1.008381e+05	1.008385e+01	1.088118e+05	1.075423e+05	5.815229e+04	5.773704e+04	2.981763e+02	4.125163e-01	2021	6	12	6
start	13	2021	6	19	18
	1941367	267.442000	21.054500	1.003234e+05	1.604053e+01	1.087639e+05	1.081439e+05	5.810012e+04	5.746037e+04	3.045874e+02	2.184942e+01	2021	6	19	18
	1890481	268.241000	21.968400	1.001181e+05	1.387656e+01	1.086231e+05	1.079716e+05	5.793277e+04	5.735327e+04	3.043560e+02	2.374183e+01	2021	6	20	0
	1871102	269.721000	22.319900	1.002237e+05	1.580565e+01	1.086549e+05	1.080379e+05	5.796039e+04	5.739289e+04	3.042156e+02	3.300031e+01	2021	6	20	6
	1840281	270.000000	22.882200	1.000129e+05	1.945255e+01	1.084665e+05	1.079995e+05	5.781738e+04	5.719238e+04	3.037834e+02	2.549874e+01	2021	6	20	12
	1817336	270.472000	23.304000	1.000532e+05	1.587310e+01	1.086542e+05	1.082157e+05	5.791029e+04	5.744054e+04	3.032859e+02	1.888118e+01	2021	6	20	18
	1794527	270.190000	23.725800	9.993219e+04	1.719727e+01	1.086019e+05	1.081519e+05	5.785539e+04	5.735164e+04	3.026062e+02	1.285604e+01	2021	6	21	0
	1760584	269.808000	24.358500	1.000759e+05	1.671858e+01	1.086690e+05	1.080900e+05	5.796096e+04	5.744071e+04	3.023174e+02	1.696516e+01	2021	6	21	6
	1697353	269.023000	25.553600	9.990488e+04	1.873934e+01	1.085604e+05	1.079819e+05	5.800364e+04	5.728464e+04	3.024001e+02	1.928105e+01	2021	6	21	12
	1638892	267.713000	26.678400	1.000702e+05	1.837748e+01	1.087547e+05	1.080812e+05	5.821459e+04	5.753409e+04	3.032651e+02	1.571957e+01	2021	6	21	18
	1570802	266.343000	28.014100	9.992875e+04	1.904400e+01	1.088045e+05	1.080905e+05	5.818870e+04	5.744320e+04	3.029612e+02	1.507824e+01	2021	6	22	0
	1483412	264.669000	29.771500	9.975869e+04	1.918019e+01	1.089001e+05	1.081721e+05	5.831620e+04	5.727795e+04	3.027686e+02	2.325262e+01	2021	6	22	6
	1411940	263.571000	31.247800	9.996356e+04	1.376536e+01	1.088086e+05	1.080896e+05	5.824479e+04	5.715529e+04	-9.000000e+33	1.921567e+01	2021	6	22	12
	1335687	262.509000	32.864700	1.001299e+05	1.596433e+01	1.089833e+05	1.079933e+05	5.834105e+04	5.734080e+04	-9.000000e+33	2.463411e+01	2021	6	22	18
start	22	2021	6	19	18
	2250831	131.565000	15.711800	1.000124e+05	1.608824e+01	1.087014e+05	1.082864e+05	5.773987e+04	5.728562e+04	3.038921e+02	4.368245e+01	2021	6	19	18
	2217008	131.282000	16.274200	1.000478e+05	1.887409e+01	1.088536e+05	1.082951e+05	5.792252e+04	5.737027e+04	3.038521e+02	4.181937e+01	2021	6	20	0
	2092469	131.701000	18.383100	9.965869e+04	2.067323e+01	1.088024e+05	1.081604e+05	5.776414e+04	5.706314e+04	3.045671e+02	3.592424e+01	2021	6	20	6
	2092452	130.205000	18.383100	9.963962e+04	1.940878e+01	1.088815e+05	1.081690e+05	5.780438e+04	5.711462e+04	3.037805e+02	3.919638e+01	2021	6	20	12
	2072045	130.226000	18.734600	9.938844e+04	1.691985e+01	1.086297e+05	1.079712e+05	5.760679e+04	5.686054e+04	3.036658e+02	3.234879e+01	2021	6	20	18
	2023472	129.901000	19.578200	9.940644e+04	1.646025e+01	1.087264e+05	1.081759e+05	5.770214e+04	5.689689e+04	3.035925e+02	2.772113e+01	2021	6	21	0
	1975484	130.382000	20.421800	9.916994e+04	1.695532e+01	1.086260e+05	1.082260e+05	5.759046e+04	5.670271e+04	3.034482e+02	2.627501e+01	2021	6	21	6
	1935927	130.152000	21.124800	9.925962e+04	1.775684e+01	1.087104e+05	1.083004e+05	5.768814e+04	5.679189e+04	3.030671e+02	2.040912e+01	2021	6	21	12
	1912389	130.399000	21.546600	9.910975e+04	1.711468e+01	1.085512e+05	1.081902e+05	5.758634e+04	5.667184e+04	3.028267e+02	1.786348e+01	2021	6	21	18
	1881217	129.619000	22.109000	9.927000e+04	1.696730e+01	1.086975e+05	1.084010e+05	5.766620e+04	5.688620e+04	3.029192e+02	1.329553e+01	2021	6	22	0
	1858017	130.052000	22.530800	9.917369e+04	1.809739e+01	1.086601e+05	1.083816e+05	5.767045e+04	5.675845e+04	3.025049e+02	1.025072e+01	2021	6	22	6
	1812034	129.517000	23.374300	9.935931e+04	1.822555e+01	1.088356e+05	1.085286e+05	5.781904e+04	5.695704e+04	3.027271e+02	1.447768e+01	2021	6	22	12
	1736684	129.399000	24.780300	9.926944e+04	1.901722e+01	1.087053e+05	1.082923e+05	5.771355e+04	5.691905e+04	3.025046e+02	1.657774e+01	2021	6	22	18
	1699614	129.826000	25.483300	9.940856e+04	1.923510e+01	1.088329e+05	1.082664e+05	5.792128e+04	5.703628e+04	3.020569e+02	1.879158e+01	2021	6	23	0
	1587229	130.202000	27.662600	9.920156e+04	2.371517e+01	1.087762e+05	1.079797e+05	5.785509e+04	5.690309e+04	3.015940e+02	2.069277e+01	2021	6	23	6
	1558849	130.159000	28.225000	9.923431e+04	2.285904e+01	1.089419e+05	1.079099e+05	5.794699e+04	5.703099e+04	3.011057e+02	2.927565e+01	2021	6	23	12
	1424179	131.694000	30.966600	9.883900e+04	2.383577e+01	1.086814e+05	1.069009e+05	5.772407e+04	5.665757e+04	3.008193e+02	3.534718e+01	2021	6	23	18
	1354192	133.414000	32.442900	9.882769e+04	2.571204e+01	1.086952e+05	1.065582e+05	5.781035e+04	5.656335e+04	3.006348e+02	3.397205e+01	2021	6	24	0
	1337805	135.660000	32.794400	9.847650e+04	2.387207e+01	1.087116e+05	1.065951e+05	5.781735e+04	5.642485e+04	2.997935e+02	2.188354e+01	2021	6	24	6
	1263640	138.113000	34.411200	9.884294e+04	2.522582e+01	1.087619e+05	1.058429e+05	5.788852e+04	5.617327e+04	2.991216e+02	1.207895e+01	2021	6	24	12
	1157889	142.983000	36.801400	9.878300e+04	2.166779e+01	1.084281e+05	1.050316e+05	5.753141e+04	5.568066e+04	2.984612e+02	2.512291e+01	2021	6	24	18
	1025001	145.936000	39.964800	9.813212e+04	2.363564e+01	1.079046e+05	1.041631e+05	5.700397e+04	5.528447e+04	2.946135e+02	3.096444e+01	2021	6	25	0
start	10	2021	6	28	18
	1363953	119.092000	32.232000	9.840044e+04	1.660252e+01	1.086544e+05	1.062334e+05	5.765009e+04	5.602084e+04	3.008477e+02	4.729090e+01	2021	6	28	18
	1298706	121.266000	33.638000	9.759431e+04	2.693021e+01	1.084808e+05	1.060058e+05	5.751462e+04	5.579712e+04	3.008384e+02	4.723124e+01	2021	6	29	0
	1257158	123.253000	34.551800	9.774500e+04	2.457891e+01	1.083084e+05	1.060054e+05	5.741554e+04	5.546204e+04	3.005735e+02	2.961137e+01	2021	6	29	6
	1206935	124.054000	35.676600	9.782412e+04	2.168578e+01	1.082306e+05	1.060971e+05	5.740084e+04	5.549109e+04	2.977539e+02	1.569599e+01	2021	6	29	12
	1182216	125.462000	36.239000	9.808006e+04	2.278246e+01	1.080111e+05	1.058566e+05	5.727443e+04	5.544118e+04	2.982002e+02	7.733427e+00	2021	6	29	18
	1179156	127.031000	36.309300	9.879125e+04	1.692100e+01	1.080852e+05	1.057577e+05	5.739577e+04	5.565652e+04	2.999172e+02	5.557702e+00	2021	6	30	0
	1148663	129.538000	37.012300	9.906094e+04	1.792324e+01	1.081701e+05	1.057341e+05	5.739521e+04	5.572421e+04	2.978181e+02	5.875683e+00	2021	6	30	6
	1100691	131.846000	38.137100	9.920462e+04	1.626244e+01	1.080996e+05	1.053646e+05	5.729554e+04	5.571754e+04	2.974321e+02	1.016782e+01	2021	6	30	12
	1077093	133.529000	38.699500	9.900169e+04	1.402446e+01	1.076734e+05	1.045559e+05	5.691882e+04	5.557207e+04	2.969534e+02	1.438952e+01	2021	6	30	18
	1091836	135.426000	38.348000	9.909625e+04	1.765307e+01	1.077719e+05	1.045249e+05	5.702330e+04	5.553455e+04	2.968906e+02	1.174789e+01	2021	7	1	0
start	18	2021	6	29	18
	5417619	252.679000	-36.239000	9.829806e+04	2.907687e+01	1.030261e+05	1.003891e+05	5.508718e+04	5.355618e+04	2.905098e+02	3.251370e+01	2021	6	29	18
	5448161	251.502000	-36.942000	9.782775e+04	2.989276e+01	1.016922e+05	1.002422e+05	5.427727e+04	5.289927e+04	2.899963e+02	1.739311e+01	2021	6	30	0
	5408362	251.114000	-36.028100	9.770419e+04	2.772929e+01	1.014951e+05	1.000976e+05	5.413596e+04	5.259371e+04	2.912214e+02	1.117503e+01	2021	6	30	6
	5383540	251.538000	-35.465700	9.753862e+04	2.461100e+01	1.012971e+05	9.982656e+04	5.408929e+04	5.243079e+04	2.915054e+02	9.084889e+00	2021	6	30	12
	5349001	253.161000	-34.692400	9.785469e+04	2.252028e+01	1.016534e+05	9.986594e+04	5.426807e+04	5.257532e+04	2.914250e+02	8.562999e+00	2021	6	30	18
	5339511	255.151000	-34.481500	9.784575e+04	2.003364e+01	1.014454e+05	9.974044e+04	5.414505e+04	5.254905e+04	2.915908e+02	1.005437e+01	2021	7	1	0
	5358501	256.409000	-34.903300	9.796481e+04	1.863421e+01	1.010896e+05	9.978056e+04	5.400661e+04	5.262836e+04	2.912068e+02	8.560766e+00	2021	7	1	6
	5355356	257.338000	-34.833000	9.797375e+04	1.675891e+01	1.010799e+05	9.968338e+04	5.393090e+04	5.260740e+04	2.912207e+02	6.769991e+00	2021	7	1	12
	5345884	258.636000	-34.622100	9.827281e+04	1.776677e+01	1.015276e+05	9.979612e+04	5.423366e+04	5.284791e+04	2.915493e+02	5.799847e+00	2021	7	1	18
	5330017	260.740000	-34.270600	9.834312e+04	1.718899e+01	1.018248e+05	9.973781e+04	5.435786e+04	5.291111e+04	2.916685e+02	6.345145e+00	2021	7	2	0
	5342752	262.850000	-34.551800	9.848456e+04	1.740198e+01	1.018167e+05	9.972419e+04	5.445165e+04	5.301740e+04	2.912244e+02	6.958107e+00	2021	7	2	6
	5355424	265.095000	-34.833000	9.850869e+04	1.759757e+01	1.017692e+05	9.966169e+04	5.440934e+04	5.298959e+04	2.908101e+02	5.226712e+00	2021	7	2	12
	5383675	267.115000	-35.465700	9.863750e+04	1.758748e+01	1.016574e+05	9.971244e+04	5.438841e+04	5.309191e+04	2.902007e+02	6.006015e+00	2021	7	2	18
	5417760	269.181000	-36.239000	9.863581e+04	1.799928e+01	1.013834e+05	9.968594e+04	5.428094e+04	5.306469e+04	2.896812e+02	6.188064e+00	2021	7	3	0
	5454385	270.713000	-37.082600	9.865994e+04	1.616360e+01	1.011021e+05	9.960806e+04	5.411139e+04	5.301689e+04	2.893145e+02	6.065691e+00	2021	7	3	6
	5484465	271.928000	-37.785600	9.863888e+04	1.356891e+01	1.007599e+05	9.946244e+04	5.391356e+04	5.293656e+04	2.887566e+02	6.001017e+00	2021	7	3	12
	5511193	272.805000	-38.418300	9.871600e+04	1.420878e+01	1.006877e+05	9.942369e+04	5.386886e+04	5.295411e+04	2.880994e+02	5.209650e+00	2021	7	3	18
	5531760	273.817000	-38.910400	9.872838e+04	1.463003e+01	1.006494e+05	9.925988e+04	5.386980e+04	5.291880e+04	2.876404e+02	4.771991e+00	2021	7	4	0
start	24	2021	7	1	6
	2649010	136.838000	9.384890	1.003641e+05	1.294687e+01	1.085191e+05	1.082981e+05	5.781361e+04	5.736661e+04	3.045623e+02	4.111983e+01	2021	7	1	6
	2630607	135.196000	9.666080	1.005265e+05	1.403985e+01	1.086629e+05	1.084514e+05	5.793115e+04	5.750290e+04	3.039258e+02	4.099538e+01	2021	7	1	12
	2662814	134.922000	9.173990	1.002298e+05	1.385863e+01	1.084511e+05	1.081811e+05	5.770266e+04	5.722516e+04	3.039585e+02	4.784742e+01	2021	7	1	18
	2621438	135.039000	9.806680	1.003279e+05	1.370883e+01	1.086238e+05	1.082608e+05	5.783486e+04	5.730186e+04	3.039341e+02	4.664729e+01	2021	7	2	0
	2571309	135.317000	10.580000	9.996031e+04	1.574232e+01	1.084952e+05	1.082382e+05	5.767515e+04	5.717665e+04	3.040476e+02	4.802306e+01	2021	7	2	6
	2485851	134.879000	11.915600	1.001002e+05	1.710493e+01	1.087567e+05	1.084077e+05	5.788559e+04	5.734159e+04	3.037495e+02	4.884750e+01	2021	7	2	12
	2441455	134.796000	12.618600	9.977825e+04	2.003725e+01	1.085309e+05	1.081899e+05	5.765491e+04	5.705391e+04	3.036714e+02	5.416247e+01	2021	7	2	18
	2401829	133.768000	13.251300	9.984106e+04	1.721513e+01	1.086284e+05	1.083779e+05	5.778819e+04	5.718769e+04	3.036333e+02	6.123663e+01	2021	7	3	0
	2349519	134.087000	14.094900	9.949744e+04	1.941489e+01	1.086056e+05	1.081636e+05	5.768164e+04	5.692839e+04	3.037744e+02	5.860866e+01	2021	7	3	6
	2272120	133.396000	15.360300	9.952612e+04	2.122574e+01	1.087034e+05	1.082864e+05	5.785031e+04	5.698781e+04	3.036541e+02	5.557240e+01	2021	7	3	12
	2217029	133.077000	16.274200	9.918900e+04	2.172511e+01	1.085832e+05	1.080607e+05	5.772236e+04	5.673161e+04	3.036765e+02	5.847277e+01	2021	7	3	18
	2158453	132.445000	17.258300	9.920138e+04	2.329626e+01	1.088049e+05	1.081439e+05	5.778855e+04	5.678180e+04	3.036394e+02	5.221140e+01	2021	7	4	0
	2117095	132.157000	17.961300	9.886400e+04	2.349085e+01	1.086842e+05	1.079862e+05	5.768518e+04	5.655593e+04	3.038057e+02	4.270929e+01	2021	7	4	6
	2039619	131.792000	19.297000	9.892794e+04	2.437593e+01	1.089135e+05	1.081765e+05	5.788213e+04	5.661988e+04	3.035864e+02	3.429015e+01	2021	7	4	12
	2003421	131.359000	19.929700	9.873456e+04	2.530110e+01	1.086708e+05	1.081308e+05	5.769992e+04	5.651792e+04	3.033320e+02	3.070258e+01	2021	7	4	18
	1975490	130.926000	20.421800	9.878194e+04	2.592133e+01	1.087863e+05	1.082803e+05	5.782571e+04	5.666196e+04	3.029368e+02	2.863983e+01	2021	7	5	0
	1858027	130.985000	22.530800	9.859425e+04	2.817385e+01	1.089103e+05	1.081638e+05	5.776390e+04	5.653165e+04	3.031494e+02	3.245591e+01	2021	7	5	6
	1854162	129.907000	22.601100	9.864250e+04	2.845092e+01	1.090660e+05	1.081020e+05	5.774851e+04	5.651151e+04	3.027251e+02	2.985502e+01	2021	7	5	12
	1827309	130.764000	23.093100	9.850794e+04	2.824465e+01	1.089005e+05	1.079995e+05	5.770270e+04	5.640695e+04	3.018533e+02	2.598935e+01	2021	7	5	18
	1703299	129.393000	25.413000	9.851588e+04	2.493436e+01	1.090364e+05	1.081454e+05	5.777079e+04	5.652129e+04	3.024956e+02	1.074625e+01	2021	7	6	0
	1692243	129.424000	25.623900	9.862338e+04	2.307137e+01	1.089714e+05	1.082819e+05	5.767615e+04	5.662040e+04	3.024583e+02	7.411080e+00	2021	7	6	6
	1583668	130.247000	27.732900	9.904794e+04	2.182159e+01	1.091206e+05	1.086496e+05	5.788004e+04	5.699004e+04	3.020356e+02	7.398576e+00	2021	7	6	12
	1471811	129.965000	29.982400	9.909556e+04	2.322291e+01	1.089394e+05	1.077139e+05	5.776563e+04	5.682413e+04	3.022488e+02	1.400067e+01	2021	7	6	18
	1373995	131.472000	32.021100	9.940025e+04	2.120365e+01	1.090366e+05	1.070091e+05	5.797388e+04	5.663288e+04	3.020454e+02	1.671119e+01	2021	7	7	0
start	53	2021	7	5	0
	2732722	152.284000	8.119510	1.006334e+05	1.257378e+01	1.087308e+05	1.084633e+05	5.789621e+04	5.757071e+04	3.040071e+02	3.936971e+01	2021	7	5	0
	2751452	151.918000	7.838310	1.003122e+05	1.399296e+01	1.085763e+05	1.082768e+05	5.764940e+04	5.735440e+04	3.040059e+02	3.470554e+01	2021	7	5	6
	2649196	151.381000	9.384890	1.005138e+05	1.373532e+01	1.087800e+05	1.084865e+05	5.793001e+04	5.757326e+04	3.037769e+02	3.268794e+01	2021	7	5	12
	2607910	150.210000	10.017600	1.002132e+05	1.486990e+01	1.085285e+05	1.082655e+05	5.771920e+04	5.731820e+04	3.037634e+02	3.406344e+01	2021	7	5	18
	2571502	150.635000	10.580000	1.002781e+05	1.645569e+01	1.087349e+05	1.084449e+05	5.790579e+04	5.745129e+04	3.036919e+02	3.083006e+01	2021	7	6	0
	2517354	150.000000	11.423500	9.999712e+04	1.635537e+01	1.085914e+05	1.083319e+05	5.778015e+04	5.723065e+04	3.036047e+02	2.720265e+01	2021	7	6	6
	2472663	148.840000	12.126500	1.001914e+05	1.968103e+01	1.088291e+05	1.085001e+05	5.801679e+04	5.738629e+04	3.035464e+02	2.974882e+01	2021	7	6	12
	2415176	148.389000	13.040400	9.983181e+04	1.877994e+01	1.086249e+05	1.082589e+05	5.787638e+04	5.701188e+04	3.034333e+02	3.440434e+01	2021	7	6	18
	2375760	146.972000	13.673100	9.985850e+04	1.842954e+01	1.088231e+05	1.084051e+05	5.801538e+04	5.705038e+04	3.035132e+02	2.988062e+01	2021	7	7	0
	2336677	146.281000	14.305800	9.944788e+04	1.973647e+01	1.087532e+05	1.081962e+05	5.788828e+04	5.672428e+04	3.035613e+02	2.645420e+01	2021	7	7	6
	2297912	145.075000	14.938500	9.946944e+04	2.213131e+01	1.088882e+05	1.083368e+05	5.808696e+04	5.686671e+04	3.036619e+02	3.536685e+01	2021	7	7	12
	2285053	143.882000	15.149400	9.902500e+04	2.107685e+01	1.086976e+05	1.080431e+05	5.786971e+04	5.647171e+04	3.037585e+02	3.695930e+01	2021	7	7	18
	2255208	142.712000	15.641500	9.895912e+04	2.409932e+01	1.088584e+05	1.081769e+05	5.799932e+04	5.658807e+04	3.037246e+02	3.083023e+01	2021	7	8	0
	2217125	141.282000	16.274200	9.851238e+04	2.502669e+01	1.087542e+05	1.080232e+05	5.787417e+04	5.629967e+04	3.036794e+02	2.826104e+01	2021	7	8	6
	2196099	139.723000	16.625700	9.835988e+04	2.955240e+01	1.089099e+05	1.079879e+05	5.800017e+04	5.627067e+04	3.035432e+02	3.326245e+01	2021	7	8	12
	2171002	138.023000	17.047500	9.799338e+04	2.714137e+01	1.087892e+05	1.077177e+05	5.780786e+04	5.603311e+04	3.034346e+02	3.544562e+01	2021	7	8	18
	2150195	136.345000	17.398900	9.780525e+04	2.970742e+01	1.089512e+05	1.077327e+05	5.786642e+04	5.588567e+04	3.032878e+02	2.948877e+01	2021	7	9	0
	2092504	134.780000	18.383100	9.723981e+04	3.420790e+01	1.087788e+05	1.072818e+05	5.786068e+04	5.540368e+04	3.030664e+02	2.379898e+01	2021	7	9	6
	2055824	133.136000	19.015800	9.703731e+04	3.350093e+01	1.089706e+05	1.073326e+05	5.792073e+04	5.518273e+04	3.031423e+02	2.557005e+01	2021	7	9	12
	2035576	131.298000	19.367300	9.659219e+04	3.284692e+01	1.087570e+05	1.072960e+05	5.769036e+04	5.490836e+04	3.030198e+02	2.251539e+01	2021	7	9	18
	1999401	129.690000	20.000000	9.671106e+04	3.135230e+01	1.088111e+05	1.073806e+05	5.776695e+04	5.508345e+04	3.031951e+02	1.882927e+01	2021	7	10	0
	1987406	128.365000	20.210900	9.617600e+04	3.716370e+01	1.087305e+05	1.072505e+05	5.768948e+04	5.475123e+04	3.034951e+02	2.315224e+01	2021	7	10	6
	1971472	126.888000	20.492100	9.600862e+04	4.287619e+01	1.088122e+05	1.072962e+05	5.773102e+04	5.476927e+04	3.039907e+02	2.708217e+01	2021	7	10	12
	1955606	125.763000	20.773300	9.547519e+04	4.115105e+01	1.086485e+05	1.071620e+05	5.751979e+04	5.448904e+04	3.041973e+02	2.769296e+01	2021	7	10	18
	1955596	124.853000	20.773300	9.496969e+04	4.787575e+01	1.086864e+05	1.070394e+05	5.758073e+04	5.417648e+04	3.043655e+02	3.051523e+01	2021	7	11	0
	1935862	124.207000	21.124800	9.403381e+04	4.807433e+01	1.086501e+05	1.065276e+05	5.744840e+04	5.348090e+04	3.042383e+02	2.830262e+01	2021	7	11	6
	1924070	123.853000	21.335700	9.389031e+04	4.918357e+01	1.087909e+05	1.064224e+05	5.751393e+04	5.333918e+04	3.040732e+02	2.830123e+01	2021	7	11	12
	1900600	123.692000	21.757500	9.408312e+04	4.690670e+01	1.086871e+05	1.063136e+05	5.740857e+04	5.321507e+04	3.039119e+02	2.858197e+01	2021	7	11	18
	1861806	123.668000	22.460500	9.447138e+04	4.465070e+01	1.088608e+05	1.065268e+05	5.753915e+04	5.339565e+04	3.036699e+02	3.095982e+01	2021	7	12	0
	1808167	123.691000	23.444600	9.444075e+04	4.876355e+01	1.088070e+05	1.065045e+05	5.745445e+04	5.333245e+04	3.035474e+02	2.451500e+01	2021	7	12	6
	1774097	123.535000	24.077300	9.471362e+04	4.310933e+01	1.088834e+05	1.067779e+05	5.759406e+04	5.361556e+04	3.034578e+02	2.759781e+01	2021	7	12	12
	1736622	123.412000	24.780300	9.495050e+04	4.208871e+01	1.087063e+05	1.068678e+05	5.742300e+04	5.383375e+04	3.034067e+02	3.228032e+01	2021	7	12	18
	1692183	123.554000	25.623900	9.496325e+04	4.716086e+01	1.087976e+05	1.069011e+05	5.756440e+04	5.385965e+04	3.028867e+02	3.198303e+01	2021	7	13	0
	1648321	123.800000	26.467500	9.471138e+04	4.375424e+01	1.087709e+05	1.069274e+05	5.744016e+04	5.366566e+04	3.025432e+02	2.803069e+01	2021	7	13	6
	1612209	123.976000	27.170500	9.501206e+04	4.100102e+01	1.089026e+05	1.070926e+05	5.758737e+04	5.393487e+04	3.025432e+02	2.344481e+01	2021	7	13	12
	1565860	124.068000	28.084400	9.530562e+04	3.978595e+01	1.087439e+05	1.072139e+05	5.745630e+04	5.416530e+04	3.019612e+02	2.509032e+01	2021	7	13	18
	1520189	124.369000	28.998200	9.581675e+04	3.307246e+01	1.089058e+05	1.075498e+05	5.760760e+04	5.458835e+04	3.018154e+02	2.169152e+01	2021	7	14	0
	1482069	124.286000	29.771500	9.598394e+04	3.209473e+01	1.090075e+05	1.077675e+05	5.761035e+04	5.477160e+04	3.024043e+02	1.705142e+01	2021	7	14	6
	1441035	124.134000	30.615100	9.632894e+04	3.149511e+01	1.090904e+05	1.079429e+05	5.777436e+04	5.511036e+04	3.022761e+02	1.862117e+01	2021	7	14	12
	1403925	123.831000	31.388400	9.675612e+04	2.891218e+01	1.089441e+05	1.080656e+05	5.771093e+04	5.531318e+04	3.022708e+02	2.468339e+01	2021	7	14	18
	1367300	123.628000	32.161700	9.708656e+04	2.650804e+01	1.089589e+05	1.079864e+05	5.774884e+04	5.547359e+04	3.020549e+02	2.011015e+01	2021	7	15	0
	1327898	123.460000	33.005300	9.719725e+04	2.440366e+01	1.089026e+05	1.079951e+05	5.773086e+04	5.553011e+04	3.016794e+02	1.732882e+01	2021	7	15	6
	1292287	123.470000	33.778600	9.757950e+04	2.272429e+01	1.090486e+05	1.081516e+05	5.786874e+04	5.577949e+04	3.014609e+02	1.498144e+01	2021	7	15	12
	1250826	123.565000	34.692400	9.794412e+04	2.066636e+01	1.088911e+05	1.080881e+05	5.778052e+04	5.595152e+04	3.010581e+02	1.517198e+01	2021	7	15	18
	1200731	124.374000	35.817200	9.825312e+04	2.093707e+01	1.088863e+05	1.078358e+05	5.789629e+04	5.592629e+04	2.990288e+02	1.552921e+01	2021	7	16	0
	1148629	125.501000	37.012300	9.843312e+04	2.117673e+01	1.088367e+05	1.076182e+05	5.785786e+04	5.589686e+04	3.004065e+02	1.683233e+01	2021	7	16	6
	1100651	126.995000	38.137100	9.914906e+04	1.580694e+01	1.089123e+05	1.074063e+05	5.790034e+04	5.612734e+04	3.002529e+02	1.525650e+01	2021	7	16	12
	1033477	129.305000	39.754000	9.912525e+04	1.816459e+01	1.085173e+05	1.069108e+05	5.771904e+04	5.607604e+04	2.966348e+02	1.536313e+01	2021	7	16	18
	957325	132.789000	41.652000	9.913269e+04	1.618197e+01	1.083347e+05	1.062607e+05	5.755904e+04	5.605204e+04	2.956853e+02	1.759874e+01	2021	7	17	0
	951828	136.696000	41.792600	9.903000e+04	1.831590e+01	1.083762e+05	1.058607e+05	5.766724e+04	5.593449e+04	2.940330e+02	2.115753e+01	2021	7	17	6
	940859	141.560000	42.073800	9.901706e+04	1.760882e+01	1.083061e+05	1.049736e+05	5.765119e+04	5.568969e+04	2.960864e+02	2.443854e+01	2021	7	17	12
	910954	145.867000	42.847100	9.859525e+04	1.848725e+01	1.076391e+05	1.035166e+05	5.717476e+04	5.496101e+04	2.935498e+02	2.589897e+01	2021	7	17	18
	902898	149.196000	43.058000	9.827112e+04	1.907555e+01	1.073648e+05	1.025883e+05	5.692002e+04	5.453752e+04	2.927329e+02	1.974496e+01	2021	7	18	0
start	28	2021	7	5	6
	2403225	248.403000	13.251300	1.006098e+05	1.142613e+01	1.089313e+05	1.086688e+05	5.817090e+04	5.765740e+04	3.039502e+02	2.181927e+01	2021	7	5	6
	2381335	247.067000	13.602800	1.003388e+05	1.102824e+01	1.086985e+05	1.084290e+05	5.796426e+04	5.745251e+04	3.036587e+02	2.069875e+01	2021	7	5	12
	2390057	245.791000	13.462200	1.005532e+05	1.257146e+01	1.089655e+05	1.086795e+05	5.815120e+04	5.770445e+04	3.035847e+02	2.338271e+01	2021	7	5	18
	2376942	244.569000	13.673100	1.002564e+05	1.096408e+01	1.088284e+05	1.084939e+05	5.798204e+04	5.747779e+04	3.034175e+02	2.146305e+01	2021	7	6	0
	2381290	243.355000	13.602800	1.005389e+05	1.110355e+01	1.089819e+05	1.087339e+05	5.815440e+04	5.772090e+04	3.034280e+02	2.109528e+01	2021	7	6	6
	2390013	242.168000	13.462200	1.002459e+05	1.061593e+01	1.087031e+05	1.084876e+05	5.789079e+04	5.746504e+04	3.037427e+02	2.183998e+01	2021	7	6	12
	2346479	241.579000	14.165200	1.004531e+05	1.280148e+01	1.088899e+05	1.087164e+05	5.810388e+04	5.765838e+04	3.033064e+02	2.558786e+01	2021	7	6	18
	2368182	240.717000	13.813700	1.001755e+05	1.315554e+01	1.086976e+05	1.084826e+05	5.787313e+04	5.740188e+04	3.035317e+02	3.013364e+01	2021	7	7	0
	2311928	240.112000	14.727600	1.003821e+05	1.624565e+01	1.088707e+05	1.086632e+05	5.803928e+04	5.759478e+04	3.028113e+02	3.216773e+01	2021	7	7	6
	2324836	239.109000	14.516700	1.000682e+05	1.490481e+01	1.085598e+05	1.083732e+05	5.775346e+04	5.730871e+04	3.025125e+02	3.000658e+01	2021	7	7	12
	2307618	239.162000	14.797900	1.000315e+05	1.754868e+01	1.087571e+05	1.085936e+05	5.794596e+04	5.734871e+04	3.023845e+02	2.277858e+01	2021	7	7	18
	2252091	238.445000	15.711800	9.990288e+04	1.742209e+01	1.086069e+05	1.084464e+05	5.780732e+04	5.733057e+04	3.021572e+02	1.952465e+01	2021	7	8	0
	2218256	237.949000	16.274200	1.002180e+05	1.557459e+01	1.088248e+05	1.085602e+05	5.802442e+04	5.760967e+04	3.018113e+02	2.097328e+01	2021	7	8	6
	2197234	237.195000	16.625700	1.000385e+05	1.673643e+01	1.085594e+05	1.083324e+05	5.780367e+04	5.741042e+04	3.016165e+02	1.892757e+01	2021	7	8	12
	2163814	236.596000	17.188000	1.002549e+05	1.598690e+01	1.087667e+05	1.085017e+05	5.801911e+04	5.759336e+04	3.014629e+02	1.385224e+01	2021	7	8	18
	2151341	235.805000	17.398900	1.000998e+05	1.688388e+01	1.086372e+05	1.083672e+05	5.788192e+04	5.748242e+04	3.015066e+02	1.333099e+01	2021	7	9	0
	2122392	235.223000	17.891000	1.003883e+05	1.729424e+01	1.088808e+05	1.084568e+05	5.812843e+04	5.770068e+04	3.012100e+02	1.365550e+01	2021	7	9	6
	2122382	234.350000	17.891000	1.001936e+05	1.456353e+01	1.085991e+05	1.081276e+05	5.792148e+04	5.749798e+04	3.008845e+02	1.208111e+01	2021	7	9	12
	2118259	233.965000	17.961300	1.004302e+05	1.446122e+01	1.087640e+05	1.082395e+05	5.808336e+04	5.772311e+04	3.009915e+02	8.954863e+00	2021	7	9	18
	2110026	233.281000	18.101900	1.002186e+05	1.706535e+01	1.086231e+05	1.080471e+05	5.792820e+04	5.757220e+04	3.013601e+02	1.214775e+01	2021	7	10	0
	2093614	232.434000	18.383100	1.003115e+05	2.056272e+01	1.088060e+05	1.080945e+05	5.806023e+04	5.757173e+04	3.009463e+02	1.716189e+01	2021	7	10	6
	2110012	232.055000	18.101900	1.000284e+05	1.811161e+01	1.085402e+05	1.078107e+05	5.781127e+04	5.736302e+04	3.009722e+02	1.149715e+01	2021	7	10	12
	2143001	231.391000	17.539500	1.002599e+05	1.804119e+01	1.087170e+05	1.080675e+05	5.795204e+04	5.753854e+04	3.012158e+02	5.149518e+00	2021	7	10	18
	2138853	230.571000	17.609800	1.000927e+05	1.752152e+01	1.085229e+05	1.079594e+05	5.778848e+04	5.742098e+04	3.013528e+02	6.160521e+00	2021	7	11	0
	2151272	229.817000	17.398900	1.003126e+05	1.663617e+01	1.086711e+05	1.080881e+05	5.790165e+04	5.763065e+04	3.009805e+02	7.908111e+00	2021	7	11	6
	2155412	228.902000	17.328600	1.001011e+05	1.808756e+01	1.083519e+05	1.078494e+05	5.765543e+04	5.736643e+04	3.009072e+02	8.093099e+00	2021	7	11	12
	2147106	228.127000	17.469200	1.002384e+05	1.878641e+01	1.085386e+05	1.079846e+05	5.785057e+04	5.739082e+04	3.011140e+02	3.519637e+00	2021	7	11	18
	2151242	227.213000	17.398900	1.001376e+05	1.606689e+01	1.083578e+05	1.077838e+05	5.775440e+04	5.746140e+04	3.015137e+02	4.254099e+00	2021	7	12	0
start	63	2021	7	11	12
	2621712	156.576000	9.806680	1.006318e+05	1.239490e+01	1.090459e+05	1.087664e+05	5.815493e+04	5.779018e+04	3.034180e+02	2.759842e+01	2021	7	11	12
	2644653	155.974000	9.455180	1.003956e+05	1.139783e+01	1.087891e+05	1.085756e+05	5.797207e+04	5.758982e+04	3.033933e+02	3.555230e+01	2021	7	11	18
	2571555	154.841000	10.580000	1.005649e+05	1.362465e+01	1.089952e+05	1.086672e+05	5.813765e+04	5.771040e+04	3.034648e+02	3.453817e+01	2021	7	12	0
	2567010	153.945000	10.650300	1.002225e+05	1.236543e+01	1.088680e+05	1.085660e+05	5.789695e+04	5.745745e+04	3.034556e+02	3.701541e+01	2021	7	12	6
	2571530	152.857000	10.580000	1.004269e+05	1.247486e+01	1.089719e+05	1.087534e+05	5.806831e+04	5.764356e+04	3.033328e+02	4.267928e+01	2021	7	12	12
	2548882	151.302000	10.931500	1.001150e+05	1.286307e+01	1.087073e+05	1.084653e+05	5.785350e+04	5.738625e+04	3.032212e+02	5.001829e+01	2021	7	12	18
	2508380	149.464000	11.564100	1.002320e+05	1.372935e+01	1.088506e+05	1.086396e+05	5.796190e+04	5.749990e+04	3.034121e+02	4.662429e+01	2021	7	13	0
	2437204	148.370000	12.688900	9.992988e+04	1.697214e+01	1.087299e+05	1.084119e+05	5.783241e+04	5.723391e+04	3.034309e+02	4.085473e+01	2021	7	13	6
	2446022	146.637000	12.548300	1.000471e+05	1.631229e+01	1.089421e+05	1.085316e+05	5.792812e+04	5.736087e+04	3.034504e+02	4.278297e+01	2021	7	13	12
	2375743	145.569000	13.673100	9.973062e+04	1.658126e+01	1.086954e+05	1.082409e+05	5.779030e+04	5.700455e+04	3.035481e+02	5.063609e+01	2021	7	13	18
	2315083	144.117000	14.657300	9.968650e+04	1.796755e+01	1.089328e+05	1.082658e+05	5.787960e+04	5.697460e+04	3.035645e+02	4.447715e+01	2021	7	14	0
	2306467	142.709000	14.797900	9.934019e+04	1.749658e+01	1.088300e+05	1.082160e+05	5.777335e+04	5.678210e+04	3.036299e+02	4.658114e+01	2021	7	14	6
	2238233	141.295000	15.922700	9.942244e+04	1.817231e+01	1.090364e+05	1.083369e+05	5.797736e+04	5.686186e+04	3.035955e+02	4.786860e+01	2021	7	14	12
	2183548	140.211000	16.836600	9.915712e+04	1.871710e+01	1.089046e+05	1.081781e+05	5.778143e+04	5.669968e+04	3.034309e+02	4.572102e+01	2021	7	14	18
	2141943	139.391000	17.539500	9.922731e+04	1.950841e+01	1.090654e+05	1.083344e+05	5.788284e+04	5.682609e+04	3.032141e+02	3.443012e+01	2021	7	15	0
	2063999	138.100000	18.875200	9.902725e+04	2.030818e+01	1.090481e+05	1.082631e+05	5.788036e+04	5.675786e+04	3.031101e+02	2.774999e+01	2021	7	15	6
	2019535	137.463000	19.648500	9.923375e+04	2.169295e+01	1.091656e+05	1.084986e+05	5.804099e+04	5.699899e+04	3.030215e+02	2.631542e+01	2021	7	15	12
	1967601	135.817000	20.562400	9.913612e+04	2.262182e+01	1.090616e+05	1.084331e+05	5.792302e+04	5.691527e+04	3.028716e+02	2.108149e+01	2021	7	15	18
	1935981	135.091000	21.124800	9.934512e+04	2.080795e+01	1.091458e+05	1.086318e+05	5.807479e+04	5.714529e+04	3.025483e+02	1.798964e+01	2021	7	16	0
	1869641	133.744000	22.319900	9.928138e+04	1.895326e+01	1.091447e+05	1.085062e+05	5.803586e+04	5.706486e+04	3.023049e+02	1.318249e+01	2021	7	16	6
	1842651	132.281000	22.812000	9.944106e+04	1.539500e+01	1.092328e+05	1.085983e+05	5.810184e+04	5.717159e+04	3.018584e+02	1.809402e+01	2021	7	16	12
	1774184	131.847000	24.077300	9.923350e+04	1.698606e+01	1.090178e+05	1.085128e+05	5.799854e+04	5.700004e+04	3.017412e+02	1.910586e+01	2021	7	16	18
	1721814	130.151000	25.061500	9.937569e+04	1.798472e+01	1.090397e+05	1.084962e+05	5.808679e+04	5.708579e+04	3.024705e+02	1.713983e+01	2021	7	17	0
	1714392	129.460000	25.202100	9.919900e+04	2.013383e+01	1.089877e+05	1.084502e+05	5.799074e+04	5.694299e+04	3.025496e+02	1.515225e+01	2021	7	17	6
	1662938	129.671000	26.186300	9.922331e+04	1.977221e+01	1.091351e+05	1.087151e+05	5.811819e+04	5.699369e+04	3.024761e+02	1.667427e+01	2021	7	17	12
	1576541	128.615000	27.873500	9.908950e+04	2.079365e+01	1.089281e+05	1.085141e+05	5.792851e+04	5.687951e+04	3.024004e+02	1.675954e+01	2021	7	17	18
	1548258	128.659000	28.435900	9.919838e+04	1.996953e+01	1.090073e+05	1.085618e+05	5.799252e+04	5.688202e+04	3.023726e+02	1.512349e+01	2021	7	18	0
	1475233	128.766000	29.912100	9.905581e+04	2.090580e+01	1.089413e+05	1.085168e+05	5.789800e+04	5.681750e+04	3.029404e+02	1.528613e+01	2021	7	18	6
	1461519	128.316000	30.193300	9.918325e+04	2.405636e+01	1.090855e+05	1.086770e+05	5.789018e+04	5.700818e+04	3.023801e+02	1.828940e+01	2021	7	18	12
	1393940	129.341000	31.599300	9.890538e+04	2.141571e+01	1.088196e+05	1.083561e+05	5.775041e+04	5.681991e+04	3.031138e+02	1.854217e+01	2021	7	18	18
	1403993	131.134000	31.388400	9.907244e+04	2.150076e+01	1.088961e+05	1.083291e+05	5.792997e+04	5.680972e+04	3.030908e+02	1.663535e+01	2021	7	19	0
	1387292	131.813000	31.739900	9.903462e+04	2.011853e+01	1.089094e+05	1.082409e+05	5.779747e+04	5.686372e+04	3.033645e+02	1.421090e+01	2021	7	19	6
	1393970	132.575000	31.599300	9.882094e+04	2.124948e+01	1.090277e+05	1.081872e+05	5.787910e+04	5.692260e+04	3.032139e+02	1.760070e+01	2021	7	19	12
	1397320	133.493000	31.529000	9.879675e+04	1.918340e+01	1.088696e+05	1.078936e+05	5.775850e+04	5.700525e+04	3.022175e+02	1.996272e+01	2021	7	19	18
	1404027	134.785000	31.388400	9.886369e+04	1.943842e+01	1.089411e+05	1.079126e+05	5.774498e+04	5.687623e+04	3.021194e+02	1.967118e+01	2021	7	20	0
	1420837	135.053000	31.036900	9.848112e+04	2.347334e+01	1.089341e+05	1.079046e+05	5.769746e+04	5.661896e+04	3.020947e+02	2.117406e+01	2021	7	20	6
	1444536	135.106000	30.544800	9.867769e+04	1.948536e+01	1.090447e+05	1.080222e+05	5.776077e+04	5.678902e+04	3.016882e+02	1.607438e+01	2021	7	20	12
	1461584	135.158000	30.193300	9.874119e+04	1.748318e+01	1.088168e+05	1.078728e+05	5.762179e+04	5.668079e+04	3.012786e+02	1.422029e+01	2021	7	20	18
	1489073	135.678000	29.630900	9.886638e+04	1.707322e+01	1.088072e+05	1.079137e+05	5.769506e+04	5.675231e+04	3.015068e+02	1.343333e+01	2021	7	21	0
	1516813	135.672000	29.068500	9.872081e+04	1.897438e+01	1.088284e+05	1.079134e+05	5.766158e+04	5.663758e+04	3.017637e+02	1.228471e+01	2021	7	21	6
	1523790	135.876000	28.927900	9.883644e+04	1.741897e+01	1.088694e+05	1.080029e+05	5.778043e+04	5.670343e+04	3.018003e+02	1.814809e+01	2021	7	21	12
	1516816	135.982000	29.068500	9.852856e+04	1.955514e+01	1.086138e+05	1.077518e+05	5.765998e+04	5.632423e+04	3.016758e+02	1.475274e+01	2021	7	21	18
	1534273	134.897000	28.717000	9.824756e+04	2.666135e+01	1.086628e+05	1.077188e+05	5.768392e+04	5.616142e+04	3.015571e+02	1.019818e+01	2021	7	22	0
	1544799	134.642000	28.506200	9.805319e+04	2.132129e+01	1.086680e+05	1.078165e+05	5.763602e+04	5.598077e+04	3.018494e+02	8.424946e+00	2021	7	22	6
	1555355	133.776000	28.295300	9.833312e+04	1.859842e+01	1.089306e+05	1.079831e+05	5.773121e+04	5.619946e+04	3.019058e+02	1.090374e+01	2021	7	22	12
	1555349	133.163000	28.295300	9.829231e+04	1.992620e+01	1.088090e+05	1.078250e+05	5.755232e+04	5.619657e+04	3.021663e+02	1.025536e+01	2021	7	22	18
	1565944	132.610000	28.084400	9.847981e+04	1.855595e+01	1.088654e+05	1.079344e+05	5.756097e+04	5.636122e+04	3.023354e+02	6.381265e+00	2021	7	23	0
	1558868	132.095000	28.225000	9.841831e+04	1.930573e+01	1.089089e+05	1.080454e+05	5.753934e+04	5.633009e+04	3.026267e+02	8.468079e+00	2021	7	23	6
	1548288	131.727000	28.435900	9.863850e+04	1.827983e+01	1.090045e+05	1.082155e+05	5.770266e+04	5.654541e+04	3.025625e+02	1.167183e+01	2021	7	23	12
	1523746	131.340000	28.927900	9.855638e+04	2.106921e+01	1.088258e+05	1.081532e+05	5.761753e+04	5.647878e+04	3.025193e+02	1.061955e+01	2021	7	23	18
	1492485	131.354000	29.560600	9.881462e+04	1.834379e+01	1.089679e+05	1.082899e+05	5.774109e+04	5.687634e+04	3.024797e+02	6.951450e+00	2021	7	24	0
	1447896	130.717000	30.474500	9.890862e+04	1.658549e+01	1.090418e+05	1.083883e+05	5.772572e+04	5.685247e+04	3.048044e+02	8.598008e+00	2021	7	24	6
	1420793	130.356000	31.036900	9.914700e+04	1.758948e+01	1.091715e+05	1.085505e+05	5.783154e+04	5.704254e+04	3.045129e+02	1.115267e+01	2021	7	24	12
	1364051	129.770000	32.232000	9.918531e+04	1.601212e+01	1.088886e+05	1.083421e+05	5.768432e+04	5.699232e+04	3.041191e+02	1.047183e+01	2021	7	24	18
	1305236	129.653000	33.497400	9.924706e+04	1.519429e+01	1.089145e+05	1.080905e+05	5.774440e+04	5.688990e+04	3.041108e+02	1.136141e+01	2021	7	25	0
	1250876	129.254000	34.692400	9.917394e+04	1.326590e+01	1.088868e+05	1.078962e+05	5.772007e+04	5.688757e+04	3.041543e+02	9.775496e+00	2021	7	25	6
	1213203	129.281000	35.536000	9.929325e+04	1.499666e+01	1.089576e+05	1.077006e+05	5.776918e+04	5.690418e+04	3.020852e+02	1.333013e+01	2021	7	25	12
	1157777	129.737000	36.801400	9.923300e+04	1.540604e+01	1.087850e+05	1.072695e+05	5.762841e+04	5.682416e+04	3.004397e+02	1.550455e+01	2021	7	25	18
	1118559	130.789000	37.715300	9.917806e+04	1.597139e+01	1.088102e+05	1.072347e+05	5.767401e+04	5.686151e+04	2.999739e+02	1.190068e+01	2021	7	26	0
	1085906	132.130000	38.488600	9.922194e+04	1.494052e+01	1.088331e+05	1.072401e+05	5.765889e+04	5.695164e+04	2.999636e+02	9.603024e+00	2021	7	26	6
	1053733	133.017000	39.261900	9.947531e+04	1.342704e+01	1.088869e+05	1.072479e+05	5.772523e+04	5.707998e+04	2.991152e+02	9.970996e+00	2021	7	26	12
	1036388	133.500000	39.683700	9.952150e+04	1.534767e+01	1.086451e+05	1.072301e+05	5.760831e+04	5.701881e+04	2.984258e+02	7.722659e+00	2021	7	26	18
	1027773	134.184000	39.894600	9.970950e+04	1.715412e+01	1.086160e+05	1.072450e+05	5.766732e+04	5.703557e+04	2.988435e+02	4.624185e+00	2021	7	27	0
start	27	2021	7	13	12
	2460527	245.329000	12.337400	1.004341e+05	8.127923e+00	1.085751e+05	1.084081e+05	5.782137e+04	5.744712e+04	3.036145e+02	3.126685e+01	2021	7	13	12
	2447228	244.774000	12.548300	1.006056e+05	9.234337e+00	1.087794e+05	1.085934e+05	5.795680e+04	5.760555e+04	3.036936e+02	3.380835e+01	2021	7	13	18
	2416362	245.514000	13.040400	1.003400e+05	1.246865e+01	1.086448e+05	1.084113e+05	5.781460e+04	5.739135e+04	3.036738e+02	2.809191e+01	2021	7	14	0
	2425135	243.188000	12.899800	1.006087e+05	1.057425e+01	1.088530e+05	1.086455e+05	5.804685e+04	5.763435e+04	3.036270e+02	2.981876e+01	2021	7	14	6
	2420731	243.082000	12.970100	1.002927e+05	9.494712e+00	1.085944e+05	1.083484e+05	5.776861e+04	5.737461e+04	3.035779e+02	2.862888e+01	2021	7	14	12
	2363871	244.002000	13.884000	1.005529e+05	1.243603e+01	1.088456e+05	1.086091e+05	5.804793e+04	5.757943e+04	3.031418e+02	3.076210e+01	2021	7	14	18
	2372571	243.554000	13.743400	1.002738e+05	1.194337e+01	1.086984e+05	1.084099e+05	5.785684e+04	5.736434e+04	3.032239e+02	3.056307e+01	2021	7	15	0
	2329200	243.225000	14.446400	1.004818e+05	1.253514e+01	1.088606e+05	1.086001e+05	5.804786e+04	5.755111e+04	3.031326e+02	3.178659e+01	2021	7	15	6
	2299081	243.218000	14.938500	1.001144e+05	1.316984e+01	1.085676e+05	1.082941e+05	5.777924e+04	5.721324e+04	3.030312e+02	3.437826e+01	2021	7	15	12
	2286245	244.238000	15.149400	1.002422e+05	1.508550e+01	1.087716e+05	1.085031e+05	5.798052e+04	5.735077e+04	3.029282e+02	3.281152e+01	2021	7	15	18
	2230975	243.324000	16.063300	9.990825e+04	1.519374e+01	1.086308e+05	1.083438e+05	5.771304e+04	5.713354e+04	3.025278e+02	2.993143e+01	2021	7	16	0
	2193122	243.954000	16.696000	1.001421e+05	1.678371e+01	1.087932e+05	1.085072e+05	5.797136e+04	5.729911e+04	3.021584e+02	2.682473e+01	2021	7	16	6
	2163888	243.000000	17.188000	9.978556e+04	1.714830e+01	1.084793e+05	1.082663e+05	5.768234e+04	5.701784e+04	3.018086e+02	2.634107e+01	2021	7	16	12
	2126607	243.288000	17.820700	9.987600e+04	1.847065e+01	1.086588e+05	1.083948e+05	5.781704e+04	5.711979e+04	3.016426e+02	2.704917e+01	2021	7	16	18
	2114256	243.735000	18.031600	9.951869e+04	1.774161e+01	1.084717e+05	1.081887e+05	5.759629e+04	5.685679e+04	3.022634e+02	2.741630e+01	2021	7	17	0
	2053012	243.435000	19.086100	9.964225e+04	1.988079e+01	1.085967e+05	1.082502e+05	5.779274e+04	5.700374e+04	3.015554e+02	2.561068e+01	2021	7	17	6
	2004662	242.937000	19.929700	9.927531e+04	2.031806e+01	1.083361e+05	1.079416e+05	5.753619e+04	5.671144e+04	3.012974e+02	2.528551e+01	2021	7	17	12
	2036827	242.884000	19.367300	9.931175e+04	2.147079e+01	1.085386e+05	1.080931e+05	5.771101e+04	5.681801e+04	3.013477e+02	1.831620e+01	2021	7	17	18
	2004667	243.387000	19.929700	9.903038e+04	2.231350e+01	1.085138e+05	1.079878e+05	5.757252e+04	5.662602e+04	3.009917e+02	1.100170e+01	2021	7	18	0
	1956888	242.427000	20.773300	9.937156e+04	1.898261e+01	1.086008e+05	1.080528e+05	5.772000e+04	5.691725e+04	3.003633e+02	1.041290e+01	2021	7	18	6
	1921444	242.816000	21.406000	9.932175e+04	1.830388e+01	1.084315e+05	1.078755e+05	5.762293e+04	5.686243e+04	3.000637e+02	1.062697e+01	2021	7	18	12
	1890197	241.944000	21.968400	9.958312e+04	1.775349e+01	1.086911e+05	1.080891e+05	5.783391e+04	5.713841e+04	2.997349e+02	5.348692e+00	2021	7	18	18
	1836145	241.722000	22.952500	9.962194e+04	1.686314e+01	1.087101e+05	1.080861e+05	5.782747e+04	5.714597e+04	2.995391e+02	2.849378e+00	2021	7	19	0
	1824661	241.351000	23.163400	9.999488e+04	1.577081e+01	1.088449e+05	1.082494e+05	5.801947e+04	5.744872e+04	2.991379e+02	1.878481e+00	2021	7	19	6
	1782869	240.731000	23.936700	1.000269e+05	1.413810e+01	1.086332e+05	1.079587e+05	5.788685e+04	5.738685e+04	2.986416e+02	1.779718e+00	2021	7	19	12
	1756526	240.320000	24.428800	1.003540e+05	1.302869e+01	1.088616e+05	1.081171e+05	5.808850e+04	5.765700e+04	2.985271e+02	1.070978e+00	2021	7	19	18
	1726660	239.871000	24.991200	1.002919e+05	1.176634e+01	1.088341e+05	1.080396e+05	5.799598e+04	5.765173e+04	2.983420e+02	4.674086e-01	2021	7	20	0
start	64	2021	7	18	12
	2586485	258.127000	10.369100	1.003145e+05	1.439811e+01	1.084405e+05	1.081700e+05	5.772293e+04	5.731143e+04	3.034202e+02	3.630891e+01	2021	7	18	12
	2572842	256.984000	10.580000	1.005479e+05	1.320015e+01	1.087041e+05	1.084306e+05	5.794991e+04	5.755816e+04	3.034341e+02	3.874323e+01	2021	7	18	18
	2568307	256.973000	10.650300	1.003457e+05	1.524930e+01	1.086871e+05	1.082826e+05	5.778922e+04	5.741322e+04	3.034600e+02	3.253414e+01	2021	7	19	0
	2514196	256.592000	11.493800	1.004784e+05	1.497075e+01	1.088014e+05	1.084534e+05	5.801197e+04	5.755472e+04	3.038137e+02	3.582143e+01	2021	7	19	6
	2469537	255.743000	12.196800	1.001754e+05	1.716702e+01	1.085982e+05	1.082062e+05	5.786160e+04	5.729810e+04	3.040596e+02	3.399256e+01	2021	7	19	12
	2429687	255.054000	12.829500	1.002160e+05	1.735176e+01	1.087926e+05	1.084436e+05	5.805225e+04	5.750350e+04	3.040603e+02	2.234979e+01	2021	7	19	18
	2368342	253.952000	13.813700	9.989369e+04	1.689291e+01	1.086746e+05	1.083176e+05	5.789423e+04	5.734873e+04	3.040627e+02	2.132703e+01	2021	7	20	0
	2320695	253.287000	14.587000	1.001279e+05	1.581833e+01	1.088136e+05	1.085276e+05	5.808346e+04	5.756596e+04	3.039883e+02	3.805018e+01	2021	7	20	6
	2286337	251.983000	15.149400	9.981469e+04	1.680116e+01	1.086162e+05	1.082347e+05	5.789227e+04	5.729927e+04	3.037390e+02	4.206256e+01	2021	7	20	12
	2269250	250.986000	15.430600	9.994769e+04	1.542950e+01	1.087803e+05	1.084213e+05	5.801904e+04	5.740654e+04	3.035657e+02	3.724012e+01	2021	7	20	18
	2264982	250.207000	15.500900	9.958288e+04	1.721275e+01	1.086777e+05	1.081992e+05	5.785031e+04	5.703931e+04	3.031172e+02	3.266813e+01	2021	7	21	0
	2243748	250.198000	15.852400	9.947081e+04	1.964549e+01	1.087974e+05	1.083174e+05	5.804033e+04	5.695608e+04	3.029961e+02	3.559205e+01	2021	7	21	6
	2193185	249.370000	16.696000	9.905019e+04	1.987912e+01	1.085929e+05	1.080799e+05	5.785643e+04	5.673243e+04	3.029312e+02	3.444928e+01	2021	7	21	12
	2163954	248.712000	17.188000	9.919256e+04	2.133643e+01	1.087513e+05	1.083013e+05	5.804923e+04	5.689823e+04	3.028584e+02	2.733093e+01	2021	7	21	18
	2139054	248.066000	17.609800	9.884256e+04	2.199651e+01	1.086623e+05	1.081323e+05	5.788517e+04	5.662192e+04	3.028022e+02	2.175904e+01	2021	7	22	0
	2122535	247.718000	17.891000	9.893544e+04	2.243984e+01	1.088015e+05	1.082585e+05	5.805927e+04	5.691502e+04	3.024500e+02	2.294050e+01	2021	7	22	6
	2106075	246.930000	18.172200	9.860812e+04	2.230025e+01	1.085606e+05	1.080116e+05	5.786896e+04	5.655071e+04	3.020034e+02	2.211613e+01	2021	7	22	12
	2126641	246.256000	17.820700	9.862431e+04	2.523381e+01	1.087095e+05	1.080715e+05	5.800457e+04	5.663632e+04	3.016790e+02	1.718833e+01	2021	7	22	18
	2106060	245.614000	18.172200	9.855456e+04	2.116695e+01	1.086409e+05	1.078999e+05	5.792047e+04	5.652897e+04	3.013452e+02	1.636217e+01	2021	7	23	0
	2122501	244.748000	17.891000	9.846131e+04	2.214948e+01	1.087564e+05	1.079614e+05	5.802809e+04	5.672359e+04	3.012410e+02	2.014752e+01	2021	7	23	6
	2130743	244.099000	17.750400	9.815300e+04	2.365582e+01	1.084570e+05	1.077870e+05	5.781941e+04	5.632416e+04	3.012275e+02	1.783364e+01	2021	7	23	12
	2134862	243.078000	17.680100	9.843112e+04	2.236578e+01	1.086538e+05	1.079442e+05	5.795428e+04	5.651253e+04	3.011580e+02	1.652273e+01	2021	7	23	18
	2138988	242.321000	17.609800	9.834262e+04	2.610471e+01	1.084744e+05	1.078294e+05	5.783284e+04	5.638684e+04	3.010745e+02	1.436013e+01	2021	7	24	0
	2155555	241.301000	17.328600	9.883738e+04	2.175099e+01	1.086488e+05	1.081083e+05	5.800697e+04	5.676372e+04	3.010720e+02	1.786546e+01	2021	7	24	6
	2159702	240.635000	17.258300	9.877550e+04	2.193226e+01	1.083590e+05	1.078160e+05	5.775704e+04	5.665854e+04	3.010891e+02	1.575896e+01	2021	7	24	12
	2147237	239.508000	17.469200	9.907431e+04	2.065901e+01	1.085986e+05	1.080431e+05	5.795832e+04	5.682407e+04	3.012461e+02	1.207074e+01	2021	7	24	18
	2151371	238.409000	17.398900	9.882356e+04	2.089229e+01	1.085185e+05	1.078190e+05	5.782740e+04	5.648915e+04	3.015210e+02	1.241012e+01	2021	7	25	0
	2138929	237.186000	17.609800	9.876369e+04	2.278419e+01	1.086792e+05	1.079558e+05	5.801607e+04	5.646357e+04	3.016904e+02	1.455502e+01	2021	7	25	6
	2147197	236.033000	17.469200	9.850050e+04	2.147890e+01	1.084246e+05	1.078001e+05	5.780693e+04	5.633468e+04	3.017629e+02	1.483577e+01	2021	7	25	12
	2122380	234.175000	17.891000	9.844775e+04	2.737403e+01	1.086750e+05	1.079475e+05	5.801316e+04	5.642941e+04	3.013909e+02	1.231993e+01	2021	7	25	18
	2118245	232.741000	17.961300	9.829381e+04	2.553356e+01	1.085737e+05	1.077857e+05	5.792851e+04	5.630701e+04	3.015286e+02	1.113595e+01	2021	7	26	0
	2110001	231.091000	18.101900	9.833794e+04	2.641773e+01	1.087496e+05	1.080326e+05	5.808514e+04	5.652764e+04	3.014714e+02	1.134832e+01	2021	7	26	6
	2101773	229.434000	18.242500	9.842706e+04	2.466216e+01	1.085059e+05	1.079524e+05	5.786248e+04	5.654323e+04	3.011797e+02	1.059265e+01	2021	7	26	12
	2097653	227.549000	18.312800	9.864238e+04	2.581778e+01	1.086451e+05	1.081316e+05	5.803456e+04	5.661406e+04	3.011318e+02	8.264682e+00	2021	7	26	18
	2081278	225.706000	18.594000	9.855088e+04	2.511497e+01	1.085115e+05	1.080595e+05	5.795132e+04	5.653057e+04	3.010867e+02	1.142985e+01	2021	7	27	0
	2081260	224.118000	18.594000	9.857088e+04	2.791981e+01	1.086404e+05	1.081799e+05	5.804855e+04	5.670155e+04	3.009253e+02	1.176126e+01	2021	7	27	6
	2069016	222.301000	18.804900	9.856738e+04	2.673164e+01	1.084215e+05	1.079660e+05	5.786430e+04	5.660155e+04	3.008582e+02	1.448446e+01	2021	7	27	12
	2068996	220.531000	18.804900	9.884094e+04	2.623679e+01	1.085381e+05	1.080576e+05	5.796348e+04	5.672573e+04	3.010271e+02	1.282101e+01	2021	7	27	18
	2044639	218.902000	19.226700	9.859606e+04	2.838856e+01	1.084952e+05	1.080312e+05	5.792355e+04	5.655755e+04	3.008416e+02	1.530595e+01	2021	7	28	0
	2024449	217.306000	19.578200	9.841175e+04	2.985222e+01	1.085954e+05	1.080739e+05	5.806590e+04	5.659290e+04	3.008779e+02	1.552985e+01	2021	7	28	6
	2000355	215.550000	20.000000	9.840094e+04	2.765263e+01	1.084395e+05	1.079515e+05	5.793204e+04	5.651304e+04	3.011289e+02	1.872316e+01	2021	7	28	12
	1980385	213.920000	20.351500	9.859175e+04	2.875455e+01	1.085254e+05	1.080444e+05	5.803971e+04	5.658896e+04	3.010737e+02	1.710816e+01	2021	7	28	18
	1960517	212.455000	20.703000	9.838281e+04	3.036339e+01	1.085173e+05	1.079878e+05	5.801175e+04	5.644725e+04	3.012849e+02	1.583746e+01	2021	7	29	0
	1940748	210.883000	21.054500	9.842956e+04	2.835628e+01	1.085881e+05	1.079776e+05	5.809212e+04	5.648187e+04	3.014211e+02	1.755652e+01	2021	7	29	6
	1921080	209.388000	21.406000	9.828244e+04	2.925442e+01	1.084438e+05	1.079422e+05	5.797041e+04	5.636916e+04	3.014094e+02	2.024935e+01	2021	7	29	12
	1882061	207.928000	22.109000	9.855981e+04	2.851989e+01	1.085361e+05	1.079316e+05	5.809288e+04	5.647212e+04	3.011650e+02	1.973444e+01	2021	7	29	18
	1847285	206.504000	22.741700	9.842869e+04	2.799068e+01	1.085007e+05	1.078737e+05	5.802348e+04	5.630598e+04	3.010901e+02	1.788445e+01	2021	7	30	0
	1801430	205.416000	23.585200	9.829856e+04	3.017388e+01	1.085913e+05	1.078358e+05	5.813395e+04	5.623870e+04	3.008110e+02	1.745227e+01	2021	7	30	6
	1756149	204.109000	24.428800	9.836681e+04	2.965584e+01	1.084422e+05	1.075632e+05	5.802471e+04	5.634271e+04	3.007097e+02	2.148477e+01	2021	7	30	12
	1711446	202.962000	25.272400	9.842169e+04	2.876393e+01	1.084887e+05	1.074922e+05	5.808552e+04	5.640427e+04	3.005334e+02	1.719873e+01	2021	7	30	18
	1663674	202.303000	26.186300	9.833488e+04	3.098926e+01	1.085021e+05	1.075701e+05	5.806746e+04	5.637846e+04	3.006487e+02	1.535102e+01	2021	7	31	0
	1627383	201.452000	26.889300	9.853531e+04	3.206889e+01	1.085339e+05	1.074294e+05	5.811231e+04	5.668356e+04	3.005811e+02	1.442785e+01	2021	7	31	6
	1577253	200.777000	27.873500	9.895569e+04	2.573668e+01	1.084849e+05	1.071389e+05	5.801788e+04	5.686813e+04	2.999153e+02	1.493847e+01	2021	7	31	12
	1534909	200.240000	28.717000	9.939800e+04	2.364651e+01	1.085475e+05	1.070115e+05	5.811832e+04	5.721332e+04	2.996953e+02	1.469993e+01	2021	7	31	18
	1493142	199.792000	29.560600	9.953588e+04	2.374398e+01	1.085858e+05	1.069142e+05	5.810805e+04	5.715530e+04	2.992146e+02	1.301606e+01	2021	8	1	0
	1451949	199.120000	30.404200	9.968119e+04	2.222686e+01	1.086339e+05	1.067889e+05	5.815472e+04	5.719472e+04	2.987502e+02	1.409934e+01	2021	8	1	6
	1421430	198.363000	31.036900	9.970438e+04	2.311726e+01	1.084626e+05	1.067371e+05	5.804986e+04	5.692036e+04	2.980850e+02	1.299995e+01	2021	8	1	12
	1391237	197.806000	31.669600	9.950238e+04	2.235849e+01	1.083428e+05	1.069078e+05	5.808916e+04	5.659941e+04	2.975771e+02	7.088597e+00	2021	8	1	18
	1354778	197.497000	32.442900	9.957256e+04	2.118290e+01	1.082831e+05	1.069321e+05	5.814343e+04	5.641893e+04	2.971936e+02	3.382831e+00	2021	8	2	0
	1315560	197.534000	33.286500	9.977050e+04	2.177742e+01	1.081691e+05	1.070016e+05	5.816671e+04	5.655646e+04	2.963657e+02	2.900224e+00	2021	8	2	6
	1260984	197.229000	34.481500	1.000421e+05	1.962097e+01	1.078610e+05	1.069640e+05	5.806479e+04	5.668129e+04	2.961426e+02	2.802965e+00	2021	8	2	12
	1216908	197.077000	35.465700	1.003450e+05	1.868894e+01	1.078496e+05	1.067226e+05	5.802957e+04	5.694632e+04	2.959617e+02	2.330238e+00	2021	8	2	18
	1167498	197.199000	36.590500	1.005055e+05	1.765918e+01	1.079404e+05	1.061494e+05	5.794783e+04	5.695783e+04	2.956970e+02	3.195471e+00	2021	8	3	0
	1098269	197.854000	38.207400	1.006020e+05	1.764929e+01	1.078722e+05	1.053687e+05	5.790235e+04	5.647085e+04	2.952463e+02	9.540448e+00	2021	8	3	6
start	12	2021	7	23	6
	4959188	293.245000	-26.608100	1.008566e+05	1.193229e+01	1.076424e+05	1.031834e+05	5.740434e+04	5.559459e+04	-9.000000e+33	4.498722e-02	2021	7	23	6
	4959188	293.245000	-26.608100	1.008678e+05	1.333837e+01	1.076055e+05	1.033335e+05	5.738066e+04	5.558691e+04	-9.000000e+33	5.270247e-02	2021	7	23	12
	4948295	292.574000	-26.397200	1.001241e+05	1.607018e+01	1.075772e+05	1.032512e+05	5.735928e+04	5.542778e+04	-9.000000e+33	4.433422e-02	2021	7	23	18
	4951934	293.194000	-26.467500	1.004094e+05	1.152740e+01	1.076199e+05	1.031254e+05	5.729184e+04	5.534384e+04	-9.000000e+33	2.151069e-02	2021	7	24	0
	4959187	293.146000	-26.608100	1.003449e+05	1.226463e+01	1.075588e+05	1.027118e+05	5.718147e+04	5.505247e+04	-9.000000e+33	1.193033e-01	2021	7	24	6
	4807309	294.710000	-23.725800	1.002485e+05	1.966138e+01	1.078305e+05	1.040635e+05	5.751754e+04	5.555454e+04	-9.000000e+33	1.039866e-02	2021	7	24	12
	4680175	295.255000	-21.406000	9.931356e+04	1.624375e+01	1.079266e+05	1.053961e+05	5.752732e+04	5.592882e+04	-9.000000e+33	2.871833e-01	2021	7	24	18
	4911762	293.993000	-25.694200	9.988181e+04	1.628928e+01	1.077340e+05	1.028660e+05	5.725240e+04	5.483315e+04	-9.000000e+33	4.495152e-01	2021	7	25	0
	4922769	294.072000	-25.905100	9.987994e+04	1.714184e+01	1.076182e+05	1.025858e+05	5.715157e+04	5.478307e+04	-9.000000e+33	5.356669e-01	2021	7	25	6
	4922769	294.072000	-25.905100	1.000400e+05	1.726154e+01	1.076291e+05	1.027276e+05	5.723668e+04	5.499718e+04	-9.000000e+33	2.810901e-01	2021	7	25	12
	4684092	295.281000	-21.476300	9.954775e+04	1.750983e+01	1.078945e+05	1.048550e+05	5.751716e+04	5.580641e+04	-9.000000e+33	9.599585e-01	2021	7	25	18
	4516135	294.329000	-18.523700	1.002208e+05	1.061040e+01	1.081917e+05	1.060237e+05	5.774301e+04	5.655901e+04	-9.000000e+33	4.316117e+00	2021	7	26	0
start	32	2021	7	24	0
	2447441	262.107000	12.548300	1.005056e+05	1.146008e+01	1.084314e+05	1.080899e+05	5.776209e+04	5.742484e+04	3.038831e+02	4.231124e+01	2021	7	24	0
	2460733	262.047000	12.337400	1.007079e+05	1.205722e+01	1.085608e+05	1.082328e+05	5.792272e+04	5.756697e+04	3.037253e+02	4.876983e+01	2021	7	24	6
	2474057	261.664000	12.126500	1.004630e+05	1.594391e+01	1.083945e+05	1.079425e+05	5.780629e+04	5.735154e+04	3.035862e+02	5.134768e+01	2021	7	24	12
	2487408	260.556000	11.915600	1.004998e+05	1.673314e+01	1.085521e+05	1.081541e+05	5.795582e+04	5.741082e+04	3.033125e+02	4.184484e+01	2021	7	24	18
	2474039	260.207000	12.126500	1.001693e+05	1.861962e+01	1.084540e+05	1.080690e+05	5.780540e+04	5.717140e+04	3.033267e+02	3.301850e+01	2021	7	25	0
	2447408	259.421000	12.548300	1.003169e+05	1.668642e+01	1.085522e+05	1.081368e+05	5.796557e+04	5.729107e+04	3.034521e+02	4.299709e+01	2021	7	25	6
	2487388	258.942000	11.915600	9.995700e+04	1.843313e+01	1.083531e+05	1.079566e+05	5.779543e+04	5.709343e+04	3.031858e+02	4.473959e+01	2021	7	25	12
	2442969	258.109000	12.618600	9.977125e+04	1.961447e+01	1.085760e+05	1.080885e+05	5.796966e+04	5.719766e+04	3.030959e+02	3.538671e+01	2021	7	25	18
	2407710	256.463000	13.181000	9.949631e+04	2.292414e+01	1.085157e+05	1.079177e+05	5.781851e+04	5.696576e+04	3.033401e+02	3.406603e+01	2021	7	26	0
	2359669	255.994000	13.954300	9.964544e+04	2.037760e+01	1.086766e+05	1.082241e+05	5.798189e+04	5.722064e+04	3.033542e+02	3.828554e+01	2021	7	26	6
	2364002	254.848000	13.884000	9.925606e+04	2.080154e+01	1.084469e+05	1.080044e+05	5.781973e+04	5.680573e+04	3.032930e+02	4.232094e+01	2021	7	26	12
	2312089	253.591000	14.727600	9.920612e+04	2.313919e+01	1.086651e+05	1.081191e+05	5.797481e+04	5.675481e+04	3.032939e+02	2.992235e+01	2021	7	26	18
	2282068	252.472000	15.219700	9.861388e+04	2.609480e+01	1.085005e+05	1.078525e+05	5.786532e+04	5.634307e+04	3.031970e+02	2.815963e+01	2021	7	27	0
	2256486	251.017000	15.641500	9.880262e+04	2.742809e+01	1.086674e+05	1.079129e+05	5.802005e+04	5.647480e+04	3.028364e+02	4.306087e+01	2021	7	27	6
	2235279	249.905000	15.993000	9.810712e+04	2.915833e+01	1.084970e+05	1.072970e+05	5.780230e+04	5.574905e+04	3.020935e+02	3.688224e+01	2021	7	27	12
	2222596	248.653000	16.203900	9.781369e+04	3.011317e+01	1.086501e+05	1.072816e+05	5.799948e+04	5.562948e+04	3.019207e+02	2.254018e+01	2021	7	27	18
	2188975	247.371000	16.766300	9.749881e+04	3.022152e+01	1.085658e+05	1.070452e+05	5.789205e+04	5.531980e+04	3.018796e+02	1.908059e+01	2021	7	28	0
	2159767	246.266000	17.258300	9.755400e+04	3.018385e+01	1.086924e+05	1.074429e+05	5.808440e+04	5.561965e+04	3.016953e+02	2.111649e+01	2021	7	28	6
	2126629	245.209000	17.820700	9.753794e+04	2.742939e+01	1.084735e+05	1.073545e+05	5.798829e+04	5.561454e+04	3.012324e+02	1.640008e+01	2021	7	28	12
	2085566	243.820000	18.523700	9.811925e+04	2.522708e+01	1.086894e+05	1.076434e+05	5.816171e+04	5.600571e+04	3.011401e+02	1.181065e+01	2021	7	28	18
	2044904	242.493000	19.226700	9.813806e+04	2.581657e+01	1.086623e+05	1.075568e+05	5.802850e+04	5.594700e+04	3.008132e+02	1.127693e+01	2021	7	29	0
	2004643	241.229000	19.929700	9.833606e+04	2.700809e+01	1.087481e+05	1.078016e+05	5.826637e+04	5.617262e+04	3.005012e+02	1.232815e+01	2021	7	29	6
	1960820	240.000000	20.703000	9.806619e+04	2.803842e+01	1.086088e+05	1.076688e+05	5.809441e+04	5.603141e+04	3.004866e+02	1.343724e+01	2021	7	29	12
	1909655	238.680000	21.616900	9.844131e+04	2.739682e+01	1.088881e+05	1.080791e+05	5.832188e+04	5.635612e+04	3.002666e+02	1.004560e+01	2021	7	29	18
	1855316	237.757000	22.601100	9.840519e+04	2.552833e+01	1.088067e+05	1.080022e+05	5.819523e+04	5.629048e+04	2.998293e+02	9.182510e+00	2021	7	30	0
	1805561	236.937000	23.514900	9.882781e+04	2.335271e+01	1.089333e+05	1.082283e+05	5.840170e+04	5.656470e+04	2.989478e+02	6.946924e+00	2021	7	30	6
	1760234	236.226000	24.358500	9.894681e+04	2.178383e+01	1.086987e+05	1.080777e+05	5.823546e+04	5.659021e+04	2.987507e+02	5.480771e+00	2021	7	30	12
	1697014	235.896000	25.553600	9.943169e+04	1.989527e+01	1.089147e+05	1.083827e+05	5.843027e+04	5.695677e+04	2.983645e+02	4.019236e+00	2021	7	30	18
	1642192	235.629000	26.608100	9.944212e+04	1.823333e+01	1.087761e+05	1.081421e+05	5.827346e+04	5.691696e+04	2.977053e+02	4.720303e+00	2021	7	31	0
	1591840	235.695000	27.592300	9.971806e+04	1.800307e+01	1.088314e+05	1.078999e+05	5.839181e+04	5.711856e+04	2.973496e+02	6.312184e+00	2021	7	31	6
	1542274	235.968000	28.576400	9.980394e+04	1.724234e+01	1.085874e+05	1.074059e+05	5.818663e+04	5.708488e+04	2.970208e+02	7.282204e+00	2021	7	31	12
	1496953	236.497000	29.490300	1.002485e+05	1.699089e+01	1.087975e+05	1.073220e+05	5.833307e+04	5.733307e+04	2.964219e+02	3.402983e+00	2021	7	31	18
start	20	2021	7	27	18
	1688586	131.425000	25.694200	9.929969e+04	1.590951e+01	1.084251e+05	1.079531e+05	5.745173e+04	5.681373e+04	3.018582e+02	1.813925e+01	2021	7	27	18
	1648413	132.919000	26.467500	9.898131e+04	1.658462e+01	1.084372e+05	1.079798e+05	5.745955e+04	5.671180e+04	3.017712e+02	1.757902e+01	2021	7	28	0
	1670276	133.129000	26.045700	9.895375e+04	1.723919e+01	1.083869e+05	1.079484e+05	5.737265e+04	5.661015e+04	3.021934e+02	1.468261e+01	2021	7	28	6
	1684956	135.686000	25.764500	9.893544e+04	1.925281e+01	1.084780e+05	1.079400e+05	5.750029e+04	5.666629e+04	3.021963e+02	2.017078e+01	2021	7	28	12
	1644829	137.431000	26.537800	9.873925e+04	1.792145e+01	1.083939e+05	1.076789e+05	5.741046e+04	5.651646e+04	3.021099e+02	2.198616e+01	2021	7	28	18
	1580189	138.189000	27.803200	9.894831e+04	1.502828e+01	1.086068e+05	1.077228e+05	5.754525e+04	5.672250e+04	3.020740e+02	2.592724e+01	2021	7	29	0
	1523811	138.041000	28.927900	9.890281e+04	1.412217e+01	1.086951e+05	1.078621e+05	5.751212e+04	5.673662e+04	3.026711e+02	3.078233e+01	2021	7	29	6
	1471881	137.308000	29.982400	9.909294e+04	1.433595e+01	1.088012e+05	1.080508e+05	5.771991e+04	5.690741e+04	3.019963e+02	2.924964e+01	2021	7	29	12
	1424223	136.386000	30.966600	9.906531e+04	1.546017e+01	1.086961e+05	1.079826e+05	5.760762e+04	5.685212e+04	3.013779e+02	2.711860e+01	2021	7	29	18
	1380670	135.379000	31.880500	9.928144e+04	1.644271e+01	1.087962e+05	1.081352e+05	5.771623e+04	5.699823e+04	3.019602e+02	2.347855e+01	2021	7	30	0
	1344342	134.122000	32.653800	9.924781e+04	1.438130e+01	1.088043e+05	1.082298e+05	5.763045e+04	5.697445e+04	3.023599e+02	2.218449e+01	2021	7	30	6
	1334512	133.072000	32.864700	9.938281e+04	1.403886e+01	1.087792e+05	1.081732e+05	5.767696e+04	5.704571e+04	3.034607e+02	1.678351e+01	2021	7	30	12
	1311730	132.222000	33.356800	9.928444e+04	1.538072e+01	1.085587e+05	1.077362e+05	5.746477e+04	5.682327e+04	3.043987e+02	1.363159e+01	2021	7	30	18
	1266771	132.399000	34.340900	9.937938e+04	1.363844e+01	1.086321e+05	1.075836e+05	5.756421e+04	5.683046e+04	3.032815e+02	1.395800e+01	2021	7	31	0
	1219471	132.638000	35.395400	9.938431e+04	1.501797e+01	1.086834e+05	1.074994e+05	5.760056e+04	5.682331e+04	3.033359e+02	1.128876e+01	2021	7	31	6
	1179209	133.242000	36.309300	9.945719e+04	1.345247e+01	1.087404e+05	1.071799e+05	5.772938e+04	5.676788e+04	3.021370e+02	1.459065e+01	2021	7	31	12
	1112610	133.914000	37.855900	9.917225e+04	1.757993e+01	1.085880e+05	1.064875e+05	5.765707e+04	5.642557e+04	3.014600e+02	1.928211e+01	2021	7	31	18
	1013484	133.989000	40.246000	9.897312e+04	1.883427e+01	1.085918e+05	1.058782e+05	5.764355e+04	5.612580e+04	2.988835e+02	2.062127e+01	2021	8	1	0
	916264	132.939000	42.706500	9.921744e+04	1.683766e+01	1.084139e+05	1.053434e+05	5.750897e+04	5.585922e+04	2.949485e+02	2.598167e+01	2021	8	1	6
	823948	132.336000	45.167000	9.951512e+04	1.050255e+01	1.082091e+05	1.050896e+05	5.737361e+04	5.572061e+04	2.949102e+02	2.611205e+01	2021	8	1	12
start	42	2021	7	30	6
	1149795	263.945000	37.012300	1.007988e+05	6.251830e+00	1.086933e+05	1.074388e+05	5.829795e+04	5.759820e+04	-9.000000e+33	1.268808e+01	2021	7	30	6
	1146806	268.930000	37.082600	1.006204e+05	6.743933e+00	1.084687e+05	1.070577e+05	5.813096e+04	5.734271e+04	-9.000000e+33	1.927601e+01	2021	7	30	12
	1143787	269.881000	37.152900	1.005244e+05	8.999329e+00	1.085267e+05	1.070502e+05	5.816577e+04	5.740052e+04	-9.000000e+33	1.994007e+01	2021	7	30	18
	1186558	273.273000	36.168700	1.002471e+05	1.145855e+01	1.085386e+05	1.070331e+05	5.808296e+04	5.722471e+04	-9.000000e+33	2.057388e+01	2021	7	31	0
	1165091	273.539000	36.660800	1.002551e+05	1.065136e+01	1.085234e+05	1.067994e+05	5.805831e+04	5.715206e+04	-9.000000e+33	2.138976e+01	2021	7	31	6
	1195842	275.938000	35.957800	1.004739e+05	9.827643e+00	1.084034e+05	1.067539e+05	5.806513e+04	5.712013e+04	-9.000000e+33	1.794423e+01	2021	7	31	12
	1261715	280.088000	34.481500	1.004260e+05	1.522452e+01	1.085625e+05	1.068025e+05	5.813382e+04	5.710382e+04	3.041670e+02	1.660009e+01	2021	7	31	18
	1255377	281.023000	34.622100	1.002374e+05	1.748014e+01	1.085612e+05	1.068002e+05	5.815030e+04	5.709355e+04	3.040281e+02	2.048622e+01	2021	8	1	0
	1245905	283.004000	34.833000	9.985919e+04	2.038597e+01	1.084924e+05	1.066539e+05	5.796347e+04	5.694297e+04	3.032942e+02	2.443488e+01	2021	8	1	6
	1261757	284.849000	34.481500	9.974912e+04	2.089178e+01	1.082371e+05	1.065761e+05	5.787161e+04	5.672186e+04	3.031064e+02	2.056591e+01	2021	8	1	12
	1316365	286.868000	33.286500	9.972438e+04	2.093492e+01	1.083252e+05	1.066862e+05	5.799766e+04	5.666841e+04	3.026338e+02	1.743627e+01	2021	8	1	18
	1319637	289.618000	33.216200	9.950681e+04	2.080788e+01	1.082836e+05	1.067466e+05	5.784943e+04	5.664818e+04	3.017659e+02	1.933878e+01	2021	8	2	0
	1297006	291.354000	33.708300	9.939125e+04	2.079946e+01	1.080786e+05	1.065771e+05	5.768946e+04	5.648571e+04	3.011558e+02	1.931747e+01	2021	8	2	6
	1284169	293.146000	33.989500	9.937912e+04	2.038102e+01	1.080205e+05	1.066010e+05	5.770304e+04	5.647904e+04	3.005332e+02	1.778992e+01	2021	8	2	12
	1242855	295.013000	34.903300	9.924425e+04	1.979922e+01	1.079751e+05	1.066641e+05	5.768082e+04	5.630932e+04	3.005300e+02	1.685734e+01	2021	8	2	18
	1220889	296.044000	35.395400	9.917325e+04	2.110655e+01	1.079874e+05	1.067289e+05	5.774358e+04	5.628583e+04	3.007722e+02	1.677610e+01	2021	8	3	0
	1165289	296.894000	36.660800	9.896525e+04	2.237672e+01	1.077772e+05	1.066272e+05	5.753910e+04	5.609335e+04	3.012737e+02	1.703995e+01	2021	8	3	6
	1099095	298.178000	38.207400	9.908519e+04	2.182175e+01	1.078047e+05	1.066292e+05	5.766747e+04	5.613897e+04	3.011304e+02	1.043481e+01	2021	8	3	12
	1049265	298.467000	39.402500	9.914188e+04	2.023427e+01	1.078434e+05	1.066099e+05	5.762444e+04	5.614744e+04	3.009670e+02	9.630572e+00	2021	8	3	18
	986505	300.128000	40.949000	9.925731e+04	2.339494e+01	1.079929e+05	1.065679e+05	5.787345e+04	5.622970e+04	3.003750e+02	1.035375e+01	2021	8	4	0
	928396	300.793000	42.425300	9.924588e+04	2.272503e+01	1.078748e+05	1.062313e+05	5.778503e+04	5.616203e+04	2.984182e+02	1.203855e+01	2021	8	4	6
	853663	301.975000	44.393700	9.945381e+04	1.990298e+01	1.078749e+05	1.059684e+05	5.789866e+04	5.626091e+04	2.948503e+02	1.092743e+01	2021	8	4	12
	774576	302.701000	46.572900	9.949469e+04	1.805818e+01	1.078147e+05	1.055612e+05	5.781404e+04	5.620529e+04	2.897603e+02	1.200525e+01	2021	8	4	18
	701698	303.142000	48.681900	9.980450e+04	1.463567e+01	1.075525e+05	1.049325e+05	5.766769e+04	5.601819e+04	2.904829e+02	1.216779e+01	2021	8	5	0
	639193	304.726000	50.580000	9.961406e+04	1.678957e+01	1.071600e+05	1.045325e+05	5.749643e+04	5.571468e+04	2.878474e+02	1.036296e+01	2021	8	5	6
	564629	306.610000	52.970100	9.965062e+04	1.532310e+01	1.068777e+05	1.043207e+05	5.736587e+04	5.551537e+04	2.837258e+02	8.124924e+00	2021	8	5	12
	498674	308.417000	55.219700	9.950681e+04	1.568925e+01	1.066067e+05	1.041702e+05	5.715292e+04	5.521192e+04	2.840322e+02	1.002226e+01	2021	8	5	18
	440560	310.107000	57.328600	9.929288e+04	1.442320e+01	1.060948e+05	1.038498e+05	5.692189e+04	5.490739e+04	2.838276e+02	1.088148e+01	2021	8	6	0
	405617	311.400000	58.664300	9.913681e+04	2.201141e+01	1.056882e+05	1.029258e+05	5.653234e+04	5.432909e+04	2.833081e+02	1.117329e+01	2021	8	6	6
	391340	312.760000	59.226700	9.945875e+04	1.985046e+01	1.053322e+05	1.024492e+05	5.625177e+04	5.400927e+04	2.858145e+02	6.911002e+00	2021	8	6	12
	361867	319.129000	60.421800	9.965238e+04	2.089678e+01	1.055002e+05	1.026262e+05	5.637934e+04	5.408909e+04	2.846138e+02	5.755335e+00	2021	8	6	18
	340100	322.427000	61.335700	9.954981e+04	1.943704e+01	1.051337e+05	1.024802e+05	5.603887e+04	5.412762e+04	2.846802e+02	5.252706e+00	2021	8	7	0
	335181	325.012000	61.546600	9.941025e+04	1.511962e+01	1.045860e+05	1.023490e+05	5.567802e+04	5.396427e+04	2.849512e+02	2.872881e+00	2021	8	7	6
	330300	328.079000	61.757500	9.935975e+04	1.373380e+01	1.042214e+05	1.023689e+05	5.550400e+04	5.390050e+04	2.856174e+02	1.556721e+00	2021	8	7	12
	322227	329.252000	62.109000	9.924406e+04	1.043537e+01	1.038279e+05	1.021754e+05	5.518510e+04	5.383285e+04	2.855750e+02	1.737528e+00	2021	8	7	18
	327066	330.149000	61.898100	9.922106e+04	8.917745e+00	1.038157e+05	1.020087e+05	5.516555e+04	5.380355e+04	2.859136e+02	1.740946e+00	2021	8	8	0
	338491	330.876000	61.406000	9.915038e+04	9.302647e+00	1.035526e+05	1.018381e+05	5.493455e+04	5.371080e+04	2.861584e+02	1.166280e+00	2021	8	8	6
	345111	332.024000	61.124800	9.923700e+04	9.731629e+00	1.034046e+05	1.018861e+05	5.482288e+04	5.382288e+04	2.865686e+02	9.162917e-01	2021	8	8	12
	343453	332.391000	61.195100	9.929262e+04	9.820701e+00	1.032418e+05	1.020238e+05	5.469077e+04	5.391527e+04	2.866492e+02	8.727609e-01	2021	8	8	18
	343455	332.826000	61.195100	9.938944e+04	1.109289e+01	1.030561e+05	1.016181e+05	5.462350e+04	5.387575e+04	2.866360e+02	1.355219e+00	2021	8	9	0
	341799	332.760000	61.265400	9.945294e+04	1.130264e+01	1.027320e+05	1.016225e+05	5.448374e+04	5.383974e+04	2.866067e+02	1.288409e+00	2021	8	9	6
	336856	332.780000	61.476300	9.962575e+04	1.056539e+01	1.035617e+05	1.015002e+05	5.475512e+04	5.387787e+04	2.866562e+02	9.417801e-01	2021	8	9	12
start	41	2021	8	20	6
	2310569	126.335000	14.727600	9.967306e+04	1.830308e+01	1.084684e+05	1.082934e+05	5.756137e+04	5.706962e+04	3.050222e+02	2.869817e+01	2021	8	20	6
	2302005	128.583000	14.868200	9.979994e+04	1.928655e+01	1.086256e+05	1.083951e+05	5.772354e+04	5.716904e+04	3.045049e+02	2.598877e+01	2021	8	20	12
	2302030	130.680000	14.868200	9.956881e+04	1.871289e+01	1.084286e+05	1.081536e+05	5.760530e+04	5.701205e+04	3.037214e+02	2.267597e+01	2021	8	20	18
	2297761	132.397000	14.938500	9.968931e+04	2.076389e+01	1.086986e+05	1.082401e+05	5.780852e+04	5.710177e+04	3.037544e+02	2.149017e+01	2021	8	21	0
	2229699	134.574000	16.063300	9.936062e+04	1.953557e+01	1.084922e+05	1.080508e+05	5.761672e+04	5.692347e+04	3.041797e+02	2.064822e+01	2021	8	21	6
	2183493	135.474000	16.836600	9.949288e+04	1.980274e+01	1.086652e+05	1.082762e+05	5.780246e+04	5.703146e+04	3.040603e+02	1.974489e+01	2021	8	21	12
	2133640	136.612000	17.680100	9.916031e+04	2.060028e+01	1.085249e+05	1.081804e+05	5.759067e+04	5.685742e+04	3.040139e+02	1.572326e+01	2021	8	21	18
	2100726	137.502000	18.242500	9.932688e+04	2.108448e+01	1.088430e+05	1.084445e+05	5.777279e+04	5.701954e+04	3.039836e+02	1.527369e+01	2021	8	22	0
	2043734	138.338000	19.226700	9.914381e+04	1.951718e+01	1.087903e+05	1.083808e+05	5.760444e+04	5.698369e+04	3.042458e+02	1.542957e+01	2021	8	22	6
	2031627	138.839000	19.437600	9.934394e+04	1.815613e+01	1.089686e+05	1.086441e+05	5.778861e+04	5.717486e+04	3.041038e+02	1.511317e+01	2021	8	22	12
	1983542	139.337000	20.281200	9.914000e+04	1.790170e+01	1.088221e+05	1.085016e+05	5.755901e+04	5.710876e+04	3.040374e+02	1.089627e+01	2021	8	22	18
	2003511	139.451000	19.929700	9.932700e+04	1.839616e+01	1.089942e+05	1.086412e+05	5.777196e+04	5.722421e+04	3.039299e+02	1.306923e+01	2021	8	23	0
	1963682	140.040000	20.632700	9.914794e+04	1.705570e+01	1.089166e+05	1.085606e+05	5.757440e+04	5.712465e+04	3.047346e+02	1.526509e+01	2021	8	23	6
	1975592	140.161000	20.421800	9.942019e+04	1.482012e+01	1.090897e+05	1.088132e+05	5.777855e+04	5.735455e+04	3.039963e+02	1.629966e+01	2021	8	23	12
	1979576	140.744000	20.351500	9.919981e+04	1.585567e+01	1.088931e+05	1.085801e+05	5.756390e+04	5.714690e+04	3.038081e+02	1.162346e+01	2021	8	23	18
	1999526	140.940000	20.000000	9.934656e+04	1.704788e+01	1.089886e+05	1.086896e+05	5.771111e+04	5.732211e+04	3.037231e+02	1.386521e+01	2021	8	24	0
	1995532	141.261000	20.070300	9.907394e+04	1.758632e+01	1.089071e+05	1.085246e+05	5.755132e+04	5.700457e+04	3.046179e+02	1.733099e+01	2021	8	24	6
	2003538	141.878000	19.929700	9.918788e+04	1.938441e+01	1.090645e+05	1.085980e+05	5.774441e+04	5.708941e+04	3.038679e+02	1.238388e+01	2021	8	24	12
	1963702	141.857000	20.632700	9.901144e+04	1.721313e+01	1.089254e+05	1.085264e+05	5.761868e+04	5.711968e+04	3.037710e+02	8.732872e+00	2021	8	24	18
	1947882	142.067000	20.913900	9.925312e+04	1.480316e+01	1.090681e+05	1.086831e+05	5.778800e+04	5.732725e+04	3.037920e+02	1.319860e+01	2021	8	25	0
	1908596	141.126000	21.616900	9.904469e+04	1.469241e+01	1.089568e+05	1.085318e+05	5.770693e+04	5.711293e+04	3.038123e+02	1.257257e+01	2021	8	25	6
	1889102	140.556000	21.968400	9.923838e+04	1.482694e+01	1.090734e+05	1.086714e+05	5.785974e+04	5.722099e+04	3.036516e+02	1.132105e+01	2021	8	25	12
	1858119	139.575000	22.530800	9.908081e+04	1.559975e+01	1.089504e+05	1.085029e+05	5.772565e+04	5.709415e+04	3.036509e+02	1.729896e+01	2021	8	25	18
	1823576	139.099000	23.163400	9.914469e+04	1.704932e+01	1.091478e+05	1.086483e+05	5.785354e+04	5.719479e+04	3.036011e+02	1.517210e+01	2021	8	26	0
	1808316	137.792000	23.444600	9.902300e+04	1.424605e+01	1.089979e+05	1.085434e+05	5.776095e+04	5.707870e+04	3.036587e+02	1.219572e+01	2021	8	26	6
	1785560	137.143000	23.866400	9.921862e+04	1.531543e+01	1.091819e+05	1.087039e+05	5.787777e+04	5.724852e+04	3.035583e+02	1.285918e+01	2021	8	26	12
	1762942	135.911000	24.288200	9.902019e+04	1.804174e+01	1.089881e+05	1.085376e+05	5.770391e+04	5.699466e+04	3.034565e+02	1.778534e+01	2021	8	26	18
	1736742	135.000000	24.780300	9.875925e+04	1.951220e+01	1.090996e+05	1.085636e+05	5.782344e+04	5.681794e+04	3.034226e+02	1.383293e+01	2021	8	27	0
	1721860	134.612000	25.061500	9.858000e+04	1.805943e+01	1.089679e+05	1.084659e+05	5.771122e+04	5.690672e+04	3.034551e+02	1.065010e+01	2021	8	27	6
	1703345	133.879000	25.413000	9.847550e+04	2.350800e+01	1.091306e+05	1.086396e+05	5.785067e+04	5.670842e+04	3.032891e+02	9.536135e+00	2021	8	27	12
	1670280	133.523000	26.045700	9.854812e+04	1.792274e+01	1.088664e+05	1.085334e+05	5.768551e+04	5.690751e+04	3.031362e+02	1.132801e+01	2021	8	27	18
	1644786	133.164000	26.537800	9.870912e+04	1.867253e+01	1.088634e+05	1.085744e+05	5.772959e+04	5.697209e+04	3.030508e+02	1.434758e+01	2021	8	28	0
	1623089	132.752000	26.959600	9.789581e+04	2.219043e+01	1.087702e+05	1.083368e+05	5.763440e+04	5.654665e+04	3.031470e+02	8.372235e+00	2021	8	28	6
	1623087	132.553000	26.959600	9.814181e+04	2.032058e+01	1.089439e+05	1.085664e+05	5.781264e+04	5.672664e+04	3.031035e+02	6.793848e+00	2021	8	28	12
	1619485	132.500000	27.029900	9.842894e+04	1.911723e+01	1.088596e+05	1.085696e+05	5.766554e+04	5.671254e+04	3.030598e+02	1.065347e+01	2021	8	28	18
	1623085	132.353000	26.959600	9.817744e+04	2.304212e+01	1.089305e+05	1.085405e+05	5.777768e+04	5.668918e+04	3.030273e+02	1.171482e+01	2021	8	29	0
	1615889	132.647000	27.100200	9.854450e+04	2.048436e+01	1.089979e+05	1.085514e+05	5.767535e+04	5.689335e+04	3.031245e+02	9.479510e+00	2021	8	29	6
	1637535	132.762000	26.678400	9.887712e+04	1.944946e+01	1.092366e+05	1.087316e+05	5.786369e+04	5.713344e+04	3.029939e+02	8.146589e+00	2021	8	29	12
	1644785	133.065000	26.537800	9.883825e+04	1.767542e+01	1.091166e+05	1.086486e+05	5.771039e+04	5.707314e+04	3.027366e+02	5.474928e+00	2021	8	29	18
	1655686	133.121000	26.326900	9.919169e+04	1.560429e+01	1.092632e+05	1.087767e+05	5.781186e+04	5.734111e+04	3.028694e+02	6.224542e+00	2021	8	30	0
	1677599	133.526000	25.905100	9.912012e+04	1.546682e+01	1.092149e+05	1.086264e+05	5.770320e+04	5.720945e+04	3.031121e+02	4.659671e+00	2021	8	30	6
start	21	2021	8	23	6
	2381110	228.506000	13.602800	1.008034e+05	1.099620e+01	1.090026e+05	1.088416e+05	5.813340e+04	5.784065e+04	3.032786e+02	3.834576e+01	2021	8	23	6
	2350650	227.989000	14.094900	1.005004e+05	1.290862e+01	1.087267e+05	1.086017e+05	5.790980e+04	5.755855e+04	3.032590e+02	3.978694e+01	2021	8	23	12
	2337638	226.290000	14.305800	1.006953e+05	1.355708e+01	1.089306e+05	1.087536e+05	5.804765e+04	5.772115e+04	3.034409e+02	3.960370e+01	2021	8	23	18
	2359315	226.657000	13.954300	1.003203e+05	1.349745e+01	1.087036e+05	1.085441e+05	5.781911e+04	5.736986e+04	3.037837e+02	4.058545e+01	2021	8	24	0
	2337637	226.207000	14.305800	1.005194e+05	1.445708e+01	1.088946e+05	1.086976e+05	5.802257e+04	5.751457e+04	3.034246e+02	3.961802e+01	2021	8	24	6
	2316061	225.920000	14.657300	1.001644e+05	1.458473e+01	1.086475e+05	1.083825e+05	5.781191e+04	5.724966e+04	3.033826e+02	3.632146e+01	2021	8	24	12
	2316058	225.669000	14.657300	1.003172e+05	1.713039e+01	1.088429e+05	1.086139e+05	5.802568e+04	5.744943e+04	3.033638e+02	3.863643e+01	2021	8	24	18
	2286026	225.800000	15.149400	9.993738e+04	1.770653e+01	1.086916e+05	1.084071e+05	5.787600e+04	5.712800e+04	3.032939e+02	4.060782e+01	2021	8	25	0
	2243445	224.448000	15.852400	1.000194e+05	1.861482e+01	1.088642e+05	1.085128e+05	5.803418e+04	5.726418e+04	3.032615e+02	3.727597e+01	2021	8	25	6
	2234981	224.532000	15.993000	9.959988e+04	1.915626e+01	1.086264e+05	1.082419e+05	5.782224e+04	5.691849e+04	3.031741e+02	3.932163e+01	2021	8	25	12
	2171999	224.136000	17.047500	9.973406e+04	2.183185e+01	1.087964e+05	1.083549e+05	5.805765e+04	5.711640e+04	3.025308e+02	4.198980e+01	2021	8	25	18
	2118139	223.469000	17.961300	9.941394e+04	2.181468e+01	1.086158e+05	1.082078e+05	5.780029e+04	5.686954e+04	3.022603e+02	4.257155e+01	2021	8	26	0
	2069027	223.274000	18.804900	9.955150e+04	2.302768e+01	1.088204e+05	1.082229e+05	5.801045e+04	5.702720e+04	3.019438e+02	4.499862e+01	2021	8	26	6
	2008437	222.126000	19.859400	9.902538e+04	2.325067e+01	1.085659e+05	1.078589e+05	5.771977e+04	5.677802e+04	3.013669e+02	4.071202e+01	2021	8	26	12
	1976496	222.012000	20.421800	9.927944e+04	2.416420e+01	1.087781e+05	1.079726e+05	5.793766e+04	5.690416e+04	3.011968e+02	3.657523e+01	2021	8	26	18
	1913382	221.779000	21.546600	9.885475e+04	2.524640e+01	1.086726e+05	1.078886e+05	5.777519e+04	5.674044e+04	3.009802e+02	3.070547e+01	2021	8	27	0
	1851293	221.632000	22.671400	9.924925e+04	2.529713e+01	1.088859e+05	1.079454e+05	5.801872e+04	5.692972e+04	3.005352e+02	2.274897e+01	2021	8	27	6
	1782662	220.996000	23.936700	9.916850e+04	2.316395e+01	1.087096e+05	1.077106e+05	5.782642e+04	5.690942e+04	3.000273e+02	1.576903e+01	2021	8	27	12
	1737634	221.137000	24.780300	9.958612e+04	1.977940e+01	1.089634e+05	1.078484e+05	5.804551e+04	5.728101e+04	2.994653e+02	1.084833e+01	2021	8	27	18
	1685827	221.078000	25.764500	9.962288e+04	1.925912e+01	1.088784e+05	1.077094e+05	5.792159e+04	5.724859e+04	2.991660e+02	9.459891e+00	2021	8	28	0
	1638421	220.873000	26.678400	9.989531e+04	1.825485e+01	1.089892e+05	1.076912e+05	5.805165e+04	5.739815e+04	2.988784e+02	1.060148e+01	2021	8	28	6
start	23	2021	8	27	12
	1751845	150.481000	24.499100	1.001280e+05	1.332225e+01	1.091341e+05	1.089661e+05	5.805167e+04	5.759742e+04	3.039717e+02	2.117502e+01	2021	8	27	12
	1714618	151.425000	25.202100	9.979138e+04	1.322984e+01	1.088429e+05	1.086629e+05	5.780376e+04	5.730251e+04	3.033931e+02	1.682712e+01	2021	8	27	18
	1699840	151.887000	25.483300	9.983838e+04	1.319179e+01	1.089829e+05	1.087034e+05	5.790734e+04	5.735009e+04	3.032959e+02	1.875401e+01	2021	8	28	0
	1710922	151.978000	25.272400	9.964831e+04	1.364991e+01	1.088408e+05	1.085502e+05	5.770040e+04	5.719240e+04	3.038120e+02	2.012210e+01	2021	8	28	6
	1729477	152.613000	24.920900	9.981506e+04	1.245716e+01	1.090004e+05	1.086349e+05	5.790489e+04	5.732439e+04	3.031631e+02	2.040455e+01	2021	8	28	12
	1751878	153.654000	24.499100	9.955119e+04	1.335129e+01	1.087946e+05	1.084576e+05	5.775504e+04	5.712779e+04	3.030452e+02	1.972241e+01	2021	8	28	18
	1736942	154.313000	24.780300	9.963169e+04	1.334615e+01	1.089225e+05	1.086130e+05	5.788618e+04	5.725193e+04	3.033057e+02	2.101513e+01	2021	8	29	0
	1718357	154.660000	25.131800	9.947225e+04	1.375222e+01	1.088359e+05	1.085439e+05	5.776360e+04	5.716935e+04	3.039077e+02	2.012903e+01	2021	8	29	6
	1703560	154.843000	25.413000	9.969088e+04	1.383374e+01	1.090266e+05	1.086551e+05	5.792119e+04	5.736094e+04	3.032361e+02	2.250525e+01	2021	8	29	12
	1666842	154.765000	26.116000	9.960050e+04	1.335771e+01	1.088906e+05	1.084971e+05	5.784214e+04	5.721139e+04	3.029993e+02	1.929777e+01	2021	8	29	18
	1659543	154.413000	26.256600	9.974844e+04	1.486768e+01	1.090952e+05	1.086802e+05	5.798161e+04	5.735736e+04	3.032942e+02	1.426270e+01	2021	8	30	0
	1655905	154.780000	26.326900	9.964162e+04	1.550189e+01	1.090854e+05	1.086464e+05	5.795545e+04	5.717995e+04	3.038171e+02	1.269206e+01	2021	8	30	6
	1594615	155.510000	27.522000	9.983900e+04	1.605486e+01	1.092289e+05	1.087734e+05	5.815907e+04	5.728732e+04	3.029761e+02	1.180688e+01	2021	8	30	12
	1520484	154.817000	28.998200	9.970100e+04	1.593626e+01	1.091457e+05	1.087177e+05	5.805044e+04	5.720494e+04	3.026270e+02	9.962361e+00	2021	8	30	18
	1489256	154.762000	29.630900	9.983544e+04	1.584510e+01	1.093341e+05	1.088281e+05	5.820777e+04	5.735052e+04	3.024822e+02	7.478231e+00	2021	8	31	0
	1458352	154.707000	30.263600	9.975081e+04	1.401328e+01	1.092982e+05	1.087587e+05	5.815125e+04	5.729775e+04	3.025073e+02	6.854163e+00	2021	8	31	6
	1421025	155.125000	31.036900	9.995456e+04	1.788674e+01	1.094078e+05	1.087923e+05	5.832750e+04	5.741750e+04	3.021716e+02	9.160909e+00	2021	8	31	12
	1370901	155.326000	32.091400	9.994050e+04	1.816793e+01	1.092949e+05	1.084604e+05	5.821989e+04	5.738239e+04	3.018718e+02	1.057996e+01	2021	8	31	18
	1302244	156.134000	33.567700	1.001014e+05	1.720312e+01	1.093811e+05	1.081496e+05	5.835635e+04	5.729735e+04	3.013525e+02	5.720247e+00	2021	9	1	0
	1232214	157.529000	35.114200	1.000366e+05	1.659905e+01	1.092520e+05	1.076125e+05	5.833655e+04	5.700780e+04	3.011370e+02	6.799972e+00	2021	9	1	6
	1151945	159.012000	36.942000	1.001220e+05	1.791395e+01	1.092391e+05	1.068096e+05	5.837336e+04	5.667336e+04	3.009756e+02	1.544215e+01	2021	9	1	12
	1045265	160.954000	39.472800	9.983519e+04	1.894878e+01	1.090444e+05	1.057499e+05	5.824959e+04	5.607109e+04	2.993591e+02	1.358371e+01	2021	9	1	18
	946525	163.910000	41.933200	9.979050e+04	1.839169e+01	1.090889e+05	1.055769e+05	5.830459e+04	5.590359e+04	2.940183e+02	6.083335e+00	2021	9	2	0
start	36	2021	8	28	12
	2193232	253.410000	16.696000	1.006246e+05	1.394083e+01	1.085144e+05	1.082754e+05	5.785889e+04	5.748064e+04	3.048965e+02	3.858774e+01	2021	8	28	12
	2164005	253.125000	17.188000	1.007784e+05	1.698501e+01	1.087541e+05	1.084561e+05	5.806779e+04	5.768054e+04	3.047590e+02	3.578038e+01	2021	8	28	18
	2147384	252.278000	17.469200	1.004122e+05	1.613061e+01	1.085465e+05	1.082115e+05	5.788418e+04	5.739043e+04	3.045752e+02	3.064363e+01	2021	8	29	0
	2114356	252.490000	18.031600	1.005482e+05	1.749661e+01	1.086824e+05	1.084249e+05	5.807935e+04	5.753510e+04	3.044272e+02	4.392457e+01	2021	8	29	6
	2089765	253.708000	18.453400	1.001036e+05	2.350984e+01	1.084521e+05	1.081776e+05	5.792269e+04	5.723119e+04	3.048630e+02	4.133220e+01	2021	8	29	12
	2102032	252.176000	18.242500	1.001138e+05	2.202313e+01	1.087211e+05	1.081931e+05	5.808389e+04	5.717214e+04	3.042200e+02	3.473248e+01	2021	8	29	18
	2049055	251.769000	19.156400	9.977369e+04	2.059437e+01	1.085737e+05	1.080592e+05	5.799186e+04	5.696086e+04	3.047649e+02	3.262946e+01	2021	8	30	0
	2081568	251.294000	18.594000	9.992688e+04	2.214740e+01	1.086924e+05	1.081679e+05	5.809270e+04	5.713545e+04	3.040251e+02	3.700472e+01	2021	8	30	6
	2020795	250.299000	19.648500	9.963525e+04	2.339909e+01	1.084984e+05	1.079389e+05	5.798657e+04	5.682607e+04	3.040737e+02	2.794074e+01	2021	8	30	12
	1992739	249.529000	20.140600	9.964625e+04	2.498418e+01	1.087752e+05	1.081237e+05	5.819819e+04	5.697419e+04	3.035879e+02	2.161544e+01	2021	8	30	18
	1988738	248.606000	20.210900	9.939069e+04	2.574784e+01	1.086456e+05	1.078116e+05	5.800702e+04	5.680702e+04	3.033611e+02	2.061482e+01	2021	8	31	0
	1972801	247.341000	20.492100	9.922231e+04	2.868839e+01	1.087907e+05	1.079147e+05	5.814000e+04	5.671250e+04	3.031548e+02	1.905863e+01	2021	8	31	6
	1952979	246.589000	20.843600	9.885356e+04	2.455488e+01	1.085108e+05	1.076283e+05	5.798025e+04	5.622400e+04	3.028347e+02	8.176339e+00	2021	8	31	12
	1929321	245.346000	21.265400	9.918175e+04	2.461753e+01	1.087569e+05	1.080719e+05	5.818539e+04	5.666439e+04	3.023132e+02	6.627705e+00	2021	8	31	18
	1913626	244.233000	21.546600	9.901744e+04	2.298848e+01	1.086561e+05	1.079946e+05	5.802035e+04	5.655810e+04	3.023418e+02	7.243986e+00	2021	9	1	0
	1921447	243.092000	21.406000	9.924988e+04	2.471201e+01	1.087550e+05	1.082235e+05	5.818455e+04	5.678480e+04	3.024299e+02	1.115601e+01	2021	9	1	6
	1929285	242.047000	21.265400	9.904675e+04	2.280589e+01	1.084386e+05	1.079756e+05	5.795686e+04	5.653711e+04	3.023760e+02	1.115019e+01	2021	9	1	12
	1937141	241.189000	21.124800	9.914994e+04	2.314550e+01	1.085804e+05	1.081459e+05	5.814209e+04	5.658959e+04	3.022146e+02	1.240076e+01	2021	9	1	18
	1945015	240.517000	20.984200	9.866500e+04	2.324130e+01	1.084359e+05	1.077919e+05	5.796834e+04	5.621209e+04	3.020105e+02	1.219645e+01	2021	9	2	0
	1960819	239.909000	20.703000	9.883125e+04	2.261884e+01	1.085455e+05	1.080205e+05	5.810091e+04	5.643741e+04	3.018423e+02	1.119235e+01	2021	9	2	6
	1964775	239.304000	20.632700	9.865825e+04	2.495708e+01	1.083414e+05	1.078729e+05	5.785739e+04	5.628964e+04	3.015190e+02	1.060150e+01	2021	9	2	12
	1952893	238.755000	20.843600	9.883162e+04	2.516032e+01	1.085581e+05	1.081286e+05	5.803358e+04	5.649883e+04	3.015054e+02	1.168441e+01	2021	9	2	18
	1948936	238.176000	20.913900	9.830344e+04	2.899457e+01	1.084102e+05	1.078542e+05	5.787527e+04	5.610627e+04	3.015728e+02	1.192918e+01	2021	9	3	0
	1909646	237.851000	21.616900	9.838631e+04	3.036333e+01	1.084997e+05	1.080657e+05	5.810734e+04	5.633384e+04	3.013232e+02	1.292824e+01	2021	9	3	6
	1874623	237.180000	22.249600	9.818669e+04	2.945917e+01	1.083124e+05	1.077654e+05	5.787578e+04	5.613178e+04	3.010767e+02	1.492466e+01	2021	9	3	12
	1816980	236.852000	23.304000	9.819544e+04	3.029102e+01	1.085264e+05	1.079114e+05	5.809645e+04	5.620920e+04	3.006357e+02	1.428896e+01	2021	9	3	18
	1771508	236.047000	24.147600	9.779444e+04	3.140356e+01	1.083590e+05	1.077210e+05	5.794084e+04	5.599859e+04	3.004841e+02	1.299553e+01	2021	9	4	0
	1726611	235.124000	24.991200	9.824088e+04	2.818733e+01	1.084843e+05	1.079198e+05	5.808329e+04	5.624554e+04	3.001824e+02	1.219872e+01	2021	9	4	6
	1689635	234.157000	25.694200	9.834556e+04	2.698866e+01	1.082838e+05	1.077798e+05	5.789836e+04	5.623111e+04	2.999873e+02	8.697766e+00	2021	9	4	12
	1663988	233.289000	26.186300	9.884412e+04	2.525196e+01	1.083902e+05	1.077077e+05	5.802816e+04	5.653866e+04	2.996848e+02	4.709809e+00	2021	9	4	18
	1634919	232.467000	26.748700	9.892638e+04	2.434228e+01	1.083011e+05	1.076231e+05	5.792253e+04	5.656328e+04	2.994172e+02	5.378601e+00	2021	9	5	0
	1609693	231.672000	27.240800	9.940312e+04	2.354688e+01	1.084411e+05	1.077481e+05	5.807650e+04	5.694475e+04	2.989385e+02	6.009223e+00	2021	9	5	6
	1584662	230.764000	27.732900	9.952988e+04	1.998100e+01	1.082214e+05	1.074974e+05	5.791245e+04	5.697070e+04	2.985850e+02	6.262638e+00	2021	9	5	12
	1552770	229.852000	28.365600	9.989900e+04	1.981860e+01	1.084023e+05	1.076648e+05	5.808194e+04	5.719519e+04	2.982500e+02	3.461326e+00	2021	9	5	18
	1524695	229.175000	28.927900	1.000036e+05	1.743480e+01	1.083397e+05	1.077032e+05	5.801802e+04	5.729302e+04	2.980249e+02	2.757748e+00	2021	9	6	0
	1500337	228.326000	29.420000	1.004091e+05	1.605650e+01	1.085318e+05	1.079418e+05	5.818582e+04	5.754607e+04	2.977949e+02	2.103489e+00	2021	9	6	6
start	43	2021	8	31	18
	1951958	153.583000	20.843600	1.002385e+05	1.062246e+01	1.089169e+05	1.084044e+05	5.791889e+04	5.744564e+04	3.032009e+02	2.258303e+01	2021	8	31	18
	1963829	153.391000	20.632700	1.002302e+05	1.179322e+01	1.089436e+05	1.084981e+05	5.804485e+04	5.754635e+04	3.031592e+02	1.946627e+01	2021	9	1	0
	1975732	152.837000	20.421800	9.995262e+04	1.249022e+01	1.088255e+05	1.082840e+05	5.789055e+04	5.733880e+04	3.032493e+02	1.544228e+01	2021	9	1	6
	2023720	152.087000	19.578200	9.999750e+04	1.307290e+01	1.088556e+05	1.083596e+05	5.795461e+04	5.741561e+04	3.032285e+02	1.706420e+01	2021	9	1	12
	2027736	151.221000	19.507900	9.969169e+04	1.449470e+01	1.086334e+05	1.082819e+05	5.779259e+04	5.717709e+04	3.031921e+02	1.318704e+01	2021	9	1	18
	2039830	150.594000	19.297000	9.980925e+04	1.491894e+01	1.087589e+05	1.083809e+05	5.789084e+04	5.739534e+04	3.032107e+02	1.177085e+01	2021	9	2	0
	2047905	149.496000	19.156400	9.961575e+04	1.536181e+01	1.086920e+05	1.083675e+05	5.777516e+04	5.725816e+04	3.034341e+02	1.148346e+01	2021	9	2	6
	2092660	148.504000	18.383100	9.983200e+04	1.440208e+01	1.088744e+05	1.085464e+05	5.790339e+04	5.743164e+04	3.033394e+02	1.614226e+01	2021	9	2	12
	2142036	147.478000	17.539500	9.962888e+04	1.196659e+01	1.085926e+05	1.082676e+05	5.769083e+04	5.721408e+04	3.032524e+02	1.644045e+01	2021	9	2	18
	2162783	147.375000	17.188000	9.985219e+04	1.208945e+01	1.086678e+05	1.083968e+05	5.783652e+04	5.735152e+04	3.032681e+02	1.825015e+01	2021	9	3	0
	2158626	147.430000	17.258300	9.962806e+04	1.347578e+01	1.085392e+05	1.082852e+05	5.766734e+04	5.718284e+04	3.033594e+02	1.902392e+01	2021	9	3	6
	2137901	147.708000	17.609800	9.991894e+04	1.327338e+01	1.088139e+05	1.084779e+05	5.786828e+04	5.738178e+04	3.032681e+02	1.898878e+01	2021	9	3	12
	2113162	147.957000	18.031600	9.968694e+04	1.444044e+01	1.086564e+05	1.083344e+05	5.770895e+04	5.711445e+04	3.032158e+02	1.699882e+01	2021	9	3	18
	2084483	148.355000	18.523700	9.986444e+04	1.510366e+01	1.088615e+05	1.085465e+05	5.794384e+04	5.725259e+04	3.032175e+02	1.071422e+01	2021	9	4	0
	2039813	149.079000	19.297000	9.971538e+04	1.580286e+01	1.088213e+05	1.084763e+05	5.782904e+04	5.708029e+04	3.035662e+02	1.623509e+01	2021	9	4	6
	1999629	150.210000	20.000000	9.985706e+04	1.526221e+01	1.089868e+05	1.086492e+05	5.803661e+04	5.728336e+04	3.034375e+02	1.701583e+01	2021	9	4	12
	1971739	151.088000	20.492100	9.953188e+04	1.567090e+01	1.087222e+05	1.083737e+05	5.779216e+04	5.707866e+04	3.031799e+02	1.182237e+01	2021	9	4	18
	1940107	152.315000	21.054500	9.957838e+04	1.684477e+01	1.088336e+05	1.084126e+05	5.788628e+04	5.715203e+04	3.032083e+02	1.689598e+01	2021	9	5	0
	1916557	153.800000	21.476300	9.922562e+04	1.599506e+01	1.086456e+05	1.082131e+05	5.765500e+04	5.677250e+04	3.042783e+02	1.893386e+01	2021	9	5	6
	1885371	154.882000	22.038700	9.925438e+04	1.532510e+01	1.087229e+05	1.082249e+05	5.769920e+04	5.678445e+04	3.030010e+02	2.500767e+01	2021	9	5	12
	1869881	156.081000	22.319900	9.888400e+04	1.522232e+01	1.084653e+05	1.080123e+05	5.741419e+04	5.648494e+04	3.027266e+02	2.798255e+01	2021	9	5	18
	1858309	157.313000	22.530800	9.895231e+04	1.618505e+01	1.086147e+05	1.081557e+05	5.756252e+04	5.651627e+04	3.027466e+02	3.106235e+01	2021	9	6	0
	1800936	158.567000	23.585200	9.873256e+04	1.757670e+01	1.085712e+05	1.078942e+05	5.737082e+04	5.631332e+04	3.031260e+02	4.110427e+01	2021	9	6	6
	1733268	159.313000	24.850600	9.878375e+04	1.837245e+01	1.085899e+05	1.080234e+05	5.747396e+04	5.653171e+04	3.023379e+02	3.036544e+01	2021	9	6	12
	1655949	159.132000	26.326900	9.864756e+04	1.805789e+01	1.084519e+05	1.080009e+05	5.730901e+04	5.647351e+04	3.021052e+02	1.619919e+01	2021	9	6	18
	1605374	158.103000	27.311100	9.884856e+04	1.888566e+01	1.085966e+05	1.082606e+05	5.740182e+04	5.670282e+04	3.026035e+02	1.253940e+01	2021	9	7	0
	1569725	156.941000	28.014100	9.879988e+04	1.370301e+01	1.086384e+05	1.082804e+05	5.733310e+04	5.668985e+04	3.036863e+02	9.696212e+00	2021	9	7	6
	1580363	155.804000	27.803200	9.905281e+04	1.192652e+01	1.086986e+05	1.084396e+05	5.746602e+04	5.688702e+04	3.027905e+02	1.078340e+01	2021	9	7	12
	1608935	155.619000	27.240800	9.895181e+04	1.209050e+01	1.085408e+05	1.083192e+05	5.732939e+04	5.678189e+04	3.027417e+02	1.227337e+01	2021	9	7	18
	1626926	155.854000	26.889300	9.913838e+04	1.239678e+01	1.086577e+05	1.084682e+05	5.747904e+04	5.693054e+04	3.027319e+02	1.541809e+01	2021	9	8	0
	1626932	156.452000	26.889300	9.909025e+04	1.426571e+01	1.086306e+05	1.083736e+05	5.747139e+04	5.683189e+04	3.027361e+02	1.645752e+01	2021	9	8	6
	1608946	156.722000	27.240800	9.922006e+04	1.667612e+01	1.086875e+05	1.084580e+05	5.759280e+04	5.691230e+04	3.025923e+02	1.973926e+01	2021	9	8	12
	1562646	156.991000	28.154700	9.905138e+04	1.920505e+01	1.086055e+05	1.083400e+05	5.756345e+04	5.678170e+04	3.023623e+02	2.468858e+01	2021	9	8	18
	1523991	156.598000	28.927900	9.907306e+04	2.019388e+01	1.086791e+05	1.083821e+05	5.766498e+04	5.676298e+04	3.023508e+02	2.229196e+01	2021	9	9	0
	1482369	155.645000	29.771500	9.891756e+04	1.812979e+01	1.085541e+05	1.081631e+05	5.752189e+04	5.659689e+04	3.022292e+02	2.065460e+01	2021	9	9	6
	1496173	155.341000	29.490300	9.892394e+04	1.770229e+01	1.085912e+05	1.081132e+05	5.755102e+04	5.670552e+04	3.022061e+02	2.434238e+01	2021	9	9	12
	1482368	155.540000	29.771500	9.857031e+04	2.152279e+01	1.084549e+05	1.078514e+05	5.743302e+04	5.645827e+04	3.020361e+02	2.132164e+01	2021	9	9	18
	1404224	155.943000	31.388400	9.872125e+04	2.576135e+01	1.085466e+05	1.076246e+05	5.765619e+04	5.644794e+04	3.019241e+02	2.226030e+01	2021	9	10	0
	1354383	154.301000	32.442900	9.842956e+04	2.397168e+01	1.084378e+05	1.068808e+05	5.736397e+04	5.638297e+04	3.017437e+02	2.464878e+01	2021	9	10	6
	1311934	154.889000	33.356800	9.860181e+04	2.380779e+01	1.084975e+05	1.067160e+05	5.752969e+04	5.648994e+04	3.011338e+02	2.352336e+01	2021	9	10	12
	1188630	155.253000	36.098400	9.855962e+04	2.317704e+01	1.084025e+05	1.059270e+05	5.748833e+04	5.590258e+04	3.006309e+02	2.555436e+01	2021	9	10	18
	1068480	155.130000	38.910400	9.843838e+04	2.087853e+01	1.084725e+05	1.052820e+05	5.752922e+04	5.567872e+04	2.987837e+02	1.949034e+01	2021	9	11	0
	971393	156.112000	41.300500	9.836512e+04	2.196120e+01	1.084528e+05	1.050143e+05	5.760875e+04	5.544575e+04	2.978127e+02	1.425532e+01	2021	9	11	6
start	27	2021	9	7	18
	1861419	87.575100	22.460500	1.000361e+05	1.099156e+01	1.087512e+05	1.085248e+05	5.776564e+04	5.735114e+04	3.048442e+02	1.912035e+01	2021	9	7	18
	1908004	86.591600	21.616900	9.990512e+04	1.012206e+01	1.086247e+05	1.084302e+05	5.765029e+04	5.721554e+04	3.047349e+02	1.696970e+01	2021	9	8	0
	1876887	87.585100	22.179300	9.997050e+04	9.066698e+00	1.088401e+05	1.085041e+05	5.775914e+04	5.735264e+04	3.047117e+02	1.791192e+01	2021	9	8	6
	1911925	87.699400	21.546600	9.967406e+04	1.165905e+01	1.087190e+05	1.085175e+05	5.763055e+04	5.718855e+04	3.046929e+02	1.422828e+01	2021	9	8	12
	1915844	88.253300	21.476300	9.980362e+04	1.208463e+01	1.087015e+05	1.084980e+05	5.767245e+04	5.725545e+04	3.045742e+02	2.312249e+01	2021	9	8	18
	1923684	88.440400	21.335700	9.957531e+04	1.420745e+01	1.085376e+05	1.082891e+05	5.752698e+04	5.696298e+04	3.044797e+02	2.041512e+01	2021	9	9	0
	1915848	88.621000	21.476300	9.962206e+04	1.358335e+01	1.087521e+05	1.084826e+05	5.764914e+04	5.713289e+04	3.043728e+02	1.854693e+01	2021	9	9	6
	1904119	88.432400	21.687200	9.933069e+04	1.320511e+01	1.086342e+05	1.083437e+05	5.750527e+04	5.692977e+04	3.043389e+02	1.608613e+01	2021	9	9	12
	1923675	87.614700	21.335700	9.942806e+04	1.487974e+01	1.086609e+05	1.084119e+05	5.763327e+04	5.698652e+04	3.042715e+02	2.060193e+01	2021	9	9	18
	1911927	87.883400	21.546600	9.915300e+04	1.611898e+01	1.085891e+05	1.082596e+05	5.755919e+04	5.682869e+04	3.041868e+02	1.642653e+01	2021	9	10	0
	1876887	87.585100	22.179300	9.941606e+04	1.386705e+01	1.088798e+05	1.084693e+05	5.776897e+04	5.705472e+04	3.042407e+02	1.788269e+01	2021	9	10	6
	1873005	86.745900	22.249600	9.929506e+04	1.451388e+01	1.088320e+05	1.084250e+05	5.763769e+04	5.696344e+04	3.042100e+02	1.517167e+01	2021	9	10	12
	1880753	86.567000	22.109000	9.967362e+04	1.409781e+01	1.088490e+05	1.084360e+05	5.785408e+04	5.709283e+04	3.041064e+02	1.629677e+01	2021	9	10	18
	1861391	84.963700	22.460500	9.957412e+04	9.015300e+00	1.087845e+05	1.082385e+05	5.772422e+04	5.696272e+04	-9.000000e+33	1.377942e+01	2021	9	11	0
	1792569	84.107700	23.725800	9.986612e+04	1.035729e+01	1.090708e+05	1.087003e+05	5.803225e+04	5.723000e+04	-9.000000e+33	1.710172e+01	2021	9	11	6
	1769917	83.878900	24.147600	9.968869e+04	8.069233e+00	1.090526e+05	1.086391e+05	5.788947e+04	5.720322e+04	-9.000000e+33	1.608740e+01	2021	9	11	12
	1754880	82.219900	24.428800	9.973612e+04	1.111639e+01	1.090425e+05	1.087420e+05	5.801358e+04	5.726608e+04	-9.000000e+33	1.730176e+01	2021	9	11	18
	1743650	81.520300	24.639700	9.962294e+04	1.009682e+01	1.088899e+05	1.084749e+05	5.793212e+04	5.710112e+04	-9.000000e+33	1.355308e+01	2021	9	12	0
	1713895	81.155500	25.202100	9.988762e+04	1.031478e+01	1.091519e+05	1.088224e+05	5.811607e+04	5.745032e+04	-9.000000e+33	1.739028e+01	2021	9	12	6
	1677058	80.371200	25.905100	9.924825e+04	1.605138e+01	1.091510e+05	1.086240e+05	5.796641e+04	5.706191e+04	-9.000000e+33	1.536805e+01	2021	9	12	12
	1695423	80.423500	25.553600	9.970212e+04	1.130039e+01	1.091023e+05	1.086053e+05	5.807767e+04	5.741767e+04	-9.000000e+33	1.302064e+01	2021	9	12	18
	1673399	80.557400	25.975400	9.974475e+04	9.733383e+00	1.089435e+05	1.083600e+05	5.790141e+04	5.728891e+04	-9.000000e+33	9.121619e+00	2021	9	13	0
	1655146	79.714300	26.326900	1.000507e+05	9.469817e+00	1.091196e+05	1.084871e+05	5.806594e+04	5.753544e+04	-9.000000e+33	1.048989e+01	2021	9	13	6
	1651506	79.405900	26.397200	9.980562e+04	1.018293e+01	1.089951e+05	1.083526e+05	5.786280e+04	5.739780e+04	-9.000000e+33	8.676581e+00	2021	9	13	12
	1673393	79.967200	25.975400	1.001535e+05	8.353255e+00	1.090394e+05	1.084309e+05	5.797238e+04	5.757012e+04	-9.000000e+33	1.041178e+01	2021	9	13	18
	1647878	79.889900	26.467500	9.999706e+04	7.584975e+00	1.087706e+05	1.080701e+05	5.780643e+04	5.734693e+04	-9.000000e+33	8.722839e+00	2021	9	14	0
	1640621	79.569500	26.608100	1.001819e+05	9.527172e+00	1.089732e+05	1.081438e+05	5.792059e+04	5.741384e+04	-9.000000e+33	5.968451e+00	2021	9	14	6
start	49	2021	9	15	0
	2183817	163.378000	16.836600	1.003138e+05	1.162730e+01	1.087146e+05	1.084911e+05	5.791892e+04	5.747917e+04	3.044983e+02	1.249531e+01	2021	9	15	0
	2200552	161.983000	16.555400	1.001230e+05	1.007725e+01	1.085394e+05	1.083979e+05	5.776786e+04	5.730511e+04	3.047454e+02	1.549455e+01	2021	9	15	6
	2217367	161.966000	16.274200	1.002294e+05	9.776769e+00	1.086608e+05	1.085018e+05	5.784272e+04	5.740947e+04	3.041479e+02	1.874429e+01	2021	9	15	12
	2179613	161.121000	16.906900	1.000006e+05	1.069634e+01	1.085231e+05	1.083201e+05	5.767500e+04	5.723750e+04	3.040830e+02	1.904492e+01	2021	9	15	18
	2175432	160.499000	16.977200	1.000896e+05	1.095860e+01	1.086914e+05	1.084989e+05	5.782468e+04	5.732193e+04	3.043916e+02	1.290512e+01	2021	9	16	0
	2142179	159.913000	17.539500	9.988550e+04	1.227446e+01	1.085864e+05	1.084114e+05	5.773230e+04	5.718405e+04	3.048394e+02	1.699953e+01	2021	9	16	6
	2096875	159.170000	18.312800	1.001114e+05	1.287854e+01	1.087768e+05	1.085488e+05	5.793477e+04	5.737327e+04	3.040579e+02	2.347679e+01	2021	9	16	12
	2039916	158.257000	19.297000	9.989600e+04	1.284696e+01	1.086816e+05	1.084341e+05	5.777523e+04	5.714998e+04	3.034016e+02	1.738311e+01	2021	9	16	18
	1995721	158.288000	20.070300	1.000724e+05	1.317286e+01	1.089303e+05	1.087198e+05	5.795466e+04	5.736816e+04	3.033701e+02	1.786308e+01	2021	9	17	0
	1983747	157.861000	20.281200	9.992494e+04	1.353767e+01	1.088285e+05	1.086120e+05	5.784453e+04	5.723478e+04	3.035496e+02	1.764035e+01	2021	9	17	6
	1955950	157.068000	20.773300	1.001158e+05	1.468277e+01	1.090884e+05	1.088174e+05	5.805885e+04	5.743035e+04	3.032397e+02	1.715329e+01	2021	9	17	12
	1940153	156.518000	21.054500	9.999319e+04	1.430504e+01	1.089521e+05	1.086496e+05	5.799144e+04	5.729869e+04	3.030854e+02	1.378737e+01	2021	9	17	18
	1932274	155.829000	21.195100	1.001614e+05	1.514143e+01	1.091221e+05	1.088511e+05	5.818017e+04	5.751017e+04	3.032527e+02	1.549418e+01	2021	9	18	0
	1928333	154.796000	21.265400	9.992662e+04	1.533308e+01	1.089603e+05	1.086688e+05	5.807232e+04	5.732607e+04	3.035618e+02	1.606168e+01	2021	9	18	6
	1932254	153.998000	21.195100	1.000394e+05	1.646927e+01	1.091268e+05	1.087738e+05	5.824405e+04	5.739605e+04	3.032700e+02	1.982227e+01	2021	9	18	12
	1944053	152.708000	20.984200	9.970738e+04	1.719812e+01	1.089437e+05	1.085867e+05	5.804815e+04	5.715740e+04	3.034319e+02	1.593428e+01	2021	9	18	18
	1904809	152.059000	21.687200	9.979012e+04	1.782121e+01	1.090686e+05	1.086396e+05	5.817072e+04	5.719722e+04	3.034360e+02	1.856426e+01	2021	9	19	0
	1932218	150.702000	21.195100	9.938194e+04	1.728416e+01	1.089034e+05	1.084589e+05	5.798438e+04	5.682738e+04	3.036155e+02	1.914267e+01	2021	9	19	6
	1932209	149.878000	21.195100	9.932769e+04	1.712922e+01	1.090129e+05	1.085249e+05	5.805325e+04	5.688750e+04	3.035557e+02	2.115850e+01	2021	9	19	12
	1924345	149.083000	21.335700	9.897731e+04	1.810224e+01	1.088204e+05	1.083614e+05	5.784079e+04	5.668554e+04	3.034832e+02	2.101375e+01	2021	9	19	18
	1893073	148.088000	21.898100	9.900788e+04	2.092846e+01	1.089426e+05	1.084551e+05	5.797679e+04	5.673779e+04	3.034456e+02	1.855892e+01	2021	9	20	0
	1862056	146.984000	22.460500	9.865488e+04	2.104930e+01	1.088424e+05	1.081634e+05	5.783896e+04	5.642196e+04	3.035129e+02	2.142863e+01	2021	9	20	6
	1838960	146.027000	22.882200	9.861425e+04	2.349184e+01	1.090120e+05	1.082760e+05	5.802648e+04	5.637923e+04	3.034617e+02	2.514598e+01	2021	9	20	12
	1808396	145.363000	23.444600	9.823819e+04	2.251432e+01	1.088791e+05	1.080296e+05	5.793760e+04	5.608060e+04	3.033738e+02	2.164518e+01	2021	9	20	18
	1785639	144.667000	23.866400	9.822038e+04	2.318959e+01	1.089272e+05	1.081018e+05	5.806359e+04	5.618884e+04	3.032705e+02	2.110599e+01	2021	9	21	0
	1755524	144.077000	24.428800	9.788194e+04	2.413482e+01	1.088402e+05	1.079682e+05	5.796315e+04	5.594190e+04	3.031487e+02	1.914204e+01	2021	9	21	6
	1729384	143.613000	24.920900	9.785975e+04	2.736217e+01	1.089802e+05	1.080998e+05	5.805444e+04	5.595944e+04	3.029885e+02	2.072150e+01	2021	9	21	12
	1707136	143.377000	25.342700	9.778012e+04	2.626060e+01	1.088362e+05	1.079467e+05	5.783802e+04	5.590252e+04	3.027803e+02	2.041068e+01	2021	9	21	18
	1652152	143.366000	26.397200	9.777050e+04	3.024128e+01	1.089762e+05	1.080792e+05	5.798669e+04	5.595519e+04	3.020786e+02	2.001745e+01	2021	9	22	0
	1634030	143.960000	26.748700	9.725119e+04	3.201460e+01	1.088007e+05	1.077882e+05	5.780793e+04	5.565168e+04	3.015916e+02	2.232276e+01	2021	9	22	6
	1594508	144.726000	27.522000	9.715056e+04	3.187177e+01	1.088724e+05	1.077624e+05	5.791045e+04	5.563795e+04	3.017283e+02	2.380587e+01	2021	9	22	12
	1562536	145.792000	28.154700	9.696100e+04	3.413540e+01	1.086046e+05	1.072396e+05	5.764716e+04	5.561016e+04	3.017681e+02	2.752696e+01	2021	9	22	18
	1523900	147.216000	28.927900	9.721756e+04	3.098760e+01	1.086349e+05	1.068779e+05	5.769572e+04	5.581297e+04	3.016560e+02	3.544530e+01	2021	9	23	0
	1431098	148.723000	30.826000	9.691106e+04	2.884166e+01	1.082313e+05	1.059348e+05	5.730861e+04	5.538661e+04	3.013704e+02	4.242558e+01	2021	9	23	6
	1354345	150.146000	32.442900	9.640825e+04	4.261464e+01	1.079884e+05	1.053439e+05	5.714907e+04	5.492257e+04	3.005874e+02	4.196398e+01	2021	9	23	12
	1247915	152.089000	34.762700	9.566644e+04	5.399995e+01	1.073970e+05	1.041400e+05	5.665113e+04	5.402363e+04	2.995737e+02	3.234553e+01	2021	9	23	18
	1148866	153.641000	37.012300	9.544538e+04	4.231906e+01	1.070656e+05	1.029026e+05	5.640598e+04	5.362873e+04	2.985635e+02	2.339491e+01	2021	9	24	0
	1019348	154.286000	40.105400	9.481912e+04	3.263377e+01	1.062771e+05	1.016766e+05	5.571355e+04	5.269005e+04	2.973882e+02	2.656386e+01	2021	9	24	6
	905624	154.056000	42.987700	9.393044e+04	2.966857e+01	1.054745e+05	1.010340e+05	5.506015e+04	5.166115e+04	2.950552e+02	3.249129e+01	2021	9	24	12
	849970	152.669000	44.464000	9.307850e+04	2.979018e+01	1.042453e+05	1.005738e+05	5.396749e+04	5.052299e+04	2.936074e+02	2.635778e+01	2021	9	24	18
	836981	152.597000	44.815500	9.307981e+04	2.736209e+01	1.032346e+05	1.006061e+05	5.396239e+04	5.016064e+04	2.923406e+02	1.569718e+01	2021	9	25	0
	788537	152.627000	46.151100	9.348688e+04	2.482751e+01	1.023095e+05	1.002935e+05	5.382916e+04	5.014491e+04	2.863801e+02	1.359858e+01	2021	9	25	6
	768564	151.548000	46.713500	9.421731e+04	2.092455e+01	1.014494e+05	1.002174e+05	5.353624e+04	5.032174e+04	2.855430e+02	1.166539e+01	2021	9	25	12
	773533	151.785000	46.572900	9.484244e+04	2.072803e+01	1.014253e+05	1.000988e+05	5.339811e+04	5.050211e+04	2.852588e+02	8.374858e+00	2021	9	25	18
	768574	153.000000	46.713500	9.557738e+04	1.977881e+01	1.016776e+05	1.002586e+05	5.369375e+04	5.089225e+04	2.849858e+02	6.351244e+00	2021	9	26	0
	758695	154.140000	46.994700	9.606850e+04	1.840036e+01	1.018043e+05	1.003678e+05	5.385822e+04	5.115872e+04	2.849448e+02	5.312300e+00	2021	9	26	6
	763639	155.388000	46.854100	9.665331e+04	1.905043e+01	1.019136e+05	1.004401e+05	5.418536e+04	5.151636e+04	2.854116e+02	6.109440e+00	2021	9	26	12
	781053	157.392000	46.362000	9.714888e+04	2.227967e+01	1.023610e+05	1.003770e+05	5.454914e+04	5.182789e+04	2.884131e+02	4.865707e+00	2021	9	26	18
	803735	160.552000	45.729300	9.769888e+04	2.179288e+01	1.034314e+05	1.004554e+05	5.485176e+04	5.223426e+04	2.905974e+02	3.245814e+00	2021	9	27	0
start	40	2021	9	19	18
	2465061	253.054000	12.267100	1.008831e+05	1.068628e+01	1.088639e+05	1.086974e+05	5.819779e+04	5.784004e+04	3.039294e+02	2.396430e+01	2021	9	19	18
	2442908	253.140000	12.618600	1.005636e+05	9.748013e+00	1.086906e+05	1.085151e+05	5.799454e+04	5.755954e+04	3.039006e+02	2.206987e+01	2021	9	20	0
	2438482	252.554000	12.688900	1.007479e+05	1.025349e+01	1.088594e+05	1.087044e+05	5.817321e+04	5.777871e+04	3.039485e+02	2.817087e+01	2021	9	20	6
	2398892	252.493000	13.321600	1.004650e+05	1.171091e+01	1.086665e+05	1.084765e+05	5.796273e+04	5.749148e+04	3.039226e+02	3.163849e+01	2021	9	20	12
	2403262	251.442000	13.251300	1.005959e+05	1.459862e+01	1.088491e+05	1.086896e+05	5.808735e+04	5.763985e+04	3.042458e+02	2.770104e+01	2021	9	20	18
	2381383	251.027000	13.602800	1.002049e+05	1.445867e+01	1.086502e+05	1.084542e+05	5.791059e+04	5.730784e+04	3.042090e+02	2.518178e+01	2021	9	21	0
	2316353	250.344000	14.657300	1.002922e+05	1.597053e+01	1.088527e+05	1.085657e+05	5.806940e+04	5.743240e+04	3.041379e+02	2.810083e+01	2021	9	21	6
	2329279	249.815000	14.446400	9.993550e+04	1.737817e+01	1.085888e+05	1.082622e+05	5.783769e+04	5.717369e+04	3.040647e+02	3.444820e+01	2021	9	21	12
	2286307	249.457000	15.149400	1.001121e+05	1.702827e+01	1.087847e+05	1.085097e+05	5.804252e+04	5.738952e+04	3.042246e+02	3.681501e+01	2021	9	21	18
	2294862	248.908000	15.008800	9.977125e+04	1.682818e+01	1.086537e+05	1.083422e+05	5.780894e+04	5.717669e+04	3.041821e+02	3.609169e+01	2021	9	22	0
	2277750	248.491000	15.290000	9.997819e+04	1.784936e+01	1.088337e+05	1.085032e+05	5.797868e+04	5.740493e+04	3.039998e+02	3.875482e+01	2021	9	22	6
	2277747	248.238000	15.290000	9.966331e+04	1.952225e+01	1.086119e+05	1.082629e+05	5.779020e+04	5.706820e+04	3.038894e+02	4.229736e+01	2021	9	22	12
	2260693	247.310000	15.571200	9.969175e+04	2.086477e+01	1.087621e+05	1.083091e+05	5.797641e+04	5.713666e+04	3.038032e+02	4.130379e+01	2021	9	22	18
	2193160	247.221000	16.696000	9.931631e+04	2.106549e+01	1.086149e+05	1.080679e+05	5.781097e+04	5.675947e+04	3.034949e+02	3.821138e+01	2021	9	23	0
	2218358	246.667000	16.274200	9.933806e+04	2.165876e+01	1.088303e+05	1.082358e+05	5.793011e+04	5.684861e+04	3.035442e+02	3.918951e+01	2021	9	23	6
	2193149	246.275000	16.696000	9.882250e+04	2.259019e+01	1.085664e+05	1.079114e+05	5.770782e+04	5.637707e+04	3.035034e+02	3.757565e+01	2021	9	23	12
	2159767	246.266000	17.258300	9.878294e+04	2.331714e+01	1.087610e+05	1.079475e+05	5.788988e+04	5.630888e+04	3.033813e+02	4.077082e+01	2021	9	23	18
	2130771	246.541000	17.750400	9.828338e+04	2.414108e+01	1.085891e+05	1.076491e+05	5.763248e+04	5.591748e+04	3.029980e+02	3.896542e+01	2021	9	24	0
	2101968	246.556000	18.242500	9.832112e+04	2.444938e+01	1.087361e+05	1.078111e+05	5.785980e+04	5.590855e+04	3.027622e+02	4.023616e+01	2021	9	24	6
	2065226	246.791000	18.875200	9.778669e+04	2.741508e+01	1.084845e+05	1.074915e+05	5.759290e+04	5.557140e+04	3.027241e+02	3.776610e+01	2021	9	24	12
	2032839	247.054000	19.437600	9.791350e+04	2.713981e+01	1.086718e+05	1.075638e+05	5.782499e+04	5.572174e+04	3.027500e+02	3.682525e+01	2021	9	24	18
	2008719	247.455000	19.859400	9.747831e+04	3.054273e+01	1.085006e+05	1.073521e+05	5.760239e+04	5.535514e+04	3.027000e+02	3.519665e+01	2021	9	25	0
	1976780	247.726000	20.421800	9.749388e+04	2.929109e+01	1.086800e+05	1.074235e+05	5.777766e+04	5.546541e+04	3.028450e+02	3.490956e+01	2021	9	25	6
	1968837	247.954000	20.562400	9.704731e+04	3.561079e+01	1.084614e+05	1.072014e+05	5.760774e+04	5.517724e+04	3.029580e+02	3.477035e+01	2021	9	25	12
	1941154	247.980000	21.054500	9.701094e+04	3.285940e+01	1.086578e+05	1.074423e+05	5.777861e+04	5.536411e+04	3.029053e+02	3.583995e+01	2021	9	25	18
	1909759	248.260000	21.616900	9.667588e+04	3.386470e+01	1.084691e+05	1.072801e+05	5.755300e+04	5.511825e+04	3.033970e+02	3.599340e+01	2021	9	26	0
	1890267	248.426000	21.968400	9.671950e+04	3.572157e+01	1.086558e+05	1.073608e+05	5.776872e+04	5.518972e+04	3.033765e+02	3.538557e+01	2021	9	26	6
	1867012	248.944000	22.390200	9.673456e+04	3.896743e+01	1.084321e+05	1.072451e+05	5.757361e+04	5.519586e+04	3.032729e+02	3.562832e+01	2021	9	26	12
	1828565	249.006000	23.093100	9.690588e+04	3.823376e+01	1.085755e+05	1.074425e+05	5.777889e+04	5.544039e+04	3.033301e+02	3.644832e+01	2021	9	26	18
	1798096	249.114000	23.655500	9.674838e+04	3.340361e+01	1.083679e+05	1.072739e+05	5.755026e+04	5.527701e+04	3.038679e+02	3.785912e+01	2021	9	27	0
	1767885	249.415000	24.217900	9.718569e+04	2.776235e+01	1.084550e+05	1.073545e+05	5.767233e+04	5.554508e+04	3.049294e+02	3.945481e+01	2021	9	27	6
	1719337	249.806000	25.131800	9.740619e+04	3.034111e+01	1.081075e+05	1.070305e+05	5.749586e+04	5.547761e+04	3.053845e+02	3.937033e+01	2021	9	27	12
	1642332	249.536000	26.608100	9.714044e+04	3.567850e+01	1.081996e+05	1.071291e+05	5.766388e+04	5.569288e+04	3.053108e+02	3.310608e+01	2021	9	27	18
	1577731	249.223000	27.873500	9.753081e+04	2.857367e+01	1.078658e+05	1.069413e+05	5.752873e+04	5.547348e+04	3.059839e+02	2.023984e+01	2021	9	28	0
	1521388	248.119000	28.998200	9.881175e+04	2.165146e+01	1.076869e+05	1.069774e+05	5.774642e+04	5.581667e+04	3.055999e+02	1.365361e+01	2021	9	28	6
	1493590	246.458000	29.560600	9.900169e+04	2.195869e+01	1.073269e+05	1.068509e+05	5.766102e+04	5.602952e+04	3.053550e+02	9.452798e+00	2021	9	28	12
	1545880	245.324000	28.506200	9.955388e+04	1.789628e+01	1.077358e+05	1.070462e+05	5.773622e+04	5.648822e+04	3.048645e+02	7.602412e+00	2021	9	28	18
	1559984	245.844000	28.225000	9.952775e+04	1.805234e+01	1.076676e+05	1.070226e+05	5.754166e+04	5.656566e+04	3.048267e+02	6.242523e+00	2021	9	29	0
	1531848	245.623000	28.787300	1.001241e+05	1.641288e+01	1.078105e+05	1.071480e+05	5.764271e+04	5.694171e+04	3.047124e+02	5.306142e+00	2021	9	29	6
	1510906	244.626000	29.209100	1.002858e+05	1.441952e+01	1.077004e+05	1.070834e+05	5.754768e+04	5.697143e+04	3.051995e+02	4.688843e+00	2021	9	29	12
start	36	2021	9	27	12
	2410846	153.607000	13.110700	1.004067e+05	1.360316e+01	1.088555e+05	1.085415e+05	5.807911e+04	5.753261e+04	3.035603e+02	2.536400e+01	2021	9	27	12
	2393253	148.821000	13.391900	1.001669e+05	1.411788e+01	1.086501e+05	1.083191e+05	5.791912e+04	5.724638e+04	3.038430e+02	2.199867e+01	2021	9	27	18
	2367059	147.822000	13.813700	1.002663e+05	1.526832e+01	1.088878e+05	1.085083e+05	5.814423e+04	5.745173e+04	3.038794e+02	1.851805e+01	2021	9	28	0
	2336675	146.115000	14.305800	9.993475e+04	1.616111e+01	1.087549e+05	1.083939e+05	5.800017e+04	5.714142e+04	3.037903e+02	2.514236e+01	2021	9	28	6
	2397568	143.671000	13.321600	1.000404e+05	1.776542e+01	1.089379e+05	1.086214e+05	5.807952e+04	5.726102e+04	3.036704e+02	3.109636e+01	2021	9	28	12
	2336629	142.285000	14.305800	9.968838e+04	1.921184e+01	1.087892e+05	1.083388e+05	5.797947e+04	5.701872e+04	3.036467e+02	3.120720e+01	2021	9	28	18
	2332284	140.333000	14.376100	9.978575e+04	1.982947e+01	1.090181e+05	1.083776e+05	5.813991e+04	5.708366e+04	3.036489e+02	2.808935e+01	2021	9	29	0
	2310721	139.060000	14.727600	9.937356e+04	1.964725e+01	1.088065e+05	1.081480e+05	5.792396e+04	5.675846e+04	3.035854e+02	3.240553e+01	2021	9	29	6
	2276437	137.741000	15.290000	9.938000e+04	1.957464e+01	1.090319e+05	1.084244e+05	5.811143e+04	5.687668e+04	3.034993e+02	3.488332e+01	2021	9	29	12
	2272153	136.182000	15.360300	9.892188e+04	2.025060e+01	1.088016e+05	1.081511e+05	5.790982e+04	5.653432e+04	3.037864e+02	3.302647e+01	2021	9	29	18
	2272139	135.000000	15.360300	9.895194e+04	2.029546e+01	1.089164e+05	1.082859e+05	5.806171e+04	5.660296e+04	3.038542e+02	3.967697e+01	2021	9	30	0
	2267870	134.366000	15.430600	9.841281e+04	2.082655e+01	1.087682e+05	1.079602e+05	5.779207e+04	5.617457e+04	3.037668e+02	3.749717e+01	2021	9	30	6
	2263607	133.900000	15.500900	9.838962e+04	2.189981e+01	1.088829e+05	1.080674e+05	5.795252e+04	5.623352e+04	3.037434e+02	4.098233e+01	2021	9	30	12
	2259350	133.603000	15.571200	9.784800e+04	2.169964e+01	1.086551e+05	1.076826e+05	5.773181e+04	5.582606e+04	3.036575e+02	4.925224e+01	2021	9	30	18
	2255100	133.559000	15.641500	9.769412e+04	2.366112e+01	1.087870e+05	1.076725e+05	5.791718e+04	5.569668e+04	3.035203e+02	4.870208e+01	2021	10	1	0
	2229688	133.636000	16.063300	9.709662e+04	2.471845e+01	1.085631e+05	1.073011e+05	5.767813e+04	5.520013e+04	3.033376e+02	4.628529e+01	2021	10	1	6
	2217036	133.675000	16.274200	9.694881e+04	2.635971e+01	1.087334e+05	1.073809e+05	5.789084e+04	5.519659e+04	3.031416e+02	4.887620e+01	2021	10	1	12
	2187655	133.795000	16.766300	9.680000e+04	2.621031e+01	1.085661e+05	1.072576e+05	5.768668e+04	5.511443e+04	3.028621e+02	4.689391e+01	2021	10	1	18
	2154320	134.220000	17.328600	9.696962e+04	2.746625e+01	1.088219e+05	1.075109e+05	5.789266e+04	5.530516e+04	3.028618e+02	4.727855e+01	2021	10	2	0
	2108902	134.781000	18.101900	9.672962e+04	2.914651e+01	1.086774e+05	1.073874e+05	5.770552e+04	5.512352e+04	3.031946e+02	4.343891e+01	2021	10	2	6
	2039663	135.713000	19.297000	9.684338e+04	2.986896e+01	1.088835e+05	1.076385e+05	5.797572e+04	5.531272e+04	3.031228e+02	4.567002e+01	2021	10	2	12
	1951773	136.731000	20.843600	9.652819e+04	3.186869e+01	1.086618e+05	1.073402e+05	5.780472e+04	5.504222e+04	3.029705e+02	4.687586e+01	2021	10	2	18
	1854245	137.664000	22.601100	9.642900e+04	3.303552e+01	1.088274e+05	1.072094e+05	5.790817e+04	5.497467e+04	3.026824e+02	4.432975e+01	2021	10	3	0
	1718191	138.544000	25.131800	9.578350e+04	4.620667e+01	1.085742e+05	1.067737e+05	5.758697e+04	5.442322e+04	3.022610e+02	4.907564e+01	2021	10	3	6
	1608767	138.763000	27.240800	9.536162e+04	4.347594e+01	1.085039e+05	1.066519e+05	5.756729e+04	5.420329e+04	3.016504e+02	4.530822e+01	2021	10	3	12
	1492561	139.271000	29.560600	9.530981e+04	3.959796e+01	1.083222e+05	1.057622e+05	5.714111e+04	5.409586e+04	3.002703e+02	5.369612e+01	2021	10	3	18
	1387366	139.808000	31.739900	9.544069e+04	4.989095e+01	1.083232e+05	1.054947e+05	5.713184e+04	5.414209e+04	2.993552e+02	4.091208e+01	2021	10	4	0
	1286018	140.723000	33.919200	9.569394e+04	4.393500e+01	1.081322e+05	1.047152e+05	5.696369e+04	5.405744e+04	2.990696e+02	2.965013e+01	2021	10	4	6
	1179275	140.977000	36.309300	9.613131e+04	3.706726e+01	1.078976e+05	1.042951e+05	5.680854e+04	5.404254e+04	2.987778e+02	2.610457e+01	2021	10	4	12
	1077153	140.886000	38.699500	9.674525e+04	2.670429e+01	1.072094e+05	1.037689e+05	5.634527e+04	5.362752e+04	2.961653e+02	2.518845e+01	2021	10	4	18
	1024945	138.897000	39.964800	9.708606e+04	2.409380e+01	1.060110e+05	1.036485e+05	5.533407e+04	5.320582e+04	2.961255e+02	2.155506e+01	2021	10	5	0
	1010678	138.987000	40.316300	9.709388e+04	2.296644e+01	1.052086e+05	1.032666e+05	5.513771e+04	5.304946e+04	2.958369e+02	1.741109e+01	2021	10	5	6
	990880	140.114000	40.808400	9.755744e+04	1.905400e+01	1.046673e+05	1.030203e+05	5.522957e+04	5.340232e+04	2.952058e+02	1.129319e+01	2021	10	5	12
	951870	142.174000	41.792600	9.796812e+04	1.926774e+01	1.049003e+05	1.026643e+05	5.556571e+04	5.370346e+04	2.946011e+02	6.332040e+00	2021	10	5	18
	910942	144.267000	42.847100	9.847319e+04	1.767046e+01	1.050992e+05	1.025192e+05	5.575412e+04	5.395812e+04	2.923193e+02	4.667376e+00	2021	10	6	0
	852535	146.508000	44.393700	9.859706e+04	1.611616e+01	1.045284e+05	1.023874e+05	5.545973e+04	5.395348e+04	2.899651e+02	4.254180e+00	2021	10	6	6
start	11	2021	9	30	18
	2072262	149.411000	18.734600	1.004285e+05	1.362717e+01	1.088356e+05	1.086516e+05	5.810931e+04	5.772231e+04	3.035598e+02	1.812524e+01	2021	9	30	18
	2055992	148.047000	19.015800	1.006199e+05	1.361753e+01	1.090410e+05	1.088070e+05	5.823668e+04	5.781693e+04	3.036453e+02	1.539657e+01	2021	10	1	0
	2011616	147.517000	19.789100	1.003481e+05	1.314446e+01	1.089341e+05	1.086841e+05	5.810013e+04	5.752188e+04	3.041521e+02	1.885181e+01	2021	10	1	6
	1951895	147.844000	20.843600	1.005063e+05	1.364755e+01	1.091004e+05	1.088029e+05	5.826409e+04	5.761959e+04	3.035293e+02	2.578524e+01	2021	10	1	12
	1940050	147.107000	21.054500	1.003025e+05	1.437607e+01	1.089781e+05	1.085851e+05	5.806143e+04	5.747118e+04	3.034929e+02	1.847149e+01	2021	10	1	18
	1858197	146.857000	22.530800	1.004439e+05	1.660746e+01	1.091484e+05	1.086864e+05	5.827416e+04	5.768916e+04	3.032905e+02	1.979716e+01	2021	10	2	0
	1781882	146.631000	23.936700	1.002114e+05	1.613566e+01	1.090799e+05	1.085209e+05	5.816627e+04	5.745827e+04	3.033118e+02	2.562537e+01	2021	10	2	6
	1681392	146.041000	25.834800	1.002966e+05	1.809951e+01	1.092095e+05	1.083255e+05	5.825322e+04	5.757097e+04	3.021541e+02	3.292377e+01	2021	10	2	12
	1587386	146.061000	27.662600	9.995569e+04	2.087792e+01	1.089942e+05	1.079182e+05	5.807547e+04	5.724522e+04	3.014480e+02	3.524648e+01	2021	10	2	18
	1489172	146.002000	29.630900	9.981850e+04	2.230334e+01	1.091119e+05	1.076279e+05	5.816492e+04	5.717317e+04	3.004802e+02	3.958298e+01	2021	10	3	0
	1370819	146.413000	32.091400	9.959250e+04	2.389262e+01	1.089602e+05	1.071662e+05	5.800197e+04	5.674447e+04	2.997825e+02	3.942627e+01	2021	10	3	6
start	29	2021	10	5	12
	2630978	164.307000	9.666080	1.005579e+05	1.298201e+01	1.090643e+05	1.087633e+05	5.813732e+04	5.759357e+04	3.042849e+02	4.391645e+01	2021	10	5	12
	2544519	163.324000	11.001800	1.003291e+05	1.333752e+01	1.089298e+05	1.086058e+05	5.815296e+04	5.743796e+04	3.041431e+02	3.717704e+01	2021	10	5	18
	2495118	162.274000	11.775000	1.004137e+05	1.510934e+01	1.091658e+05	1.087938e+05	5.827162e+04	5.757062e+04	3.039219e+02	3.409256e+01	2021	10	6	0
	2455052	160.830000	12.407700	1.002006e+05	1.562577e+01	1.091084e+05	1.086899e+05	5.821898e+04	5.744123e+04	3.037063e+02	3.633366e+01	2021	10	6	6
	2402130	158.485000	13.251300	1.002841e+05	1.684215e+01	1.092396e+05	1.088761e+05	5.830585e+04	5.761410e+04	3.034529e+02	4.367913e+01	2021	10	6	12
	2367164	156.507000	13.813700	9.997406e+04	1.732254e+01	1.090661e+05	1.086476e+05	5.806480e+04	5.735355e+04	3.033586e+02	4.019784e+01	2021	10	6	18
	2306622	155.698000	14.797900	1.000123e+05	1.780693e+01	1.092192e+05	1.088287e+05	5.818656e+04	5.743706e+04	3.034270e+02	3.896055e+01	2021	10	7	0
	2276630	154.021000	15.290000	9.964150e+04	1.786026e+01	1.090514e+05	1.085799e+05	5.798582e+04	5.722082e+04	3.033855e+02	3.533346e+01	2021	10	7	6
	2255316	151.864000	15.641500	9.975812e+04	1.947063e+01	1.091434e+05	1.086609e+05	5.804893e+04	5.732118e+04	3.033223e+02	3.817731e+01	2021	10	7	12
	2204615	150.429000	16.485100	9.935919e+04	1.893176e+01	1.088816e+05	1.083521e+05	5.779974e+04	5.697974e+04	3.033408e+02	3.835133e+01	2021	10	7	18
	2196213	149.513000	16.625700	9.933312e+04	2.019804e+01	1.089518e+05	1.084953e+05	5.782723e+04	5.700373e+04	3.033523e+02	3.749813e+01	2021	10	8	0
	2142041	147.913000	17.539500	9.895738e+04	2.114221e+01	1.087128e+05	1.081038e+05	5.758820e+04	5.665970e+04	3.033608e+02	3.768838e+01	2021	10	8	6
	2129621	146.250000	17.750400	9.891319e+04	2.235350e+01	1.087361e+05	1.081621e+05	5.764570e+04	5.662745e+04	3.033591e+02	3.464230e+01	2021	10	8	12
	2076303	146.526000	18.664300	9.811188e+04	2.474254e+01	1.084826e+05	1.076861e+05	5.744234e+04	5.609534e+04	3.032310e+02	3.162671e+01	2021	10	8	18
	2055956	144.852000	19.015800	9.801675e+04	2.658175e+01	1.086172e+05	1.076578e+05	5.753775e+04	5.595375e+04	3.033660e+02	2.837023e+01	2021	10	9	0
	1991580	145.010000	20.140600	9.763544e+04	2.688782e+01	1.084436e+05	1.072651e+05	5.738240e+04	5.553240e+04	3.032874e+02	3.279338e+01	2021	10	9	6
	1991574	144.469000	20.140600	9.758881e+04	2.945495e+01	1.085309e+05	1.073149e+05	5.757108e+04	5.549608e+04	3.032065e+02	3.232370e+01	2021	10	9	12
	1947921	145.623000	20.913900	9.691319e+04	3.227497e+01	1.084561e+05	1.070056e+05	5.743646e+04	5.511721e+04	3.027598e+02	2.441158e+01	2021	10	9	18
	1885268	145.335000	22.038700	9.720456e+04	3.195363e+01	1.086370e+05	1.072305e+05	5.771245e+04	5.537870e+04	3.023042e+02	2.367625e+01	2021	10	10	0
	1831312	147.461000	23.022800	9.694700e+04	3.539691e+01	1.086572e+05	1.071802e+05	5.763338e+04	5.518988e+04	3.025552e+02	2.233659e+01	2021	10	10	6
	1748078	148.043000	24.569400	9.703431e+04	3.558509e+01	1.087741e+05	1.073031e+05	5.776039e+04	5.532589e+04	3.022761e+02	2.089550e+01	2021	10	10	12
	1663135	149.112000	26.186300	9.687094e+04	3.473153e+01	1.087376e+05	1.072711e+05	5.771431e+04	5.517281e+04	3.021357e+02	2.082886e+01	2021	10	10	18
	1598135	150.101000	27.451700	9.709312e+04	3.594838e+01	1.090922e+05	1.074248e+05	5.794414e+04	5.535764e+04	3.018652e+02	1.963407e+01	2021	10	11	0
	1499607	152.460000	29.420000	9.698325e+04	3.643719e+01	1.090885e+05	1.072275e+05	5.788781e+04	5.534431e+04	3.013684e+02	1.965978e+01	2021	10	11	6
	1458346	154.075000	30.263600	9.725356e+04	3.218827e+01	1.091887e+05	1.074132e+05	5.803917e+04	5.590642e+04	3.011084e+02	2.180197e+01	2021	10	11	12
	1424414	156.754000	30.966600	9.741669e+04	3.063321e+01	1.091092e+05	1.074522e+05	5.798592e+04	5.611667e+04	3.006670e+02	1.788642e+01	2021	10	11	18
	1384210	158.582000	31.810200	9.834288e+04	2.763393e+01	1.092342e+05	1.076078e+05	5.811592e+04	5.698517e+04	3.007808e+02	1.530512e+01	2021	10	12	0
	1351149	160.401000	32.513200	9.892762e+04	2.320399e+01	1.091199e+05	1.076374e+05	5.811253e+04	5.710253e+04	3.002605e+02	1.608607e+01	2021	10	12	6
	1321735	161.956000	33.145900	9.942469e+04	2.353817e+01	1.091600e+05	1.075325e+05	5.819537e+04	5.713462e+04	2.999780e+02	1.397105e+01	2021	10	12	12
start	21	2021	10	11	18
	2454466	113.231000	12.407700	1.008734e+05	9.076141e+00	1.087668e+05	1.085372e+05	5.807992e+04	5.775842e+04	3.035986e+02	2.964227e+01	2021	10	11	18
	2427948	113.031000	12.829500	1.010471e+05	1.008768e+01	1.088762e+05	1.086792e+05	5.822717e+04	5.785942e+04	3.035991e+02	2.913091e+01	2021	10	12	0
	2405958	112.726000	13.181000	1.008851e+05	1.112090e+01	1.087819e+05	1.085879e+05	5.808678e+04	5.771003e+04	3.039714e+02	2.255706e+01	2021	10	12	6
	2485570	112.197000	11.915600	1.009722e+05	1.258998e+01	1.089450e+05	1.087800e+05	5.822387e+04	5.781487e+04	3.036528e+02	1.949393e+01	2021	10	12	12
	2405962	113.054000	13.181000	1.007938e+05	1.177783e+01	1.087541e+05	1.086151e+05	5.809317e+04	5.766092e+04	3.036382e+02	3.713515e+01	2021	10	12	18
	2467757	111.548000	12.196800	1.007918e+05	1.562795e+01	1.088316e+05	1.085951e+05	5.813404e+04	5.766054e+04	3.035747e+02	3.000463e+01	2021	10	13	0
	2472220	112.986000	12.126500	1.005487e+05	1.457592e+01	1.086708e+05	1.084748e+05	5.795430e+04	5.746255e+04	3.036106e+02	2.752129e+01	2021	10	13	6
	2427936	112.051000	12.829500	1.006092e+05	1.359837e+01	1.088307e+05	1.086292e+05	5.810709e+04	5.760109e+04	3.035481e+02	2.862346e+01	2021	10	13	12
	2436757	111.929000	12.688900	1.004832e+05	1.618094e+01	1.087431e+05	1.085041e+05	5.801057e+04	5.749232e+04	3.035542e+02	3.799108e+01	2021	10	13	18
	2362274	111.776000	13.884000	1.005429e+05	1.822347e+01	1.087972e+05	1.085262e+05	5.810239e+04	5.753539e+04	3.035181e+02	4.018029e+01	2021	10	14	0
	2410325	110.902000	13.110700	1.003108e+05	1.709090e+01	1.087276e+05	1.083941e+05	5.799931e+04	5.732056e+04	3.035798e+02	4.315242e+01	2021	10	14	6
	2353583	111.401000	14.024600	1.004200e+05	1.819245e+01	1.089144e+05	1.084919e+05	5.811907e+04	5.741032e+04	3.032905e+02	5.019982e+01	2021	10	14	12
	2353571	110.406000	14.024600	1.001075e+05	2.044638e+01	1.088126e+05	1.084296e+05	5.808026e+04	5.734626e+04	3.033394e+02	4.980862e+01	2021	10	14	18
	2379672	109.881000	13.602800	1.001899e+05	1.918363e+01	1.088609e+05	1.084604e+05	5.812824e+04	5.733599e+04	3.032839e+02	4.542218e+01	2021	10	15	0
	2340559	109.381000	14.235500	1.000235e+05	1.988578e+01	1.088614e+05	1.084369e+05	5.806420e+04	5.727895e+04	3.032139e+02	4.296476e+01	2021	10	15	6
	2318969	109.053000	14.587000	1.003584e+05	1.812088e+01	1.089836e+05	1.085876e+05	5.818296e+04	5.742296e+04	3.031804e+02	4.199510e+01	2021	10	15	12
	2306040	106.927000	14.797900	1.003311e+05	1.805722e+01	1.089078e+05	1.085063e+05	5.811375e+04	5.739875e+04	3.031104e+02	3.445023e+01	2021	10	15	18
	2250533	106.287000	15.711800	1.005486e+05	1.702985e+01	1.088561e+05	1.085526e+05	5.820100e+04	5.750275e+04	3.030483e+02	2.448685e+01	2021	10	16	0
	2263269	105.310000	15.500900	1.004830e+05	7.936521e+00	1.087790e+05	1.084700e+05	5.809834e+04	5.747009e+04	-9.000000e+33	2.258379e+01	2021	10	16	6
	2250508	104.166000	15.711800	1.007142e+05	7.648236e+00	1.088311e+05	1.085276e+05	5.815461e+04	5.752361e+04	-9.000000e+33	2.218181e+01	2021	10	16	12
	2267501	103.183000	15.430600	1.009034e+05	5.709476e+00	1.087774e+05	1.085444e+05	5.812730e+04	5.758030e+04	-9.000000e+33	2.180128e+01	2021	10	16	18
start	40	2021	10	14	12
	2603734	180.947000	10.087900	1.003760e+05	1.303716e+01	1.088859e+05	1.087074e+05	5.787082e+04	5.754807e+04	3.043804e+02	3.718452e+01	2021	10	14	12
	2594603	180.079000	10.228500	1.002075e+05	1.414314e+01	1.087966e+05	1.085641e+05	5.783026e+04	5.738201e+04	3.043481e+02	3.319060e+01	2021	10	14	18
	2580952	180.000000	10.439400	1.001319e+05	1.444946e+01	1.087829e+05	1.085559e+05	5.780824e+04	5.733474e+04	3.044167e+02	3.366622e+01	2021	10	15	0
	2567325	178.967000	10.650300	1.000088e+05	1.576886e+01	1.087874e+05	1.084569e+05	5.778195e+04	5.732295e+04	3.045000e+02	3.360913e+01	2021	10	15	6
	2558273	179.284000	10.790900	1.000449e+05	1.363043e+01	1.088406e+05	1.085321e+05	5.785946e+04	5.739471e+04	3.043210e+02	3.982165e+01	2021	10	15	12
	2513217	177.993000	11.493800	9.990538e+04	1.689138e+01	1.087828e+05	1.083978e+05	5.777900e+04	5.725775e+04	3.039395e+02	3.323827e+01	2021	10	15	18
	2473026	178.219000	12.126500	9.994406e+04	1.586504e+01	1.088511e+05	1.085066e+05	5.782500e+04	5.732300e+04	3.039097e+02	3.572084e+01	2021	10	16	0
	2415521	176.642000	13.040400	9.982700e+04	1.679184e+01	1.089055e+05	1.084305e+05	5.779334e+04	5.728984e+04	3.038157e+02	3.653803e+01	2021	10	16	6
	2415527	177.134000	13.040400	9.982675e+04	1.791105e+01	1.089066e+05	1.085471e+05	5.788086e+04	5.728111e+04	3.036882e+02	3.488919e+01	2021	10	16	12
	2350023	175.932000	14.094900	9.973119e+04	1.892800e+01	1.088634e+05	1.083539e+05	5.787980e+04	5.716505e+04	3.034839e+02	2.225290e+01	2021	10	16	18
	2345677	174.931000	14.165200	9.979881e+04	1.870971e+01	1.089218e+05	1.085408e+05	5.791885e+04	5.726910e+04	3.035549e+02	1.687123e+01	2021	10	17	0
	2268340	174.085000	15.430600	9.975644e+04	2.149416e+01	1.089146e+05	1.085726e+05	5.793665e+04	5.733965e+04	3.030850e+02	2.133195e+01	2021	10	17	6
	2255558	172.373000	15.641500	9.970156e+04	2.279801e+01	1.089044e+05	1.086204e+05	5.798121e+04	5.732396e+04	3.032358e+02	2.413876e+01	2021	10	17	12
	2234361	171.741000	15.993000	9.962012e+04	2.239845e+01	1.088623e+05	1.084373e+05	5.797641e+04	5.720966e+04	3.032400e+02	1.747710e+01	2021	10	17	18
	2234345	170.378000	15.993000	9.963825e+04	2.136909e+01	1.089986e+05	1.085561e+05	5.811986e+04	5.721761e+04	3.032788e+02	1.683126e+01	2021	10	18	0
	2230099	168.665000	16.063300	9.941631e+04	2.285924e+01	1.089999e+05	1.084644e+05	5.811593e+04	5.712643e+04	3.033984e+02	2.431834e+01	2021	10	18	6
	2225861	167.289000	16.133600	9.940950e+04	2.630257e+01	1.090708e+05	1.084578e+05	5.817121e+04	5.720921e+04	3.035105e+02	2.850517e+01	2021	10	18	12
	2213204	165.970000	16.344500	9.922550e+04	2.322447e+01	1.089125e+05	1.084815e+05	5.810196e+04	5.704471e+04	3.035068e+02	2.408145e+01	2021	10	18	18
	2192196	164.355000	16.696000	9.903544e+04	2.851735e+01	1.090481e+05	1.084216e+05	5.825622e+04	5.704897e+04	3.033984e+02	2.464957e+01	2021	10	19	0
	2162961	162.779000	17.188000	9.849131e+04	3.289219e+01	1.089842e+05	1.082072e+05	5.820479e+04	5.669429e+04	3.031438e+02	2.575028e+01	2021	10	19	6
	2146336	161.236000	17.469200	9.779875e+04	3.072294e+01	1.090547e+05	1.080897e+05	5.831280e+04	5.659655e+04	3.030439e+02	2.632684e+01	2021	10	19	12
	2113294	159.514000	18.031600	9.645981e+04	3.941621e+01	1.089019e+05	1.074519e+05	5.817102e+04	5.515177e+04	3.029888e+02	2.914438e+01	2021	10	19	18
	2076433	158.008000	18.664300	9.652269e+04	4.566590e+01	1.090120e+05	1.076940e+05	5.829276e+04	5.542501e+04	3.028999e+02	2.702204e+01	2021	10	20	0
	2035861	156.720000	19.367300	9.645162e+04	4.138461e+01	1.088914e+05	1.075364e+05	5.821685e+04	5.528610e+04	3.028369e+02	2.632092e+01	2021	10	20	6
	2011705	155.503000	19.789100	9.685112e+04	3.572215e+01	1.090300e+05	1.078545e+05	5.827982e+04	5.572157e+04	3.028562e+02	3.488874e+01	2021	10	20	12
	1979728	154.492000	20.351500	9.696594e+04	3.509763e+01	1.088362e+05	1.078682e+05	5.810646e+04	5.576696e+04	3.028020e+02	3.018818e+01	2021	10	20	18
	1951959	153.674000	20.843600	9.729350e+04	3.183737e+01	1.089615e+05	1.077685e+05	5.818761e+04	5.577061e+04	3.027593e+02	2.438442e+01	2021	10	21	0
	1916550	153.156000	21.476300	9.606869e+04	4.147828e+01	1.088150e+05	1.072295e+05	5.801044e+04	5.502144e+04	3.026680e+02	2.556709e+01	2021	10	21	6
	1889233	152.685000	21.968400	9.554381e+04	4.448545e+01	1.088606e+05	1.072831e+05	5.810945e+04	5.464845e+04	3.025918e+02	2.872895e+01	2021	10	21	12
	1858256	152.365000	22.530800	9.551188e+04	4.426137e+01	1.086675e+05	1.072215e+05	5.793070e+04	5.450445e+04	3.024907e+02	2.559407e+01	2021	10	21	18
	1823713	152.010000	23.163400	9.566481e+04	4.440755e+01	1.088842e+05	1.070827e+05	5.806528e+04	5.439753e+04	3.023984e+02	2.129985e+01	2021	10	22	0
	1781936	151.780000	23.936700	9.580569e+04	4.489688e+01	1.087942e+05	1.075412e+05	5.795518e+04	5.503693e+04	3.022180e+02	2.098054e+01	2021	10	22	6
	1751854	151.346000	24.499100	9.714825e+04	2.984472e+01	1.088786e+05	1.078386e+05	5.807396e+04	5.589696e+04	3.019668e+02	2.104271e+01	2021	10	22	12
	1725745	151.227000	24.991200	9.721231e+04	2.671382e+01	1.086973e+05	1.077713e+05	5.794223e+04	5.574823e+04	3.017300e+02	1.457091e+01	2021	10	22	18
	1685117	151.471000	25.764500	9.758388e+04	2.931451e+01	1.089835e+05	1.081390e+05	5.821009e+04	5.602684e+04	3.016086e+02	1.090534e+01	2021	10	23	0
	1663164	151.974000	26.186300	9.817869e+04	2.525232e+01	1.089488e+05	1.080782e+05	5.816113e+04	5.675013e+04	3.016584e+02	1.233574e+01	2021	10	23	6
	1648610	152.445000	26.467500	9.875844e+04	2.344828e+01	1.091151e+05	1.082166e+05	5.834095e+04	5.719695e+04	3.016213e+02	1.132586e+01	2021	10	23	12
	1644981	152.514000	26.537800	9.923338e+04	1.918595e+01	1.089952e+05	1.079572e+05	5.820613e+04	5.757188e+04	3.015476e+02	7.418361e+00	2021	10	23	18
	1652242	152.277000	26.397200	9.991594e+04	1.836631e+01	1.092298e+05	1.082248e+05	5.846812e+04	5.805987e+04	3.015281e+02	5.240215e+00	2021	10	24	0
	1670468	152.035000	26.045700	1.000943e+05	1.873016e+01	1.091492e+05	1.084512e+05	5.836846e+04	5.811296e+04	3.016362e+02	6.638893e+00	2021	10	24	6
start	21	2021	10	24	6
	2714394	178.764000	8.400700	1.002888e+05	1.279996e+01	1.087782e+05	1.085832e+05	5.784221e+04	5.753971e+04	3.039575e+02	2.640234e+01	2021	10	24	6
	2658778	180.000000	9.244290	1.003251e+05	1.307139e+01	1.088230e+05	1.085925e+05	5.788761e+04	5.757736e+04	3.039202e+02	3.516766e+01	2021	10	24	12
	2649561	179.922000	9.384890	1.002391e+05	1.352326e+01	1.087559e+05	1.085154e+05	5.783291e+04	5.743816e+04	3.038708e+02	3.517711e+01	2021	10	24	18
	2590061	181.028000	10.298800	1.001622e+05	1.386101e+01	1.087489e+05	1.085259e+05	5.776768e+04	5.735843e+04	3.038201e+02	3.339773e+01	2021	10	25	0
	2567352	181.112000	10.650300	1.000902e+05	1.322487e+01	1.087608e+05	1.084583e+05	5.773580e+04	5.731255e+04	3.037925e+02	2.901621e+01	2021	10	25	6
	2442026	181.303000	12.618600	1.000347e+05	1.582974e+01	1.087296e+05	1.084186e+05	5.771672e+04	5.732122e+04	3.035684e+02	3.342093e+01	2021	10	25	12
	2477531	182.668000	12.056200	1.000010e+05	1.516623e+01	1.087958e+05	1.084773e+05	5.777870e+04	5.726145e+04	3.035830e+02	3.531292e+01	2021	10	25	18
	2380556	182.805000	13.602800	9.988925e+04	1.436698e+01	1.087752e+05	1.084532e+05	5.769842e+04	5.720067e+04	3.040701e+02	3.184983e+01	2021	10	26	0
	2311246	183.014000	14.727600	9.997562e+04	1.487052e+01	1.088718e+05	1.084628e+05	5.776166e+04	5.721491e+04	3.042366e+02	3.396698e+01	2021	10	26	6
	2242963	183.484000	15.852400	9.995194e+04	1.598484e+01	1.088294e+05	1.084204e+05	5.774959e+04	5.719084e+04	3.024976e+02	3.485828e+01	2021	10	26	12
	2142449	183.391000	17.539500	9.985394e+04	1.818035e+01	1.087876e+05	1.082796e+05	5.771592e+04	5.717692e+04	3.020481e+02	2.989621e+01	2021	10	26	18
	2113566	183.327000	18.031600	9.985131e+04	1.698387e+01	1.087124e+05	1.082049e+05	5.766590e+04	5.718290e+04	3.024290e+02	2.365501e+01	2021	10	27	0
	2117679	183.236000	17.961300	9.990119e+04	1.517622e+01	1.088062e+05	1.083147e+05	5.778077e+04	5.730352e+04	3.021252e+02	1.877687e+01	2021	10	27	6
	2097154	183.691000	18.312800	9.988044e+04	1.420587e+01	1.087499e+05	1.082059e+05	5.776825e+04	5.714450e+04	3.018501e+02	1.776069e+01	2021	10	27	12
	1972112	184.894000	20.492100	9.983944e+04	1.513444e+01	1.086918e+05	1.077753e+05	5.773230e+04	5.716355e+04	3.012698e+02	2.626632e+01	2021	10	27	18
	1980063	184.794000	20.351500	9.971669e+04	1.564064e+01	1.086098e+05	1.076953e+05	5.767280e+04	5.702055e+04	3.015266e+02	1.594801e+01	2021	10	28	0
	1916908	186.067000	21.476300	9.965844e+04	1.922067e+01	1.087202e+05	1.075907e+05	5.775491e+04	5.713516e+04	3.012485e+02	1.984460e+01	2021	10	28	6
	1936541	186.311000	21.124800	9.975950e+04	1.669990e+01	1.087010e+05	1.076040e+05	5.779921e+04	5.708796e+04	3.012737e+02	1.437507e+01	2021	10	28	12
	1812649	187.658000	23.374300	9.972550e+04	2.076834e+01	1.086824e+05	1.070729e+05	5.771816e+04	5.699791e+04	3.005725e+02	1.470922e+01	2021	10	28	18
	1850932	187.859000	22.671400	9.954462e+04	2.145730e+01	1.086759e+05	1.072054e+05	5.768189e+04	5.694389e+04	3.008237e+02	1.278970e+01	2021	10	29	0
	1839412	188.446000	22.882200	9.967112e+04	1.985644e+01	1.087342e+05	1.072428e+05	5.782402e+04	5.705502e+04	3.006743e+02	9.726919e+00	2021	10	29	6
start	12	2021	11	22	0
	2783828	108.915000	7.346220	1.006787e+05	1.316180e+01	1.087310e+05	1.084350e+05	5.798888e+04	5.765188e+04	3.045205e+02	3.798617e+01	2021	11	22	0
	2741521	109.214000	7.978910	1.005219e+05	1.196381e+01	1.086362e+05	1.083498e+05	5.787380e+04	5.748280e+04	3.044307e+02	2.917667e+01	2021	11	22	6
	2685592	107.783000	8.822500	1.006227e+05	1.367386e+01	1.087764e+05	1.084659e+05	5.802029e+04	5.762379e+04	3.042830e+02	3.152563e+01	2021	11	22	12
	2671692	106.817000	9.033390	1.006089e+05	1.274525e+01	1.086846e+05	1.083881e+05	5.793686e+04	5.755511e+04	3.037617e+02	3.254255e+01	2021	11	22	18
	2685579	106.773000	8.822500	1.007051e+05	1.249081e+01	1.087572e+05	1.084447e+05	5.807547e+04	5.763147e+04	3.035149e+02	2.563184e+01	2021	11	23	0
	2534786	105.986000	11.142400	1.005609e+05	1.147391e+01	1.086614e+05	1.084384e+05	5.799371e+04	5.751046e+04	3.045925e+02	1.987714e+01	2021	11	23	6
	2503345	104.638000	11.634400	1.006852e+05	7.655419e+00	1.087754e+05	1.085184e+05	5.810250e+04	5.767550e+04	3.058726e+02	1.712350e+01	2021	11	23	12
	2427840	104.211000	12.829500	1.006875e+05	1.365807e+01	1.086666e+05	1.084616e+05	5.809751e+04	5.761426e+04	3.057551e+02	1.924795e+01	2021	11	23	18
	2441069	103.357000	12.618600	1.006834e+05	1.616908e+01	1.086733e+05	1.084533e+05	5.807697e+04	5.761822e+04	3.055522e+02	1.676175e+01	2021	11	24	0
	2388313	102.187000	13.462200	1.006739e+05	1.168134e+01	1.086957e+05	1.084292e+05	5.798463e+04	5.758738e+04	3.055159e+02	1.933463e+01	2021	11	24	6
	2410215	101.885000	13.110700	1.007521e+05	1.090988e+01	1.086544e+05	1.084804e+05	5.804990e+04	5.772565e+04	3.054563e+02	1.810856e+01	2021	11	24	12
	2362153	101.757000	13.884000	1.007661e+05	8.846470e+00	1.086142e+05	1.084132e+05	5.797979e+04	5.768854e+04	3.049861e+02	1.955022e+01	2021	11	24	18
start	35	2021	12	2	12
	2884250	141.632000	5.869950	1.005532e+05	1.603998e+01	1.090788e+05	1.087478e+05	5.817922e+04	5.771847e+04	3.039373e+02	3.986011e+01	2021	12	2	12
	2822113	139.470000	6.783830	1.002228e+05	1.637731e+01	1.087567e+05	1.084577e+05	5.794267e+04	5.736042e+04	3.038840e+02	3.783405e+01	2021	12	2	18
	2798396	138.766000	7.135320	1.001339e+05	1.805892e+01	1.090169e+05	1.086444e+05	5.814886e+04	5.760386e+04	3.038484e+02	3.630137e+01	2021	12	3	0
	2751256	136.880000	7.838310	9.979044e+04	1.876833e+01	1.087376e+05	1.083611e+05	5.789679e+04	5.725179e+04	3.037488e+02	3.151649e+01	2021	12	3	6
	2718503	136.081000	8.330400	1.000044e+05	1.749091e+01	1.089557e+05	1.085942e+05	5.811773e+04	5.744248e+04	3.037161e+02	2.704827e+01	2021	12	3	12
	2699853	133.916000	8.611600	9.955488e+04	1.915994e+01	1.086661e+05	1.083071e+05	5.786880e+04	5.713530e+04	3.035139e+02	3.026726e+01	2021	12	3	18
	2695191	132.636000	8.681900	9.979331e+04	1.957385e+01	1.088492e+05	1.084818e+05	5.811264e+04	5.741064e+04	3.034736e+02	3.129708e+01	2021	12	4	0
	2685893	131.156000	8.822500	9.958675e+04	1.787506e+01	1.086375e+05	1.082610e+05	5.788480e+04	5.722705e+04	3.033069e+02	2.842580e+01	2021	12	4	6
	2667377	130.675000	9.103690	9.980688e+04	1.972848e+01	1.088233e+05	1.084628e+05	5.806892e+04	5.736867e+04	3.031689e+02	2.421210e+01	2021	12	4	12
	2635122	129.355000	9.595780	9.972750e+04	1.819303e+01	1.086016e+05	1.082666e+05	5.790348e+04	5.731673e+04	3.030659e+02	3.047594e+01	2021	12	4	18
	2653496	127.500000	9.314590	9.977575e+04	2.396384e+01	1.087852e+05	1.084797e+05	5.806098e+04	5.733573e+04	3.030188e+02	3.411737e+01	2021	12	5	0
	2603050	126.994000	10.087900	9.960306e+04	2.311836e+01	1.086014e+05	1.083119e+05	5.791991e+04	5.740916e+04	3.028477e+02	2.856273e+01	2021	12	5	6
	2575721	125.366000	10.509700	1.000586e+05	1.832145e+01	1.088868e+05	1.086103e+05	5.816811e+04	5.765061e+04	3.035996e+02	2.482652e+01	2021	12	5	12
	2575697	123.463000	10.509700	9.994369e+04	1.896712e+01	1.086642e+05	1.083537e+05	5.795652e+04	5.732552e+04	3.035862e+02	2.421405e+01	2021	12	5	18
	2534987	122.052000	11.142400	1.002289e+05	1.798793e+01	1.087471e+05	1.085446e+05	5.815347e+04	5.750172e+04	3.035842e+02	2.822737e+01	2021	12	6	0
	2543986	120.798000	11.001800	9.975981e+04	2.072249e+01	1.085928e+05	1.083428e+05	5.788488e+04	5.716313e+04	3.035229e+02	2.550630e+01	2021	12	6	6
	2534958	119.734000	11.142400	9.980875e+04	2.082387e+01	1.087641e+05	1.083636e+05	5.808222e+04	5.738097e+04	3.035640e+02	2.281564e+01	2021	12	6	12
	2512477	118.582000	11.493800	9.945381e+04	2.164582e+01	1.085680e+05	1.082485e+05	5.795059e+04	5.704159e+04	3.035261e+02	3.155691e+01	2021	12	6	18
	2481179	117.549000	11.985900	9.892244e+04	2.830839e+01	1.086250e+05	1.080875e+05	5.809270e+04	5.666420e+04	3.032202e+02	3.343558e+01	2021	12	7	0
	2458943	116.781000	12.337400	9.855000e+04	2.614971e+01	1.084384e+05	1.079249e+05	5.786585e+04	5.647735e+04	3.031086e+02	3.436116e+01	2021	12	7	6
	2441226	116.145000	12.618600	9.864512e+04	2.527055e+01	1.086292e+05	1.078942e+05	5.801126e+04	5.631426e+04	3.030056e+02	3.802514e+01	2021	12	7	12
	2436801	115.516000	12.688900	9.818694e+04	2.585002e+01	1.084893e+05	1.077463e+05	5.789525e+04	5.589600e+04	3.029653e+02	4.478011e+01	2021	12	7	18
	2432381	114.968000	12.759200	9.755038e+04	3.208491e+01	1.085365e+05	1.074490e+05	5.791604e+04	5.549904e+04	3.029229e+02	3.707112e+01	2021	12	8	0
	2432376	114.560000	12.759200	9.721900e+04	3.208047e+01	1.082999e+05	1.070969e+05	5.778458e+04	5.544483e+04	3.028757e+02	2.749532e+01	2021	12	8	6
	2419152	113.891000	12.970100	9.663969e+04	3.970233e+01	1.084811e+05	1.059346e+05	5.790142e+04	5.475717e+04	3.029270e+02	3.132865e+01	2021	12	8	12
	2423543	113.052000	12.899800	9.682688e+04	4.371511e+01	1.083764e+05	1.059049e+05	5.786307e+04	5.482032e+04	3.031438e+02	4.143217e+01	2021	12	8	18
	2423534	112.316000	12.899800	9.719081e+04	4.169984e+01	1.084214e+05	1.075944e+05	5.787719e+04	5.576569e+04	3.031365e+02	3.628644e+01	2021	12	9	0
	2423527	111.744000	12.899800	9.726719e+04	4.264086e+01	1.082639e+05	1.075334e+05	5.775991e+04	5.562841e+04	3.031162e+02	3.086861e+01	2021	12	9	6
	2419121	111.355000	12.970100	9.806144e+04	4.240163e+01	1.084214e+05	1.078459e+05	5.787526e+04	5.612276e+04	3.030881e+02	3.081043e+01	2021	12	9	12
	2427919	110.662000	12.829500	9.905225e+04	2.581863e+01	1.083738e+05	1.079768e+05	5.780549e+04	5.683999e+04	3.031355e+02	3.054764e+01	2021	12	9	18
	2427917	110.499000	12.829500	9.948425e+04	2.323525e+01	1.083944e+05	1.080889e+05	5.792342e+04	5.727017e+04	3.031194e+02	2.615405e+01	2021	12	10	0
	2423508	110.191000	12.899800	9.956519e+04	2.670176e+01	1.084325e+05	1.079775e+05	5.779098e+04	5.718973e+04	3.032241e+02	2.362686e+01	2021	12	10	6
	2410314	110.000000	13.110700	1.001297e+05	1.911385e+01	1.084741e+05	1.080756e+05	5.791220e+04	5.756270e+04	3.031401e+02	2.784745e+01	2021	12	10	12
	2388404	109.680000	13.462200	1.002000e+05	1.770624e+01	1.083883e+05	1.079138e+05	5.780409e+04	5.756234e+04	3.029451e+02	3.183745e+01	2021	12	10	18
	2331909	109.083000	14.376100	1.003658e+05	1.756592e+01	1.084511e+05	1.077796e+05	5.786193e+04	5.745743e+04	3.020349e+02	2.911886e+01	2021	12	11	0
start	28	2021	12	3	12
	3832269	65.280600	-7.627420	1.006374e+05	1.282670e+01	1.085482e+05	1.083617e+05	5.783973e+04	5.762348e+04	3.036252e+02	2.833049e+01	2021	12	3	12
	3902402	65.581400	-8.681900	1.008589e+05	1.361960e+01	1.086911e+05	1.085313e+05	5.804580e+04	5.779680e+04	3.033870e+02	2.736115e+01	2021	12	3	18
	3962450	65.383300	-9.595780	1.005178e+05	1.846929e+01	1.084702e+05	1.082615e+05	5.783989e+04	5.743164e+04	3.031953e+02	2.692776e+01	2021	12	4	0
	3953254	65.269600	-9.455180	1.005318e+05	1.529303e+01	1.086120e+05	1.083902e+05	5.800030e+04	5.749305e+04	3.031877e+02	2.569687e+01	2021	12	4	6
	3989936	65.253900	-10.017600	1.001699e+05	1.534893e+01	1.084618e+05	1.081128e+05	5.778842e+04	5.713442e+04	3.031143e+02	2.821021e+01	2021	12	4	12
	3976212	65.397400	-9.806680	1.003230e+05	1.460170e+01	1.086031e+05	1.082506e+05	5.799523e+04	5.727423e+04	3.031118e+02	2.958064e+01	2021	12	4	18
	4039964	65.888600	-10.790900	9.998050e+04	1.817308e+01	1.084382e+05	1.080612e+05	5.781023e+04	5.705998e+04	3.029309e+02	2.288188e+01	2021	12	5	0
	4053525	66.143600	-11.001800	1.001713e+05	1.731524e+01	1.086249e+05	1.082589e+05	5.800216e+04	5.731566e+04	3.028799e+02	2.084881e+01	2021	12	5	6
	4076043	66.277800	-11.353300	9.985712e+04	1.976640e+01	1.085118e+05	1.081598e+05	5.783511e+04	5.713311e+04	3.028135e+02	1.765552e+01	2021	12	5	12
	4093986	66.434300	-11.634400	9.992519e+04	2.247004e+01	1.086367e+05	1.083357e+05	5.801277e+04	5.724952e+04	3.026750e+02	1.650830e+01	2021	12	5	18
	4116320	66.247800	-11.985900	9.948962e+04	2.422770e+01	1.084276e+05	1.078321e+05	5.781247e+04	5.682672e+04	3.025461e+02	1.352685e+01	2021	12	6	0
	4120777	66.388100	-12.056200	9.919406e+04	2.642476e+01	1.086448e+05	1.080022e+05	5.800663e+04	5.665363e+04	3.025278e+02	1.223948e+01	2021	12	6	6
	4151849	66.157300	-12.548300	9.886250e+04	2.731023e+01	1.085141e+05	1.077791e+05	5.784972e+04	5.634772e+04	3.023472e+02	1.162726e+01	2021	12	6	12
	4173923	65.967300	-12.899800	9.877606e+04	3.220736e+01	1.086520e+05	1.077515e+05	5.806284e+04	5.637759e+04	3.022302e+02	1.328011e+01	2021	12	6	18
	4200277	65.506800	-13.321600	9.813369e+04	3.393839e+01	1.084235e+05	1.075895e+05	5.789495e+04	5.609720e+04	3.021587e+02	1.387413e+01	2021	12	7	0
	4235194	65.078200	-13.884000	9.776725e+04	3.847895e+01	1.086114e+05	1.075344e+05	5.809435e+04	5.588510e+04	3.022581e+02	1.081726e+01	2021	12	7	6
	4261211	64.523600	-14.305800	9.765912e+04	3.208305e+01	1.084952e+05	1.072468e+05	5.794851e+04	5.575051e+04	3.023835e+02	1.047843e+01	2021	12	7	12
	4291384	64.022300	-14.797900	9.718744e+04	4.134952e+01	1.087008e+05	1.070878e+05	5.816825e+04	5.533050e+04	3.021216e+02	1.327259e+01	2021	12	7	18
	4317088	63.370800	-15.219700	9.780512e+04	3.418471e+01	1.084635e+05	1.077030e+05	5.795229e+04	5.629104e+04	3.019307e+02	1.139131e+01	2021	12	8	0
	4346896	62.771000	-15.711800	9.827425e+04	3.660935e+01	1.086534e+05	1.078309e+05	5.815058e+04	5.648783e+04	3.018220e+02	9.301447e+00	2021	12	8	6
	4380720	61.880300	-16.274200	9.859319e+04	2.970299e+01	1.086541e+05	1.082041e+05	5.799692e+04	5.689817e+04	3.019377e+02	8.304365e+00	2021	12	8	12
	4397531	61.001000	-16.555400	9.946362e+04	2.693802e+01	1.086839e+05	1.083634e+05	5.818532e+04	5.752557e+04	3.015891e+02	8.365870e+00	2021	12	8	18
	4418457	60.086200	-16.906900	9.955331e+04	2.651025e+01	1.084229e+05	1.081679e+05	5.795319e+04	5.723794e+04	3.013787e+02	7.942669e+00	2021	12	9	0
	4435123	59.105800	-17.188000	9.993494e+04	2.384318e+01	1.086659e+05	1.083874e+05	5.808466e+04	5.759366e+04	3.017939e+02	5.753909e+00	2021	12	9	6
	4455868	58.087000	-17.539500	9.962269e+04	2.406766e+01	1.084419e+05	1.081364e+05	5.796526e+04	5.741551e+04	3.026643e+02	4.070973e+00	2021	12	9	12
	4455856	57.043500	-17.539500	1.002388e+05	2.253761e+01	1.087412e+05	1.084818e+05	5.816699e+04	5.782474e+04	3.020173e+02	8.030886e+00	2021	12	9	18
	4459983	55.967100	-17.609800	1.000752e+05	2.169418e+01	1.083749e+05	1.081704e+05	5.797017e+04	5.760742e+04	3.015823e+02	4.613441e+00	2021	12	10	0
	4459970	54.835600	-17.609800	1.004712e+05	1.899584e+01	1.086310e+05	1.084585e+05	5.816273e+04	5.792723e+04	3.019194e+02	3.392268e+00	2021	12	10	6
start	13	2021	12	28	12
	3920936	64.408000	-8.963090	1.005595e+05	1.379012e+01	1.086607e+05	1.081832e+05	5.794862e+04	5.750737e+04	3.035959e+02	4.097211e+01	2021	12	28	12
	3967011	63.007800	-9.666080	1.007767e+05	1.560972e+01	1.088135e+05	1.083685e+05	5.818716e+04	5.762041e+04	3.034951e+02	3.705849e+01	2021	12	28	18
	4008125	60.817200	-10.298800	1.003522e+05	1.719045e+01	1.085725e+05	1.081185e+05	5.791175e+04	5.730450e+04	3.032878e+02	3.527220e+01	2021	12	29	0
	4035341	58.277400	-10.720600	1.004469e+05	1.795143e+01	1.088041e+05	1.083326e+05	5.807591e+04	5.741616e+04	3.029399e+02	3.248038e+01	2021	12	29	6
	3998957	56.605300	-10.158200	1.001048e+05	1.625264e+01	1.085399e+05	1.081119e+05	5.782399e+04	5.719024e+04	3.032495e+02	2.851373e+01	2021	12	29	12
	4021704	55.823800	-10.509700	1.003718e+05	1.676506e+01	1.087888e+05	1.083508e+05	5.809916e+04	5.746966e+04	3.032280e+02	2.701036e+01	2021	12	29	18
	4026222	54.127000	-10.580000	1.001079e+05	1.832854e+01	1.085809e+05	1.081814e+05	5.786256e+04	5.736056e+04	3.033054e+02	2.175370e+01	2021	12	30	0
	4098303	53.694100	-11.704700	1.002569e+05	1.636710e+01	1.088696e+05	1.084876e+05	5.815087e+04	5.758487e+04	3.031228e+02	2.132136e+01	2021	12	30	6
	4142821	52.391700	-12.407700	1.000384e+05	1.709284e+01	1.086894e+05	1.083284e+05	5.799714e+04	5.749339e+04	3.033496e+02	1.783300e+01	2021	12	30	12
	4151663	51.021700	-12.548300	1.004253e+05	1.736584e+01	1.088224e+05	1.085544e+05	5.818688e+04	5.777413e+04	3.030300e+02	1.252285e+01	2021	12	30	18
	4186937	50.901600	-13.110700	1.002882e+05	1.722126e+01	1.086050e+05	1.083175e+05	5.798258e+04	5.765783e+04	3.043159e+02	1.463159e+01	2021	12	31	0
	4265363	50.250000	-14.376100	1.006785e+05	1.641629e+01	1.087718e+05	1.085832e+05	5.820806e+04	5.785006e+04	3.043706e+02	1.712003e+01	2021	12	31	6
	4397366	46.844600	-16.555400	1.003957e+05	9.459991e+00	1.087000e+05	1.083848e+05	5.802655e+04	5.767780e+04	3.059719e+02	2.700063e+01	2021	12	31	12
