start	20	2020	1	22	0
	1644	764	51.187259	-18.328100	1.001211e+05	1.579664e+01	1.079179e+05	1.072098e+05	5.744091e+04	5.705529e+04	9.999000e+03	2.931726e+01	2020	1	22	0
	1651	763	52.171633	-18.421849	1.003195e+05	1.534999e+01	1.081368e+05	1.072481e+05	5.767534e+04	5.719807e+04	3.025027e+02	2.593264e+01	2020	1	22	6
	1660	763	53.437257	-18.421849	1.001002e+05	1.375812e+01	1.080440e+05	1.072169e+05	5.747700e+04	5.705038e+04	3.024715e+02	2.763416e+01	2020	1	22	12
	1673	757	55.265380	-18.984349	1.004151e+05	1.468958e+01	1.082876e+05	1.073373e+05	5.775155e+04	5.726844e+04	9.999000e+03	2.402241e+01	2020	1	22	18
	1677	752	55.827879	-19.453098	1.000607e+05	1.504662e+01	1.080467e+05	1.071682e+05	5.750348e+04	5.709062e+04	9.999000e+03	1.984969e+01	2020	1	23	0
	1692	754	57.937252	-19.265598	1.003549e+05	1.615142e+01	1.083086e+05	1.075651e+05	5.777313e+04	5.729248e+04	9.999000e+03	1.857670e+01	2020	1	23	6
	1700	749	59.062251	-19.734348	1.000852e+05	1.595992e+01	1.081896e+05	1.075622e+05	5.758303e+04	5.716363e+04	9.999000e+03	2.004084e+01	2020	1	23	12
	1711	740	60.609124	-20.578096	1.003186e+05	1.629689e+01	1.083940e+05	1.077301e+05	5.782872e+04	5.734659e+04	3.019395e+02	2.127765e+01	2020	1	23	18
	1724	738	62.437247	-20.765596	1.000119e+05	1.649600e+01	1.081394e+05	1.075824e+05	5.762544e+04	5.706919e+04	9.999000e+03	1.882536e+01	2020	1	24	0
	1735	735	63.984121	-21.046846	1.001569e+05	1.616301e+01	1.083027e+05	1.077689e+05	5.782999e+04	5.718383e+04	9.999000e+03	2.028762e+01	2020	1	24	6
	1744	728	65.249744	-21.703095	9.988955e+04	1.648236e+01	1.081490e+05	1.076762e+05	5.762548e+04	5.696228e+04	3.014657e+02	1.973039e+01	2020	1	24	12
	1755	722	66.796618	-22.265594	9.998733e+04	1.590589e+01	1.082740e+05	1.077372e+05	5.779697e+04	5.708392e+04	3.014707e+02	2.062626e+01	2020	1	24	18
	1762	712	67.780992	-23.203093	9.967713e+04	1.677325e+01	1.080084e+05	1.073939e+05	5.756546e+04	5.683989e+04	3.012093e+02	1.655632e+01	2020	1	25	0
	1769	703	68.765366	-24.046842	9.979230e+04	1.731742e+01	1.081984e+05	1.073467e+05	5.769881e+04	5.695838e+04	3.009705e+02	1.639848e+01	2020	1	25	6
	1777	693	69.890365	-24.984340	9.946785e+04	1.853020e+01	1.080304e+05	1.070697e+05	5.752488e+04	5.662684e+04	3.006779e+02	1.993963e+01	2020	1	25	12
	1786	686	71.155988	-25.640589	9.934757e+04	2.106466e+01	1.080798e+05	1.070432e+05	5.762418e+04	5.666136e+04	3.001162e+02	1.983121e+01	2020	1	25	18
	1793	677	72.140362	-26.484338	9.897705e+04	2.205630e+01	1.078063e+05	1.064938e+05	5.736423e+04	5.648627e+04	2.998163e+02	1.629003e+01	2020	1	26	0
	1799	677	72.984111	-26.484338	9.919312e+04	2.074277e+01	1.079147e+05	1.065143e+05	5.744117e+04	5.663550e+04	2.998805e+02	1.555356e+01	2020	1	26	6
	1807	673	74.109110	-26.859338	9.920204e+04	2.044037e+01	1.077175e+05	1.063509e+05	5.725054e+04	5.651909e+04	2.997890e+02	1.465287e+01	2020	1	26	12
	1813	672	74.952859	-26.953088	9.962374e+04	2.040259e+01	1.078188e+05	1.063299e+05	5.738102e+04	5.666364e+04	2.996844e+02	1.573542e+01	2020	1	26	18
start	12	2020	1	25	12
	1665	787	54.140381	-16.171853	1.003747e+05	1.462070e+01	1.081178e+05	1.078848e+05	5.764491e+04	5.743837e+04	3.023896e+02	1.213936e+01	2020	1	25	12
	1674	794	55.406005	-15.515603	1.006139e+05	1.353503e+01	1.082613e+05	1.080840e+05	5.789244e+04	5.759951e+04	3.022779e+02	1.643302e+01	2020	1	25	18
	1678	794	55.968504	-15.515603	1.003654e+05	1.365150e+01	1.080353e+05	1.077765e+05	5.761806e+04	5.737573e+04	3.023306e+02	1.177789e+01	2020	1	26	0
	1684	799	56.812253	-15.046854	1.005419e+05	1.376500e+01	1.081965e+05	1.079110e+05	5.782799e+04	5.753917e+04	3.025408e+02	1.498277e+01	2020	1	26	6
	1690	800	57.656002	-14.953104	1.002411e+05	1.368498e+01	1.079710e+05	1.077010e+05	5.760768e+04	5.732505e+04	3.026644e+02	1.877800e+01	2020	1	26	12
	1697	800	58.640376	-14.953104	1.004324e+05	1.480381e+01	1.081059e+05	1.077179e+05	5.780977e+04	5.744227e+04	3.025278e+02	2.361215e+01	2020	1	26	18
	1704	799	59.624750	-15.046854	1.001175e+05	1.479128e+01	1.078404e+05	1.073274e+05	5.754645e+04	5.710618e+04	3.023300e+02	1.901212e+01	2020	1	27	0
	1708	800	60.187250	-14.953104	1.001975e+05	1.458850e+01	1.080072e+05	1.073582e+05	5.766843e+04	5.710623e+04	3.024205e+02	2.273026e+01	2020	1	27	6
	1715	796	61.171624	-15.328104	9.986354e+04	1.642627e+01	1.078261e+05	1.070884e+05	5.744793e+04	5.668534e+04	3.026248e+02	2.423253e+01	2020	1	27	12
	1723	788	62.296623	-16.078103	9.989336e+04	1.793644e+01	1.079680e+05	1.070660e+05	5.767275e+04	5.697309e+04	3.025837e+02	2.330414e+01	2020	1	27	18
	1731	786	63.421621	-16.265602	9.958646e+04	1.972696e+01	1.077898e+05	1.069111e+05	5.746049e+04	5.671316e+04	3.025571e+02	2.092998e+01	2020	1	28	0
	1735	784	63.984121	-16.453102	9.975788e+04	1.778732e+01	1.080340e+05	1.070634e+05	5.769306e+04	5.710852e+04	3.025446e+02	1.234448e+01	2020	1	28	6
start	12	2020	1	28	18
	791	1405	-68.765741	41.765567	9.863469e+04	2.438729e+01	1.000269e+05	9.855781e+04	5.321002e+04	5.126699e+04	9.999000e+03	6.328721e+00	2020	1	28	18
	793	1390	-68.484491	40.359319	9.871965e+04	2.185258e+01	1.009230e+05	9.860450e+04	5.355279e+04	5.129532e+04	9.999000e+03	6.250782e+00	2020	1	29	0
	806	1372	-66.656368	38.671821	9.899913e+04	2.141848e+01	1.016308e+05	9.857741e+04	5.400470e+04	5.152225e+04	2.945174e+02	8.266885e+00	2020	1	29	6
	829	1363	-63.421996	37.828072	9.905673e+04	1.941232e+01	1.020009e+05	9.863773e+04	5.427154e+04	5.185237e+04	2.938904e+02	8.536582e+00	2020	1	29	12
	850	1364	-60.468875	37.921822	9.890529e+04	1.829393e+01	1.017464e+05	9.869902e+04	5.418419e+04	5.196764e+04	2.932587e+02	9.490788e+00	2020	1	29	18
	870	1372	-57.656377	38.671821	9.887134e+04	1.748104e+01	1.013332e+05	9.877245e+04	5.408970e+04	5.211396e+04	2.924531e+02	9.651666e+00	2020	1	30	0
	883	1378	-55.828254	39.234320	9.871057e+04	1.740674e+01	1.008092e+05	9.866777e+04	5.383865e+04	5.202584e+04	2.920272e+02	1.042858e+01	2020	1	30	6
	892	1383	-54.562631	39.703070	9.876912e+04	1.976698e+01	1.005150e+05	9.863795e+04	5.370034e+04	5.210520e+04	2.915300e+02	9.160663e+00	2020	1	30	12
	897	1379	-53.859506	39.328070	9.883298e+04	2.018031e+01	1.003812e+05	9.865377e+04	5.364073e+04	5.221063e+04	2.915414e+02	8.341557e+00	2020	1	30	18
	906	1371	-52.593883	38.578071	9.912889e+04	2.105466e+01	1.004738e+05	9.880587e+04	5.379475e+04	5.253991e+04	2.915003e+02	7.443435e+00	2020	1	31	0
	918	1361	-50.906385	37.640573	9.917623e+04	2.023657e+01	1.004910e+05	9.890015e+04	5.370495e+04	5.267138e+04	2.914839e+02	7.604112e+00	2020	1	31	6
	926	1353	-49.781386	36.890574	9.937028e+04	2.125192e+01	1.008649e+05	9.913098e+04	5.400390e+04	5.291276e+04	2.916596e+02	6.199445e+00	2020	1	31	12
start	20	2020	2	3	6
	1770	774	68.905991	-17.390601	1.005559e+05	8.943005e+00	1.078365e+05	1.076557e+05	5.762332e+04	5.719518e+04	3.026314e+02	1.625216e+01	2020	2	3	6
	1772	777	69.187240	-17.109351	1.002443e+05	1.011865e+01	1.077058e+05	1.075225e+05	5.736839e+04	5.694521e+04	3.027025e+02	2.213916e+01	2020	2	3	12
	1772	776	69.187240	-17.203101	1.003935e+05	1.253097e+01	1.077841e+05	1.076115e+05	5.751634e+04	5.707172e+04	3.025918e+02	2.929596e+01	2020	2	3	18
	1766	779	68.343491	-16.921851	1.000248e+05	1.415293e+01	1.075176e+05	1.073325e+05	5.728728e+04	5.670923e+04	3.026002e+02	2.411388e+01	2020	2	4	0
	1772	784	69.187240	-16.453102	1.000824e+05	1.561440e+01	1.076689e+05	1.074581e+05	5.741839e+04	5.683983e+04	3.026761e+02	2.607620e+01	2020	2	4	6
	1776	779	69.749740	-16.921851	9.974839e+04	1.840556e+01	1.075800e+05	1.073070e+05	5.718791e+04	5.669409e+04	3.025706e+02	2.729800e+01	2020	2	4	12
	1782	784	70.593489	-16.453102	9.992000e+04	1.812949e+01	1.077505e+05	1.074889e+05	5.747503e+04	5.687113e+04	3.025327e+02	2.301150e+01	2020	2	4	18
	1788	780	71.437238	-16.828102	9.959005e+04	1.728349e+01	1.075079e+05	1.072604e+05	5.722360e+04	5.664530e+04	3.023288e+02	2.079472e+01	2020	2	5	0
	1796	778	72.562237	-17.015601	9.969827e+04	1.929309e+01	1.077131e+05	1.074806e+05	5.741466e+04	5.680965e+04	3.023281e+02	1.936817e+01	2020	2	5	6
	1803	767	73.546611	-18.046850	9.940927e+04	1.856502e+01	1.076576e+05	1.073944e+05	5.722913e+04	5.666619e+04	3.019835e+02	2.006709e+01	2020	2	5	12
	1809	760	74.390360	-18.703099	9.966106e+04	1.665277e+01	1.078579e+05	1.075688e+05	5.745455e+04	5.689148e+04	3.018953e+02	1.868417e+01	2020	2	5	18
	1809	750	74.390360	-19.640598	9.944526e+04	1.380887e+01	1.076693e+05	1.074005e+05	5.724685e+04	5.672708e+04	3.016024e+02	1.506800e+01	2020	2	6	0
	1808	746	74.249735	-20.015597	9.958885e+04	1.426900e+01	1.078638e+05	1.075811e+05	5.740264e+04	5.689992e+04	3.016331e+02	1.212835e+01	2020	2	6	6
	1809	739	74.390360	-20.671846	9.943994e+04	1.358500e+01	1.078117e+05	1.074011e+05	5.731313e+04	5.678466e+04	3.018327e+02	1.542325e+01	2020	2	6	12
	1812	732	74.812234	-21.328095	9.972096e+04	1.586373e+01	1.079655e+05	1.076091e+05	5.751270e+04	5.699145e+04	3.014771e+02	1.296537e+01	2020	2	6	18
	1812	719	74.812234	-22.546844	9.963034e+04	1.498784e+01	1.078229e+05	1.073809e+05	5.743144e+04	5.678929e+04	3.012479e+02	5.790817e+00	2020	2	7	0
	1809	707	74.390360	-23.671842	9.974691e+04	1.677319e+01	1.080501e+05	1.076039e+05	5.763494e+04	5.695734e+04	3.011021e+02	3.621354e+00	2020	2	7	6
	1802	686	73.405986	-25.640589	9.966045e+04	1.557978e+01	1.080424e+05	1.074835e+05	5.756646e+04	5.683044e+04	3.007059e+02	6.173501e+00	2020	2	7	12
	1793	659	72.140362	-28.171836	9.991070e+04	1.487748e+01	1.081697e+05	1.074228e+05	5.767355e+04	5.688680e+04	2.985194e+02	8.261264e+00	2020	2	7	18
	1788	643	71.437238	-29.671834	9.976965e+04	1.527764e+01	1.080354e+05	1.070287e+05	5.757011e+04	5.664130e+04	2.977367e+02	6.501094e+00	2020	2	8	0
start	28	2020	2	7	6
	1988	846	99.562209	-10.640610	1.002814e+05	1.314997e+01	1.078363e+05	1.076047e+05	5.737386e+04	5.714236e+04	3.033435e+02	4.235225e+01	2020	2	7	6
	1984	840	98.999709	-11.203109	1.001598e+05	1.308500e+01	1.079079e+05	1.075625e+05	5.737896e+04	5.705936e+04	3.032350e+02	3.857496e+01	2020	2	7	12
	1980	838	98.437210	-11.390609	1.001222e+05	1.338965e+01	1.079014e+05	1.076095e+05	5.740389e+04	5.702959e+04	3.030819e+02	4.467310e+01	2020	2	7	18
	1986	835	99.280959	-11.671859	1.000350e+05	1.655412e+01	1.079401e+05	1.075036e+05	5.741520e+04	5.701263e+04	3.028934e+02	4.216120e+01	2020	2	8	0
	1990	824	99.843458	-12.703107	9.999665e+04	1.744510e+01	1.079939e+05	1.076145e+05	5.745543e+04	5.702411e+04	3.029059e+02	3.277800e+01	2020	2	8	6
	1988	814	99.562209	-13.640606	9.994360e+04	1.608960e+01	1.081078e+05	1.076549e+05	5.752838e+04	5.697539e+04	3.028295e+02	2.839545e+01	2020	2	8	12
	1989	800	99.702834	-14.953104	1.000002e+05	1.575566e+01	1.081707e+05	1.077469e+05	5.755967e+04	5.704959e+04	3.025471e+02	2.676135e+01	2020	2	8	18
	1984	791	98.999709	-15.796853	1.000131e+05	1.637948e+01	1.081308e+05	1.077266e+05	5.760825e+04	5.707552e+04	3.023775e+02	2.489200e+01	2020	2	9	0
	1982	788	98.718460	-16.078103	1.000215e+05	1.626965e+01	1.081865e+05	1.078051e+05	5.759861e+04	5.712451e+04	3.023669e+02	2.325773e+01	2020	2	9	6
	1978	784	98.155960	-16.453102	9.998304e+04	1.687386e+01	1.081942e+05	1.077570e+05	5.753371e+04	5.713400e+04	3.023869e+02	1.722751e+01	2020	2	9	12
	1979	777	98.296585	-17.109351	9.997005e+04	1.652192e+01	1.081670e+05	1.077858e+05	5.753416e+04	5.711032e+04	3.021595e+02	1.948897e+01	2020	2	9	18
	1988	776	99.562209	-17.203101	9.989700e+04	1.610597e+01	1.079766e+05	1.076506e+05	5.746775e+04	5.703612e+04	3.020788e+02	1.576699e+01	2020	2	10	0
	1976	786	97.874710	-16.265602	9.977830e+04	1.917939e+01	1.079642e+05	1.076417e+05	5.741856e+04	5.698384e+04	3.021817e+02	1.864716e+01	2020	2	10	6
	1981	773	98.577835	-17.484351	9.962820e+04	1.803083e+01	1.078985e+05	1.076349e+05	5.739698e+04	5.689641e+04	3.023215e+02	1.744469e+01	2020	2	10	12
	1975	772	97.734086	-17.578101	9.961710e+04	1.824487e+01	1.078388e+05	1.074294e+05	5.733209e+04	5.689986e+04	3.021960e+02	1.248689e+01	2020	2	10	18
	1973	780	97.452836	-16.828102	9.957488e+04	1.865050e+01	1.077380e+05	1.074205e+05	5.732832e+04	5.685665e+04	3.020850e+02	1.041038e+01	2020	2	11	0
	1978	777	98.155960	-17.109351	9.954946e+04	1.840727e+01	1.078597e+05	1.073696e+05	5.738038e+04	5.685862e+04	3.023987e+02	9.863477e+00	2020	2	11	6
	1976	773	97.874710	-17.484351	9.956784e+04	1.694730e+01	1.079512e+05	1.074424e+05	5.741167e+04	5.684697e+04	3.025430e+02	6.184750e+00	2020	2	11	12
	1975	775	97.734086	-17.296851	9.973522e+04	1.590559e+01	1.079705e+05	1.075417e+05	5.745720e+04	5.690107e+04	3.024103e+02	9.396863e+00	2020	2	11	18
	1970	777	97.030961	-17.109351	9.975100e+04	1.790951e+01	1.079836e+05	1.076155e+05	5.752315e+04	5.689100e+04	3.022484e+02	9.037003e+00	2020	2	12	0
	1976	768	97.874710	-17.953100	9.972623e+04	1.634116e+01	1.081158e+05	1.078383e+05	5.759023e+04	5.705125e+04	3.023253e+02	7.333328e+00	2020	2	12	6
	1972	767	97.312211	-18.046850	9.974450e+04	1.603547e+01	1.081565e+05	1.078792e+05	5.758182e+04	5.707149e+04	3.021391e+02	7.644625e+00	2020	2	12	12
	1974	763	97.593461	-18.421849	9.986342e+04	1.441392e+01	1.081071e+05	1.078160e+05	5.755016e+04	5.712827e+04	3.018293e+02	7.075908e+00	2020	2	12	18
	1970	763	97.030961	-18.421849	9.977309e+04	1.892143e+01	1.080036e+05	1.077711e+05	5.747141e+04	5.701302e+04	3.016461e+02	6.726869e+00	2020	2	13	0
	1970	754	97.030961	-19.265598	9.978140e+04	1.790049e+01	1.080232e+05	1.078078e+05	5.744583e+04	5.706418e+04	3.016158e+02	5.808690e+00	2020	2	13	6
	1967	758	96.609087	-18.890599	9.971747e+04	1.765735e+01	1.079841e+05	1.077738e+05	5.734221e+04	5.702247e+04	3.014784e+02	5.820381e+00	2020	2	13	12
	1968	751	96.749712	-19.546848	9.989602e+04	1.710522e+01	1.080043e+05	1.077544e+05	5.741049e+04	5.710337e+04	3.010594e+02	6.089893e+00	2020	2	13	18
	1968	755	96.749712	-19.171848	9.994191e+04	1.868224e+01	1.078923e+05	1.076828e+05	5.741687e+04	5.711130e+04	3.012691e+02	3.228505e+00	2020	2	14	0
start	71	2020	2	7	12
	2453	824	164.952766	-12.703107	1.001990e+05	1.098833e+01	1.081342e+05	1.078254e+05	5.746499e+04	5.711045e+04	3.034067e+02	2.775950e+01	2020	2	7	12
	2450	814	164.530891	-13.640606	9.992038e+04	1.202860e+01	1.079199e+05	1.076128e+05	5.730361e+04	5.686239e+04	3.032343e+02	1.970841e+01	2020	2	7	18
	2446	806	163.968392	-14.390605	1.000993e+05	1.257799e+01	1.081576e+05	1.078879e+05	5.751479e+04	5.712765e+04	3.031968e+02	2.017123e+01	2020	2	8	0
	2439	794	162.984018	-15.515603	9.982352e+04	1.434708e+01	1.080210e+05	1.076854e+05	5.732039e+04	5.694686e+04	3.033281e+02	2.993981e+01	2020	2	8	6
	2433	790	162.140268	-15.890603	1.000355e+05	1.610371e+01	1.082699e+05	1.079780e+05	5.753118e+04	5.717114e+04	3.032029e+02	3.099125e+01	2020	2	8	12
	2425	787	161.015270	-16.171853	9.969909e+04	1.674864e+01	1.080582e+05	1.077302e+05	5.732814e+04	5.688711e+04	3.028279e+02	2.310428e+01	2020	2	8	18
	2421	780	160.452770	-16.828102	9.991485e+04	1.619599e+01	1.082841e+05	1.079548e+05	5.758316e+04	5.702211e+04	3.025468e+02	1.917366e+01	2020	2	9	0
	2413	775	159.327771	-17.296851	9.961527e+04	1.660278e+01	1.081347e+05	1.077740e+05	5.743596e+04	5.673770e+04	3.024952e+02	1.996679e+01	2020	2	9	6
	2404	771	158.062148	-17.671850	9.983148e+04	1.597026e+01	1.083476e+05	1.080020e+05	5.767755e+04	5.696121e+04	3.025004e+02	2.039164e+01	2020	2	9	12
	2396	767	156.937149	-18.046850	9.953069e+04	1.515396e+01	1.081547e+05	1.077923e+05	5.749733e+04	5.674691e+04	3.023063e+02	1.773083e+01	2020	2	9	18
	2388	768	155.812150	-17.953100	9.968554e+04	1.599953e+01	1.083713e+05	1.080024e+05	5.776718e+04	5.694609e+04	3.024912e+02	1.612003e+01	2020	2	10	0
	2381	766	154.827776	-18.140600	9.941480e+04	1.798306e+01	1.081953e+05	1.077877e+05	5.758681e+04	5.670525e+04	3.024472e+02	2.248353e+01	2020	2	10	6
	2372	769	153.562152	-17.859350	9.955116e+04	1.824055e+01	1.083957e+05	1.080064e+05	5.781522e+04	5.683024e+04	3.024591e+02	3.357343e+01	2020	2	10	12
	2364	772	152.437154	-17.578101	9.906685e+04	2.071503e+01	1.081807e+05	1.076777e+05	5.755089e+04	5.644082e+04	3.025914e+02	3.146351e+01	2020	2	10	18
	2355	772	151.171530	-17.578101	9.911091e+04	2.116047e+01	1.084300e+05	1.077761e+05	5.779818e+04	5.645923e+04	3.027674e+02	2.623242e+01	2020	2	11	0
	2344	774	149.624657	-17.390601	9.866452e+04	2.169676e+01	1.082274e+05	1.074965e+05	5.758518e+04	5.611750e+04	3.028350e+02	3.077182e+01	2020	2	11	6
	2332	776	147.937158	-17.203101	9.866907e+04	2.365701e+01	1.085018e+05	1.076873e+05	5.774275e+04	5.620589e+04	9.999000e+03	3.935826e+01	2020	2	11	12
	2323	773	146.671535	-17.484351	9.823152e+04	2.582579e+01	1.082799e+05	1.074151e+05	5.755459e+04	5.594734e+04	9.999000e+03	3.218093e+01	2020	2	11	18
	2310	773	144.843411	-17.484351	9.895986e+04	1.926916e+01	1.084052e+05	1.077139e+05	5.773426e+04	5.637883e+04	9.999000e+03	2.178119e+01	2020	2	12	0
	2299	764	143.296538	-18.328100	9.880675e+04	1.388711e+01	1.082608e+05	1.076498e+05	5.761326e+04	5.633724e+04	9.999000e+03	1.961905e+01	2020	2	12	6
	2286	759	141.468415	-18.796849	9.912935e+04	1.655266e+01	1.084474e+05	1.079004e+05	5.780475e+04	5.657736e+04	9.999000e+03	1.935832e+01	2020	2	12	12
	2277	760	140.202791	-18.703099	9.896734e+04	1.599985e+01	1.081530e+05	1.076629e+05	5.750270e+04	5.638416e+04	9.999000e+03	2.229091e+01	2020	2	12	18
	2270	758	139.218417	-18.890599	9.940082e+04	1.468793e+01	1.083531e+05	1.079099e+05	5.773010e+04	5.668777e+04	9.999000e+03	1.871821e+01	2020	2	13	0
	2264	755	138.374668	-19.171848	9.926449e+04	1.344428e+01	1.081629e+05	1.077718e+05	5.758352e+04	5.657654e+04	9.999000e+03	2.088821e+01	2020	2	13	6
	2253	751	136.827795	-19.546848	9.946295e+04	1.522577e+01	1.082917e+05	1.078993e+05	5.779082e+04	5.676818e+04	9.999000e+03	2.257373e+01	2020	2	13	12
	2242	754	135.280921	-19.265598	9.925215e+04	1.575933e+01	1.080655e+05	1.077717e+05	5.755197e+04	5.661339e+04	9.999000e+03	1.561329e+01	2020	2	13	18
	2237	755	134.577797	-19.171848	9.951504e+04	1.544412e+01	1.082723e+05	1.079937e+05	5.776048e+04	5.687562e+04	9.999000e+03	1.711319e+01	2020	2	14	0
	2231	756	133.734048	-19.078098	9.929781e+04	1.536229e+01	1.081949e+05	1.079003e+05	5.759276e+04	5.675030e+04	9.999000e+03	2.739349e+01	2020	2	14	6
	2222	756	132.468424	-19.078098	9.955601e+04	1.484634e+01	1.083400e+05	1.079871e+05	5.772575e+04	5.688783e+04	9.999000e+03	2.987328e+01	2020	2	14	12
	2215	758	131.484050	-18.890599	9.928998e+04	1.472835e+01	1.081204e+05	1.077482e+05	5.750384e+04	5.665483e+04	9.999000e+03	2.042806e+01	2020	2	14	18
	2207	754	130.359052	-19.265598	9.963511e+04	1.463674e+01	1.083548e+05	1.079403e+05	5.773526e+04	5.684796e+04	9.999000e+03	2.054039e+01	2020	2	15	0
	2199	753	129.234053	-19.359348	9.937868e+04	1.442136e+01	1.083159e+05	1.079314e+05	5.759873e+04	5.676379e+04	9.999000e+03	2.761935e+01	2020	2	15	6
	2190	751	127.968429	-19.546848	9.961218e+04	1.326672e+01	1.084940e+05	1.080640e+05	5.772895e+04	5.692295e+04	9.999000e+03	2.393169e+01	2020	2	15	12
	2178	743	126.280931	-20.296847	9.936737e+04	1.445439e+01	1.082319e+05	1.078330e+05	5.757423e+04	5.668251e+04	9.999000e+03	1.488662e+01	2020	2	15	18
	2176	746	125.999681	-20.015597	9.953370e+04	1.472274e+01	1.083991e+05	1.080025e+05	5.771394e+04	5.686611e+04	9.999000e+03	1.457040e+01	2020	2	16	0
	2168	736	124.874682	-20.953096	9.935647e+04	1.460176e+01	1.084058e+05	1.079956e+05	5.760346e+04	5.678709e+04	9.999000e+03	2.766767e+01	2020	2	16	6
	2159	734	123.609059	-21.140596	9.950512e+04	1.227105e+01	1.084334e+05	1.080338e+05	5.771014e+04	5.685566e+04	9.999000e+03	3.055960e+01	2020	2	16	12
	2153	735	122.765309	-21.046846	9.923328e+04	1.289707e+01	1.081876e+05	1.077498e+05	5.746368e+04	5.659603e+04	9.999000e+03	2.130191e+01	2020	2	16	18
	2146	731	121.780936	-21.421845	9.933277e+04	1.353207e+01	1.082718e+05	1.078726e+05	5.760566e+04	5.668344e+04	9.999000e+03	1.877568e+01	2020	2	17	0
	2140	732	120.937186	-21.328095	9.911740e+04	1.493789e+01	1.082188e+05	1.078629e+05	5.748459e+04	5.659240e+04	9.999000e+03	2.341058e+01	2020	2	17	6
	2132	729	119.812188	-21.609345	9.929754e+04	1.179935e+01	1.083546e+05	1.079318e+05	5.756029e+04	5.669923e+04	9.999000e+03	2.114580e+01	2020	2	17	12
	2125	736	118.827814	-20.953096	9.902842e+04	1.548640e+01	1.081431e+05	1.077102e+05	5.735680e+04	5.649851e+04	9.999000e+03	1.738172e+01	2020	2	17	18
	2122	735	118.405939	-21.046846	9.909390e+04	1.348864e+01	1.081835e+05	1.077533e+05	5.740927e+04	5.653725e+04	9.999000e+03	1.509380e+01	2020	2	18	0
	2116	735	117.562190	-21.046846	9.902038e+04	1.321138e+01	1.082073e+05	1.077648e+05	5.732464e+04	5.653425e+04	9.999000e+03	1.671722e+01	2020	2	18	6
	2102	724	115.593442	-22.078094	9.918958e+04	1.238597e+01	1.083004e+05	1.078723e+05	5.750901e+04	5.662830e+04	9.999000e+03	1.828880e+01	2020	2	18	12
	2096	728	114.749693	-21.703095	9.873459e+04	1.675723e+01	1.081886e+05	1.077544e+05	5.739074e+04	5.645298e+04	9.999000e+03	1.778878e+01	2020	2	18	18
	2091	728	114.046569	-21.703095	9.885915e+04	1.620156e+01	1.082645e+05	1.077767e+05	5.743696e+04	5.646433e+04	9.999000e+03	1.408128e+01	2020	2	19	0
	2083	725	112.921570	-21.984344	9.883496e+04	1.724054e+01	1.082585e+05	1.077427e+05	5.740205e+04	5.644109e+04	9.999000e+03	1.796933e+01	2020	2	19	6
	2079	720	112.359070	-22.453094	9.894494e+04	1.691190e+01	1.083926e+05	1.078741e+05	5.753905e+04	5.656605e+04	9.999000e+03	1.778110e+01	2020	2	19	12
	2073	720	111.515321	-22.453094	9.889865e+04	1.672101e+01	1.082099e+05	1.077768e+05	5.744154e+04	5.648312e+04	3.006586e+02	1.652872e+01	2020	2	19	18
	2065	718	110.390322	-22.640594	9.901448e+04	1.680548e+01	1.082663e+05	1.078359e+05	5.752548e+04	5.656987e+04	3.004256e+02	1.581970e+01	2020	2	20	0
	2059	716	109.546573	-22.828093	9.895741e+04	1.857911e+01	1.082501e+05	1.077865e+05	5.751569e+04	5.650234e+04	3.005001e+02	1.514092e+01	2020	2	20	6
	2053	719	108.702824	-22.546844	9.903254e+04	2.155462e+01	1.083229e+05	1.078751e+05	5.758325e+04	5.656016e+04	3.006067e+02	1.446292e+01	2020	2	20	12
	2046	724	107.718450	-22.078094	9.903369e+04	1.880728e+01	1.082000e+05	1.078082e+05	5.751983e+04	5.652967e+04	3.007708e+02	1.474467e+01	2020	2	20	18
	2040	719	106.874701	-22.546844	9.911452e+04	1.798117e+01	1.082288e+05	1.078152e+05	5.763621e+04	5.659232e+04	3.001208e+02	9.607428e+00	2020	2	21	0
	2033	719	105.890327	-22.546844	9.905902e+04	1.811089e+01	1.082012e+05	1.078479e+05	5.761966e+04	5.657281e+04	3.002679e+02	1.166278e+01	2020	2	21	6
	2025	720	104.765328	-22.453094	9.915028e+04	1.866788e+01	1.082816e+05	1.078622e+05	5.765368e+04	5.663779e+04	3.004337e+02	1.232483e+01	2020	2	21	12
	2017	727	103.640329	-21.796845	9.917082e+04	1.850097e+01	1.081279e+05	1.077830e+05	5.754747e+04	5.667473e+04	3.003147e+02	1.352968e+01	2020	2	21	18
	2010	727	102.655955	-21.796845	9.919460e+04	1.957617e+01	1.080624e+05	1.076987e+05	5.755368e+04	5.663240e+04	3.001268e+02	9.277694e+00	2020	2	22	0
	2003	730	101.671581	-21.515595	9.921873e+04	1.748122e+01	1.080659e+05	1.077372e+05	5.751881e+04	5.665164e+04	2.999810e+02	9.115550e+00	2020	2	22	6
	2000	731	101.249707	-21.421845	9.929720e+04	1.805653e+01	1.081442e+05	1.077110e+05	5.753248e+04	5.670335e+04	3.000215e+02	1.046931e+01	2020	2	22	12
	1991	732	99.984083	-21.328095	9.935294e+04	1.984064e+01	1.079976e+05	1.076884e+05	5.748074e+04	5.667227e+04	2.998870e+02	1.789979e+01	2020	2	22	18
	1987	728	99.421584	-21.703095	9.930162e+04	1.917300e+01	1.079557e+05	1.075583e+05	5.743488e+04	5.657852e+04	2.994058e+02	1.404580e+01	2020	2	23	0
	1980	725	98.437210	-21.984344	9.929777e+04	1.897736e+01	1.079206e+05	1.075075e+05	5.739885e+04	5.655994e+04	2.991876e+02	1.358221e+01	2020	2	23	6
	1977	721	98.015335	-22.359344	9.925709e+04	1.994713e+01	1.079045e+05	1.074553e+05	5.739664e+04	5.650224e+04	2.989477e+02	1.618974e+01	2020	2	23	12
	1976	719	97.874710	-22.546844	9.932187e+04	1.723613e+01	1.077902e+05	1.074557e+05	5.740898e+04	5.651818e+04	2.987476e+02	1.767535e+01	2020	2	23	18
	1972	712	97.312211	-23.203093	9.917538e+04	1.924324e+01	1.077702e+05	1.071849e+05	5.736118e+04	5.642766e+04	2.987888e+02	1.313564e+01	2020	2	24	0
	1973	709	97.452836	-23.484342	9.925198e+04	1.698751e+01	1.079114e+05	1.071252e+05	5.742552e+04	5.652003e+04	2.986656e+02	1.251596e+01	2020	2	24	6
	1975	704	97.734086	-23.953092	9.929256e+04	1.953525e+01	1.079781e+05	1.070163e+05	5.744845e+04	5.658616e+04	2.986161e+02	1.292520e+01	2020	2	24	12
	1974	704	97.593461	-23.953092	9.948823e+04	2.101949e+01	1.079156e+05	1.069078e+05	5.752221e+04	5.675012e+04	2.985726e+02	1.009663e+01	2020	2	24	18
	1977	701	98.015335	-24.234341	9.976910e+04	1.735446e+01	1.079248e+05	1.067944e+05	5.758998e+04	5.702821e+04	2.985259e+02	5.467664e+00	2020	2	25	0
start	24	2020	2	9	12
	2157	749	123.327809	-19.734348	9.975688e+04	1.442574e+01	1.082567e+05	1.079259e+05	5.750645e+04	5.694840e+04	9.999000e+03	2.212760e+01	2020	2	9	12
	2158	751	123.468434	-19.546848	9.953778e+04	1.388161e+01	1.080228e+05	1.076541e+05	5.735827e+04	5.669425e+04	9.999000e+03	1.726956e+01	2020	2	9	18
	2144	749	121.499686	-19.734348	9.955280e+04	1.190433e+01	1.081643e+05	1.078034e+05	5.747113e+04	5.673425e+04	9.999000e+03	1.591790e+01	2020	2	10	0
	2138	746	120.655937	-20.015597	9.935238e+04	1.211396e+01	1.081346e+05	1.076912e+05	5.737158e+04	5.662248e+04	9.999000e+03	2.054749e+01	2020	2	10	6
	2132	747	119.812188	-19.921847	9.949965e+04	1.191407e+01	1.082471e+05	1.078690e+05	5.754924e+04	5.674543e+04	9.999000e+03	2.010041e+01	2020	2	10	12
	2123	743	118.546564	-20.296847	9.930536e+04	1.508901e+01	1.080588e+05	1.076627e+05	5.742024e+04	5.658776e+04	9.999000e+03	1.933541e+01	2020	2	10	18
	2118	739	117.843440	-20.671846	9.941205e+04	1.464749e+01	1.081999e+05	1.078364e+05	5.761663e+04	5.673291e+04	9.999000e+03	1.378218e+01	2020	2	11	0
	2095	721	114.609068	-22.359344	9.940758e+04	1.322167e+01	1.081726e+05	1.077846e+05	5.761279e+04	5.672680e+04	9.999000e+03	1.425044e+01	2020	2	11	6
	2100	725	115.312192	-21.984344	9.946293e+04	1.224297e+01	1.082872e+05	1.079448e+05	5.767705e+04	5.685245e+04	9.999000e+03	1.302629e+01	2020	2	11	12
	2093	730	114.327818	-21.515595	9.941501e+04	1.587139e+01	1.081345e+05	1.077501e+05	5.758359e+04	5.674200e+04	9.999000e+03	1.291430e+01	2020	2	11	18
	2084	720	113.062195	-22.453094	9.960391e+04	1.835777e+01	1.082193e+05	1.078707e+05	5.775737e+04	5.686048e+04	9.999000e+03	7.517660e+00	2020	2	12	0
	2075	716	111.796571	-22.828093	9.954973e+04	1.744309e+01	1.081455e+05	1.078042e+05	5.773793e+04	5.683007e+04	9.999000e+03	6.476332e+00	2020	2	12	6
	2065	716	110.390322	-22.828093	9.965824e+04	1.439254e+01	1.082999e+05	1.078514e+05	5.781492e+04	5.688984e+04	3.002574e+02	5.827288e+00	2020	2	12	12
	2057	715	109.265324	-22.921843	9.965710e+04	1.453197e+01	1.081312e+05	1.077033e+05	5.776263e+04	5.687755e+04	3.003910e+02	4.670701e+00	2020	2	12	18
	2046	712	107.718450	-23.203093	9.973278e+04	1.472530e+01	1.081248e+05	1.077699e+05	5.779181e+04	5.694412e+04	2.998847e+02	3.797621e+00	2020	2	13	0
	2038	706	106.593451	-23.765592	9.968711e+04	1.362891e+01	1.080962e+05	1.077537e+05	5.773755e+04	5.692472e+04	2.996650e+02	5.208318e+00	2020	2	13	6
	2025	698	104.765328	-24.515591	9.971712e+04	1.484226e+01	1.081947e+05	1.078085e+05	5.773774e+04	5.695888e+04	2.992387e+02	3.453434e+00	2020	2	13	12
	2018	693	103.780954	-24.984340	9.987079e+04	1.393891e+01	1.081420e+05	1.077263e+05	5.768404e+04	5.702616e+04	2.990105e+02	4.553674e+00	2020	2	13	18
	2008	685	102.374706	-25.734339	1.000007e+05	1.436823e+01	1.081093e+05	1.077305e+05	5.768459e+04	5.707888e+04	2.986924e+02	3.092362e+00	2020	2	14	0
	2003	678	101.671581	-26.390588	1.000160e+05	1.416098e+01	1.080271e+05	1.076468e+05	5.761057e+04	5.710395e+04	2.980217e+02	2.353029e+00	2020	2	14	6
	2001	668	101.390332	-27.328087	1.000748e+05	1.467515e+01	1.080594e+05	1.074960e+05	5.757916e+04	5.711745e+04	2.976889e+02	4.795682e+00	2020	2	14	12
	1996	659	100.687208	-28.171836	1.001806e+05	1.465606e+01	1.079577e+05	1.072916e+05	5.749595e+04	5.713444e+04	2.973199e+02	9.002650e+00	2020	2	14	18
	1992	653	100.124708	-28.734335	1.002645e+05	1.549184e+01	1.078882e+05	1.070384e+05	5.753249e+04	5.703657e+04	2.969598e+02	8.052914e+00	2020	2	15	0
	1993	649	100.265333	-29.109335	1.002999e+05	1.493324e+01	1.079295e+05	1.069482e+05	5.753703e+04	5.700327e+04	2.969846e+02	6.998672e+00	2020	2	15	6
start	26	2020	2	16	18
	2306	838	144.280912	-11.390609	1.003077e+05	1.228798e+01	1.079442e+05	1.077906e+05	5.739818e+04	5.716318e+04	9.999000e+03	3.441034e+01	2020	2	16	18
	2310	841	144.843411	-11.109360	1.004743e+05	1.445902e+01	1.081871e+05	1.080197e+05	5.764404e+04	5.731433e+04	9.999000e+03	3.515432e+01	2020	2	17	0
	2311	835	144.984036	-11.671859	1.001055e+05	1.456379e+01	1.079633e+05	1.077712e+05	5.740039e+04	5.705122e+04	9.999000e+03	2.943974e+01	2020	2	17	6
	2306	841	144.280912	-11.109360	1.002728e+05	1.411124e+01	1.081263e+05	1.080104e+05	5.760577e+04	5.721158e+04	9.999000e+03	3.355714e+01	2020	2	17	12
	2300	834	143.437163	-11.765609	9.988627e+04	1.427869e+01	1.078431e+05	1.077015e+05	5.735791e+04	5.688538e+04	9.999000e+03	3.185291e+01	2020	2	17	18
	2294	832	142.593414	-11.953108	1.002018e+05	1.465517e+01	1.080719e+05	1.079267e+05	5.760229e+04	5.712065e+04	9.999000e+03	3.384369e+01	2020	2	18	0
	2293	829	142.452789	-12.234358	9.988550e+04	1.389046e+01	1.078978e+05	1.077546e+05	5.737967e+04	5.686026e+04	9.999000e+03	3.105620e+01	2020	2	18	6
	2287	824	141.609040	-12.703107	9.996417e+04	1.594026e+01	1.081305e+05	1.079133e+05	5.764273e+04	5.699769e+04	9.999000e+03	4.102444e+01	2020	2	18	12
	2284	824	141.187165	-12.703107	9.940618e+04	1.696725e+01	1.078914e+05	1.075844e+05	5.740407e+04	5.660381e+04	9.999000e+03	4.347101e+01	2020	2	18	18
	2282	814	140.905916	-13.640606	9.959838e+04	2.094198e+01	1.081334e+05	1.078154e+05	5.768204e+04	5.687489e+04	9.999000e+03	3.972939e+01	2020	2	19	0
	2278	810	140.343416	-14.015606	9.914419e+04	1.950192e+01	1.080056e+05	1.076395e+05	5.747630e+04	5.653277e+04	9.999000e+03	4.034375e+01	2020	2	19	6
	2274	805	139.780917	-14.484355	9.912392e+04	2.192676e+01	1.081711e+05	1.076943e+05	5.770628e+04	5.649520e+04	9.999000e+03	4.553603e+01	2020	2	19	12
	2270	800	139.218417	-14.953104	9.848916e+04	2.281073e+01	1.079310e+05	1.073942e+05	5.745001e+04	5.598380e+04	9.999000e+03	4.274595e+01	2020	2	19	18
	2267	793	138.796543	-15.609353	9.838083e+04	2.446308e+01	1.081821e+05	1.074698e+05	5.767768e+04	5.604935e+04	9.999000e+03	3.397103e+01	2020	2	20	0
	2266	784	138.655918	-16.453102	9.783176e+04	2.602367e+01	1.081112e+05	1.072222e+05	5.753025e+04	5.567865e+04	9.999000e+03	3.149621e+01	2020	2	20	6
	2263	776	138.234043	-17.203101	9.829055e+04	2.544369e+01	1.082345e+05	1.073922e+05	5.769509e+04	5.605998e+04	9.999000e+03	3.363089e+01	2020	2	20	12
	2259	766	137.671544	-18.140600	9.858734e+04	1.939813e+01	1.079303e+05	1.072692e+05	5.745700e+04	5.601041e+04	9.999000e+03	2.522571e+01	2020	2	20	18
	2255	760	137.109045	-18.703099	9.917689e+04	1.819148e+01	1.081588e+05	1.076679e+05	5.765186e+04	5.644767e+04	9.999000e+03	2.233599e+01	2020	2	21	0
	2253	756	136.827795	-19.078098	9.904264e+04	1.569278e+01	1.079861e+05	1.076203e+05	5.743605e+04	5.635905e+04	9.999000e+03	2.683950e+01	2020	2	21	6
	2249	751	136.265295	-19.546848	9.944499e+04	1.499502e+01	1.081310e+05	1.077855e+05	5.760120e+04	5.667434e+04	9.999000e+03	2.914891e+01	2020	2	21	12
	2247	749	135.984046	-19.734348	9.928759e+04	1.549336e+01	1.079066e+05	1.075494e+05	5.729615e+04	5.648478e+04	9.999000e+03	2.048071e+01	2020	2	21	18
	2246	742	135.843421	-20.390597	9.951912e+04	1.562770e+01	1.080539e+05	1.078478e+05	5.751235e+04	5.670541e+04	9.999000e+03	1.333030e+01	2020	2	22	0
	2242	739	135.280921	-20.671846	9.937194e+04	1.459671e+01	1.079625e+05	1.077161e+05	5.736361e+04	5.667025e+04	9.999000e+03	1.674392e+01	2020	2	22	6
	2237	735	134.577797	-21.046846	9.971291e+04	1.293531e+01	1.081756e+05	1.079098e+05	5.752777e+04	5.694116e+04	9.999000e+03	1.388355e+01	2020	2	22	12
	2229	732	133.452798	-21.328095	9.954863e+04	1.389589e+01	1.079151e+05	1.076720e+05	5.733200e+04	5.672684e+04	9.999000e+03	1.025451e+01	2020	2	22	18
	2223	732	132.609049	-21.328095	9.982512e+04	1.120074e+01	1.081017e+05	1.079192e+05	5.747904e+04	5.693545e+04	9.999000e+03	1.067910e+01	2020	2	23	0
start	42	2020	2	21	0
	1773	821	69.327865	-12.984357	1.005932e+05	1.350728e+01	1.078448e+05	1.076477e+05	5.758873e+04	5.720750e+04	3.034988e+02	2.116894e+01	2020	2	21	0
	1777	816	69.890365	-13.453106	1.007697e+05	1.441394e+01	1.080911e+05	1.079059e+05	5.782435e+04	5.741714e+04	3.033556e+02	1.914911e+01	2020	2	21	6
	1774	810	69.468490	-14.015606	1.004784e+05	1.286138e+01	1.079933e+05	1.077428e+05	5.768821e+04	5.723879e+04	3.033289e+02	2.233332e+01	2020	2	21	12
	1773	801	69.327865	-14.859354	1.006498e+05	1.346153e+01	1.081567e+05	1.079640e+05	5.785571e+04	5.745707e+04	3.032499e+02	2.822890e+01	2020	2	21	18
	1768	795	68.624741	-15.421854	1.003206e+05	1.463111e+01	1.079411e+05	1.076964e+05	5.766547e+04	5.716416e+04	3.031825e+02	2.307677e+01	2020	2	22	0
	1765	792	68.202866	-15.703103	1.004572e+05	1.613798e+01	1.081670e+05	1.079125e+05	5.783810e+04	5.732731e+04	3.031526e+02	1.956946e+01	2020	2	22	6
	1761	785	67.640367	-16.359352	1.002190e+05	1.540604e+01	1.080636e+05	1.077336e+05	5.771789e+04	5.721685e+04	3.031466e+02	2.295055e+01	2020	2	22	12
	1757	781	67.077868	-16.734352	1.003433e+05	1.741065e+01	1.081799e+05	1.079450e+05	5.789408e+04	5.729548e+04	3.028900e+02	2.586846e+01	2020	2	22	18
	1754	780	66.655993	-16.828102	9.997112e+04	1.934664e+01	1.079755e+05	1.076458e+05	5.770886e+04	5.693685e+04	3.028052e+02	1.890772e+01	2020	2	23	0
	1749	779	65.952869	-16.921851	1.000629e+05	1.919188e+01	1.081698e+05	1.077805e+05	5.788177e+04	5.707179e+04	3.029200e+02	1.590421e+01	2020	2	23	6
	1746	778	65.530994	-17.015601	9.973495e+04	2.030204e+01	1.080385e+05	1.075642e+05	5.772984e+04	5.676973e+04	3.029572e+02	2.092211e+01	2020	2	23	12
	1742	780	64.968495	-16.828102	9.976543e+04	1.999463e+01	1.081932e+05	1.077078e+05	5.788989e+04	5.671697e+04	3.031709e+02	1.992724e+01	2020	2	23	18
	1738	782	64.405995	-16.640602	9.923092e+04	2.273496e+01	1.079438e+05	1.074112e+05	5.768026e+04	5.633870e+04	3.032511e+02	2.310341e+01	2020	2	24	0
	1734	783	63.843496	-16.546852	9.916530e+04	2.185468e+01	1.081524e+05	1.075081e+05	5.779147e+04	5.631786e+04	3.032445e+02	2.294026e+01	2020	2	24	6
	1731	784	63.421621	-16.453102	9.856534e+04	2.332571e+01	1.079824e+05	1.071522e+05	5.763357e+04	5.587945e+04	3.032678e+02	2.960060e+01	2020	2	24	12
	1727	786	62.859122	-16.265602	9.852720e+04	2.559585e+01	1.081639e+05	1.073257e+05	5.778145e+04	5.590502e+04	3.032264e+02	3.441140e+01	2020	2	24	18
	1724	788	62.437247	-16.078103	9.798955e+04	2.811540e+01	1.079515e+05	1.070145e+05	5.754591e+04	5.560569e+04	3.031884e+02	3.459307e+01	2020	2	25	0
	1722	787	62.155998	-16.171853	9.802995e+04	2.768644e+01	1.081013e+05	1.071422e+05	5.769217e+04	5.570698e+04	3.031153e+02	3.460504e+01	2020	2	25	6
	1719	784	61.734123	-16.453102	9.753912e+04	2.819675e+01	1.079009e+05	1.068571e+05	5.744605e+04	5.529010e+04	3.030617e+02	3.676183e+01	2020	2	25	12
	1717	783	61.452873	-16.546852	9.760746e+04	3.148661e+01	1.080926e+05	1.069604e+05	5.764744e+04	5.548629e+04	3.028828e+02	3.941829e+01	2020	2	25	18
	1716	780	61.312249	-16.828102	9.741202e+04	3.201175e+01	1.078229e+05	1.067688e+05	5.740835e+04	5.531313e+04	3.027396e+02	3.736267e+01	2020	2	26	0
	1715	777	61.171624	-17.109351	9.776388e+04	3.124039e+01	1.080925e+05	1.071309e+05	5.763696e+04	5.564357e+04	3.026408e+02	3.630577e+01	2020	2	26	6
	1716	774	61.312249	-17.390601	9.749890e+04	3.106151e+01	1.079416e+05	1.069737e+05	5.745209e+04	5.541539e+04	3.022967e+02	3.829546e+01	2020	2	26	12
	1717	770	61.452873	-17.765600	9.785412e+04	3.045893e+01	1.081112e+05	1.070672e+05	5.764194e+04	5.561670e+04	3.018238e+02	4.243904e+01	2020	2	26	18
	1719	769	61.734123	-17.859350	9.767291e+04	2.640200e+01	1.078887e+05	1.067887e+05	5.736554e+04	5.540792e+04	3.012692e+02	3.662376e+01	2020	2	27	0
	1721	769	62.015373	-17.859350	9.799523e+04	2.559379e+01	1.080642e+05	1.070308e+05	5.756846e+04	5.569616e+04	3.010590e+02	3.244594e+01	2020	2	27	6
	1728	766	62.999747	-18.140600	9.783367e+04	2.800176e+01	1.078538e+05	1.069563e+05	5.737841e+04	5.556264e+04	9.999000e+03	4.028887e+01	2020	2	27	12
	1733	758	63.702871	-18.890599	9.791852e+04	2.978808e+01	1.080478e+05	1.070444e+05	5.754666e+04	5.568259e+04	9.999000e+03	4.842195e+01	2020	2	27	18
	1738	750	64.405995	-19.640598	9.748682e+04	2.755239e+01	1.077890e+05	1.067317e+05	5.723313e+04	5.534327e+04	9.999000e+03	4.621302e+01	2020	2	28	0
	1738	740	64.405995	-20.578096	9.753409e+04	2.724790e+01	1.079270e+05	1.068829e+05	5.734580e+04	5.548485e+04	9.999000e+03	4.373046e+01	2020	2	28	6
	1740	730	64.687245	-21.515595	9.700065e+04	2.735360e+01	1.078012e+05	1.066423e+05	5.717360e+04	5.511088e+04	3.007442e+02	4.593848e+01	2020	2	28	12
	1743	719	65.109120	-22.546844	9.714069e+04	2.749217e+01	1.080231e+05	1.068622e+05	5.741356e+04	5.522257e+04	3.001267e+02	4.207720e+01	2020	2	28	18
	1745	710	65.390369	-23.390592	9.715703e+04	2.674672e+01	1.078338e+05	1.068817e+05	5.722686e+04	5.531340e+04	2.998956e+02	3.693290e+01	2020	2	29	0
	1747	700	65.671619	-24.328091	9.752601e+04	2.742345e+01	1.081084e+05	1.071843e+05	5.744476e+04	5.577578e+04	2.997581e+02	3.375476e+01	2020	2	29	6
	1746	685	65.530994	-25.734339	9.761066e+04	2.570650e+01	1.079674e+05	1.067397e+05	5.730562e+04	5.599042e+04	2.994590e+02	3.224763e+01	2020	2	29	12
	1747	673	65.671619	-26.859338	9.829079e+04	2.311705e+01	1.081865e+05	1.066160e+05	5.754283e+04	5.645663e+04	2.992561e+02	2.678399e+01	2020	2	29	18
	1743	658	65.109120	-28.265586	9.859366e+04	2.202018e+01	1.080584e+05	1.060659e+05	5.741691e+04	5.637275e+04	2.985606e+02	2.413472e+01	2020	3	1	0
	1744	642	65.249744	-29.765584	9.902922e+04	2.012094e+01	1.082241e+05	1.058474e+05	5.759480e+04	5.630079e+04	2.979394e+02	1.905853e+01	2020	3	1	6
	1743	622	65.109120	-31.640581	9.902480e+04	2.212419e+01	1.080754e+05	1.052538e+05	5.749598e+04	5.602980e+04	2.966767e+02	1.989112e+01	2020	3	1	12
	1741	604	64.827870	-33.328079	9.922694e+04	2.350876e+01	1.081130e+05	1.049798e+05	5.760296e+04	5.594813e+04	2.952460e+02	2.249832e+01	2020	3	1	18
	1738	584	64.405995	-35.203076	9.892919e+04	2.333750e+01	1.078390e+05	1.045425e+05	5.738469e+04	5.552357e+04	2.938484e+02	1.920216e+01	2020	3	2	0
	1741	568	64.827870	-36.703074	9.870743e+04	2.312608e+01	1.078175e+05	1.045894e+05	5.737627e+04	5.527380e+04	2.933163e+02	1.369341e+01	2020	3	2	6
start	21	2020	3	4	6
	1776	790	69.749740	-15.890603	1.005905e+05	1.333966e+01	1.080329e+05	1.077088e+05	5.779818e+04	5.732228e+04	3.024630e+02	1.994617e+01	2020	3	4	6
	1767	789	68.484116	-15.984353	1.002075e+05	1.479552e+01	1.078601e+05	1.075411e+05	5.760607e+04	5.702551e+04	3.023539e+02	2.433102e+01	2020	3	4	12
	1760	779	67.499742	-16.921851	1.004732e+05	1.557707e+01	1.079809e+05	1.077786e+05	5.780749e+04	5.715993e+04	3.021154e+02	2.099899e+01	2020	3	4	18
	1746	781	65.530994	-16.734352	1.001214e+05	1.552098e+01	1.077667e+05	1.074917e+05	5.759514e+04	5.693871e+04	3.022136e+02	1.623938e+01	2020	3	5	0
	1742	782	64.968495	-16.640602	1.002887e+05	1.563585e+01	1.079860e+05	1.077129e+05	5.770679e+04	5.712794e+04	3.022636e+02	1.734972e+01	2020	3	5	6
	1736	775	64.124746	-17.296851	1.000825e+05	1.525433e+01	1.078209e+05	1.075761e+05	5.754192e+04	5.694516e+04	3.023674e+02	2.353696e+01	2020	3	5	12
	1727	777	62.859122	-17.109351	1.002796e+05	1.567164e+01	1.079501e+05	1.077264e+05	5.772940e+04	5.710427e+04	3.022362e+02	2.268382e+01	2020	3	5	18
	1720	770	61.874748	-17.765600	1.000072e+05	1.684628e+01	1.077321e+05	1.074559e+05	5.750872e+04	5.688178e+04	3.021014e+02	1.101099e+01	2020	3	6	0
	1714	769	61.030999	-17.859350	1.002790e+05	1.729101e+01	1.079290e+05	1.077038e+05	5.769800e+04	5.712906e+04	3.018686e+02	8.861869e+00	2020	3	6	6
	1708	772	60.187250	-17.578101	1.000768e+05	1.581508e+01	1.078290e+05	1.075979e+05	5.754145e+04	5.698654e+04	3.019499e+02	1.235277e+01	2020	3	6	12
	1705	770	59.765375	-17.765600	1.002736e+05	1.679141e+01	1.079828e+05	1.076761e+05	5.771405e+04	5.707668e+04	3.020007e+02	1.446264e+01	2020	3	6	18
	1703	769	59.484125	-17.859350	9.992606e+04	1.772477e+01	1.077292e+05	1.074914e+05	5.749101e+04	5.683238e+04	3.019764e+02	1.179223e+01	2020	3	7	0
	1702	766	59.343501	-18.140600	1.001050e+05	1.717427e+01	1.079856e+05	1.076047e+05	5.772068e+04	5.702931e+04	3.019034e+02	1.229865e+01	2020	3	7	6
	1703	759	59.484125	-18.796849	9.981799e+04	2.100424e+01	1.078753e+05	1.074425e+05	5.754525e+04	5.677585e+04	3.015473e+02	1.743723e+01	2020	3	7	12
	1703	758	59.484125	-18.890599	9.983354e+04	2.000296e+01	1.080166e+05	1.075229e+05	5.772645e+04	5.686215e+04	3.014607e+02	1.777378e+01	2020	3	7	18
	1701	752	59.202876	-19.453098	9.954070e+04	2.096234e+01	1.077597e+05	1.072729e+05	5.748430e+04	5.668562e+04	9.999000e+03	1.496592e+01	2020	3	8	0
	1701	747	59.202876	-19.921847	9.957245e+04	2.182485e+01	1.079581e+05	1.074312e+05	5.764631e+04	5.696491e+04	9.999000e+03	1.102044e+01	2020	3	8	6
	1699	739	58.921626	-20.671846	9.948720e+04	1.832099e+01	1.077812e+05	1.072120e+05	5.744194e+04	5.695438e+04	9.999000e+03	1.362772e+01	2020	3	8	12
	1697	733	58.640376	-21.234345	9.968284e+04	2.233856e+01	1.079366e+05	1.074193e+05	5.763878e+04	5.698889e+04	9.999000e+03	1.431012e+01	2020	3	8	18
	1693	730	58.077877	-21.515595	9.955616e+04	2.099074e+01	1.076993e+05	1.071811e+05	5.744004e+04	5.702545e+04	9.999000e+03	7.232456e+00	2020	3	9	0
	1688	727	57.374753	-21.796845	9.999363e+04	1.703139e+01	1.080082e+05	1.074174e+05	5.766035e+04	5.744261e+04	9.999000e+03	6.496865e+00	2020	3	9	6
start	19	2020	3	9	18
	2121	797	118.265314	-15.234354	1.001704e+05	1.049364e+01	1.078068e+05	1.075571e+05	5.751000e+04	5.709607e+04	3.036800e+02	2.502684e+01	2020	3	9	18
	2124	785	118.687189	-16.359352	1.002682e+05	1.322280e+01	1.079656e+05	1.076564e+05	5.768395e+04	5.722602e+04	3.034977e+02	1.664598e+01	2020	3	10	0
	2122	785	118.405939	-16.359352	1.000571e+05	1.200790e+01	1.079303e+05	1.076395e+05	5.750795e+04	5.710810e+04	3.038054e+02	1.861642e+01	2020	3	10	6
	2118	781	117.843440	-16.734352	1.002269e+05	1.042660e+01	1.081418e+05	1.077833e+05	5.762696e+04	5.724283e+04	3.037622e+02	3.092620e+01	2020	3	10	12
	2122	779	118.405939	-16.921851	1.001121e+05	1.300571e+01	1.078634e+05	1.076507e+05	5.752130e+04	5.699084e+04	3.035034e+02	3.001768e+01	2020	3	10	18
	2129	775	119.390313	-17.296851	1.002179e+05	1.572156e+01	1.081352e+05	1.077467e+05	5.773676e+04	5.710153e+04	3.032283e+02	2.252137e+01	2020	3	11	0
	2120	761	118.124689	-18.609349	1.000127e+05	1.731605e+01	1.080470e+05	1.077387e+05	5.751200e+04	5.690355e+04	9.999000e+03	1.748659e+01	2020	3	11	6
	2122	764	118.405939	-18.328100	1.001655e+05	1.497792e+01	1.082024e+05	1.079059e+05	5.778660e+04	5.705700e+04	9.999000e+03	2.773841e+01	2020	3	11	12
	2118	744	117.843440	-20.203097	9.999493e+04	1.623736e+01	1.079931e+05	1.075897e+05	5.751456e+04	5.692471e+04	9.999000e+03	1.993501e+01	2020	3	11	18
	2117	754	117.702815	-19.265598	1.000503e+05	1.379814e+01	1.080856e+05	1.078451e+05	5.762563e+04	5.703417e+04	9.999000e+03	1.178323e+01	2020	3	12	0
	2119	749	117.984064	-19.734348	9.984834e+04	1.299625e+01	1.080769e+05	1.077529e+05	5.750862e+04	5.694109e+04	9.999000e+03	1.104176e+01	2020	3	12	6
	2118	744	117.843440	-20.203097	9.997225e+04	1.165531e+01	1.081108e+05	1.078878e+05	5.764029e+04	5.705114e+04	9.999000e+03	1.576011e+01	2020	3	12	12
	2118	742	117.843440	-20.390597	9.982166e+04	1.459569e+01	1.079343e+05	1.076452e+05	5.743048e+04	5.685840e+04	9.999000e+03	1.421236e+01	2020	3	12	18
	2117	739	117.702815	-20.671846	9.997800e+04	1.362739e+01	1.080209e+05	1.076852e+05	5.756525e+04	5.701159e+04	9.999000e+03	1.244652e+01	2020	3	13	0
	2107	719	116.296566	-22.546844	9.977391e+04	1.036752e+01	1.079588e+05	1.076220e+05	5.736844e+04	5.691830e+04	9.999000e+03	1.057499e+01	2020	3	13	6
	2107	717	116.296566	-22.734343	9.992447e+04	1.040544e+01	1.080507e+05	1.076305e+05	5.752391e+04	5.708006e+04	9.999000e+03	1.221521e+01	2020	3	13	12
	2100	715	115.312192	-22.921843	9.996634e+04	1.169844e+01	1.078440e+05	1.074218e+05	5.738362e+04	5.692774e+04	9.999000e+03	9.702534e+00	2020	3	13	18
	2103	695	115.734067	-24.796841	1.001816e+05	1.130969e+01	1.079633e+05	1.069683e+05	5.754560e+04	5.706662e+04	9.999000e+03	8.041314e+00	2020	3	14	0
	2105	688	116.015317	-25.453090	9.995970e+04	1.436810e+01	1.079209e+05	1.067400e+05	5.746815e+04	5.695486e+04	9.999000e+03	8.699516e+00	2020	3	14	6
start	27	2020	3	12	18
	1799	801	72.984111	-14.859354	1.003109e+05	1.146861e+01	1.079118e+05	1.077270e+05	5.750141e+04	5.717859e+04	3.031867e+02	3.794885e+01	2020	3	12	18
	1792	794	71.999737	-15.515603	9.994223e+04	1.541048e+01	1.076097e+05	1.074121e+05	5.727485e+04	5.683763e+04	3.029942e+02	2.938620e+01	2020	3	13	0
	1801	802	73.265361	-14.765604	1.000136e+05	1.514535e+01	1.077703e+05	1.075377e+05	5.738000e+04	5.693522e+04	3.030565e+02	3.704967e+01	2020	3	13	6
	1805	795	73.827860	-15.421854	9.966470e+04	1.504818e+01	1.076126e+05	1.073159e+05	5.715846e+04	5.663198e+04	3.030352e+02	4.298093e+01	2020	3	13	12
	1804	786	73.687236	-16.265602	9.977195e+04	1.342220e+01	1.077562e+05	1.074723e+05	5.730759e+04	5.676414e+04	3.029401e+02	4.701101e+01	2020	3	13	18
	1802	783	73.405986	-16.546852	9.939127e+04	1.473912e+01	1.075060e+05	1.071698e+05	5.702930e+04	5.643369e+04	3.028056e+02	3.797355e+01	2020	3	14	0
	1809	783	74.390360	-16.546852	9.949592e+04	1.742984e+01	1.077247e+05	1.073609e+05	5.729166e+04	5.658517e+04	3.028028e+02	3.626289e+01	2020	3	14	6
	1813	778	74.952859	-17.015601	9.925651e+04	1.895812e+01	1.076576e+05	1.072050e+05	5.716548e+04	5.634245e+04	3.027038e+02	4.356470e+01	2020	3	14	12
	1808	763	74.249735	-18.421849	9.940763e+04	1.915369e+01	1.077563e+05	1.074138e+05	5.727409e+04	5.654648e+04	3.024223e+02	4.324664e+01	2020	3	14	18
	1803	764	73.546611	-18.328100	9.910772e+04	2.057236e+01	1.075977e+05	1.072526e+05	5.708185e+04	5.634884e+04	3.022939e+02	3.458348e+01	2020	3	15	0
	1806	762	73.968485	-18.515599	9.929829e+04	1.687214e+01	1.078573e+05	1.074613e+05	5.733428e+04	5.652736e+04	3.022304e+02	3.727551e+01	2020	3	15	6
	1804	751	73.687236	-19.546848	9.910737e+04	2.057807e+01	1.077722e+05	1.073474e+05	5.720459e+04	5.640954e+04	3.016672e+02	4.316792e+01	2020	3	15	12
	1795	735	72.421612	-21.046846	9.924784e+04	2.598149e+01	1.078578e+05	1.074626e+05	5.736662e+04	5.654244e+04	3.009996e+02	4.004995e+01	2020	3	15	18
	1787	751	71.296613	-19.546848	9.894494e+04	2.405246e+01	1.076371e+05	1.072389e+05	5.714652e+04	5.630365e+04	3.011429e+02	2.712129e+01	2020	3	16	0
	1787	736	71.296613	-20.953096	9.915009e+04	2.454862e+01	1.079071e+05	1.074210e+05	5.740529e+04	5.649253e+04	3.007052e+02	2.478594e+01	2020	3	16	6
	1774	736	69.468490	-20.953096	9.902460e+04	2.148277e+01	1.077724e+05	1.073820e+05	5.723327e+04	5.639098e+04	3.006248e+02	2.669236e+01	2020	3	16	12
	1762	725	67.780992	-21.984344	9.929177e+04	2.473663e+01	1.077938e+05	1.073302e+05	5.731447e+04	5.658659e+04	3.003795e+02	2.607959e+01	2020	3	16	18
	1758	723	67.218492	-22.171844	9.922480e+04	2.297865e+01	1.076267e+05	1.070701e+05	5.715841e+04	5.657746e+04	3.003306e+02	2.244824e+01	2020	3	17	0
	1743	718	65.109120	-22.640594	9.948730e+04	2.083007e+01	1.078247e+05	1.070290e+05	5.733483e+04	5.682172e+04	3.000618e+02	1.527091e+01	2020	3	17	6
	1740	708	64.687245	-23.578092	9.944845e+04	1.978887e+01	1.077750e+05	1.067707e+05	5.724146e+04	5.687241e+04	3.000542e+02	2.694979e+01	2020	3	17	12
	1730	689	63.280996	-25.359340	9.965531e+04	2.310580e+01	1.078556e+05	1.065460e+05	5.740652e+04	5.672461e+04	2.996844e+02	3.384497e+01	2020	3	17	18
	1723	684	62.296623	-25.828089	9.948834e+04	2.198643e+01	1.076526e+05	1.062290e+05	5.728820e+04	5.646375e+04	2.996213e+02	2.920658e+01	2020	3	18	0
	1721	673	62.015373	-26.859338	9.940329e+04	2.121931e+01	1.078748e+05	1.063243e+05	5.755153e+04	5.653286e+04	2.991435e+02	2.007712e+01	2020	3	18	6
	1715	649	61.171624	-29.109335	9.925114e+04	2.196280e+01	1.077140e+05	1.060888e+05	5.739261e+04	5.628218e+04	2.984386e+02	1.972744e+01	2020	3	18	12
	1710	631	60.468499	-30.796832	9.932226e+04	2.341246e+01	1.076935e+05	1.061724e+05	5.741196e+04	5.629979e+04	2.975438e+02	1.451662e+01	2020	3	18	18
	1715	628	61.171624	-31.078082	9.914469e+04	2.307630e+01	1.075375e+05	1.060204e+05	5.733326e+04	5.604563e+04	2.971617e+02	6.743676e+00	2020	3	19	0
	1721	615	62.015373	-32.296830	9.950729e+04	2.137093e+01	1.075966e+05	1.058506e+05	5.745357e+04	5.617358e+04	2.962259e+02	4.996197e+00	2020	3	19	6
start	27	2020	3	21	0
	1830	801	77.343482	-14.859354	1.001617e+05	1.364206e+01	1.077655e+05	1.074557e+05	5.743281e+04	5.705975e+04	3.020552e+02	1.994150e+01	2020	3	21	0
	1824	805	76.499733	-14.484355	1.002379e+05	1.352345e+01	1.079043e+05	1.076562e+05	5.754790e+04	5.714183e+04	3.022882e+02	1.903640e+01	2020	3	21	6
	1824	805	76.499733	-14.484355	1.000311e+05	1.141604e+01	1.077185e+05	1.074519e+05	5.733755e+04	5.692614e+04	3.023247e+02	1.827035e+01	2020	3	21	12
	1826	800	76.780982	-14.953104	1.002598e+05	1.113762e+01	1.078672e+05	1.076144e+05	5.754026e+04	5.707752e+04	3.021684e+02	2.447927e+01	2020	3	21	18
	1817	795	75.515359	-15.421854	9.966972e+04	1.402977e+01	1.076430e+05	1.074140e+05	5.730804e+04	5.674952e+04	3.021191e+02	2.086330e+01	2020	3	22	0
	1817	790	75.515359	-15.890603	9.971021e+04	1.412700e+01	1.078178e+05	1.075915e+05	5.742623e+04	5.689455e+04	3.021302e+02	1.887395e+01	2020	3	22	6
	1816	782	75.374734	-16.640602	9.955765e+04	1.410746e+01	1.076580e+05	1.074218e+05	5.728801e+04	5.674776e+04	3.020662e+02	2.010645e+01	2020	3	22	12
	1811	777	74.671610	-17.109351	9.970335e+04	1.598804e+01	1.077895e+05	1.076021e+05	5.743457e+04	5.683358e+04	3.018992e+02	2.136583e+01	2020	3	22	18
	1806	776	73.968485	-17.203101	9.932241e+04	1.723418e+01	1.075518e+05	1.073224e+05	5.723384e+04	5.655773e+04	3.016743e+02	1.586117e+01	2020	3	23	0
	1801	779	73.265361	-16.921851	9.944045e+04	1.835330e+01	1.077147e+05	1.075120e+05	5.737634e+04	5.671021e+04	3.017896e+02	1.741473e+01	2020	3	23	6
	1799	783	72.984111	-16.546852	9.922141e+04	1.793595e+01	1.076204e+05	1.073875e+05	5.721840e+04	5.658028e+04	3.020972e+02	2.141332e+01	2020	3	23	12
	1802	788	73.405986	-16.078103	9.943068e+04	1.530975e+01	1.077017e+05	1.075086e+05	5.747391e+04	5.674149e+04	3.021018e+02	1.916566e+01	2020	3	23	18
	1806	788	73.968485	-16.078103	9.916619e+04	1.667401e+01	1.075389e+05	1.073157e+05	5.726653e+04	5.653975e+04	3.019130e+02	1.796468e+01	2020	3	24	0
	1811	785	74.671610	-16.359352	9.933073e+04	1.656644e+01	1.077801e+05	1.075320e+05	5.751498e+04	5.670579e+04	3.018652e+02	1.721060e+01	2020	3	24	6
	1815	778	75.234109	-17.015601	9.910113e+04	1.740066e+01	1.077058e+05	1.073812e+05	5.736150e+04	5.651412e+04	3.017996e+02	2.175396e+01	2020	3	24	12
	1815	771	75.234109	-17.671850	9.917867e+04	1.877476e+01	1.078152e+05	1.074302e+05	5.747373e+04	5.643588e+04	3.013945e+02	2.602564e+01	2020	3	24	18
	1813	767	74.952859	-18.046850	9.886075e+04	1.853407e+01	1.076533e+05	1.071670e+05	5.728489e+04	5.613407e+04	3.012947e+02	2.208786e+01	2020	3	25	0
	1814	765	75.093484	-18.234350	9.903728e+04	1.845870e+01	1.078524e+05	1.074216e+05	5.748874e+04	5.630454e+04	3.012728e+02	2.029084e+01	2020	3	25	6
	1813	755	74.952859	-19.171848	9.891038e+04	1.994953e+01	1.078733e+05	1.072626e+05	5.741825e+04	5.630059e+04	3.004558e+02	2.089497e+01	2020	3	25	12
	1809	749	74.390360	-19.734348	9.922813e+04	1.879359e+01	1.080198e+05	1.073652e+05	5.761342e+04	5.673501e+04	3.000374e+02	1.981914e+01	2020	3	25	18
	1808	741	74.249735	-20.484347	9.920969e+04	1.987889e+01	1.078892e+05	1.071277e+05	5.742601e+04	5.674878e+04	2.998716e+02	1.616493e+01	2020	3	26	0
	1806	735	73.968485	-21.046846	9.960473e+04	1.762822e+01	1.081559e+05	1.072295e+05	5.768212e+04	5.703564e+04	2.999348e+02	1.382740e+01	2020	3	26	6
	1807	724	74.109110	-22.078094	9.955736e+04	1.640085e+01	1.081118e+05	1.070749e+05	5.757134e+04	5.698041e+04	3.000290e+02	1.467099e+01	2020	3	26	12
	1807	712	74.109110	-23.203093	9.982973e+04	1.751898e+01	1.082054e+05	1.069599e+05	5.775024e+04	5.708055e+04	2.997884e+02	1.513382e+01	2020	3	26	18
	1808	692	74.249735	-25.078090	9.967055e+04	1.633473e+01	1.080941e+05	1.064548e+05	5.760502e+04	5.689812e+04	2.992152e+02	1.525020e+01	2020	3	27	0
	1808	681	74.249735	-26.109339	9.975605e+04	1.700685e+01	1.082510e+05	1.063541e+05	5.774348e+04	5.689086e+04	2.989820e+02	1.463631e+01	2020	3	27	6
	1814	659	75.093484	-28.171836	9.967095e+04	1.750200e+01	1.081241e+05	1.055813e+05	5.762593e+04	5.649958e+04	2.987690e+02	1.977394e+01	2020	3	27	12
start	37	2020	4	1	12
	2177	857	126.140306	-9.609362	1.005677e+05	1.211723e+01	1.080760e+05	1.079103e+05	5.765474e+04	5.741209e+04	9.999000e+03	2.775704e+01	2020	4	1	12
	2171	854	125.296557	-9.890611	1.003014e+05	1.229460e+01	1.078391e+05	1.076500e+05	5.742238e+04	5.716671e+04	9.999000e+03	2.657615e+01	2020	4	1	18
	2164	851	124.312183	-10.171861	1.005281e+05	1.241410e+01	1.079856e+05	1.077265e+05	5.758960e+04	5.726140e+04	9.999000e+03	1.953690e+01	2020	4	2	0
	2157	859	123.327809	-9.421862	1.001110e+05	1.275725e+01	1.077425e+05	1.075960e+05	5.741193e+04	5.698240e+04	9.999000e+03	2.228102e+01	2020	4	2	6
	2150	865	122.343435	-8.859363	1.003152e+05	1.505487e+01	1.079235e+05	1.077340e+05	5.757698e+04	5.714322e+04	9.999000e+03	2.783693e+01	2020	4	2	12
	2151	869	122.484060	-8.484363	9.999727e+04	1.828987e+01	1.077233e+05	1.075720e+05	5.739058e+04	5.692134e+04	9.999000e+03	2.795491e+01	2020	4	2	18
	2156	868	123.187184	-8.578113	1.001892e+05	1.751186e+01	1.079788e+05	1.076895e+05	5.759203e+04	5.713739e+04	9.999000e+03	2.203554e+01	2020	4	3	0
	2160	859	123.749683	-9.421862	9.993111e+04	1.758438e+01	1.078967e+05	1.076887e+05	5.745975e+04	5.703824e+04	9.999000e+03	1.936538e+01	2020	4	3	6
	2156	846	123.187184	-10.640610	1.002147e+05	1.588251e+01	1.080633e+05	1.078647e+05	5.770940e+04	5.725437e+04	9.999000e+03	2.452285e+01	2020	4	3	12
	2145	841	121.640311	-11.109360	9.986728e+04	1.715234e+01	1.079423e+05	1.076774e+05	5.754403e+04	5.697392e+04	9.999000e+03	2.620231e+01	2020	4	3	18
	2142	842	121.218436	-11.015610	9.981852e+04	1.717307e+01	1.080990e+05	1.077468e+05	5.772066e+04	5.707258e+04	9.999000e+03	2.052856e+01	2020	4	4	0
	2135	832	120.234062	-11.953108	9.954116e+04	1.856566e+01	1.079614e+05	1.077009e+05	5.762000e+04	5.680324e+04	9.999000e+03	2.158758e+01	2020	4	4	6
	2129	830	119.390313	-12.140608	9.952666e+04	1.921111e+01	1.081394e+05	1.077560e+05	5.772183e+04	5.691599e+04	3.037479e+02	2.817085e+01	2020	4	4	12
	2121	824	118.265314	-12.703107	9.937033e+04	1.992957e+01	1.079518e+05	1.076274e+05	5.756420e+04	5.684185e+04	3.040033e+02	3.112451e+01	2020	4	4	18
	2114	821	117.280940	-12.984357	9.933266e+04	2.315377e+01	1.081194e+05	1.077312e+05	5.769531e+04	5.682760e+04	3.039349e+02	2.609692e+01	2020	4	5	0
	2108	818	116.437191	-13.265607	9.910246e+04	2.325011e+01	1.079332e+05	1.076516e+05	5.755271e+04	5.672721e+04	3.038297e+02	2.234507e+01	2020	4	5	6
	2101	813	115.452817	-13.734356	9.874823e+04	2.636894e+01	1.081119e+05	1.075135e+05	5.771383e+04	5.655138e+04	3.037802e+02	2.165482e+01	2020	4	5	12
	2095	814	114.609068	-13.640606	9.855194e+04	2.658404e+01	1.080108e+05	1.075040e+05	5.757761e+04	5.647643e+04	3.036854e+02	2.672656e+01	2020	4	5	18
	2087	807	113.484069	-14.296855	9.767895e+04	3.526762e+01	1.081026e+05	1.071254e+05	5.767552e+04	5.573254e+04	3.036176e+02	2.143422e+01	2020	4	6	0
	2077	803	112.077821	-14.671855	9.720795e+04	3.202092e+01	1.079790e+05	1.071644e+05	5.756729e+04	5.564293e+04	3.035700e+02	2.034305e+01	2020	4	6	6
	2068	799	110.812197	-15.046854	9.595256e+04	4.538454e+01	1.081534e+05	1.070736e+05	5.769283e+04	5.495304e+04	3.035090e+02	2.189802e+01	2020	4	6	12
	2059	796	109.546573	-15.328104	9.651507e+04	4.454291e+01	1.080564e+05	1.071413e+05	5.759203e+04	5.551482e+04	3.034079e+02	2.321786e+01	2020	4	6	18
	2049	792	108.140325	-15.703103	9.575585e+04	4.335741e+01	1.080676e+05	1.069012e+05	5.769096e+04	5.488232e+04	3.032922e+02	2.129349e+01	2020	4	7	0
	2039	788	106.734076	-16.078103	9.555853e+04	4.783456e+01	1.079682e+05	1.064157e+05	5.762402e+04	5.459172e+04	3.032475e+02	2.029930e+01	2020	4	7	6
	2031	784	105.609077	-16.453102	9.497119e+04	4.735236e+01	1.080628e+05	1.060935e+05	5.770285e+04	5.407339e+04	3.030457e+02	1.900497e+01	2020	4	7	12
	2022	778	104.343454	-17.015601	9.476476e+04	5.686344e+01	1.079618e+05	1.055621e+05	5.763014e+04	5.387261e+04	3.026695e+02	2.108523e+01	2020	4	7	18
	2014	771	103.218455	-17.671850	9.488246e+04	5.076509e+01	1.080345e+05	1.057977e+05	5.767247e+04	5.381447e+04	3.023939e+02	1.977646e+01	2020	4	8	0
	2006	764	102.093456	-18.328100	9.475102e+04	4.891601e+01	1.079064e+05	1.059545e+05	5.759607e+04	5.400971e+04	3.023531e+02	1.782338e+01	2020	4	8	6
	2000	758	101.249707	-18.890599	9.515534e+04	5.236961e+01	1.079610e+05	1.060707e+05	5.766582e+04	5.407288e+04	3.019660e+02	1.649732e+01	2020	4	8	12
	1993	752	100.265333	-19.453098	9.493509e+04	4.818774e+01	1.079411e+05	1.061995e+05	5.763623e+04	5.405332e+04	3.012223e+02	1.558931e+01	2020	4	8	18
	1988	748	99.562209	-19.828097	9.570537e+04	4.010029e+01	1.079455e+05	1.064097e+05	5.764701e+04	5.474096e+04	3.011609e+02	1.409626e+01	2020	4	9	0
	1982	744	98.718460	-20.203097	9.651650e+04	4.069691e+01	1.079178e+05	1.069561e+05	5.759665e+04	5.532886e+04	3.011487e+02	1.294737e+01	2020	4	9	6
	1977	739	98.015335	-20.671846	9.748165e+04	2.985134e+01	1.080029e+05	1.074243e+05	5.767218e+04	5.620326e+04	3.010228e+02	1.372369e+01	2020	4	9	12
	1971	734	97.171586	-21.140596	9.819913e+04	3.191130e+01	1.080139e+05	1.073741e+05	5.769855e+04	5.645155e+04	3.008535e+02	1.236004e+01	2020	4	9	18
	1964	731	96.187212	-21.421845	9.864375e+04	2.909764e+01	1.079385e+05	1.072234e+05	5.768459e+04	5.661099e+04	3.004506e+02	1.015923e+01	2020	4	10	0
	1955	727	94.921589	-21.796845	9.907193e+04	2.660229e+01	1.079631e+05	1.072291e+05	5.764242e+04	5.676315e+04	2.998010e+02	9.719619e+00	2020	4	10	6
	1946	724	93.655965	-22.078094	9.945165e+04	2.608155e+01	1.080187e+05	1.072890e+05	5.766762e+04	5.711679e+04	2.996885e+02	9.143217e+00	2020	4	10	12
start	35	2020	4	4	18
	1689	825	57.515377	-12.609357	1.009739e+05	1.458517e+01	1.080250e+05	1.078144e+05	5.796810e+04	5.747287e+04	3.036776e+02	2.217713e+01	2020	4	4	18
	1684	820	56.812253	-13.078107	1.005560e+05	1.465102e+01	1.078102e+05	1.076178e+05	5.775595e+04	5.717305e+04	3.034809e+02	2.030119e+01	2020	4	5	0
	1675	821	55.546630	-12.984357	1.006781e+05	1.644431e+01	1.080601e+05	1.078893e+05	5.796350e+04	5.729287e+04	3.033967e+02	1.466785e+01	2020	4	5	6
	1667	819	54.421631	-13.171857	1.002043e+05	1.778792e+01	1.078095e+05	1.075623e+05	5.774546e+04	5.689599e+04	3.036348e+02	1.884486e+01	2020	4	5	12
	1659	820	53.296632	-13.078107	1.001724e+05	2.012725e+01	1.080105e+05	1.076224e+05	5.790542e+04	5.688786e+04	3.034501e+02	2.404789e+01	2020	4	5	18
	1651	820	52.171633	-13.078107	9.981246e+04	2.226957e+01	1.077953e+05	1.074081e+05	5.768129e+04	5.658981e+04	3.030699e+02	2.197180e+01	2020	4	6	0
	1644	824	51.187259	-12.703107	1.001404e+05	2.062547e+01	1.080183e+05	1.076677e+05	5.792120e+04	5.693125e+04	9.999000e+03	2.023749e+01	2020	4	6	6
	1638	826	50.343510	-12.515608	9.994262e+04	2.035012e+01	1.078122e+05	1.073801e+05	5.770991e+04	5.682555e+04	9.999000e+03	2.234842e+01	2020	4	6	12
	1633	828	49.640386	-12.328108	1.001335e+05	1.958592e+01	1.080388e+05	1.077371e+05	5.787920e+04	5.710913e+04	9.999000e+03	2.742423e+01	2020	4	6	18
	1626	828	48.656012	-12.328108	9.977542e+04	2.208661e+01	1.078566e+05	1.076012e+05	5.765131e+04	5.702657e+04	9.999000e+03	2.700125e+01	2020	4	7	0
	1619	829	47.671638	-12.234358	9.988185e+04	2.350160e+01	1.080850e+05	1.077313e+05	5.785877e+04	5.699978e+04	9.999000e+03	2.433049e+01	2020	4	7	6
	1611	830	46.546639	-12.140608	9.951087e+04	2.367928e+01	1.078646e+05	1.074319e+05	5.766954e+04	5.673521e+04	9.999000e+03	1.716852e+01	2020	4	7	12
	1606	833	45.843515	-11.859359	9.932109e+04	2.936979e+01	1.079813e+05	1.076370e+05	5.781089e+04	5.678297e+04	9.999000e+03	1.917465e+01	2020	4	7	18
	1601	837	45.140390	-11.484359	9.900848e+04	3.075165e+01	1.078030e+05	1.074216e+05	5.763156e+04	5.651070e+04	9.999000e+03	2.194782e+01	2020	4	8	0
	1596	840	44.437266	-11.203109	9.914465e+04	2.742705e+01	1.079480e+05	1.075314e+05	5.781827e+04	5.664467e+04	9.999000e+03	2.802615e+01	2020	4	8	6
	1592	842	43.874767	-11.015610	9.845146e+04	3.294804e+01	1.077110e+05	1.072128e+05	5.756393e+04	5.609993e+04	9.999000e+03	2.530210e+01	2020	4	8	12
	1588	844	43.312267	-10.828110	9.863047e+04	3.088741e+01	1.078698e+05	1.073126e+05	5.770776e+04	5.641350e+04	9.999000e+03	2.651798e+01	2020	4	8	18
	1584	846	42.749768	-10.640610	9.842145e+04	3.019329e+01	1.076821e+05	1.072424e+05	5.749759e+04	5.612167e+04	9.999000e+03	2.537215e+01	2020	4	9	0
	1580	848	42.187268	-10.453110	9.856104e+04	2.788308e+01	1.078394e+05	1.073913e+05	5.768957e+04	5.634436e+04	9.999000e+03	2.524799e+01	2020	4	9	6
	1577	849	41.765394	-10.359361	9.784286e+04	3.076063e+01	1.077005e+05	1.069870e+05	5.749279e+04	5.572218e+04	9.999000e+03	2.002182e+01	2020	4	9	12
	1575	849	41.484144	-10.359361	9.802312e+04	3.330331e+01	1.078937e+05	1.071139e+05	5.771135e+04	5.588912e+04	9.999000e+03	1.974110e+01	2020	4	9	18
	1573	848	41.202894	-10.453110	9.723988e+04	3.595154e+01	1.076833e+05	1.066669e+05	5.747622e+04	5.536803e+04	9.999000e+03	2.114636e+01	2020	4	10	0
	1571	846	40.921645	-10.640610	9.743327e+04	3.933659e+01	1.079253e+05	1.067303e+05	5.773578e+04	5.557307e+04	9.999000e+03	2.755798e+01	2020	4	10	6
	1569	843	40.640395	-10.921860	9.744820e+04	3.680062e+01	1.077715e+05	1.066552e+05	5.753970e+04	5.540572e+04	9.999000e+03	2.227871e+01	2020	4	10	12
	1569	840	40.640395	-11.203109	9.735305e+04	4.005238e+01	1.079000e+05	1.062098e+05	5.777714e+04	5.538407e+04	9.999000e+03	1.979224e+01	2020	4	10	18
	1569	835	40.640395	-11.671859	9.819459e+04	3.920906e+01	1.077008e+05	1.069866e+05	5.754107e+04	5.593791e+04	9.999000e+03	2.134641e+01	2020	4	11	0
	1568	829	40.499770	-12.234358	9.887514e+04	3.060119e+01	1.079252e+05	1.073310e+05	5.780566e+04	5.644584e+04	9.999000e+03	2.168606e+01	2020	4	11	6
	1570	823	40.781020	-12.796857	9.881957e+04	2.701054e+01	1.077323e+05	1.072557e+05	5.756947e+04	5.648056e+04	9.999000e+03	1.826329e+01	2020	4	11	12
	1572	820	41.062270	-13.078107	9.951878e+04	2.744770e+01	1.078776e+05	1.074616e+05	5.778905e+04	5.682852e+04	9.999000e+03	1.589985e+01	2020	4	11	18
	1575	817	41.484144	-13.359356	9.937746e+04	2.067060e+01	1.077130e+05	1.073610e+05	5.756807e+04	5.697046e+04	9.999000e+03	1.363640e+01	2020	4	12	0
	1577	815	41.765394	-13.546856	9.960827e+04	2.563999e+01	1.079386e+05	1.074696e+05	5.780331e+04	5.708135e+04	9.999000e+03	1.286382e+01	2020	4	12	6
	1579	815	42.046644	-13.546856	9.956258e+04	1.826620e+01	1.076739e+05	1.071845e+05	5.756863e+04	5.718376e+04	9.999000e+03	1.187262e+01	2020	4	12	12
	1583	817	42.609143	-13.359356	1.000477e+05	1.807417e+01	1.078692e+05	1.072956e+05	5.778814e+04	5.741973e+04	9.999000e+03	1.386767e+01	2020	4	12	18
	1587	817	43.171642	-13.359356	9.964252e+04	2.375691e+01	1.076579e+05	1.070996e+05	5.753046e+04	5.706807e+04	9.999000e+03	1.149604e+01	2020	4	13	0
	1591	820	43.734142	-13.078107	1.000140e+05	1.800053e+01	1.078227e+05	1.071788e+05	5.774601e+04	5.740615e+04	9.999000e+03	8.456074e+00	2020	4	13	6
start	14	2020	4	6	0
	2263	825	138.234043	-12.609357	1.001877e+05	1.300725e+01	1.082549e+05	1.079604e+05	5.772052e+04	5.736967e+04	9.999000e+03	2.179452e+01	2020	4	6	0
	2260	823	137.812169	-12.796857	9.983885e+04	1.128373e+01	1.080435e+05	1.077715e+05	5.740884e+04	5.711095e+04	9.999000e+03	1.561303e+01	2020	4	6	6
	2263	818	138.234043	-13.265607	1.002104e+05	1.277155e+01	1.083085e+05	1.079850e+05	5.772294e+04	5.738436e+04	9.999000e+03	3.189743e+01	2020	4	6	12
	2256	825	137.249669	-12.609357	9.988635e+04	1.368994e+01	1.079575e+05	1.076536e+05	5.740130e+04	5.708291e+04	9.999000e+03	2.742925e+01	2020	4	6	18
	2255	816	137.109045	-13.453106	1.001621e+05	1.493183e+01	1.081568e+05	1.079593e+05	5.768132e+04	5.731698e+04	9.999000e+03	2.112776e+01	2020	4	7	0
	2256	813	137.249669	-13.734356	9.993934e+04	1.386927e+01	1.079935e+05	1.077925e+05	5.744421e+04	5.708412e+04	9.999000e+03	1.682921e+01	2020	4	7	6
	2261	803	137.952794	-14.671855	1.001839e+05	1.519457e+01	1.081862e+05	1.079202e+05	5.765069e+04	5.726428e+04	9.999000e+03	2.552117e+01	2020	4	7	12
	2257	809	137.390294	-14.109355	9.990937e+04	1.460238e+01	1.078805e+05	1.076607e+05	5.740648e+04	5.691841e+04	9.999000e+03	2.285122e+01	2020	4	7	18
	2257	799	137.390294	-15.046854	1.001318e+05	1.356435e+01	1.080885e+05	1.078058e+05	5.763733e+04	5.708168e+04	9.999000e+03	2.029181e+01	2020	4	8	0
	2258	790	137.530919	-15.890603	9.985675e+04	1.343928e+01	1.079302e+05	1.074618e+05	5.742107e+04	5.678065e+04	9.999000e+03	2.059298e+01	2020	4	8	6
	2262	789	138.093419	-15.984353	1.000712e+05	1.325442e+01	1.081028e+05	1.075438e+05	5.762245e+04	5.696922e+04	9.999000e+03	2.406705e+01	2020	4	8	12
	2268	772	138.937168	-17.578101	9.981568e+04	1.590658e+01	1.078269e+05	1.069196e+05	5.734694e+04	5.678314e+04	9.999000e+03	2.511364e+01	2020	4	8	18
	2267	768	138.796543	-17.953100	1.001571e+05	1.563949e+01	1.080469e+05	1.068433e+05	5.765236e+04	5.692281e+04	9.999000e+03	2.320472e+01	2020	4	9	0
	2281	740	140.765291	-20.578096	9.984270e+04	1.488390e+01	1.078911e+05	1.061895e+05	5.740096e+04	5.651718e+04	9.999000e+03	3.040348e+01	2020	4	9	6
start	22	2020	5	13	0
	2377	1045	154.265277	8.015614	1.008032e+05	1.230743e+01	1.086314e+05	1.084658e+05	5.804919e+04	5.764095e+04	3.038214e+02	3.238606e+01	2020	5	13	0
	2368	1050	152.999653	8.484363	1.004716e+05	1.376080e+01	1.085526e+05	1.082902e+05	5.790366e+04	5.742667e+04	3.036453e+02	2.878865e+01	2020	5	13	6
	2360	1056	151.874654	9.046862	1.006974e+05	1.346403e+01	1.087358e+05	1.085017e+05	5.813320e+04	5.766347e+04	3.033028e+02	1.960628e+01	2020	5	13	12
	2349	1060	150.327781	9.421862	1.003721e+05	1.360844e+01	1.084330e+05	1.081572e+05	5.791290e+04	5.731169e+04	3.030387e+02	2.027233e+01	2020	5	13	18
	2339	1069	148.921532	10.265611	1.005595e+05	1.501536e+01	1.086177e+05	1.083848e+05	5.811185e+04	5.749310e+04	3.026611e+02	2.421487e+01	2020	5	14	0
	2329	1073	147.515284	10.640610	1.001239e+05	1.563316e+01	1.084369e+05	1.081905e+05	5.789176e+04	5.716393e+04	3.025617e+02	2.241319e+01	2020	5	14	6
	2318	1077	145.968410	11.015610	1.002884e+05	1.600418e+01	1.085959e+05	1.083117e+05	5.806843e+04	5.731598e+04	3.027211e+02	2.500783e+01	2020	5	14	12
	2307	1086	144.421537	11.859359	1.000289e+05	1.789172e+01	1.083748e+05	1.081160e+05	5.785438e+04	5.712545e+04	9.999000e+03	2.582836e+01	2020	5	14	18
	2298	1095	143.155913	12.703107	1.002180e+05	1.883995e+01	1.085674e+05	1.083372e+05	5.800696e+04	5.739516e+04	9.999000e+03	2.156679e+01	2020	5	15	0
	2292	1099	142.312164	13.078107	9.991082e+04	1.706069e+01	1.083905e+05	1.081428e+05	5.784821e+04	5.715411e+04	3.023231e+02	1.922775e+01	2020	5	15	6
	2286	1104	141.468415	13.546856	1.000821e+05	1.819875e+01	1.085653e+05	1.082030e+05	5.797659e+04	5.735139e+04	3.022552e+02	2.007549e+01	2020	5	15	12
	2282	1108	140.905916	13.921856	9.981037e+04	1.984348e+01	1.083054e+05	1.080094e+05	5.779173e+04	5.712369e+04	3.022152e+02	1.893441e+01	2020	5	15	18
	2276	1111	140.062166	14.203105	9.999741e+04	1.983471e+01	1.085348e+05	1.082528e+05	5.799716e+04	5.732945e+04	3.022639e+02	1.654199e+01	2020	5	16	0
	2273	1117	139.640292	14.765604	9.975678e+04	2.196236e+01	1.084868e+05	1.081710e+05	5.780869e+04	5.714832e+04	3.023734e+02	2.169808e+01	2020	5	16	6
	2269	1122	139.077792	15.234354	9.993085e+04	2.355135e+01	1.085475e+05	1.082865e+05	5.798504e+04	5.747819e+04	3.022462e+02	2.228259e+01	2020	5	16	12
	2265	1128	138.515293	15.796853	9.975327e+04	2.316151e+01	1.084077e+05	1.080792e+05	5.775376e+04	5.728351e+04	3.022335e+02	2.095805e+01	2020	5	16	18
	2264	1134	138.374668	16.359352	9.969684e+04	2.544641e+01	1.085460e+05	1.082434e+05	5.793584e+04	5.721130e+04	3.022138e+02	1.258831e+01	2020	5	17	0
	2259	1144	137.671544	17.296851	9.966127e+04	2.282159e+01	1.083605e+05	1.081066e+05	5.784852e+04	5.747638e+04	3.026942e+02	7.578508e+00	2020	5	17	6
	2255	1155	137.109045	18.328100	1.001156e+05	1.894702e+01	1.086117e+05	1.082640e+05	5.801950e+04	5.775890e+04	3.026989e+02	1.154540e+01	2020	5	17	12
	2254	1162	136.968420	18.984349	1.000950e+05	1.810854e+01	1.083461e+05	1.080778e+05	5.779078e+04	5.758038e+04	3.025306e+02	1.232126e+01	2020	5	17	18
	2256	1174	137.249669	20.109347	1.002049e+05	2.549242e+01	1.085465e+05	1.081585e+05	5.796931e+04	5.762554e+04	3.025765e+02	6.289892e+00	2020	5	18	0
	2257	1189	137.390294	21.515595	1.001155e+05	1.866721e+01	1.083725e+05	1.079208e+05	5.791348e+04	5.747009e+04	3.027349e+02	3.062080e+00	2020	5	18	6
start	50	2020	5	30	18
	2406	1046	158.343397	8.109364	1.005457e+05	1.164444e+01	1.080823e+05	1.079416e+05	5.766347e+04	5.732856e+04	9.999000e+03	1.754849e+01	2020	5	30	18
	2399	1051	157.359023	8.578113	1.006885e+05	1.246400e+01	1.082458e+05	1.081306e+05	5.784102e+04	5.751806e+04	9.999000e+03	1.654368e+01	2020	5	31	0
	2392	1056	156.374649	9.046862	1.004796e+05	1.229887e+01	1.080879e+05	1.079434e+05	5.772176e+04	5.734739e+04	3.032059e+02	1.691250e+01	2020	5	31	6
	2384	1059	155.249651	9.328112	1.007091e+05	1.274803e+01	1.082610e+05	1.081315e+05	5.788840e+04	5.753304e+04	3.031732e+02	2.341792e+01	2020	5	31	12
	2375	1058	153.984027	9.234362	1.004344e+05	1.366279e+01	1.080306e+05	1.078894e+05	5.766700e+04	5.733837e+04	3.032385e+02	2.179874e+01	2020	5	31	18
	2369	1059	153.140278	9.328112	1.004482e+05	1.647402e+01	1.082601e+05	1.081002e+05	5.791949e+04	5.744600e+04	3.031345e+02	1.409789e+01	2020	6	1	0
	2363	1059	152.296529	9.328112	9.997609e+04	1.700695e+01	1.081146e+05	1.079048e+05	5.779547e+04	5.714575e+04	3.032833e+02	1.312980e+01	2020	6	1	6
	2355	1061	151.171530	9.515612	1.002266e+05	1.798258e+01	1.083141e+05	1.080241e+05	5.800966e+04	5.727460e+04	3.032951e+02	2.750535e+01	2020	6	1	12
	2346	1062	149.905906	9.609362	9.980416e+04	1.907671e+01	1.081082e+05	1.078241e+05	5.781857e+04	5.688400e+04	3.031972e+02	2.857714e+01	2020	6	1	18
	2337	1063	148.640283	9.703112	9.980080e+04	2.230247e+01	1.083832e+05	1.079195e+05	5.800211e+04	5.688070e+04	3.030364e+02	2.247477e+01	2020	6	2	0
	2327	1065	147.234034	9.890611	9.929249e+04	2.458224e+01	1.081914e+05	1.076451e+05	5.785716e+04	5.645426e+04	3.031601e+02	2.027374e+01	2020	6	2	6
	2317	1066	145.827785	9.984361	9.913452e+04	2.902309e+01	1.084047e+05	1.076532e+05	5.803051e+04	5.634450e+04	3.032261e+02	2.712688e+01	2020	6	2	12
	2307	1067	144.421537	10.078111	9.859570e+04	2.947833e+01	1.081972e+05	1.074168e+05	5.784668e+04	5.606722e+04	3.033209e+02	2.532772e+01	2020	6	2	18
	2298	1068	143.155913	10.171861	9.858952e+04	3.235879e+01	1.083410e+05	1.075512e+05	5.802745e+04	5.630580e+04	3.033712e+02	1.828653e+01	2020	6	3	0
	2289	1068	141.890290	10.171861	9.829424e+04	3.072465e+01	1.081661e+05	1.073266e+05	5.788807e+04	5.590885e+04	3.033380e+02	1.677655e+01	2020	6	3	6
	2281	1069	140.765291	10.265611	9.812180e+04	3.306121e+01	1.083409e+05	1.073442e+05	5.801708e+04	5.590171e+04	3.035127e+02	1.944080e+01	2020	6	3	12
	2272	1071	139.499667	10.453110	9.763852e+04	3.439830e+01	1.081337e+05	1.069469e+05	5.781362e+04	5.537311e+04	3.035257e+02	2.158435e+01	2020	6	3	18
	2263	1072	138.234043	10.546860	9.701665e+04	4.039675e+01	1.083033e+05	1.068676e+05	5.796504e+04	5.521269e+04	3.036248e+02	1.865617e+01	2020	6	4	0
	2255	1075	137.109045	10.828110	9.597412e+04	4.767404e+01	1.081230e+05	1.065607e+05	5.780641e+04	5.479292e+04	3.036941e+02	2.062205e+01	2020	6	4	6
	2246	1077	135.843421	11.015610	9.552899e+04	5.253895e+01	1.082869e+05	1.067831e+05	5.795095e+04	5.482780e+04	3.036527e+02	2.239304e+01	2020	6	4	12
	2237	1078	134.577797	11.109360	9.526680e+04	5.021389e+01	1.080078e+05	1.059883e+05	5.771086e+04	5.428101e+04	3.035783e+02	2.349921e+01	2020	6	4	18
	2228	1080	133.312174	11.296859	9.540963e+04	4.976582e+01	1.082318e+05	1.062782e+05	5.792860e+04	5.430120e+04	3.037714e+02	1.752004e+01	2020	6	5	0
	2220	1082	132.187175	11.484359	9.527504e+04	5.074811e+01	1.080773e+05	1.060502e+05	5.776516e+04	5.413091e+04	3.038597e+02	2.012970e+01	2020	6	5	6
	2211	1084	130.921551	11.671859	9.502733e+04	5.078299e+01	1.082403e+05	1.063492e+05	5.788203e+04	5.450782e+04	3.038096e+02	2.513832e+01	2020	6	5	12
	2203	1086	129.796552	11.859359	9.474984e+04	5.512265e+01	1.080877e+05	1.063572e+05	5.769608e+04	5.416098e+04	3.037511e+02	2.526431e+01	2020	6	5	18
	2194	1088	128.530928	12.046858	9.526158e+04	4.922937e+01	1.082674e+05	1.064858e+05	5.784997e+04	5.433392e+04	3.037942e+02	2.237855e+01	2020	6	6	0
	2186	1091	127.405930	12.328108	9.567429e+04	4.676280e+01	1.081816e+05	1.064807e+05	5.770939e+04	5.460414e+04	9.999000e+03	2.180637e+01	2020	6	6	6
	2178	1093	126.280931	12.515608	9.563717e+04	5.637916e+01	1.083317e+05	1.068514e+05	5.786858e+04	5.487841e+04	9.999000e+03	2.329709e+01	2020	6	6	12
	2169	1097	125.015307	12.890607	9.609220e+04	4.944016e+01	1.082323e+05	1.069228e+05	5.774858e+04	5.500675e+04	9.999000e+03	2.690283e+01	2020	6	6	18
	2162	1101	124.030933	13.265607	9.647122e+04	4.516776e+01	1.084093e+05	1.071597e+05	5.790655e+04	5.542190e+04	9.999000e+03	2.612366e+01	2020	6	7	0
	2153	1105	122.765309	13.640606	9.737088e+04	3.784380e+01	1.084141e+05	1.072809e+05	5.775558e+04	5.571342e+04	9.999000e+03	2.865045e+01	2020	6	7	6
	2146	1110	121.780936	14.109355	9.738780e+04	3.579081e+01	1.085109e+05	1.074271e+05	5.782902e+04	5.584377e+04	9.999000e+03	3.427630e+01	2020	6	7	12
	2138	1115	120.655937	14.578105	9.782686e+04	3.283348e+01	1.084431e+05	1.076183e+05	5.770611e+04	5.608290e+04	9.999000e+03	3.284343e+01	2020	6	7	18
	2132	1121	119.812188	15.140604	9.775062e+04	3.714301e+01	1.084317e+05	1.074647e+05	5.774703e+04	5.607443e+04	9.999000e+03	2.765224e+01	2020	6	8	0
	2127	1129	119.109063	15.890603	9.769927e+04	3.344218e+01	1.084124e+05	1.076416e+05	5.766069e+04	5.618829e+04	9.999000e+03	2.079358e+01	2020	6	8	6
	2124	1137	118.687189	16.640602	9.832965e+04	2.793810e+01	1.084511e+05	1.080619e+05	5.771170e+04	5.671518e+04	9.999000e+03	2.184675e+01	2020	6	8	12
	2120	1142	118.124689	17.109351	9.820769e+04	3.020860e+01	1.083699e+05	1.078691e+05	5.756275e+04	5.644206e+04	9.999000e+03	1.984729e+01	2020	6	8	18
	2118	1147	117.843440	17.578101	9.828702e+04	2.634118e+01	1.083619e+05	1.076561e+05	5.771181e+04	5.635227e+04	3.043914e+02	1.995501e+01	2020	6	9	0
	2114	1153	117.280940	18.140600	9.792806e+04	2.938959e+01	1.083077e+05	1.073193e+05	5.765030e+04	5.597198e+04	3.043737e+02	2.870795e+01	2020	6	9	6
	2110	1156	116.718441	18.421849	9.758200e+04	3.119977e+01	1.083270e+05	1.073961e+05	5.769561e+04	5.584470e+04	3.041508e+02	2.586997e+01	2020	6	9	12
	2105	1159	116.015317	18.703099	9.755718e+04	3.238972e+01	1.081658e+05	1.072951e+05	5.760079e+04	5.581489e+04	3.039771e+02	2.623694e+01	2020	6	9	18
	2100	1162	115.312192	18.984349	9.684767e+04	4.290361e+01	1.081477e+05	1.069779e+05	5.770412e+04	5.525908e+04	3.040946e+02	2.394906e+01	2020	6	10	0
	2093	1166	114.327818	19.359348	9.590498e+04	4.604793e+01	1.082528e+05	1.065776e+05	5.767805e+04	5.486588e+04	3.040497e+02	1.591729e+01	2020	6	10	6
	2085	1170	113.202819	19.734348	9.615652e+04	4.675637e+01	1.085104e+05	1.066793e+05	5.779338e+04	5.473727e+04	3.038224e+02	1.858563e+01	2020	6	10	12
	2075	1176	111.796571	20.296847	9.634007e+04	4.042469e+01	1.085320e+05	1.069540e+05	5.771146e+04	5.494763e+04	9.999000e+03	2.236853e+01	2020	6	10	18
	2067	1182	110.671572	20.859346	9.663443e+04	3.920998e+01	1.086194e+05	1.072878e+05	5.778791e+04	5.541673e+04	9.999000e+03	1.829821e+01	2020	6	11	0
	2057	1188	109.265324	21.421845	9.772621e+04	2.966009e+01	1.087276e+05	1.075936e+05	5.777981e+04	5.591205e+04	9.999000e+03	1.417005e+01	2020	6	11	6
	2049	1192	108.140325	21.796845	9.894416e+04	2.068451e+01	1.088453e+05	1.080341e+05	5.782254e+04	5.653073e+04	9.999000e+03	1.355217e+01	2020	6	11	12
	2039	1198	106.734076	22.359344	9.961473e+04	1.242219e+01	1.087431e+05	1.082551e+05	5.778451e+04	5.698640e+04	9.999000e+03	1.835062e+01	2020	6	11	18
	2031	1204	105.609077	22.921843	1.000872e+05	9.232228e+00	1.086919e+05	1.082027e+05	5.781018e+04	5.718744e+04	9.999000e+03	1.231677e+01	2020	6	12	0
start	16	2020	6	10	12
	2279	1159	140.484041	18.703099	1.007923e+05	1.247615e+01	1.085053e+05	1.082211e+05	5.818450e+04	5.769572e+04	3.037165e+02	1.593587e+01	2020	6	10	12
	2265	1161	138.515293	18.890599	1.006330e+05	1.168558e+01	1.083007e+05	1.080430e+05	5.792126e+04	5.749380e+04	3.039218e+02	1.632233e+01	2020	6	10	18
	2259	1178	137.671544	20.484347	1.007448e+05	1.327153e+01	1.083994e+05	1.080572e+05	5.803277e+04	5.755716e+04	3.042212e+02	1.804069e+01	2020	6	11	0
	2256	1182	137.249669	20.859346	1.005519e+05	1.378326e+01	1.082777e+05	1.079771e+05	5.794812e+04	5.734742e+04	3.042775e+02	1.700522e+01	2020	6	11	6
	2252	1187	136.687170	21.328095	1.006183e+05	1.548506e+01	1.084495e+05	1.081041e+05	5.806170e+04	5.741529e+04	3.041966e+02	1.827595e+01	2020	6	11	12
	2247	1198	135.984046	22.359344	1.003816e+05	1.507109e+01	1.082667e+05	1.077338e+05	5.785834e+04	5.719142e+04	3.041146e+02	2.231070e+01	2020	6	11	18
	2247	1208	135.984046	23.296843	1.003905e+05	1.649600e+01	1.084181e+05	1.077902e+05	5.797948e+04	5.722321e+04	3.038629e+02	1.929332e+01	2020	6	12	0
	2248	1211	136.124671	23.578092	1.001500e+05	1.821203e+01	1.083154e+05	1.077679e+05	5.787752e+04	5.710628e+04	3.038944e+02	1.427834e+01	2020	6	12	6
	2247	1222	135.984046	24.609341	1.002002e+05	1.750881e+01	1.084648e+05	1.076430e+05	5.798868e+04	5.723812e+04	3.035743e+02	1.133722e+01	2020	6	12	12
	2250	1236	136.405920	25.921839	9.991757e+04	1.850434e+01	1.083453e+05	1.075360e+05	5.777380e+04	5.711278e+04	3.019358e+02	1.321336e+01	2020	6	12	18
	2257	1246	137.390294	26.859338	9.997880e+04	2.036262e+01	1.084151e+05	1.075132e+05	5.786350e+04	5.703951e+04	3.016440e+02	1.117164e+01	2020	6	13	0
	2269	1258	139.077792	27.984336	9.975068e+04	2.172040e+01	1.082400e+05	1.071304e+05	5.775889e+04	5.668422e+04	3.010217e+02	1.104162e+01	2020	6	13	6
	2286	1276	141.468415	29.671834	9.975234e+04	1.951112e+01	1.083262e+05	1.065744e+05	5.779235e+04	5.639852e+04	2.986252e+02	1.593833e+01	2020	6	13	12
	2306	1290	144.280912	30.984332	9.949841e+04	1.858801e+01	1.080222e+05	1.057356e+05	5.752152e+04	5.605061e+04	2.978764e+02	2.571402e+01	2020	6	13	18
	2324	1304	146.812159	32.296830	9.942654e+04	1.850520e+01	1.080636e+05	1.052410e+05	5.754939e+04	5.591649e+04	2.955010e+02	2.360229e+01	2020	6	14	0
	2341	1315	149.202782	33.328079	9.923707e+04	2.015508e+01	1.079612e+05	1.049321e+05	5.741015e+04	5.567527e+04	2.949250e+02	1.569631e+01	2020	6	14	6
start	34	2020	6	15	0
	590	1099	-97.031336	13.078107	1.005510e+05	1.667888e+01	1.081596e+05	1.077269e+05	5.775955e+04	5.732838e+04	3.037014e+02	4.093732e+01	2020	6	15	0
	585	1093	-97.734461	12.515608	1.007425e+05	1.656685e+01	1.082601e+05	1.078567e+05	5.787025e+04	5.746222e+04	3.035914e+02	4.290942e+01	2020	6	15	6
	582	1091	-98.156335	12.328108	1.005130e+05	1.706253e+01	1.079711e+05	1.075606e+05	5.767390e+04	5.727342e+04	3.032054e+02	4.566199e+01	2020	6	15	12
	576	1094	-99.000084	12.609357	1.005512e+05	1.846949e+01	1.081643e+05	1.077034e+05	5.783888e+04	5.736503e+04	3.029704e+02	4.285482e+01	2020	6	15	18
	567	1099	-100.265708	13.078107	1.003046e+05	1.852828e+01	1.080547e+05	1.075723e+05	5.770159e+04	5.722572e+04	3.029389e+02	3.966814e+01	2020	6	16	0
	559	1097	-101.390707	12.890607	1.005098e+05	1.926495e+01	1.081805e+05	1.076296e+05	5.782488e+04	5.735549e+04	3.030757e+02	4.560617e+01	2020	6	16	6
	558	1100	-101.531332	13.171857	1.002542e+05	1.850384e+01	1.078601e+05	1.074149e+05	5.764567e+04	5.709621e+04	3.028864e+02	4.157397e+01	2020	6	16	12
	550	1098	-102.656331	12.984357	1.002852e+05	2.100122e+01	1.080646e+05	1.076173e+05	5.779227e+04	5.725164e+04	3.031941e+02	3.251836e+01	2020	6	16	18
	544	1104	-103.500080	13.546856	9.990324e+04	2.060842e+01	1.079016e+05	1.075366e+05	5.761025e+04	5.700699e+04	3.033090e+02	2.425264e+01	2020	6	17	0
	538	1109	-104.343829	14.015606	9.996286e+04	2.310526e+01	1.080529e+05	1.077403e+05	5.781306e+04	5.704440e+04	3.032723e+02	2.338595e+01	2020	6	17	6
	531	1108	-105.328203	13.921856	9.887525e+04	2.935190e+01	1.078188e+05	1.071137e+05	5.759126e+04	5.636618e+04	3.031961e+02	1.908560e+01	2020	6	17	12
	523	1109	-106.453202	14.015606	9.879895e+04	2.943530e+01	1.080214e+05	1.074406e+05	5.774379e+04	5.657499e+04	3.030940e+02	1.428139e+01	2020	6	17	18
	517	1111	-107.296951	14.203105	9.848904e+04	2.527736e+01	1.078446e+05	1.071877e+05	5.765295e+04	5.613964e+04	3.030107e+02	1.227950e+01	2020	6	18	0
	511	1114	-108.140700	14.484355	9.844308e+04	3.284385e+01	1.079887e+05	1.072443e+05	5.782048e+04	5.614045e+04	3.028972e+02	1.925874e+01	2020	6	18	6
	506	1118	-108.843824	14.859354	9.814656e+04	3.196513e+01	1.077480e+05	1.070239e+05	5.765389e+04	5.604006e+04	3.024751e+02	1.864219e+01	2020	6	18	12
	500	1124	-109.687573	15.421854	9.832906e+04	3.150901e+01	1.079629e+05	1.073032e+05	5.783425e+04	5.618193e+04	3.026727e+02	1.381450e+01	2020	6	18	18
	494	1132	-110.531322	16.171853	9.811015e+04	3.273793e+01	1.079029e+05	1.070503e+05	5.775232e+04	5.593630e+04	3.026206e+02	9.953571e+00	2020	6	19	0
	489	1138	-111.234447	16.734352	9.828360e+04	3.210115e+01	1.080515e+05	1.072441e+05	5.795827e+04	5.599323e+04	3.023446e+02	1.431380e+01	2020	6	19	6
	483	1144	-112.078196	17.296851	9.776433e+04	3.359104e+01	1.078264e+05	1.069515e+05	5.772999e+04	5.564594e+04	9.999000e+03	1.512723e+01	2020	6	19	12
	479	1149	-112.640695	17.765600	9.776129e+04	3.362759e+01	1.080277e+05	1.071932e+05	5.788963e+04	5.579257e+04	9.999000e+03	9.616524e+00	2020	6	19	18
	474	1153	-113.343819	18.140600	9.781452e+04	3.008269e+01	1.078730e+05	1.071294e+05	5.771308e+04	5.587551e+04	3.012970e+02	6.769756e+00	2020	6	20	0
	471	1156	-113.765694	18.421849	9.858645e+04	2.663288e+01	1.080634e+05	1.075288e+05	5.785961e+04	5.627456e+04	3.009742e+02	9.692654e+00	2020	6	20	6
	469	1159	-114.046944	18.703099	9.869753e+04	2.594993e+01	1.078565e+05	1.074433e+05	5.764500e+04	5.628714e+04	3.007589e+02	8.068211e+00	2020	6	20	12
	468	1162	-114.187569	18.984349	9.908202e+04	2.515638e+01	1.080822e+05	1.076627e+05	5.782082e+04	5.671395e+04	3.006652e+02	5.461572e+00	2020	6	20	18
	467	1167	-114.328193	19.453098	9.917374e+04	2.054213e+01	1.079274e+05	1.075338e+05	5.771034e+04	5.674039e+04	3.003562e+02	3.437073e+00	2020	6	21	0
	467	1172	-114.328193	19.921847	9.953329e+04	2.132255e+01	1.080723e+05	1.076046e+05	5.787284e+04	5.697043e+04	2.998449e+02	4.517778e+00	2020	6	21	6
	467	1179	-114.328193	20.578096	9.948438e+04	2.092582e+01	1.078334e+05	1.072246e+05	5.766850e+04	5.687677e+04	2.994692e+02	5.627069e+00	2020	6	21	12
	467	1185	-114.328193	21.140596	9.968023e+04	2.191433e+01	1.080569e+05	1.069276e+05	5.784610e+04	5.692546e+04	2.994975e+02	3.344714e+00	2020	6	21	18
	465	1192	-114.609443	21.796845	9.961464e+04	2.035629e+01	1.078795e+05	1.065682e+05	5.771917e+04	5.682558e+04	2.990535e+02	6.031719e+00	2020	6	22	0
	465	1201	-114.609443	22.640594	9.950153e+04	2.458434e+01	1.080253e+05	1.067122e+05	5.788638e+04	5.669370e+04	2.986056e+02	8.181523e+00	2020	6	22	6
	462	1209	-115.031318	23.390592	9.882304e+04	2.883154e+01	1.077906e+05	1.063153e+05	5.778743e+04	5.611011e+04	2.986754e+02	5.327332e+00	2020	6	22	12
	459	1218	-115.453192	24.234341	9.951454e+04	2.365215e+01	1.081003e+05	1.065426e+05	5.801729e+04	5.659905e+04	2.983455e+02	3.146182e+00	2020	6	22	18
	457	1226	-115.734442	24.984340	9.988566e+04	1.736983e+01	1.081316e+05	1.066108e+05	5.802682e+04	5.679770e+04	2.982603e+02	1.710408e+00	2020	6	23	0
	454	1237	-116.156317	26.015589	1.005984e+05	1.569024e+01	1.083097e+05	1.068107e+05	5.824077e+04	5.709337e+04	9.999000e+03	1.177853e+00	2020	6	23	6
start	29	2020	6	26	12
	2253	1113	136.827795	14.390605	1.004924e+05	1.522891e+01	1.084254e+05	1.080531e+05	5.786245e+04	5.746815e+04	3.039267e+02	3.717636e+01	2020	6	26	12
	2249	1109	136.265295	14.015606	1.002391e+05	1.080957e+01	1.082487e+05	1.078541e+05	5.762483e+04	5.718039e+04	3.039150e+02	3.887165e+01	2020	6	26	18
	2234	1120	134.155923	15.046854	1.002667e+05	1.534376e+01	1.084035e+05	1.080368e+05	5.781980e+04	5.724359e+04	3.039127e+02	2.831431e+01	2020	6	27	0
	2224	1126	132.749674	15.609353	1.000375e+05	1.412803e+01	1.084139e+05	1.079310e+05	5.775745e+04	5.703741e+04	3.041070e+02	2.569285e+01	2020	6	27	6
	2223	1121	132.609049	15.140604	1.001078e+05	1.443731e+01	1.085548e+05	1.081322e+05	5.780021e+04	5.715025e+04	3.038918e+02	4.261638e+01	2020	6	27	12
	2217	1126	131.765300	15.609353	9.976992e+04	1.373849e+01	1.083727e+05	1.079249e+05	5.763247e+04	5.693571e+04	3.037936e+02	4.733129e+01	2020	6	27	18
	2211	1127	130.921551	15.703103	9.980551e+04	1.679934e+01	1.085139e+05	1.080617e+05	5.773930e+04	5.698121e+04	3.038625e+02	4.121022e+01	2020	6	28	0
	2208	1134	130.499676	16.359352	9.951354e+04	1.940515e+01	1.084502e+05	1.079334e+05	5.768248e+04	5.684772e+04	3.039640e+02	3.925439e+01	2020	6	28	6
	2206	1136	130.218427	16.546852	9.958977e+04	1.965314e+01	1.086229e+05	1.081245e+05	5.773896e+04	5.697429e+04	3.038268e+02	3.818103e+01	2020	6	28	12
	2202	1148	129.655927	17.671850	9.940154e+04	2.019274e+01	1.084164e+05	1.079883e+05	5.757973e+04	5.687528e+04	3.038704e+02	3.581730e+01	2020	6	28	18
	2200	1157	129.374678	18.515599	9.950054e+04	2.017753e+01	1.085248e+05	1.081412e+05	5.770530e+04	5.698564e+04	3.037853e+02	3.465238e+01	2020	6	29	0
	2197	1165	128.952803	19.265598	9.926833e+04	1.840810e+01	1.084776e+05	1.080315e+05	5.758055e+04	5.684439e+04	3.037742e+02	3.942630e+01	2020	6	29	6
	2195	1176	128.671553	20.296847	9.933373e+04	2.031087e+01	1.085708e+05	1.080411e+05	5.774655e+04	5.684777e+04	3.036717e+02	4.184750e+01	2020	6	29	12
	2194	1181	128.530928	20.765596	9.903487e+04	2.014933e+01	1.083801e+05	1.079231e+05	5.758789e+04	5.661263e+04	3.035665e+02	4.112211e+01	2020	6	29	18
	2191	1195	128.109054	22.078094	9.900522e+04	1.935759e+01	1.084712e+05	1.079811e+05	5.769368e+04	5.660584e+04	3.033788e+02	3.535169e+01	2020	6	30	0
	2193	1205	128.390304	23.015593	9.877887e+04	2.119980e+01	1.084570e+05	1.079121e+05	5.766242e+04	5.644966e+04	3.034735e+02	3.172537e+01	2020	6	30	6
	2192	1218	128.249679	24.234341	9.879960e+04	2.100685e+01	1.085663e+05	1.080166e+05	5.779534e+04	5.646272e+04	3.032422e+02	2.675574e+01	2020	6	30	12
	2193	1235	128.390304	25.828089	9.865920e+04	2.252570e+01	1.084065e+05	1.079303e+05	5.765980e+04	5.634732e+04	9.999000e+03	1.984659e+01	2020	6	30	18
	2197	1251	128.952803	27.328087	9.874741e+04	2.293200e+01	1.085340e+05	1.078570e+05	5.783989e+04	5.641112e+04	9.999000e+03	1.918997e+01	2020	7	1	0
	2204	1267	129.937177	28.828085	9.863354e+04	2.388889e+01	1.084853e+05	1.076091e+05	5.777018e+04	5.630544e+04	9.999000e+03	2.108937e+01	2020	7	1	6
	2217	1286	131.765300	30.609332	9.878160e+04	2.439351e+01	1.086907e+05	1.073426e+05	5.792652e+04	5.654066e+04	9.999000e+03	2.646428e+01	2020	7	1	12
	2233	1307	134.015298	32.578080	9.869766e+04	2.589360e+01	1.085797e+05	1.066420e+05	5.782068e+04	5.634726e+04	9.999000e+03	4.121084e+01	2020	7	1	18
	2251	1323	136.546545	34.078078	9.867752e+04	2.502077e+01	1.087615e+05	1.062641e+05	5.798863e+04	5.623762e+04	9.999000e+03	3.408247e+01	2020	7	2	0
	2277	1345	140.202791	36.140575	9.867528e+04	2.423978e+01	1.088064e+05	1.057587e+05	5.795913e+04	5.595523e+04	9.999000e+03	2.368519e+01	2020	7	2	6
	2305	1362	144.140287	37.734323	9.884934e+04	2.669920e+01	1.089141e+05	1.054773e+05	5.809661e+04	5.593081e+04	2.978091e+02	1.638281e+01	2020	7	2	12
	2329	1378	147.515284	39.234320	9.903123e+04	2.439258e+01	1.087127e+05	1.048555e+05	5.792385e+04	5.564414e+04	2.959666e+02	9.390159e+00	2020	7	2	18
	2353	1393	150.890280	40.640569	9.918384e+04	2.218332e+01	1.087852e+05	1.046967e+05	5.797292e+04	5.553873e+04	2.948693e+02	7.415239e+00	2020	7	3	0
	2376	1406	154.124652	41.859317	9.907945e+04	2.027719e+01	1.086489e+05	1.046304e+05	5.775036e+04	5.540594e+04	2.940834e+02	9.635194e+00	2020	7	3	6
	2396	1411	156.937149	42.328066	9.902718e+04	2.152721e+01	1.085664e+05	1.046110e+05	5.771379e+04	5.528096e+04	2.935999e+02	6.008526e+00	2020	7	3	12
start	29	2020	6	28	12
	551	1113	-102.515706	14.390605	1.005744e+05	1.158411e+01	1.081206e+05	1.078378e+05	5.770029e+04	5.733903e+04	3.034712e+02	4.401132e+01	2020	6	28	12
	554	1118	-102.093831	14.859354	1.006935e+05	1.596755e+01	1.083728e+05	1.079810e+05	5.786169e+04	5.745384e+04	3.037559e+02	4.821321e+01	2020	6	28	18
	543	1126	-103.640705	15.609353	1.004146e+05	1.472570e+01	1.082643e+05	1.078696e+05	5.772080e+04	5.725318e+04	3.035534e+02	4.673148e+01	2020	6	29	0
	539	1117	-104.203204	14.765604	1.005537e+05	1.865256e+01	1.082865e+05	1.079382e+05	5.779492e+04	5.732616e+04	3.031853e+02	5.371484e+01	2020	6	29	6
	536	1131	-104.625079	16.078103	1.000603e+05	1.924100e+01	1.080243e+05	1.076304e+05	5.763427e+04	5.704241e+04	3.029333e+02	3.973631e+01	2020	6	29	12
	525	1137	-106.171952	16.640602	1.000783e+05	2.322889e+01	1.081824e+05	1.077886e+05	5.776095e+04	5.706576e+04	3.025900e+02	2.963172e+01	2020	6	29	18
	516	1150	-107.437576	17.859350	9.985092e+04	2.349556e+01	1.081564e+05	1.077244e+05	5.773243e+04	5.693805e+04	3.027005e+02	2.053419e+01	2020	6	30	0
	504	1148	-109.125074	17.671850	1.000489e+05	2.246180e+01	1.082528e+05	1.078548e+05	5.786048e+04	5.714829e+04	3.018172e+02	2.079355e+01	2020	6	30	6
	494	1148	-110.531322	17.671850	9.967659e+04	2.182535e+01	1.080099e+05	1.075490e+05	5.770629e+04	5.677017e+04	9.999000e+03	2.021416e+01	2020	6	30	12
	486	1151	-111.656321	17.953100	9.975850e+04	2.091812e+01	1.082176e+05	1.076406e+05	5.788569e+04	5.687094e+04	9.999000e+03	1.580825e+01	2020	6	30	18
	476	1155	-113.062570	18.328100	9.962973e+04	1.994650e+01	1.081486e+05	1.075879e+05	5.780704e+04	5.673758e+04	3.014025e+02	1.172628e+01	2020	7	1	0
	467	1155	-114.328193	18.328100	9.988544e+04	1.989127e+01	1.082508e+05	1.077294e+05	5.795990e+04	5.689939e+04	3.015063e+02	9.912247e+00	2020	7	1	6
	459	1157	-115.453192	18.515599	9.947501e+04	1.975387e+01	1.079782e+05	1.075138e+05	5.778712e+04	5.664904e+04	3.015845e+02	8.430725e+00	2020	7	1	12
	450	1159	-116.718816	18.703099	9.976202e+04	1.967981e+01	1.081562e+05	1.077628e+05	5.795973e+04	5.685062e+04	3.011048e+02	8.831242e+00	2020	7	1	18
	442	1165	-117.843815	19.265598	9.946511e+04	2.070759e+01	1.081087e+05	1.075171e+05	5.780751e+04	5.655670e+04	3.008470e+02	8.358088e+00	2020	7	2	0
	433	1170	-119.109438	19.734348	9.971493e+04	2.068827e+01	1.082048e+05	1.077014e+05	5.797284e+04	5.678332e+04	3.004113e+02	1.085848e+01	2020	7	2	6
	422	1176	-120.656312	20.296847	9.945645e+04	2.162323e+01	1.079760e+05	1.074376e+05	5.779241e+04	5.661428e+04	3.003402e+02	9.550718e+00	2020	7	2	12
	412	1182	-122.062560	20.859346	9.970067e+04	2.116221e+01	1.081577e+05	1.076359e+05	5.793962e+04	5.681677e+04	2.999532e+02	5.650615e+00	2020	7	2	18
	401	1185	-123.609434	21.140596	9.955216e+04	1.972585e+01	1.080588e+05	1.075285e+05	5.781005e+04	5.668414e+04	2.997682e+02	5.026179e+00	2020	7	3	0
	393	1190	-124.734433	21.609345	9.982718e+04	1.945499e+01	1.081728e+05	1.076869e+05	5.796701e+04	5.691917e+04	2.988834e+02	5.152267e+00	2020	7	3	6
	384	1193	-126.000056	21.890595	9.967534e+04	2.104370e+01	1.079022e+05	1.074737e+05	5.776401e+04	5.678605e+04	2.987578e+02	4.266914e+00	2020	7	3	12
	376	1199	-127.125055	22.453094	9.996872e+04	1.905196e+01	1.080556e+05	1.077332e+05	5.792237e+04	5.700536e+04	2.983782e+02	2.496617e+00	2020	7	3	18
	366	1203	-128.531304	22.828093	9.995455e+04	1.704369e+01	1.079845e+05	1.076270e+05	5.786015e+04	5.699619e+04	2.981740e+02	2.761894e+00	2020	7	4	0
	359	1206	-129.515678	23.109343	1.002142e+05	1.767679e+01	1.080895e+05	1.077677e+05	5.800443e+04	5.722199e+04	2.980694e+02	1.891783e+00	2020	7	4	6
	351	1210	-130.640676	23.484342	1.001752e+05	1.620409e+01	1.078274e+05	1.075400e+05	5.781078e+04	5.709197e+04	2.975302e+02	1.614820e+00	2020	7	4	12
	344	1214	-131.625050	23.859342	1.004830e+05	1.572082e+01	1.080128e+05	1.076463e+05	5.797830e+04	5.732831e+04	2.973417e+02	1.147581e+00	2020	7	4	18
	337	1219	-132.609424	24.328091	1.004822e+05	1.536085e+01	1.079706e+05	1.075083e+05	5.795736e+04	5.736132e+04	2.974196e+02	1.838079e+00	2020	7	5	0
	330	1222	-133.593798	24.609341	1.007791e+05	1.424436e+01	1.081321e+05	1.075200e+05	5.807980e+04	5.759423e+04	2.968772e+02	2.503996e+00	2020	7	5	6
	323	1227	-134.578172	25.078090	1.007208e+05	1.358232e+01	1.078557e+05	1.072078e+05	5.789126e+04	5.743135e+04	2.968834e+02	2.730782e+00	2020	7	5	12
start	11	2020	7	2	6
	991	1105	-40.640770	13.640606	1.008234e+05	1.746916e+01	1.078212e+05	1.076323e+05	5.791760e+04	5.740142e+04	3.003118e+02	1.103421e+01	2020	7	2	6
	978	1095	-42.468893	12.703107	1.009207e+05	1.412831e+01	1.079360e+05	1.077444e+05	5.798207e+04	5.753782e+04	3.010569e+02	6.978496e+00	2020	7	2	12
	972	1100	-43.312642	13.171857	1.007434e+05	1.322789e+01	1.078762e+05	1.076451e+05	5.793609e+04	5.737675e+04	3.010175e+02	9.365191e+00	2020	7	2	18
	956	1103	-45.562640	13.453106	1.009393e+05	1.436373e+01	1.079852e+05	1.077778e+05	5.807051e+04	5.755911e+04	3.011471e+02	1.333647e+01	2020	7	3	0
	943	1100	-47.390763	13.171857	1.007230e+05	1.529426e+01	1.077163e+05	1.075568e+05	5.781770e+04	5.734016e+04	3.013168e+02	1.155497e+01	2020	7	3	6
	929	1100	-49.359511	13.171857	1.008723e+05	1.596190e+01	1.078889e+05	1.077598e+05	5.798898e+04	5.751440e+04	3.013074e+02	6.276582e+00	2020	7	3	12
	916	1104	-51.187634	13.546856	1.007281e+05	1.569791e+01	1.078539e+05	1.077079e+05	5.793781e+04	5.744330e+04	3.014623e+02	8.028626e+00	2020	7	3	18
	900	1105	-53.437632	13.640606	1.008213e+05	1.586098e+01	1.079318e+05	1.078210e+05	5.800415e+04	5.758223e+04	3.015143e+02	1.084183e+01	2020	7	4	0
	886	1105	-55.406380	13.640606	1.006397e+05	1.637469e+01	1.077653e+05	1.075694e+05	5.781627e+04	5.743553e+04	3.015125e+02	1.777555e+01	2020	7	4	6
	869	1110	-57.797002	14.109355	1.008393e+05	1.715462e+01	1.079495e+05	1.077561e+05	5.797106e+04	5.761059e+04	9.999000e+03	1.365532e+01	2020	7	4	12
	855	1113	-59.765750	14.390605	1.007545e+05	1.693103e+01	1.079883e+05	1.077195e+05	5.798739e+04	5.758391e+04	9.999000e+03	1.129018e+01	2020	7	4	18
start	30	2020	7	4	0
	492	1059	-110.812572	9.328112	1.005744e+05	1.214983e+01	1.077492e+05	1.075648e+05	5.746121e+04	5.721894e+04	3.027096e+02	3.885445e+01	2020	7	4	0
	491	1065	-110.953197	9.890611	1.008298e+05	1.315994e+01	1.079935e+05	1.078281e+05	5.773454e+04	5.743954e+04	3.026633e+02	3.933125e+01	2020	7	4	6
	490	1072	-111.093822	10.546860	1.005374e+05	1.343497e+01	1.077702e+05	1.075709e+05	5.756599e+04	5.719628e+04	3.026336e+02	3.969628e+01	2020	7	4	12
	482	1083	-112.218821	11.578109	1.007112e+05	1.390225e+01	1.080388e+05	1.078082e+05	5.781484e+04	5.737218e+04	3.026920e+02	3.430695e+01	2020	7	4	18
	470	1086	-113.906319	11.859359	1.003067e+05	1.467645e+01	1.078815e+05	1.076394e+05	5.759155e+04	5.709089e+04	3.030321e+02	2.487596e+01	2020	7	5	0
	462	1090	-115.031318	12.234358	1.005207e+05	1.527618e+01	1.080908e+05	1.078480e+05	5.784757e+04	5.731714e+04	3.030304e+02	2.928894e+01	2020	7	5	6
	458	1097	-115.593817	12.890607	1.001181e+05	1.667782e+01	1.078438e+05	1.075972e+05	5.763021e+04	5.708807e+04	3.029846e+02	2.842927e+01	2020	7	5	12
	449	1107	-116.859441	13.828106	1.002979e+05	1.836571e+01	1.080995e+05	1.078260e+05	5.786367e+04	5.727568e+04	3.028842e+02	2.860710e+01	2020	7	5	18
	439	1114	-118.265689	14.484355	9.995066e+04	1.985673e+01	1.079701e+05	1.076833e+05	5.764534e+04	5.699141e+04	3.028188e+02	2.645657e+01	2020	7	6	0
	432	1123	-119.250063	15.328104	1.001741e+05	2.030495e+01	1.081267e+05	1.078792e+05	5.789889e+04	5.719658e+04	3.024965e+02	2.759061e+01	2020	7	6	6
	429	1126	-119.671938	15.609353	9.974421e+04	2.155070e+01	1.078204e+05	1.075567e+05	5.762129e+04	5.686076e+04	3.019209e+02	2.689966e+01	2020	7	6	12
	420	1132	-120.937562	16.171853	9.966122e+04	2.387686e+01	1.079333e+05	1.076451e+05	5.774870e+04	5.683085e+04	3.018115e+02	2.012064e+01	2020	7	6	18
	415	1140	-121.640686	16.921851	9.925877e+04	2.642667e+01	1.077747e+05	1.073237e+05	5.755916e+04	5.648306e+04	3.016606e+02	1.783536e+01	2020	7	7	0
	411	1144	-122.203185	17.296851	9.925695e+04	2.728787e+01	1.079739e+05	1.074790e+05	5.776718e+04	5.650048e+04	3.015583e+02	1.824823e+01	2020	7	7	6
	411	1147	-122.203185	17.578101	9.892943e+04	2.497426e+01	1.076492e+05	1.072774e+05	5.755209e+04	5.628538e+04	3.012921e+02	1.925648e+01	2020	7	7	12
	411	1151	-122.203185	17.953100	9.916745e+04	2.315489e+01	1.078959e+05	1.075747e+05	5.775304e+04	5.651766e+04	3.006205e+02	1.653185e+01	2020	7	7	18
	409	1162	-122.484435	18.984349	9.885021e+04	2.775551e+01	1.077096e+05	1.074297e+05	5.754614e+04	5.631456e+04	3.001127e+02	1.368648e+01	2020	7	8	0
	406	1163	-122.906309	19.078098	9.914490e+04	2.502018e+01	1.078672e+05	1.075581e+05	5.773628e+04	5.657304e+04	3.000669e+02	1.342950e+01	2020	7	8	6
	407	1171	-122.765685	19.828097	9.908587e+04	2.377378e+01	1.076145e+05	1.072221e+05	5.749834e+04	5.642160e+04	2.997653e+02	1.375639e+01	2020	7	8	12
	404	1174	-123.187559	20.109347	9.923770e+04	2.327111e+01	1.078249e+05	1.074124e+05	5.766697e+04	5.658898e+04	2.996807e+02	1.172900e+01	2020	7	8	18
	401	1179	-123.609434	20.578096	9.910234e+04	2.369644e+01	1.076690e+05	1.073045e+05	5.746297e+04	5.644923e+04	2.992167e+02	1.059711e+01	2020	7	9	0
	399	1181	-123.890683	20.765596	9.944238e+04	2.003252e+01	1.078446e+05	1.075165e+05	5.764845e+04	5.670784e+04	2.994502e+02	9.534964e+00	2020	7	9	6
	397	1187	-124.171933	21.328095	9.934473e+04	2.122996e+01	1.074784e+05	1.071088e+05	5.739516e+04	5.657302e+04	2.988015e+02	8.106221e+00	2020	7	9	12
	395	1192	-124.453183	21.796845	9.964224e+04	2.004256e+01	1.076955e+05	1.071393e+05	5.758927e+04	5.676842e+04	2.986511e+02	6.055025e+00	2020	7	9	18
	394	1198	-124.593808	22.359344	9.958192e+04	2.042731e+01	1.075402e+05	1.069437e+05	5.749277e+04	5.669943e+04	2.983908e+02	5.512749e+00	2020	7	10	0
	395	1203	-124.453183	22.828093	9.990021e+04	1.794101e+01	1.077587e+05	1.069661e+05	5.770777e+04	5.695954e+04	2.984230e+02	5.997905e+00	2020	7	10	6
	396	1213	-124.312558	23.765592	9.988784e+04	1.986323e+01	1.074347e+05	1.065858e+05	5.749125e+04	5.688336e+04	2.984798e+02	9.328456e+00	2020	7	10	12
	394	1225	-124.593808	24.890590	1.000620e+05	1.944905e+01	1.076393e+05	1.065782e+05	5.769042e+04	5.699365e+04	2.979949e+02	8.355121e+00	2020	7	10	18
	395	1233	-124.453183	25.640589	9.997035e+04	2.094197e+01	1.076604e+05	1.065960e+05	5.764395e+04	5.679373e+04	2.977495e+02	7.421669e+00	2020	7	11	0
	395	1241	-124.453183	26.390588	1.002614e+05	1.969497e+01	1.078640e+05	1.066927e+05	5.783367e+04	5.712216e+04	2.973367e+02	2.206224e+00	2020	7	11	6
start	34	2020	7	11	18
	552	1100	-102.375081	13.171857	1.006687e+05	1.302930e+01	1.081645e+05	1.078050e+05	5.784965e+04	5.740526e+04	3.032754e+02	4.004811e+01	2020	7	11	18
	545	1099	-103.359455	13.078107	1.003539e+05	1.297448e+01	1.080892e+05	1.076606e+05	5.770698e+04	5.722907e+04	3.033066e+02	3.593485e+01	2020	7	12	0
	535	1103	-104.765703	13.453106	1.005209e+05	1.480054e+01	1.082200e+05	1.078236e+05	5.788160e+04	5.735828e+04	3.033899e+02	3.838737e+01	2020	7	12	6
	526	1107	-106.031327	13.828106	1.001439e+05	1.463904e+01	1.080336e+05	1.075935e+05	5.773695e+04	5.713684e+04	3.032195e+02	3.390157e+01	2020	7	12	12
	517	1118	-107.296951	14.859354	1.004029e+05	1.604101e+01	1.082176e+05	1.078135e+05	5.794317e+04	5.730536e+04	3.030728e+02	2.584960e+01	2020	7	12	18
	502	1118	-109.406324	14.859354	1.001580e+05	1.638362e+01	1.081574e+05	1.076656e+05	5.780086e+04	5.722042e+04	3.027219e+02	2.172274e+01	2020	7	13	0
	492	1117	-110.812572	14.765604	1.003363e+05	1.602902e+01	1.083094e+05	1.078506e+05	5.792417e+04	5.724790e+04	3.027210e+02	2.578923e+01	2020	7	13	6
	487	1124	-111.515696	15.421854	1.000844e+05	1.799044e+01	1.080342e+05	1.076173e+05	5.778019e+04	5.709843e+04	3.024645e+02	2.281498e+01	2020	7	13	12
	471	1126	-113.765694	15.609353	1.001841e+05	1.628106e+01	1.082190e+05	1.078498e+05	5.793171e+04	5.723121e+04	3.023499e+02	1.984180e+01	2020	7	13	18
	465	1120	-114.609443	15.046854	9.978220e+04	1.618802e+01	1.081016e+05	1.076220e+05	5.768349e+04	5.694264e+04	3.025742e+02	1.797922e+01	2020	7	14	0
	458	1126	-115.593817	15.609353	9.997544e+04	1.888563e+01	1.082007e+05	1.078765e+05	5.786816e+04	5.720603e+04	3.023977e+02	1.830243e+01	2020	7	14	6
	448	1135	-117.000066	16.453102	9.975002e+04	1.672766e+01	1.079470e+05	1.076298e+05	5.770628e+04	5.695378e+04	3.020455e+02	1.714989e+01	2020	7	14	12
	436	1132	-118.687564	16.171853	9.994802e+04	1.862260e+01	1.081033e+05	1.078394e+05	5.780860e+04	5.714610e+04	3.015671e+02	1.457844e+01	2020	7	14	18
	427	1138	-119.953188	16.734352	9.975220e+04	1.787078e+01	1.080452e+05	1.076964e+05	5.768437e+04	5.700603e+04	3.015095e+02	1.232381e+01	2020	7	15	0
	421	1135	-120.796937	16.453102	9.999588e+04	1.817697e+01	1.082306e+05	1.079007e+05	5.783897e+04	5.718635e+04	3.017614e+02	1.579847e+01	2020	7	15	6
	410	1145	-122.343810	17.390601	9.981199e+04	1.750920e+01	1.079132e+05	1.076602e+05	5.762419e+04	5.698966e+04	3.016015e+02	1.301840e+01	2020	7	15	12
	402	1143	-123.468809	17.203101	1.001017e+05	1.518901e+01	1.081172e+05	1.078543e+05	5.781918e+04	5.724102e+04	3.017361e+02	1.168107e+01	2020	7	15	18
	392	1150	-124.875057	17.859350	9.997777e+04	1.507038e+01	1.079802e+05	1.076808e+05	5.771949e+04	5.715962e+04	3.016650e+02	1.297909e+01	2020	7	16	0
	388	1146	-125.437557	17.484351	1.001659e+05	1.834591e+01	1.081488e+05	1.077948e+05	5.782109e+04	5.727114e+04	3.020056e+02	1.759310e+01	2020	7	16	6
	384	1155	-126.000056	18.328100	9.991366e+04	1.939431e+01	1.078977e+05	1.076219e+05	5.765903e+04	5.708717e+04	3.013610e+02	1.450175e+01	2020	7	16	12
	375	1157	-127.265680	18.515599	1.002105e+05	1.800556e+01	1.080611e+05	1.078156e+05	5.783253e+04	5.729484e+04	3.012425e+02	1.022752e+01	2020	7	16	18
	369	1162	-128.109429	18.984349	1.000292e+05	1.797939e+01	1.079603e+05	1.077200e+05	5.776154e+04	5.714685e+04	3.009446e+02	1.099751e+01	2020	7	17	0
	362	1162	-129.093803	18.984349	1.002582e+05	1.741222e+01	1.081069e+05	1.078668e+05	5.786905e+04	5.736332e+04	3.005731e+02	1.234812e+01	2020	7	17	6
	356	1164	-129.937552	19.171848	1.000625e+05	1.696752e+01	1.078928e+05	1.076461e+05	5.767227e+04	5.716686e+04	3.007216e+02	1.313192e+01	2020	7	17	12
	352	1167	-130.500052	19.453098	1.002434e+05	1.627455e+01	1.080006e+05	1.077662e+05	5.780731e+04	5.730595e+04	3.006862e+02	9.460157e+00	2020	7	17	18
	346	1174	-131.343801	20.109347	1.001029e+05	1.634681e+01	1.079522e+05	1.076008e+05	5.775242e+04	5.720468e+04	3.000712e+02	7.786462e+00	2020	7	18	0
	338	1177	-132.468800	20.390597	1.003711e+05	1.699924e+01	1.080986e+05	1.076408e+05	5.789842e+04	5.742462e+04	2.999529e+02	1.252884e+01	2020	7	18	6
	331	1182	-133.453174	20.859346	1.001393e+05	1.922470e+01	1.078583e+05	1.073165e+05	5.767628e+04	5.718369e+04	2.998302e+02	1.599575e+01	2020	7	18	12
	325	1190	-134.296923	21.609345	1.002276e+05	2.118986e+01	1.079772e+05	1.073023e+05	5.783815e+04	5.722625e+04	2.995358e+02	1.067039e+01	2020	7	18	18
	318	1192	-135.281297	21.796845	1.001000e+05	1.928979e+01	1.079305e+05	1.072564e+05	5.779554e+04	5.712744e+04	2.996443e+02	1.044627e+01	2020	7	19	0
	312	1195	-136.125046	22.078094	1.004240e+05	1.983574e+01	1.080499e+05	1.073153e+05	5.795014e+04	5.744421e+04	2.992527e+02	1.299629e+01	2020	7	19	6
	303	1202	-137.390669	22.734343	1.003022e+05	1.950736e+01	1.077959e+05	1.069602e+05	5.773890e+04	5.723243e+04	2.987113e+02	1.440818e+01	2020	7	19	12
	298	1207	-138.093794	23.203093	1.005770e+05	2.165952e+01	1.079494e+05	1.070117e+05	5.791688e+04	5.737491e+04	2.985927e+02	1.049687e+01	2020	7	19	18
	292	1213	-138.937543	23.765592	1.004687e+05	2.063653e+01	1.078618e+05	1.069379e+05	5.784205e+04	5.726187e+04	2.985143e+02	6.693900e+00	2020	7	20	0
start	19	2020	7	15	18
	1913	1187	89.015345	21.328095	9.952417e+04	1.073727e+01	1.084474e+05	1.080228e+05	5.736489e+04	5.692746e+04	9.999000e+03	2.592717e+01	2020	7	15	18
	1904	1174	87.749721	20.109347	9.938895e+04	1.089999e+01	1.083178e+05	1.077436e+05	5.718845e+04	5.672606e+04	9.999000e+03	3.505970e+01	2020	7	16	0
	1911	1174	88.734095	20.109347	9.935084e+04	1.296996e+01	1.084658e+05	1.078602e+05	5.724522e+04	5.670480e+04	9.999000e+03	3.535721e+01	2020	7	16	6
	1908	1170	88.312220	19.734348	9.909795e+04	1.486347e+01	1.083528e+05	1.078116e+05	5.710842e+04	5.659598e+04	9.999000e+03	2.936143e+01	2020	7	16	12
	1912	1176	88.874720	20.296847	9.924423e+04	1.381691e+01	1.084199e+05	1.079546e+05	5.725403e+04	5.675874e+04	9.999000e+03	3.899911e+01	2020	7	16	18
	1902	1177	87.468471	20.390597	9.905577e+04	1.561851e+01	1.083077e+05	1.077326e+05	5.715007e+04	5.655067e+04	9.999000e+03	3.706417e+01	2020	7	17	0
	1904	1168	87.749721	19.546848	9.895427e+04	1.885562e+01	1.084338e+05	1.079032e+05	5.722266e+04	5.658514e+04	9.999000e+03	3.311376e+01	2020	7	17	6
	1908	1182	88.312220	20.859346	9.878834e+04	1.630012e+01	1.085947e+05	1.079022e+05	5.718082e+04	5.655852e+04	9.999000e+03	2.340292e+01	2020	7	17	12
	1903	1189	87.609096	21.515595	9.898366e+04	1.448351e+01	1.085941e+05	1.080033e+05	5.737258e+04	5.669242e+04	9.999000e+03	2.844523e+01	2020	7	17	18
	1898	1186	86.905972	21.234345	9.887220e+04	1.657059e+01	1.084255e+05	1.078406e+05	5.722878e+04	5.647874e+04	9.999000e+03	2.644945e+01	2020	7	18	0
	1884	1186	84.937224	21.234345	9.894626e+04	1.479007e+01	1.085884e+05	1.079850e+05	5.726165e+04	5.656338e+04	9.999000e+03	3.124759e+01	2020	7	18	6
	1884	1192	84.937224	21.796845	9.882752e+04	7.419368e+00	1.086078e+05	1.078966e+05	5.713984e+04	5.648304e+04	9.999000e+03	1.861073e+01	2020	7	18	12
	1877	1194	83.952850	21.984344	9.911867e+04	7.042776e+00	1.086075e+05	1.080374e+05	5.733791e+04	5.668980e+04	9.999000e+03	2.619318e+01	2020	7	18	18
	1865	1194	82.265352	21.984344	9.891025e+04	7.654286e+00	1.084629e+05	1.078526e+05	5.712421e+04	5.647526e+04	9.999000e+03	2.667568e+01	2020	7	19	0
	1859	1197	81.421603	22.265594	9.908977e+04	9.367753e+00	1.086689e+05	1.079925e+05	5.727148e+04	5.664688e+04	9.999000e+03	2.528786e+01	2020	7	19	6
	1856	1209	80.999728	23.390592	9.888820e+04	7.504047e+00	1.087567e+05	1.079755e+05	5.723250e+04	5.658167e+04	9.999000e+03	1.570839e+01	2020	7	19	12
	1846	1213	79.593479	23.765592	9.922456e+04	6.985145e+00	1.087258e+05	1.080927e+05	5.743226e+04	5.673795e+04	9.999000e+03	1.837978e+01	2020	7	19	18
	1832	1213	77.624732	23.765592	9.912977e+04	9.546991e+00	1.085706e+05	1.079374e+05	5.724824e+04	5.661148e+04	9.999000e+03	2.078785e+01	2020	7	20	0
	1826	1217	76.780982	24.140591	9.919054e+04	1.020264e+01	1.087953e+05	1.081396e+05	5.739352e+04	5.679498e+04	9.999000e+03	2.327701e+01	2020	7	20	6
start	12	2020	7	21	6
	401	1156	-123.609434	18.421849	1.008412e+05	1.220507e+01	1.078945e+05	1.077034e+05	5.783732e+04	5.747486e+04	3.011094e+02	1.522720e+01	2020	7	21	6
	399	1159	-123.890683	18.703099	1.006850e+05	1.623131e+01	1.076520e+05	1.074533e+05	5.767549e+04	5.728308e+04	3.010833e+02	1.236411e+01	2020	7	21	12
	391	1167	-125.015682	19.453098	1.009069e+05	1.601509e+01	1.078747e+05	1.077017e+05	5.785946e+04	5.748107e+04	3.011547e+02	6.176813e+00	2020	7	21	18
	385	1177	-125.859431	20.390597	1.007552e+05	1.303278e+01	1.078307e+05	1.076114e+05	5.780546e+04	5.734125e+04	3.005175e+02	7.515821e+00	2020	7	22	0
	384	1185	-126.000056	21.140596	1.009892e+05	1.352079e+01	1.080021e+05	1.078441e+05	5.799493e+04	5.754230e+04	3.001625e+02	8.497211e+00	2020	7	22	6
	377	1196	-126.984430	22.171844	1.008066e+05	1.393285e+01	1.077377e+05	1.075315e+05	5.781953e+04	5.735683e+04	2.998270e+02	6.672821e+00	2020	7	22	12
	371	1204	-127.828179	22.921843	1.010377e+05	1.268758e+01	1.079321e+05	1.076676e+05	5.799567e+04	5.755946e+04	2.994901e+02	3.334819e+00	2020	7	22	18
	367	1206	-128.390679	23.109343	1.009240e+05	1.293478e+01	1.079039e+05	1.076739e+05	5.791587e+04	5.748119e+04	2.997530e+02	3.059006e+00	2020	7	23	0
	362	1213	-129.093803	23.765592	1.011176e+05	1.270487e+01	1.080510e+05	1.077563e+05	5.804238e+04	5.766161e+04	2.993344e+02	3.474297e+00	2020	7	23	6
	360	1216	-129.375053	24.046842	1.009547e+05	1.248574e+01	1.077429e+05	1.075116e+05	5.782374e+04	5.748093e+04	2.989432e+02	3.274119e+00	2020	7	23	12
	359	1224	-129.515678	24.796841	1.011585e+05	1.336280e+01	1.078940e+05	1.076239e+05	5.797479e+04	5.767183e+04	2.987747e+02	1.157487e+00	2020	7	23	18
	355	1226	-130.078177	24.984340	1.010410e+05	1.279254e+01	1.078524e+05	1.075338e+05	5.791555e+04	5.761954e+04	2.989773e+02	1.061841e+00	2020	7	24	0
start	39	2020	7	24	12
	2171	1158	125.296557	18.609349	1.002008e+05	8.936288e+00	1.081370e+05	1.078650e+05	5.768452e+04	5.710547e+04	3.034916e+02	1.474135e+01	2020	7	24	12
	2173	1159	125.577807	18.703099	9.997606e+04	1.212179e+01	1.081035e+05	1.077840e+05	5.751554e+04	5.697979e+04	3.033620e+02	1.845978e+01	2020	7	24	18
	2175	1168	125.859056	19.546848	1.000486e+05	1.332801e+01	1.081853e+05	1.077220e+05	5.765806e+04	5.709649e+04	3.033183e+02	2.732617e+01	2020	7	25	0
	2176	1175	125.999681	20.203097	9.980147e+04	1.415497e+01	1.081672e+05	1.076543e+05	5.753237e+04	5.690263e+04	3.034973e+02	1.929923e+01	2020	7	25	6
	2174	1184	125.718431	21.046846	9.983230e+04	1.358502e+01	1.082950e+05	1.076450e+05	5.768785e+04	5.699046e+04	3.033226e+02	1.268942e+01	2020	7	25	12
	2176	1191	125.999681	21.703095	9.962502e+04	1.405611e+01	1.082018e+05	1.074393e+05	5.757443e+04	5.687529e+04	3.033336e+02	2.279054e+01	2020	7	25	18
	2178	1197	126.280931	22.265594	9.968710e+04	1.482498e+01	1.083580e+05	1.074373e+05	5.764358e+04	5.694286e+04	3.033358e+02	2.489396e+01	2020	7	26	0
	2184	1207	127.124680	23.203093	9.948634e+04	1.502571e+01	1.082943e+05	1.074491e+05	5.752575e+04	5.677132e+04	3.034156e+02	1.576556e+01	2020	7	26	6
	2185	1210	127.265305	23.484342	9.947155e+04	1.492991e+01	1.083340e+05	1.077327e+05	5.764108e+04	5.682321e+04	3.032949e+02	1.611707e+01	2020	7	26	12
	2186	1216	127.405930	24.046842	9.927302e+04	1.406911e+01	1.082222e+05	1.079585e+05	5.741945e+04	5.667002e+04	3.031099e+02	1.859908e+01	2020	7	26	18
	2188	1217	127.687179	24.140591	9.934281e+04	1.439364e+01	1.082563e+05	1.080183e+05	5.749587e+04	5.676105e+04	3.030134e+02	2.062349e+01	2020	7	27	0
	2187	1218	127.546555	24.234341	9.912770e+04	1.445012e+01	1.082598e+05	1.079600e+05	5.738911e+04	5.664114e+04	9.999000e+03	1.138639e+01	2020	7	27	6
	2188	1221	127.687179	24.515591	9.920492e+04	1.436202e+01	1.083438e+05	1.080645e+05	5.746712e+04	5.670705e+04	9.999000e+03	1.348489e+01	2020	7	27	12
	2186	1219	127.405930	24.328091	9.902812e+04	1.540657e+01	1.082340e+05	1.079409e+05	5.734105e+04	5.659172e+04	9.999000e+03	1.896310e+01	2020	7	27	18
	2183	1222	126.984055	24.609341	9.910620e+04	1.589801e+01	1.082672e+05	1.080051e+05	5.744300e+04	5.667398e+04	9.999000e+03	1.801669e+01	2020	7	28	0
	2181	1219	126.702805	24.328091	9.892333e+04	1.610939e+01	1.082640e+05	1.078396e+05	5.739858e+04	5.649714e+04	9.999000e+03	1.325375e+01	2020	7	28	6
	2179	1217	126.421556	24.140591	9.890598e+04	1.648331e+01	1.083452e+05	1.079362e+05	5.748964e+04	5.650228e+04	9.999000e+03	1.628867e+01	2020	7	28	12
	2177	1218	126.140306	24.234341	9.874567e+04	1.774690e+01	1.082576e+05	1.078196e+05	5.741389e+04	5.631759e+04	9.999000e+03	1.842451e+01	2020	7	28	18
	2175	1218	125.859056	24.234341	9.871145e+04	1.934897e+01	1.083045e+05	1.077203e+05	5.749462e+04	5.626626e+04	9.999000e+03	1.716808e+01	2020	7	29	0
	2173	1220	125.577807	24.421841	9.841277e+04	2.458655e+01	1.083228e+05	1.076762e+05	5.748641e+04	5.605482e+04	9.999000e+03	1.742962e+01	2020	7	29	6
	2169	1223	125.015307	24.703091	9.841593e+04	2.404542e+01	1.084249e+05	1.077493e+05	5.758735e+04	5.608867e+04	9.999000e+03	1.607955e+01	2020	7	29	12
	2166	1225	124.593433	24.890590	9.811852e+04	2.364418e+01	1.082535e+05	1.075733e+05	5.742498e+04	5.589282e+04	9.999000e+03	1.898437e+01	2020	7	29	18
	2160	1225	123.749683	24.890590	9.797284e+04	2.295116e+01	1.082300e+05	1.075391e+05	5.748145e+04	5.581961e+04	9.999000e+03	2.326793e+01	2020	7	30	0
	2156	1228	123.187184	25.171840	9.773702e+04	2.649658e+01	1.082299e+05	1.074364e+05	5.743416e+04	5.559996e+04	9.999000e+03	2.613816e+01	2020	7	30	6
	2152	1230	122.624685	25.359340	9.767231e+04	2.890528e+01	1.083468e+05	1.075423e+05	5.752104e+04	5.565717e+04	9.999000e+03	2.340069e+01	2020	7	30	12
	2148	1233	122.062185	25.640589	9.747177e+04	3.171011e+01	1.082374e+05	1.075893e+05	5.743789e+04	5.563330e+04	9.999000e+03	2.637422e+01	2020	7	30	18
	2144	1238	121.499686	26.109339	9.745275e+04	3.170031e+01	1.083650e+05	1.075136e+05	5.756155e+04	5.555481e+04	9.999000e+03	2.282970e+01	2020	7	31	0
	2142	1242	121.218436	26.484338	9.730381e+04	3.244112e+01	1.085797e+05	1.075553e+05	5.757257e+04	5.553320e+04	9.999000e+03	1.799030e+01	2020	7	31	6
	2137	1247	120.515312	26.953088	9.796075e+04	2.600931e+01	1.087271e+05	1.079009e+05	5.763392e+04	5.597255e+04	9.999000e+03	1.583215e+01	2020	7	31	12
	2130	1251	119.530938	27.328087	9.896654e+04	1.572231e+01	1.087269e+05	1.081151e+05	5.753911e+04	5.647534e+04	9.999000e+03	1.207001e+01	2020	7	31	18
	2123	1257	118.546564	27.890586	9.939823e+04	1.092238e+01	1.087506e+05	1.083649e+05	5.757392e+04	5.679146e+04	9.999000e+03	1.262803e+01	2020	8	1	0
	2122	1265	118.405939	28.640585	9.934533e+04	8.537660e+00	1.087895e+05	1.084035e+05	5.753495e+04	5.697647e+04	9.999000e+03	1.245227e+01	2020	8	1	6
	2116	1268	117.562190	28.921835	9.946848e+04	8.456515e+00	1.088504e+05	1.084030e+05	5.754704e+04	5.709800e+04	9.999000e+03	9.350992e+00	2020	8	1	12
	2116	1268	117.562190	28.921835	9.949653e+04	7.308600e+00	1.087261e+05	1.081023e+05	5.744223e+04	5.705291e+04	9.999000e+03	1.243313e+01	2020	8	1	18
	2116	1268	117.562190	28.921835	9.960764e+04	8.029813e+00	1.086693e+05	1.079513e+05	5.751116e+04	5.709281e+04	9.999000e+03	1.627181e+01	2020	8	2	0
	2120	1265	118.124689	28.640585	9.948613e+04	6.853711e+00	1.086998e+05	1.078936e+05	5.747036e+04	5.701079e+04	9.999000e+03	1.259402e+01	2020	8	2	6
	2126	1269	118.968438	29.015585	9.957102e+04	6.517933e+00	1.086446e+05	1.077421e+05	5.753036e+04	5.712940e+04	9.999000e+03	9.269876e+00	2020	8	2	12
	2127	1275	119.109063	29.578084	9.950795e+04	1.022252e+01	1.085036e+05	1.073938e+05	5.735842e+04	5.699830e+04	9.999000e+03	1.705442e+01	2020	8	2	18
	2127	1275	119.109063	29.578084	9.957201e+04	8.007177e+00	1.084961e+05	1.072881e+05	5.740273e+04	5.696246e+04	9.999000e+03	1.949977e+01	2020	8	3	0
start	23	2020	7	30	12
	2324	1241	146.812159	26.390588	9.975238e+04	1.536915e+01	1.086112e+05	1.083449e+05	5.776329e+04	5.697638e+04	3.047362e+02	3.149275e+01	2020	7	30	12
	2323	1249	146.671535	27.140587	9.948425e+04	1.571706e+01	1.084495e+05	1.081168e+05	5.762246e+04	5.674731e+04	3.044097e+02	3.034239e+01	2020	7	30	18
	2312	1250	145.124661	27.234337	9.949408e+04	1.474527e+01	1.085467e+05	1.081872e+05	5.763510e+04	5.678155e+04	3.044387e+02	2.034792e+01	2020	7	31	0
	2314	1254	145.405911	27.609337	9.919382e+04	1.605674e+01	1.084070e+05	1.080480e+05	5.749661e+04	5.658561e+04	3.044195e+02	2.368788e+01	2020	7	31	6
	2308	1264	144.562162	28.546835	9.915584e+04	1.727535e+01	1.084766e+05	1.079658e+05	5.754737e+04	5.663738e+04	3.043265e+02	2.670600e+01	2020	7	31	12
	2305	1274	144.140287	29.484334	9.884348e+04	1.683337e+01	1.083164e+05	1.077640e+05	5.732283e+04	5.638666e+04	3.037547e+02	2.512529e+01	2020	7	31	18
	2305	1279	144.140287	29.953083	9.879008e+04	1.844139e+01	1.084071e+05	1.078513e+05	5.733770e+04	5.637262e+04	3.037354e+02	2.218653e+01	2020	8	1	0
	2307	1290	144.421537	30.984332	9.851198e+04	1.813007e+01	1.083915e+05	1.077664e+05	5.724027e+04	5.621133e+04	3.026159e+02	2.176861e+01	2020	8	1	6
	2305	1299	144.140287	31.828081	9.852812e+04	1.824405e+01	1.084622e+05	1.076673e+05	5.725438e+04	5.624238e+04	3.030147e+02	2.211729e+01	2020	8	1	12
	2301	1315	143.577788	33.328079	9.828284e+04	1.775421e+01	1.081975e+05	1.072627e+05	5.703402e+04	5.603919e+04	3.030223e+02	2.368826e+01	2020	8	1	18
	2308	1328	144.562162	34.546827	9.828158e+04	1.961754e+01	1.083582e+05	1.072413e+05	5.721890e+04	5.602280e+04	3.023038e+02	1.959074e+01	2020	8	2	0
	2313	1348	145.265286	36.421824	9.809791e+04	1.953007e+01	1.083358e+05	1.070679e+05	5.715209e+04	5.588060e+04	3.009993e+02	2.531720e+01	2020	8	2	6
	2316	1364	145.687161	37.921822	9.801005e+04	2.010883e+01	1.083621e+05	1.069646e+05	5.719397e+04	5.575161e+04	3.008270e+02	2.180673e+01	2020	8	2	12
	2323	1381	146.671535	39.515570	9.764377e+04	1.962729e+01	1.081231e+05	1.065486e+05	5.703423e+04	5.543243e+04	2.995845e+02	2.031913e+01	2020	8	2	18
	2330	1392	147.655909	40.546819	9.767541e+04	1.862191e+01	1.081481e+05	1.064833e+05	5.713314e+04	5.539548e+04	2.982054e+02	1.603531e+01	2020	8	3	0
	2338	1405	148.780907	41.765567	9.767209e+04	1.765528e+01	1.081773e+05	1.063814e+05	5.710464e+04	5.540966e+04	2.981180e+02	1.498604e+01	2020	8	3	6
	2348	1414	150.187156	42.609316	9.799403e+04	1.694704e+01	1.082200e+05	1.064686e+05	5.723166e+04	5.552992e+04	2.978755e+02	1.243712e+01	2020	8	3	12
	2356	1429	151.312155	44.015564	9.825897e+04	1.747289e+01	1.079616e+05	1.063735e+05	5.711472e+04	5.567430e+04	2.943308e+02	1.338427e+01	2020	8	3	18
	2358	1441	151.593404	45.140562	9.860587e+04	1.908528e+01	1.080253e+05	1.065007e+05	5.724806e+04	5.590593e+04	9.999000e+03	1.110128e+01	2020	8	4	0
	2360	1450	151.874654	45.984311	9.887505e+04	1.898777e+01	1.078826e+05	1.064788e+05	5.724305e+04	5.596722e+04	9.999000e+03	1.085593e+01	2020	8	4	6
	2354	1464	151.030905	47.296809	9.919962e+04	1.882100e+01	1.075384e+05	1.060971e+05	5.720209e+04	5.610121e+04	9.999000e+03	1.145684e+01	2020	8	4	12
	2342	1473	149.343407	48.140558	9.935926e+04	1.779726e+01	1.072628e+05	1.050594e+05	5.708801e+04	5.574391e+04	2.871893e+02	1.492612e+01	2020	8	4	18
	2337	1483	148.640283	49.078057	9.960507e+04	1.761406e+01	1.073138e+05	1.052546e+05	5.717028e+04	5.580659e+04	2.869342e+02	1.450299e+01	2020	8	5	0
start	59	2020	8	4	6
	1152	1077	-18.000169	11.015610	1.008170e+05	1.428230e+01	1.079163e+05	1.076790e+05	5.793000e+04	5.741045e+04	9.999000e+03	3.406139e+01	2020	8	4	6
	1142	1078	-19.406417	11.109360	1.004867e+05	1.851523e+01	1.081310e+05	1.078656e+05	5.810457e+04	5.742860e+04	3.008008e+02	3.305434e+01	2020	8	4	12
	1136	1080	-20.250166	11.296859	1.003665e+05	1.825409e+01	1.080714e+05	1.077214e+05	5.799592e+04	5.719072e+04	3.009824e+02	2.965816e+01	2020	8	4	18
	1126	1086	-21.656415	11.859359	1.004690e+05	2.019678e+01	1.081854e+05	1.079281e+05	5.816053e+04	5.739973e+04	3.009755e+02	3.121861e+01	2020	8	5	0
	1116	1085	-23.062664	11.765609	1.002600e+05	1.770875e+01	1.079821e+05	1.076981e+05	5.795091e+04	5.722936e+04	3.013038e+02	2.915392e+01	2020	8	5	6
	1107	1084	-24.328287	11.671859	1.004545e+05	1.746952e+01	1.081829e+05	1.078896e+05	5.811199e+04	5.728673e+04	3.013861e+02	2.529872e+01	2020	8	5	12
	1097	1088	-25.734536	12.046858	1.002479e+05	1.698097e+01	1.080575e+05	1.077666e+05	5.803145e+04	5.712763e+04	3.019885e+02	2.855145e+01	2020	8	5	18
	1086	1087	-27.281409	11.953108	1.003707e+05	1.760435e+01	1.081821e+05	1.078602e+05	5.815621e+04	5.715000e+04	3.018963e+02	3.381773e+01	2020	8	6	0
	1076	1089	-28.687658	12.140608	9.999176e+04	1.889400e+01	1.079439e+05	1.075350e+05	5.790922e+04	5.691022e+04	3.018732e+02	3.274201e+01	2020	8	6	6
	1067	1092	-29.953281	12.421858	9.998102e+04	2.028446e+01	1.081107e+05	1.076486e+05	5.805707e+04	5.686162e+04	3.018198e+02	2.450855e+01	2020	8	6	12
	1057	1094	-31.359530	12.609357	9.953779e+04	2.117122e+01	1.079472e+05	1.073885e+05	5.797244e+04	5.639988e+04	3.016592e+02	2.504521e+01	2020	8	6	18
	1046	1099	-32.906403	13.078107	9.945606e+04	2.532906e+01	1.080886e+05	1.074103e+05	5.811092e+04	5.637622e+04	3.017621e+02	2.812696e+01	2020	8	7	0
	1033	1100	-34.734526	13.171857	9.883330e+04	2.683226e+01	1.078354e+05	1.071134e+05	5.784739e+04	5.598855e+04	3.018576e+02	2.790709e+01	2020	8	7	6
	1023	1102	-36.140775	13.359356	9.909602e+04	2.650532e+01	1.080038e+05	1.073749e+05	5.800709e+04	5.628399e+04	3.016339e+02	2.353043e+01	2020	8	7	12
	1012	1105	-37.687648	13.640606	9.873754e+04	2.484924e+01	1.078711e+05	1.071701e+05	5.793547e+04	5.599429e+04	3.017207e+02	2.361712e+01	2020	8	7	18
	1002	1106	-39.093897	13.734356	9.870154e+04	2.739324e+01	1.080212e+05	1.072144e+05	5.805702e+04	5.605346e+04	3.017230e+02	3.048371e+01	2020	8	8	0
	992	1108	-40.500145	13.921856	9.819259e+04	2.675996e+01	1.077707e+05	1.069475e+05	5.778534e+04	5.571057e+04	3.017679e+02	3.325851e+01	2020	8	8	6
	984	1111	-41.625144	14.203105	9.831375e+04	2.815464e+01	1.079294e+05	1.071031e+05	5.792958e+04	5.584165e+04	3.017951e+02	2.645410e+01	2020	8	8	12
	976	1115	-42.750143	14.578105	9.798112e+04	3.027347e+01	1.078663e+05	1.069475e+05	5.786552e+04	5.558019e+04	3.017256e+02	2.531407e+01	2020	8	8	18
	967	1120	-44.015767	15.046854	9.798085e+04	3.427340e+01	1.079523e+05	1.069981e+05	5.798140e+04	5.562648e+04	3.016303e+02	3.290726e+01	2020	8	9	0
	958	1124	-45.281390	15.421854	9.775862e+04	3.467937e+01	1.077600e+05	1.068334e+05	5.774598e+04	5.547259e+04	3.015546e+02	3.965249e+01	2020	8	9	6
	948	1126	-46.687639	15.609353	9.783028e+04	3.293471e+01	1.079358e+05	1.069068e+05	5.792454e+04	5.557379e+04	3.016396e+02	3.439638e+01	2020	8	9	12
	942	1129	-47.531388	15.890603	9.745991e+04	3.669020e+01	1.078876e+05	1.068128e+05	5.780884e+04	5.532015e+04	3.017886e+02	3.088287e+01	2020	8	9	18
	934	1134	-48.656387	16.359352	9.719543e+04	4.028381e+01	1.079867e+05	1.068112e+05	5.791856e+04	5.524020e+04	3.018696e+02	3.531537e+01	2020	8	10	0
	927	1139	-49.640761	16.828102	9.685444e+04	4.274691e+01	1.079066e+05	1.065355e+05	5.772297e+04	5.499341e+04	3.017912e+02	3.908044e+01	2020	8	10	6
	920	1143	-50.625135	17.203101	9.694533e+04	4.182799e+01	1.080036e+05	1.066919e+05	5.786730e+04	5.508398e+04	3.017291e+02	3.745543e+01	2020	8	10	12
	912	1148	-51.750134	17.671850	9.672892e+04	4.462234e+01	1.079969e+05	1.067249e+05	5.779601e+04	5.499651e+04	3.017390e+02	3.578587e+01	2020	8	10	18
	905	1151	-52.734508	17.953100	9.684333e+04	4.300683e+01	1.081195e+05	1.068173e+05	5.791689e+04	5.508870e+04	3.018256e+02	3.212931e+01	2020	8	11	0
	897	1157	-53.859506	18.515599	9.695334e+04	4.204295e+01	1.080415e+05	1.068200e+05	5.776283e+04	5.509652e+04	3.019004e+02	3.406359e+01	2020	8	11	6
	890	1167	-54.843880	19.453098	9.726959e+04	4.438051e+01	1.082322e+05	1.070701e+05	5.800025e+04	5.533797e+04	3.018632e+02	3.587576e+01	2020	8	11	12
	882	1175	-55.968879	20.203097	9.696632e+04	4.325761e+01	1.082786e+05	1.069567e+05	5.800318e+04	5.518529e+04	3.020383e+02	3.264951e+01	2020	8	11	18
	873	1183	-57.234503	20.953096	9.683255e+04	4.745892e+01	1.084170e+05	1.069596e+05	5.816408e+04	5.512120e+04	3.022886e+02	2.850815e+01	2020	8	12	0
	862	1193	-58.781376	21.890595	9.675198e+04	4.555368e+01	1.083345e+05	1.068608e+05	5.806634e+04	5.499308e+04	3.024526e+02	3.179730e+01	2020	8	12	6
	853	1203	-60.047000	22.828093	9.678704e+04	4.806923e+01	1.084790e+05	1.069559e+05	5.820783e+04	5.510127e+04	3.026378e+02	3.245983e+01	2020	8	12	12
	847	1211	-60.890749	23.578092	9.644177e+04	5.036084e+01	1.084839e+05	1.068654e+05	5.820663e+04	5.490370e+04	3.026110e+02	2.842715e+01	2020	8	12	18
	840	1223	-61.875123	24.703091	9.612448e+04	5.002201e+01	1.085996e+05	1.068361e+05	5.833735e+04	5.475697e+04	3.027631e+02	2.780581e+01	2020	8	13	0
	835	1233	-62.578247	25.640589	9.636449e+04	4.478616e+01	1.084964e+05	1.069063e+05	5.825433e+04	5.482435e+04	3.028725e+02	3.087642e+01	2020	8	13	6
	830	1242	-63.281372	26.484338	9.689473e+04	4.094288e+01	1.085844e+05	1.071469e+05	5.835112e+04	5.517821e+04	3.027263e+02	3.254196e+01	2020	8	13	12
	828	1252	-63.562621	27.421837	9.692694e+04	4.419384e+01	1.085726e+05	1.071409e+05	5.833439e+04	5.519661e+04	3.021070e+02	3.082821e+01	2020	8	13	18
	825	1262	-63.984496	28.359336	9.695044e+04	3.954970e+01	1.086558e+05	1.071953e+05	5.844802e+04	5.529729e+04	3.022206e+02	2.834855e+01	2020	8	14	0
	821	1278	-64.546995	29.859334	9.700181e+04	4.615474e+01	1.084874e+05	1.073188e+05	5.826191e+04	5.531311e+04	3.017619e+02	3.081498e+01	2020	8	14	6
	824	1292	-64.125121	31.171832	9.712902e+04	4.133415e+01	1.085236e+05	1.074181e+05	5.835230e+04	5.535855e+04	3.013309e+02	3.060361e+01	2020	8	14	12
	826	1315	-63.843871	33.328079	9.713423e+04	4.141142e+01	1.084373e+05	1.073307e+05	5.832501e+04	5.531325e+04	3.011580e+02	2.839782e+01	2020	8	14	18
	831	1333	-63.140747	35.015576	9.720949e+04	3.886535e+01	1.084658e+05	1.071570e+05	5.834930e+04	5.528002e+04	3.009827e+02	3.010369e+01	2020	8	15	0
	838	1353	-62.156373	36.890574	9.695852e+04	3.362566e+01	1.081550e+05	1.065093e+05	5.810639e+04	5.503555e+04	3.019062e+02	3.407361e+01	2020	8	15	6
	848	1373	-60.750124	38.765571	9.689106e+04	4.176477e+01	1.080551e+05	1.058958e+05	5.803661e+04	5.486965e+04	3.015284e+02	3.236216e+01	2020	8	15	12
	863	1396	-58.640751	40.921818	9.672924e+04	4.604882e+01	1.078592e+05	1.053417e+05	5.794996e+04	5.471616e+04	2.993962e+02	2.768773e+01	2020	8	15	18
	880	1420	-56.250129	43.171815	9.679666e+04	3.204800e+01	1.076328e+05	1.050512e+05	5.785892e+04	5.468710e+04	2.968150e+02	2.396926e+01	2020	8	16	0
	895	1448	-54.140756	45.796811	9.668540e+04	2.832829e+01	1.071637e+05	1.041673e+05	5.755450e+04	5.433069e+04	9.999000e+03	2.463254e+01	2020	8	16	6
	910	1477	-52.031383	48.515558	9.680297e+04	2.591954e+01	1.069477e+05	1.035155e+05	5.741572e+04	5.390831e+04	9.999000e+03	2.290808e+01	2020	8	16	12
	927	1505	-49.640761	51.140554	9.705098e+04	2.730650e+01	1.067844e+05	1.029976e+05	5.723557e+04	5.355857e+04	2.868807e+02	1.787087e+01	2020	8	16	18
	949	1533	-46.547014	53.765550	9.750753e+04	2.648328e+01	1.066035e+05	1.024442e+05	5.707311e+04	5.335765e+04	2.858213e+02	1.233824e+01	2020	8	17	0
	970	1559	-43.593892	56.203047	9.750820e+04	2.528406e+01	1.061271e+05	1.018949e+05	5.663715e+04	5.287814e+04	2.837849e+02	1.140066e+01	2020	8	17	6
	996	1579	-39.937646	58.078044	9.760700e+04	2.373550e+01	1.058228e+05	1.017834e+05	5.647067e+04	5.261727e+04	2.839634e+02	8.932051e+00	2020	8	17	12
	1032	1599	-34.875151	59.953042	9.767748e+04	2.562638e+01	1.055983e+05	1.014322e+05	5.627390e+04	5.243068e+04	2.853801e+02	6.049135e+00	2020	8	17	18
	1066	1613	-30.093906	61.265540	9.768551e+04	2.452712e+01	1.051265e+05	1.009870e+05	5.596404e+04	5.223964e+04	2.860488e+02	5.666071e+00	2020	8	18	0
	1109	1620	-24.047038	61.921789	9.772355e+04	2.454845e+01	1.047754e+05	1.002546e+05	5.571525e+04	5.215313e+04	2.864426e+02	5.854519e+00	2020	8	18	6
	1156	1623	-17.437669	62.203039	9.800230e+04	2.423230e+01	1.046732e+05	9.990595e+04	5.579104e+04	5.228432e+04	9.999000e+03	4.337322e+00	2020	8	18	12
	1213	1626	-9.422053	62.484288	9.829348e+04	2.206409e+01	1.043616e+05	9.990754e+04	5.563155e+04	5.242583e+04	9.999000e+03	4.288974e+00	2020	8	18	18
start	76	2020	8	5	6
	219	1099	-149.203157	13.078107	1.008387e+05	1.098495e+01	1.082364e+05	1.079935e+05	5.800803e+04	5.758399e+04	3.023884e+02	2.569533e+01	2020	8	5	6
	208	1104	-150.750030	13.546856	1.007323e+05	1.161536e+01	1.081515e+05	1.079036e+05	5.792449e+04	5.746615e+04	3.022437e+02	3.021331e+01	2020	8	5	12
	198	1105	-152.156279	13.640606	1.009350e+05	1.302578e+01	1.083376e+05	1.081212e+05	5.808902e+04	5.763847e+04	3.022755e+02	3.237122e+01	2020	8	5	18
	186	1101	-153.843777	13.265607	1.007610e+05	1.280538e+01	1.082806e+05	1.079677e+05	5.804008e+04	5.746880e+04	3.022905e+02	2.827793e+01	2020	8	6	0
	181	1099	-154.546902	13.078107	1.008361e+05	1.301167e+01	1.083168e+05	1.081118e+05	5.809097e+04	5.755098e+04	3.021550e+02	2.502787e+01	2020	8	6	6
	169	1101	-156.234400	13.265607	1.006617e+05	1.210190e+01	1.081875e+05	1.079753e+05	5.795597e+04	5.741166e+04	3.019427e+02	3.132126e+01	2020	8	6	12
	163	1100	-157.078149	13.171857	1.007568e+05	1.334396e+01	1.082974e+05	1.080864e+05	5.805282e+04	5.749292e+04	3.019882e+02	3.490916e+01	2020	8	6	18
	159	1107	-157.640648	13.828106	1.005641e+05	1.552897e+01	1.082981e+05	1.080267e+05	5.796323e+04	5.735008e+04	3.019698e+02	3.439066e+01	2020	8	7	0
	150	1103	-158.906272	13.453106	1.005336e+05	1.556839e+01	1.083080e+05	1.080838e+05	5.791289e+04	5.730942e+04	3.020674e+02	3.613630e+01	2020	8	7	6
	147	1112	-159.328147	14.296855	1.002451e+05	1.845203e+01	1.081055e+05	1.078260e+05	5.783417e+04	5.715479e+04	3.018553e+02	3.402196e+01	2020	8	7	12
	140	1109	-160.312521	14.015606	1.001123e+05	1.919875e+01	1.080673e+05	1.078455e+05	5.782748e+04	5.707634e+04	3.018007e+02	3.039179e+01	2020	8	7	18
	134	1116	-161.156270	14.671855	9.980348e+04	2.050833e+01	1.079889e+05	1.078037e+05	5.773174e+04	5.689020e+04	3.018205e+02	2.743473e+01	2020	8	8	0
	130	1123	-161.718769	15.328104	9.974100e+04	2.312706e+01	1.080055e+05	1.076933e+05	5.768146e+04	5.683348e+04	3.018677e+02	2.947274e+01	2020	8	8	6
	127	1126	-162.140644	15.609353	9.952549e+04	2.148831e+01	1.078750e+05	1.075561e+05	5.757291e+04	5.666893e+04	3.018735e+02	3.186349e+01	2020	8	8	12
	128	1133	-162.000019	16.265602	9.936171e+04	2.211823e+01	1.079336e+05	1.074618e+05	5.752685e+04	5.656252e+04	3.019042e+02	3.707579e+01	2020	8	8	18
	129	1141	-161.859394	17.015601	9.908169e+04	2.318130e+01	1.078754e+05	1.073341e+05	5.746412e+04	5.631044e+04	3.022216e+02	3.993836e+01	2020	8	9	0
	131	1151	-161.578144	17.953100	9.889484e+04	2.530927e+01	1.079326e+05	1.073100e+05	5.758188e+04	5.621710e+04	3.024279e+02	4.279523e+01	2020	8	9	6
	135	1157	-161.015645	18.515599	9.849333e+04	2.968443e+01	1.078630e+05	1.070002e+05	5.750252e+04	5.592268e+04	3.023047e+02	3.473076e+01	2020	8	9	12
	135	1169	-161.015645	19.640598	9.824023e+04	3.129864e+01	1.079805e+05	1.070276e+05	5.762961e+04	5.583585e+04	3.022480e+02	2.219915e+01	2020	8	9	18
	134	1178	-161.156270	20.484347	9.801746e+04	3.198960e+01	1.079937e+05	1.070028e+05	5.758030e+04	5.563238e+04	9.999000e+03	1.545845e+01	2020	8	10	0
	135	1183	-161.015645	20.953096	9.792088e+04	3.296367e+01	1.081233e+05	1.070858e+05	5.772729e+04	5.566152e+04	9.999000e+03	1.878806e+01	2020	8	10	6
	134	1194	-161.156270	21.984344	9.788433e+04	3.303439e+01	1.080208e+05	1.070959e+05	5.764148e+04	5.563197e+04	9.999000e+03	2.157581e+01	2020	8	10	12
	132	1200	-161.437519	22.546844	9.778491e+04	3.523592e+01	1.081560e+05	1.071068e+05	5.779209e+04	5.564181e+04	9.999000e+03	1.934634e+01	2020	8	10	18
	131	1206	-161.578144	23.109343	9.758720e+04	3.398445e+01	1.081491e+05	1.070808e+05	5.773934e+04	5.554932e+04	3.019477e+02	1.974998e+01	2020	8	11	0
	131	1211	-161.578144	23.578092	9.732584e+04	4.008716e+01	1.081718e+05	1.070644e+05	5.778896e+04	5.545327e+04	3.018022e+02	2.249921e+01	2020	8	11	6
	132	1214	-161.437519	23.859342	9.718102e+04	3.645737e+01	1.080132e+05	1.068986e+05	5.763718e+04	5.537788e+04	3.016068e+02	2.781047e+01	2020	8	11	12
	134	1218	-161.156270	24.234341	9.704385e+04	3.960020e+01	1.080153e+05	1.069224e+05	5.772104e+04	5.530592e+04	3.013325e+02	2.817914e+01	2020	8	11	18
	137	1222	-160.734395	24.609341	9.686048e+04	3.616265e+01	1.079018e+05	1.067702e+05	5.761954e+04	5.508346e+04	3.012926e+02	2.527768e+01	2020	8	12	0
	137	1227	-160.734395	25.078090	9.693802e+04	3.486498e+01	1.078800e+05	1.067731e+05	5.761702e+04	5.516492e+04	3.012424e+02	2.185080e+01	2020	8	12	6
	135	1231	-161.015645	25.453090	9.733823e+04	3.148857e+01	1.078310e+05	1.069331e+05	5.752518e+04	5.538494e+04	3.012972e+02	1.710653e+01	2020	8	12	12
	130	1232	-161.718769	25.546839	9.780723e+04	2.921102e+01	1.080055e+05	1.072000e+05	5.758284e+04	5.569802e+04	3.014117e+02	1.117520e+01	2020	8	12	18
	125	1233	-162.421893	25.640589	9.798902e+04	2.936646e+01	1.081575e+05	1.072632e+05	5.760232e+04	5.580857e+04	3.015829e+02	1.038243e+01	2020	8	13	0
	120	1231	-163.125018	25.453090	9.810919e+04	2.826572e+01	1.082773e+05	1.073252e+05	5.764097e+04	5.592114e+04	3.016981e+02	1.110382e+01	2020	8	13	6
	114	1231	-163.968767	25.453090	9.815822e+04	2.770891e+01	1.083141e+05	1.074309e+05	5.769691e+04	5.605532e+04	3.017435e+02	1.514251e+01	2020	8	13	12
	107	1230	-164.953141	25.359340	9.815725e+04	2.969984e+01	1.083172e+05	1.074083e+05	5.773832e+04	5.603209e+04	3.019049e+02	1.349338e+01	2020	8	13	18
	99	1229	-166.078140	25.265590	9.785509e+04	3.245807e+01	1.084649e+05	1.073369e+05	5.781820e+04	5.579566e+04	3.022890e+02	1.119337e+01	2020	8	14	0
	88	1229	-167.625013	25.265590	9.750734e+04	3.556258e+01	1.085858e+05	1.073306e+05	5.796879e+04	5.560985e+04	3.024490e+02	1.171901e+01	2020	8	14	6
	76	1229	-169.312511	25.265590	9.730652e+04	3.867232e+01	1.086233e+05	1.073604e+05	5.806394e+04	5.556749e+04	3.024910e+02	1.321455e+01	2020	8	14	12
	65	1230	-170.859385	25.359340	9.712684e+04	3.713702e+01	1.086318e+05	1.073036e+05	5.809151e+04	5.546230e+04	3.025507e+02	1.133540e+01	2020	8	14	18
	53	1233	-172.546883	25.640589	9.657892e+04	4.236812e+01	1.087073e+05	1.073817e+05	5.815934e+04	5.540729e+04	3.030285e+02	1.080478e+01	2020	8	15	0
	42	1235	-174.093756	25.828089	9.600745e+04	4.194142e+01	1.086819e+05	1.071885e+05	5.819197e+04	5.498311e+04	3.032648e+02	1.293690e+01	2020	8	15	6
	32	1236	-175.500005	25.921839	9.575895e+04	4.554427e+01	1.086816e+05	1.070892e+05	5.820841e+04	5.452207e+04	3.032566e+02	1.520912e+01	2020	8	15	12
	25	1238	-176.484379	26.109339	9.562663e+04	4.495081e+01	1.085361e+05	1.068345e+05	5.812092e+04	5.434042e+04	3.032804e+02	1.528106e+01	2020	8	15	18
	17	1239	-177.609377	26.203089	9.542377e+04	4.406890e+01	1.084843e+05	1.063408e+05	5.811773e+04	5.433716e+04	3.033947e+02	1.446601e+01	2020	8	16	0
	11	1240	-178.453127	26.296838	9.528872e+04	4.486080e+01	1.084048e+05	1.064441e+05	5.803858e+04	5.452186e+04	3.034367e+02	1.443645e+01	2020	8	16	6
	7	1242	-179.015626	26.484338	9.510007e+04	4.628881e+01	1.083606e+05	1.062077e+05	5.800464e+04	5.383104e+04	3.032984e+02	1.648187e+01	2020	8	16	12
	4	1243	-179.437501	26.578088	9.608545e+04	3.796530e+01	1.082275e+05	1.066216e+05	5.788070e+04	5.465233e+04	3.031289e+02	1.524987e+01	2020	8	16	18
	1	1245	-179.859375	26.765588	9.705018e+04	3.079250e+01	1.083284e+05	1.070723e+05	5.789657e+04	5.511734e+04	3.029062e+02	1.554867e+01	2020	8	17	0
	0	1246	-180.000000	26.859338	9.759329e+04	2.750134e+01	1.082567e+05	1.072651e+05	5.781085e+04	5.554388e+04	3.027025e+02	1.488319e+01	2020	8	17	6
	2558	1248	179.718375	27.046837	9.837152e+04	2.313703e+01	1.082843e+05	1.075768e+05	5.781636e+04	5.596232e+04	3.025136e+02	1.468871e+01	2020	8	17	12
	2559	1250	179.859000	27.234337	9.883689e+04	2.164572e+01	1.082250e+05	1.075294e+05	5.776672e+04	5.621867e+04	3.021828e+02	1.435975e+01	2020	8	17	18
	2559	1252	179.859000	27.421837	9.925207e+04	1.985100e+01	1.083450e+05	1.075424e+05	5.781878e+04	5.655433e+04	3.018941e+02	1.710054e+01	2020	8	18	0
	2	1261	-179.718750	28.265586	9.933205e+04	2.069050e+01	1.082667e+05	1.072974e+05	5.777658e+04	5.662768e+04	3.014100e+02	1.938085e+01	2020	8	18	6
	7	1271	-179.015626	29.203084	9.953412e+04	2.255871e+01	1.082734e+05	1.068804e+05	5.782024e+04	5.665062e+04	3.012220e+02	2.369686e+01	2020	8	18	12
	13	1287	-178.171877	30.703082	9.943761e+04	2.223194e+01	1.081669e+05	1.063438e+05	5.779237e+04	5.661059e+04	3.011331e+02	2.715667e+01	2020	8	18	18
	20	1310	-177.187503	32.859329	9.936173e+04	2.342033e+01	1.081412e+05	1.058474e+05	5.785705e+04	5.647620e+04	3.011487e+02	2.830067e+01	2020	8	19	0
	31	1329	-175.640630	34.640577	9.903247e+04	2.442003e+01	1.081802e+05	1.055047e+05	5.793042e+04	5.636416e+04	3.002468e+02	2.789377e+01	2020	8	19	6
	35	1367	-175.078130	38.203072	9.836487e+04	2.547265e+01	1.079796e+05	1.050222e+05	5.779566e+04	5.595275e+04	2.982291e+02	3.933056e+01	2020	8	19	12
	37	1399	-174.796880	41.203068	9.826648e+04	2.514835e+01	1.076825e+05	1.048943e+05	5.760769e+04	5.548005e+04	2.941898e+02	3.498649e+01	2020	8	19	18
	32	1414	-175.500005	42.609316	9.802761e+04	2.314172e+01	1.074405e+05	1.051209e+05	5.736441e+04	5.498233e+04	2.923630e+02	1.606232e+01	2020	8	20	0
	29	1423	-175.921879	43.453065	9.768831e+04	2.341499e+01	1.069071e+05	1.050522e+05	5.706695e+04	5.451221e+04	2.911298e+02	7.465316e+00	2020	8	20	6
	36	1429	-174.937505	44.015564	9.788666e+04	2.093726e+01	1.066463e+05	1.047109e+05	5.701648e+04	5.442039e+04	2.891530e+02	6.089270e+00	2020	8	20	12
	51	1441	-172.828132	45.140562	9.823015e+04	2.144245e+01	1.068070e+05	1.042645e+05	5.712490e+04	5.437668e+04	2.897404e+02	5.759190e+00	2020	8	20	18
	63	1462	-171.140634	47.109310	9.849150e+04	1.910012e+01	1.066801e+05	1.039788e+05	5.697227e+04	5.443091e+04	2.883643e+02	7.507255e+00	2020	8	21	0
	71	1481	-170.015635	48.890557	9.844557e+04	1.663155e+01	1.061471e+05	1.036345e+05	5.658283e+04	5.414293e+04	2.873465e+02	9.069350e+00	2020	8	21	6
	74	1496	-169.593761	50.296805	9.846781e+04	1.501944e+01	1.055500e+05	1.032692e+05	5.620677e+04	5.393535e+04	2.865606e+02	7.352480e+00	2020	8	21	12
	73	1507	-169.734386	51.328054	9.860639e+04	1.539250e+01	1.051419e+05	1.028988e+05	5.593879e+04	5.386386e+04	9.999000e+03	5.781213e+00	2020	8	21	18
	68	1514	-170.437510	51.984303	9.864038e+04	1.677726e+01	1.049702e+05	1.027501e+05	5.570605e+04	5.375497e+04	9.999000e+03	6.981909e+00	2020	8	22	0
	61	1521	-171.421884	52.640552	9.861009e+04	1.606680e+01	1.043704e+05	1.025499e+05	5.532372e+04	5.351998e+04	9.999000e+03	7.335052e+00	2020	8	22	6
	49	1520	-173.109382	52.546802	9.866622e+04	1.435273e+01	1.035042e+05	1.022788e+05	5.505863e+04	5.343571e+04	9.999000e+03	5.764476e+00	2020	8	22	12
	56	1521	-172.125008	52.640552	9.893145e+04	1.578417e+01	1.033241e+05	1.022104e+05	5.542082e+04	5.354037e+04	9.999000e+03	3.595662e+00	2020	8	22	18
	68	1535	-170.437510	53.953050	9.932052e+04	1.717823e+01	1.036968e+05	1.022885e+05	5.575900e+04	5.376540e+04	9.999000e+03	2.855030e+00	2020	8	23	0
	76	1557	-169.312511	56.015547	9.963762e+04	1.477427e+01	1.038399e+05	1.023133e+05	5.584111e+04	5.393904e+04	2.847165e+02	3.015320e+00	2020	8	23	6
	76	1575	-169.312511	57.703045	9.991905e+04	1.349053e+01	1.040612e+05	1.023808e+05	5.589711e+04	5.406109e+04	2.839962e+02	4.400687e+00	2020	8	23	12
	77	1592	-169.171886	59.296793	1.001609e+05	1.145505e+01	1.041853e+05	1.024429e+05	5.597107e+04	5.416971e+04	9.999000e+03	4.758406e+00	2020	8	23	18
	76	1605	-169.312511	60.515541	1.004143e+05	1.093435e+01	1.044861e+05	1.026369e+05	5.608791e+04	5.442433e+04	9.999000e+03	5.410501e+00	2020	8	24	0
start	24	2020	8	13	0
	366	1091	-128.531304	12.328108	1.005047e+05	1.643094e+01	1.077738e+05	1.075322e+05	5.749498e+04	5.710048e+04	3.025464e+02	2.135314e+01	2020	8	13	0
	358	1097	-129.656302	12.890607	1.007607e+05	1.521575e+01	1.080083e+05	1.077433e+05	5.774922e+04	5.735385e+04	3.024050e+02	2.136240e+01	2020	8	13	6
	357	1099	-129.796927	13.078107	1.004752e+05	1.475671e+01	1.078080e+05	1.075414e+05	5.754637e+04	5.714508e+04	3.022904e+02	2.066473e+01	2020	8	13	12
	354	1109	-130.218802	14.015606	1.007094e+05	1.560849e+01	1.081832e+05	1.078817e+05	5.785050e+04	5.745928e+04	3.022625e+02	1.500006e+01	2020	8	13	18
	348	1116	-131.062551	14.671855	1.004166e+05	1.458284e+01	1.080645e+05	1.077786e+05	5.772637e+04	5.727901e+04	3.022804e+02	1.485987e+01	2020	8	14	0
	345	1123	-131.484426	15.328104	1.006932e+05	1.331233e+01	1.083191e+05	1.080322e+05	5.797562e+04	5.748727e+04	3.022183e+02	1.558391e+01	2020	8	14	6
	337	1130	-132.609424	15.984353	1.004657e+05	1.415915e+01	1.081527e+05	1.078363e+05	5.782846e+04	5.726004e+04	3.018470e+02	1.313293e+01	2020	8	14	12
	331	1132	-133.453174	16.171853	1.007039e+05	1.394920e+01	1.084284e+05	1.081095e+05	5.805984e+04	5.744359e+04	3.018460e+02	1.117769e+01	2020	8	14	18
	327	1142	-134.015673	17.109351	1.004510e+05	1.583380e+01	1.083494e+05	1.079251e+05	5.797521e+04	5.711409e+04	3.019716e+02	7.786361e+00	2020	8	15	0
	319	1141	-135.140672	17.015601	1.006672e+05	1.445501e+01	1.085424e+05	1.080463e+05	5.814641e+04	5.728792e+04	3.018614e+02	8.506900e+00	2020	8	15	6
	312	1143	-136.125046	17.203101	1.003175e+05	1.478969e+01	1.083578e+05	1.079709e+05	5.796100e+04	5.720644e+04	3.017669e+02	1.087643e+01	2020	8	15	12
	303	1140	-137.390669	16.921851	1.005681e+05	1.551519e+01	1.084726e+05	1.081273e+05	5.813264e+04	5.739797e+04	3.016870e+02	8.522333e+00	2020	8	15	18
	296	1138	-138.375043	16.734352	1.002833e+05	1.585227e+01	1.083672e+05	1.078944e+05	5.797160e+04	5.713087e+04	3.019131e+02	8.952416e+00	2020	8	16	0
	288	1136	-139.500042	16.546852	1.004299e+05	1.721952e+01	1.084504e+05	1.080635e+05	5.808850e+04	5.726925e+04	3.020483e+02	1.126911e+01	2020	8	16	6
	280	1132	-140.625041	16.171853	1.002081e+05	1.855167e+01	1.082502e+05	1.079479e+05	5.789595e+04	5.715953e+04	3.020645e+02	1.293999e+01	2020	8	16	12
	271	1129	-141.890665	15.890603	1.003712e+05	1.920380e+01	1.083669e+05	1.081540e+05	5.801145e+04	5.738309e+04	3.019916e+02	9.586757e+00	2020	8	16	18
	261	1126	-143.296913	15.609353	1.001313e+05	1.870728e+01	1.082457e+05	1.080404e+05	5.791700e+04	5.734155e+04	3.023554e+02	7.742283e+00	2020	8	17	0
	252	1122	-144.562537	15.234354	1.002959e+05	1.851649e+01	1.083577e+05	1.081934e+05	5.795738e+04	5.752151e+04	3.021938e+02	1.107557e+01	2020	8	17	6
	246	1121	-145.406286	15.140604	1.000897e+05	1.824696e+01	1.082136e+05	1.079581e+05	5.776431e+04	5.733887e+04	3.020459e+02	1.376371e+01	2020	8	17	12
	240	1122	-146.250035	15.234354	1.003402e+05	1.863895e+01	1.083885e+05	1.081618e+05	5.787718e+04	5.765653e+04	3.021567e+02	1.062084e+01	2020	8	17	18
	231	1122	-147.515659	15.234354	1.002184e+05	1.595678e+01	1.082797e+05	1.081133e+05	5.785046e+04	5.757680e+04	3.027133e+02	8.648958e+00	2020	8	18	0
	226	1126	-148.218783	15.609353	1.003823e+05	1.750509e+01	1.084656e+05	1.082572e+05	5.794164e+04	5.762564e+04	3.026834e+02	9.018766e+00	2020	8	18	6
	221	1129	-148.921907	15.890603	1.002648e+05	1.664446e+01	1.082493e+05	1.080591e+05	5.775442e+04	5.753210e+04	3.024312e+02	1.063578e+01	2020	8	18	12
	213	1131	-150.046906	16.078103	1.005089e+05	1.604268e+01	1.083550e+05	1.081819e+05	5.787866e+04	5.772027e+04	3.021738e+02	1.093619e+01	2020	8	18	18
start	43	2020	8	14	18
	2351	1142	150.609030	17.109351	9.992066e+04	1.249255e+01	1.081945e+05	1.078468e+05	5.753342e+04	5.706405e+04	3.044056e+02	3.660092e+01	2020	8	14	18
	2357	1156	151.452780	18.421849	9.999195e+04	1.213258e+01	1.083561e+05	1.080168e+05	5.772193e+04	5.713419e+04	3.042627e+02	4.260186e+01	2020	8	15	0
	2350	1168	150.468406	19.546848	9.970785e+04	1.139726e+01	1.083309e+05	1.079777e+05	5.765750e+04	5.697237e+04	3.042802e+02	4.133850e+01	2020	8	15	6
	2351	1174	150.609030	20.109347	9.981518e+04	1.560085e+01	1.084699e+05	1.081914e+05	5.787886e+04	5.705948e+04	3.040886e+02	4.727783e+01	2020	8	15	12
	2346	1182	149.905906	20.859346	9.945566e+04	1.896824e+01	1.083291e+05	1.079684e+05	5.773691e+04	5.674051e+04	3.039054e+02	4.204470e+01	2020	8	15	18
	2336	1190	148.499658	21.609345	9.943416e+04	2.060124e+01	1.084315e+05	1.080823e+05	5.788405e+04	5.681698e+04	3.038513e+02	3.803946e+01	2020	8	16	0
	2329	1189	147.515284	21.515595	9.901125e+04	2.110486e+01	1.083427e+05	1.079260e+05	5.767884e+04	5.653751e+04	3.040625e+02	4.123125e+01	2020	8	16	6
	2317	1196	145.827785	22.171844	9.896116e+04	2.165401e+01	1.085052e+05	1.080762e+05	5.781809e+04	5.654366e+04	3.039062e+02	3.704586e+01	2020	8	16	12
	2310	1198	144.843411	22.359344	9.861739e+04	2.259597e+01	1.083301e+05	1.078319e+05	5.754998e+04	5.625505e+04	3.038293e+02	3.696637e+01	2020	8	16	18
	2299	1207	143.296538	23.203093	9.866218e+04	2.200601e+01	1.084998e+05	1.078951e+05	5.773369e+04	5.635665e+04	3.040473e+02	3.378302e+01	2020	8	17	0
	2290	1207	142.030914	23.203093	9.830772e+04	2.094962e+01	1.083852e+05	1.077907e+05	5.743558e+04	5.608817e+04	3.040652e+02	3.413846e+01	2020	8	17	6
	2283	1210	141.046540	23.484342	9.836737e+04	2.050573e+01	1.085097e+05	1.078685e+05	5.750414e+04	5.614100e+04	3.041019e+02	3.215622e+01	2020	8	17	12
	2277	1218	140.202791	24.234341	9.805763e+04	2.012488e+01	1.084177e+05	1.077050e+05	5.732295e+04	5.598223e+04	3.039471e+02	3.511639e+01	2020	8	17	18
	2271	1219	139.359042	24.328091	9.814845e+04	1.912332e+01	1.085784e+05	1.078751e+05	5.737712e+04	5.608830e+04	3.037571e+02	3.218406e+01	2020	8	18	0
	2263	1228	138.234043	25.171840	9.784386e+04	1.957930e+01	1.085416e+05	1.077432e+05	5.730884e+04	5.591878e+04	3.039212e+02	3.179673e+01	2020	8	18	6
	2254	1230	136.968420	25.359340	9.785811e+04	1.961634e+01	1.086565e+05	1.078326e+05	5.740362e+04	5.594523e+04	3.041504e+02	3.675661e+01	2020	8	18	12
	2248	1231	136.124671	25.453090	9.753507e+04	1.971147e+01	1.084952e+05	1.076239e+05	5.719022e+04	5.569644e+04	3.040053e+02	3.814800e+01	2020	8	18	18
	2243	1233	135.421546	25.640589	9.756950e+04	2.066243e+01	1.085707e+05	1.076526e+05	5.735389e+04	5.571741e+04	3.038910e+02	3.623861e+01	2020	8	19	0
	2238	1240	134.718422	26.296838	9.726702e+04	2.205119e+01	1.085187e+05	1.074305e+05	5.730536e+04	5.545202e+04	3.036601e+02	3.408990e+01	2020	8	19	6
	2235	1242	134.296547	26.484338	9.720906e+04	2.249594e+01	1.086524e+05	1.075156e+05	5.742741e+04	5.540680e+04	3.035507e+02	3.250659e+01	2020	8	19	12
	2228	1244	133.312174	26.671838	9.695862e+04	2.359517e+01	1.084881e+05	1.073622e+05	5.718020e+04	5.523416e+04	3.034789e+02	3.824525e+01	2020	8	19	18
	2225	1248	132.890299	27.046837	9.696746e+04	2.183096e+01	1.086330e+05	1.075732e+05	5.724739e+04	5.533519e+04	3.033225e+02	3.804076e+01	2020	8	20	0
	2222	1250	132.468424	27.234337	9.672565e+04	2.515451e+01	1.085156e+05	1.073551e+05	5.713501e+04	5.508836e+04	3.030872e+02	3.655022e+01	2020	8	20	6
	2218	1254	131.905925	27.609337	9.677593e+04	2.549097e+01	1.085831e+05	1.072874e+05	5.717998e+04	5.508890e+04	3.029816e+02	3.799892e+01	2020	8	20	12
	2213	1260	131.202801	28.171836	9.648432e+04	2.518172e+01	1.083245e+05	1.070560e+05	5.704839e+04	5.482614e+04	9.999000e+03	3.831766e+01	2020	8	20	18
	2211	1258	130.921551	27.984336	9.647384e+04	2.708432e+01	1.083277e+05	1.071933e+05	5.710734e+04	5.490761e+04	9.999000e+03	3.844287e+01	2020	8	21	0
	2204	1267	129.937177	28.828085	9.618086e+04	2.914202e+01	1.082342e+05	1.070642e+05	5.695717e+04	5.471227e+04	9.999000e+03	4.107508e+01	2020	8	21	6
	2202	1278	129.655927	29.859334	9.630924e+04	3.130209e+01	1.083636e+05	1.071448e+05	5.720824e+04	5.482452e+04	9.999000e+03	4.026019e+01	2020	8	21	12
	2195	1287	128.671553	30.703082	9.629773e+04	3.093374e+01	1.082383e+05	1.071287e+05	5.710180e+04	5.481031e+04	9.999000e+03	4.032589e+01	2020	8	21	18
	2184	1295	127.124680	31.453081	9.640462e+04	3.397207e+01	1.082629e+05	1.073027e+05	5.716363e+04	5.495511e+04	9.999000e+03	3.910852e+01	2020	8	22	0
	2182	1310	126.843430	32.859329	9.641469e+04	2.657284e+01	1.083577e+05	1.073463e+05	5.725961e+04	5.495210e+04	9.999000e+03	3.563410e+01	2020	8	22	6
	2175	1315	125.859056	33.328079	9.681070e+04	2.802575e+01	1.085418e+05	1.075887e+05	5.725748e+04	5.523567e+04	9.999000e+03	2.739351e+01	2020	8	22	12
	2165	1332	124.452808	34.921826	9.705780e+04	2.246963e+01	1.084839e+05	1.073832e+05	5.712738e+04	5.540389e+04	9.999000e+03	3.176928e+01	2020	8	22	18
	2160	1346	123.749683	36.234325	9.741885e+04	2.145781e+01	1.085716e+05	1.074606e+05	5.727573e+04	5.566129e+04	9.999000e+03	2.837120e+01	2020	8	23	0
	2155	1362	123.046559	37.734323	9.764509e+04	2.392706e+01	1.086473e+05	1.075516e+05	5.723395e+04	5.582330e+04	9.999000e+03	2.735205e+01	2020	8	23	6
	2150	1376	122.343435	39.046821	9.803345e+04	2.294530e+01	1.087543e+05	1.075221e+05	5.736498e+04	5.609943e+04	9.999000e+03	2.213382e+01	2020	8	23	12
	2147	1393	121.921560	40.640569	9.834341e+04	1.898961e+01	1.086005e+05	1.072120e+05	5.725720e+04	5.611679e+04	9.999000e+03	2.155902e+01	2020	8	23	18
	2147	1411	121.921560	42.328066	9.877576e+04	1.406425e+01	1.085184e+05	1.070312e+05	5.724129e+04	5.616298e+04	9.999000e+03	1.951289e+01	2020	8	24	0
	2146	1427	121.780936	43.828064	9.894409e+04	1.040035e+01	1.084568e+05	1.070643e+05	5.712718e+04	5.622251e+04	9.999000e+03	1.833486e+01	2020	8	24	6
	2146	1437	121.780936	44.765563	9.913349e+04	9.011846e+00	1.084484e+05	1.069885e+05	5.708925e+04	5.625429e+04	9.999000e+03	1.326743e+01	2020	8	24	12
	2148	1444	122.062185	45.421812	9.914788e+04	8.783607e+00	1.081760e+05	1.066254e+05	5.684734e+04	5.606242e+04	9.999000e+03	1.456809e+01	2020	8	24	18
	2150	1458	122.343435	46.734310	9.926188e+04	8.850281e+00	1.079981e+05	1.062403e+05	5.676353e+04	5.590904e+04	9.999000e+03	1.304580e+01	2020	8	25	0
	2151	1466	122.484060	47.484309	9.925936e+04	7.433316e+00	1.079478e+05	1.059845e+05	5.668577e+04	5.575227e+04	9.999000e+03	1.324583e+01	2020	8	25	6
start	33	2020	8	24	0
	1003	1129	-38.953272	15.890603	1.008262e+05	1.195486e+01	1.080154e+05	1.077934e+05	5.796355e+04	5.748681e+04	3.017315e+02	1.316332e+01	2020	8	24	0
	987	1137	-41.203270	16.640602	1.005640e+05	1.363602e+01	1.077961e+05	1.075958e+05	5.773352e+04	5.720069e+04	3.010960e+02	1.089517e+01	2020	8	24	6
	974	1137	-43.031393	16.640602	1.006916e+05	1.450442e+01	1.079949e+05	1.077305e+05	5.788822e+04	5.738977e+04	3.011246e+02	8.598228e+00	2020	8	24	12
	966	1143	-44.156392	17.203101	1.005299e+05	1.523617e+01	1.078564e+05	1.076170e+05	5.784899e+04	5.727271e+04	3.014138e+02	1.096646e+01	2020	8	24	18
	953	1147	-45.984515	17.578101	1.007757e+05	1.472436e+01	1.080569e+05	1.077621e+05	5.798521e+04	5.749727e+04	3.014647e+02	1.024769e+01	2020	8	25	0
	941	1150	-47.672013	17.859350	1.005558e+05	1.485519e+01	1.078347e+05	1.075838e+05	5.779020e+04	5.731486e+04	3.015000e+02	8.636459e+00	2020	8	25	6
	935	1152	-48.515762	18.046850	1.007712e+05	1.489711e+01	1.080612e+05	1.077719e+05	5.797752e+04	5.759258e+04	3.015031e+02	7.219415e+00	2020	8	25	12
	925	1159	-49.922011	18.703099	1.006170e+05	1.476400e+01	1.079934e+05	1.076937e+05	5.791409e+04	5.750416e+04	3.018397e+02	8.604929e+00	2020	8	25	18
	913	1165	-51.609509	19.265598	1.007949e+05	1.448823e+01	1.080754e+05	1.077479e+05	5.800367e+04	5.768508e+04	3.017500e+02	1.094859e+01	2020	8	26	0
	910	1171	-52.031383	19.828097	1.006493e+05	1.482582e+01	1.079244e+05	1.076615e+05	5.785977e+04	5.756696e+04	3.018706e+02	1.114326e+01	2020	8	26	6
	902	1183	-53.156382	20.953096	1.008859e+05	1.606477e+01	1.081433e+05	1.077648e+05	5.803668e+04	5.775472e+04	3.021849e+02	7.593074e+00	2020	8	26	12
	892	1197	-54.562631	22.265594	1.008585e+05	1.522259e+01	1.080736e+05	1.076953e+05	5.802942e+04	5.774894e+04	3.026190e+02	1.240614e+01	2020	8	26	18
	889	1207	-54.984505	23.203093	1.010156e+05	1.562551e+01	1.082215e+05	1.077849e+05	5.814754e+04	5.784196e+04	3.027361e+02	1.167691e+01	2020	8	27	0
	880	1227	-56.250129	25.078090	1.009046e+05	1.540674e+01	1.080988e+05	1.075897e+05	5.799014e+04	5.773292e+04	3.031480e+02	1.471131e+01	2020	8	27	6
	878	1234	-56.531379	25.734339	1.010787e+05	1.613451e+01	1.082934e+05	1.076763e+05	5.811673e+04	5.782383e+04	3.030105e+02	9.742000e+00	2020	8	27	12
	875	1249	-56.953253	27.140587	1.010083e+05	1.424985e+01	1.082962e+05	1.077017e+05	5.811955e+04	5.782098e+04	3.031708e+02	6.443252e+00	2020	8	27	18
	876	1253	-56.812628	27.515587	1.011520e+05	1.417107e+01	1.085110e+05	1.078851e+05	5.830737e+04	5.796454e+04	3.030675e+02	9.302970e+00	2020	8	28	0
	878	1270	-56.531379	29.109335	1.010994e+05	1.496789e+01	1.084164e+05	1.076940e+05	5.815653e+04	5.784688e+04	3.030290e+02	1.041179e+01	2020	8	28	6
	878	1274	-56.531379	29.484334	1.011401e+05	1.439477e+01	1.085705e+05	1.076037e+05	5.829532e+04	5.787552e+04	3.030299e+02	8.051307e+00	2020	8	28	12
	881	1285	-56.109504	30.515583	1.010741e+05	1.612772e+01	1.085346e+05	1.076245e+05	5.829581e+04	5.779007e+04	3.029642e+02	6.638010e+00	2020	8	28	18
	882	1286	-55.968879	30.609332	1.011417e+05	1.505575e+01	1.086883e+05	1.076621e+05	5.844980e+04	5.785523e+04	3.027953e+02	6.691817e+00	2020	8	29	0
	883	1297	-55.828254	31.640581	1.009354e+05	1.682561e+01	1.085895e+05	1.075433e+05	5.826925e+04	5.784270e+04	3.025595e+02	7.220020e+00	2020	8	29	6
	888	1302	-55.125130	32.109330	1.010056e+05	1.819727e+01	1.086808e+05	1.075988e+05	5.840040e+04	5.786402e+04	3.025685e+02	8.625939e+00	2020	8	29	12
	894	1312	-54.281381	33.046829	1.005535e+05	2.248722e+01	1.086098e+05	1.076156e+05	5.832675e+04	5.745602e+04	3.027936e+02	7.315768e+00	2020	8	29	18
	898	1318	-53.718882	33.609328	9.992341e+04	2.333698e+01	1.086071e+05	1.076138e+05	5.837208e+04	5.707951e+04	3.020308e+02	6.188643e+00	2020	8	30	0
	905	1327	-52.734508	34.453077	9.946665e+04	2.891618e+01	1.082439e+05	1.073205e+05	5.813776e+04	5.659114e+04	3.020655e+02	7.163902e+00	2020	8	30	6
	914	1337	-51.468884	35.390576	9.919735e+04	3.196375e+01	1.081768e+05	1.071703e+05	5.821841e+04	5.652600e+04	3.016010e+02	5.852016e+00	2020	8	30	12
	925	1350	-49.922011	36.609324	9.852084e+04	3.597201e+01	1.080351e+05	1.068607e+05	5.819491e+04	5.623830e+04	3.010761e+02	6.045214e+00	2020	8	30	18
	939	1364	-47.953263	37.921822	9.875206e+04	3.678327e+01	1.080725e+05	1.065454e+05	5.828039e+04	5.637957e+04	3.002410e+02	1.014404e+01	2020	8	31	0
	956	1382	-45.562640	39.609320	9.840652e+04	3.407668e+01	1.079060e+05	1.059010e+05	5.804084e+04	5.614362e+04	2.994822e+02	1.395927e+01	2020	8	31	6
	973	1403	-43.172018	41.578067	9.829078e+04	3.260161e+01	1.078795e+05	1.053932e+05	5.804354e+04	5.603164e+04	2.983133e+02	1.274285e+01	2020	8	31	12
	991	1427	-40.640770	43.828064	9.870459e+04	2.996628e+01	1.076813e+05	1.047848e+05	5.788736e+04	5.565021e+04	2.972780e+02	8.955104e+00	2020	8	31	18
	1008	1453	-38.250148	46.265561	9.927737e+04	2.497408e+01	1.074434e+05	1.038850e+05	5.775968e+04	5.540853e+04	2.955557e+02	1.167987e+01	2020	9	1	0
start	26	2020	8	28	12
	971	1164	-43.453267	19.171848	1.009933e+05	1.308185e+01	1.085099e+05	1.081030e+05	5.817604e+04	5.775603e+04	3.011602e+02	6.594051e+00	2020	8	28	12
	965	1166	-44.297016	19.359348	1.008604e+05	1.077369e+01	1.084745e+05	1.080126e+05	5.814086e+04	5.767345e+04	3.014668e+02	1.139993e+01	2020	8	28	18
	949	1172	-46.547014	19.921847	1.011009e+05	1.280894e+01	1.086815e+05	1.082110e+05	5.832811e+04	5.786712e+04	3.014297e+02	1.320205e+01	2020	8	29	0
	943	1172	-47.390763	19.921847	1.008912e+05	1.235209e+01	1.085211e+05	1.080500e+05	5.819694e+04	5.767641e+04	3.014679e+02	1.028805e+01	2020	8	29	6
	931	1176	-49.078261	20.296847	1.011176e+05	1.297947e+01	1.086802e+05	1.082606e+05	5.834101e+04	5.789438e+04	3.016921e+02	9.655272e+00	2020	8	29	12
	918	1178	-50.906385	20.484347	1.009547e+05	1.226952e+01	1.086377e+05	1.081357e+05	5.826684e+04	5.771845e+04	3.018413e+02	1.360882e+01	2020	8	29	18
	915	1181	-51.328259	20.765596	1.010432e+05	1.467779e+01	1.087035e+05	1.082078e+05	5.834129e+04	5.780201e+04	3.018251e+02	1.171366e+01	2020	8	30	0
	907	1182	-52.453258	20.859346	1.008173e+05	1.441620e+01	1.084638e+05	1.080020e+05	5.813958e+04	5.760061e+04	3.018134e+02	6.128298e+00	2020	8	30	6
	894	1187	-54.281381	21.328095	1.009800e+05	1.446544e+01	1.085529e+05	1.081798e+05	5.824173e+04	5.778296e+04	3.022867e+02	9.421852e+00	2020	8	30	12
	884	1187	-55.687630	21.328095	1.008757e+05	1.377896e+01	1.085082e+05	1.080987e+05	5.817000e+04	5.771818e+04	3.024928e+02	1.217722e+01	2020	8	30	18
	874	1196	-57.093878	22.171844	1.009761e+05	1.357511e+01	1.085379e+05	1.081618e+05	5.826283e+04	5.782002e+04	3.027827e+02	9.610976e+00	2020	8	31	0
	868	1196	-57.937627	22.171844	1.007810e+05	1.357581e+01	1.083620e+05	1.079728e+05	5.805954e+04	5.767931e+04	3.027879e+02	1.099600e+01	2020	8	31	6
	858	1199	-59.343876	22.453094	1.008872e+05	1.384660e+01	1.084059e+05	1.081270e+05	5.815769e+04	5.777439e+04	3.028782e+02	1.057367e+01	2020	8	31	12
	855	1208	-59.765750	23.296843	1.008385e+05	1.417180e+01	1.083788e+05	1.080963e+05	5.816988e+04	5.772321e+04	3.029129e+02	1.336601e+01	2020	8	31	18
	849	1209	-60.609499	23.390592	1.009019e+05	1.516337e+01	1.083957e+05	1.081901e+05	5.824198e+04	5.779632e+04	3.030652e+02	9.738538e+00	2020	9	1	0
	846	1223	-61.031374	24.703091	1.007858e+05	1.476571e+01	1.082880e+05	1.080499e+05	5.809041e+04	5.769839e+04	3.025129e+02	1.204250e+01	2020	9	1	6
	837	1235	-62.296998	25.828089	1.008707e+05	1.479809e+01	1.083365e+05	1.079598e+05	5.819293e+04	5.778684e+04	3.031827e+02	1.252845e+01	2020	9	1	12
	835	1246	-62.578247	26.859338	1.007982e+05	1.659962e+01	1.082485e+05	1.079081e+05	5.813507e+04	5.770814e+04	3.028934e+02	8.739526e+00	2020	9	1	18
	834	1251	-62.718872	27.328087	1.009034e+05	1.592387e+01	1.082326e+05	1.079385e+05	5.818825e+04	5.767771e+04	3.025865e+02	9.689734e+00	2020	9	2	0
	836	1268	-62.437623	28.921835	1.007330e+05	1.734937e+01	1.081318e+05	1.076814e+05	5.802701e+04	5.746320e+04	3.019915e+02	1.040918e+01	2020	9	2	6
	834	1274	-62.718872	29.484334	1.008290e+05	1.664488e+01	1.081581e+05	1.076913e+05	5.815638e+04	5.749952e+04	3.018718e+02	7.142120e+00	2020	9	2	12
	835	1281	-62.578247	30.140583	1.007678e+05	1.779949e+01	1.081473e+05	1.076394e+05	5.815124e+04	5.748029e+04	3.016198e+02	8.028404e+00	2020	9	2	18
	833	1291	-62.859497	31.078082	1.007221e+05	1.910253e+01	1.081929e+05	1.075666e+05	5.825475e+04	5.757146e+04	3.020228e+02	8.986123e+00	2020	9	3	0
	830	1297	-63.281372	31.640581	1.005567e+05	1.987412e+01	1.081620e+05	1.072388e+05	5.808607e+04	5.744500e+04	3.018879e+02	9.632505e+00	2020	9	3	6
	830	1302	-63.281372	32.109330	1.006911e+05	1.942904e+01	1.081971e+05	1.073063e+05	5.816955e+04	5.753550e+04	3.018318e+02	8.936041e+00	2020	9	3	12
	833	1304	-62.859497	32.296830	1.006927e+05	1.847966e+01	1.082219e+05	1.074782e+05	5.820740e+04	5.764989e+04	3.017656e+02	8.067389e+00	2020	9	3	18
start	40	2020	8	30	6
	1251	1119	-4.078308	14.953104	1.005861e+05	1.261217e+01	1.080943e+05	1.077267e+05	5.803135e+04	5.729030e+04	9.999000e+03	1.488790e+01	2020	8	30	6
	1240	1117	-5.625182	14.765604	1.004622e+05	1.395549e+01	1.083174e+05	1.078751e+05	5.815348e+04	5.728000e+04	9.999000e+03	1.327714e+01	2020	8	30	12
	1229	1119	-7.172055	14.953104	1.000494e+05	1.272511e+01	1.081987e+05	1.077476e+05	5.805568e+04	5.703098e+04	9.999000e+03	1.405378e+01	2020	8	30	18
	1221	1120	-8.297054	15.046854	9.981315e+04	1.660820e+01	1.082749e+05	1.078190e+05	5.819212e+04	5.705112e+04	9.999000e+03	1.857626e+01	2020	8	31	0
	1212	1122	-9.562678	15.234354	9.940466e+04	1.775504e+01	1.080301e+05	1.074713e+05	5.798213e+04	5.674776e+04	9.999000e+03	1.273522e+01	2020	8	31	6
	1200	1125	-11.250176	15.515603	9.981470e+04	1.898863e+01	1.081062e+05	1.077075e+05	5.811542e+04	5.694012e+04	9.999000e+03	8.714584e+00	2020	8	31	12
	1191	1126	-12.515800	15.609353	9.966704e+04	1.512178e+01	1.079763e+05	1.076573e+05	5.796474e+04	5.682607e+04	9.999000e+03	1.159535e+01	2020	8	31	18
	1182	1127	-13.781423	15.703103	1.000011e+05	1.707090e+01	1.080948e+05	1.077609e+05	5.807237e+04	5.705610e+04	9.999000e+03	1.035647e+01	2020	9	1	0
	1172	1127	-15.187672	15.703103	9.988422e+04	1.218684e+01	1.077555e+05	1.074810e+05	5.783567e+04	5.687687e+04	9.999000e+03	6.700145e+00	2020	9	1	6
	1164	1124	-16.312671	15.421854	9.994076e+04	1.477269e+01	1.079119e+05	1.075835e+05	5.798747e+04	5.696245e+04	9.999000e+03	6.184658e+00	2020	9	1	12
	1154	1125	-17.718919	15.515603	9.972205e+04	1.704163e+01	1.077764e+05	1.074967e+05	5.783596e+04	5.681723e+04	9.999000e+03	4.310822e+00	2020	9	1	18
	1146	1126	-18.843918	15.609353	9.997903e+04	1.656903e+01	1.078697e+05	1.075292e+05	5.794867e+04	5.701375e+04	9.999000e+03	6.473714e+00	2020	9	2	0
	1137	1127	-20.109542	15.703103	9.974311e+04	1.797976e+01	1.076816e+05	1.072790e+05	5.778036e+04	5.687317e+04	3.013013e+02	6.315985e+00	2020	9	2	6
	1130	1129	-21.093916	15.890603	9.998240e+04	1.959006e+01	1.079668e+05	1.075492e+05	5.799509e+04	5.719800e+04	9.999000e+03	6.235929e+00	2020	9	2	12
	1123	1135	-22.078290	16.453102	9.984816e+04	2.306576e+01	1.079760e+05	1.075120e+05	5.797179e+04	5.708989e+04	9.999000e+03	6.713915e+00	2020	9	2	18
	1115	1140	-23.203288	16.921851	1.000666e+05	2.026361e+01	1.081423e+05	1.076830e+05	5.814404e+04	5.737047e+04	9.999000e+03	8.325679e+00	2020	9	3	0
	1107	1142	-24.328287	17.109351	9.971437e+04	2.436626e+01	1.080078e+05	1.074647e+05	5.794796e+04	5.702017e+04	9.999000e+03	8.264268e+00	2020	9	3	6
	1098	1145	-25.593911	17.390601	9.997355e+04	2.036083e+01	1.081502e+05	1.076016e+05	5.816386e+04	5.734676e+04	9.999000e+03	2.708101e+00	2020	9	3	12
	1092	1148	-26.437660	17.671850	1.000654e+05	1.755451e+01	1.081063e+05	1.076103e+05	5.808180e+04	5.752574e+04	9.999000e+03	5.180682e+00	2020	9	3	18
	1085	1152	-27.422034	18.046850	1.003408e+05	1.707064e+01	1.082971e+05	1.077982e+05	5.819304e+04	5.758273e+04	3.016565e+02	9.009415e+00	2020	9	4	0
	1079	1156	-28.265783	18.421849	1.001566e+05	1.793829e+01	1.079574e+05	1.074928e+05	5.796715e+04	5.743892e+04	3.015777e+02	8.229084e+00	2020	9	4	6
	1072	1161	-29.250157	18.890599	1.003788e+05	1.679145e+01	1.081149e+05	1.076735e+05	5.810934e+04	5.757520e+04	3.015182e+02	6.017563e+00	2020	9	4	12
	1063	1168	-30.515781	19.546848	1.000735e+05	1.904199e+01	1.079956e+05	1.075233e+05	5.794936e+04	5.724691e+04	3.016119e+02	9.396244e+00	2020	9	4	18
	1057	1172	-31.359530	19.921847	1.002291e+05	1.967576e+01	1.080644e+05	1.075888e+05	5.804343e+04	5.742157e+04	3.013523e+02	1.269679e+01	2020	9	5	0
	1049	1179	-32.484529	20.578096	9.994948e+04	2.060452e+01	1.077567e+05	1.072719e+05	5.776810e+04	5.709868e+04	3.011417e+02	1.106049e+01	2020	9	5	6
	1042	1188	-33.468903	21.421845	1.001500e+05	1.957769e+01	1.079573e+05	1.073922e+05	5.794738e+04	5.719845e+04	3.010114e+02	7.341841e+00	2020	9	5	12
	1035	1195	-34.453277	22.078094	1.000588e+05	1.902784e+01	1.078133e+05	1.072715e+05	5.782346e+04	5.715325e+04	3.010266e+02	9.726471e+00	2020	9	5	18
	1026	1204	-35.718900	22.921843	1.001028e+05	2.296048e+01	1.079126e+05	1.073897e+05	5.793403e+04	5.717446e+04	3.007422e+02	1.076431e+01	2020	9	6	0
	1020	1213	-36.562649	23.765592	9.983068e+04	2.156366e+01	1.076969e+05	1.071369e+05	5.776645e+04	5.690427e+04	3.006201e+02	8.624524e+00	2020	9	6	6
	1016	1222	-37.125149	24.609341	9.998609e+04	2.257040e+01	1.079374e+05	1.074141e+05	5.794842e+04	5.711548e+04	3.006637e+02	7.206455e+00	2020	9	6	12
	1011	1233	-37.828273	25.640589	9.985408e+04	2.128202e+01	1.078744e+05	1.073983e+05	5.790853e+04	5.705267e+04	3.011183e+02	8.131649e+00	2020	9	6	18
	1008	1243	-38.250148	26.578088	1.000049e+05	2.272272e+01	1.080743e+05	1.076439e+05	5.807755e+04	5.720190e+04	3.014554e+02	8.097336e+00	2020	9	7	0
	1004	1253	-38.812647	27.515587	9.984723e+04	2.277683e+01	1.080153e+05	1.075060e+05	5.794550e+04	5.712538e+04	3.015426e+02	7.219629e+00	2020	9	7	6
	1002	1262	-39.093897	28.359336	9.987802e+04	2.366626e+01	1.082873e+05	1.078937e+05	5.820757e+04	5.723677e+04	3.016932e+02	5.937519e+00	2020	9	7	12
	997	1273	-39.797021	29.390584	9.985795e+04	2.293542e+01	1.083543e+05	1.079976e+05	5.823594e+04	5.734639e+04	3.020961e+02	5.641591e+00	2020	9	7	18
	992	1282	-40.500145	30.234333	1.001753e+05	2.465226e+01	1.085943e+05	1.082522e+05	5.849641e+04	5.761861e+04	3.020813e+02	7.397081e+00	2020	9	8	0
	988	1291	-41.062645	31.078082	9.990798e+04	2.554630e+01	1.084982e+05	1.081265e+05	5.843988e+04	5.748547e+04	3.019256e+02	5.049190e+00	2020	9	8	6
	983	1306	-41.765769	32.484330	1.004953e+05	2.267742e+01	1.086992e+05	1.083910e+05	5.863811e+04	5.806765e+04	3.018688e+02	3.492040e+00	2020	9	8	12
	979	1321	-42.328268	33.890578	1.005810e+05	2.169457e+01	1.087535e+05	1.082995e+05	5.863366e+04	5.785686e+04	3.018943e+02	4.460577e+00	2020	9	8	18
	981	1341	-42.047019	35.765575	1.009089e+05	2.052514e+01	1.088117e+05	1.080668e+05	5.876607e+04	5.759166e+04	3.012337e+02	4.883105e+00	2020	9	9	0
start	44	2020	8	30	12
	1044	1108	-33.187653	13.921856	1.010306e+05	1.289062e+01	1.081551e+05	1.078945e+05	5.815727e+04	5.764595e+04	3.020168e+02	1.907210e+01	2020	8	30	12
	1037	1108	-34.172027	13.921856	1.007542e+05	1.233870e+01	1.079974e+05	1.077377e+05	5.799012e+04	5.740891e+04	3.022741e+02	2.283044e+01	2020	8	30	18
	1023	1107	-36.140775	13.828106	1.009816e+05	1.358623e+01	1.081955e+05	1.079253e+05	5.814676e+04	5.759938e+04	3.022233e+02	2.811605e+01	2020	8	31	0
	1014	1108	-37.406399	13.921856	1.006234e+05	1.270827e+01	1.079650e+05	1.076776e+05	5.789014e+04	5.736681e+04	3.021739e+02	2.670964e+01	2020	8	31	6
	1007	1114	-38.390773	14.484355	1.008189e+05	1.301040e+01	1.082010e+05	1.079024e+05	5.802358e+04	5.757447e+04	3.021599e+02	1.943735e+01	2020	8	31	12
	1001	1119	-39.234522	14.953104	1.005716e+05	1.282420e+01	1.080999e+05	1.077785e+05	5.787596e+04	5.738380e+04	3.022199e+02	2.089533e+01	2020	8	31	18
	998	1129	-39.656396	15.890603	1.007460e+05	1.429205e+01	1.082555e+05	1.079298e+05	5.805370e+04	5.755348e+04	3.020088e+02	2.635470e+01	2020	9	1	0
	994	1141	-40.218896	17.015601	1.003946e+05	1.665843e+01	1.080264e+05	1.077262e+05	5.783118e+04	5.723342e+04	3.014981e+02	2.484059e+01	2020	9	1	6
	988	1149	-41.062645	17.765600	1.005176e+05	1.776318e+01	1.082105e+05	1.078398e+05	5.800055e+04	5.732739e+04	3.015164e+02	2.132774e+01	2020	9	1	12
	981	1163	-42.047019	19.078098	1.002546e+05	1.821897e+01	1.080987e+05	1.076920e+05	5.786149e+04	5.707185e+04	3.015983e+02	2.464630e+01	2020	9	1	18
	976	1171	-42.750143	19.828097	1.003322e+05	1.971845e+01	1.081799e+05	1.077469e+05	5.802618e+04	5.720919e+04	3.013177e+02	2.680280e+01	2020	9	2	0
	968	1178	-43.875142	20.484347	1.000017e+05	2.052832e+01	1.079568e+05	1.075223e+05	5.784783e+04	5.700361e+04	3.012777e+02	2.840081e+01	2020	9	2	6
	958	1190	-45.281390	21.609345	1.001670e+05	2.090908e+01	1.082044e+05	1.077312e+05	5.805401e+04	5.726562e+04	3.014244e+02	2.438275e+01	2020	9	2	12
	949	1196	-46.547014	22.171844	1.000655e+05	2.111175e+01	1.081743e+05	1.077103e+05	5.799446e+04	5.726212e+04	3.016244e+02	2.527661e+01	2020	9	2	18
	943	1203	-47.390763	22.828093	1.001799e+05	2.081359e+01	1.083091e+05	1.078943e+05	5.818565e+04	5.731035e+04	3.019777e+02	2.515996e+01	2020	9	3	0
	935	1207	-48.515762	23.203093	9.989697e+04	1.945683e+01	1.081319e+05	1.076908e+05	5.796599e+04	5.705105e+04	3.020150e+02	2.234153e+01	2020	9	3	6
	928	1215	-49.500136	23.953092	1.000693e+05	2.079929e+01	1.083343e+05	1.078363e+05	5.815368e+04	5.717900e+04	3.024456e+02	1.866860e+01	2020	9	3	12
	923	1222	-50.203260	24.609341	9.993291e+04	2.033654e+01	1.083273e+05	1.078312e+05	5.811602e+04	5.702586e+04	3.026054e+02	2.144912e+01	2020	9	3	18
	921	1232	-50.484510	25.546839	9.992559e+04	2.201991e+01	1.084875e+05	1.079630e+05	5.825952e+04	5.696198e+04	3.026573e+02	2.681493e+01	2020	9	4	0
	915	1240	-51.328259	26.296838	9.953020e+04	2.405342e+01	1.082890e+05	1.076938e+05	5.803926e+04	5.651273e+04	3.029307e+02	2.481601e+01	2020	9	4	6
	911	1248	-51.890758	27.046837	9.938118e+04	2.304788e+01	1.083514e+05	1.077470e+05	5.814050e+04	5.645455e+04	3.028709e+02	2.218625e+01	2020	9	4	12
	907	1252	-52.453258	27.421837	9.903795e+04	2.266913e+01	1.082329e+05	1.074879e+05	5.798643e+04	5.617995e+04	3.027218e+02	2.394747e+01	2020	9	4	18
	903	1257	-53.015757	27.890586	9.884411e+04	2.330512e+01	1.082681e+05	1.074479e+05	5.800862e+04	5.610413e+04	3.026672e+02	2.369517e+01	2020	9	5	0
	899	1262	-53.578257	28.359336	9.840241e+04	2.322952e+01	1.080230e+05	1.072216e+05	5.771527e+04	5.582309e+04	3.025416e+02	2.467639e+01	2020	9	5	6
	896	1267	-54.000131	28.828085	9.822501e+04	2.325244e+01	1.080765e+05	1.071640e+05	5.766439e+04	5.571227e+04	3.023386e+02	2.348590e+01	2020	9	5	12
	896	1272	-54.000131	29.296834	9.788112e+04	2.366354e+01	1.079548e+05	1.069764e+05	5.754853e+04	5.549497e+04	3.021415e+02	2.272033e+01	2020	9	5	18
	898	1277	-53.718882	29.765584	9.785015e+04	2.423314e+01	1.079417e+05	1.069632e+05	5.761134e+04	5.548114e+04	3.019837e+02	2.074112e+01	2020	9	6	0
	900	1282	-53.437632	30.234333	9.774610e+04	2.366898e+01	1.077933e+05	1.068365e+05	5.739274e+04	5.539230e+04	3.019283e+02	2.031494e+01	2020	9	6	6
	902	1284	-53.156382	30.421833	9.786732e+04	2.471223e+01	1.079020e+05	1.069663e+05	5.750259e+04	5.555971e+04	3.019641e+02	1.757516e+01	2020	9	6	12
	904	1286	-52.875132	30.609332	9.781253e+04	2.480274e+01	1.078660e+05	1.070094e+05	5.749346e+04	5.554580e+04	3.020069e+02	1.620939e+01	2020	9	6	18
	905	1287	-52.734508	30.703082	9.800186e+04	2.418967e+01	1.080255e+05	1.071240e+05	5.766241e+04	5.571623e+04	3.019636e+02	1.460792e+01	2020	9	7	0
	906	1291	-52.593883	31.078082	9.808905e+04	2.579854e+01	1.079564e+05	1.071516e+05	5.757307e+04	5.576864e+04	3.017940e+02	1.469589e+01	2020	9	7	6
	905	1295	-52.734508	31.453081	9.836890e+04	2.397011e+01	1.081750e+05	1.073197e+05	5.777621e+04	5.599399e+04	3.015593e+02	1.204377e+01	2020	9	7	12
	904	1304	-52.875132	32.296830	9.846077e+04	2.543763e+01	1.082926e+05	1.073617e+05	5.785126e+04	5.608856e+04	3.013307e+02	1.307860e+01	2020	9	7	18
	902	1315	-53.156382	33.328079	9.864464e+04	2.597761e+01	1.084588e+05	1.075497e+05	5.810391e+04	5.623796e+04	3.009756e+02	1.493709e+01	2020	9	8	0
	901	1328	-53.297007	34.546827	9.854341e+04	2.686586e+01	1.083216e+05	1.074837e+05	5.796260e+04	5.614025e+04	3.004650e+02	1.610751e+01	2020	9	8	6
	901	1343	-53.297007	35.953075	9.854530e+04	2.725560e+01	1.085154e+05	1.073351e+05	5.811442e+04	5.625360e+04	3.001536e+02	1.853310e+01	2020	9	8	12
	910	1356	-52.031383	37.171823	9.839920e+04	2.822598e+01	1.085519e+05	1.069800e+05	5.812552e+04	5.609013e+04	2.996201e+02	1.789038e+01	2020	9	8	18
	920	1381	-50.625135	39.515570	9.850923e+04	2.749219e+01	1.085830e+05	1.062503e+05	5.820639e+04	5.608124e+04	2.985444e+02	1.973427e+01	2020	9	9	0
	936	1403	-48.375137	41.578067	9.816578e+04	2.930647e+01	1.083412e+05	1.051881e+05	5.800251e+04	5.572019e+04	2.982880e+02	2.359013e+01	2020	9	9	6
	959	1424	-45.140766	43.546814	9.821327e+04	2.874681e+01	1.083402e+05	1.045086e+05	5.808129e+04	5.557080e+04	2.974175e+02	2.420938e+01	2020	9	9	12
	989	1449	-40.922020	45.890561	9.811936e+04	2.613500e+01	1.081681e+05	1.038569e+05	5.797599e+04	5.514526e+04	2.945847e+02	2.017469e+01	2020	9	9	18
	1019	1485	-36.703274	49.265557	9.806160e+04	2.338098e+01	1.076152e+05	1.025894e+05	5.757153e+04	5.465380e+04	2.916554e+02	2.955393e+01	2020	9	10	0
	1040	1519	-33.750152	52.453052	9.750680e+04	2.411478e+01	1.066391e+05	1.016469e+05	5.673816e+04	5.372376e+04	2.885496e+02	3.449251e+01	2020	9	10	6
start	69	2020	9	1	6
	1329	1099	6.890430	13.078107	1.005429e+05	9.343580e+00	1.079432e+05	1.075920e+05	5.784899e+04	5.718718e+04	9.999000e+03	2.129365e+01	2020	9	1	6
	1318	1105	5.343557	13.640606	1.003420e+05	1.219538e+01	1.081059e+05	1.077237e+05	5.798171e+04	5.718378e+04	9.999000e+03	1.672717e+01	2020	9	1	12
	1286	1117	0.843562	14.765604	1.002327e+05	7.452971e+00	1.080883e+05	1.077634e+05	5.795319e+04	5.718555e+04	9.999000e+03	2.494458e+01	2020	9	1	18
	1299	1110	2.671685	14.109355	1.004164e+05	1.025601e+01	1.081245e+05	1.077749e+05	5.800967e+04	5.716427e+04	9.999000e+03	2.676918e+01	2020	9	2	0
	1284	1114	0.562312	14.484355	1.003752e+05	1.117572e+01	1.080584e+05	1.076201e+05	5.796254e+04	5.707073e+04	9.999000e+03	2.171203e+01	2020	9	2	6
	1273	1114	-0.984562	14.484355	1.003453e+05	1.275086e+01	1.082316e+05	1.078335e+05	5.813529e+04	5.723266e+04	9.999000e+03	2.020605e+01	2020	9	2	12
	1243	1133	-5.203307	16.265602	1.003180e+05	1.163971e+01	1.083049e+05	1.079395e+05	5.821871e+04	5.716853e+04	9.999000e+03	2.339112e+01	2020	9	2	18
	1237	1108	-6.047056	13.921856	1.001818e+05	1.452013e+01	1.082930e+05	1.079019e+05	5.817321e+04	5.700632e+04	9.999000e+03	3.487375e+01	2020	9	3	0
	1226	1110	-7.593930	14.109355	1.001855e+05	1.525603e+01	1.081277e+05	1.076808e+05	5.804233e+04	5.687595e+04	9.999000e+03	3.259132e+01	2020	9	3	6
	1226	1117	-7.593930	14.765604	1.002073e+05	1.687168e+01	1.083418e+05	1.078343e+05	5.818049e+04	5.709336e+04	9.999000e+03	3.023859e+01	2020	9	3	12
	1216	1119	-9.000178	14.953104	1.000178e+05	1.538170e+01	1.082555e+05	1.077814e+05	5.809215e+04	5.696773e+04	9.999000e+03	3.265728e+01	2020	9	3	18
	1187	1114	-13.078299	14.484355	1.002682e+05	1.768954e+01	1.083335e+05	1.078263e+05	5.816551e+04	5.693181e+04	9.999000e+03	3.671549e+01	2020	9	4	0
	1198	1120	-11.531426	15.046854	9.992320e+04	1.692793e+01	1.080651e+05	1.075678e+05	5.797394e+04	5.688560e+04	9.999000e+03	2.205812e+01	2020	9	4	6
	1189	1130	-12.797049	15.984353	1.001876e+05	1.585194e+01	1.081987e+05	1.078007e+05	5.815095e+04	5.717116e+04	9.999000e+03	1.562783e+01	2020	9	4	12
	1170	1143	-15.468921	17.203101	1.000389e+05	1.390459e+01	1.081007e+05	1.076701e+05	5.798726e+04	5.706605e+04	9.999000e+03	1.095487e+01	2020	9	4	18
	1164	1140	-16.312671	16.921851	1.004404e+05	1.261552e+01	1.081735e+05	1.078113e+05	5.805886e+04	5.725105e+04	9.999000e+03	1.305573e+01	2020	9	5	0
	1161	1131	-16.734545	16.078103	9.998273e+04	1.686609e+01	1.078663e+05	1.075342e+05	5.780863e+04	5.701179e+04	9.999000e+03	1.351791e+01	2020	9	5	6
	1154	1133	-17.718919	16.265602	1.000735e+05	1.854814e+01	1.080609e+05	1.077326e+05	5.798480e+04	5.717125e+04	9.999000e+03	1.033790e+01	2020	9	5	12
	1148	1136	-18.562668	16.546852	1.000105e+05	1.560764e+01	1.079675e+05	1.076034e+05	5.786680e+04	5.709986e+04	3.007904e+02	1.032544e+01	2020	9	5	18
	1142	1139	-19.406417	16.828102	1.003820e+05	1.354557e+01	1.081295e+05	1.078319e+05	5.799035e+04	5.737150e+04	3.003451e+02	1.229413e+01	2020	9	6	0
	1134	1138	-20.531416	16.734352	1.002669e+05	1.384653e+01	1.078935e+05	1.075289e+05	5.781995e+04	5.718816e+04	3.006943e+02	1.329260e+01	2020	9	6	6
	1126	1133	-21.656415	16.265602	1.004182e+05	1.343225e+01	1.081036e+05	1.077590e+05	5.799602e+04	5.733815e+04	9.999000e+03	1.031648e+01	2020	9	6	12
	1120	1132	-22.500164	16.171853	1.002371e+05	1.292248e+01	1.080113e+05	1.076440e+05	5.787774e+04	5.721768e+04	9.999000e+03	1.064854e+01	2020	9	6	18
	1115	1134	-23.203288	16.359352	1.005159e+05	1.410731e+01	1.081865e+05	1.078705e+05	5.806045e+04	5.742153e+04	9.999000e+03	1.613601e+01	2020	9	7	0
	1105	1139	-24.609537	16.828102	1.003677e+05	1.444674e+01	1.079680e+05	1.075990e+05	5.791822e+04	5.718782e+04	9.999000e+03	1.561196e+01	2020	9	7	6
	1091	1134	-26.578285	16.359352	1.004748e+05	1.551259e+01	1.081862e+05	1.078261e+05	5.808674e+04	5.730850e+04	9.999000e+03	1.348550e+01	2020	9	7	12
	1084	1132	-27.562659	16.171853	1.001911e+05	1.485975e+01	1.081483e+05	1.077366e+05	5.803039e+04	5.704622e+04	3.017420e+02	1.545623e+01	2020	9	7	18
	1073	1132	-29.109532	16.171853	1.002686e+05	1.666410e+01	1.082594e+05	1.079205e+05	5.821418e+04	5.713491e+04	3.017835e+02	2.034804e+01	2020	9	8	0
	1058	1133	-31.218905	16.265602	9.985056e+04	1.880011e+01	1.080394e+05	1.076237e+05	5.799557e+04	5.678496e+04	3.018109e+02	1.960083e+01	2020	9	8	6
	1049	1129	-32.484529	15.890603	9.992987e+04	1.870083e+01	1.081638e+05	1.077652e+05	5.815941e+04	5.693195e+04	3.017349e+02	1.412908e+01	2020	9	8	12
	1035	1129	-34.453277	15.890603	9.960869e+04	1.970527e+01	1.080622e+05	1.076039e+05	5.801682e+04	5.675773e+04	3.017120e+02	1.657631e+01	2020	9	8	18
	1027	1130	-35.578275	15.984353	9.970006e+04	2.234325e+01	1.081218e+05	1.077036e+05	5.818543e+04	5.685816e+04	3.016701e+02	2.140639e+01	2020	9	9	0
	1018	1128	-36.843899	15.796853	9.925481e+04	2.695593e+01	1.078988e+05	1.073626e+05	5.789887e+04	5.650892e+04	3.016319e+02	1.898905e+01	2020	9	9	6
	1007	1126	-38.390773	15.609353	9.935083e+04	2.900902e+01	1.080535e+05	1.074806e+05	5.801090e+04	5.659890e+04	3.019045e+02	1.850198e+01	2020	9	9	12
	998	1128	-39.656396	15.796853	9.901912e+04	3.064562e+01	1.078459e+05	1.072923e+05	5.785591e+04	5.637213e+04	3.020760e+02	2.351618e+01	2020	9	9	18
	991	1131	-40.640770	16.078103	9.893634e+04	3.466653e+01	1.079358e+05	1.072380e+05	5.792026e+04	5.626681e+04	3.019977e+02	2.760431e+01	2020	9	10	0
	982	1143	-41.906394	17.203101	9.817357e+04	3.175668e+01	1.076878e+05	1.068269e+05	5.774284e+04	5.560584e+04	3.017656e+02	2.825251e+01	2020	9	10	6
	975	1144	-42.890768	17.296851	9.830918e+04	3.532450e+01	1.079374e+05	1.070209e+05	5.785736e+04	5.575330e+04	3.017971e+02	2.692312e+01	2020	9	10	12
	966	1149	-44.156392	17.765600	9.771191e+04	3.839503e+01	1.077876e+05	1.067718e+05	5.770569e+04	5.552226e+04	3.020468e+02	2.286939e+01	2020	9	10	18
	961	1157	-44.859516	18.515599	9.766807e+04	3.872817e+01	1.079845e+05	1.069196e+05	5.793207e+04	5.558234e+04	3.017211e+02	2.882808e+01	2020	9	11	0
	953	1167	-45.984515	19.453098	9.739352e+04	3.760239e+01	1.078155e+05	1.067290e+05	5.776813e+04	5.521562e+04	3.017962e+02	2.910493e+01	2020	9	11	6
	946	1174	-46.968889	20.109347	9.745339e+04	3.878371e+01	1.080564e+05	1.069170e+05	5.796681e+04	5.542226e+04	3.017347e+02	2.414768e+01	2020	9	11	12
	939	1184	-47.953263	21.046846	9.681970e+04	4.208912e+01	1.080655e+05	1.068857e+05	5.792228e+04	5.514212e+04	3.016848e+02	2.510925e+01	2020	9	11	18
	929	1194	-49.359511	21.984344	9.689323e+04	4.572016e+01	1.082023e+05	1.069655e+05	5.808730e+04	5.523921e+04	3.017529e+02	2.787811e+01	2020	9	12	0
	921	1202	-50.484510	22.734343	9.672970e+04	4.049508e+01	1.080031e+05	1.068268e+05	5.792268e+04	5.510574e+04	3.018525e+02	2.488294e+01	2020	9	12	6
	914	1212	-51.468884	23.671842	9.688072e+04	4.389690e+01	1.082120e+05	1.070768e+05	5.812788e+04	5.526686e+04	3.019139e+02	2.318905e+01	2020	9	12	12
	906	1220	-52.593883	24.421841	9.677495e+04	4.275447e+01	1.081492e+05	1.069867e+05	5.805400e+04	5.517198e+04	3.023427e+02	2.293829e+01	2020	9	12	18
	900	1226	-53.437632	24.984340	9.676962e+04	4.112144e+01	1.082911e+05	1.070459e+05	5.819383e+04	5.523882e+04	3.023180e+02	2.534612e+01	2020	9	13	0
	895	1234	-54.140756	25.734339	9.648446e+04	4.136924e+01	1.081072e+05	1.068498e+05	5.803493e+04	5.495972e+04	3.023329e+02	2.386015e+01	2020	9	13	6
	889	1239	-54.984505	26.203089	9.677610e+04	3.791846e+01	1.083007e+05	1.071618e+05	5.812384e+04	5.528900e+04	3.025010e+02	1.999975e+01	2020	9	13	12
	882	1248	-55.968879	27.046837	9.667682e+04	4.441211e+01	1.082145e+05	1.071827e+05	5.807679e+04	5.528297e+04	3.025482e+02	2.063835e+01	2020	9	13	18
	876	1254	-56.812628	27.609337	9.696841e+04	4.279452e+01	1.083136e+05	1.073513e+05	5.814570e+04	5.542534e+04	3.024976e+02	2.103086e+01	2020	9	14	0
	871	1262	-57.515753	28.359336	9.709377e+04	3.634946e+01	1.081515e+05	1.073780e+05	5.794354e+04	5.544498e+04	3.024021e+02	2.243954e+01	2020	9	14	6
	866	1270	-58.218877	29.109335	9.737374e+04	3.577368e+01	1.083012e+05	1.075759e+05	5.804991e+04	5.566087e+04	3.020732e+02	2.296213e+01	2020	9	14	12
	862	1281	-58.781376	30.140583	9.714027e+04	3.696597e+01	1.082203e+05	1.073587e+05	5.801024e+04	5.544320e+04	3.016789e+02	2.320832e+01	2020	9	14	18
	861	1293	-58.922001	31.265582	9.723097e+04	3.159150e+01	1.083158e+05	1.073058e+05	5.812769e+04	5.547292e+04	3.012180e+02	2.092059e+01	2020	9	15	0
	862	1305	-58.781376	32.390580	9.716589e+04	3.398944e+01	1.081965e+05	1.073189e+05	5.797721e+04	5.540685e+04	3.011574e+02	2.031377e+01	2020	9	15	6
	867	1318	-58.078252	33.609328	9.746795e+04	3.361800e+01	1.083379e+05	1.072985e+05	5.809542e+04	5.562284e+04	3.009733e+02	2.017182e+01	2020	9	15	12
	876	1335	-56.812628	35.203076	9.733490e+04	3.145582e+01	1.082802e+05	1.067303e+05	5.803047e+04	5.553932e+04	3.004853e+02	2.578666e+01	2020	9	15	18
	891	1351	-54.703256	36.703074	9.713284e+04	3.397449e+01	1.082840e+05	1.059413e+05	5.808718e+04	5.521846e+04	3.003553e+02	3.194500e+01	2020	9	16	0
	910	1372	-52.031383	38.671821	9.663305e+04	3.444313e+01	1.079071e+05	1.048947e+05	5.774066e+04	5.466160e+04	2.996835e+02	4.211790e+01	2020	9	16	6
	934	1394	-48.656387	40.734318	9.630436e+04	5.427419e+01	1.077234e+05	1.041834e+05	5.765552e+04	5.431182e+04	2.980192e+02	3.585429e+01	2020	9	16	12
	960	1417	-45.000141	42.890565	9.595113e+04	5.197883e+01	1.073299e+05	1.033095e+05	5.733167e+04	5.367353e+04	2.970366e+02	2.787593e+01	2020	9	16	18
	986	1441	-41.343894	45.140562	9.558949e+04	4.995753e+01	1.068056e+05	1.019797e+05	5.692519e+04	5.277857e+04	2.943455e+02	2.782904e+01	2020	9	17	0
	1009	1458	-38.109523	46.734310	9.510591e+04	4.792829e+01	1.060143e+05	1.013951e+05	5.639386e+04	5.197730e+04	2.924643e+02	1.669049e+01	2020	9	17	6
	1032	1477	-34.875151	48.515558	9.568320e+04	3.255927e+01	1.055861e+05	1.014756e+05	5.613346e+04	5.206990e+04	2.902772e+02	8.797859e+00	2020	9	17	12
	1058	1497	-31.218905	50.390555	9.638270e+04	3.060960e+01	1.053880e+05	1.009254e+05	5.603395e+04	5.229173e+04	2.908876e+02	6.162520e+00	2020	9	17	18
	1084	1519	-27.562659	52.453052	9.706245e+04	2.701029e+01	1.053027e+05	1.007000e+05	5.610019e+04	5.247822e+04	2.894154e+02	3.802533e+00	2020	9	18	0
	1114	1549	-23.343913	55.265548	9.759208e+04	2.433209e+01	1.052569e+05	9.997300e+04	5.608505e+04	5.206315e+04	2.885710e+02	2.975667e+00	2020	9	18	6
start	40	2020	9	4	6
	825	1307	-63.984496	32.578080	1.006281e+05	1.919238e+01	1.081532e+05	1.074333e+05	5.826535e+04	5.758991e+04	3.018063e+02	6.363686e+00	2020	9	4	6
	818	1313	-64.968870	33.140579	1.007219e+05	1.720676e+01	1.081198e+05	1.073664e+05	5.826274e+04	5.757432e+04	3.017315e+02	5.298480e+00	2020	9	4	12
	817	1316	-65.109495	33.421829	1.005889e+05	1.871185e+01	1.080738e+05	1.074046e+05	5.822903e+04	5.738299e+04	3.016664e+02	7.160592e+00	2020	9	4	18
	812	1316	-65.812619	33.421829	1.003159e+05	2.095111e+01	1.080275e+05	1.074051e+05	5.813494e+04	5.713716e+04	3.017209e+02	7.500524e+00	2020	9	5	0
	808	1320	-66.375118	33.796828	9.998022e+04	2.086484e+01	1.078213e+05	1.072732e+05	5.804728e+04	5.679177e+04	3.018974e+02	7.287873e+00	2020	9	5	6
	806	1312	-66.656368	33.046829	9.978278e+04	2.074081e+01	1.077811e+05	1.072509e+05	5.795391e+04	5.663454e+04	3.023144e+02	5.259269e+00	2020	9	5	12
	805	1307	-66.796993	32.578080	9.958073e+04	2.169000e+01	1.078003e+05	1.072385e+05	5.788309e+04	5.647634e+04	3.025943e+02	5.219764e+00	2020	9	5	18
	803	1302	-67.078243	32.109330	9.943234e+04	2.069003e+01	1.077928e+05	1.072558e+05	5.781170e+04	5.643185e+04	3.028214e+02	5.835240e+00	2020	9	6	0
	797	1295	-67.921992	31.453081	9.924141e+04	2.152357e+01	1.076879e+05	1.071284e+05	5.772152e+04	5.623101e+04	3.029483e+02	9.189263e+00	2020	9	6	6
	794	1287	-68.343866	30.703082	9.892354e+04	2.204100e+01	1.076760e+05	1.069043e+05	5.766561e+04	5.589845e+04	3.032799e+02	1.037244e+01	2020	9	6	12
	794	1283	-68.343866	30.328083	9.862779e+04	2.536670e+01	1.075806e+05	1.068392e+05	5.760138e+04	5.580630e+04	3.034084e+02	9.834727e+00	2020	9	6	18
	793	1284	-68.484491	30.421833	9.849560e+04	2.502426e+01	1.076284e+05	1.069549e+05	5.753498e+04	5.576264e+04	3.031257e+02	9.511228e+00	2020	9	7	0
	791	1286	-68.765741	30.609332	9.856258e+04	2.255042e+01	1.075742e+05	1.070564e+05	5.748452e+04	5.588475e+04	3.032547e+02	1.126402e+01	2020	9	7	6
	790	1289	-68.906366	30.890582	9.871052e+04	2.413247e+01	1.076423e+05	1.070180e+05	5.757009e+04	5.598704e+04	3.031910e+02	1.092504e+01	2020	9	7	12
	788	1294	-69.187615	31.359331	9.872869e+04	2.468034e+01	1.076304e+05	1.070468e+05	5.757578e+04	5.600306e+04	3.032221e+02	1.134601e+01	2020	9	7	18
	788	1298	-69.187615	31.734331	9.871277e+04	2.321119e+01	1.077514e+05	1.070318e+05	5.766561e+04	5.601856e+04	3.028059e+02	9.823164e+00	2020	9	8	0
	789	1303	-69.046991	32.203080	9.867702e+04	2.477821e+01	1.076870e+05	1.070618e+05	5.764762e+04	5.603252e+04	3.017023e+02	1.311201e+01	2020	9	8	6
	791	1307	-68.765741	32.578080	9.875656e+04	2.665554e+01	1.077598e+05	1.069892e+05	5.775904e+04	5.612588e+04	3.014855e+02	1.235865e+01	2020	9	8	12
	794	1310	-68.343866	32.859329	9.878228e+04	2.812916e+01	1.078145e+05	1.069651e+05	5.783562e+04	5.617746e+04	3.014005e+02	1.162060e+01	2020	9	8	18
	800	1312	-67.500117	33.046829	9.895154e+04	2.527738e+01	1.079851e+05	1.070592e+05	5.794983e+04	5.629087e+04	3.009746e+02	8.834859e+00	2020	9	9	0
	804	1311	-66.937618	32.953079	9.905469e+04	2.449274e+01	1.079175e+05	1.071789e+05	5.794792e+04	5.638141e+04	3.008500e+02	7.960136e+00	2020	9	9	6
	807	1311	-66.515743	32.953079	9.926757e+04	2.477116e+01	1.080229e+05	1.073897e+05	5.807938e+04	5.658402e+04	3.010642e+02	7.298381e+00	2020	9	9	12
	811	1310	-65.953244	32.859329	9.925231e+04	2.625755e+01	1.080546e+05	1.075870e+05	5.810750e+04	5.659352e+04	3.012422e+02	6.576639e+00	2020	9	9	18
	813	1307	-65.671994	32.578080	9.935527e+04	2.484256e+01	1.081506e+05	1.077170e+05	5.820425e+04	5.671874e+04	3.011531e+02	7.130147e+00	2020	9	10	0
	810	1308	-66.093869	32.671830	9.945605e+04	2.443735e+01	1.080943e+05	1.077072e+05	5.814750e+04	5.675038e+04	3.009393e+02	8.384588e+00	2020	9	10	6
	808	1307	-66.375118	32.578080	9.961956e+04	2.367805e+01	1.081289e+05	1.077928e+05	5.817367e+04	5.685980e+04	3.008094e+02	7.298494e+00	2020	9	10	12
	807	1312	-66.515743	33.046829	9.969122e+04	2.362766e+01	1.080498e+05	1.077752e+05	5.821722e+04	5.685773e+04	3.005677e+02	6.624201e+00	2020	9	10	18
	807	1321	-66.515743	33.890578	9.968796e+04	2.568821e+01	1.080944e+05	1.078022e+05	5.825859e+04	5.688038e+04	3.009665e+02	7.577249e+00	2020	9	11	0
	805	1330	-66.796993	34.734327	9.957664e+04	2.615746e+01	1.079430e+05	1.074647e+05	5.811030e+04	5.673163e+04	3.015989e+02	1.107710e+01	2020	9	11	6
	812	1344	-65.812619	36.046825	9.932503e+04	2.953632e+01	1.079541e+05	1.069730e+05	5.819306e+04	5.655668e+04	3.017518e+02	1.140416e+01	2020	9	11	12
	817	1354	-65.109495	36.984324	9.880549e+04	3.595152e+01	1.078966e+05	1.066263e+05	5.814493e+04	5.624748e+04	3.017195e+02	1.205206e+01	2020	9	11	18
	832	1374	-63.000122	38.859321	9.817844e+04	3.716838e+01	1.079369e+05	1.059882e+05	5.819769e+04	5.598700e+04	3.015885e+02	1.354693e+01	2020	9	12	0
	849	1391	-60.609499	40.453069	9.785345e+04	3.427984e+01	1.077616e+05	1.053959e+05	5.806384e+04	5.576539e+04	3.012845e+02	1.232371e+01	2020	9	12	6
	873	1408	-57.234503	42.046817	9.818891e+04	3.330066e+01	1.078124e+05	1.051021e+05	5.818197e+04	5.576663e+04	2.995801e+02	1.410268e+01	2020	9	12	12
	898	1425	-53.718882	43.640564	9.844833e+04	3.000626e+01	1.078064e+05	1.049190e+05	5.814129e+04	5.571120e+04	2.957784e+02	1.395083e+01	2020	9	12	18
	927	1436	-49.640761	44.671813	9.891263e+04	2.482460e+01	1.078767e+05	1.045946e+05	5.817943e+04	5.574370e+04	2.937803e+02	9.843747e+00	2020	9	13	0
	953	1442	-45.984515	45.234312	9.911430e+04	2.429037e+01	1.075879e+05	1.044166e+05	5.796270e+04	5.545886e+04	2.932792e+02	6.407787e+00	2020	9	13	6
	979	1442	-42.328268	45.234312	9.967460e+04	2.115173e+01	1.075942e+05	1.045656e+05	5.805586e+04	5.557576e+04	2.943728e+02	4.761892e+00	2020	9	13	12
	1004	1441	-38.812647	45.140562	1.001423e+05	2.186288e+01	1.074878e+05	1.048344e+05	5.798323e+04	5.590700e+04	2.949330e+02	5.270171e+00	2020	9	13	18
	1021	1445	-36.422025	45.515562	1.005920e+05	1.630532e+01	1.073769e+05	1.049719e+05	5.803241e+04	5.626555e+04	2.938723e+02	3.674817e+00	2020	9	14	0
start	38	2020	9	11	18
	2255	1153	137.109045	18.140600	1.000782e+05	9.601446e+00	1.083599e+05	1.080761e+05	5.764507e+04	5.712522e+04	3.043377e+02	1.696133e+01	2020	9	11	18
	2249	1151	136.265295	17.953100	1.002168e+05	1.072510e+01	1.084328e+05	1.082656e+05	5.778376e+04	5.724838e+04	3.042692e+02	1.561139e+01	2020	9	12	0
	2246	1156	135.843421	18.421849	9.989763e+04	9.863842e+00	1.083000e+05	1.080644e+05	5.755079e+04	5.696013e+04	3.043249e+02	1.861527e+01	2020	9	12	6
	2239	1156	134.859047	18.421849	9.997223e+04	1.156731e+01	1.084194e+05	1.082638e+05	5.769722e+04	5.710924e+04	3.040928e+02	2.183042e+01	2020	9	12	12
	2238	1153	134.718422	18.140600	9.966590e+04	1.232488e+01	1.082351e+05	1.079976e+05	5.743491e+04	5.686609e+04	3.039314e+02	1.725901e+01	2020	9	12	18
	2232	1150	133.874673	17.859350	9.976555e+04	1.184534e+01	1.083236e+05	1.081308e+05	5.757067e+04	5.698218e+04	3.040034e+02	1.688231e+01	2020	9	13	0
	2233	1152	134.015298	18.046850	9.942360e+04	1.233690e+01	1.081934e+05	1.078418e+05	5.738085e+04	5.665774e+04	3.039154e+02	2.025040e+01	2020	9	13	6
	2230	1154	133.593423	18.234350	9.954310e+04	1.351741e+01	1.083755e+05	1.080960e+05	5.751703e+04	5.678535e+04	3.038449e+02	2.197258e+01	2020	9	13	12
	2226	1155	133.030924	18.328100	9.923435e+04	1.309470e+01	1.081494e+05	1.078151e+05	5.729668e+04	5.652548e+04	3.037929e+02	2.197328e+01	2020	9	13	18
	2228	1154	133.312174	18.234350	9.932693e+04	1.469301e+01	1.082473e+05	1.079826e+05	5.744266e+04	5.659765e+04	3.036345e+02	2.336526e+01	2020	9	14	0
	2223	1152	132.609049	18.046850	9.895159e+04	1.549251e+01	1.080820e+05	1.076344e+05	5.724374e+04	5.634567e+04	3.037332e+02	2.631901e+01	2020	9	14	6
	2224	1151	132.749674	17.953100	9.906440e+04	1.729270e+01	1.082363e+05	1.079391e+05	5.741945e+04	5.655367e+04	3.036045e+02	2.808190e+01	2020	9	14	12
	2227	1149	133.171549	17.765600	9.874115e+04	1.958481e+01	1.080250e+05	1.076569e+05	5.722165e+04	5.628364e+04	3.034887e+02	2.385058e+01	2020	9	14	18
	2224	1147	132.749674	17.578101	9.883023e+04	2.090167e+01	1.081998e+05	1.078037e+05	5.735952e+04	5.645760e+04	3.034515e+02	2.321449e+01	2020	9	15	0
	2230	1154	133.593423	18.234350	9.851345e+04	2.124014e+01	1.081149e+05	1.076666e+05	5.715818e+04	5.630208e+04	3.038244e+02	2.035398e+01	2020	9	15	6
	2231	1152	133.734048	18.046850	9.872042e+04	2.176635e+01	1.082171e+05	1.079105e+05	5.737381e+04	5.651882e+04	3.037046e+02	1.724345e+01	2020	9	15	12
	2234	1158	134.155923	18.609349	9.852460e+04	2.353345e+01	1.080612e+05	1.077075e+05	5.716155e+04	5.641055e+04	3.034611e+02	1.610965e+01	2020	9	15	18
	2237	1160	134.577797	18.796849	9.871605e+04	2.393870e+01	1.083296e+05	1.078912e+05	5.736432e+04	5.657197e+04	3.033848e+02	1.349837e+01	2020	9	16	0
	2238	1165	134.718422	19.265598	9.851069e+04	2.115633e+01	1.082021e+05	1.077066e+05	5.720024e+04	5.641801e+04	3.034415e+02	9.578326e+00	2020	9	16	6
	2243	1164	135.421546	19.171848	9.888484e+04	1.822197e+01	1.084010e+05	1.079765e+05	5.744051e+04	5.666491e+04	3.035822e+02	1.266100e+01	2020	9	16	12
	2236	1174	134.437172	20.109347	9.868235e+04	1.835093e+01	1.082638e+05	1.078990e+05	5.727070e+04	5.657015e+04	3.032779e+02	1.318319e+01	2020	9	16	18
	2233	1174	134.015298	20.109347	9.895255e+04	1.763420e+01	1.085291e+05	1.081505e+05	5.749723e+04	5.678810e+04	3.032973e+02	1.468624e+01	2020	9	17	0
	2225	1179	132.890299	20.578096	9.880048e+04	1.697719e+01	1.084498e+05	1.080330e+05	5.742605e+04	5.662203e+04	3.034167e+02	1.701128e+01	2020	9	17	6
	2224	1183	132.749674	20.953096	9.900768e+04	1.796646e+01	1.087039e+05	1.082686e+05	5.764424e+04	5.681632e+04	3.033762e+02	1.765015e+01	2020	9	17	12
	2214	1191	131.343426	21.703095	9.876660e+04	1.859667e+01	1.085827e+05	1.081054e+05	5.754030e+04	5.664941e+04	3.033856e+02	1.740686e+01	2020	9	17	18
	2205	1201	130.077802	22.640594	9.881826e+04	2.014692e+01	1.088123e+05	1.081577e+05	5.776879e+04	5.668905e+04	3.034776e+02	2.291546e+01	2020	9	18	0
	2196	1209	128.812178	23.390592	9.840135e+04	2.221043e+01	1.086940e+05	1.080210e+05	5.768582e+04	5.637339e+04	3.035356e+02	2.578670e+01	2020	9	18	6
	2187	1216	127.546555	24.046842	9.814117e+04	2.575223e+01	1.088882e+05	1.080885e+05	5.783360e+04	5.624168e+04	3.035558e+02	2.317005e+01	2020	9	18	12
	2178	1224	126.280931	24.796841	9.791491e+04	2.633611e+01	1.087214e+05	1.080177e+05	5.773330e+04	5.615301e+04	9.999000e+03	2.530692e+01	2020	9	18	18
	2172	1234	125.437182	25.734339	9.769792e+04	2.642793e+01	1.088831e+05	1.078343e+05	5.783026e+04	5.588625e+04	9.999000e+03	2.907717e+01	2020	9	19	0
	2167	1243	124.734057	26.578088	9.732980e+04	2.800955e+01	1.087412e+05	1.077959e+05	5.766485e+04	5.569345e+04	9.999000e+03	2.938511e+01	2020	9	19	6
	2162	1250	124.030933	27.234337	9.721793e+04	2.835234e+01	1.088381e+05	1.081082e+05	5.777642e+04	5.603046e+04	3.027274e+02	2.516412e+01	2020	9	19	12
	2157	1257	123.327809	27.890586	9.740144e+04	2.582678e+01	1.087519e+05	1.081310e+05	5.770020e+04	5.660080e+04	9.999000e+03	2.800909e+01	2020	9	19	18
	2152	1264	122.624685	28.546835	9.797096e+04	2.525644e+01	1.088097e+05	1.080821e+05	5.781456e+04	5.668807e+04	9.999000e+03	2.799082e+01	2020	9	20	0
	2148	1270	122.062185	29.109335	9.836045e+04	2.315572e+01	1.087679e+05	1.081036e+05	5.773598e+04	5.661088e+04	9.999000e+03	1.862223e+01	2020	9	20	6
	2146	1274	121.780936	29.484334	9.920542e+04	1.913758e+01	1.089062e+05	1.083195e+05	5.791724e+04	5.697846e+04	9.999000e+03	1.176540e+01	2020	9	20	12
	2141	1280	121.077811	30.046833	9.977198e+04	1.487616e+01	1.087891e+05	1.082641e+05	5.781190e+04	5.715644e+04	9.999000e+03	1.247479e+01	2020	9	20	18
	2137	1283	120.515312	30.328083	1.002987e+05	1.280880e+01	1.088571e+05	1.083859e+05	5.799653e+04	5.745259e+04	9.999000e+03	6.363710e+00	2020	9	21	0
start	15	2020	9	13	6
	1076	1115	-28.687658	14.578105	1.008758e+05	1.091040e+01	1.079856e+05	1.078118e+05	5.780054e+04	5.747333e+04	3.017974e+02	1.630462e+01	2020	9	13	6
	1063	1111	-30.515781	14.203105	1.010853e+05	1.077288e+01	1.081705e+05	1.079951e+05	5.799087e+04	5.769727e+04	3.018780e+02	1.257580e+01	2020	9	13	12
	1063	1116	-30.515781	14.671855	1.008311e+05	1.072536e+01	1.080128e+05	1.078602e+05	5.792960e+04	5.751115e+04	3.018877e+02	9.544133e+00	2020	9	13	18
	1057	1123	-31.359530	15.328104	1.011149e+05	1.048686e+01	1.082588e+05	1.079018e+05	5.811912e+04	5.771007e+04	3.017122e+02	1.634935e+01	2020	9	14	0
	1050	1125	-32.343904	15.515603	1.007170e+05	1.285059e+01	1.079942e+05	1.075887e+05	5.792539e+04	5.738837e+04	3.016734e+02	1.270297e+01	2020	9	14	6
	1046	1129	-32.906403	15.890603	1.010024e+05	1.269508e+01	1.082533e+05	1.077840e+05	5.818846e+04	5.754028e+04	3.016992e+02	5.971200e+00	2020	9	14	12
	1043	1136	-33.328278	16.546852	1.008009e+05	1.330252e+01	1.082117e+05	1.076673e+05	5.810456e+04	5.747389e+04	3.015384e+02	6.327788e+00	2020	9	14	18
	1039	1144	-33.890777	17.296851	1.011578e+05	1.517316e+01	1.083787e+05	1.078123e+05	5.835298e+04	5.794179e+04	3.013330e+02	1.220503e+01	2020	9	15	0
	1035	1154	-34.453277	18.234350	1.010202e+05	1.543942e+01	1.081781e+05	1.075236e+05	5.813204e+04	5.781653e+04	3.011928e+02	1.483400e+01	2020	9	15	6
	1031	1165	-35.015776	19.265598	1.012624e+05	1.522451e+01	1.084354e+05	1.077443e+05	5.834887e+04	5.797795e+04	3.012538e+02	1.445733e+01	2020	9	15	12
	1025	1177	-35.859525	20.390597	1.010070e+05	1.900329e+01	1.083245e+05	1.077126e+05	5.824120e+04	5.783914e+04	3.016910e+02	1.095516e+01	2020	9	15	18
	1018	1187	-36.843899	21.328095	1.012809e+05	1.617639e+01	1.084443e+05	1.077601e+05	5.840459e+04	5.809212e+04	3.014963e+02	1.786660e+01	2020	9	16	0
	1011	1201	-37.828273	22.640594	1.011576e+05	1.610468e+01	1.082071e+05	1.075313e+05	5.820038e+04	5.786350e+04	3.010013e+02	1.934727e+01	2020	9	16	6
	1007	1213	-38.390773	23.765592	1.013263e+05	1.639302e+01	1.084164e+05	1.077061e+05	5.837227e+04	5.797984e+04	3.009281e+02	9.547199e+00	2020	9	16	12
	1005	1225	-38.672022	24.890590	1.012901e+05	1.763429e+01	1.083301e+05	1.075865e+05	5.828391e+04	5.789057e+04	3.012342e+02	8.742184e+00	2020	9	16	18
start	26	2020	9	13	6
	503	1127	-109.265699	15.703103	1.005712e+05	1.370706e+01	1.081633e+05	1.078792e+05	5.783625e+04	5.742904e+04	3.037817e+02	3.917359e+01	2020	9	13	6
	496	1134	-110.250073	16.359352	1.002954e+05	1.668642e+01	1.080408e+05	1.077682e+05	5.768020e+04	5.716146e+04	3.037143e+02	3.491456e+01	2020	9	13	12
	487	1147	-111.515696	17.578101	1.004419e+05	1.816941e+01	1.083062e+05	1.080590e+05	5.791541e+04	5.737735e+04	9.999000e+03	3.310740e+01	2020	9	13	18
	477	1156	-112.921945	18.421849	1.001473e+05	1.870889e+01	1.082459e+05	1.079088e+05	5.779629e+04	5.726606e+04	9.999000e+03	2.545034e+01	2020	9	14	0
	471	1159	-113.765694	18.703099	1.003699e+05	1.858149e+01	1.084129e+05	1.081851e+05	5.797700e+04	5.747542e+04	3.034844e+02	3.159454e+01	2020	9	14	6
	461	1162	-115.171943	18.984349	1.001013e+05	1.775006e+01	1.082470e+05	1.079927e+05	5.782502e+04	5.729614e+04	3.033267e+02	2.917743e+01	2020	9	14	12
	453	1167	-116.296941	19.453098	1.002756e+05	1.775094e+01	1.084733e+05	1.081992e+05	5.798677e+04	5.743123e+04	3.032935e+02	2.789965e+01	2020	9	14	18
	446	1171	-117.281315	19.828097	9.995496e+04	1.853498e+01	1.083526e+05	1.080736e+05	5.782150e+04	5.714733e+04	3.033041e+02	2.704016e+01	2020	9	15	0
	438	1174	-118.406314	20.109347	1.001259e+05	1.924590e+01	1.085498e+05	1.081755e+05	5.797207e+04	5.731254e+04	3.031272e+02	2.883961e+01	2020	9	15	6
	432	1179	-119.250063	20.578096	9.979385e+04	1.822737e+01	1.082680e+05	1.079370e+05	5.777493e+04	5.707694e+04	3.028205e+02	2.369019e+01	2020	9	15	12
	425	1177	-120.234437	20.390597	9.994146e+04	1.829864e+01	1.084587e+05	1.081771e+05	5.791272e+04	5.729439e+04	3.028326e+02	2.506345e+01	2020	9	15	18
	419	1182	-121.078186	20.859346	9.956212e+04	1.802087e+01	1.082744e+05	1.079918e+05	5.769954e+04	5.703939e+04	3.027478e+02	2.227222e+01	2020	9	16	0
	417	1183	-121.359436	20.953096	9.973930e+04	1.858307e+01	1.084418e+05	1.080901e+05	5.786814e+04	5.721452e+04	3.027107e+02	2.445940e+01	2020	9	16	6
	415	1187	-121.640686	21.328095	9.942603e+04	1.987963e+01	1.082642e+05	1.077308e+05	5.764895e+04	5.698538e+04	3.024277e+02	2.655402e+01	2020	9	16	12
	414	1191	-121.781311	21.703095	9.951601e+04	2.356704e+01	1.083901e+05	1.077313e+05	5.787541e+04	5.712527e+04	3.023301e+02	2.761756e+01	2020	9	16	18
	413	1198	-121.921936	22.359344	9.926188e+04	2.360319e+01	1.082085e+05	1.073370e+05	5.766804e+04	5.686313e+04	3.019837e+02	2.949146e+01	2020	9	17	0
	414	1210	-121.781311	23.484342	9.936466e+04	2.367769e+01	1.084661e+05	1.072499e+05	5.791609e+04	5.711664e+04	3.016132e+02	2.844415e+01	2020	9	17	6
	416	1219	-121.500061	24.328091	9.923284e+04	2.418240e+01	1.082168e+05	1.069404e+05	5.775775e+04	5.695038e+04	3.015207e+02	3.373921e+01	2020	9	17	12
	420	1235	-120.937562	25.828089	9.881203e+04	3.034151e+01	1.084393e+05	1.068337e+05	5.792640e+04	5.656559e+04	3.013921e+02	2.748389e+01	2020	9	17	18
	423	1238	-120.515687	26.109339	9.865955e+04	2.611658e+01	1.083054e+05	1.067011e+05	5.784854e+04	5.658892e+04	3.012443e+02	2.254953e+01	2020	9	18	0
	428	1251	-119.812563	27.328087	9.894677e+04	2.348011e+01	1.085370e+05	1.065369e+05	5.800111e+04	5.680850e+04	3.009699e+02	1.448778e+01	2020	9	18	6
	433	1264	-119.109438	28.546835	9.898296e+04	2.379217e+01	1.083141e+05	1.060275e+05	5.788152e+04	5.677711e+04	9.999000e+03	1.628618e+01	2020	9	18	12
	436	1281	-118.687564	30.140583	9.926584e+04	2.511044e+01	1.084843e+05	1.060525e+05	5.806925e+04	5.688894e+04	9.999000e+03	1.251569e+01	2020	9	18	18
	437	1295	-118.546939	31.453081	9.937662e+04	2.229659e+01	1.082946e+05	1.057807e+05	5.789002e+04	5.667838e+04	9.999000e+03	1.247639e+01	2020	9	19	0
	436	1307	-118.687564	32.578080	9.971389e+04	2.279783e+01	1.082541e+05	1.057608e+05	5.799346e+04	5.669688e+04	9.999000e+03	9.779543e+00	2020	9	19	6
	434	1319	-118.968814	33.703078	1.001283e+05	1.603188e+01	1.078472e+05	1.055432e+05	5.771657e+04	5.647520e+04	9.999000e+03	5.336103e+00	2020	9	19	12
start	54	2020	9	13	18
	2458	1160	165.655890	18.796849	9.946856e+04	1.930667e+01	1.082389e+05	1.080358e+05	5.726091e+04	5.674822e+04	3.052335e+02	3.879071e+01	2020	9	13	18
	2468	1166	167.062138	19.359348	9.947508e+04	2.031595e+01	1.084217e+05	1.081762e+05	5.738837e+04	5.684646e+04	3.051155e+02	3.721140e+01	2020	9	14	0
	2475	1182	168.046512	20.859346	9.926448e+04	1.845120e+01	1.083863e+05	1.081263e+05	5.731056e+04	5.677880e+04	3.051829e+02	3.635197e+01	2020	9	14	6
	2478	1191	168.468387	21.703095	9.943093e+04	1.569859e+01	1.085075e+05	1.082122e+05	5.746816e+04	5.694015e+04	3.048487e+02	3.967084e+01	2020	9	14	12
	2455	1176	165.234015	20.296847	9.923443e+04	1.441739e+01	1.083906e+05	1.081608e+05	5.724200e+04	5.683564e+04	3.048549e+02	3.432129e+01	2020	9	14	18
	2460	1183	165.937140	20.953096	9.925336e+04	1.818036e+01	1.085893e+05	1.082879e+05	5.746021e+04	5.694920e+04	3.049189e+02	3.563425e+01	2020	9	15	0
	2452	1184	164.812141	21.046846	9.906749e+04	1.680803e+01	1.085409e+05	1.082042e+05	5.740123e+04	5.684294e+04	3.050734e+02	2.251388e+01	2020	9	15	6
	2449	1179	164.390266	20.578096	9.913240e+04	1.611264e+01	1.086294e+05	1.082969e+05	5.749610e+04	5.685180e+04	3.048976e+02	2.793827e+01	2020	9	15	12
	2450	1180	164.530891	20.671846	9.886863e+04	1.680747e+01	1.085653e+05	1.081311e+05	5.734247e+04	5.665612e+04	3.046875e+02	3.198995e+01	2020	9	15	18
	2449	1189	164.390266	21.515595	9.893460e+04	1.900470e+01	1.087142e+05	1.082496e+05	5.757621e+04	5.669527e+04	3.046111e+02	2.715131e+01	2020	9	16	0
	2442	1190	163.405892	21.609345	9.876152e+04	1.935892e+01	1.086698e+05	1.081206e+05	5.747062e+04	5.649921e+04	3.044879e+02	2.578016e+01	2020	9	16	6
	2440	1189	163.124642	21.515595	9.884759e+04	1.877497e+01	1.087424e+05	1.082399e+05	5.756645e+04	5.659219e+04	3.040679e+02	3.126965e+01	2020	9	16	12
	2431	1198	161.859019	22.359344	9.860588e+04	2.060457e+01	1.086292e+05	1.080677e+05	5.753926e+04	5.637649e+04	3.038156e+02	2.174822e+01	2020	9	16	18
	2423	1194	160.734020	21.984344	9.874455e+04	2.047826e+01	1.087850e+05	1.082186e+05	5.762597e+04	5.656737e+04	3.041359e+02	2.354414e+01	2020	9	17	0
	2416	1200	159.749646	22.546844	9.858827e+04	2.083496e+01	1.087797e+05	1.082037e+05	5.764359e+04	5.642720e+04	3.040052e+02	2.538675e+01	2020	9	17	6
	2407	1194	158.484022	21.984344	9.866140e+04	2.030469e+01	1.088542e+05	1.083153e+05	5.764910e+04	5.651351e+04	3.038686e+02	3.313680e+01	2020	9	17	12
	2400	1202	157.499648	22.734343	9.838805e+04	2.123018e+01	1.087217e+05	1.080923e+05	5.765203e+04	5.628365e+04	3.035549e+02	3.124690e+01	2020	9	17	18
	2396	1199	156.937149	22.453094	9.833164e+04	2.332517e+01	1.087956e+05	1.081196e+05	5.774671e+04	5.625136e+04	3.034493e+02	3.442024e+01	2020	9	18	0
	2390	1201	156.093400	22.640594	9.792665e+04	2.407110e+01	1.086329e+05	1.078383e+05	5.762342e+04	5.591098e+04	3.032186e+02	3.701931e+01	2020	9	18	6
	2389	1198	155.952775	22.359344	9.776212e+04	2.511849e+01	1.086060e+05	1.077688e+05	5.766682e+04	5.580085e+04	3.030722e+02	4.009130e+01	2020	9	18	12
	2383	1195	155.109026	22.078094	9.728628e+04	2.547091e+01	1.084015e+05	1.074512e+05	5.741298e+04	5.542748e+04	3.030466e+02	3.729271e+01	2020	9	18	18
	2380	1198	154.687151	22.359344	9.716597e+04	2.730025e+01	1.084659e+05	1.075714e+05	5.754501e+04	5.542307e+04	3.029154e+02	3.794790e+01	2020	9	19	0
	2378	1198	154.405902	22.359344	9.687281e+04	2.812582e+01	1.083374e+05	1.073652e+05	5.740506e+04	5.517687e+04	3.026902e+02	3.429853e+01	2020	9	19	6
	2375	1199	153.984027	22.453094	9.692672e+04	2.973888e+01	1.084940e+05	1.075105e+05	5.752393e+04	5.531373e+04	3.024988e+02	3.427202e+01	2020	9	19	12
	2374	1204	153.843402	22.921843	9.694520e+04	2.881867e+01	1.083733e+05	1.075151e+05	5.744626e+04	5.528166e+04	3.019213e+02	3.198134e+01	2020	9	19	18
	2370	1205	153.280903	23.015593	9.734595e+04	2.941360e+01	1.085826e+05	1.077905e+05	5.761448e+04	5.554698e+04	3.021169e+02	2.651440e+01	2020	9	20	0
	2365	1210	152.577778	23.484342	9.731294e+04	2.836964e+01	1.085430e+05	1.077086e+05	5.761182e+04	5.550282e+04	3.023428e+02	2.489225e+01	2020	9	20	6
	2358	1213	151.593404	23.765592	9.756402e+04	2.903279e+01	1.086204e+05	1.078313e+05	5.774929e+04	5.572016e+04	3.024138e+02	2.452673e+01	2020	9	20	12
	2354	1221	151.030905	24.515591	9.754333e+04	2.895454e+01	1.084831e+05	1.077132e+05	5.759352e+04	5.568059e+04	3.020748e+02	2.556528e+01	2020	9	20	18
	2349	1223	150.327781	24.703091	9.780835e+04	2.781391e+01	1.085704e+05	1.079435e+05	5.768567e+04	5.589319e+04	3.019604e+02	2.366326e+01	2020	9	21	0
	2345	1229	149.765281	25.265590	9.772425e+04	2.792641e+01	1.084747e+05	1.078272e+05	5.758533e+04	5.577165e+04	3.017988e+02	2.258352e+01	2020	9	21	6
	2342	1234	149.343407	25.734339	9.786366e+04	2.866145e+01	1.085457e+05	1.079508e+05	5.764438e+04	5.595212e+04	3.018261e+02	2.367487e+01	2020	9	21	12
	2338	1238	148.780907	26.109339	9.773091e+04	2.734812e+01	1.082941e+05	1.077658e+05	5.736335e+04	5.577988e+04	3.017189e+02	1.970995e+01	2020	9	21	18
	2337	1237	148.640283	26.015589	9.791593e+04	2.596346e+01	1.084766e+05	1.079055e+05	5.746791e+04	5.591459e+04	3.015991e+02	2.172463e+01	2020	9	22	0
	2336	1243	148.499658	26.578088	9.773513e+04	2.474595e+01	1.082746e+05	1.077115e+05	5.731072e+04	5.575048e+04	3.015196e+02	2.087132e+01	2020	9	22	6
	2341	1242	149.202782	26.484338	9.790458e+04	2.464238e+01	1.084263e+05	1.078038e+05	5.746208e+04	5.591483e+04	3.009861e+02	1.819728e+01	2020	9	22	12
	2341	1247	149.202782	26.953088	9.784410e+04	2.259332e+01	1.081413e+05	1.074016e+05	5.719443e+04	5.578599e+04	3.008562e+02	1.813723e+01	2020	9	22	18
	2350	1244	150.468406	26.671838	9.806680e+04	2.141296e+01	1.082816e+05	1.075498e+05	5.733766e+04	5.596459e+04	3.007626e+02	2.038594e+01	2020	9	23	0
	2349	1253	150.327781	27.515587	9.783688e+04	2.236870e+01	1.079909e+05	1.074716e+05	5.704154e+04	5.576687e+04	3.007303e+02	1.947813e+01	2020	9	23	6
	2354	1255	151.030905	27.703087	9.802409e+04	2.410378e+01	1.080485e+05	1.076656e+05	5.713530e+04	5.587515e+04	3.006385e+02	1.387410e+01	2020	9	23	12
	2352	1258	150.749655	27.984336	9.805209e+04	1.993114e+01	1.079010e+05	1.075000e+05	5.699753e+04	5.583692e+04	3.006752e+02	1.153761e+01	2020	9	23	18
	2353	1260	150.890280	28.171836	9.833763e+04	2.175523e+01	1.081529e+05	1.077725e+05	5.725753e+04	5.610484e+04	3.006523e+02	8.599093e+00	2020	9	24	0
	2352	1266	150.749655	28.734335	9.838010e+04	1.978060e+01	1.081972e+05	1.078059e+05	5.725265e+04	5.618726e+04	3.007385e+02	7.398286e+00	2020	9	24	6
	2350	1273	150.468406	29.390584	9.874270e+04	2.133434e+01	1.083920e+05	1.079836e+05	5.753137e+04	5.645770e+04	3.008398e+02	1.263478e+01	2020	9	24	12
	2345	1285	149.765281	30.515583	9.873857e+04	2.053350e+01	1.083061e+05	1.078646e+05	5.752736e+04	5.641775e+04	3.011131e+02	1.383332e+01	2020	9	24	18
	2337	1300	148.640283	31.921831	9.898026e+04	2.175750e+01	1.084708e+05	1.080026e+05	5.770492e+04	5.665438e+04	3.014963e+02	1.430826e+01	2020	9	25	0
	2331	1310	147.796533	32.859329	9.888542e+04	2.267415e+01	1.084809e+05	1.077884e+05	5.765401e+04	5.658355e+04	3.015637e+02	1.715208e+01	2020	9	25	6
	2326	1334	147.093409	35.109326	9.897209e+04	2.485175e+01	1.085699e+05	1.074645e+05	5.781894e+04	5.673748e+04	3.018163e+02	2.664829e+01	2020	9	25	12
	2325	1345	146.952784	36.140575	9.870340e+04	2.605260e+01	1.085036e+05	1.069674e+05	5.774711e+04	5.648372e+04	3.015143e+02	2.728932e+01	2020	9	25	18
	2324	1386	146.812159	39.984319	9.862961e+04	2.569723e+01	1.085590e+05	1.060862e+05	5.782799e+04	5.631238e+04	3.001930e+02	3.276773e+01	2020	9	26	0
	2332	1401	147.937158	41.390567	9.788527e+04	2.648496e+01	1.085286e+05	1.057504e+05	5.786430e+04	5.596862e+04	2.993128e+02	2.968060e+01	2020	9	26	6
	2340	1435	149.062157	44.578063	9.841163e+04	2.519623e+01	1.085214e+05	1.046796e+05	5.787959e+04	5.554088e+04	9.999000e+03	2.791256e+01	2020	9	26	12
	2356	1468	151.312155	47.671809	9.852453e+04	2.339662e+01	1.082066e+05	1.035784e+05	5.767078e+04	5.488897e+04	9.999000e+03	1.851643e+01	2020	9	26	18
	2387	1509	155.671525	51.515553	9.882830e+04	1.978152e+01	1.078705e+05	1.028042e+05	5.745182e+04	5.436956e+04	9.999000e+03	1.489517e+01	2020	9	27	0
start	16	2020	9	15	6
	17	1231	-177.609377	25.453090	9.854767e+04	2.529991e+01	1.083353e+05	1.073333e+05	5.739533e+04	5.628384e+04	3.016840e+02	2.789485e+01	2020	9	15	6
	21	1229	-177.046878	25.265590	9.852264e+04	2.305727e+01	1.084088e+05	1.072444e+05	5.742923e+04	5.616209e+04	3.015241e+02	2.178396e+01	2020	9	15	12
	26	1234	-176.343754	25.734339	9.855041e+04	1.958164e+01	1.083006e+05	1.071672e+05	5.736742e+04	5.615198e+04	3.013558e+02	1.716912e+01	2020	9	15	18
	31	1236	-175.640630	25.921839	9.862942e+04	1.946124e+01	1.083749e+05	1.072354e+05	5.744340e+04	5.620077e+04	3.013360e+02	1.589661e+01	2020	9	16	0
	34	1239	-175.218755	26.203089	9.867203e+04	2.035995e+01	1.083152e+05	1.070928e+05	5.747975e+04	5.624554e+04	3.010888e+02	1.618280e+01	2020	9	16	6
	41	1245	-174.234381	26.765588	9.872945e+04	2.031867e+01	1.082561e+05	1.069786e+05	5.749520e+04	5.620768e+04	3.008536e+02	2.238079e+01	2020	9	16	12
	41	1252	-174.234381	27.421837	9.851692e+04	2.017689e+01	1.081280e+05	1.069701e+05	5.742125e+04	5.597109e+04	3.006191e+02	2.403466e+01	2020	9	16	18
	46	1261	-173.531257	28.265586	9.820837e+04	2.243176e+01	1.079620e+05	1.068362e+05	5.740484e+04	5.572472e+04	3.007432e+02	2.288605e+01	2020	9	17	0
	48	1267	-173.250007	28.828085	9.802149e+04	2.535612e+01	1.078562e+05	1.068102e+05	5.739541e+04	5.563656e+04	3.005548e+02	1.908615e+01	2020	9	17	6
	52	1280	-172.687508	30.046833	9.803091e+04	2.587517e+01	1.077331e+05	1.067576e+05	5.729548e+04	5.561679e+04	2.997241e+02	1.852569e+01	2020	9	17	12
	57	1286	-171.984383	30.609332	9.808904e+04	2.405311e+01	1.078157e+05	1.067265e+05	5.730573e+04	5.566443e+04	2.995467e+02	1.225095e+01	2020	9	17	18
	63	1299	-171.140634	31.828081	9.822257e+04	2.329325e+01	1.078740e+05	1.063148e+05	5.731135e+04	5.573230e+04	2.994387e+02	1.165292e+01	2020	9	18	0
	74	1320	-169.593761	33.796828	9.834319e+04	2.375676e+01	1.080067e+05	1.055666e+05	5.748859e+04	5.586500e+04	2.991870e+02	1.612631e+01	2020	9	18	6
	82	1348	-168.468762	36.421824	9.832254e+04	2.424454e+01	1.079661e+05	1.045382e+05	5.746498e+04	5.550461e+04	2.984556e+02	2.192473e+01	2020	9	18	12
	93	1383	-166.921889	39.703070	9.825256e+04	2.498488e+01	1.080135e+05	1.039433e+05	5.760434e+04	5.527659e+04	2.969016e+02	1.974085e+01	2020	9	18	18
	106	1427	-165.093766	43.828064	9.833456e+04	2.316615e+01	1.080157e+05	1.034692e+05	5.764520e+04	5.506009e+04	2.936654e+02	1.385884e+01	2020	9	19	0
start	33	2020	9	18	12
	959	1097	-45.140766	12.890607	1.011881e+05	1.144791e+01	1.081600e+05	1.079684e+05	5.801861e+04	5.775162e+04	3.030942e+02	1.990233e+01	2020	9	18	12
	950	1099	-46.406389	13.078107	1.008988e+05	1.175074e+01	1.079700e+05	1.077941e+05	5.782875e+04	5.748550e+04	3.033920e+02	1.800571e+01	2020	9	18	18
	945	1103	-47.109513	13.453106	1.010514e+05	1.228010e+01	1.080792e+05	1.079280e+05	5.798710e+04	5.762674e+04	3.034185e+02	1.577592e+01	2020	9	19	0
	939	1109	-47.953263	14.015606	1.006856e+05	1.557874e+01	1.078152e+05	1.076828e+05	5.778496e+04	5.737205e+04	3.032301e+02	1.685695e+01	2020	9	19	6
	930	1119	-49.218886	14.953104	1.008744e+05	1.807218e+01	1.080310e+05	1.078595e+05	5.799089e+04	5.757364e+04	3.031287e+02	1.503411e+01	2020	9	19	12
	926	1127	-49.781386	15.703103	1.005399e+05	1.873534e+01	1.078345e+05	1.076238e+05	5.782848e+04	5.732945e+04	3.033943e+02	1.713633e+01	2020	9	19	18
	920	1134	-50.625135	16.359352	1.006145e+05	1.954166e+01	1.078689e+05	1.076774e+05	5.795409e+04	5.739674e+04	3.032397e+02	1.668581e+01	2020	9	20	0
	916	1141	-51.187634	17.015601	1.002083e+05	2.191378e+01	1.076510e+05	1.074342e+05	5.773267e+04	5.699770e+04	3.030101e+02	2.148714e+01	2020	9	20	6
	913	1152	-51.609509	18.046850	1.002594e+05	2.337066e+01	1.078643e+05	1.075224e+05	5.791841e+04	5.720384e+04	3.027115e+02	2.483600e+01	2020	9	20	12
	913	1165	-51.609509	19.265598	9.980908e+04	2.733782e+01	1.076896e+05	1.072850e+05	5.774956e+04	5.691294e+04	3.026175e+02	2.553695e+01	2020	9	20	18
	913	1177	-51.609509	20.390597	9.944431e+04	3.020227e+01	1.078504e+05	1.072156e+05	5.790309e+04	5.679986e+04	3.024070e+02	2.473603e+01	2020	9	21	0
	914	1189	-51.468884	21.515595	9.915856e+04	2.773203e+01	1.077228e+05	1.067477e+05	5.774410e+04	5.664129e+04	3.019017e+02	2.700175e+01	2020	9	21	6
	918	1204	-50.906385	22.921843	9.869276e+04	3.378596e+01	1.079721e+05	1.066546e+05	5.802238e+04	5.678552e+04	3.015391e+02	2.302973e+01	2020	9	21	12
	921	1222	-50.484510	24.609341	9.904269e+04	3.096063e+01	1.079209e+05	1.063935e+05	5.795007e+04	5.690866e+04	3.009855e+02	1.853806e+01	2020	9	21	18
	923	1240	-50.203260	26.296838	9.953238e+04	2.886457e+01	1.081469e+05	1.062661e+05	5.815470e+04	5.714322e+04	3.011276e+02	2.100930e+01	2020	9	22	0
	927	1260	-49.640761	28.171836	9.934347e+04	2.805298e+01	1.079560e+05	1.061368e+05	5.805277e+04	5.690685e+04	3.011888e+02	2.281059e+01	2020	9	22	6
	926	1282	-49.781386	30.234333	9.936927e+04	2.674246e+01	1.081234e+05	1.063167e+05	5.818812e+04	5.647635e+04	3.009073e+02	2.032769e+01	2020	9	22	12
	926	1307	-49.781386	32.578080	9.876196e+04	3.046275e+01	1.079264e+05	1.064789e+05	5.807241e+04	5.604448e+04	3.003838e+02	1.629491e+01	2020	9	22	18
	925	1331	-49.922011	34.828077	9.881309e+04	2.726866e+01	1.079101e+05	1.064117e+05	5.815980e+04	5.609400e+04	3.001282e+02	1.485382e+01	2020	9	23	0
	924	1357	-50.062635	37.265573	9.857041e+04	2.803022e+01	1.075462e+05	1.058402e+05	5.796159e+04	5.599736e+04	2.986349e+02	1.246121e+01	2020	9	23	6
	926	1381	-49.781386	39.515570	9.881866e+04	2.911815e+01	1.076386e+05	1.057183e+05	5.803864e+04	5.608908e+04	2.983767e+02	9.112430e+00	2020	9	23	12
	930	1405	-49.218886	41.765567	9.892614e+04	2.586296e+01	1.074953e+05	1.054801e+05	5.789922e+04	5.612841e+04	2.969980e+02	7.587112e+00	2020	9	23	18
	941	1426	-47.672013	43.734314	9.937171e+04	2.452444e+01	1.074824e+05	1.052561e+05	5.786647e+04	5.621454e+04	2.957982e+02	6.829528e+00	2020	9	24	0
	953	1445	-45.984515	45.515562	9.958033e+04	2.003590e+01	1.071366e+05	1.046762e+05	5.761572e+04	5.589669e+04	2.939075e+02	6.507512e+00	2020	9	24	6
	972	1462	-43.312642	47.109310	9.999785e+04	1.866631e+01	1.071151e+05	1.044437e+05	5.764992e+04	5.591016e+04	2.915806e+02	7.874972e+00	2020	9	24	12
	990	1478	-40.781395	48.609307	1.000675e+05	1.633782e+01	1.068984e+05	1.043760e+05	5.748433e+04	5.584485e+04	2.898248e+02	1.004309e+01	2020	9	24	18
	1008	1488	-38.250148	49.546806	1.002283e+05	1.651839e+01	1.067395e+05	1.044517e+05	5.744302e+04	5.595577e+04	2.885615e+02	8.742590e+00	2020	9	25	0
	1023	1497	-36.140775	50.390555	1.001757e+05	1.741507e+01	1.062653e+05	1.041785e+05	5.713244e+04	5.576933e+04	2.875678e+02	6.233126e+00	2020	9	25	6
	1035	1499	-34.453277	50.578055	1.003160e+05	1.605887e+01	1.060975e+05	1.039370e+05	5.712696e+04	5.566466e+04	2.889576e+02	2.831012e+00	2020	9	25	12
	1046	1501	-32.906403	50.765554	1.002965e+05	1.530650e+01	1.057377e+05	1.037262e+05	5.690759e+04	5.545649e+04	2.891321e+02	1.746393e+00	2020	9	25	18
	1053	1499	-31.922029	50.578055	1.005002e+05	1.499566e+01	1.053951e+05	1.039046e+05	5.687537e+04	5.533673e+04	2.890891e+02	1.222678e+00	2020	9	26	0
	1063	1492	-30.515781	49.921806	1.006782e+05	1.562679e+01	1.055580e+05	1.039233e+05	5.690146e+04	5.541762e+04	2.907072e+02	8.438699e-01	2020	9	26	6
	1075	1481	-28.828283	48.890557	1.011531e+05	1.458426e+01	1.062396e+05	1.041774e+05	5.728828e+04	5.585583e+04	2.907439e+02	5.780467e-01	2020	9	26	12
start	15	2020	10	6	18
	2105	1134	116.015317	16.359352	1.005734e+05	1.234973e+01	1.083158e+05	1.080621e+05	5.792554e+04	5.734374e+04	3.035274e+02	1.669467e+01	2020	10	6	18
	2103	1134	115.734067	16.359352	1.006519e+05	1.323348e+01	1.083939e+05	1.081616e+05	5.796602e+04	5.744949e+04	3.034473e+02	1.728519e+01	2020	10	7	0
	2098	1135	115.030943	16.453102	1.004408e+05	1.336882e+01	1.082842e+05	1.079888e+05	5.786421e+04	5.720055e+04	3.035133e+02	1.312043e+01	2020	10	7	6
	2091	1137	114.046569	16.640602	1.004632e+05	1.529869e+01	1.083526e+05	1.081008e+05	5.797684e+04	5.723414e+04	3.034549e+02	1.570223e+01	2020	10	7	12
	2083	1135	112.921570	16.453102	1.002195e+05	1.594362e+01	1.082854e+05	1.080186e+05	5.789076e+04	5.714525e+04	3.033167e+02	2.696976e+01	2020	10	7	18
	2076	1134	111.937196	16.359352	1.001583e+05	1.642189e+01	1.083259e+05	1.080773e+05	5.793900e+04	5.718294e+04	3.030621e+02	2.251534e+01	2020	10	8	0
	2068	1133	110.812197	16.265602	9.986642e+04	1.807308e+01	1.082188e+05	1.078805e+05	5.783243e+04	5.700203e+04	3.027835e+02	1.996561e+01	2020	10	8	6
	2063	1134	110.109073	16.359352	9.962652e+04	2.362984e+01	1.083329e+05	1.078790e+05	5.792209e+04	5.693386e+04	9.999000e+03	1.775502e+01	2020	10	8	12
	2054	1132	108.843449	16.171853	9.951541e+04	2.531232e+01	1.082434e+05	1.078190e+05	5.785566e+04	5.684499e+04	9.999000e+03	2.617001e+01	2020	10	8	18
	2047	1134	107.859075	16.359352	9.964234e+04	2.572385e+01	1.082792e+05	1.077698e+05	5.788556e+04	5.682230e+04	9.999000e+03	2.011393e+01	2020	10	9	0
	2041	1137	107.015326	16.640602	1.000677e+05	1.897585e+01	1.082080e+05	1.077792e+05	5.786477e+04	5.691694e+04	9.999000e+03	2.205220e+01	2020	10	9	6
	2032	1134	105.749702	16.359352	1.001688e+05	1.470434e+01	1.083029e+05	1.079217e+05	5.794666e+04	5.709511e+04	9.999000e+03	1.627094e+01	2020	10	9	12
	2023	1135	104.484079	16.453102	1.003425e+05	1.063637e+01	1.082645e+05	1.079500e+05	5.788392e+04	5.720785e+04	9.999000e+03	1.934151e+01	2020	10	9	18
	2014	1137	103.218455	16.640602	1.005025e+05	1.173737e+01	1.082645e+05	1.080047e+05	5.789717e+04	5.733662e+04	9.999000e+03	2.155627e+01	2020	10	10	0
	2006	1140	102.093456	16.921851	1.006048e+05	1.066658e+01	1.082887e+05	1.080885e+05	5.789034e+04	5.741553e+04	9.999000e+03	2.110755e+01	2020	10	10	6
start	11	2020	10	9	18
	1739	872	64.546620	-8.203114	1.009262e+05	1.709107e+01	1.080387e+05	1.078648e+05	5.785164e+04	5.760514e+04	3.012783e+02	1.580574e+01	2020	10	9	18
	1736	875	64.124746	-7.921864	1.006660e+05	1.553998e+01	1.078044e+05	1.076110e+05	5.760189e+04	5.736461e+04	3.012916e+02	1.418790e+01	2020	10	10	0
	1728	865	62.999747	-8.859363	1.008896e+05	1.695543e+01	1.081152e+05	1.079038e+05	5.782250e+04	5.752852e+04	3.007900e+02	1.275789e+01	2020	10	10	6
	1715	869	61.171624	-8.484363	1.005724e+05	1.739129e+01	1.078826e+05	1.077059e+05	5.766914e+04	5.727845e+04	3.012062e+02	1.356914e+01	2020	10	10	12
	1713	866	60.890374	-8.765613	1.009095e+05	1.802992e+01	1.080724e+05	1.078859e+05	5.788855e+04	5.747173e+04	3.009007e+02	1.442635e+01	2020	10	10	18
	1703	865	59.484125	-8.859363	1.003691e+05	1.830846e+01	1.077705e+05	1.076046e+05	5.762562e+04	5.716094e+04	3.008983e+02	9.983024e+00	2020	10	11	0
	1696	870	58.499751	-8.390613	1.006742e+05	1.711176e+01	1.080582e+05	1.079039e+05	5.793378e+04	5.740194e+04	3.013003e+02	8.187890e+00	2020	10	11	6
	1688	870	57.374753	-8.390613	1.003409e+05	1.846176e+01	1.078538e+05	1.076072e+05	5.773759e+04	5.721502e+04	3.017105e+02	1.068669e+01	2020	10	11	12
	1683	872	56.671628	-8.203114	1.006795e+05	1.730601e+01	1.079931e+05	1.078589e+05	5.790607e+04	5.760328e+04	3.015613e+02	1.889216e+01	2020	10	11	18
	1676	873	55.687254	-8.109364	1.004405e+05	1.779086e+01	1.077929e+05	1.075573e+05	5.762029e+04	5.732729e+04	3.015777e+02	1.598585e+01	2020	10	12	0
	1668	876	54.562256	-7.828114	1.007091e+05	1.888209e+01	1.080552e+05	1.078911e+05	5.786653e+04	5.756499e+04	3.017584e+02	1.108963e+01	2020	10	12	6
start	11	2020	10	12	6
	492	1114	-110.812572	14.484355	1.004257e+05	1.502512e+01	1.081040e+05	1.075853e+05	5.773202e+04	5.717805e+04	3.031365e+02	2.517831e+01	2020	10	12	6
	501	1119	-109.546948	14.953104	1.000667e+05	1.608362e+01	1.079256e+05	1.073760e+05	5.748192e+04	5.694721e+04	3.029255e+02	2.356238e+01	2020	10	12	12
	509	1123	-108.421950	15.328104	1.002036e+05	1.688375e+01	1.081308e+05	1.076938e+05	5.773758e+04	5.717772e+04	3.028947e+02	2.514991e+01	2020	10	12	18
	519	1130	-107.015701	15.984353	9.986307e+04	1.716249e+01	1.079460e+05	1.075426e+05	5.747088e+04	5.694728e+04	3.032671e+02	2.999220e+01	2020	10	13	0
	524	1135	-106.312577	16.453102	9.995917e+04	1.837444e+01	1.081872e+05	1.077873e+05	5.771323e+04	5.706895e+04	3.033501e+02	3.553474e+01	2020	10	13	6
	530	1139	-105.468828	16.828102	9.962117e+04	2.042603e+01	1.079951e+05	1.076414e+05	5.748594e+04	5.680663e+04	3.036817e+02	3.209966e+01	2020	10	13	12
	534	1145	-104.906328	17.390601	9.969764e+04	1.816377e+01	1.081425e+05	1.078325e+05	5.763516e+04	5.684446e+04	9.999000e+03	3.089704e+01	2020	10	13	18
	537	1147	-104.484454	17.578101	9.937384e+04	2.035002e+01	1.079927e+05	1.075778e+05	5.742647e+04	5.650067e+04	9.999000e+03	3.347463e+01	2020	10	14	0
	540	1149	-104.062579	17.765600	9.943162e+04	2.412694e+01	1.081105e+05	1.075736e+05	5.759285e+04	5.649562e+04	9.999000e+03	4.447788e+01	2020	10	14	6
	547	1148	-103.078205	17.671850	9.932012e+04	2.502406e+01	1.079537e+05	1.074576e+05	5.742151e+04	5.642537e+04	9.999000e+03	4.584940e+01	2020	10	14	12
	550	1151	-102.656331	17.953100	9.991720e+04	1.983082e+01	1.081296e+05	1.075474e+05	5.757283e+04	5.683640e+04	9.999000e+03	4.122018e+01	2020	10	14	18
start	28	2020	10	15	12
	2476	1135	168.187137	16.453102	1.006206e+05	1.114960e+01	1.083230e+05	1.080409e+05	5.786159e+04	5.752035e+04	3.034108e+02	2.421879e+01	2020	10	15	12
	2481	1130	168.890261	15.984353	1.004392e+05	1.253430e+01	1.081907e+05	1.079609e+05	5.776541e+04	5.734669e+04	3.033181e+02	3.012326e+01	2020	10	15	18
	2481	1140	168.890261	16.921851	1.005078e+05	1.258148e+01	1.083160e+05	1.080702e+05	5.782085e+04	5.736796e+04	3.030940e+02	3.426617e+01	2020	10	16	0
	2479	1144	168.609012	17.296851	1.002974e+05	1.401786e+01	1.082683e+05	1.079941e+05	5.771575e+04	5.720876e+04	3.032111e+02	3.586494e+01	2020	10	16	6
	2483	1152	169.171511	18.046850	1.003604e+05	1.687812e+01	1.082552e+05	1.079428e+05	5.781025e+04	5.720075e+04	3.029975e+02	3.836108e+01	2020	10	16	12
	2482	1151	169.030886	17.953100	1.001857e+05	2.073706e+01	1.081207e+05	1.078792e+05	5.772566e+04	5.712375e+04	3.029384e+02	3.687475e+01	2020	10	16	18
	2475	1151	168.046512	17.953100	1.001703e+05	2.154395e+01	1.082432e+05	1.080061e+05	5.797441e+04	5.720267e+04	3.030123e+02	3.133417e+01	2020	10	17	0
	2474	1154	167.905887	18.234350	1.000054e+05	2.123911e+01	1.081704e+05	1.079323e+05	5.790288e+04	5.715338e+04	3.030232e+02	2.931762e+01	2020	10	17	6
	2470	1155	167.343388	18.328100	9.992077e+04	2.174244e+01	1.082683e+05	1.080028e+05	5.800168e+04	5.717594e+04	3.029306e+02	2.960019e+01	2020	10	17	12
	2465	1162	166.640264	18.984349	9.963937e+04	2.138161e+01	1.081378e+05	1.077884e+05	5.791411e+04	5.689058e+04	3.028229e+02	2.038178e+01	2020	10	17	18
	2457	1164	165.515265	19.171848	9.964610e+04	2.210621e+01	1.082813e+05	1.080027e+05	5.806183e+04	5.697977e+04	3.025597e+02	1.999999e+01	2020	10	18	0
	2452	1168	164.812141	19.546848	9.952903e+04	2.173045e+01	1.082609e+05	1.079337e+05	5.799373e+04	5.686275e+04	3.025079e+02	2.174393e+01	2020	10	18	6
	2446	1176	163.968392	20.296847	9.954823e+04	2.497267e+01	1.083500e+05	1.080443e+05	5.808866e+04	5.690259e+04	3.024842e+02	2.386866e+01	2020	10	18	12
	2440	1181	163.124642	20.765596	9.928653e+04	2.411668e+01	1.082370e+05	1.077933e+05	5.800126e+04	5.665432e+04	3.023202e+02	1.971786e+01	2020	10	18	18
	2435	1186	162.421518	21.234345	9.935621e+04	2.559896e+01	1.083797e+05	1.078958e+05	5.807882e+04	5.674232e+04	3.019779e+02	1.959414e+01	2020	10	19	0
	2432	1193	161.999644	21.890595	9.913562e+04	2.573298e+01	1.083180e+05	1.076938e+05	5.797601e+04	5.648201e+04	3.014772e+02	2.177096e+01	2020	10	19	6
	2429	1201	161.577769	22.640594	9.912435e+04	2.747791e+01	1.083660e+05	1.077520e+05	5.803144e+04	5.655908e+04	3.010073e+02	2.496125e+01	2020	10	19	12
	2428	1208	161.437144	23.296843	9.884677e+04	2.767940e+01	1.081907e+05	1.074679e+05	5.791236e+04	5.618662e+04	3.006543e+02	1.822380e+01	2020	10	19	18
	2428	1216	161.437144	24.046842	9.867373e+04	2.994520e+01	1.083247e+05	1.075440e+05	5.804006e+04	5.619471e+04	3.002906e+02	1.617345e+01	2020	10	20	0
	2430	1224	161.718394	24.796841	9.819704e+04	3.284797e+01	1.082504e+05	1.073923e+05	5.799588e+04	5.604199e+04	3.000350e+02	1.488446e+01	2020	10	20	6
	2434	1234	162.280893	25.734339	9.827841e+04	3.279160e+01	1.082547e+05	1.072250e+05	5.806104e+04	5.617751e+04	2.998287e+02	1.984712e+01	2020	10	20	12
	2440	1243	163.124642	26.578088	9.811374e+04	3.166432e+01	1.080990e+05	1.069637e+05	5.791854e+04	5.605532e+04	2.992919e+02	1.881148e+01	2020	10	20	18
	2450	1261	164.530891	28.265586	9.814884e+04	3.397196e+01	1.081582e+05	1.065687e+05	5.803461e+04	5.620455e+04	2.988627e+02	1.747637e+01	2020	10	21	0
	2461	1274	166.077764	29.484334	9.844062e+04	3.079887e+01	1.080388e+05	1.061537e+05	5.796412e+04	5.631380e+04	2.986467e+02	1.669205e+01	2020	10	21	6
	2475	1288	168.046512	30.796832	9.865419e+04	2.669203e+01	1.079995e+05	1.057635e+05	5.796095e+04	5.631090e+04	2.981196e+02	2.089403e+01	2020	10	21	12
	2494	1306	170.718385	32.484330	9.886508e+04	3.137060e+01	1.077945e+05	1.052990e+05	5.783934e+04	5.606277e+04	2.966684e+02	1.788063e+01	2020	10	21	18
	2516	1330	173.812131	34.734327	9.918780e+04	2.809155e+01	1.076560e+05	1.046661e+05	5.781720e+04	5.587869e+04	2.957423e+02	1.065020e+01	2020	10	22	0
	2536	1346	176.624628	36.234325	9.964630e+04	2.146736e+01	1.075106e+05	1.042306e+05	5.775228e+04	5.575489e+04	2.947639e+02	6.129691e+00	2020	10	22	6
start	31	2020	10	26	6
	615	1078	-93.515715	11.109360	1.008332e+05	1.414726e+01	1.077897e+05	1.076679e+05	5.767088e+04	5.743103e+04	3.025612e+02	2.218295e+01	2020	10	26	6
	612	1091	-93.937590	12.328108	1.006685e+05	1.246052e+01	1.076813e+05	1.075182e+05	5.761223e+04	5.728320e+04	3.029279e+02	1.829759e+01	2020	10	26	12
	604	1083	-95.062589	11.578109	1.008058e+05	1.444583e+01	1.078475e+05	1.077313e+05	5.771570e+04	5.740404e+04	3.025199e+02	1.590747e+01	2020	10	26	18
	606	1085	-94.781339	11.765609	1.005971e+05	1.425259e+01	1.077648e+05	1.075959e+05	5.759049e+04	5.726682e+04	3.024812e+02	1.781131e+01	2020	10	27	0
	603	1090	-95.203213	12.234358	1.007544e+05	1.364697e+01	1.078553e+05	1.076879e+05	5.770981e+04	5.734649e+04	3.030659e+02	2.915841e+01	2020	10	27	6
	600	1087	-95.625088	11.953108	1.005154e+05	1.391638e+01	1.077369e+05	1.075213e+05	5.763102e+04	5.715897e+04	3.030664e+02	2.593033e+01	2020	10	27	12
	590	1090	-97.031336	12.234358	1.006475e+05	1.500292e+01	1.078780e+05	1.076902e+05	5.775671e+04	5.721377e+04	3.031424e+02	2.175313e+01	2020	10	27	18
	587	1095	-97.453211	12.703107	1.003949e+05	1.525544e+01	1.078156e+05	1.075836e+05	5.766633e+04	5.705403e+04	3.034559e+02	2.055584e+01	2020	10	28	0
	584	1095	-97.875086	12.703107	1.004081e+05	1.648541e+01	1.079040e+05	1.076414e+05	5.774149e+04	5.702167e+04	3.034170e+02	2.993390e+01	2020	10	28	6
	580	1100	-98.437585	13.171857	1.001360e+05	1.763782e+01	1.078409e+05	1.074312e+05	5.765755e+04	5.696008e+04	3.034341e+02	2.409625e+01	2020	10	28	12
	578	1105	-98.718835	13.640606	1.002317e+05	1.837687e+01	1.079607e+05	1.076116e+05	5.775632e+04	5.710881e+04	3.037802e+02	1.913793e+01	2020	10	28	18
	574	1111	-99.281334	14.203105	9.992321e+04	1.876744e+01	1.078416e+05	1.075103e+05	5.764696e+04	5.693127e+04	3.039427e+02	1.761336e+01	2020	10	29	0
	571	1119	-99.703209	14.953104	9.988701e+04	2.144967e+01	1.079535e+05	1.076695e+05	5.774553e+04	5.702181e+04	9.999000e+03	2.175793e+01	2020	10	29	6
	565	1119	-100.546958	14.953104	9.955905e+04	2.579688e+01	1.078344e+05	1.074358e+05	5.767675e+04	5.679171e+04	9.999000e+03	2.207958e+01	2020	10	29	12
	559	1125	-101.390707	15.515603	9.944010e+04	2.676572e+01	1.080189e+05	1.077082e+05	5.784460e+04	5.693032e+04	9.999000e+03	1.980089e+01	2020	10	29	18
	552	1130	-102.375081	15.984353	9.934256e+04	2.501733e+01	1.079552e+05	1.075789e+05	5.776767e+04	5.708602e+04	9.999000e+03	1.439336e+01	2020	10	30	0
	546	1134	-103.218830	16.359352	9.893081e+04	3.032866e+01	1.080734e+05	1.077717e+05	5.791648e+04	5.699015e+04	9.999000e+03	1.971547e+01	2020	10	30	6
	539	1140	-104.203204	16.921851	9.878587e+04	2.760250e+01	1.079113e+05	1.075988e+05	5.778846e+04	5.698059e+04	9.999000e+03	1.574656e+01	2020	10	30	12
	531	1144	-105.328203	17.296851	9.915380e+04	2.716804e+01	1.081412e+05	1.078863e+05	5.806391e+04	5.709116e+04	9.999000e+03	1.175233e+01	2020	10	30	18
	525	1149	-106.171952	17.765600	9.893442e+04	2.801124e+01	1.080454e+05	1.077645e+05	5.795516e+04	5.684613e+04	9.999000e+03	8.961649e+00	2020	10	31	0
	517	1154	-107.296951	18.234350	9.903916e+04	2.960809e+01	1.082383e+05	1.078366e+05	5.818384e+04	5.677280e+04	3.029478e+02	9.079870e+00	2020	10	31	6
	511	1159	-108.140700	18.703099	9.872645e+04	3.138533e+01	1.080888e+05	1.075130e+05	5.805499e+04	5.645486e+04	3.028324e+02	7.416527e+00	2020	10	31	12
	505	1163	-108.984449	19.078098	9.903888e+04	2.778544e+01	1.082794e+05	1.076143e+05	5.823962e+04	5.677030e+04	9.999000e+03	5.985698e+00	2020	10	31	18
	497	1167	-110.109448	19.453098	9.902738e+04	2.833997e+01	1.081456e+05	1.077501e+05	5.805055e+04	5.684683e+04	9.999000e+03	4.776141e+00	2020	11	1	0
	490	1171	-111.093822	19.828097	9.917923e+04	2.886494e+01	1.082404e+05	1.078715e+05	5.813964e+04	5.684953e+04	9.999000e+03	4.302150e+00	2020	11	1	6
	484	1179	-111.937571	20.578096	9.916955e+04	2.749451e+01	1.080230e+05	1.076276e+05	5.796494e+04	5.685421e+04	3.017115e+02	4.386993e+00	2020	11	1	12
	478	1185	-112.781320	21.140596	9.950528e+04	2.728343e+01	1.082192e+05	1.077684e+05	5.809452e+04	5.732296e+04	3.017373e+02	2.465358e+00	2020	11	1	18
	473	1194	-113.484444	21.984344	9.962485e+04	2.127642e+01	1.080144e+05	1.074501e+05	5.793388e+04	5.737340e+04	3.015085e+02	2.930618e+00	2020	11	2	0
	471	1206	-113.765694	23.109343	9.954398e+04	2.391622e+01	1.081405e+05	1.073926e+05	5.804236e+04	5.730327e+04	3.015946e+02	2.641096e+00	2020	11	2	6
	470	1219	-113.906319	24.328091	9.987213e+04	2.150312e+01	1.079632e+05	1.068987e+05	5.789434e+04	5.721179e+04	9.999000e+03	3.373791e+00	2020	11	2	12
	470	1236	-113.906319	25.921839	1.004557e+05	2.001721e+01	1.081789e+05	1.067546e+05	5.814915e+04	5.717051e+04	9.999000e+03	5.100389e+00	2020	11	2	18
start	24	2020	11	8	6
	501	1114	-109.546948	14.484355	1.010141e+05	9.900040e+00	1.080012e+05	1.078203e+05	5.783152e+04	5.752789e+04	3.027394e+02	1.751077e+01	2020	11	8	6
	497	1119	-110.109448	14.953104	1.007284e+05	1.032773e+01	1.077595e+05	1.075818e+05	5.765104e+04	5.731615e+04	3.026617e+02	1.381826e+01	2020	11	8	12
	493	1121	-110.671947	15.140604	1.009606e+05	1.122661e+01	1.080224e+05	1.078825e+05	5.785809e+04	5.756378e+04	3.026365e+02	1.116902e+01	2020	11	8	18
	490	1124	-111.093822	15.421854	1.006491e+05	1.092863e+01	1.078677e+05	1.076925e+05	5.768189e+04	5.733521e+04	3.025889e+02	1.071425e+01	2020	11	9	0
	485	1125	-111.796946	15.515603	1.008676e+05	1.110950e+01	1.080629e+05	1.078162e+05	5.784252e+04	5.754255e+04	3.022444e+02	1.402444e+01	2020	11	9	6
	482	1128	-112.218821	15.796853	1.005776e+05	1.221513e+01	1.077424e+05	1.076015e+05	5.763726e+04	5.726132e+04	3.020613e+02	1.394137e+01	2020	11	9	12
	477	1126	-112.921945	15.609353	1.007911e+05	1.219442e+01	1.079581e+05	1.078478e+05	5.781875e+04	5.750185e+04	3.019531e+02	1.218732e+01	2020	11	9	18
	474	1128	-113.343819	15.796853	1.004403e+05	1.276970e+01	1.077594e+05	1.075912e+05	5.761277e+04	5.727754e+04	3.020293e+02	8.802567e+00	2020	11	10	0
	468	1126	-114.187569	15.609353	1.006620e+05	1.304194e+01	1.079372e+05	1.077800e+05	5.779501e+04	5.746115e+04	3.018817e+02	1.234443e+01	2020	11	10	6
	463	1126	-114.890693	15.609353	1.003872e+05	1.407515e+01	1.077313e+05	1.075775e+05	5.761140e+04	5.719037e+04	3.018756e+02	1.054538e+01	2020	11	10	12
	458	1126	-115.593817	15.609353	1.006463e+05	1.517950e+01	1.080101e+05	1.078536e+05	5.785627e+04	5.741082e+04	3.018964e+02	9.278354e+00	2020	11	10	18
	452	1124	-116.437566	15.421854	1.002991e+05	1.647705e+01	1.078343e+05	1.075990e+05	5.767834e+04	5.709588e+04	3.019035e+02	1.061714e+01	2020	11	11	0
	441	1121	-117.984440	15.140604	1.004749e+05	1.718729e+01	1.080369e+05	1.077519e+05	5.786217e+04	5.725932e+04	3.018220e+02	1.287693e+01	2020	11	11	6
	431	1120	-119.390688	15.046854	1.000817e+05	1.823927e+01	1.077863e+05	1.075187e+05	5.767375e+04	5.691648e+04	3.017719e+02	8.818855e+00	2020	11	11	12
	421	1118	-120.796937	14.859354	1.002780e+05	2.101611e+01	1.080727e+05	1.077813e+05	5.790879e+04	5.712948e+04	3.013823e+02	7.341004e+00	2020	11	11	18
	412	1117	-122.062560	14.765604	9.994393e+04	2.058771e+01	1.078761e+05	1.075179e+05	5.770361e+04	5.684994e+04	3.013617e+02	1.046645e+01	2020	11	12	0
	403	1113	-123.328184	14.390605	1.001092e+05	2.271490e+01	1.080616e+05	1.075590e+05	5.791746e+04	5.687280e+04	3.018528e+02	1.101546e+01	2020	11	12	6
	394	1110	-124.593808	14.109355	9.978662e+04	2.229146e+01	1.077750e+05	1.073559e+05	5.770037e+04	5.678103e+04	3.019101e+02	8.221565e+00	2020	11	12	12
	386	1108	-125.718807	13.921856	1.000703e+05	2.184110e+01	1.080352e+05	1.076407e+05	5.791905e+04	5.710824e+04	3.021223e+02	7.967045e+00	2020	11	12	18
	379	1106	-126.703181	13.734356	9.963920e+04	2.296290e+01	1.077765e+05	1.073026e+05	5.763270e+04	5.679817e+04	3.023506e+02	9.882456e+00	2020	11	13	0
	371	1102	-127.828179	13.359356	1.000241e+05	2.272374e+01	1.079840e+05	1.075713e+05	5.784864e+04	5.728971e+04	3.022968e+02	1.045015e+01	2020	11	13	6
	364	1102	-128.812553	13.359356	9.993201e+04	2.055392e+01	1.077213e+05	1.075307e+05	5.760067e+04	5.722919e+04	3.021920e+02	9.780984e+00	2020	11	13	12
	358	1099	-129.656302	13.078107	1.001938e+05	2.228756e+01	1.080179e+05	1.077477e+05	5.782950e+04	5.745134e+04	3.021514e+02	8.558929e+00	2020	11	13	18
	352	1099	-130.500052	13.078107	9.999922e+04	1.877831e+01	1.076410e+05	1.073628e+05	5.751473e+04	5.733207e+04	3.023988e+02	8.085609e+00	2020	11	14	0
start	34	2020	11	15	18
	1914	1068	89.155970	10.171861	1.004767e+05	1.123690e+01	1.080296e+05	1.078879e+05	5.757003e+04	5.731337e+04	3.029907e+02	2.648159e+01	2020	11	15	18
	1909	1079	88.452845	11.203109	1.003064e+05	1.214832e+01	1.079676e+05	1.076776e+05	5.749537e+04	5.717714e+04	3.027050e+02	3.054940e+01	2020	11	16	0
	1903	1076	87.609096	10.921860	1.003225e+05	1.252291e+01	1.080625e+05	1.078271e+05	5.752100e+04	5.716640e+04	3.028061e+02	2.644421e+01	2020	11	16	6
	1899	1084	87.046597	11.671859	1.002092e+05	1.292775e+01	1.079838e+05	1.077548e+05	5.748514e+04	5.713334e+04	3.027587e+02	2.734250e+01	2020	11	16	12
	1891	1085	85.921598	11.765609	1.003424e+05	1.500509e+01	1.080733e+05	1.078438e+05	5.760885e+04	5.727151e+04	3.024437e+02	3.163388e+01	2020	11	16	18
	1889	1083	85.640348	11.578109	1.001561e+05	1.372290e+01	1.080079e+05	1.077147e+05	5.748943e+04	5.714043e+04	3.023059e+02	2.725071e+01	2020	11	17	0
	1884	1087	84.937224	11.953108	1.002373e+05	1.532756e+01	1.080882e+05	1.078953e+05	5.764477e+04	5.725013e+04	3.022525e+02	2.807146e+01	2020	11	17	6
	1880	1081	84.374725	11.390609	1.000009e+05	1.611145e+01	1.080403e+05	1.077983e+05	5.748506e+04	5.710095e+04	3.023006e+02	2.684344e+01	2020	11	17	12
	1875	1080	83.671600	11.296859	1.000885e+05	1.606286e+01	1.080898e+05	1.078834e+05	5.761338e+04	5.722208e+04	3.021334e+02	2.487888e+01	2020	11	17	18
	1876	1073	83.812225	10.640610	9.986473e+04	1.569887e+01	1.079650e+05	1.077178e+05	5.744095e+04	5.699755e+04	3.022332e+02	2.447526e+01	2020	11	18	0
	1872	1071	83.249726	10.453110	9.991941e+04	1.657061e+01	1.080606e+05	1.078729e+05	5.759174e+04	5.708032e+04	3.021104e+02	2.239705e+01	2020	11	18	6
	1877	1070	83.952850	10.359361	9.967552e+04	1.854650e+01	1.079684e+05	1.077606e+05	5.744290e+04	5.700106e+04	3.023877e+02	1.866217e+01	2020	11	18	12
	1884	1071	84.937224	10.453110	9.984701e+04	1.733489e+01	1.080224e+05	1.078293e+05	5.753905e+04	5.715555e+04	3.023283e+02	2.444066e+01	2020	11	18	18
	1888	1077	85.499723	11.015610	9.962852e+04	1.726250e+01	1.078863e+05	1.076958e+05	5.739867e+04	5.697208e+04	3.019703e+02	3.140252e+01	2020	11	19	0
	1891	1082	85.921598	11.484359	9.964052e+04	1.606576e+01	1.079567e+05	1.077799e+05	5.746934e+04	5.702415e+04	3.019246e+02	3.436147e+01	2020	11	19	6
	1893	1087	86.202848	11.953108	9.946016e+04	1.652895e+01	1.078879e+05	1.076150e+05	5.735436e+04	5.685297e+04	3.018564e+02	3.098542e+01	2020	11	19	12
	1894	1093	86.343472	12.515608	9.955798e+04	1.745813e+01	1.079402e+05	1.077357e+05	5.741696e+04	5.692081e+04	3.018328e+02	3.395086e+01	2020	11	19	18
	1892	1098	86.062223	12.984357	9.935304e+04	1.784478e+01	1.078322e+05	1.076235e+05	5.731434e+04	5.674234e+04	3.017874e+02	3.576947e+01	2020	11	20	0
	1891	1097	85.921598	12.890607	9.939970e+04	1.883799e+01	1.079365e+05	1.076936e+05	5.744510e+04	5.674262e+04	3.017735e+02	3.009693e+01	2020	11	20	6
	1893	1092	86.202848	12.421858	9.926334e+04	1.903972e+01	1.079146e+05	1.076101e+05	5.738165e+04	5.664885e+04	3.017583e+02	2.705041e+01	2020	11	20	12
	1901	1091	87.327846	12.328108	9.936912e+04	1.668386e+01	1.080601e+05	1.077795e+05	5.750546e+04	5.679893e+04	3.017252e+02	3.127905e+01	2020	11	20	18
	1906	1097	88.030971	12.890607	9.929611e+04	1.908811e+01	1.079938e+05	1.077061e+05	5.750135e+04	5.676958e+04	3.016840e+02	3.029438e+01	2020	11	21	0
	1909	1108	88.452845	13.921856	9.929258e+04	1.923049e+01	1.081326e+05	1.078215e+05	5.755505e+04	5.678795e+04	3.016897e+02	2.731183e+01	2020	11	21	6
	1907	1114	88.171596	14.484355	9.912826e+04	1.923682e+01	1.080574e+05	1.077865e+05	5.752533e+04	5.668775e+04	3.016858e+02	2.740709e+01	2020	11	21	12
	1904	1117	87.749721	14.765604	9.917980e+04	1.994367e+01	1.081044e+05	1.078144e+05	5.755474e+04	5.672911e+04	3.016278e+02	2.642568e+01	2020	11	21	18
	1903	1123	87.609096	15.328104	9.905192e+04	2.099286e+01	1.080334e+05	1.076796e+05	5.749503e+04	5.662953e+04	3.014897e+02	2.271469e+01	2020	11	22	0
	1900	1129	87.187222	15.890603	9.917002e+04	1.964810e+01	1.081750e+05	1.078593e+05	5.763453e+04	5.671738e+04	3.014816e+02	1.913906e+01	2020	11	22	6
	1898	1137	86.905972	16.640602	9.907748e+04	2.008828e+01	1.081026e+05	1.077941e+05	5.760166e+04	5.661921e+04	3.014521e+02	1.989086e+01	2020	11	22	12
	1895	1142	86.484097	17.109351	9.916154e+04	2.081220e+01	1.081972e+05	1.078946e+05	5.766853e+04	5.670232e+04	3.012938e+02	2.087756e+01	2020	11	22	18
	1893	1152	86.202848	18.046850	9.877560e+04	2.426308e+01	1.080316e+05	1.074750e+05	5.757333e+04	5.627319e+04	9.999000e+03	1.846320e+01	2020	11	23	0
	1891	1159	85.921598	18.703099	9.870432e+04	2.696477e+01	1.081467e+05	1.075924e+05	5.771199e+04	5.644149e+04	9.999000e+03	1.427496e+01	2020	11	23	6
	1893	1165	86.202848	19.265598	9.886018e+04	2.350240e+01	1.080857e+05	1.073711e+05	5.764137e+04	5.677470e+04	9.999000e+03	1.158039e+01	2020	11	23	12
	1893	1168	86.202848	19.546848	9.946828e+04	2.046756e+01	1.081483e+05	1.072918e+05	5.773460e+04	5.720542e+04	9.999000e+03	8.961048e+00	2020	11	23	18
	1892	1173	86.062223	20.015597	9.993943e+04	1.570218e+01	1.079633e+05	1.068731e+05	5.760853e+04	5.720498e+04	9.999000e+03	5.144515e+00	2020	11	24	0
start	18	2020	12	6	12
	2273	1070	139.640292	10.359361	1.000743e+05	1.387654e+01	1.081385e+05	1.078919e+05	5.756340e+04	5.712362e+04	3.033334e+02	3.068172e+01	2020	12	6	12
	2270	1068	139.218417	10.171861	9.981040e+04	1.296907e+01	1.078911e+05	1.076768e+05	5.723665e+04	5.685148e+04	3.033334e+02	3.105651e+01	2020	12	6	18
	2262	1075	138.093419	10.828110	1.000449e+05	1.297060e+01	1.080894e+05	1.079132e+05	5.746250e+04	5.703611e+04	3.028508e+02	3.417266e+01	2020	12	7	0
	2260	1076	137.812169	10.921860	9.969606e+04	1.471708e+01	1.079346e+05	1.076803e+05	5.725425e+04	5.677253e+04	3.028518e+02	3.132675e+01	2020	12	7	6
	2260	1072	137.812169	10.546860	9.987674e+04	1.672776e+01	1.080691e+05	1.078429e+05	5.747410e+04	5.694100e+04	3.029965e+02	2.874802e+01	2020	12	7	12
	2262	1085	138.093419	11.765609	9.960433e+04	1.675433e+01	1.078620e+05	1.076304e+05	5.726137e+04	5.674096e+04	3.026529e+02	2.597651e+01	2020	12	7	18
	2264	1084	138.374668	11.671859	9.980855e+04	1.424533e+01	1.081405e+05	1.078988e+05	5.758600e+04	5.698924e+04	3.026774e+02	1.917686e+01	2020	12	8	0
	2266	1094	138.655918	12.609357	9.950577e+04	1.491238e+01	1.079779e+05	1.077400e+05	5.735876e+04	5.675842e+04	3.025865e+02	2.359927e+01	2020	12	8	6
	2263	1101	138.234043	13.265607	9.967817e+04	1.490164e+01	1.081703e+05	1.079496e+05	5.751042e+04	5.694902e+04	3.023333e+02	2.602627e+01	2020	12	8	12
	2267	1115	138.796543	14.578105	9.944374e+04	1.585197e+01	1.079886e+05	1.076238e+05	5.730739e+04	5.675432e+04	3.018087e+02	2.564180e+01	2020	12	8	18
	2263	1122	138.234043	15.234354	9.969947e+04	1.633284e+01	1.082337e+05	1.079229e+05	5.751915e+04	5.701773e+04	3.017976e+02	1.769695e+01	2020	12	9	0
	2260	1128	137.812169	15.796853	9.950058e+04	1.572481e+01	1.080649e+05	1.077840e+05	5.733641e+04	5.687821e+04	3.018600e+02	2.139860e+01	2020	12	9	6
	2256	1140	137.249669	16.921851	9.981077e+04	1.852655e+01	1.082791e+05	1.080122e+05	5.754379e+04	5.710661e+04	3.017404e+02	3.219697e+01	2020	12	9	12
	2250	1156	136.405920	18.421849	9.966383e+04	1.818204e+01	1.080831e+05	1.077905e+05	5.741092e+04	5.694584e+04	3.012715e+02	4.526154e+01	2020	12	9	18
	2243	1168	135.421546	19.546848	9.987363e+04	2.151512e+01	1.083397e+05	1.079465e+05	5.762694e+04	5.714947e+04	3.011315e+02	4.185954e+01	2020	12	10	0
	2233	1191	134.015298	21.703095	9.960334e+04	2.543773e+01	1.082235e+05	1.073910e+05	5.746198e+04	5.702648e+04	3.006259e+02	3.904951e+01	2020	12	10	6
	2232	1167	133.874673	19.453098	9.996412e+04	1.570892e+01	1.084614e+05	1.079507e+05	5.777754e+04	5.724797e+04	3.010678e+02	1.115020e+01	2020	12	10	12
	2232	1177	133.874673	20.390597	9.997305e+04	1.544633e+01	1.082636e+05	1.076724e+05	5.762796e+04	5.724236e+04	3.008806e+02	7.337421e+00	2020	12	10	18
start	25	2020	12	9	12
	2476	835	168.187137	-11.671859	1.000840e+05	1.357347e+01	1.082969e+05	1.078979e+05	5.758334e+04	5.708639e+04	9.999000e+03	2.812584e+01	2020	12	9	12
	2487	845	169.734011	-10.734360	9.985605e+04	1.397870e+01	1.082030e+05	1.078425e+05	5.746138e+04	5.691495e+04	3.029875e+02	3.868388e+01	2020	12	9	18
	2501	849	171.702758	-10.359361	9.991519e+04	1.656274e+01	1.082549e+05	1.079828e+05	5.755957e+04	5.689182e+04	3.031712e+02	4.678635e+01	2020	12	10	0
	2492	855	170.437135	-9.796861	9.976720e+04	1.318913e+01	1.081478e+05	1.078366e+05	5.754102e+04	5.674011e+04	3.030956e+02	4.102508e+01	2020	12	10	6
	2508	841	172.687132	-11.109360	9.980018e+04	1.550945e+01	1.082386e+05	1.078905e+05	5.757784e+04	5.682409e+04	3.030630e+02	4.238349e+01	2020	12	10	12
	2514	847	173.530882	-10.546860	9.960667e+04	1.689021e+01	1.081249e+05	1.078560e+05	5.747731e+04	5.680827e+04	3.031883e+02	3.929524e+01	2020	12	10	18
	2516	839	173.812131	-11.296859	9.975068e+04	1.596561e+01	1.082184e+05	1.079520e+05	5.757534e+04	5.690382e+04	3.031266e+02	2.976845e+01	2020	12	11	0
	2533	832	176.202754	-11.953108	9.940779e+04	1.671744e+01	1.081678e+05	1.078116e+05	5.748950e+04	5.673044e+04	3.032567e+02	4.216996e+01	2020	12	11	6
	2540	832	177.187128	-11.953108	9.948067e+04	1.702776e+01	1.082526e+05	1.078080e+05	5.755707e+04	5.671604e+04	3.032315e+02	4.225399e+01	2020	12	11	12
	2548	823	178.312127	-12.796857	9.931647e+04	1.782753e+01	1.081077e+05	1.077165e+05	5.743662e+04	5.667826e+04	3.031591e+02	3.532049e+01	2020	12	11	18
	2	818	-179.718750	-13.265607	9.923939e+04	1.911057e+01	1.081167e+05	1.076146e+05	5.746612e+04	5.658923e+04	3.031945e+02	4.477568e+01	2020	12	12	0
	14	812	-178.031252	-13.828106	9.859645e+04	2.222041e+01	1.080868e+05	1.075796e+05	5.741848e+04	5.635613e+04	3.031938e+02	4.017319e+01	2020	12	12	6
	34	807	-175.218755	-14.296855	9.880635e+04	2.272811e+01	1.081800e+05	1.075264e+05	5.739001e+04	5.627933e+04	3.028962e+02	4.386509e+01	2020	12	12	12
	47	796	-173.390632	-15.328104	9.894780e+04	2.466790e+01	1.081379e+05	1.074379e+05	5.738932e+04	5.640763e+04	9.999000e+03	3.419554e+01	2020	12	12	18
	58	788	-171.843758	-16.078103	9.872408e+04	2.382818e+01	1.081603e+05	1.076002e+05	5.732759e+04	5.634598e+04	3.019535e+02	3.219431e+01	2020	12	13	0
	72	769	-169.875011	-17.859350	9.874743e+04	2.384969e+01	1.082009e+05	1.074503e+05	5.741080e+04	5.636255e+04	9.999000e+03	2.739441e+01	2020	12	13	6
	75	761	-169.453136	-18.609349	9.847682e+04	2.531409e+01	1.081199e+05	1.071447e+05	5.738588e+04	5.623641e+04	9.999000e+03	1.450395e+01	2020	12	13	12
	84	754	-168.187512	-19.265598	9.877100e+04	2.329151e+01	1.082793e+05	1.069992e+05	5.749175e+04	5.638484e+04	9.999000e+03	9.718760e+00	2020	12	13	18
	91	747	-167.203138	-19.921847	9.889553e+04	2.413053e+01	1.083348e+05	1.067768e+05	5.741437e+04	5.651331e+04	3.004241e+02	1.100689e+01	2020	12	14	0
	103	739	-165.515640	-20.671846	9.900127e+04	2.247901e+01	1.083775e+05	1.066128e+05	5.754492e+04	5.646032e+04	2.998633e+02	1.243315e+01	2020	12	14	6
	115	728	-163.828142	-21.703095	9.885420e+04	2.292827e+01	1.082561e+05	1.064280e+05	5.744341e+04	5.627745e+04	2.993991e+02	1.572543e+01	2020	12	14	12
	121	704	-162.984393	-23.953092	9.877775e+04	2.093567e+01	1.081291e+05	1.062573e+05	5.736217e+04	5.616478e+04	2.988921e+02	1.826886e+01	2020	12	14	18
	122	690	-162.843768	-25.265590	9.829884e+04	2.592982e+01	1.078363e+05	1.062593e+05	5.704473e+04	5.573312e+04	2.987523e+02	1.573113e+01	2020	12	15	0
	120	691	-163.125018	-25.171840	9.815445e+04	2.185815e+01	1.077204e+05	1.061175e+05	5.684675e+04	5.550323e+04	2.986517e+02	1.003252e+01	2020	12	15	6
	125	693	-162.421893	-24.984340	9.831948e+04	1.936057e+01	1.076970e+05	1.057929e+05	5.683409e+04	5.568504e+04	2.985732e+02	9.020939e+00	2020	12	15	12
start	11	2020	12	13	12
	2087	825	113.484069	-12.609357	1.006794e+05	1.364759e+01	1.082648e+05	1.080080e+05	5.802441e+04	5.742318e+04	3.039602e+02	1.735622e+01	2020	12	13	12
	2074	821	111.655946	-12.984357	1.002342e+05	1.954340e+01	1.080676e+05	1.078673e+05	5.783974e+04	5.720906e+04	3.033551e+02	1.793882e+01	2020	12	13	18
	2059	812	109.546573	-13.828106	1.002805e+05	1.946416e+01	1.082047e+05	1.079010e+05	5.796228e+04	5.714014e+04	3.030439e+02	1.180474e+01	2020	12	14	0
	2047	811	107.859075	-13.921856	1.001741e+05	2.040177e+01	1.081931e+05	1.078339e+05	5.790472e+04	5.714177e+04	3.027668e+02	5.381687e+00	2020	12	14	6
	2039	810	106.734076	-14.015606	1.002003e+05	1.721279e+01	1.082784e+05	1.079566e+05	5.798044e+04	5.727566e+04	3.025624e+02	5.447099e+00	2020	12	14	12
	2031	806	105.609077	-14.390605	1.001731e+05	1.797320e+01	1.080541e+05	1.079168e+05	5.791593e+04	5.722694e+04	3.020980e+02	6.214965e+00	2020	12	14	18
	2022	800	104.343454	-14.953104	1.002291e+05	2.021390e+01	1.081306e+05	1.078864e+05	5.795941e+04	5.723435e+04	3.015452e+02	4.200476e+00	2020	12	15	0
	2013	797	103.077830	-15.234354	1.002458e+05	1.817650e+01	1.081302e+05	1.079003e+05	5.789056e+04	5.739246e+04	3.017322e+02	4.849672e+00	2020	12	15	6
	2005	791	101.952831	-15.796853	1.003165e+05	1.718731e+01	1.081361e+05	1.078774e+05	5.788911e+04	5.749683e+04	3.014855e+02	4.037002e+00	2020	12	15	12
	1999	785	101.109082	-16.359352	1.004380e+05	1.614014e+01	1.080157e+05	1.077053e+05	5.785541e+04	5.756700e+04	3.011805e+02	2.706090e+00	2020	12	15	18
	1989	777	99.702834	-17.109351	1.005500e+05	1.629390e+01	1.079901e+05	1.074662e+05	5.788324e+04	5.755210e+04	3.003352e+02	1.939353e+00	2020	12	16	0
start	22	2020	12	17	6
	2291	1049	142.171539	8.390613	1.003384e+05	1.024399e+01	1.079980e+05	1.078176e+05	5.754700e+04	5.716823e+04	3.031861e+02	2.881634e+01	2020	12	17	6
	2285	1058	141.327790	9.234362	1.005523e+05	1.156979e+01	1.082010e+05	1.080130e+05	5.773359e+04	5.737964e+04	3.030337e+02	2.629826e+01	2020	12	17	12
	2291	1062	142.171539	9.609362	1.002734e+05	1.213263e+01	1.079651e+05	1.078026e+05	5.753476e+04	5.714261e+04	3.029976e+02	3.093986e+01	2020	12	17	18
	2289	1068	141.890290	10.171861	1.005123e+05	1.357091e+01	1.082158e+05	1.080800e+05	5.781185e+04	5.740937e+04	3.029828e+02	2.522107e+01	2020	12	18	0
	2292	1072	142.312164	10.546860	1.001374e+05	1.364724e+01	1.080283e+05	1.077979e+05	5.755613e+04	5.712584e+04	3.029798e+02	2.232532e+01	2020	12	18	6
	2291	1082	142.171539	11.484359	1.003324e+05	1.478380e+01	1.082355e+05	1.080214e+05	5.774839e+04	5.734621e+04	3.029161e+02	2.602848e+01	2020	12	18	12
	2294	1081	142.593414	11.390609	1.000335e+05	1.595433e+01	1.079617e+05	1.077854e+05	5.751772e+04	5.710607e+04	3.028813e+02	2.252394e+01	2020	12	18	18
	2293	1092	142.452789	12.421858	1.003144e+05	1.588068e+01	1.082450e+05	1.080940e+05	5.776412e+04	5.743476e+04	3.027670e+02	2.390714e+01	2020	12	19	0
	2290	1092	142.030914	12.421858	9.997205e+04	1.585894e+01	1.081146e+05	1.078481e+05	5.750830e+04	5.721337e+04	3.027717e+02	2.354835e+01	2020	12	19	6
	2295	1096	142.734039	12.796857	1.002465e+05	1.640123e+01	1.082611e+05	1.080386e+05	5.773922e+04	5.742553e+04	9.999000e+03	2.973809e+01	2020	12	19	12
	2292	1105	142.312164	13.640606	9.996244e+04	1.613873e+01	1.080846e+05	1.078109e+05	5.749052e+04	5.718123e+04	3.024012e+02	2.791615e+01	2020	12	19	18
	2294	1108	142.593414	13.921856	1.001744e+05	1.809748e+01	1.082770e+05	1.080530e+05	5.770695e+04	5.738978e+04	3.023404e+02	1.997283e+01	2020	12	20	0
	2291	1115	142.171539	14.578105	9.989187e+04	1.845231e+01	1.080683e+05	1.078535e+05	5.760900e+04	5.717030e+04	3.023252e+02	1.776530e+01	2020	12	20	6
	2295	1136	142.734039	16.546852	1.000391e+05	1.966311e+01	1.082911e+05	1.079690e+05	5.780660e+04	5.725916e+04	3.018881e+02	2.966378e+01	2020	12	20	12
	2288	1138	141.749665	16.734352	9.946610e+04	2.070511e+01	1.081120e+05	1.077708e+05	5.757828e+04	5.694896e+04	3.017606e+02	2.474614e+01	2020	12	20	18
	2283	1144	141.046540	17.296851	9.983843e+04	1.990454e+01	1.083359e+05	1.078789e+05	5.783541e+04	5.741155e+04	3.014297e+02	1.560295e+01	2020	12	21	0
	2279	1150	140.484041	17.859350	9.980959e+04	1.961773e+01	1.081762e+05	1.077456e+05	5.766294e+04	5.738648e+04	3.013692e+02	1.348264e+01	2020	12	21	6
	2269	1156	139.077792	18.421849	1.000929e+05	2.076086e+01	1.083481e+05	1.078568e+05	5.779832e+04	5.748136e+04	3.012274e+02	1.800591e+01	2020	12	21	12
	2264	1169	138.374668	19.640598	1.000364e+05	1.695318e+01	1.081166e+05	1.075916e+05	5.765347e+04	5.727329e+04	3.009680e+02	1.990324e+01	2020	12	21	18
	2262	1181	138.093419	20.765596	1.003917e+05	1.951863e+01	1.083951e+05	1.076943e+05	5.791576e+04	5.741587e+04	3.002931e+02	1.830739e+01	2020	12	22	0
	2263	1205	138.234043	23.015593	1.001966e+05	2.007458e+01	1.082654e+05	1.072146e+05	5.772474e+04	5.702831e+04	2.998279e+02	2.109655e+01	2020	12	22	6
	2264	1208	138.374668	23.296843	1.003778e+05	2.149487e+01	1.083235e+05	1.072391e+05	5.788355e+04	5.703630e+04	2.996213e+02	1.588420e+01	2020	12	22	12
start	18	2020	12	19	12
	2478	1012	168.468387	4.921868	1.006165e+05	1.357005e+01	1.082888e+05	1.081247e+05	5.780042e+04	5.743429e+04	3.031640e+02	3.143815e+01	2020	12	19	12
	2468	1016	167.062138	5.296868	1.003854e+05	1.463152e+01	1.081240e+05	1.079534e+05	5.761917e+04	5.723102e+04	3.031386e+02	3.052185e+01	2020	12	19	18
	2462	1017	166.218389	5.390618	1.005319e+05	1.481291e+01	1.082753e+05	1.081180e+05	5.774744e+04	5.732575e+04	3.031308e+02	3.662233e+01	2020	12	20	0
	2457	1020	165.515265	5.671867	1.003270e+05	1.648939e+01	1.081695e+05	1.079331e+05	5.762255e+04	5.717107e+04	3.031511e+02	3.648885e+01	2020	12	20	6
	2447	1023	164.109016	5.953117	1.004005e+05	1.534011e+01	1.083194e+05	1.081235e+05	5.775664e+04	5.728116e+04	3.032328e+02	3.768480e+01	2020	12	20	12
	2440	1027	163.124642	6.328116	1.000570e+05	1.628047e+01	1.081858e+05	1.078770e+05	5.763822e+04	5.709643e+04	3.032949e+02	3.495738e+01	2020	12	20	18
	2430	1029	161.718394	6.515616	1.001943e+05	1.803250e+01	1.083390e+05	1.081117e+05	5.781322e+04	5.725953e+04	3.032787e+02	3.764007e+01	2020	12	21	0
	2418	1032	160.030896	6.796866	9.990102e+04	1.838767e+01	1.082146e+05	1.079429e+05	5.767624e+04	5.706243e+04	9.999000e+03	3.221820e+01	2020	12	21	6
	2408	1033	158.624647	6.890615	9.994713e+04	1.997582e+01	1.083208e+05	1.079932e+05	5.781241e+04	5.714291e+04	9.999000e+03	2.795746e+01	2020	12	21	12
	2396	1035	156.937149	7.078115	9.957321e+04	2.176686e+01	1.081455e+05	1.078161e+05	5.765689e+04	5.693054e+04	9.999000e+03	3.148685e+01	2020	12	21	18
	2387	1039	155.671525	7.453115	9.955164e+04	2.331542e+01	1.083751e+05	1.079665e+05	5.788301e+04	5.697996e+04	3.039662e+02	3.066196e+01	2020	12	22	0
	2376	1042	154.124652	7.734364	9.922336e+04	2.355626e+01	1.081924e+05	1.078114e+05	5.773788e+04	5.697435e+04	3.039930e+02	2.434118e+01	2020	12	22	6
	2366	1045	152.718403	8.015614	9.907029e+04	2.725553e+01	1.083405e+05	1.078612e+05	5.789083e+04	5.683209e+04	3.039870e+02	2.662505e+01	2020	12	22	12
	2357	1051	151.452780	8.578113	9.885675e+04	2.515906e+01	1.081225e+05	1.077661e+05	5.767077e+04	5.704269e+04	3.038047e+02	1.771748e+01	2020	12	22	18
	2346	1056	149.905906	9.046862	9.917962e+04	2.622020e+01	1.083738e+05	1.079189e+05	5.796512e+04	5.707392e+04	3.032762e+02	1.547134e+01	2020	12	23	0
	2336	1059	148.499658	9.328112	9.931789e+04	2.166762e+01	1.081756e+05	1.078751e+05	5.784656e+04	5.726257e+04	3.032661e+02	8.741311e+00	2020	12	23	6
	2326	1061	147.093409	9.515612	9.984217e+04	2.137482e+01	1.083386e+05	1.080924e+05	5.803996e+04	5.748671e+04	3.031485e+02	8.605399e+00	2020	12	23	12
	2317	1062	145.827785	9.609362	9.912746e+04	2.630602e+01	1.081207e+05	1.078088e+05	5.778566e+04	5.721221e+04	3.030235e+02	6.595849e+00	2020	12	23	18
start	23	2020	12	22	12
	2504	818	172.124633	-13.265607	1.003900e+05	1.336333e+01	1.083075e+05	1.081012e+05	5.769689e+04	5.733902e+04	3.033953e+02	3.808396e+01	2020	12	22	12
	2503	815	171.984008	-13.546856	1.002264e+05	1.371782e+01	1.081360e+05	1.079773e+05	5.754452e+04	5.719079e+04	3.031198e+02	3.147124e+01	2020	12	22	18
	2500	813	171.562134	-13.734356	1.002592e+05	1.301403e+01	1.082191e+05	1.080855e+05	5.764071e+04	5.722023e+04	3.031781e+02	2.607860e+01	2020	12	23	0
	2498	813	171.280884	-13.734356	1.000604e+05	1.220597e+01	1.081358e+05	1.079475e+05	5.751616e+04	5.709398e+04	3.032113e+02	2.827101e+01	2020	12	23	6
	2502	816	171.843383	-13.453106	1.001962e+05	1.493568e+01	1.082229e+05	1.080183e+05	5.764915e+04	5.713549e+04	3.031235e+02	4.172174e+01	2020	12	23	12
	2501	810	171.702758	-14.015606	9.971357e+04	1.589445e+01	1.080945e+05	1.078030e+05	5.739160e+04	5.682345e+04	3.029630e+02	3.600826e+01	2020	12	23	18
	2500	812	171.562134	-13.828106	9.974897e+04	1.491474e+01	1.081356e+05	1.077543e+05	5.748758e+04	5.670105e+04	3.029943e+02	3.513391e+01	2020	12	24	0
	2504	808	172.124633	-14.203105	9.931934e+04	1.564616e+01	1.080239e+05	1.075266e+05	5.728558e+04	5.643778e+04	3.028923e+02	3.482684e+01	2020	12	24	6
	2507	804	172.546508	-14.578105	9.927866e+04	1.661970e+01	1.080748e+05	1.075961e+05	5.745051e+04	5.652305e+04	3.025678e+02	3.488427e+01	2020	12	24	12
	2513	796	173.390257	-15.328104	9.902520e+04	1.887193e+01	1.079601e+05	1.074557e+05	5.724845e+04	5.634123e+04	3.020797e+02	3.440527e+01	2020	12	24	18
	2517	783	173.952756	-16.546852	9.900394e+04	2.015633e+01	1.080411e+05	1.075088e+05	5.733225e+04	5.638319e+04	3.020302e+02	3.614993e+01	2020	12	25	0
	2522	766	174.655880	-18.140600	9.881054e+04	2.304209e+01	1.079799e+05	1.073141e+05	5.724780e+04	5.626562e+04	3.018256e+02	4.716219e+01	2020	12	25	6
	2524	743	174.937130	-20.296847	9.874577e+04	2.616335e+01	1.079970e+05	1.072626e+05	5.734965e+04	5.622903e+04	3.013636e+02	4.696309e+01	2020	12	25	12
	2522	718	174.655880	-22.640594	9.831802e+04	2.601949e+01	1.078684e+05	1.067231e+05	5.727730e+04	5.598802e+04	3.009816e+02	3.733960e+01	2020	12	25	18
	2520	688	174.374631	-25.453090	9.834796e+04	2.795638e+01	1.080482e+05	1.065776e+05	5.737572e+04	5.608176e+04	3.007168e+02	4.168716e+01	2020	12	26	0
	2512	661	173.249632	-27.984336	9.802798e+04	2.439452e+01	1.078756e+05	1.059993e+05	5.727762e+04	5.607947e+04	3.001363e+02	3.836530e+01	2020	12	26	6
	2510	629	172.968382	-30.984332	9.824285e+04	2.548722e+01	1.078848e+05	1.060098e+05	5.740878e+04	5.596701e+04	2.981844e+02	3.714922e+01	2020	12	26	12
	2501	603	171.702758	-33.421829	9.805792e+04	2.679398e+01	1.076431e+05	1.055192e+05	5.712801e+04	5.567555e+04	9.999000e+03	2.089799e+01	2020	12	26	18
	2501	577	171.702758	-35.859325	9.815027e+04	2.461720e+01	1.076560e+05	1.054332e+05	5.716950e+04	5.549920e+04	9.999000e+03	1.789633e+01	2020	12	27	0
	2506	559	172.405883	-37.546823	9.796733e+04	2.399291e+01	1.075424e+05	1.051142e+05	5.707610e+04	5.514121e+04	9.999000e+03	1.557210e+01	2020	12	27	6
	2517	538	173.952756	-39.515570	9.823685e+04	2.345357e+01	1.074120e+05	1.047150e+05	5.711482e+04	5.513549e+04	9.999000e+03	1.149536e+01	2020	12	27	12
	2540	521	177.187128	-41.109318	9.874033e+04	2.355658e+01	1.074142e+05	1.043138e+05	5.723988e+04	5.500327e+04	9.999000e+03	7.680990e+00	2020	12	27	18
	9	496	-178.734376	-43.453065	9.884617e+04	2.004663e+01	1.073405e+05	1.037545e+05	5.718241e+04	5.478536e+04	9.999000e+03	7.138467e+00	2020	12	28	0
