start	18	2020	1	24	18
	1631	3228	57.250390	-23.499658	1.001629e+05	2.398341e+01	1.084115e+05	1.066953e+05	5.782428e+04	5.688554e+04	3.015960e+02	2.029582e+01	2020	1	24	18
	1635	3193	57.390796	-22.269310	1.000415e+05	1.864225e+01	1.082626e+05	1.069542e+05	5.763816e+04	5.689051e+04	3.017722e+02	1.866817e+01	2020	1	25	0
	1682	3208	59.040562	-22.796602	1.002333e+05	2.235053e+01	1.084205e+05	1.068566e+05	5.784084e+04	5.700888e+04	3.018313e+02	1.586178e+01	2020	1	25	6
	1768	3216	62.059282	-23.077824	9.960260e+04	3.060129e+01	1.081432e+05	1.067513e+05	5.768089e+04	5.686037e+04	3.016414e+02	1.982900e+01	2020	1	25	12
	1811	3211	63.568643	-22.902060	9.983298e+04	3.044937e+01	1.083102e+05	1.068195e+05	5.786087e+04	5.656138e+04	3.018878e+02	2.481431e+01	2020	1	25	18
	1783	3190	62.585803	-22.163851	9.996544e+04	2.544279e+01	1.081442e+05	1.066209e+05	5.765620e+04	5.665895e+04	3.017941e+02	1.760857e+01	2020	1	26	0
	1814	3193	63.673947	-22.269310	1.000216e+05	2.646515e+01	1.082581e+05	1.064936e+05	5.774515e+04	5.675684e+04	3.019768e+02	1.218239e+01	2020	1	26	6
	1817	3167	63.779251	-21.355336	9.988320e+04	2.562737e+01	1.080487e+05	1.064304e+05	5.755481e+04	5.668937e+04	3.023289e+02	8.876817e+00	2020	1	26	12
	1949	3178	68.412637	-21.742017	1.001623e+05	2.233962e+01	1.082062e+05	1.065006e+05	5.769167e+04	5.696460e+04	3.020917e+02	2.034525e+01	2020	1	26	18
	1855	3102	65.113105	-19.070403	1.000882e+05	1.799535e+01	1.079711e+05	1.066975e+05	5.753174e+04	5.690043e+04	3.023418e+02	1.761952e+01	2020	1	27	0
	2017	3161	70.799532	-21.144419	1.001198e+05	2.705939e+01	1.080143e+05	1.065560e+05	5.753743e+04	5.682657e+04	3.022546e+02	2.088165e+01	2020	1	27	6
	2057	3143	72.203588	-20.511669	9.961925e+04	2.927474e+01	1.077604e+05	1.066557e+05	5.744294e+04	5.668304e+04	3.028009e+02	1.686613e+01	2020	1	27	12
	1943	3097	68.202028	-18.894639	1.002101e+05	1.898829e+01	1.079111e+05	1.068200e+05	5.762027e+04	5.692575e+04	3.024903e+02	1.339005e+01	2020	1	27	18
	1937	3075	67.991420	-18.121277	1.001663e+05	1.605838e+01	1.080273e+05	1.068347e+05	5.755439e+04	5.695390e+04	3.026659e+02	1.853839e+01	2020	1	28	0
	1939	3091	68.061622	-18.683722	1.004077e+05	1.838351e+01	1.081771e+05	1.070258e+05	5.771806e+04	5.706404e+04	3.025136e+02	1.233221e+01	2020	1	28	6
	1970	3124	69.149766	-19.843765	1.003478e+05	1.764176e+01	1.079899e+05	1.068993e+05	5.764779e+04	5.712334e+04	3.029386e+02	1.302772e+01	2020	1	28	12
	1994	3132	69.992200	-20.124988	1.004915e+05	2.161037e+01	1.083189e+05	1.071548e+05	5.780607e+04	5.712879e+04	3.023875e+02	1.175393e+01	2020	1	28	18
	1892	3132	66.411856	-20.124988	1.003887e+05	2.065246e+01	1.078854e+05	1.067180e+05	5.762094e+04	5.717558e+04	3.025421e+02	7.719077e+00	2020	1	29	0
start	42	2020	2	4	0
	1850	2949	64.937598	-13.692022	1.005392e+05	1.011636e+01	1.077819e+05	1.072846e+05	5.766606e+04	5.716700e+04	3.040514e+02	1.751817e+01	2020	2	4	0
	1797	3034	63.077223	-16.680012	1.006348e+05	1.243608e+01	1.079586e+05	1.071775e+05	5.783941e+04	5.733183e+04	3.041667e+02	1.921545e+01	2020	2	4	6
	1890	2969	66.341654	-14.395079	1.003584e+05	1.062730e+01	1.077787e+05	1.072710e+05	5.757509e+04	5.712895e+04	3.041975e+02	3.161226e+01	2020	2	4	12
	1898	2965	66.622465	-14.254467	1.005570e+05	1.209911e+01	1.081537e+05	1.075105e+05	5.788739e+04	5.733448e+04	3.039144e+02	3.175211e+01	2020	2	4	18
	1970	3000	69.149766	-15.484816	1.003844e+05	1.378398e+01	1.078212e+05	1.072919e+05	5.759623e+04	5.713962e+04	3.037185e+02	2.657445e+01	2020	2	5	0
	1969	3018	69.114665	-16.117567	1.005643e+05	1.786434e+01	1.079878e+05	1.074702e+05	5.781046e+04	5.723414e+04	3.036991e+02	2.541405e+01	2020	2	5	6
	2014	2990	70.694228	-15.133288	1.001704e+05	2.744524e+01	1.079184e+05	1.073574e+05	5.764328e+04	5.691535e+04	3.042048e+02	2.208035e+01	2020	2	5	12
	1933	3038	67.851014	-16.820623	1.005989e+05	1.720350e+01	1.080694e+05	1.074379e+05	5.778281e+04	5.733582e+04	3.034862e+02	2.087323e+01	2020	2	5	18
	1945	3053	68.272231	-17.347915	1.003659e+05	1.988067e+01	1.080003e+05	1.074744e+05	5.763871e+04	5.715466e+04	3.032787e+02	2.034135e+01	2020	2	6	0
	1897	3053	66.587363	-17.347915	1.003103e+05	2.014174e+01	1.080958e+05	1.077900e+05	5.781366e+04	5.734526e+04	3.034706e+02	1.455901e+01	2020	2	6	6
	1878	3079	65.920437	-18.261888	1.001150e+05	2.200581e+01	1.080056e+05	1.076158e+05	5.769897e+04	5.718463e+04	3.036374e+02	1.663903e+01	2020	2	6	12
	1855	3041	65.113105	-16.926081	9.997212e+04	2.304482e+01	1.082025e+05	1.076575e+05	5.783158e+04	5.728956e+04	3.040690e+02	2.050486e+01	2020	2	6	18
	1881	3039	66.025741	-16.855776	9.986155e+04	2.250695e+01	1.079157e+05	1.075304e+05	5.765824e+04	5.709639e+04	3.035114e+02	1.698972e+01	2020	2	7	0
	1885	3068	66.166147	-17.875207	9.986392e+04	2.200238e+01	1.081851e+05	1.077304e+05	5.789405e+04	5.723605e+04	3.031364e+02	1.453170e+01	2020	2	7	6
	1847	3073	64.832293	-18.050971	9.989102e+04	1.884234e+01	1.081480e+05	1.076961e+05	5.771544e+04	5.713900e+04	3.034440e+02	2.501814e+01	2020	2	7	12
	1827	3074	64.130265	-18.086124	9.997545e+04	2.609514e+01	1.083677e+05	1.077358e+05	5.791156e+04	5.722452e+04	3.034050e+02	2.897083e+01	2020	2	7	18
	1850	3068	64.937598	-17.875207	9.930915e+04	2.144132e+01	1.081281e+05	1.075482e+05	5.767648e+04	5.687930e+04	3.032253e+02	2.380700e+01	2020	2	8	0
	1832	3061	64.305772	-17.629138	9.970120e+04	2.370173e+01	1.081384e+05	1.076223e+05	5.792820e+04	5.707780e+04	3.032915e+02	1.984389e+01	2020	2	8	6
	1850	3048	64.937598	-17.172151	9.935961e+04	2.575695e+01	1.079892e+05	1.073812e+05	5.766849e+04	5.665459e+04	3.032899e+02	2.820042e+01	2020	2	8	12
	1834	3053	64.375975	-17.347915	9.924132e+04	2.234238e+01	1.082334e+05	1.077255e+05	5.784143e+04	5.689380e+04	3.031919e+02	3.688305e+01	2020	2	8	18
	1840	3058	64.586583	-17.523679	9.855892e+04	2.345484e+01	1.079889e+05	1.072627e+05	5.757580e+04	5.657538e+04	3.029671e+02	2.891762e+01	2020	2	9	0
	1843	3050	64.691888	-17.242457	9.833588e+04	3.050679e+01	1.080258e+05	1.071219e+05	5.768887e+04	5.648159e+04	3.030273e+02	2.818752e+01	2020	2	9	6
	1856	3054	65.148206	-17.383068	9.809184e+04	2.791507e+01	1.081048e+05	1.070933e+05	5.748332e+04	5.613674e+04	3.028285e+02	3.792731e+01	2020	2	9	12
	1865	3058	65.464119	-17.523679	9.809286e+04	3.166118e+01	1.082328e+05	1.073126e+05	5.768420e+04	5.600813e+04	3.026848e+02	3.763131e+01	2020	2	9	18
	1873	3058	65.744930	-17.523679	9.739450e+04	3.126989e+01	1.078127e+05	1.069330e+05	5.741850e+04	5.567873e+04	3.025919e+02	3.479767e+01	2020	2	10	0
	1889	3066	66.306552	-17.804902	9.722012e+04	3.755526e+01	1.080850e+05	1.070151e+05	5.750479e+04	5.608257e+04	3.025380e+02	3.477834e+01	2020	2	10	6
	1903	3084	66.797972	-18.437652	9.725902e+04	3.395982e+01	1.077583e+05	1.067235e+05	5.733604e+04	5.601693e+04	3.024849e+02	4.775459e+01	2020	2	10	12
	1920	3095	67.394696	-18.824333	9.814704e+04	3.297025e+01	1.079871e+05	1.067971e+05	5.751706e+04	5.611941e+04	3.024538e+02	5.760957e+01	2020	2	10	18
	1944	3114	68.237129	-19.492237	9.827909e+04	3.237445e+01	1.077178e+05	1.065598e+05	5.732530e+04	5.609556e+04	3.022253e+02	4.016806e+01	2020	2	11	0
	1941	3142	68.131825	-20.476516	9.775210e+04	3.059432e+01	1.079010e+05	1.066805e+05	5.759162e+04	5.579311e+04	3.013646e+02	3.199163e+01	2020	2	11	6
	1932	3188	67.815913	-22.093545	9.764464e+04	3.292839e+01	1.078105e+05	1.065742e+05	5.734513e+04	5.569019e+04	3.012252e+02	2.126438e+01	2020	2	11	12
	1914	3211	67.184087	-22.902060	9.827634e+04	3.208302e+01	1.081054e+05	1.068253e+05	5.765555e+04	5.630977e+04	3.011461e+02	1.977240e+01	2020	2	11	18
	1871	3248	65.674727	-24.202714	9.802884e+04	3.621193e+01	1.079893e+05	1.066328e+05	5.756996e+04	5.595297e+04	3.007146e+02	1.827017e+01	2020	2	12	0
	1841	3286	64.621685	-25.538521	9.877296e+04	2.574620e+01	1.081937e+05	1.067070e+05	5.773989e+04	5.653193e+04	3.002556e+02	1.519737e+01	2020	2	12	6
	1814	3332	63.673947	-27.155551	9.893565e+04	2.322079e+01	1.080676e+05	1.066462e+05	5.761840e+04	5.648845e+04	2.995866e+02	1.917371e+01	2020	2	12	12
	1797	3360	63.077223	-28.139830	9.927078e+04	2.226810e+01	1.081920e+05	1.067341e+05	5.768130e+04	5.671490e+04	2.987414e+02	1.193530e+01	2020	2	12	18
	1778	3371	62.410296	-28.526511	9.929638e+04	2.163192e+01	1.079844e+05	1.066000e+05	5.749689e+04	5.653088e+04	2.986178e+02	7.731554e+00	2020	2	13	0
	1743	3385	61.181747	-29.018650	9.934782e+04	2.154220e+01	1.079723e+05	1.068432e+05	5.758873e+04	5.652409e+04	2.986256e+02	6.909520e+00	2020	2	13	6
	1734	3393	60.865835	-29.299873	9.927798e+04	2.301241e+01	1.077551e+05	1.067871e+05	5.744646e+04	5.638783e+04	2.986265e+02	5.523505e+00	2020	2	13	12
	1725	3379	60.549922	-28.807733	9.950961e+04	2.125673e+01	1.077928e+05	1.065942e+05	5.750502e+04	5.655127e+04	2.987139e+02	4.797503e+00	2020	2	13	18
	1713	3368	60.128705	-28.421052	9.952455e+04	1.915422e+01	1.075743e+05	1.060075e+05	5.728512e+04	5.649612e+04	2.988007e+02	7.207121e+00	2020	2	14	0
	1706	3359	59.882995	-28.104677	9.980766e+04	1.814335e+01	1.076880e+05	1.058526e+05	5.742854e+04	5.682268e+04	2.989065e+02	6.311414e+00	2020	2	14	6
start	12	2020	2	6	18
	7140	2400	250.624025	5.606874	1.011249e+05	1.422795e+01	1.079273e+05	1.074009e+05	5.790208e+04	5.770568e+04	3.010123e+02	1.051703e+01	2020	2	6	18
	7102	2397	249.290172	5.712333	1.006001e+05	1.730197e+01	1.077373e+05	1.070878e+05	5.763948e+04	5.743154e+04	3.012155e+02	8.924441e+00	2020	2	7	0
	7069	2393	248.131825	5.852944	1.009491e+05	1.921417e+01	1.080503e+05	1.072794e+05	5.787623e+04	5.758629e+04	3.010290e+02	1.272983e+01	2020	2	7	6
	7024	2382	246.552262	6.239625	1.007413e+05	1.636704e+01	1.076638e+05	1.068722e+05	5.757148e+04	5.736279e+04	3.009795e+02	1.313679e+01	2020	2	7	12
	6979	2382	244.972699	6.239625	1.007630e+05	1.907471e+01	1.077521e+05	1.071808e+05	5.783023e+04	5.762031e+04	3.009994e+02	8.903274e+00	2020	2	7	18
	6929	2375	243.217629	6.485695	1.005835e+05	1.946656e+01	1.076240e+05	1.069959e+05	5.756549e+04	5.729713e+04	3.011347e+02	1.095465e+01	2020	2	8	0
	6875	2382	241.322153	6.239625	1.009007e+05	1.497623e+01	1.081123e+05	1.072102e+05	5.782469e+04	5.751494e+04	3.009636e+02	1.487447e+01	2020	2	8	6
	6835	2379	239.918097	6.345083	1.005614e+05	1.712381e+01	1.075061e+05	1.068873e+05	5.752715e+04	5.723092e+04	3.007083e+02	1.542854e+01	2020	2	8	12
	6788	2388	238.268331	6.028708	1.008548e+05	1.513234e+01	1.077159e+05	1.071997e+05	5.780891e+04	5.748962e+04	3.006115e+02	1.286792e+01	2020	2	8	18
	6739	2387	236.548362	6.063861	1.005375e+05	1.685726e+01	1.075585e+05	1.067656e+05	5.748626e+04	5.715388e+04	3.006574e+02	1.063082e+01	2020	2	9	0
	6697	2377	235.074103	6.415389	1.009982e+05	1.785086e+01	1.078377e+05	1.069823e+05	5.776330e+04	5.743066e+04	3.005102e+02	1.543368e+01	2020	2	9	6
	6670	2393	234.126365	5.852944	1.007581e+05	1.351109e+01	1.073758e+05	1.067016e+05	5.752814e+04	5.713232e+04	3.004205e+02	1.315198e+01	2020	2	9	12
start	15	2020	2	12	0
	1567	2897	55.003900	-11.864076	1.001905e+05	1.879355e+01	1.080447e+05	1.073426e+05	5.762234e+04	5.703591e+04	3.043936e+02	3.049286e+01	2020	2	12	0
	1608	2929	56.443058	-12.988966	1.003946e+05	1.853428e+01	1.081624e+05	1.075462e+05	5.782183e+04	5.738361e+04	3.042820e+02	3.186897e+01	2020	2	12	6
	1647	2962	57.812012	-14.149009	1.003409e+05	1.797489e+01	1.080344e+05	1.073707e+05	5.768822e+04	5.718551e+04	3.045254e+02	2.439228e+01	2020	2	12	12
	1682	2950	59.040562	-13.727175	1.006894e+05	1.929408e+01	1.082753e+05	1.077120e+05	5.789197e+04	5.747144e+04	3.044250e+02	2.884151e+01	2020	2	12	18
	1734	2975	60.865835	-14.605995	1.002907e+05	2.379398e+01	1.081572e+05	1.075979e+05	5.770032e+04	5.723395e+04	3.039902e+02	2.483670e+01	2020	2	13	0
	1761	3015	61.813573	-16.012108	1.003467e+05	2.029376e+01	1.082608e+05	1.077555e+05	5.790684e+04	5.746721e+04	3.035437e+02	1.218660e+01	2020	2	13	6
	1790	3035	62.831513	-16.715164	1.000189e+05	1.676171e+01	1.080990e+05	1.076093e+05	5.765789e+04	5.715870e+04	3.036222e+02	1.275558e+01	2020	2	13	12
	1815	3047	63.709048	-17.136998	1.002772e+05	1.657400e+01	1.082427e+05	1.077909e+05	5.783982e+04	5.740468e+04	3.030781e+02	1.648430e+01	2020	2	13	18
	1835	3077	64.411076	-18.191583	1.000814e+05	1.870698e+01	1.079724e+05	1.075180e+05	5.766525e+04	5.716330e+04	3.022619e+02	1.352736e+01	2020	2	14	0
	1842	3121	64.656786	-19.738307	1.002053e+05	1.763811e+01	1.081656e+05	1.075514e+05	5.772219e+04	5.727660e+04	3.021013e+02	8.563838e+00	2020	2	14	6
	1853	3153	65.042902	-20.863197	9.983850e+04	1.819995e+01	1.080362e+05	1.073608e+05	5.754773e+04	5.711775e+04	3.021250e+02	8.999951e+00	2020	2	14	12
	1850	3192	64.937598	-22.234157	1.000078e+05	1.983631e+01	1.080763e+05	1.072532e+05	5.766052e+04	5.709812e+04	3.015638e+02	9.549551e+00	2020	2	14	18
	1855	3221	65.113105	-23.253588	9.944935e+04	2.133048e+01	1.078520e+05	1.069640e+05	5.751026e+04	5.680036e+04	3.012570e+02	9.315149e+00	2020	2	15	0
	1853	3263	65.042902	-24.730007	9.975536e+04	2.148270e+01	1.080257e+05	1.068480e+05	5.762711e+04	5.698655e+04	3.010499e+02	6.898324e+00	2020	2	15	6
	1852	3302	65.007800	-26.100967	9.945023e+04	1.998272e+01	1.079393e+05	1.065613e+05	5.754916e+04	5.676790e+04	3.009287e+02	5.664733e+00	2020	2	15	12
start	13	2020	2	14	18
	2919	2887	102.460998	-11.512548	1.004596e+05	1.723553e+01	1.080505e+05	1.075278e+05	5.761295e+04	5.727757e+04	3.039587e+02	1.694613e+01	2020	2	14	18
	2972	2825	104.321373	-9.333073	1.004414e+05	2.309676e+01	1.079845e+05	1.073864e+05	5.766927e+04	5.699302e+04	3.038655e+02	3.171837e+01	2020	2	15	0
	3017	2829	105.900936	-9.473684	1.004566e+05	2.181971e+01	1.079039e+05	1.074095e+05	5.753927e+04	5.714924e+04	3.037539e+02	2.642969e+01	2020	2	15	6
	3036	2849	106.567863	-10.176741	1.004634e+05	1.572500e+01	1.079743e+05	1.077071e+05	5.759075e+04	5.728034e+04	3.038958e+02	1.610492e+01	2020	2	15	12
	3060	2846	107.410296	-10.071282	1.005645e+05	1.727846e+01	1.080726e+05	1.074520e+05	5.769160e+04	5.726069e+04	3.037072e+02	2.886766e+01	2020	2	15	18
	3106	2839	109.024961	-9.825212	1.005264e+05	2.064526e+01	1.080042e+05	1.075678e+05	5.764427e+04	5.729121e+04	3.033793e+02	2.511324e+01	2020	2	16	0
	3138	2849	110.148206	-10.176741	1.001271e+05	2.128559e+01	1.080030e+05	1.075891e+05	5.765716e+04	5.726000e+04	3.035044e+02	1.469044e+01	2020	2	16	6
	3185	2856	111.797972	-10.422810	1.004037e+05	1.515186e+01	1.081379e+05	1.078369e+05	5.768557e+04	5.741686e+04	3.036255e+02	6.507840e+00	2020	2	16	12
	3224	2865	113.166927	-10.739186	1.002892e+05	1.887674e+01	1.080044e+05	1.075516e+05	5.758604e+04	5.710913e+04	3.034818e+02	1.487997e+01	2020	2	16	18
	3258	2870	114.360374	-10.914950	1.003579e+05	1.818997e+01	1.081126e+05	1.076084e+05	5.775616e+04	5.741826e+04	3.032504e+02	1.241833e+01	2020	2	17	0
	3289	2872	115.448518	-10.985255	1.002771e+05	1.851638e+01	1.080875e+05	1.076758e+05	5.762093e+04	5.734359e+04	3.035624e+02	8.662554e+00	2020	2	17	6
	3333	2877	116.992980	-11.161019	1.003696e+05	1.878086e+01	1.081405e+05	1.077032e+05	5.764193e+04	5.743601e+04	3.033042e+02	5.954297e+00	2020	2	17	12
	3389	2878	118.958658	-11.196172	1.001836e+05	2.104967e+01	1.079531e+05	1.072857e+05	5.751454e+04	5.719430e+04	3.035398e+02	1.519971e+01	2020	2	17	18
start	49	2020	2	17	18
	4241	3086	148.865055	-18.507958	9.983826e+04	1.953323e+01	1.080830e+05	1.077821e+05	5.756638e+04	5.704422e+04	3.032918e+02	1.522874e+01	2020	2	17	18
	4266	3105	149.742590	-19.175862	1.001210e+05	1.228836e+01	1.082995e+05	1.079979e+05	5.765006e+04	5.733355e+04	3.029442e+02	1.858559e+01	2020	2	18	0
	4263	3139	149.637285	-20.371057	9.961996e+04	2.320835e+01	1.082000e+05	1.077268e+05	5.743309e+04	5.694217e+04	3.032094e+02	2.728965e+01	2020	2	18	6
	4322	3113	151.708268	-19.457084	9.995523e+04	1.532338e+01	1.083574e+05	1.078723e+05	5.768400e+04	5.724898e+04	3.031306e+02	2.477363e+01	2020	2	18	12
	4308	3135	151.216849	-20.230446	9.964220e+04	2.267293e+01	1.081075e+05	1.074797e+05	5.747313e+04	5.688390e+04	3.029977e+02	2.354534e+01	2020	2	18	18
	4299	3136	150.900936	-20.265599	9.998659e+04	1.844433e+01	1.084813e+05	1.079413e+05	5.771685e+04	5.721225e+04	3.028737e+02	2.533043e+01	2020	2	19	0
	4301	3150	150.971139	-20.757738	9.978841e+04	2.126327e+01	1.082362e+05	1.078235e+05	5.742939e+04	5.700784e+04	3.029412e+02	2.507634e+01	2020	2	19	6
	4299	3129	150.900936	-20.019529	1.000423e+05	2.007915e+01	1.084370e+05	1.079198e+05	5.763729e+04	5.708475e+04	3.028286e+02	2.356169e+01	2020	2	19	12
	4296	3140	150.795632	-20.406210	9.949916e+04	2.320234e+01	1.083659e+05	1.076729e+05	5.744109e+04	5.683199e+04	3.027094e+02	2.190615e+01	2020	2	19	18
	4288	3155	150.514821	-20.933502	9.958284e+04	1.980514e+01	1.085226e+05	1.077701e+05	5.769488e+04	5.718619e+04	3.026148e+02	1.879540e+01	2020	2	20	0
	4297	3134	150.830733	-20.195293	9.933262e+04	2.373727e+01	1.083507e+05	1.077531e+05	5.752756e+04	5.682566e+04	3.027888e+02	2.346921e+01	2020	2	20	6
	4296	3117	150.795632	-19.597695	9.949350e+04	2.123606e+01	1.084669e+05	1.078055e+05	5.764604e+04	5.701490e+04	3.026140e+02	2.377205e+01	2020	2	20	12
	4303	3105	151.041342	-19.175862	9.878632e+04	2.619951e+01	1.081666e+05	1.074798e+05	5.739509e+04	5.665513e+04	3.028179e+02	2.474526e+01	2020	2	20	18
	4311	3115	151.322153	-19.527390	9.904344e+04	2.746625e+01	1.084507e+05	1.078143e+05	5.753643e+04	5.684234e+04	3.025667e+02	2.051463e+01	2020	2	21	0
	4330	3100	151.989080	-19.000098	9.908994e+04	2.439951e+01	1.081845e+05	1.073780e+05	5.734030e+04	5.659654e+04	3.030392e+02	1.550146e+01	2020	2	21	6
	4317	3101	151.532761	-19.035250	9.926614e+04	2.484405e+01	1.082818e+05	1.078104e+05	5.753093e+04	5.687086e+04	3.029445e+02	1.741186e+01	2020	2	21	12
	4360	3112	153.042122	-19.421931	9.901289e+04	2.184130e+01	1.081256e+05	1.074366e+05	5.732992e+04	5.649676e+04	3.028909e+02	1.354043e+01	2020	2	21	18
	4355	3090	152.866615	-18.648569	9.938045e+04	1.668808e+01	1.083428e+05	1.078449e+05	5.756021e+04	5.681234e+04	3.030384e+02	2.164899e+01	2020	2	22	0
	4387	3122	153.989860	-19.773460	9.888891e+04	2.331624e+01	1.081979e+05	1.076330e+05	5.736489e+04	5.667577e+04	3.030505e+02	1.601890e+01	2020	2	22	6
	4362	3114	153.112324	-19.492237	9.915422e+04	2.322248e+01	1.084889e+05	1.078970e+05	5.759305e+04	5.702625e+04	3.025706e+02	9.113610e+00	2020	2	22	12
	4369	3128	153.358034	-19.984376	9.893199e+04	2.480135e+01	1.081384e+05	1.076269e+05	5.742516e+04	5.671541e+04	3.024356e+02	1.104877e+01	2020	2	22	18
	4362	3117	153.112324	-19.597695	9.918715e+04	2.439914e+01	1.084492e+05	1.079223e+05	5.769215e+04	5.692187e+04	3.024341e+02	1.582790e+01	2020	2	23	0
	4354	3121	152.831513	-19.738307	9.920148e+04	1.815838e+01	1.086181e+05	1.077183e+05	5.752142e+04	5.695180e+04	3.023101e+02	1.593059e+01	2020	2	23	6
	4338	3113	152.269891	-19.457084	9.949127e+04	1.983914e+01	1.085210e+05	1.081374e+05	5.773928e+04	5.713009e+04	3.020974e+02	9.164225e+00	2020	2	23	12
	4347	3121	152.585803	-19.738307	9.913062e+04	2.313204e+01	1.086194e+05	1.079344e+05	5.761789e+04	5.687967e+04	3.021276e+02	1.275908e+01	2020	2	23	18
	4335	3109	152.164587	-19.316473	9.961733e+04	1.780340e+01	1.086312e+05	1.080925e+05	5.784818e+04	5.738685e+04	3.020719e+02	1.553540e+01	2020	2	24	0
	4345	3102	152.515601	-19.070403	9.949852e+04	1.827907e+01	1.084778e+05	1.079718e+05	5.766844e+04	5.708421e+04	3.026007e+02	1.217116e+01	2020	2	24	6
	4338	3090	152.269891	-18.648569	9.981160e+04	1.947887e+01	1.086709e+05	1.082324e+05	5.783141e+04	5.724807e+04	3.025500e+02	1.117287e+01	2020	2	24	12
	4338	3073	152.269891	-18.050971	9.962536e+04	2.135977e+01	1.083224e+05	1.077865e+05	5.762288e+04	5.717453e+04	3.026975e+02	1.503129e+01	2020	2	24	18
	4339	3061	152.304992	-17.629138	9.989473e+04	1.726181e+01	1.086331e+05	1.080640e+05	5.775776e+04	5.736728e+04	3.029094e+02	1.599431e+01	2020	2	25	0
	4375	3060	153.568643	-17.593985	9.946063e+04	1.892084e+01	1.083829e+05	1.078758e+05	5.748862e+04	5.690805e+04	3.035933e+02	1.339040e+01	2020	2	25	6
	4347	3019	152.585803	-16.152719	9.959169e+04	2.144678e+01	1.086227e+05	1.081164e+05	5.768420e+04	5.716793e+04	3.031063e+02	1.393815e+01	2020	2	25	12
	4381	3034	153.779251	-16.680012	9.933701e+04	2.175128e+01	1.082772e+05	1.076699e+05	5.739686e+04	5.681937e+04	3.032384e+02	1.580545e+01	2020	2	25	18
	4378	3018	153.673947	-16.117567	9.953003e+04	2.365948e+01	1.084242e+05	1.078486e+05	5.757632e+04	5.702048e+04	3.031981e+02	1.557422e+01	2020	2	26	0
	4402	3026	154.516381	-16.398789	9.902385e+04	2.079259e+01	1.081425e+05	1.077011e+05	5.741037e+04	5.686105e+04	3.038039e+02	1.322744e+01	2020	2	26	6
	4409	3011	154.762090	-15.871497	9.921691e+04	2.910931e+01	1.084900e+05	1.077098e+05	5.768750e+04	5.680278e+04	3.034556e+02	1.665532e+01	2020	2	26	12
	4434	3046	155.639626	-17.101845	9.899623e+04	2.544377e+01	1.081358e+05	1.074912e+05	5.741882e+04	5.679581e+04	3.034275e+02	1.803010e+01	2020	2	26	18
	4443	3043	155.955538	-16.996387	9.899738e+04	3.127152e+01	1.086220e+05	1.074493e+05	5.764916e+04	5.665798e+04	3.033030e+02	1.974762e+01	2020	2	27	0
	4459	3069	156.517161	-17.910360	9.877888e+04	3.125753e+01	1.080939e+05	1.067731e+05	5.747536e+04	5.655094e+04	3.037176e+02	1.913037e+01	2020	2	27	6
	4479	3069	157.219189	-17.910360	9.868170e+04	2.612265e+01	1.082390e+05	1.074371e+05	5.772493e+04	5.667546e+04	3.036179e+02	1.628224e+01	2020	2	27	12
	4509	3074	158.272231	-18.086124	9.822029e+04	3.347695e+01	1.081915e+05	1.068453e+05	5.749297e+04	5.610214e+04	3.036888e+02	2.411156e+01	2020	2	27	18
	4547	3085	159.606084	-18.472805	9.797432e+04	3.322695e+01	1.082259e+05	1.072277e+05	5.766951e+04	5.618439e+04	3.035450e+02	2.036893e+01	2020	2	28	0
	4594	3093	161.255850	-18.754028	9.741234e+04	3.234063e+01	1.080425e+05	1.070126e+05	5.748480e+04	5.622451e+04	3.036048e+02	1.834488e+01	2020	2	28	6
	4647	3094	163.116225	-18.789181	9.829910e+04	2.972594e+01	1.082629e+05	1.070747e+05	5.769891e+04	5.653621e+04	3.033928e+02	2.229057e+01	2020	2	28	12
	4692	3114	164.695788	-19.492237	9.755910e+04	3.712821e+01	1.080368e+05	1.066209e+05	5.739356e+04	5.609676e+04	3.029734e+02	2.697664e+01	2020	2	28	18
	4741	3127	166.415757	-19.949224	9.873820e+04	2.762808e+01	1.081614e+05	1.065657e+05	5.756476e+04	5.600352e+04	3.029431e+02	2.848155e+01	2020	2	29	0
	4814	3165	168.978159	-21.285031	9.865405e+04	3.218348e+01	1.082669e+05	1.063336e+05	5.741148e+04	5.602899e+04	3.025293e+02	2.637849e+01	2020	2	29	6
	4955	3172	173.927457	-21.531100	9.890618e+04	3.388777e+01	1.081712e+05	1.068214e+05	5.764891e+04	5.635320e+04	3.015876e+02	2.506793e+01	2020	2	29	12
	4899	3187	171.961778	-22.058393	9.936712e+04	1.995298e+01	1.080372e+05	1.060183e+05	5.747022e+04	5.650712e+04	3.011912e+02	1.571255e+01	2020	2	29	18
start	13	2020	2	17	18
	1408	3186	49.422777	-22.023240	1.005023e+05	2.160684e+01	1.081171e+05	1.070777e+05	5.781732e+04	5.709718e+04	3.024124e+02	2.347623e+01	2020	2	17	18
	1421	3193	49.879095	-22.269310	9.977575e+04	3.137706e+01	1.080032e+05	1.071367e+05	5.766994e+04	5.671641e+04	3.022933e+02	1.621644e+01	2020	2	18	0
	1383	3204	48.545242	-22.655991	1.001434e+05	2.310629e+01	1.082279e+05	1.073692e+05	5.777114e+04	5.714380e+04	3.021649e+02	1.710478e+01	2020	2	18	6
	1416	3209	49.703588	-22.831755	1.000272e+05	2.445450e+01	1.081223e+05	1.074333e+05	5.767420e+04	5.705747e+04	3.025631e+02	1.994904e+01	2020	2	18	12
	1384	3216	48.580343	-23.077824	1.003994e+05	2.135761e+01	1.081515e+05	1.076312e+05	5.772696e+04	5.726859e+04	3.024228e+02	1.924083e+01	2020	2	18	18
	1376	3237	48.299532	-23.816033	1.001419e+05	1.990695e+01	1.080283e+05	1.072948e+05	5.750284e+04	5.694696e+04	3.022175e+02	1.745918e+01	2020	2	19	0
	1411	3267	49.528081	-24.870618	9.974483e+04	2.610359e+01	1.081522e+05	1.069973e+05	5.765047e+04	5.712038e+04	3.014195e+02	1.803457e+01	2020	2	19	6
	1409	3287	49.457878	-25.573674	9.982015e+04	2.343287e+01	1.080345e+05	1.063001e+05	5.746034e+04	5.675894e+04	3.013772e+02	2.619274e+01	2020	2	19	12
	1449	3282	50.861934	-25.397910	9.986804e+04	2.786719e+01	1.079245e+05	1.062825e+05	5.759821e+04	5.661116e+04	3.011863e+02	2.563593e+01	2020	2	19	18
	1500	3336	52.652106	-27.296162	9.961787e+04	3.095371e+01	1.075522e+05	1.052074e+05	5.730923e+04	5.529836e+04	3.001739e+02	2.479381e+01	2020	2	20	0
	1532	3352	53.775351	-27.858607	9.990849e+04	2.484420e+01	1.077629e+05	1.050388e+05	5.748313e+04	5.523345e+04	2.998856e+02	1.413873e+01	2020	2	20	6
	1606	3419	56.372855	-30.213846	9.971093e+04	2.324588e+01	1.076734e+05	1.045165e+05	5.740534e+04	5.493666e+04	2.980140e+02	1.253883e+01	2020	2	20	12
	1677	3541	58.865055	-34.502490	9.977552e+04	2.907540e+01	1.076780e+05	1.037851e+05	5.752234e+04	5.497126e+04	2.950285e+02	2.011064e+01	2020	2	20	18
start	25	2020	2	21	18
	2253	2886	79.083463	-11.477395	1.005753e+05	2.295595e+01	1.081719e+05	1.074637e+05	5.783473e+04	5.717532e+04	3.034702e+02	3.126696e+01	2020	2	21	18
	2238	2926	78.556942	-12.883507	1.002783e+05	2.273608e+01	1.079675e+05	1.074768e+05	5.758380e+04	5.713672e+04	3.033438e+02	2.591753e+01	2020	2	22	0
	2149	2876	75.432917	-11.125867	1.005740e+05	2.145908e+01	1.080983e+05	1.077605e+05	5.771486e+04	5.732992e+04	3.034314e+02	2.211407e+01	2020	2	22	6
	2230	2958	78.276131	-14.008398	1.004337e+05	1.468895e+01	1.081018e+05	1.076836e+05	5.770963e+04	5.716526e+04	3.034224e+02	2.784950e+01	2020	2	22	12
	2208	2972	77.503900	-14.500537	1.006744e+05	1.588945e+01	1.081229e+05	1.078730e+05	5.775777e+04	5.740262e+04	3.034831e+02	3.041440e+01	2020	2	22	18
	2182	2983	76.591264	-14.887218	1.003567e+05	1.659922e+01	1.079863e+05	1.076492e+05	5.764783e+04	5.716893e+04	3.034434e+02	2.224174e+01	2020	2	23	0
	2151	2970	75.503120	-14.430231	1.003631e+05	1.577091e+01	1.081139e+05	1.079007e+05	5.785280e+04	5.739643e+04	3.036148e+02	2.284957e+01	2020	2	23	6
	2158	2969	75.748830	-14.395079	1.002760e+05	1.634053e+01	1.081444e+05	1.077915e+05	5.760258e+04	5.727810e+04	3.039263e+02	2.066903e+01	2020	2	23	12
	2121	2983	74.450078	-14.887218	1.005555e+05	1.649060e+01	1.082658e+05	1.078202e+05	5.780309e+04	5.743063e+04	3.039761e+02	2.124451e+01	2020	2	23	18
	2123	3002	74.520281	-15.555121	1.000853e+05	1.882802e+01	1.081551e+05	1.076755e+05	5.765958e+04	5.721997e+04	3.036824e+02	1.832204e+01	2020	2	24	0
	2122	3000	74.485179	-15.484816	1.003842e+05	1.706861e+01	1.082739e+05	1.078825e+05	5.786555e+04	5.735674e+04	3.036341e+02	1.721840e+01	2020	2	24	6
	2107	2998	73.958658	-15.414510	1.001499e+05	1.555815e+01	1.080643e+05	1.077707e+05	5.763534e+04	5.723024e+04	3.039134e+02	1.908892e+01	2020	2	24	12
	2103	3017	73.818253	-16.082414	1.001145e+05	2.048130e+01	1.084180e+05	1.076990e+05	5.775611e+04	5.727357e+04	3.037154e+02	2.056539e+01	2020	2	24	18
	2104	3007	73.853354	-15.730886	1.000714e+05	1.925751e+01	1.081807e+05	1.076330e+05	5.758614e+04	5.712068e+04	3.036447e+02	1.982749e+01	2020	2	25	0
	2087	3023	73.256630	-16.293331	1.002191e+05	2.058583e+01	1.081669e+05	1.076226e+05	5.770120e+04	5.724843e+04	3.037655e+02	2.019109e+01	2020	2	25	6
	2071	3045	72.695008	-17.066693	9.986476e+04	1.651084e+01	1.080828e+05	1.074358e+05	5.744805e+04	5.690605e+04	3.039351e+02	2.055744e+01	2020	2	25	12
	2101	3035	73.748050	-16.715164	9.996774e+04	1.954153e+01	1.081567e+05	1.075360e+05	5.767624e+04	5.715523e+04	3.035985e+02	2.640621e+01	2020	2	25	18
	2080	3030	73.010920	-16.539400	9.984010e+04	1.816018e+01	1.079334e+05	1.072088e+05	5.744831e+04	5.695626e+04	3.036402e+02	1.790156e+01	2020	2	26	0
	2098	3061	73.642746	-17.629138	9.972936e+04	2.044210e+01	1.082009e+05	1.070076e+05	5.759653e+04	5.684507e+04	3.031897e+02	2.947177e+01	2020	2	26	6
	2165	3079	75.994540	-18.261888	9.958150e+04	2.260898e+01	1.080599e+05	1.071231e+05	5.749812e+04	5.661048e+04	3.028621e+02	3.923341e+01	2020	2	26	12
	2173	3112	76.275351	-19.421931	9.900620e+04	3.330761e+01	1.081078e+05	1.070522e+05	5.765269e+04	5.625359e+04	3.024143e+02	3.001879e+01	2020	2	26	18
	2180	3124	76.521061	-19.843765	9.954780e+04	2.322988e+01	1.080610e+05	1.067150e+05	5.749985e+04	5.635818e+04	3.020400e+02	2.471054e+01	2020	2	27	0
	2156	3118	75.678627	-19.632848	9.975011e+04	2.126332e+01	1.080800e+05	1.067826e+05	5.753339e+04	5.672301e+04	3.023076e+02	1.723508e+01	2020	2	27	6
	2270	3152	79.680187	-20.828044	9.949769e+04	2.910937e+01	1.081277e+05	1.068401e+05	5.757798e+04	5.637091e+04	3.019479e+02	2.606472e+01	2020	2	27	12
	2211	3161	77.609204	-21.144419	9.986745e+04	2.369422e+01	1.082343e+05	1.066870e+05	5.761273e+04	5.677519e+04	3.016105e+02	2.199135e+01	2020	2	27	18
start	26	2020	3	3	6
	5417	3409	190.144306	-29.862318	9.917394e+04	2.619949e+01	1.074515e+05	1.056920e+05	5.720685e+04	5.577885e+04	2.993736e+02	1.571535e+01	2020	3	3	6
	5392	3386	189.266771	-29.053803	9.906659e+04	2.042673e+01	1.074963e+05	1.055809e+05	5.722181e+04	5.596662e+04	2.993223e+02	1.674386e+01	2020	3	3	12
	5420	3373	190.249610	-28.596817	9.909827e+04	2.139835e+01	1.075254e+05	1.052904e+05	5.725961e+04	5.586859e+04	3.000347e+02	1.632958e+01	2020	3	3	18
	5455	3407	191.478159	-29.792012	9.906402e+04	2.577661e+01	1.072798e+05	1.057009e+05	5.704804e+04	5.574463e+04	2.996442e+02	1.926336e+01	2020	3	4	0
	5432	3448	190.670827	-31.233278	9.876495e+04	3.349397e+01	1.068029e+05	1.055341e+05	5.671977e+04	5.554480e+04	2.985669e+02	2.254185e+01	2020	3	4	6
	5438	3416	190.881435	-30.108388	9.854994e+04	2.871852e+01	1.069285e+05	1.055900e+05	5.681830e+04	5.543710e+04	2.991679e+02	1.933905e+01	2020	3	4	12
	5413	3425	190.003900	-30.424763	9.840369e+04	2.471281e+01	1.064043e+05	1.053966e+05	5.659463e+04	5.532994e+04	2.983694e+02	1.398399e+01	2020	3	4	18
	5429	3421	190.565523	-30.284152	9.847026e+04	2.393040e+01	1.062013e+05	1.053015e+05	5.661424e+04	5.531148e+04	2.989487e+02	1.192783e+01	2020	3	5	0
	5412	3416	189.968799	-30.108388	9.828248e+04	2.065572e+01	1.062275e+05	1.054138e+05	5.660447e+04	5.530523e+04	2.982865e+02	1.027134e+01	2020	3	5	6
	5444	3435	191.092044	-30.776291	9.837679e+04	2.169338e+01	1.060470e+05	1.053707e+05	5.659054e+04	5.533462e+04	2.984481e+02	1.608364e+01	2020	3	5	12
	5444	3445	191.092044	-31.127819	9.845268e+04	2.410417e+01	1.060212e+05	1.053700e+05	5.657914e+04	5.532989e+04	2.979237e+02	1.271434e+01	2020	3	5	18
	5447	3485	191.197348	-32.533932	9.852988e+04	1.994269e+01	1.060038e+05	1.053202e+05	5.656130e+04	5.540043e+04	2.969048e+02	1.118840e+01	2020	3	6	0
	5439	3499	190.916537	-33.026071	9.858666e+04	1.988923e+01	1.059738e+05	1.051133e+05	5.651920e+04	5.541700e+04	2.963459e+02	1.102314e+01	2020	3	6	6
	5446	3544	191.162246	-34.607948	9.880615e+04	2.308585e+01	1.059503e+05	1.048184e+05	5.655561e+04	5.549799e+04	2.960272e+02	1.573280e+01	2020	3	6	12
	5424	3580	190.390016	-35.873450	9.867955e+04	2.024110e+01	1.060359e+05	1.042466e+05	5.643050e+04	5.537248e+04	2.952565e+02	1.517474e+01	2020	3	6	18
	5416	3634	190.109204	-37.771702	9.857091e+04	2.168933e+01	1.059318e+05	1.036410e+05	5.636615e+04	5.512961e+04	2.947689e+02	1.861309e+01	2020	3	7	0
	5422	3712	190.319813	-40.513621	9.808338e+04	2.190555e+01	1.054821e+05	1.030533e+05	5.614377e+04	5.457925e+04	2.939345e+02	2.303992e+01	2020	3	7	6
	5452	3796	191.372855	-43.466458	9.760161e+04	2.709283e+01	1.052500e+05	1.028151e+05	5.611602e+04	5.405104e+04	2.925172e+02	2.054915e+01	2020	3	7	12
	5456	3874	191.513261	-46.208378	9.708145e+04	2.431096e+01	1.047732e+05	1.019128e+05	5.585659e+04	5.348241e+04	2.908128e+02	1.317533e+01	2020	3	7	18
	5493	3945	192.812012	-48.704228	9.715998e+04	2.258567e+01	1.046814e+05	1.019085e+05	5.579643e+04	5.336379e+04	2.887032e+02	9.152299e+00	2020	3	8	0
	5509	4021	193.373635	-51.375842	9.728723e+04	2.068744e+01	1.042708e+05	1.018646e+05	5.543091e+04	5.328265e+04	2.864292e+02	1.040772e+01	2020	3	8	6
	5535	4071	194.286271	-53.133483	9.763754e+04	1.891156e+01	1.036263e+05	1.018834e+05	5.528069e+04	5.334168e+04	2.855463e+02	8.901442e+00	2020	3	8	12
	5577	4107	195.760530	-54.398984	9.791219e+04	1.852273e+01	1.034475e+05	1.016084e+05	5.531948e+04	5.338303e+04	2.842403e+02	5.380641e+00	2020	3	8	18
	5639	4130	197.936817	-55.207499	9.808724e+04	1.863663e+01	1.035565e+05	1.011773e+05	5.545061e+04	5.338776e+04	2.839049e+02	3.616029e+00	2020	3	9	0
	5759	4149	202.148986	-55.875402	9.829757e+04	1.956795e+01	1.040694e+05	1.006887e+05	5.566063e+04	5.320172e+04	2.835456e+02	4.205624e+00	2020	3	9	6
	5928	4179	208.081123	-56.929987	9.866505e+04	1.818489e+01	1.042031e+05	9.978710e+04	5.564268e+04	5.275310e+04	2.817172e+02	2.951325e+00	2020	3	9	12
start	17	2020	3	11	0
	6326	3260	222.051482	-24.624548	1.001536e+05	2.353389e+01	1.073163e+05	1.060635e+05	5.740019e+04	5.660440e+04	3.025820e+02	1.968046e+01	2020	3	11	0
	6388	3313	224.227769	-26.487648	1.000819e+05	2.986134e+01	1.076568e+05	1.063633e+05	5.762107e+04	5.663788e+04	3.008630e+02	2.183505e+01	2020	3	11	6
	6362	3306	223.315133	-26.241578	1.002634e+05	2.571897e+01	1.073226e+05	1.061285e+05	5.747268e+04	5.669601e+04	3.008101e+02	2.512405e+01	2020	3	11	12
	6305	3351	221.314353	-27.823455	1.001675e+05	2.851167e+01	1.073934e+05	1.061767e+05	5.754342e+04	5.657195e+04	3.005446e+02	2.149984e+01	2020	3	11	18
	6296	3359	220.998440	-28.104677	9.977899e+04	2.797508e+01	1.072514e+05	1.061509e+05	5.735438e+04	5.642419e+04	3.005956e+02	1.986390e+01	2020	3	12	0
	6272	3377	220.156006	-28.737428	9.956492e+04	2.865049e+01	1.072702e+05	1.061795e+05	5.744320e+04	5.621821e+04	3.004777e+02	1.500053e+01	2020	3	12	6
	6268	3392	220.015601	-29.264720	9.943062e+04	2.278911e+01	1.070838e+05	1.061245e+05	5.727641e+04	5.622956e+04	3.000562e+02	1.143637e+01	2020	3	12	12
	6272	3413	220.156006	-30.002929	9.951473e+04	2.479035e+01	1.072421e+05	1.061737e+05	5.728718e+04	5.627490e+04	2.992185e+02	7.124103e+00	2020	3	12	18
	6272	3429	220.156006	-30.565374	9.944648e+04	2.040986e+01	1.070737e+05	1.060181e+05	5.714080e+04	5.616141e+04	2.993052e+02	6.790002e+00	2020	3	13	0
	6280	3451	220.436817	-31.338736	9.960474e+04	2.242243e+01	1.070855e+05	1.059513e+05	5.724905e+04	5.629674e+04	2.986082e+02	8.418916e+00	2020	3	13	6
	6287	3467	220.682527	-31.901181	9.941163e+04	1.984696e+01	1.067634e+05	1.056779e+05	5.721995e+04	5.624254e+04	2.982480e+02	6.687961e+00	2020	3	13	12
	6318	3499	221.770671	-33.026071	9.976788e+04	1.868008e+01	1.069453e+05	1.054136e+05	5.733001e+04	5.647659e+04	2.973884e+02	5.558379e+00	2020	3	13	18
	6347	3525	222.788612	-33.940045	9.976901e+04	1.871469e+01	1.070241e+05	1.050301e+05	5.724581e+04	5.634594e+04	2.972800e+02	7.623052e+00	2020	3	14	0
	6362	3545	223.315133	-34.643101	9.987420e+04	1.842098e+01	1.071197e+05	1.044167e+05	5.731900e+04	5.624473e+04	2.966543e+02	1.156357e+01	2020	3	14	6
	6383	3596	224.052262	-36.435895	9.961811e+04	1.813394e+01	1.066629e+05	1.038689e+05	5.699047e+04	5.584416e+04	2.953023e+02	1.888236e+01	2020	3	14	12
	6423	3641	225.456318	-38.017771	9.968815e+04	1.832490e+01	1.064493e+05	1.038517e+05	5.699589e+04	5.576718e+04	2.940856e+02	1.732676e+01	2020	3	14	18
	6459	3672	226.719969	-39.107509	9.953638e+04	2.103672e+01	1.060629e+05	1.038397e+05	5.680955e+04	5.550338e+04	2.937161e+02	1.509422e+01	2020	3	15	0
start	27	2020	3	17	12
	3521	2893	123.592044	-11.723464	1.003111e+05	1.848502e+01	1.083625e+05	1.077838e+05	5.772125e+04	5.734698e+04	3.042959e+02	1.673685e+01	2020	3	17	12
	3549	2906	124.574883	-12.180451	1.001558e+05	1.604894e+01	1.079976e+05	1.075706e+05	5.754771e+04	5.709649e+04	3.041657e+02	2.033133e+01	2020	3	17	18
	3511	2900	123.241030	-11.969534	1.000244e+05	2.432444e+01	1.083159e+05	1.076121e+05	5.762923e+04	5.706412e+04	3.041232e+02	2.074493e+01	2020	3	18	0
	3474	2932	121.942278	-13.094424	1.000147e+05	1.845998e+01	1.083997e+05	1.075879e+05	5.755165e+04	5.705273e+04	3.048549e+02	2.374204e+01	2020	3	18	6
	3512	2991	123.276131	-15.168441	1.001288e+05	2.123647e+01	1.084310e+05	1.074587e+05	5.786233e+04	5.717604e+04	3.053796e+02	1.752486e+01	2020	3	18	12
	3457	2896	121.345554	-11.828923	1.000972e+05	1.749975e+01	1.082730e+05	1.075890e+05	5.753167e+04	5.708575e+04	3.041880e+02	2.367821e+01	2020	3	18	18
	3462	2925	121.521061	-12.848355	1.002212e+05	1.782709e+01	1.082970e+05	1.076972e+05	5.761604e+04	5.717435e+04	3.043284e+02	1.927527e+01	2020	3	19	0
	3433	2917	120.503120	-12.567132	9.979897e+04	1.879538e+01	1.082349e+05	1.076862e+05	5.753219e+04	5.696686e+04	3.044117e+02	2.651190e+01	2020	3	19	6
	3424	2930	120.187207	-13.024119	1.000520e+05	1.800006e+01	1.084679e+05	1.079320e+05	5.778264e+04	5.720651e+04	3.042429e+02	2.223302e+01	2020	3	19	12
	3397	2943	119.239470	-13.481105	9.942694e+04	2.118358e+01	1.081799e+05	1.073939e+05	5.759048e+04	5.691910e+04	3.040923e+02	1.855549e+01	2020	3	19	18
	3370	2953	118.291732	-13.832633	9.942834e+04	2.249449e+01	1.082445e+05	1.077624e+05	5.764514e+04	5.695823e+04	3.039627e+02	1.317960e+01	2020	3	20	0
	3350	2962	117.589704	-14.149009	9.916741e+04	2.618190e+01	1.081846e+05	1.074963e+05	5.747638e+04	5.680582e+04	3.040215e+02	1.670404e+01	2020	3	20	6
	3320	2971	116.536661	-14.465384	9.924249e+04	2.804950e+01	1.082540e+05	1.075758e+05	5.762664e+04	5.699741e+04	3.040613e+02	2.052733e+01	2020	3	20	12
	3305	3000	116.010140	-15.484816	9.804360e+04	2.979262e+01	1.081305e+05	1.075490e+05	5.750632e+04	5.632190e+04	3.038470e+02	1.966319e+01	2020	3	20	18
	3294	3016	115.624025	-16.047261	9.747008e+04	4.231276e+01	1.083717e+05	1.073548e+05	5.758019e+04	5.628357e+04	3.037121e+02	1.599439e+01	2020	3	21	0
	3261	3001	114.465679	-15.519969	9.880273e+04	2.352478e+01	1.081030e+05	1.071183e+05	5.743825e+04	5.669738e+04	3.038725e+02	1.041749e+01	2020	3	21	6
	3242	3010	113.798752	-15.836344	9.872139e+04	2.589941e+01	1.082123e+05	1.074073e+05	5.758584e+04	5.667163e+04	3.036998e+02	1.048277e+01	2020	3	21	12
	3231	3014	113.412637	-15.976955	9.924891e+04	2.763898e+01	1.081682e+05	1.073183e+05	5.750795e+04	5.688189e+04	3.035519e+02	1.635188e+01	2020	3	21	18
	3226	3022	113.237129	-16.258178	9.954216e+04	2.452763e+01	1.083383e+05	1.073229e+05	5.762273e+04	5.703447e+04	3.034038e+02	9.257971e+00	2020	3	22	0
	3197	3036	112.219189	-16.750317	9.971529e+04	1.872446e+01	1.080848e+05	1.073943e+05	5.761971e+04	5.704135e+04	3.033233e+02	4.876375e+00	2020	3	22	6
	3154	3058	110.709828	-17.523679	9.977970e+04	2.296253e+01	1.082249e+05	1.074398e+05	5.765782e+04	5.719832e+04	3.031411e+02	6.957902e+00	2020	3	22	12
	3139	3080	110.183307	-18.297041	9.996367e+04	2.715825e+01	1.082532e+05	1.071464e+05	5.762963e+04	5.713193e+04	3.029247e+02	6.020731e+00	2020	3	22	18
	3108	3056	109.095164	-17.453374	1.001390e+05	2.029057e+01	1.083333e+05	1.073082e+05	5.777107e+04	5.716783e+04	3.031559e+02	2.103594e+00	2020	3	23	0
	3117	3059	109.411076	-17.558832	1.002494e+05	1.240074e+01	1.080665e+05	1.074584e+05	5.771506e+04	5.740057e+04	3.033443e+02	3.722121e+00	2020	3	23	6
	3065	3082	107.585803	-18.367347	1.003115e+05	2.190735e+01	1.081136e+05	1.072080e+05	5.779933e+04	5.730227e+04	3.024844e+02	5.141254e+00	2020	3	23	12
	3037	3095	106.602964	-18.824333	1.004009e+05	2.275426e+01	1.080305e+05	1.068699e+05	5.776924e+04	5.730300e+04	3.024365e+02	8.145197e+00	2020	3	23	18
	2997	3100	105.198908	-19.000098	1.003051e+05	2.327971e+01	1.085196e+05	1.066673e+05	5.780664e+04	5.709518e+04	3.020485e+02	3.864169e+00	2020	3	24	0
start	24	2020	3	20	6
	4123	2881	144.723089	-11.301631	9.989518e+04	1.424390e+01	1.081170e+05	1.077475e+05	5.734668e+04	5.702917e+04	3.045483e+02	2.738416e+01	2020	3	20	6
	4143	2859	145.425117	-10.528269	1.001626e+05	1.694086e+01	1.082850e+05	1.078856e+05	5.760360e+04	5.719431e+04	3.045904e+02	3.105174e+01	2020	3	20	12
	3995	2822	140.230109	-9.227614	1.000144e+05	1.917854e+01	1.080628e+05	1.076443e+05	5.745794e+04	5.694869e+04	3.043376e+02	3.031474e+01	2020	3	20	18
	4026	2832	141.318253	-9.579143	1.001555e+05	1.448784e+01	1.082956e+05	1.078716e+05	5.763909e+04	5.728082e+04	3.046161e+02	2.796371e+01	2020	3	21	0
	4176	2906	146.583463	-12.180451	9.964986e+04	2.576576e+01	1.081314e+05	1.076846e+05	5.739403e+04	5.698335e+04	3.041992e+02	2.295092e+01	2020	3	21	6
	4188	2904	147.004680	-12.110145	1.002548e+05	1.508252e+01	1.083430e+05	1.080209e+05	5.770880e+04	5.728518e+04	3.040910e+02	2.247241e+01	2020	3	21	12
	4179	2886	146.688768	-11.477395	9.984188e+04	1.933835e+01	1.082477e+05	1.076245e+05	5.748135e+04	5.704991e+04	3.044669e+02	2.614996e+01	2020	3	21	18
	4119	2852	144.582683	-10.282199	1.001142e+05	1.796603e+01	1.085655e+05	1.080048e+05	5.776735e+04	5.739385e+04	3.041691e+02	2.219739e+01	2020	3	22	0
	4142	2867	145.390016	-10.809491	9.996375e+04	1.573312e+01	1.084211e+05	1.080119e+05	5.761968e+04	5.718716e+04	3.043830e+02	2.029275e+01	2020	3	22	6
	4171	2865	146.407956	-10.739186	1.004394e+05	1.444228e+01	1.087617e+05	1.082544e+05	5.796047e+04	5.752417e+04	3.044760e+02	2.144668e+01	2020	3	22	12
	4205	2891	147.601404	-11.653159	1.000832e+05	2.111931e+01	1.086834e+05	1.079116e+05	5.774387e+04	5.712879e+04	3.043627e+02	2.198216e+01	2020	3	22	18
	4236	2925	148.689548	-12.848355	1.003202e+05	1.979686e+01	1.087050e+05	1.082536e+05	5.797882e+04	5.760853e+04	3.037879e+02	2.240222e+01	2020	3	23	0
	4247	2955	149.075663	-13.902939	1.000836e+05	2.411343e+01	1.085316e+05	1.080685e+05	5.778341e+04	5.722472e+04	3.038875e+02	2.446850e+01	2020	3	23	6
	4240	2979	148.829953	-14.746607	1.002532e+05	2.149318e+01	1.087763e+05	1.083596e+05	5.803348e+04	5.754440e+04	3.035598e+02	2.282570e+01	2020	3	23	12
	4262	2995	149.602184	-15.309052	9.958184e+04	2.891792e+01	1.086741e+05	1.077606e+05	5.781416e+04	5.670251e+04	3.035275e+02	2.716051e+01	2020	3	23	18
	4257	2960	149.426677	-14.078703	1.002410e+05	2.087270e+01	1.087719e+05	1.081866e+05	5.798102e+04	5.735210e+04	3.037007e+02	3.253101e+01	2020	3	24	0
	4292	3008	150.655226	-15.766038	9.970724e+04	2.548555e+01	1.087036e+05	1.078434e+05	5.777368e+04	5.688869e+04	3.039700e+02	2.947424e+01	2020	3	24	6
	4260	2976	149.531981	-14.641148	1.002408e+05	2.528045e+01	1.087835e+05	1.081378e+05	5.795838e+04	5.735336e+04	3.035197e+02	2.616747e+01	2020	3	24	12
	4299	3005	150.900936	-15.660580	9.984987e+04	2.785187e+01	1.085100e+05	1.076092e+05	5.774031e+04	5.696166e+04	3.038064e+02	2.727532e+01	2020	3	24	18
	4269	2955	149.847894	-13.902939	1.003160e+05	2.000498e+01	1.087676e+05	1.082369e+05	5.796449e+04	5.746595e+04	3.036423e+02	3.215230e+01	2020	3	25	0
	4365	3001	153.217629	-15.519969	1.001307e+05	2.421687e+01	1.086500e+05	1.080496e+05	5.774642e+04	5.699382e+04	3.042285e+02	2.927518e+01	2020	3	25	6
	4383	2993	153.849454	-15.238746	9.950774e+04	3.529900e+01	1.088116e+05	1.077361e+05	5.796249e+04	5.644125e+04	3.040892e+02	3.349257e+01	2020	3	25	12
	4350	2998	152.691108	-15.414510	1.001984e+05	2.460195e+01	1.085099e+05	1.076886e+05	5.766939e+04	5.706310e+04	3.039734e+02	2.954301e+01	2020	3	25	18
	4359	3005	153.007020	-15.660580	1.003900e+05	2.450617e+01	1.086978e+05	1.081758e+05	5.793148e+04	5.728310e+04	3.039362e+02	1.879427e+01	2020	3	26	0
start	16	2020	3	21	0
	4624	3299	162.308892	-25.995508	9.962095e+04	3.022097e+01	1.080187e+05	1.057125e+05	5.729534e+04	5.635793e+04	3.014788e+02	3.866234e+01	2020	3	21	0
	4617	3298	162.063183	-25.960355	9.967416e+04	2.351827e+01	1.078959e+05	1.056285e+05	5.724446e+04	5.638945e+04	3.014787e+02	4.252618e+01	2020	3	21	6
	4750	3293	166.731669	-25.784591	9.931718e+04	3.222979e+01	1.083584e+05	1.062896e+05	5.758369e+04	5.632725e+04	3.006628e+02	6.815118e+01	2020	3	21	12
	4764	3349	167.223089	-27.753149	9.913136e+04	3.373968e+01	1.080062e+05	1.057169e+05	5.733484e+04	5.598017e+04	2.996430e+02	7.244527e+01	2020	3	21	18
	4696	3392	164.836193	-29.264720	9.902034e+04	3.035187e+01	1.079289e+05	1.052406e+05	5.729290e+04	5.600121e+04	2.996450e+02	4.109761e+01	2020	3	22	0
	4764	3433	167.223089	-30.705986	9.847663e+04	2.740018e+01	1.075927e+05	1.049851e+05	5.710436e+04	5.559591e+04	2.987074e+02	4.974750e+01	2020	3	22	6
	4791	3460	168.170827	-31.655112	9.811175e+04	2.884630e+01	1.074070e+05	1.046248e+05	5.707382e+04	5.505553e+04	2.974698e+02	4.109970e+01	2020	3	22	12
	4853	3481	170.347114	-32.393321	9.767520e+04	3.209268e+01	1.072605e+05	1.041996e+05	5.703866e+04	5.455479e+04	2.968738e+02	3.246487e+01	2020	3	22	18
	4896	3554	171.856474	-34.959476	9.752992e+04	2.641505e+01	1.063042e+05	1.036345e+05	5.666168e+04	5.433013e+04	2.961537e+02	4.317333e+01	2020	3	23	0
	4912	3580	172.418097	-35.873450	9.733661e+04	3.036124e+01	1.060975e+05	1.031154e+05	5.637332e+04	5.403625e+04	2.960306e+02	3.702413e+01	2020	3	23	6
	4914	3599	172.488300	-36.541353	9.707495e+04	3.496703e+01	1.059645e+05	1.030232e+05	5.620023e+04	5.376325e+04	2.955740e+02	3.302079e+01	2020	3	23	12
	4934	3613	173.190328	-37.033493	9.691820e+04	3.308625e+01	1.055510e+05	1.028204e+05	5.588988e+04	5.354364e+04	2.946512e+02	2.374557e+01	2020	3	23	18
	4977	3627	174.699688	-37.525632	9.739084e+04	2.761400e+01	1.057624e+05	1.028257e+05	5.604966e+04	5.379633e+04	2.949639e+02	1.786394e+01	2020	3	24	0
	5015	3635	176.033541	-37.806855	9.787150e+04	2.429797e+01	1.058636e+05	1.030512e+05	5.601349e+04	5.390769e+04	2.949514e+02	1.097317e+01	2020	3	24	6
	5063	3651	177.718409	-38.369300	9.840108e+04	2.204891e+01	1.059949e+05	1.031213e+05	5.615324e+04	5.416389e+04	2.946995e+02	8.175211e+00	2020	3	24	12
	5087	3673	178.560842	-39.142662	9.855615e+04	1.873111e+01	1.052910e+05	1.029027e+05	5.581648e+04	5.421163e+04	2.946255e+02	7.616435e+00	2020	3	24	18
start	21	2020	3	23	12
	8206	1630	288.042122	32.674543	9.943861e+04	2.659864e+01	1.028738e+05	1.018185e+05	5.541188e+04	5.437454e+04	2.937621e+02	1.529578e+01	2020	3	23	12
	8248	1646	289.516381	32.112098	9.927452e+04	1.997004e+01	1.028693e+05	1.018844e+05	5.542625e+04	5.428627e+04	2.942980e+02	1.083861e+01	2020	3	23	18
	8258	1604	289.867395	33.588517	9.907110e+04	1.959135e+01	1.027914e+05	1.019047e+05	5.533352e+04	5.422543e+04	2.948880e+02	1.414821e+01	2020	3	24	0
	8268	1607	290.218409	33.483058	9.900141e+04	1.862020e+01	1.027146e+05	1.018033e+05	5.519472e+04	5.416308e+04	2.947930e+02	1.283158e+01	2020	3	24	6
	8271	1567	290.323713	34.889171	9.904434e+04	2.069289e+01	1.025786e+05	1.017711e+05	5.521091e+04	5.419069e+04	2.951458e+02	1.245861e+01	2020	3	24	12
	8254	1548	289.726989	35.557074	9.891435e+04	1.874206e+01	1.025553e+05	1.016802e+05	5.506343e+04	5.414457e+04	2.953783e+02	1.476698e+01	2020	3	24	18
	8246	1518	289.446178	36.611659	9.885923e+04	2.215197e+01	1.024377e+05	1.015251e+05	5.503281e+04	5.399962e+04	2.953818e+02	1.578710e+01	2020	3	25	0
	8211	1551	288.217629	35.451616	9.880528e+04	2.400847e+01	1.022522e+05	1.012508e+05	5.473389e+04	5.390742e+04	2.953334e+02	1.028211e+01	2020	3	25	6
	8272	1545	290.358814	35.662533	9.877176e+04	2.156110e+01	1.020779e+05	1.011714e+05	5.478766e+04	5.391148e+04	2.950920e+02	8.940165e+00	2020	3	25	12
	8264	1515	290.078003	36.717117	9.867168e+04	2.008767e+01	1.020397e+05	1.010111e+05	5.469257e+04	5.369826e+04	2.951787e+02	8.357278e+00	2020	3	25	18
	8294	1536	291.131045	35.978908	9.874189e+04	2.250249e+01	1.025103e+05	1.008630e+05	5.508704e+04	5.374002e+04	2.948389e+02	8.127830e+00	2020	3	26	0
	8353	1535	293.202028	36.014061	9.885062e+04	2.239601e+01	1.025027e+05	1.005953e+05	5.504021e+04	5.370468e+04	2.947575e+02	9.285776e+00	2020	3	26	6
	8389	1504	294.465679	37.103798	9.853561e+04	2.322733e+01	1.021908e+05	1.000508e+05	5.486052e+04	5.352244e+04	2.945211e+02	1.149171e+01	2020	3	26	12
	8419	1487	295.518721	37.701396	9.803790e+04	2.782770e+01	1.019494e+05	9.966995e+04	5.458788e+04	5.313748e+04	2.939948e+02	1.091101e+01	2020	3	26	18
	8458	1441	296.887676	39.318426	9.777688e+04	2.564340e+01	1.016159e+05	9.936763e+04	5.440230e+04	5.273986e+04	2.933187e+02	1.230608e+01	2020	3	27	0
	8448	1406	296.536661	40.548774	9.738420e+04	2.550991e+01	1.008663e+05	9.910637e+04	5.395530e+04	5.224562e+04	2.924489e+02	8.934375e+00	2020	3	27	6
	8440	1369	296.255850	41.849429	9.738677e+04	2.283488e+01	1.006756e+05	9.911062e+04	5.380224e+04	5.211116e+04	2.888575e+02	6.088573e+00	2020	3	27	12
	8402	1373	294.921997	41.708817	9.753341e+04	1.880336e+01	1.006205e+05	9.893269e+04	5.377966e+04	5.203075e+04	2.883216e+02	3.614988e+00	2020	3	27	18
	8414	1416	295.343214	40.197246	9.800098e+04	2.100530e+01	1.014920e+05	9.900575e+04	5.428339e+04	5.226675e+04	2.930134e+02	4.106702e+00	2020	3	28	0
	8470	1453	297.308892	38.896592	9.836555e+04	2.177128e+01	1.018916e+05	9.891696e+04	5.442977e+04	5.246042e+04	2.929058e+02	4.595308e+00	2020	3	28	6
	8588	1457	301.450858	38.755981	9.872501e+04	2.014652e+01	1.016532e+05	9.912214e+04	5.462391e+04	5.270349e+04	2.918400e+02	6.968606e+00	2020	3	28	12
start	10	2020	3	29	12
	3682	2561	129.243370	-0.052729	1.005653e+05	1.577028e+01	1.083586e+05	1.078588e+05	5.769402e+04	5.746198e+04	3.060173e+02	9.830350e+00	2020	3	29	12
	3778	2454	132.613105	3.708622	1.003687e+05	1.208411e+01	1.082787e+05	1.075933e+05	5.765088e+04	5.725743e+04	3.033234e+02	2.590090e+01	2020	3	29	18
	3759	2406	131.946178	5.395957	1.005720e+05	1.507667e+01	1.084218e+05	1.078761e+05	5.781856e+04	5.738949e+04	3.028255e+02	1.929217e+01	2020	3	30	0
	3782	2413	132.753510	5.149888	1.004498e+05	1.595824e+01	1.080393e+05	1.076349e+05	5.764248e+04	5.724081e+04	3.031802e+02	1.816818e+01	2020	3	30	6
	3793	2369	133.139626	6.696612	1.006515e+05	1.420499e+01	1.084559e+05	1.079636e+05	5.778736e+04	5.744221e+04	3.031611e+02	1.220126e+01	2020	3	30	12
	3817	2389	133.982059	5.993555	1.003869e+05	1.712395e+01	1.082065e+05	1.075654e+05	5.764885e+04	5.724110e+04	3.035402e+02	2.624664e+01	2020	3	30	18
	3788	2367	132.964119	6.766917	1.005745e+05	2.066377e+01	1.084978e+05	1.077223e+05	5.782168e+04	5.742578e+04	3.029078e+02	3.434821e+01	2020	3	31	0
	3871	2376	135.877535	6.450542	1.003978e+05	1.733424e+01	1.082749e+05	1.074585e+05	5.760788e+04	5.721007e+04	3.038708e+02	3.415143e+01	2020	3	31	6
	3887	2391	136.439158	5.923250	1.005565e+05	2.111291e+01	1.084551e+05	1.075938e+05	5.784241e+04	5.737020e+04	3.043470e+02	2.367113e+01	2020	3	31	12
	3938	2399	138.229329	5.642027	1.004195e+05	2.195714e+01	1.081522e+05	1.071298e+05	5.778111e+04	5.712155e+04	3.043635e+02	1.577329e+01	2020	3	31	18
start	10	2020	4	5	12
	3021	1849	106.041342	24.976076	1.001989e+05	1.267437e+01	1.071004e+05	1.047630e+05	5.736271e+04	5.606716e+04	2.756719e+02	2.306716e+01	2020	4	5	12
	3080	1858	108.112324	24.659701	1.005333e+05	1.327791e+01	1.070358e+05	1.047258e+05	5.728793e+04	5.623795e+04	2.755038e+02	2.574660e+01	2020	4	5	18
	3131	1877	109.902496	23.991798	1.005999e+05	1.311729e+01	1.071414e+05	1.047642e+05	5.730518e+04	5.617628e+04	2.755939e+02	2.250190e+01	2020	4	6	0
	3082	1850	108.182527	24.940924	1.003110e+05	9.517344e+00	1.071956e+05	1.045503e+05	5.725177e+04	5.614901e+04	2.755038e+02	2.516612e+01	2020	4	6	6
	3054	1925	107.199688	22.304462	1.000938e+05	1.157953e+01	1.078557e+05	1.049551e+05	5.758648e+04	5.627573e+04	2.980125e+02	1.062109e+01	2020	4	6	12
	3204	1961	112.464899	21.038961	1.004227e+05	1.757973e+01	1.078408e+05	1.049545e+05	5.743804e+04	5.607036e+04	3.001260e+02	1.669744e+01	2020	4	6	18
	3314	1913	116.326053	22.726296	1.002666e+05	2.243803e+01	1.074023e+05	1.044631e+05	5.734164e+04	5.608554e+04	2.999733e+02	2.547666e+01	2020	4	7	0
	3338	1916	117.168487	22.620838	1.000663e+05	2.818192e+01	1.075084e+05	1.043010e+05	5.712374e+04	5.598251e+04	3.002177e+02	1.868712e+01	2020	4	7	6
	3409	1898	119.660686	23.253588	9.964114e+04	2.758306e+01	1.075325e+05	1.040157e+05	5.714107e+04	5.586707e+04	2.997447e+02	2.470609e+01	2020	4	7	12
	3520	1849	123.556942	24.976076	1.000675e+05	2.439421e+01	1.067532e+05	1.034658e+05	5.682956e+04	5.558750e+04	2.992390e+02	4.290691e+01	2020	4	7	18
start	24	2020	4	5	12
	4583	2964	160.869735	-14.219314	1.005250e+05	1.834808e+01	1.084408e+05	1.080125e+05	5.799054e+04	5.746992e+04	3.042114e+02	1.559288e+01	2020	4	5	12
	4561	2975	160.097504	-14.605995	1.002047e+05	2.133599e+01	1.082747e+05	1.078258e+05	5.765431e+04	5.728730e+04	3.038394e+02	1.213597e+01	2020	4	5	18
	4523	2984	158.763651	-14.922371	1.002445e+05	1.968979e+01	1.084418e+05	1.079774e+05	5.790566e+04	5.752047e+04	3.039095e+02	1.091304e+01	2020	4	6	0
	4487	2983	157.500000	-14.887218	9.991650e+04	1.987904e+01	1.083472e+05	1.079465e+05	5.767700e+04	5.725018e+04	3.041385e+02	1.465729e+01	2020	4	6	6
	4477	2982	157.148986	-14.852065	1.003245e+05	2.246311e+01	1.084185e+05	1.081481e+05	5.788977e+04	5.747119e+04	3.040149e+02	1.471352e+01	2020	4	6	12
	4440	2984	155.850234	-14.922371	1.000031e+05	2.028284e+01	1.082371e+05	1.078747e+05	5.767628e+04	5.722120e+04	3.037708e+02	1.529632e+01	2020	4	6	18
	4424	2976	155.288612	-14.641148	1.000298e+05	1.867488e+01	1.084492e+05	1.080986e+05	5.788104e+04	5.750657e+04	3.038352e+02	1.506701e+01	2020	4	7	0
	4398	2974	154.375975	-14.570843	9.929299e+04	2.526399e+01	1.083712e+05	1.079692e+05	5.770509e+04	5.716236e+04	3.039504e+02	1.970840e+01	2020	4	7	6
	4378	2973	153.673947	-14.535690	9.916761e+04	2.828558e+01	1.085616e+05	1.081610e+05	5.788177e+04	5.729059e+04	3.037985e+02	1.765286e+01	2020	4	7	12
	4361	2965	153.077223	-14.254467	9.930032e+04	2.616854e+01	1.082327e+05	1.079614e+05	5.765848e+04	5.719669e+04	3.036479e+02	1.206604e+01	2020	4	7	18
	4335	2955	152.164587	-13.902939	9.971173e+04	2.281465e+01	1.084542e+05	1.082551e+05	5.790879e+04	5.750098e+04	3.036793e+02	1.388750e+01	2020	4	8	0
	4321	2955	151.673167	-13.902939	9.939180e+04	2.315212e+01	1.084127e+05	1.078942e+05	5.772477e+04	5.732212e+04	3.036629e+02	1.501661e+01	2020	4	8	6
	4309	2953	151.251950	-13.832633	9.927262e+04	2.693427e+01	1.084757e+05	1.081338e+05	5.794394e+04	5.739823e+04	3.034004e+02	1.763984e+01	2020	4	8	12
	4295	2954	150.760530	-13.867786	9.941350e+04	2.755237e+01	1.085228e+05	1.077681e+05	5.777462e+04	5.695081e+04	3.032882e+02	1.659736e+01	2020	4	8	18
	4280	2948	150.234009	-13.656869	9.967344e+04	2.099553e+01	1.085851e+05	1.082670e+05	5.790273e+04	5.753670e+04	3.034477e+02	1.263248e+01	2020	4	9	0
	4262	2955	149.602184	-13.902939	9.963805e+04	2.895379e+01	1.087177e+05	1.080308e+05	5.771149e+04	5.710211e+04	3.034001e+02	1.602730e+01	2020	4	9	6
	4243	2944	148.935257	-13.516258	1.000446e+05	2.225157e+01	1.086617e+05	1.082760e+05	5.797227e+04	5.764265e+04	3.032685e+02	1.878673e+01	2020	4	9	12
	4221	2939	148.163027	-13.340494	9.988287e+04	2.041809e+01	1.085140e+05	1.080320e+05	5.779960e+04	5.742233e+04	3.032224e+02	1.991204e+01	2020	4	9	18
	4212	2937	147.847114	-13.270188	1.005046e+05	1.932678e+01	1.085743e+05	1.082488e+05	5.800799e+04	5.773314e+04	3.032473e+02	1.350645e+01	2020	4	10	0
	4200	2929	147.425897	-12.988966	1.002981e+05	1.975623e+01	1.085730e+05	1.078929e+05	5.773887e+04	5.739966e+04	3.035365e+02	1.498248e+01	2020	4	10	6
	4199	2914	147.390796	-12.461674	1.006492e+05	2.040158e+01	1.087081e+05	1.081521e+05	5.801575e+04	5.770249e+04	3.034429e+02	2.019464e+01	2020	4	10	12
	4210	2936	147.776911	-13.235036	1.004160e+05	1.964253e+01	1.083275e+05	1.077548e+05	5.773049e+04	5.737818e+04	3.031880e+02	1.528953e+01	2020	4	10	18
	4196	2931	147.285491	-13.059271	1.005983e+05	2.266117e+01	1.085906e+05	1.082427e+05	5.796627e+04	5.770410e+04	3.031205e+02	6.145418e+00	2020	4	11	0
	4181	2912	146.758970	-12.391368	1.004422e+05	1.594186e+01	1.083340e+05	1.080796e+05	5.776294e+04	5.739189e+04	3.033003e+02	8.100631e+00	2020	4	11	6
start	11	2020	4	7	12
	1297	3009	45.526521	-15.801191	1.005928e+05	1.397390e+01	1.083209e+05	1.077974e+05	5.789197e+04	5.736916e+04	3.046731e+02	2.590525e+01	2020	4	7	12
	1246	3017	43.736349	-16.082414	1.007382e+05	1.480788e+01	1.084650e+05	1.080044e+05	5.803289e+04	5.763870e+04	3.044739e+02	1.237164e+01	2020	4	7	18
	1231	2998	43.209828	-15.414510	1.005146e+05	1.391468e+01	1.083662e+05	1.077419e+05	5.785639e+04	5.742355e+04	3.044907e+02	1.730199e+01	2020	4	8	0
	1177	2984	41.314353	-14.922371	1.006515e+05	2.119298e+01	1.084936e+05	1.079914e+05	5.805696e+04	5.754247e+04	3.044057e+02	2.235621e+01	2020	4	8	6
	1187	2981	41.665367	-14.816912	1.003207e+05	1.942964e+01	1.082980e+05	1.077563e+05	5.785182e+04	5.728027e+04	3.046187e+02	2.055565e+01	2020	4	8	12
	1154	2993	40.507020	-15.238746	1.004351e+05	1.447722e+01	1.083710e+05	1.079213e+05	5.800088e+04	5.732785e+04	3.040475e+02	1.213331e+01	2020	4	8	18
	1149	2995	40.331513	-15.309052	1.005859e+05	1.843865e+01	1.082818e+05	1.078318e+05	5.790950e+04	5.736116e+04	3.038623e+02	2.123592e+01	2020	4	9	0
	1082	3022	37.979719	-16.258178	1.008412e+05	1.850882e+01	1.084907e+05	1.080695e+05	5.808308e+04	5.758251e+04	3.031262e+02	1.698936e+01	2020	4	9	6
	1075	3004	37.734009	-15.625427	1.004836e+05	1.097738e+01	1.082445e+05	1.078315e+05	5.782313e+04	5.726488e+04	3.022457e+02	2.016515e+01	2020	4	9	12
	1056	3006	37.067083	-15.695733	1.006856e+05	1.210476e+01	1.083895e+05	1.079765e+05	5.798076e+04	5.744158e+04	3.013461e+02	1.687779e+01	2020	4	9	18
	1028	3007	36.084243	-15.730886	1.005350e+05	1.345762e+01	1.082660e+05	1.077945e+05	5.778818e+04	5.739711e+04	3.017844e+02	1.493748e+01	2020	4	10	0
start	15	2020	4	8	0
	4754	3040	166.872075	-16.890929	1.006710e+05	1.435905e+01	1.084710e+05	1.080104e+05	5.790514e+04	5.758646e+04	3.033510e+02	1.639784e+01	2020	4	8	0
	4784	3033	167.925117	-16.644859	1.004501e+05	1.824532e+01	1.083536e+05	1.079507e+05	5.777022e+04	5.741152e+04	3.033063e+02	1.544026e+01	2020	4	8	6
	4794	3046	168.276131	-17.101845	1.006514e+05	1.358815e+01	1.084249e+05	1.079134e+05	5.792620e+04	5.744314e+04	3.030904e+02	1.732005e+01	2020	4	8	12
	4825	3059	169.364275	-17.558832	1.002750e+05	1.798477e+01	1.082314e+05	1.076148e+05	5.772342e+04	5.731547e+04	3.030485e+02	2.054844e+01	2020	4	8	18
	4853	3073	170.347114	-18.050971	1.004195e+05	2.014706e+01	1.084063e+05	1.075029e+05	5.783529e+04	5.719798e+04	3.030427e+02	1.970645e+01	2020	4	9	0
	4861	3078	170.627925	-18.226736	1.002147e+05	1.791107e+01	1.082665e+05	1.071813e+05	5.770444e+04	5.700307e+04	3.029414e+02	1.754326e+01	2020	4	9	6
	4926	3081	172.909516	-18.332194	1.003408e+05	1.943510e+01	1.083821e+05	1.070549e+05	5.780489e+04	5.708993e+04	3.032996e+02	2.670552e+01	2020	4	9	12
	4939	3088	173.365835	-18.578264	9.969108e+04	2.612185e+01	1.081666e+05	1.066762e+05	5.760090e+04	5.656665e+04	3.032874e+02	3.208466e+01	2020	4	9	18
	4953	3120	173.857254	-19.703154	9.989094e+04	2.392671e+01	1.084960e+05	1.061860e+05	5.772616e+04	5.676352e+04	3.031535e+02	2.439946e+01	2020	4	10	0
	5072	3109	178.034321	-19.316473	9.966507e+04	2.682480e+01	1.081366e+05	1.063156e+05	5.758037e+04	5.624198e+04	3.035225e+02	2.387258e+01	2020	4	10	6
	5015	3135	176.033541	-20.230446	9.971779e+04	2.441592e+01	1.082526e+05	1.057817e+05	5.764804e+04	5.653272e+04	3.030631e+02	2.729227e+01	2020	4	10	12
	5056	3141	177.472699	-20.441363	9.843322e+04	3.886885e+01	1.079564e+05	1.056921e+05	5.752098e+04	5.519378e+04	3.029991e+02	2.764697e+01	2020	4	10	18
	5081	3139	178.350234	-20.371057	9.904395e+04	3.582660e+01	1.083755e+05	1.059758e+05	5.755824e+04	5.570272e+04	3.029726e+02	2.164835e+01	2020	4	11	0
	5106	3138	179.227769	-20.335905	9.947311e+04	3.092289e+01	1.092581e+05	1.060069e+05	5.761798e+04	5.634542e+04	3.026959e+02	1.802208e+01	2020	4	11	6
	5151	3148	180.807332	-20.687433	1.002980e+05	2.079889e+01	1.080104e+05	1.063986e+05	5.772484e+04	5.670256e+04	3.021495e+02	1.703401e+01	2020	4	11	12
start	28	2020	4	13	0
	3042	2935	106.778471	-13.199883	1.005766e+05	1.647855e+01	1.085729e+05	1.079298e+05	5.795718e+04	5.749998e+04	3.036248e+02	1.118713e+01	2020	4	13	0
	2930	2884	102.847114	-11.407089	1.005864e+05	1.256471e+01	1.084387e+05	1.081433e+05	5.789665e+04	5.759562e+04	3.033854e+02	4.502076e+00	2020	4	13	6
	2990	2855	104.953198	-10.387657	1.005760e+05	9.406249e+00	1.085755e+05	1.082381e+05	5.797091e+04	5.762436e+04	3.037041e+02	1.024518e+01	2020	4	13	12
	2914	2896	102.285491	-11.828923	1.006329e+05	1.679995e+01	1.086309e+05	1.081074e+05	5.797375e+04	5.751603e+04	3.032719e+02	2.227454e+01	2020	4	13	18
	2910	2892	102.145086	-11.688312	1.003981e+05	1.948211e+01	1.084082e+05	1.079569e+05	5.784428e+04	5.750800e+04	3.031829e+02	1.394000e+01	2020	4	14	0
	2867	2886	100.635725	-11.477395	1.000980e+05	1.945184e+01	1.083334e+05	1.080475e+05	5.777294e+04	5.740523e+04	3.029761e+02	8.679004e+00	2020	4	14	6
	2855	2875	100.214509	-11.090714	1.003924e+05	1.452056e+01	1.083897e+05	1.081084e+05	5.784646e+04	5.749075e+04	3.028677e+02	6.719915e+00	2020	4	14	12
	2830	2867	99.336973	-10.809491	1.003894e+05	1.298664e+01	1.084533e+05	1.078985e+05	5.782298e+04	5.752859e+04	3.027542e+02	1.776624e+01	2020	4	14	18
	2800	2875	98.283931	-11.090714	1.001931e+05	2.448130e+01	1.083040e+05	1.078241e+05	5.777360e+04	5.733676e+04	3.022938e+02	1.808778e+01	2020	4	15	0
	2787	2879	97.827613	-11.231325	1.004630e+05	1.966598e+01	1.082518e+05	1.078634e+05	5.772175e+04	5.740217e+04	3.023680e+02	9.811130e+00	2020	4	15	6
	2749	2884	96.493760	-11.407089	1.004747e+05	1.715938e+01	1.083053e+05	1.079412e+05	5.774652e+04	5.742941e+04	3.023552e+02	1.063523e+01	2020	4	15	12
	2744	2868	96.318253	-10.844644	1.006041e+05	1.341531e+01	1.083899e+05	1.080554e+05	5.777779e+04	5.753149e+04	3.025820e+02	1.490190e+01	2020	4	15	18
	2705	2905	94.949298	-12.145298	1.003564e+05	1.944126e+01	1.082658e+05	1.078751e+05	5.780630e+04	5.737362e+04	3.020795e+02	1.502096e+01	2020	4	16	0
	2684	2943	94.212168	-13.481105	1.004357e+05	2.141628e+01	1.083988e+05	1.079698e+05	5.783706e+04	5.737536e+04	3.021000e+02	7.054471e+00	2020	4	16	6
	2649	2923	92.983619	-12.778049	1.003030e+05	2.112998e+01	1.085001e+05	1.080936e+05	5.783949e+04	5.741363e+04	3.020520e+02	6.827626e+00	2020	4	16	12
	2635	2912	92.492200	-12.391368	1.004751e+05	1.760906e+01	1.085653e+05	1.081743e+05	5.795076e+04	5.759046e+04	3.019617e+02	1.269613e+01	2020	4	16	18
	2621	2920	92.000780	-12.672591	1.005283e+05	1.751089e+01	1.082700e+05	1.080115e+05	5.781078e+04	5.750177e+04	3.019216e+02	8.170176e+00	2020	4	17	0
	2600	2916	91.263651	-12.531979	1.006592e+05	1.402941e+01	1.083289e+05	1.081743e+05	5.786784e+04	5.757866e+04	3.023738e+02	5.555552e+00	2020	4	17	6
	2582	2925	90.631825	-12.848355	1.005516e+05	1.561160e+01	1.083656e+05	1.081117e+05	5.784811e+04	5.755768e+04	3.023747e+02	7.401214e+00	2020	4	17	12
	2553	2927	89.613885	-12.918660	1.003809e+05	1.676351e+01	1.083836e+05	1.081742e+05	5.793930e+04	5.765160e+04	3.025620e+02	1.006251e+01	2020	4	17	18
	2534	2920	88.946958	-12.672591	1.003309e+05	1.654666e+01	1.081768e+05	1.079797e+05	5.781147e+04	5.747593e+04	3.025432e+02	8.566607e+00	2020	4	18	0
	2501	2917	87.788612	-12.567132	1.002511e+05	1.872653e+01	1.083208e+05	1.079378e+05	5.786550e+04	5.749420e+04	3.027333e+02	6.737863e+00	2020	4	18	6
	2477	2912	86.946178	-12.391368	1.002339e+05	1.648488e+01	1.081602e+05	1.080108e+05	5.786612e+04	5.758911e+04	3.026793e+02	6.045034e+00	2020	4	18	12
	2445	2912	85.822933	-12.391368	1.004772e+05	1.593484e+01	1.083531e+05	1.080294e+05	5.792232e+04	5.752189e+04	3.023455e+02	1.448835e+01	2020	4	18	18
	2421	2910	84.980499	-12.321062	1.003307e+05	1.874874e+01	1.081780e+05	1.078188e+05	5.771331e+04	5.741841e+04	3.025200e+02	5.718868e+00	2020	4	19	0
	2399	2913	84.208268	-12.426521	1.005336e+05	1.467098e+01	1.082274e+05	1.080434e+05	5.791782e+04	5.767757e+04	3.027263e+02	2.995167e+00	2020	4	19	6
	2361	2925	82.874415	-12.848355	1.003917e+05	1.815706e+01	1.081158e+05	1.078575e+05	5.773761e+04	5.749014e+04	3.029863e+02	6.837005e+00	2020	4	19	12
	2342	2906	82.207488	-12.180451	1.005870e+05	1.646014e+01	1.085781e+05	1.080570e+05	5.795029e+04	5.758743e+04	3.028626e+02	1.116408e+01	2020	4	19	18
start	20	2020	4	14	18
	2206	2899	77.433697	-11.934381	1.007455e+05	1.645875e+01	1.084291e+05	1.081372e+05	5.799394e+04	5.767324e+04	3.031163e+02	2.034936e+01	2020	4	14	18
	2203	2904	77.328393	-12.110145	1.002154e+05	2.049931e+01	1.082011e+05	1.079292e+05	5.783803e+04	5.735174e+04	3.030859e+02	2.166493e+01	2020	4	15	0
	2195	2898	77.047582	-11.899229	1.005621e+05	2.028427e+01	1.085163e+05	1.079461e+05	5.795455e+04	5.754300e+04	3.031418e+02	1.916329e+01	2020	4	15	6
	2167	2907	76.064743	-12.215604	1.002778e+05	2.049928e+01	1.083478e+05	1.078883e+05	5.775918e+04	5.737896e+04	3.033994e+02	1.427071e+01	2020	4	15	12
	2151	2893	75.503120	-11.723464	1.005289e+05	1.474821e+01	1.083826e+05	1.079674e+05	5.785687e+04	5.755963e+04	3.033160e+02	2.723072e+01	2020	4	15	18
	2125	2878	74.590484	-11.196172	1.003976e+05	1.894741e+01	1.081548e+05	1.077949e+05	5.766697e+04	5.732441e+04	3.032320e+02	2.855996e+01	2020	4	16	0
	2196	2883	77.082683	-11.371936	1.006447e+05	2.204804e+01	1.084983e+05	1.079528e+05	5.786777e+04	5.749018e+04	3.029716e+02	1.885297e+01	2020	4	16	6
	2153	2903	75.573323	-12.074993	1.003626e+05	1.729783e+01	1.082403e+05	1.078795e+05	5.775146e+04	5.736664e+04	3.031099e+02	1.224792e+01	2020	4	16	12
	2094	2914	73.502340	-12.461674	1.007235e+05	1.577400e+01	1.083858e+05	1.079822e+05	5.800573e+04	5.757406e+04	3.033861e+02	1.823845e+01	2020	4	16	18
	2065	2896	72.484399	-11.828923	1.003621e+05	1.778014e+01	1.082543e+05	1.077727e+05	5.778247e+04	5.735793e+04	3.033685e+02	2.245489e+01	2020	4	17	0
	2051	2882	71.992980	-11.336783	1.006910e+05	1.839573e+01	1.085120e+05	1.080893e+05	5.800457e+04	5.757421e+04	3.033483e+02	1.601615e+01	2020	4	17	6
	2032	2894	71.326053	-11.758617	1.004130e+05	2.001355e+01	1.084626e+05	1.079148e+05	5.781882e+04	5.738809e+04	3.033988e+02	1.377632e+01	2020	4	17	12
	1994	2904	69.992200	-12.110145	1.005131e+05	1.809383e+01	1.085057e+05	1.079299e+05	5.802552e+04	5.764643e+04	3.033727e+02	1.727137e+01	2020	4	17	18
	2006	2873	70.413417	-11.020408	1.002762e+05	1.549109e+01	1.083612e+05	1.078005e+05	5.776518e+04	5.739144e+04	3.029795e+02	1.612763e+01	2020	4	18	0
	1953	2875	68.553042	-11.090714	1.003663e+05	1.652095e+01	1.086558e+05	1.079513e+05	5.801987e+04	5.758101e+04	3.033018e+02	1.334375e+01	2020	4	18	6
	1958	2886	68.728549	-11.477395	1.002433e+05	1.857792e+01	1.082890e+05	1.078338e+05	5.775508e+04	5.744132e+04	3.034050e+02	1.347696e+01	2020	4	18	12
	1919	2875	67.359594	-11.090714	1.004107e+05	1.739049e+01	1.086360e+05	1.077198e+05	5.793776e+04	5.753289e+04	3.033739e+02	2.140908e+01	2020	4	18	18
	1981	2870	69.535881	-10.914950	1.002363e+05	1.720499e+01	1.085647e+05	1.073585e+05	5.766276e+04	5.720404e+04	3.029962e+02	1.348213e+01	2020	4	19	0
	1956	2901	68.658346	-12.004687	1.004263e+05	2.011652e+01	1.086545e+05	1.076498e+05	5.792296e+04	5.741347e+04	3.029842e+02	1.396075e+01	2020	4	19	6
	1931	2923	67.780811	-12.778049	9.991437e+04	2.694562e+01	1.083035e+05	1.073553e+05	5.769895e+04	5.726484e+04	3.034398e+02	1.825947e+01	2020	4	19	12
start	11	2020	4	16	18
	4577	2391	160.659126	5.923250	1.006132e+05	1.676324e+01	1.083343e+05	1.078628e+05	5.789689e+04	5.753754e+04	3.035535e+02	1.836785e+01	2020	4	16	18
	4455	2412	156.376755	5.185040	1.007797e+05	1.754474e+01	1.087915e+05	1.081956e+05	5.803772e+04	5.754872e+04	3.040462e+02	1.408872e+01	2020	4	17	0
	4503	2403	158.061622	5.501416	1.005630e+05	1.660718e+01	1.084874e+05	1.076862e+05	5.785604e+04	5.741186e+04	3.039879e+02	9.297167e+00	2020	4	17	6
	4470	2391	156.903276	5.923250	1.006925e+05	1.679856e+01	1.086662e+05	1.082784e+05	5.810773e+04	5.781168e+04	3.038594e+02	1.053981e+01	2020	4	17	12
	4417	2374	155.042902	6.520848	1.002791e+05	2.420998e+01	1.085707e+05	1.078926e+05	5.785255e+04	5.734029e+04	3.039966e+02	1.882541e+01	2020	4	17	18
	4380	2356	153.744150	7.153598	1.005990e+05	2.325660e+01	1.088341e+05	1.080843e+05	5.805486e+04	5.751932e+04	3.036918e+02	1.886890e+01	2020	4	18	0
	4316	2395	151.497660	5.782638	1.003456e+05	2.223989e+01	1.083816e+05	1.078111e+05	5.787873e+04	5.727421e+04	3.044042e+02	1.198478e+01	2020	4	18	6
	4323	2390	151.743370	5.958402	1.008527e+05	1.273852e+01	1.085873e+05	1.081895e+05	5.810571e+04	5.771532e+04	3.041995e+02	2.066324e+01	2020	4	18	12
	4288	2395	150.514821	5.782638	1.002195e+05	2.471283e+01	1.082928e+05	1.075479e+05	5.782581e+04	5.728103e+04	3.041832e+02	3.109463e+01	2020	4	18	18
	4187	2371	146.969579	6.626306	1.006758e+05	2.353530e+01	1.085680e+05	1.075412e+05	5.799663e+04	5.743243e+04	3.043442e+02	1.690519e+01	2020	4	19	0
	4166	2376	146.232449	6.450542	1.006536e+05	1.785310e+01	1.082572e+05	1.078248e+05	5.789082e+04	5.740260e+04	3.042836e+02	9.504686e+00	2020	4	19	6
start	16	2020	4	24	12
	5547	2914	194.707488	-12.461674	1.003558e+05	1.696368e+01	1.082959e+05	1.077217e+05	5.765007e+04	5.724626e+04	3.043875e+02	3.113290e+01	2020	4	24	12
	5578	2946	195.795632	-13.586564	1.004088e+05	2.191810e+01	1.083684e+05	1.077873e+05	5.774108e+04	5.722530e+04	3.040687e+02	2.629547e+01	2020	4	24	18
	5577	3008	195.760530	-15.766038	1.002768e+05	1.819932e+01	1.082842e+05	1.075919e+05	5.758836e+04	5.726357e+04	3.042400e+02	2.133266e+01	2020	4	25	0
	5609	2997	196.883775	-15.379357	1.003128e+05	2.627348e+01	1.082770e+05	1.078383e+05	5.775422e+04	5.730027e+04	3.040776e+02	2.353334e+01	2020	4	25	6
	5650	3041	198.322933	-16.926081	1.004281e+05	1.857269e+01	1.083182e+05	1.076480e+05	5.771659e+04	5.721988e+04	3.036044e+02	2.353670e+01	2020	4	25	12
	5523	3025	193.865055	-16.363636	1.004659e+05	2.191853e+01	1.082966e+05	1.076459e+05	5.776696e+04	5.730072e+04	3.038062e+02	2.031287e+01	2020	4	25	18
	5666	3074	198.884555	-18.086124	1.004077e+05	1.789296e+01	1.083341e+05	1.074025e+05	5.768732e+04	5.722585e+04	3.030164e+02	2.359335e+01	2020	4	26	0
	5542	3032	194.531981	-16.609706	1.004754e+05	1.544624e+01	1.083590e+05	1.077356e+05	5.784554e+04	5.729431e+04	3.036680e+02	1.462376e+01	2020	4	26	6
	5684	3118	199.516381	-19.632848	1.004957e+05	2.567329e+01	1.083067e+05	1.073113e+05	5.773069e+04	5.721239e+04	3.020898e+02	2.482435e+01	2020	4	26	12
	5723	3082	200.885335	-18.367347	1.006782e+05	1.982800e+01	1.083716e+05	1.076572e+05	5.789754e+04	5.738566e+04	3.031290e+02	1.944489e+01	2020	4	26	18
	5730	3085	201.131045	-18.472805	1.005585e+05	2.124942e+01	1.082717e+05	1.075788e+05	5.776963e+04	5.730175e+04	3.032309e+02	1.641468e+01	2020	4	27	0
	5743	3096	201.587363	-18.859486	1.006711e+05	2.124045e+01	1.083090e+05	1.076364e+05	5.791305e+04	5.737332e+04	3.029242e+02	1.673842e+01	2020	4	27	6
	5730	3114	201.131045	-19.492237	1.004290e+05	2.217998e+01	1.083076e+05	1.074762e+05	5.777340e+04	5.732697e+04	3.024740e+02	2.443912e+01	2020	4	27	12
	5732	3114	201.201248	-19.492237	1.005316e+05	2.643355e+01	1.083581e+05	1.074906e+05	5.787058e+04	5.722994e+04	3.023814e+02	1.926057e+01	2020	4	27	18
	5740	3083	201.482059	-18.402500	1.005173e+05	1.908979e+01	1.081782e+05	1.076193e+05	5.771455e+04	5.713878e+04	3.031824e+02	1.706311e+01	2020	4	28	0
	5724	3086	200.920437	-18.507958	1.006142e+05	1.862531e+01	1.083029e+05	1.075929e+05	5.776488e+04	5.732191e+04	3.031123e+02	1.073233e+01	2020	4	28	6
start	10	2020	4	25	12
	8024	1678	281.653666	30.987208	1.010955e+05	1.844946e+01	1.069781e+05	1.035404e+05	5.759048e+04	5.603675e+04	2.990632e+02	1.216276e+01	2020	4	25	12
	8179	1642	287.094384	32.252710	1.009108e+05	2.365221e+01	1.065665e+05	1.033001e+05	5.737118e+04	5.582719e+04	2.962647e+02	1.428038e+01	2020	4	25	18
	8145	1677	285.900936	31.022361	1.009315e+05	1.585415e+01	1.066177e+05	1.032169e+05	5.741311e+04	5.585471e+04	2.963266e+02	8.011245e+00	2020	4	26	0
	8217	1685	288.428237	30.741138	1.005515e+05	2.031533e+01	1.063885e+05	1.030471e+05	5.723576e+04	5.567861e+04	2.962383e+02	1.285446e+01	2020	4	26	6
	8375	1689	293.974259	30.600527	1.007902e+05	2.404685e+01	1.061525e+05	1.031518e+05	5.717727e+04	5.558449e+04	2.959801e+02	1.441932e+01	2020	4	26	12
	8504	1618	298.502340	33.096377	1.006690e+05	2.271403e+01	1.052075e+05	1.021249e+05	5.674983e+04	5.493511e+04	2.949653e+02	1.868798e+01	2020	4	26	18
	8564	1628	300.608424	32.744849	1.004624e+05	2.151168e+01	1.051017e+05	1.020451e+05	5.676968e+04	5.493048e+04	2.953143e+02	1.782962e+01	2020	4	27	0
	8631	1629	302.960218	32.709696	1.005329e+05	2.753841e+01	1.047972e+05	1.018787e+05	5.660882e+04	5.487500e+04	2.951021e+02	1.709812e+01	2020	4	27	6
	8716	1625	305.943838	32.850307	1.008476e+05	2.644470e+01	1.048535e+05	1.021036e+05	5.672608e+04	5.509877e+04	2.949910e+02	1.360388e+01	2020	4	27	12
	8860	1572	310.998440	34.713407	1.007245e+05	2.442573e+01	1.047743e+05	1.018826e+05	5.666018e+04	5.492588e+04	2.942121e+02	1.412804e+01	2020	4	27	18
start	15	2020	5	29	12
	8737	3291	306.680967	-25.714286	1.010106e+05	9.506501e+00	1.075490e+05	1.046062e+05	5.771999e+04	5.653880e+04	2.955020e+02	3.294471e+01	2020	5	29	12
	8812	3293	309.313573	-25.784591	1.006131e+05	1.023069e+01	1.073902e+05	1.044412e+05	5.746008e+04	5.635479e+04	2.959905e+02	3.026331e+01	2020	5	29	18
	8899	3276	312.367395	-25.186993	1.004950e+05	2.187433e+01	1.075686e+05	1.046887e+05	5.760981e+04	5.635351e+04	2.972541e+02	2.971017e+01	2020	5	30	0
	8963	3250	314.613885	-24.273020	1.002975e+05	2.021592e+01	1.072968e+05	1.047538e+05	5.747941e+04	5.644245e+04	2.988254e+02	2.155489e+01	2020	5	30	6
	9035	3297	317.141186	-25.925202	1.008804e+05	2.026992e+01	1.070519e+05	1.045543e+05	5.745120e+04	5.648861e+04	2.987966e+02	2.432410e+01	2020	5	30	12
	9085	3290	318.896256	-25.679133	1.003425e+05	2.547856e+01	1.068627e+05	1.046404e+05	5.727175e+04	5.637429e+04	2.988020e+02	3.351643e+01	2020	5	30	18
	9203	3252	323.038222	-24.343326	1.001670e+05	3.097159e+01	1.069148e+05	1.052809e+05	5.749295e+04	5.618141e+04	2.994946e+02	3.190320e+01	2020	5	31	0
	9237	3230	324.231669	-23.569964	9.976801e+04	3.535345e+01	1.067739e+05	1.049720e+05	5.743377e+04	5.567341e+04	2.997552e+02	3.760925e+01	2020	5	31	6
	9278	3257	325.670827	-24.519090	1.001061e+05	3.523873e+01	1.070401e+05	1.051195e+05	5.754823e+04	5.599958e+04	2.990771e+02	4.260983e+01	2020	5	31	12
	9327	3281	327.390796	-25.362757	9.985784e+04	3.126385e+01	1.069085e+05	1.048049e+05	5.730903e+04	5.592101e+04	2.982196e+02	4.771490e+01	2020	5	31	18
	9363	3324	328.654446	-26.874329	9.972989e+04	3.139469e+01	1.066157e+05	1.045169e+05	5.726695e+04	5.585293e+04	2.978592e+02	4.752583e+01	2020	6	1	0
	9343	3317	327.952418	-26.628259	1.000587e+05	2.690633e+01	1.066787e+05	1.041507e+05	5.710407e+04	5.591138e+04	2.978931e+02	4.065548e+01	2020	6	1	6
	9423	3409	330.760530	-29.862318	1.002419e+05	2.430191e+01	1.063358e+05	1.038919e+05	5.705310e+04	5.582562e+04	2.959240e+02	4.180602e+01	2020	6	1	12
	9447	3439	331.602964	-30.916902	9.980144e+04	2.433315e+01	1.059399e+05	1.035109e+05	5.677149e+04	5.549106e+04	2.952161e+02	3.525636e+01	2020	6	1	18
	9485	3451	332.936817	-31.338736	9.980652e+04	2.457527e+01	1.057924e+05	1.033648e+05	5.679953e+04	5.543661e+04	2.949426e+02	2.445041e+01	2020	6	2	0
start	10	2020	6	16	0
	3792	1717	133.104524	29.616248	1.002588e+05	1.903251e+01	1.083438e+05	1.061077e+05	5.775256e+04	5.688651e+04	3.004906e+02	1.000974e+01	2020	6	16	0
	3855	1701	135.315913	30.178693	1.000874e+05	2.268569e+01	1.083411e+05	1.064262e+05	5.758301e+04	5.681829e+04	2.997151e+02	1.053364e+01	2020	6	16	6
	3820	1690	134.087363	30.565374	1.002485e+05	1.916815e+01	1.084594e+05	1.064506e+05	5.770118e+04	5.687998e+04	3.005667e+02	1.411141e+01	2020	6	16	12
	3879	1643	136.158346	32.217557	1.001644e+05	2.197031e+01	1.081880e+05	1.059006e+05	5.748874e+04	5.672119e+04	2.996830e+02	2.070211e+01	2020	6	16	18
	3873	1625	135.947738	32.850307	1.001255e+05	2.471884e+01	1.082295e+05	1.059067e+05	5.759620e+04	5.664159e+04	2.995969e+02	2.042337e+01	2020	6	17	0
	3902	1620	136.965679	33.026071	1.001245e+05	2.168800e+01	1.081229e+05	1.060364e+05	5.747774e+04	5.636713e+04	3.001199e+02	1.805251e+01	2020	6	17	6
	3970	1620	139.352574	33.026071	9.989617e+04	1.982859e+01	1.083082e+05	1.059607e+05	5.758368e+04	5.629700e+04	2.995058e+02	1.964342e+01	2020	6	17	12
	3996	1601	140.265211	33.693975	9.978950e+04	2.205728e+01	1.079531e+05	1.050761e+05	5.740834e+04	5.604139e+04	2.987797e+02	2.413985e+01	2020	6	17	18
	4131	1570	145.003900	34.783712	9.991938e+04	2.170486e+01	1.079484e+05	1.051590e+05	5.746705e+04	5.609845e+04	2.979769e+02	1.664265e+01	2020	6	18	0
	4136	1551	145.179407	35.451616	9.991616e+04	1.809120e+01	1.078672e+05	1.047618e+05	5.739813e+04	5.595424e+04	2.980631e+02	1.215483e+01	2020	6	18	6
start	11	2020	6	23	12
	6493	2348	227.913417	7.434821	1.007365e+05	1.460560e+01	1.081463e+05	1.079638e+05	5.772968e+04	5.742387e+04	3.021228e+02	1.235686e+01	2020	6	23	12
	6475	2347	227.281591	7.469974	1.009491e+05	1.524314e+01	1.083706e+05	1.082700e+05	5.794097e+04	5.770369e+04	3.021296e+02	8.459756e+00	2020	6	23	18
	6454	2340	226.544462	7.716043	1.007163e+05	1.320969e+01	1.081889e+05	1.080411e+05	5.773111e+04	5.753196e+04	3.024402e+02	8.488226e+00	2020	6	24	0
	6309	2331	221.454758	8.032419	1.008568e+05	1.305038e+01	1.083721e+05	1.081466e+05	5.797840e+04	5.763506e+04	3.035574e+02	1.373378e+01	2020	6	24	6
	6191	2255	217.312793	10.704033	1.006126e+05	1.842677e+01	1.081172e+05	1.078430e+05	5.773652e+04	5.746511e+04	3.027117e+02	1.604398e+01	2020	6	24	12
	6191	2247	217.312793	10.985255	1.008127e+05	2.087394e+01	1.083274e+05	1.078948e+05	5.786423e+04	5.760579e+04	3.024034e+02	1.616254e+01	2020	6	24	18
	6169	2241	216.540562	11.196172	1.006030e+05	2.208039e+01	1.082130e+05	1.077778e+05	5.774147e+04	5.744907e+04	3.026580e+02	1.517740e+01	2020	6	25	0
	6146	2264	215.733229	10.387657	1.007953e+05	1.335288e+01	1.082588e+05	1.080147e+05	5.789902e+04	5.756196e+04	3.027703e+02	1.216572e+01	2020	6	25	6
	6054	2337	212.503900	7.821502	1.006439e+05	1.111586e+01	1.081730e+05	1.077420e+05	5.774945e+04	5.740391e+04	3.035126e+02	2.394386e+01	2020	6	25	12
	6128	2257	215.101404	10.633727	1.007591e+05	1.197807e+01	1.083038e+05	1.078822e+05	5.780753e+04	5.753336e+04	3.024500e+02	1.979195e+01	2020	6	25	18
	6092	2290	213.837754	9.473684	1.005899e+05	1.796562e+01	1.081102e+05	1.075836e+05	5.771004e+04	5.730678e+04	3.033007e+02	3.256487e+01	2020	6	26	0
start	10	2020	6	28	6
	3891	1667	136.579563	31.373889	1.001225e+05	1.948001e+01	1.083019e+05	1.060280e+05	5.768723e+04	5.673309e+04	3.022122e+02	7.549222e+00	2020	6	28	6
	3896	1661	136.755070	31.584806	1.001870e+05	2.007052e+01	1.084259e+05	1.060765e+05	5.777988e+04	5.691344e+04	3.018784e+02	1.032908e+01	2020	6	28	12
	3854	1679	135.280811	30.952055	1.000946e+05	1.890875e+01	1.083081e+05	1.059702e+05	5.768747e+04	5.676873e+04	3.019714e+02	1.987819e+01	2020	6	28	18
	3899	1643	136.860374	32.217557	1.000386e+05	2.317695e+01	1.082696e+05	1.056989e+05	5.776452e+04	5.674204e+04	3.009558e+02	1.709541e+01	2020	6	29	0
	3942	1644	138.369735	32.182404	9.995996e+04	2.193048e+01	1.083692e+05	1.056562e+05	5.767912e+04	5.661087e+04	3.013314e+02	1.876110e+01	2020	6	29	6
	3990	1631	140.054602	32.639391	9.996780e+04	2.174300e+01	1.083101e+05	1.055346e+05	5.773025e+04	5.666305e+04	3.005114e+02	1.517484e+01	2020	6	29	12
	4158	1618	145.951638	33.096377	1.001115e+05	2.129684e+01	1.081871e+05	1.054049e+05	5.775079e+04	5.633937e+04	3.010571e+02	2.605823e+01	2020	6	29	18
	4251	1603	149.216069	33.623669	9.948662e+04	3.121348e+01	1.083588e+05	1.054743e+05	5.786757e+04	5.625582e+04	2.997539e+02	1.962692e+01	2020	6	30	0
	4330	1579	151.989080	34.467337	9.996244e+04	2.558181e+01	1.082249e+05	1.050368e+05	5.777671e+04	5.608161e+04	2.985382e+02	1.093243e+01	2020	6	30	6
	4470	1538	156.903276	35.908602	9.938867e+04	2.945242e+01	1.082650e+05	1.045450e+05	5.785618e+04	5.594991e+04	2.961039e+02	1.801933e+01	2020	6	30	12
start	23	2020	6	29	18
	4088	2113	143.494540	15.695733	1.000206e+05	2.264245e+01	1.082809e+05	1.075917e+05	5.769447e+04	5.709677e+04	3.054919e+02	2.761501e+01	2020	6	29	18
	4054	2094	142.301092	16.363636	1.001598e+05	2.163803e+01	1.084204e+05	1.078049e+05	5.780012e+04	5.725295e+04	3.055569e+02	1.464854e+01	2020	6	30	0
	4088	2066	143.494540	17.347915	1.001795e+05	1.615731e+01	1.082454e+05	1.078158e+05	5.782329e+04	5.723006e+04	3.052053e+02	1.181940e+01	2020	6	30	6
	4070	2083	142.862715	16.750317	1.001672e+05	1.997114e+01	1.083389e+05	1.078353e+05	5.790580e+04	5.726634e+04	3.051498e+02	2.800819e+01	2020	6	30	12
	4046	2044	142.020281	18.121277	9.986193e+04	2.110188e+01	1.082454e+05	1.077440e+05	5.767706e+04	5.706025e+04	3.051565e+02	2.856897e+01	2020	6	30	18
	4025	2014	141.283151	19.175862	9.980896e+04	2.099592e+01	1.083532e+05	1.078806e+05	5.781607e+04	5.718458e+04	3.054038e+02	2.113339e+01	2020	7	1	0
	4017	1990	141.002340	20.019529	9.951434e+04	2.319988e+01	1.084051e+05	1.078310e+05	5.779948e+04	5.701764e+04	3.055435e+02	2.382006e+01	2020	7	1	6
	3999	1970	140.370515	20.722586	9.877789e+04	3.160402e+01	1.086810e+05	1.079211e+05	5.796543e+04	5.671604e+04	3.053440e+02	2.479039e+01	2020	7	1	12
	3975	1943	139.528081	21.671712	9.710561e+04	3.831089e+01	1.083892e+05	1.076218e+05	5.786904e+04	5.595318e+04	3.051596e+02	1.963260e+01	2020	7	1	18
	3950	1919	138.650546	22.515379	9.605934e+04	4.587241e+01	1.084887e+05	1.077045e+05	5.794863e+04	5.569332e+04	3.047261e+02	1.842670e+01	2020	7	2	0
	3932	1894	138.018721	23.394200	9.567176e+04	4.609194e+01	1.085298e+05	1.075423e+05	5.788106e+04	5.554538e+04	3.045714e+02	1.904057e+01	2020	7	2	6
	3914	1861	137.386895	24.554243	9.605046e+04	5.012318e+01	1.087172e+05	1.077420e+05	5.806090e+04	5.559871e+04	3.042124e+02	1.230841e+01	2020	7	2	12
	3886	1832	136.404056	25.573674	9.569634e+04	4.545950e+01	1.086426e+05	1.073564e+05	5.790977e+04	5.513507e+04	3.038727e+02	1.365165e+01	2020	7	2	18
	3876	1805	136.053042	26.522800	9.395665e+04	5.306928e+01	1.086338e+05	1.067222e+05	5.799565e+04	5.350549e+04	3.030689e+02	9.231652e+00	2020	7	3	0
	3871	1771	135.877535	27.717996	9.573415e+04	4.455669e+01	1.086188e+05	1.071548e+05	5.794158e+04	5.495354e+04	3.029338e+02	7.564897e+00	2020	7	3	6
	3872	1737	135.912637	28.913192	9.782500e+04	3.383974e+01	1.086963e+05	1.082128e+05	5.804786e+04	5.657857e+04	3.021296e+02	8.102934e+00	2020	7	3	12
	3880	1690	136.193448	30.565374	9.824061e+04	3.087202e+01	1.084766e+05	1.073085e+05	5.784699e+04	5.682737e+04	3.019954e+02	1.376691e+01	2020	7	3	18
	3899	1641	136.860374	32.287862	9.884784e+04	2.425423e+01	1.085109e+05	1.070678e+05	5.787056e+04	5.703432e+04	3.012289e+02	1.981801e+01	2020	7	4	0
	3937	1601	138.194228	33.693975	9.896921e+04	2.494533e+01	1.084876e+05	1.069663e+05	5.779553e+04	5.658059e+04	3.015251e+02	1.596328e+01	2020	7	4	6
	3984	1564	139.843994	34.994629	9.890848e+04	2.721723e+01	1.084252e+05	1.064120e+05	5.783396e+04	5.662137e+04	2.999677e+02	1.492515e+01	2020	7	4	12
	4042	1522	141.879875	36.471048	9.923145e+04	2.506684e+01	1.081676e+05	1.054988e+05	5.762825e+04	5.633258e+04	2.991042e+02	2.896483e+01	2020	7	4	18
	4094	1478	143.705148	38.017771	9.933436e+04	2.539850e+01	1.080976e+05	1.050956e+05	5.761377e+04	5.618274e+04	2.985143e+02	2.668890e+01	2020	7	5	0
	4148	1443	145.600624	39.248120	9.931085e+04	2.022232e+01	1.079751e+05	1.050011e+05	5.749250e+04	5.607781e+04	2.977937e+02	1.386139e+01	2020	7	5	6
start	13	2020	6	30	6
	7369	2273	258.662246	10.071282	1.009711e+05	1.166562e+01	1.082744e+05	1.078595e+05	5.792930e+04	5.763082e+04	3.040377e+02	2.425194e+01	2020	6	30	6
	7327	2268	257.187988	10.247046	1.005396e+05	2.141741e+01	1.081735e+05	1.076981e+05	5.784414e+04	5.739787e+04	3.039001e+02	2.636483e+01	2020	6	30	12
	7302	2244	256.310452	11.090714	1.004955e+05	2.506114e+01	1.083519e+05	1.080150e+05	5.803106e+04	5.748975e+04	3.040410e+02	2.842173e+01	2020	6	30	18
	7298	2252	256.170047	10.809491	1.005942e+05	1.415450e+01	1.081805e+05	1.078130e+05	5.781871e+04	5.745018e+04	3.042274e+02	2.188888e+01	2020	7	1	0
	7270	2263	255.187207	10.422810	1.009671e+05	1.699584e+01	1.082999e+05	1.079555e+05	5.797329e+04	5.759090e+04	3.038111e+02	2.511316e+01	2020	7	1	6
	7272	2250	255.257410	10.879797	1.006466e+05	1.681557e+01	1.081039e+05	1.074932e+05	5.778952e+04	5.745993e+04	3.037998e+02	2.992536e+01	2020	7	1	12
	7235	2264	253.958658	10.387657	1.009501e+05	1.532553e+01	1.083306e+05	1.078266e+05	5.798409e+04	5.764168e+04	3.039369e+02	3.156947e+01	2020	7	1	18
	7226	2257	253.642746	10.633727	1.006189e+05	1.488890e+01	1.081114e+05	1.076784e+05	5.777820e+04	5.739523e+04	3.039716e+02	2.698231e+01	2020	7	2	0
	7248	2239	254.414977	11.266478	1.009302e+05	1.156299e+01	1.082102e+05	1.079562e+05	5.794534e+04	5.758143e+04	3.038926e+02	2.366297e+01	2020	7	2	6
	7139	2200	250.588924	12.637438	1.006006e+05	1.618675e+01	1.080291e+05	1.076666e+05	5.779885e+04	5.736716e+04	3.038086e+02	2.601992e+01	2020	7	2	12
	7124	2180	250.062402	13.340494	1.006589e+05	2.316690e+01	1.082743e+05	1.077791e+05	5.796833e+04	5.749838e+04	3.038745e+02	2.466859e+01	2020	7	2	18
	7166	2209	251.536661	12.321062	9.998839e+04	2.588450e+01	1.081382e+05	1.076255e+05	5.775606e+04	5.714746e+04	3.040915e+02	1.975906e+01	2020	7	3	0
	7146	2189	250.834633	13.024119	1.004844e+05	1.803829e+01	1.083162e+05	1.079089e+05	5.797935e+04	5.752047e+04	3.038718e+02	1.441733e+01	2020	7	3	6
start	10	2020	7	2	6
	4302	2210	151.006240	12.285910	1.005103e+05	1.983520e+01	1.082720e+05	1.077021e+05	5.787636e+04	5.744484e+04	3.048189e+02	1.759364e+01	2020	7	2	6
	4257	2185	149.426677	13.164730	1.006677e+05	1.637923e+01	1.085201e+05	1.078408e+05	5.804368e+04	5.764554e+04	3.046690e+02	1.439777e+01	2020	7	2	12
	4232	2164	148.549142	13.902939	1.003761e+05	1.881408e+01	1.084037e+05	1.078017e+05	5.798861e+04	5.750286e+04	3.044911e+02	1.200325e+01	2020	7	2	18
	4191	2162	147.109984	13.973245	1.002802e+05	2.347294e+01	1.085732e+05	1.077922e+05	5.806404e+04	5.738111e+04	3.044814e+02	1.411368e+01	2020	7	3	0
	4145	2138	145.495320	14.816912	9.999770e+04	2.828973e+01	1.084682e+05	1.073468e+05	5.793645e+04	5.685788e+04	3.047859e+02	2.118082e+01	2020	7	3	6
	4152	2120	145.741030	15.449663	1.005674e+05	1.926708e+01	1.086755e+05	1.079437e+05	5.805877e+04	5.746212e+04	3.045217e+02	1.444441e+01	2020	7	3	12
	4124	2122	144.758190	15.379357	1.002747e+05	2.154790e+01	1.083093e+05	1.077257e+05	5.788509e+04	5.722062e+04	3.044933e+02	7.990756e+00	2020	7	3	18
	4092	2116	143.634945	15.590274	9.974002e+04	3.078502e+01	1.084984e+05	1.078538e+05	5.797718e+04	5.682111e+04	3.043454e+02	9.904511e+00	2020	7	4	0
	4090	2107	143.564743	15.906650	1.000582e+05	1.791995e+01	1.083710e+05	1.078098e+05	5.783148e+04	5.735158e+04	3.046133e+02	1.540869e+01	2020	7	4	6
	4081	2108	143.248830	15.871497	1.004613e+05	2.165810e+01	1.084641e+05	1.078171e+05	5.796008e+04	5.744072e+04	3.044285e+02	1.930972e+01	2020	7	4	12
start	11	2020	7	6	0
	9239	3181	324.301872	-21.847476	1.006965e+05	2.570339e+01	1.070711e+05	1.050832e+05	5.766968e+04	5.646985e+04	2.992524e+02	1.558516e+01	2020	7	6	0
	9143	3277	320.932137	-25.222146	1.005268e+05	2.202626e+01	1.065201e+05	1.033689e+05	5.725485e+04	5.585715e+04	2.974658e+02	3.248729e+01	2020	7	6	6
	9252	3293	324.758190	-25.784591	1.002372e+05	2.387882e+01	1.065355e+05	1.033816e+05	5.731615e+04	5.582022e+04	2.969025e+02	4.178760e+01	2020	7	6	12
	9372	3279	328.970359	-25.292452	1.001464e+05	2.788383e+01	1.064511e+05	1.036702e+05	5.718412e+04	5.573076e+04	2.971708e+02	4.650923e+01	2020	7	6	18
	9424	3304	330.795632	-26.171272	9.990254e+04	3.031038e+01	1.062641e+05	1.032646e+05	5.714371e+04	5.562548e+04	2.961708e+02	5.058368e+01	2020	7	7	0
	9502	3324	333.533541	-26.874329	9.899013e+04	3.887194e+01	1.058443e+05	1.030525e+05	5.684018e+04	5.476925e+04	2.959388e+02	5.348903e+01	2020	7	7	6
	9528	3320	334.446178	-26.733717	9.934230e+04	3.206969e+01	1.060034e+05	1.029266e+05	5.701929e+04	5.500061e+04	2.962180e+02	3.818061e+01	2020	7	7	12
	9568	3337	335.850234	-27.331315	9.862980e+04	3.381794e+01	1.056415e+05	1.026849e+05	5.670679e+04	5.473805e+04	2.956365e+02	2.915250e+01	2020	7	7	18
	9601	3346	337.008580	-27.647691	9.897072e+04	3.133826e+01	1.057317e+05	1.026501e+05	5.674673e+04	5.479474e+04	2.956514e+02	2.175118e+01	2020	7	8	0
	9630	3342	338.026521	-27.507079	9.920343e+04	2.837667e+01	1.053386e+05	1.026125e+05	5.653377e+04	5.476177e+04	2.958822e+02	1.802366e+01	2020	7	8	6
	9656	3356	338.939158	-27.999219	9.925709e+04	3.041650e+01	1.052981e+05	1.028679e+05	5.651116e+04	5.488492e+04	2.956316e+02	1.424662e+01	2020	7	8	12
start	21	2020	7	7	0
	6987	2246	245.253510	11.020408	1.005355e+05	1.599048e+01	1.080408e+05	1.071497e+05	5.767290e+04	5.720416e+04	3.032543e+02	3.063091e+01	2020	7	7	0
	6984	2254	245.148206	10.739186	1.005901e+05	1.948776e+01	1.082762e+05	1.076628e+05	5.781811e+04	5.718166e+04	3.031117e+02	3.042620e+01	2020	7	7	6
	7059	2273	247.780811	10.071282	1.003001e+05	2.134560e+01	1.079828e+05	1.072547e+05	5.754316e+04	5.698732e+04	3.029709e+02	2.640399e+01	2020	7	7	12
	7022	2161	246.482059	14.008398	1.006967e+05	1.775315e+01	1.083287e+05	1.077985e+05	5.800631e+04	5.740418e+04	3.034120e+02	1.118983e+01	2020	7	7	18
	7002	2239	245.780031	11.266478	1.004655e+05	1.365994e+01	1.079751e+05	1.075654e+05	5.768799e+04	5.710628e+04	3.034718e+02	2.397830e+01	2020	7	8	0
	7004	2244	245.850234	11.090714	1.007083e+05	1.399489e+01	1.081376e+05	1.077400e+05	5.785041e+04	5.741693e+04	3.031999e+02	2.436154e+01	2020	7	8	6
	6992	2216	245.429017	12.074993	1.004413e+05	1.437490e+01	1.079019e+05	1.074051e+05	5.774840e+04	5.713443e+04	3.032198e+02	1.878491e+01	2020	7	8	12
	6949	2199	243.919657	12.672591	1.003788e+05	2.036130e+01	1.081064e+05	1.075888e+05	5.787714e+04	5.720439e+04	3.032257e+02	1.637801e+01	2020	7	8	18
	6905	2190	242.375195	12.988966	1.002244e+05	1.739715e+01	1.080054e+05	1.074457e+05	5.772991e+04	5.703750e+04	3.034495e+02	1.646478e+01	2020	7	9	0
	6867	2186	241.041342	13.129577	1.004226e+05	1.758289e+01	1.082004e+05	1.078038e+05	5.793870e+04	5.731559e+04	3.031726e+02	1.700406e+01	2020	7	9	6
	6835	2176	239.918097	13.481105	9.998998e+04	1.918912e+01	1.078893e+05	1.074175e+05	5.772656e+04	5.690128e+04	3.029650e+02	1.321847e+01	2020	7	9	12
	6784	2154	238.127925	14.254467	1.003846e+05	1.729554e+01	1.081192e+05	1.078460e+05	5.794908e+04	5.734823e+04	3.027094e+02	8.756583e+00	2020	7	9	18
	6745	2177	236.758970	13.445952	9.975940e+04	2.272450e+01	1.081572e+05	1.076208e+05	5.774532e+04	5.691287e+04	3.029227e+02	1.253733e+01	2020	7	10	0
	6704	2146	235.319813	14.535690	1.003195e+05	1.851898e+01	1.081739e+05	1.078220e+05	5.796216e+04	5.740357e+04	3.025872e+02	1.003981e+01	2020	7	10	6
	6666	2149	233.985959	14.430231	9.972608e+04	1.802943e+01	1.080121e+05	1.075657e+05	5.772441e+04	5.701909e+04	3.026299e+02	1.350794e+01	2020	7	10	12
	6604	2160	231.809672	14.043550	9.992593e+04	2.491533e+01	1.083961e+05	1.077444e+05	5.786307e+04	5.712928e+04	3.028643e+02	1.333341e+01	2020	7	10	18
	6579	2144	230.932137	14.605995	9.985927e+04	1.728394e+01	1.080320e+05	1.076964e+05	5.777740e+04	5.717555e+04	3.031807e+02	1.132985e+01	2020	7	11	0
	6531	2148	229.247270	14.465384	9.995007e+04	2.063105e+01	1.081569e+05	1.077595e+05	5.790168e+04	5.733046e+04	3.029622e+02	1.394228e+01	2020	7	11	6
	6488	2135	227.737910	14.922371	9.994695e+04	2.172422e+01	1.080478e+05	1.076928e+05	5.770191e+04	5.716193e+04	3.022261e+02	1.321127e+01	2020	7	11	12
	6447	2132	226.298752	15.027829	1.000351e+05	2.029312e+01	1.082114e+05	1.078126e+05	5.791712e+04	5.745055e+04	3.022807e+02	1.162551e+01	2020	7	11	18
	6397	2129	224.543682	15.133288	1.000151e+05	1.872844e+01	1.080220e+05	1.076493e+05	5.777862e+04	5.726454e+04	3.025904e+02	1.025233e+01	2020	7	12	0
start	18	2020	7	8	0
	7285	2281	255.713729	9.790060	1.006368e+05	1.669305e+01	1.079955e+05	1.074681e+05	5.779983e+04	5.728022e+04	3.038635e+02	2.051867e+01	2020	7	8	0
	7259	2258	254.801092	10.598574	1.005407e+05	2.108027e+01	1.083205e+05	1.076523e+05	5.785327e+04	5.737652e+04	3.035818e+02	1.873363e+01	2020	7	8	6
	7265	2264	255.011700	10.387657	1.002780e+05	1.799003e+01	1.079830e+05	1.074395e+05	5.762263e+04	5.722907e+04	3.035304e+02	2.327233e+01	2020	7	8	12
	7265	2259	255.011700	10.563421	1.006537e+05	1.554489e+01	1.081390e+05	1.076440e+05	5.782220e+04	5.739051e+04	3.035355e+02	2.242698e+01	2020	7	8	18
	7253	2227	254.590484	11.688312	1.002173e+05	2.206347e+01	1.080287e+05	1.075170e+05	5.771195e+04	5.715466e+04	3.037672e+02	1.892998e+01	2020	7	9	0
	7216	2218	253.291732	12.004687	1.007054e+05	1.520952e+01	1.080960e+05	1.076969e+05	5.784193e+04	5.748199e+04	3.038305e+02	1.839538e+01	2020	7	9	6
	7208	2230	253.010920	11.582853	1.003386e+05	2.294022e+01	1.079171e+05	1.074383e+05	5.761587e+04	5.715340e+04	3.035314e+02	2.923830e+01	2020	7	9	12
	7183	2232	252.133385	11.512548	1.004333e+05	2.238626e+01	1.081464e+05	1.077670e+05	5.779973e+04	5.738517e+04	3.035267e+02	2.494487e+01	2020	7	9	18
	7156	2229	251.185647	11.618006	1.002082e+05	1.664361e+01	1.079745e+05	1.075985e+05	5.758174e+04	5.707738e+04	3.035343e+02	1.260652e+01	2020	7	10	0
	7132	2236	250.343214	11.371936	1.004337e+05	1.453672e+01	1.080944e+05	1.078121e+05	5.776329e+04	5.743702e+04	3.034179e+02	1.301841e+01	2020	7	10	6
	7108	2244	249.500780	11.090714	9.999633e+04	1.936669e+01	1.079218e+05	1.075666e+05	5.761488e+04	5.722950e+04	3.033185e+02	1.784987e+01	2020	7	10	12
	7085	2239	248.693448	11.266478	1.002210e+05	2.078174e+01	1.081616e+05	1.077560e+05	5.773798e+04	5.739191e+04	3.032965e+02	1.441275e+01	2020	7	10	18
	7059	2234	247.780811	11.442242	9.984785e+04	1.928273e+01	1.079936e+05	1.075933e+05	5.762641e+04	5.728048e+04	3.033101e+02	1.253348e+01	2020	7	11	0
	7039	2237	247.078783	11.336783	1.001762e+05	2.329427e+01	1.081842e+05	1.077678e+05	5.784723e+04	5.743123e+04	3.031836e+02	1.459399e+01	2020	7	11	6
	7005	2246	245.885335	11.020408	9.995970e+04	2.193458e+01	1.080198e+05	1.075352e+05	5.758502e+04	5.722371e+04	3.030666e+02	1.499042e+01	2020	7	11	12
	6978	2233	244.937598	11.477395	1.002748e+05	1.961287e+01	1.081729e+05	1.077500e+05	5.777106e+04	5.746587e+04	3.030472e+02	1.543863e+01	2020	7	11	18
	6953	2233	244.060062	11.477395	1.000690e+05	1.694181e+01	1.080492e+05	1.076582e+05	5.766680e+04	5.727978e+04	3.032550e+02	1.456035e+01	2020	7	12	0
	6920	2236	242.901716	11.371936	1.005523e+05	1.864591e+01	1.082558e+05	1.076875e+05	5.788798e+04	5.746528e+04	3.030900e+02	1.240083e+01	2020	7	12	6
start	10	2020	7	8	18
	3091	1844	108.498440	25.151841	9.979482e+04	8.787873e+00	1.089133e+05	1.082186e+05	5.752547e+04	5.713668e+04	2.755038e+02	2.276328e+01	2020	7	8	18
	3195	1737	112.148986	28.913192	9.973228e+04	1.074758e+01	1.087838e+05	1.075575e+05	5.752560e+04	5.687571e+04	3.047694e+02	2.644230e+01	2020	7	9	0
	3288	1739	115.413417	28.842886	9.961298e+04	9.797602e+00	1.086974e+05	1.075585e+05	5.764275e+04	5.674227e+04	3.072572e+02	3.578322e+01	2020	7	9	6
	3346	1686	117.449298	30.705986	9.937324e+04	1.320044e+01	1.086393e+05	1.067584e+05	5.755371e+04	5.633120e+04	3.053586e+02	2.882558e+01	2020	7	9	12
	3400	1639	119.344774	32.358168	9.879809e+04	1.638303e+01	1.083229e+05	1.058383e+05	5.734783e+04	5.620593e+04	3.032112e+02	3.145766e+01	2020	7	9	18
	3455	1598	121.275351	33.799433	9.898400e+04	2.088448e+01	1.082324e+05	1.053563e+05	5.723874e+04	5.600340e+04	3.009639e+02	3.523395e+01	2020	7	10	0
	3558	1574	124.890796	34.643101	9.886968e+04	2.257436e+01	1.081993e+05	1.052576e+05	5.727817e+04	5.584816e+04	2.994537e+02	3.272649e+01	2020	7	10	6
	3612	1549	126.786271	35.521921	9.876470e+04	1.963155e+01	1.082223e+05	1.049993e+05	5.723709e+04	5.576318e+04	2.995957e+02	3.758753e+01	2020	7	10	12
	3706	1530	130.085803	36.189825	9.883891e+04	2.275075e+01	1.080823e+05	1.048592e+05	5.723979e+04	5.558645e+04	2.996155e+02	4.454795e+01	2020	7	10	18
	3733	1494	131.033541	37.455326	9.874080e+04	2.493938e+01	1.080989e+05	1.045701e+05	5.721573e+04	5.540791e+04	2.986732e+02	4.485011e+01	2020	7	11	0
start	17	2020	7	13	12
	3674	1935	128.962559	21.952934	9.989572e+04	1.609164e+01	1.085344e+05	1.078513e+05	5.768836e+04	5.696701e+04	3.048776e+02	2.851686e+01	2020	7	13	12
	3701	1975	129.910296	20.546821	9.962570e+04	1.757053e+01	1.085243e+05	1.074614e+05	5.757529e+04	5.687680e+04	3.048755e+02	3.517319e+01	2020	7	13	18
	3700	1971	129.875195	20.687433	9.966577e+04	1.775155e+01	1.086649e+05	1.077718e+05	5.770502e+04	5.710379e+04	3.047911e+02	3.504922e+01	2020	7	14	0
	3710	1948	130.226209	21.495948	9.972333e+04	1.880272e+01	1.084542e+05	1.077132e+05	5.771817e+04	5.692564e+04	3.049645e+02	3.404770e+01	2020	7	14	6
	3619	1917	127.031981	22.585685	9.956912e+04	1.838979e+01	1.086095e+05	1.078457e+05	5.778576e+04	5.702558e+04	3.047425e+02	3.435644e+01	2020	7	14	12
	3596	1914	126.224649	22.691143	9.942566e+04	1.791928e+01	1.089284e+05	1.070837e+05	5.770886e+04	5.691205e+04	3.043402e+02	2.816180e+01	2020	7	14	18
	3592	1913	126.084243	22.726296	9.941088e+04	2.051153e+01	1.086386e+05	1.078846e+05	5.775398e+04	5.703927e+04	3.042140e+02	2.919621e+01	2020	7	15	0
	3567	1888	125.206708	23.605117	9.929393e+04	2.088838e+01	1.087840e+05	1.080039e+05	5.776066e+04	5.690559e+04	3.046787e+02	3.292609e+01	2020	7	15	6
	3507	1882	123.100624	23.816033	9.933366e+04	1.918558e+01	1.087022e+05	1.081462e+05	5.777146e+04	5.700275e+04	3.046461e+02	2.374378e+01	2020	7	15	12
	3519	1899	123.521841	23.218436	9.900150e+04	2.029600e+01	1.087139e+05	1.079627e+05	5.761223e+04	5.691320e+04	3.042956e+02	2.347435e+01	2020	7	15	18
	3522	1869	123.627145	24.273020	9.917914e+04	2.708426e+01	1.087088e+05	1.080260e+05	5.776129e+04	5.695739e+04	3.045359e+02	2.718379e+01	2020	7	16	0
	3492	1849	122.574103	24.976076	9.912138e+04	1.968660e+01	1.086502e+05	1.080104e+05	5.767977e+04	5.689240e+04	3.045736e+02	2.611639e+01	2020	7	16	6
	3419	1847	120.011700	25.046382	9.926442e+04	1.901423e+01	1.086094e+05	1.080258e+05	5.762230e+04	5.700693e+04	3.044566e+02	1.590253e+01	2020	7	16	12
	3397	1854	119.239470	24.800312	9.920603e+04	1.287935e+01	1.085870e+05	1.079435e+05	5.753620e+04	5.681583e+04	3.042267e+02	2.824119e+01	2020	7	16	18
	3417	1891	119.941498	23.499658	9.896561e+04	2.365343e+01	1.087484e+05	1.075720e+05	5.749600e+04	5.656458e+04	3.041765e+02	3.617417e+01	2020	7	17	0
	3405	1853	119.520281	24.835465	9.924673e+04	1.727822e+01	1.084751e+05	1.079680e+05	5.740395e+04	5.677342e+04	3.042922e+02	3.267413e+01	2020	7	17	6
	3314	1793	116.326053	26.944634	9.933512e+04	6.641847e+00	1.086493e+05	1.080407e+05	5.743025e+04	5.684782e+04	3.067448e+02	1.535535e+01	2020	7	17	12
start	36	2020	7	16	6
	7165	2341	251.501560	7.680891	1.009464e+05	1.416128e+01	1.084816e+05	1.080496e+05	5.806806e+04	5.786446e+04	3.026703e+02	7.368101e+00	2020	7	16	6
	7130	2341	250.273011	7.680891	1.006465e+05	1.500356e+01	1.082423e+05	1.078237e+05	5.781114e+04	5.754588e+04	3.025731e+02	6.970712e+00	2020	7	16	12
	7105	2335	249.395476	7.891807	1.008539e+05	1.463811e+01	1.083784e+05	1.080780e+05	5.802509e+04	5.785474e+04	3.024753e+02	9.024661e+00	2020	7	16	18
	7072	2340	248.237129	7.716043	1.005398e+05	1.811271e+01	1.085072e+05	1.078983e+05	5.785741e+04	5.757301e+04	3.029176e+02	1.244186e+01	2020	7	17	0
	7035	2333	246.938378	7.962113	1.007611e+05	1.815156e+01	1.084127e+05	1.080431e+05	5.805280e+04	5.777489e+04	3.027576e+02	1.179241e+01	2020	7	17	6
	6990	2328	245.358814	8.137877	1.004551e+05	1.983923e+01	1.083358e+05	1.077266e+05	5.780143e+04	5.749492e+04	3.027571e+02	1.443318e+01	2020	7	17	12
	6960	2317	244.305772	8.524558	1.006686e+05	1.991621e+01	1.085742e+05	1.080220e+05	5.798305e+04	5.774636e+04	3.028870e+02	1.667222e+01	2020	7	17	18
	6931	2300	243.287832	9.122156	1.004518e+05	1.667141e+01	1.083562e+05	1.079660e+05	5.777743e+04	5.749248e+04	3.032588e+02	1.870392e+01	2020	7	18	0
	6894	2289	241.989080	9.508837	1.005870e+05	2.268571e+01	1.084495e+05	1.079989e+05	5.794679e+04	5.762897e+04	3.032289e+02	2.003360e+01	2020	7	18	6
	6767	2318	237.531201	8.489405	1.004955e+05	1.776631e+01	1.082662e+05	1.078765e+05	5.768569e+04	5.732994e+04	3.031672e+02	2.553231e+01	2020	7	18	12
	6757	2328	237.180187	8.137877	1.005072e+05	2.433533e+01	1.084992e+05	1.079088e+05	5.788405e+04	5.746230e+04	3.029974e+02	2.177832e+01	2020	7	18	18
	6772	2263	237.706708	10.422810	1.004114e+05	1.768332e+01	1.083129e+05	1.077999e+05	5.772444e+04	5.734126e+04	3.031140e+02	1.597159e+01	2020	7	19	0
	6732	2286	236.302652	9.614295	1.007734e+05	1.485885e+01	1.085541e+05	1.080309e+05	5.789259e+04	5.754567e+04	3.029594e+02	1.348671e+01	2020	7	19	6
	6588	2312	231.248050	8.700322	1.003364e+05	2.467587e+01	1.081577e+05	1.076514e+05	5.771152e+04	5.731739e+04	3.031069e+02	2.324407e+01	2020	7	19	12
	6672	2278	234.196568	9.895518	1.007262e+05	2.020742e+01	1.086394e+05	1.078580e+05	5.795076e+04	5.754834e+04	3.029910e+02	2.174315e+01	2020	7	19	18
	6618	2236	232.301092	11.371936	1.006128e+05	1.381490e+01	1.084243e+05	1.079232e+05	5.778691e+04	5.733002e+04	3.033259e+02	2.115597e+01	2020	7	20	0
	6599	2259	231.634165	10.563421	1.006636e+05	1.976603e+01	1.086015e+05	1.080970e+05	5.797890e+04	5.735412e+04	3.030942e+02	2.873053e+01	2020	7	20	6
	6589	2249	231.283151	10.914950	1.003776e+05	1.941250e+01	1.083508e+05	1.079158e+05	5.775986e+04	5.730455e+04	3.030334e+02	3.770356e+01	2020	7	20	12
	6647	2248	233.319033	10.950102	1.007432e+05	2.038140e+01	1.085994e+05	1.080399e+05	5.792638e+04	5.755494e+04	3.027542e+02	2.385475e+01	2020	7	20	18
	6672	2241	234.196568	11.196172	1.003530e+05	1.974510e+01	1.082224e+05	1.078529e+05	5.774108e+04	5.732214e+04	3.028789e+02	1.799261e+01	2020	7	21	0
	6649	2232	233.389236	11.512548	1.007023e+05	1.810571e+01	1.084987e+05	1.078641e+05	5.793358e+04	5.749787e+04	3.028237e+02	1.317063e+01	2020	7	21	6
	6630	2235	232.722309	11.407089	1.005148e+05	1.695772e+01	1.082098e+05	1.078745e+05	5.782736e+04	5.739481e+04	3.027806e+02	1.883930e+01	2020	7	21	12
	6605	2228	231.844774	11.653159	1.008314e+05	1.454067e+01	1.086771e+05	1.079625e+05	5.801298e+04	5.765323e+04	3.029045e+02	2.092583e+01	2020	7	21	18
	6586	2231	231.177847	11.547700	1.005752e+05	1.454330e+01	1.084545e+05	1.078831e+05	5.785892e+04	5.726212e+04	3.031687e+02	2.618523e+01	2020	7	22	0
	6569	2228	230.581123	11.653159	1.007771e+05	1.558666e+01	1.085461e+05	1.080688e+05	5.806251e+04	5.764199e+04	3.030017e+02	2.597724e+01	2020	7	22	6
	6546	2220	229.773791	11.934381	1.005857e+05	1.701403e+01	1.083236e+05	1.079343e+05	5.778680e+04	5.746046e+04	3.028509e+02	2.232887e+01	2020	7	22	12
	6519	2227	228.826053	11.688312	1.009155e+05	1.592251e+01	1.085063e+05	1.080534e+05	5.801507e+04	5.768727e+04	3.028015e+02	2.047806e+01	2020	7	22	18
	6522	2265	228.931357	10.352505	1.005416e+05	2.020548e+01	1.083434e+05	1.078698e+05	5.776676e+04	5.747967e+04	3.030753e+02	2.053177e+01	2020	7	23	0
	6651	2242	233.459438	11.161019	1.007068e+05	1.527312e+01	1.087229e+05	1.081851e+05	5.792805e+04	5.765138e+04	3.027546e+02	2.210124e+01	2020	7	23	6
	6714	2138	235.670827	14.816912	1.004852e+05	2.230187e+01	1.083899e+05	1.079002e+05	5.786098e+04	5.743064e+04	3.026236e+02	1.149629e+01	2020	7	23	12
	6642	2162	233.143526	13.973245	1.007642e+05	1.688239e+01	1.087214e+05	1.080357e+05	5.801034e+04	5.765570e+04	3.028161e+02	1.998703e+01	2020	7	23	18
	6616	2198	232.230889	12.707743	1.005167e+05	2.086329e+01	1.084499e+05	1.080257e+05	5.784845e+04	5.749785e+04	3.031918e+02	2.116348e+01	2020	7	24	0
	6586	2085	231.177847	16.680012	1.007253e+05	2.633414e+01	1.086756e+05	1.080638e+05	5.806397e+04	5.762461e+04	3.027779e+02	1.896961e+01	2020	7	24	6
	6538	2026	229.492980	18.754028	1.004510e+05	2.204108e+01	1.084615e+05	1.076203e+05	5.788095e+04	5.738707e+04	3.007354e+02	8.412246e+00	2020	7	24	12
	6510	2041	228.510140	18.226736	1.005889e+05	1.783703e+01	1.084798e+05	1.077298e+05	5.798842e+04	5.768502e+04	3.008738e+02	1.207383e+01	2020	7	24	18
	6485	2026	227.632605	18.754028	1.004212e+05	2.274775e+01	1.082871e+05	1.076649e+05	5.790114e+04	5.751925e+04	3.012570e+02	6.648848e+00	2020	7	25	0
start	15	2020	7	17	6
	6511	2232	228.545242	11.512548	1.009168e+05	1.644079e+01	1.083817e+05	1.081792e+05	5.808423e+04	5.775487e+04	3.032383e+02	1.383860e+01	2020	7	17	6
	6492	2238	227.878315	11.301631	1.005175e+05	1.475806e+01	1.083383e+05	1.078968e+05	5.782373e+04	5.756760e+04	3.030357e+02	1.666345e+01	2020	7	17	12
	6454	2254	226.544462	10.739186	1.008221e+05	1.388985e+01	1.086097e+05	1.081210e+05	5.798514e+04	5.770749e+04	3.028542e+02	1.514827e+01	2020	7	17	18
	6415	2248	225.175507	10.950102	1.006617e+05	1.578315e+01	1.083150e+05	1.079891e+05	5.782294e+04	5.749566e+04	3.029393e+02	1.861629e+01	2020	7	18	0
	6397	2273	224.543682	10.071282	1.006807e+05	1.431497e+01	1.084782e+05	1.079737e+05	5.792690e+04	5.759029e+04	3.028219e+02	1.718990e+01	2020	7	18	6
	6346	2290	222.753510	9.473684	1.005047e+05	1.540181e+01	1.084387e+05	1.078680e+05	5.775983e+04	5.739961e+04	3.027143e+02	1.915345e+01	2020	7	18	12
	6310	2286	221.489860	9.614295	1.007406e+05	1.756063e+01	1.084206e+05	1.080204e+05	5.788447e+04	5.757416e+04	3.027198e+02	2.245252e+01	2020	7	18	18
	6197	2322	217.523401	8.348794	1.005426e+05	1.323228e+01	1.083931e+05	1.079674e+05	5.773204e+04	5.743321e+04	3.032102e+02	2.193524e+01	2020	7	19	0
	6219	2292	218.295632	9.403379	1.007296e+05	1.811845e+01	1.085122e+05	1.079795e+05	5.794369e+04	5.752303e+04	3.027273e+02	2.221787e+01	2020	7	19	6
	6108	2339	214.399376	7.751196	1.005311e+05	1.556998e+01	1.082726e+05	1.076893e+05	5.772972e+04	5.738320e+04	3.033864e+02	2.789933e+01	2020	7	19	12
	6166	2243	216.435257	11.125867	1.007370e+05	1.770210e+01	1.084672e+05	1.079300e+05	5.792356e+04	5.751439e+04	3.027646e+02	2.316224e+01	2020	7	19	18
	6123	2291	214.925897	9.438531	1.004999e+05	1.538351e+01	1.082424e+05	1.079303e+05	5.778112e+04	5.739537e+04	3.034821e+02	2.096906e+01	2020	7	20	0
	6015	2241	211.134945	11.196172	1.007639e+05	1.733276e+01	1.085386e+05	1.080917e+05	5.788182e+04	5.758502e+04	3.035715e+02	2.049350e+01	2020	7	20	6
	6016	2261	211.170047	10.493116	1.005809e+05	1.252942e+01	1.083050e+05	1.078801e+05	5.774464e+04	5.743351e+04	3.034016e+02	2.259830e+01	2020	7	20	12
	5975	2268	209.730889	10.247046	1.007469e+05	1.383121e+01	1.084884e+05	1.081086e+05	5.791531e+04	5.758417e+04	3.037313e+02	1.464357e+01	2020	7	20	18
start	13	2020	7	17	18
	7217	2146	253.326833	14.535690	1.009147e+05	1.637143e+01	1.084911e+05	1.077889e+05	5.804423e+04	5.764653e+04	3.050857e+02	7.609384e+00	2020	7	17	18
	7256	2292	254.695788	9.403379	1.004763e+05	1.418894e+01	1.081648e+05	1.078228e+05	5.774774e+04	5.745002e+04	3.033636e+02	9.926969e+00	2020	7	18	0
	7230	2292	253.783151	9.403379	1.007622e+05	1.480119e+01	1.082505e+05	1.079275e+05	5.786012e+04	5.755940e+04	3.032155e+02	9.211428e+00	2020	7	18	6
	7191	2291	252.414197	9.438531	1.005670e+05	1.263958e+01	1.080576e+05	1.077502e+05	5.763264e+04	5.736856e+04	3.032785e+02	1.419604e+01	2020	7	18	12
	7154	2291	251.115445	9.438531	1.007599e+05	1.356262e+01	1.082585e+05	1.079301e+05	5.784571e+04	5.754006e+04	3.032682e+02	1.745326e+01	2020	7	18	18
	7080	2310	248.517941	8.770628	1.004881e+05	1.842889e+01	1.081960e+05	1.076163e+05	5.770532e+04	5.729883e+04	3.030920e+02	1.866830e+01	2020	7	19	0
	7062	2294	247.886115	9.333073	1.007044e+05	1.930215e+01	1.083254e+05	1.077899e+05	5.797436e+04	5.747164e+04	3.030142e+02	1.363510e+01	2020	7	19	6
	7029	2275	246.727769	10.000976	1.004829e+05	1.335619e+01	1.080590e+05	1.076166e+05	5.771914e+04	5.739560e+04	3.032136e+02	1.380598e+01	2020	7	19	12
	7010	2263	246.060842	10.422810	1.008706e+05	1.439044e+01	1.083566e+05	1.078450e+05	5.794531e+04	5.762527e+04	3.033240e+02	1.989829e+01	2020	7	19	18
	6910	2271	242.550702	10.141588	1.004919e+05	1.988899e+01	1.081963e+05	1.077583e+05	5.776955e+04	5.717337e+04	3.034118e+02	2.269644e+01	2020	7	20	0
	6942	2271	243.673947	10.141588	1.007667e+05	1.733458e+01	1.083928e+05	1.080210e+05	5.793099e+04	5.761900e+04	3.030368e+02	2.167714e+01	2020	7	20	6
	6908	2262	242.480499	10.457963	1.005191e+05	1.847035e+01	1.081642e+05	1.077390e+05	5.775350e+04	5.730886e+04	3.031909e+02	1.985645e+01	2020	7	20	12
	6863	2270	240.900936	10.176741	1.005715e+05	1.693817e+01	1.084042e+05	1.078707e+05	5.791478e+04	5.748630e+04	3.031859e+02	1.728310e+01	2020	7	20	18
start	18	2020	7	20	0
	3170	1772	111.271451	27.682843	9.942214e+04	9.439178e+00	1.087781e+05	1.077268e+05	5.744483e+04	5.682798e+04	3.059764e+02	2.581417e+01	2020	7	20	0
	3167	1787	111.166147	27.155551	9.885241e+04	2.157818e+01	1.087714e+05	1.079959e+05	5.741768e+04	5.648917e+04	2.755939e+02	2.061325e+01	2020	7	20	6
	3194	1794	112.113885	26.909481	9.913679e+04	1.581801e+01	1.091367e+05	1.080991e+05	5.750613e+04	5.685761e+04	3.067860e+02	2.288285e+01	2020	7	20	12
	3146	1897	110.429017	23.288741	9.951310e+04	1.104337e+01	1.091208e+05	1.082302e+05	5.764387e+04	5.702656e+04	3.052055e+02	1.911997e+01	2020	7	20	18
	3185	1881	111.797972	23.851186	9.960701e+04	9.066584e+00	1.087502e+05	1.080170e+05	5.756357e+04	5.701838e+04	3.033688e+02	2.273532e+01	2020	7	21	0
	3237	1870	113.623245	24.237867	9.941209e+04	1.227141e+01	1.086342e+05	1.080802e+05	5.757655e+04	5.695121e+04	3.052009e+02	1.753641e+01	2020	7	21	6
	3282	1853	115.202808	24.835465	9.964698e+04	1.308250e+01	1.088765e+05	1.082021e+05	5.772866e+04	5.706150e+04	3.047409e+02	1.373285e+01	2020	7	21	12
	3305	1794	116.010140	26.909481	9.973266e+04	8.896382e+00	1.087437e+05	1.078786e+05	5.764531e+04	5.708543e+04	3.042516e+02	1.726868e+01	2020	7	21	18
	3328	1796	116.817473	26.839176	9.992010e+04	8.236692e+00	1.088582e+05	1.079323e+05	5.775798e+04	5.719602e+04	3.031615e+02	1.818377e+01	2020	7	22	0
	3370	1777	118.291732	27.507079	9.984716e+04	1.357607e+01	1.087462e+05	1.079502e+05	5.777436e+04	5.712713e+04	3.032637e+02	1.364542e+01	2020	7	22	6
	3426	1762	120.257410	28.034371	9.995609e+04	1.404052e+01	1.088161e+05	1.081848e+05	5.785319e+04	5.720184e+04	3.031766e+02	9.712898e+00	2020	7	22	12
	3436	1763	120.608424	27.999219	1.000848e+05	1.389348e+01	1.088182e+05	1.080641e+05	5.781899e+04	5.724204e+04	3.026011e+02	1.337490e+01	2020	7	22	18
	3474	1750	121.942278	28.456205	1.001774e+05	1.334166e+01	1.086503e+05	1.080329e+05	5.775606e+04	5.725636e+04	3.028118e+02	1.111221e+01	2020	7	23	0
	3535	1685	124.083463	30.741138	9.998450e+04	1.791632e+01	1.086830e+05	1.078119e+05	5.776405e+04	5.723065e+04	3.029060e+02	1.176518e+01	2020	7	23	6
	3555	1671	124.785491	31.233278	1.001046e+05	1.481996e+01	1.089056e+05	1.077664e+05	5.777644e+04	5.726550e+04	3.024372e+02	1.200528e+01	2020	7	23	12
	3561	1649	124.996100	32.006640	9.987317e+04	1.995485e+01	1.086179e+05	1.073371e+05	5.764619e+04	5.716409e+04	3.017516e+02	2.025676e+01	2020	7	23	18
	3591	1636	126.049142	32.463626	9.988654e+04	2.088903e+01	1.085748e+05	1.072112e+05	5.767796e+04	5.715045e+04	3.020846e+02	2.025148e+01	2020	7	24	0
	3523	1663	123.662246	31.514500	9.996272e+04	1.614054e+01	1.087146e+05	1.074732e+05	5.759455e+04	5.721605e+04	3.026926e+02	7.240713e+00	2020	7	24	6
start	18	2020	7	21	0
	7354	2335	258.135725	7.891807	1.006192e+05	1.462599e+01	1.081596e+05	1.078328e+05	5.768873e+04	5.742740e+04	3.031345e+02	1.895619e+01	2020	7	21	0
	7522	2349	264.032761	7.399668	1.008062e+05	1.991097e+01	1.082584e+05	1.079418e+05	5.782900e+04	5.755320e+04	3.026513e+02	1.824244e+01	2020	7	21	6
	7365	2337	258.521841	7.821502	1.005064e+05	1.736887e+01	1.080609e+05	1.078430e+05	5.773300e+04	5.736386e+04	3.026638e+02	2.441598e+01	2020	7	21	12
	7328	2335	257.223089	7.891807	1.007710e+05	2.151464e+01	1.083533e+05	1.080936e+05	5.794904e+04	5.747976e+04	3.027956e+02	2.420269e+01	2020	7	21	18
	7346	2276	257.854914	9.965824	1.006863e+05	1.795865e+01	1.084306e+05	1.078722e+05	5.784559e+04	5.740964e+04	3.032195e+02	2.419870e+01	2020	7	22	0
	7269	2299	255.152106	9.157309	1.007807e+05	1.981023e+01	1.084641e+05	1.079828e+05	5.795416e+04	5.750377e+04	3.030579e+02	2.715966e+01	2020	7	22	6
	7365	2262	258.521841	10.457963	1.007153e+05	1.437819e+01	1.082946e+05	1.078951e+05	5.791505e+04	5.740482e+04	3.033777e+02	1.697589e+01	2020	7	22	12
	7209	2293	253.046022	9.368226	1.007630e+05	1.708996e+01	1.084282e+05	1.079773e+05	5.797828e+04	5.760312e+04	3.030417e+02	2.162212e+01	2020	7	22	18
	7176	2264	251.887676	10.387657	1.003744e+05	2.295968e+01	1.083241e+05	1.080186e+05	5.785628e+04	5.742345e+04	3.035857e+02	1.788202e+01	2020	7	23	0
	7145	2289	250.799532	9.508837	1.009150e+05	1.728482e+01	1.084718e+05	1.079928e+05	5.798629e+04	5.769808e+04	3.033598e+02	1.560970e+01	2020	7	23	6
	7105	2271	249.395476	10.141588	1.006796e+05	1.818976e+01	1.082563e+05	1.076976e+05	5.780744e+04	5.744555e+04	3.031950e+02	1.447832e+01	2020	7	23	12
	7048	2254	247.394696	10.739186	1.009440e+05	1.256099e+01	1.085000e+05	1.082146e+05	5.800308e+04	5.771377e+04	3.032946e+02	8.957628e+00	2020	7	23	18
	7007	2263	245.955538	10.422810	1.006599e+05	1.562732e+01	1.083568e+05	1.080485e+05	5.785961e+04	5.749630e+04	3.034204e+02	1.429498e+01	2020	7	24	0
	6954	2212	244.095164	12.215604	1.008444e+05	1.862073e+01	1.087214e+05	1.081644e+05	5.809855e+04	5.771289e+04	3.035419e+02	1.643678e+01	2020	7	24	6
	6938	2202	243.533541	12.567132	1.006497e+05	2.091843e+01	1.082920e+05	1.077891e+05	5.785010e+04	5.749809e+04	3.034312e+02	1.917386e+01	2020	7	24	12
	6849	2279	240.409516	9.860365	1.006234e+05	2.174684e+01	1.084391e+05	1.079871e+05	5.790796e+04	5.753387e+04	3.028925e+02	2.202403e+01	2020	7	24	18
	6824	2257	239.531981	10.633727	1.007256e+05	1.416157e+01	1.082401e+05	1.079463e+05	5.778641e+04	5.747648e+04	3.032131e+02	1.716036e+01	2020	7	25	0
	6803	2242	238.794852	11.161019	1.009024e+05	1.642212e+01	1.085335e+05	1.081792e+05	5.805733e+04	5.768742e+04	3.031138e+02	9.798459e+00	2020	7	25	6
start	14	2020	7	21	6
	5939	2233	208.467239	11.477395	1.006711e+05	1.552896e+01	1.085356e+05	1.080647e+05	5.797228e+04	5.760373e+04	3.037517e+02	2.218471e+01	2020	7	21	6
	5878	2246	206.326053	11.020408	1.005462e+05	1.636485e+01	1.084150e+05	1.078652e+05	5.784436e+04	5.737472e+04	3.038764e+02	2.927979e+01	2020	7	21	12
	5850	2227	205.343214	11.688312	1.007564e+05	1.678422e+01	1.084456e+05	1.080967e+05	5.801553e+04	5.765632e+04	3.037239e+02	1.703248e+01	2020	7	21	18
	5805	2223	203.763651	11.828923	1.003843e+05	1.971444e+01	1.085102e+05	1.081353e+05	5.792102e+04	5.744204e+04	3.036300e+02	9.674348e+00	2020	7	22	0
	5766	2222	202.394696	11.864076	1.006286e+05	1.670378e+01	1.085434e+05	1.082440e+05	5.803246e+04	5.774877e+04	3.037466e+02	1.384224e+01	2020	7	22	6
	5711	2265	200.464119	10.352505	1.005963e+05	1.366833e+01	1.084724e+05	1.080143e+05	5.793360e+04	5.755987e+04	3.037058e+02	2.288578e+01	2020	7	22	12
	5681	2245	199.411076	11.055561	1.005339e+05	1.676496e+01	1.085712e+05	1.081265e+05	5.798966e+04	5.761977e+04	3.035271e+02	1.877188e+01	2020	7	22	18
	5641	2239	198.007020	11.266478	1.006086e+05	1.523169e+01	1.085334e+05	1.081277e+05	5.797577e+04	5.761504e+04	3.035012e+02	1.409975e+01	2020	7	23	0
	5578	2234	195.795632	11.442242	1.006543e+05	1.654144e+01	1.085572e+05	1.082373e+05	5.798129e+04	5.762615e+04	3.032982e+02	1.369681e+01	2020	7	23	6
	5552	2217	194.882995	12.039840	1.005427e+05	1.856598e+01	1.086839e+05	1.081089e+05	5.799611e+04	5.764870e+04	3.031020e+02	1.353469e+01	2020	7	23	12
	5509	2227	193.373635	11.688312	1.006091e+05	1.851032e+01	1.084989e+05	1.081273e+05	5.800811e+04	5.761233e+04	3.031621e+02	1.362019e+01	2020	7	23	18
	5462	2242	191.723869	11.161019	1.005524e+05	2.025825e+01	1.086799e+05	1.081208e+05	5.801741e+04	5.755568e+04	3.034524e+02	1.305414e+01	2020	7	24	0
	5424	2250	190.390016	10.879797	1.006280e+05	1.386963e+01	1.085235e+05	1.081028e+05	5.799719e+04	5.757204e+04	3.035295e+02	1.335188e+01	2020	7	24	6
	5426	2261	190.460218	10.493116	1.006252e+05	1.343261e+01	1.086296e+05	1.080308e+05	5.795553e+04	5.756601e+04	3.033538e+02	2.247397e+01	2020	7	24	12
start	15	2020	7	21	12
	6380	2270	223.946958	10.176741	1.005949e+05	1.806953e+01	1.083220e+05	1.079366e+05	5.776849e+04	5.736322e+04	3.029512e+02	2.420023e+01	2020	7	21	12
	6352	2289	222.964119	9.508837	1.008081e+05	1.694918e+01	1.086771e+05	1.082141e+05	5.796854e+04	5.762645e+04	3.028149e+02	2.139924e+01	2020	7	21	18
	6346	2272	222.753510	10.106435	1.004482e+05	1.674445e+01	1.084338e+05	1.079308e+05	5.777951e+04	5.737849e+04	3.027470e+02	1.494880e+01	2020	7	22	0
	6350	2258	222.893916	10.598574	1.006744e+05	1.608637e+01	1.085461e+05	1.082073e+05	5.795069e+04	5.772107e+04	3.025873e+02	1.585507e+01	2020	7	22	6
	6321	2239	221.875975	11.266478	1.005562e+05	1.653942e+01	1.083851e+05	1.079705e+05	5.780221e+04	5.746359e+04	3.025316e+02	1.900363e+01	2020	7	22	12
	6313	2221	221.595164	11.899229	1.008363e+05	1.737088e+01	1.086722e+05	1.080895e+05	5.801507e+04	5.772178e+04	3.025298e+02	1.573498e+01	2020	7	22	18
	6239	2225	218.997660	11.758617	1.004683e+05	1.625173e+01	1.084780e+05	1.081202e+05	5.780461e+04	5.755249e+04	3.027476e+02	1.516452e+01	2020	7	23	0
	6201	2223	217.663807	11.828923	1.007561e+05	2.108967e+01	1.086335e+05	1.082516e+05	5.798608e+04	5.765773e+04	3.027961e+02	2.316128e+01	2020	7	23	6
	6147	2247	215.768331	10.985255	1.005113e+05	2.309701e+01	1.084660e+05	1.079868e+05	5.783907e+04	5.738743e+04	3.029958e+02	3.054952e+01	2020	7	23	12
	6109	2253	214.434477	10.774338	1.007668e+05	1.745936e+01	1.085165e+05	1.082342e+05	5.802882e+04	5.761116e+04	3.030967e+02	2.085381e+01	2020	7	23	18
	6123	2219	214.925897	11.969534	1.006177e+05	1.725506e+01	1.084672e+05	1.081560e+05	5.784044e+04	5.752291e+04	3.029350e+02	2.070367e+01	2020	7	24	0
	6076	2206	213.276131	12.426521	1.007883e+05	1.731885e+01	1.085414e+05	1.081588e+05	5.796200e+04	5.761581e+04	3.028642e+02	2.431264e+01	2020	7	24	6
	6053	2211	212.468799	12.250757	1.006394e+05	1.541895e+01	1.084150e+05	1.080558e+05	5.784028e+04	5.746017e+04	3.027107e+02	2.612148e+01	2020	7	24	12
	6054	2187	212.503900	13.094424	1.007582e+05	1.889030e+01	1.085466e+05	1.081179e+05	5.792206e+04	5.762613e+04	3.026617e+02	2.476850e+01	2020	7	24	18
	6144	2190	215.663027	12.988966	1.004191e+05	2.261978e+01	1.083178e+05	1.080122e+05	5.769873e+04	5.738271e+04	3.027073e+02	1.887161e+01	2020	7	25	0
start	12	2020	7	24	12
	3883	1889	136.298752	23.569964	1.000608e+05	1.695630e+01	1.089069e+05	1.074103e+05	5.787836e+04	5.737761e+04	3.048905e+02	1.236051e+01	2020	7	24	12
	3874	1880	135.982839	23.886339	9.989488e+04	1.434443e+01	1.086076e+05	1.072498e+05	5.778911e+04	5.734875e+04	3.046281e+02	6.485555e+00	2020	7	24	18
	3854	1815	135.280811	26.171272	1.001142e+05	1.756030e+01	1.087063e+05	1.074256e+05	5.794381e+04	5.746976e+04	3.043457e+02	4.576461e+00	2020	7	25	0
	3843	1817	134.894696	26.100967	1.001176e+05	1.773426e+01	1.087182e+05	1.074948e+05	5.798235e+04	5.740009e+04	3.047787e+02	6.496828e+00	2020	7	25	6
	3837	1779	134.684087	27.436774	1.002119e+05	1.454401e+01	1.089917e+05	1.077109e+05	5.805877e+04	5.751591e+04	3.045574e+02	7.936431e+00	2020	7	25	12
	3838	1775	134.719189	27.577385	1.002427e+05	1.200430e+01	1.086898e+05	1.075548e+05	5.792204e+04	5.739904e+04	3.043748e+02	7.169557e+00	2020	7	25	18
	3826	1730	134.297972	29.159262	1.003630e+05	1.230675e+01	1.088309e+05	1.077050e+05	5.808980e+04	5.754683e+04	3.040021e+02	8.238537e+00	2020	7	26	0
	3810	1734	133.736349	29.018650	1.002939e+05	1.120938e+01	1.087726e+05	1.077836e+05	5.798073e+04	5.744416e+04	3.044972e+02	1.074444e+01	2020	7	26	6
	3792	1701	133.104524	30.178693	1.004494e+05	1.216261e+01	1.089238e+05	1.079220e+05	5.804918e+04	5.755246e+04	3.040728e+02	1.072947e+01	2020	7	26	12
	3819	1656	134.052262	31.760570	1.001636e+05	1.537710e+01	1.086740e+05	1.078546e+05	5.792811e+04	5.748529e+04	3.036471e+02	8.672801e+00	2020	7	26	18
	3822	1656	134.157566	31.760570	1.002903e+05	1.678560e+01	1.088962e+05	1.079705e+05	5.803382e+04	5.755182e+04	3.036357e+02	7.586689e+00	2020	7	27	0
	3817	1653	133.982059	31.866029	1.002474e+05	1.580114e+01	1.088392e+05	1.080474e+05	5.796276e+04	5.749182e+04	3.040092e+02	1.151908e+01	2020	7	27	6
start	14	2020	7	27	18
	3837	1645	134.684087	32.147251	1.002344e+05	1.649430e+01	1.086676e+05	1.077338e+05	5.794815e+04	5.739347e+04	3.037427e+02	8.502273e+00	2020	7	27	18
	3836	1654	134.648986	31.830876	1.003086e+05	1.658228e+01	1.086709e+05	1.076561e+05	5.798104e+04	5.748564e+04	3.037638e+02	9.483956e+00	2020	7	28	0
	3894	1651	136.684867	31.936334	9.995195e+04	2.207421e+01	1.086017e+05	1.076448e+05	5.786938e+04	5.725062e+04	3.042455e+02	1.491672e+01	2020	7	28	6
	3868	1647	135.772231	32.076945	1.000998e+05	1.899008e+01	1.085560e+05	1.075052e+05	5.787414e+04	5.726465e+04	3.040978e+02	1.140118e+01	2020	7	28	12
	3921	1644	137.632605	32.182404	9.910338e+04	2.402432e+01	1.083743e+05	1.072186e+05	5.770597e+04	5.688569e+04	3.037325e+02	1.456638e+01	2020	7	28	18
	3969	1643	139.317473	32.217557	9.894089e+04	3.102543e+01	1.083470e+05	1.070735e+05	5.773380e+04	5.658207e+04	3.035969e+02	1.559049e+01	2020	7	29	0
	3978	1637	139.633385	32.428474	9.882493e+04	2.736370e+01	1.082234e+05	1.068956e+05	5.761715e+04	5.630457e+04	3.037330e+02	1.427311e+01	2020	7	29	6
	4008	1621	140.686427	32.990919	9.924530e+04	2.504669e+01	1.083028e+05	1.067276e+05	5.776106e+04	5.676733e+04	3.030646e+02	1.508841e+01	2020	7	29	12
	4031	1589	141.493760	34.115809	9.926445e+04	2.478807e+01	1.081765e+05	1.062774e+05	5.766967e+04	5.662628e+04	3.024957e+02	2.039566e+01	2020	7	29	18
	4058	1540	142.441498	35.838297	9.910826e+04	2.173017e+01	1.081798e+05	1.061661e+05	5.771499e+04	5.648995e+04	3.018033e+02	1.912430e+01	2020	7	30	0
	4070	1493	142.862715	37.490479	9.919991e+04	2.693021e+01	1.081906e+05	1.061074e+05	5.774728e+04	5.654610e+04	3.004808e+02	1.899877e+01	2020	7	30	6
	4053	1442	142.265991	39.283273	9.927238e+04	2.322567e+01	1.081586e+05	1.064452e+05	5.775154e+04	5.638174e+04	2.992914e+02	1.634610e+01	2020	7	30	12
	4043	1403	141.914977	40.654233	9.952849e+04	2.024252e+01	1.080721e+05	1.064526e+05	5.770643e+04	5.628442e+04	2.986971e+02	1.475680e+01	2020	7	30	18
	4038	1369	141.739470	41.849429	1.000607e+05	1.692860e+01	1.081014e+05	1.066624e+05	5.780554e+04	5.655550e+04	2.979547e+02	4.904960e+00	2020	7	31	0
start	25	2020	7	28	6
	4178	2129	146.653666	15.133288	1.001518e+05	1.831574e+01	1.085244e+05	1.078882e+05	5.771473e+04	5.729648e+04	3.058187e+02	2.819392e+01	2020	7	28	6
	4193	2029	147.180187	18.648569	1.002048e+05	1.672762e+01	1.087280e+05	1.080653e+05	5.786051e+04	5.742757e+04	3.057001e+02	1.814201e+01	2020	7	28	12
	4198	2057	147.355694	17.664291	9.996693e+04	1.901869e+01	1.084134e+05	1.078350e+05	5.780696e+04	5.716964e+04	3.055342e+02	2.394708e+01	2020	7	28	18
	4188	2046	147.004680	18.050971	1.000013e+05	1.966867e+01	1.086599e+05	1.079351e+05	5.780646e+04	5.724636e+04	3.054083e+02	2.645423e+01	2020	7	29	0
	4210	2006	147.776911	19.457084	9.946268e+04	2.607063e+01	1.085483e+05	1.077454e+05	5.775002e+04	5.696012e+04	3.051586e+02	2.715033e+01	2020	7	29	6
	4187	1996	146.969579	19.808612	9.976920e+04	2.150612e+01	1.087390e+05	1.080176e+05	5.786126e+04	5.718439e+04	3.051093e+02	2.788298e+01	2020	7	29	12
	4170	1976	146.372855	20.511669	9.951113e+04	2.170135e+01	1.084576e+05	1.078250e+05	5.768664e+04	5.698132e+04	3.049844e+02	2.535247e+01	2020	7	29	18
	4161	1940	146.056942	21.777170	9.932322e+04	1.988372e+01	1.089325e+05	1.079349e+05	5.781646e+04	5.701040e+04	3.045221e+02	2.189254e+01	2020	7	30	0
	4133	1905	145.074103	23.007519	9.917605e+04	2.224276e+01	1.085001e+05	1.078812e+05	5.765810e+04	5.686775e+04	3.045691e+02	2.261910e+01	2020	7	30	6
	4114	1868	144.407176	24.308173	9.874838e+04	2.804638e+01	1.087358e+05	1.079083e+05	5.782170e+04	5.671073e+04	3.043922e+02	2.280440e+01	2020	7	30	12
	4101	1838	143.950858	25.362757	9.846918e+04	3.137361e+01	1.086217e+05	1.077413e+05	5.774396e+04	5.651168e+04	3.042795e+02	1.727622e+01	2020	7	30	18
	4079	1812	143.178627	26.276731	9.867634e+04	2.287303e+01	1.087488e+05	1.078653e+05	5.795960e+04	5.701388e+04	3.041711e+02	1.753181e+01	2020	7	31	0
	4060	1780	142.511700	27.401621	9.868851e+04	3.131716e+01	1.086465e+05	1.073948e+05	5.782332e+04	5.668879e+04	3.044240e+02	1.941292e+01	2020	7	31	6
	4045	1734	141.985179	29.018650	9.829745e+04	3.289679e+01	1.088423e+05	1.076860e+05	5.800038e+04	5.660086e+04	3.043046e+02	2.243330e+01	2020	7	31	12
	4028	1684	141.388456	30.776291	9.737823e+04	4.034254e+01	1.087969e+05	1.075089e+05	5.788120e+04	5.569536e+04	3.039392e+02	2.444411e+01	2020	7	31	18
	4008	1648	140.686427	32.041793	9.907779e+04	2.879132e+01	1.087946e+05	1.075452e+05	5.805291e+04	5.714145e+04	3.036899e+02	1.409490e+01	2020	8	1	0
	3990	1618	140.054602	33.096377	9.923246e+04	2.069114e+01	1.088489e+05	1.075492e+05	5.794749e+04	5.710623e+04	3.034318e+02	1.071541e+01	2020	8	1	6
	3960	1586	139.001560	34.221267	9.940902e+04	1.854067e+01	1.089596e+05	1.077987e+05	5.803607e+04	5.729983e+04	3.035964e+02	1.322797e+01	2020	8	1	12
	3969	1535	139.317473	36.014061	9.976873e+04	2.010975e+01	1.087494e+05	1.076984e+05	5.795192e+04	5.710293e+04	3.027251e+02	1.240189e+01	2020	8	1	18
	3973	1487	139.457878	37.701396	9.992226e+04	1.380351e+01	1.087110e+05	1.068087e+05	5.800025e+04	5.668269e+04	3.006710e+02	1.225598e+01	2020	8	2	0
	4011	1439	140.791732	39.388731	9.967809e+04	1.734891e+01	1.086151e+05	1.060028e+05	5.792996e+04	5.632643e+04	3.002350e+02	1.693032e+01	2020	8	2	6
	4023	1354	141.212949	42.376721	9.962630e+04	1.936907e+01	1.083565e+05	1.052619e+05	5.785252e+04	5.604496e+04	2.987508e+02	1.312277e+01	2020	8	2	12
	4088	1262	143.494540	45.610780	9.929519e+04	1.982888e+01	1.080878e+05	1.049447e+05	5.768300e+04	5.580126e+04	2.957791e+02	1.119051e+01	2020	8	2	18
	4120	1168	144.617785	48.915145	9.958564e+04	1.563509e+01	1.080513e+05	1.048077e+05	5.765130e+04	5.568427e+04	2.918253e+02	9.128757e+00	2020	8	3	0
	4159	1074	145.986739	52.219509	9.970597e+04	1.445757e+01	1.079289e+05	1.045026e+05	5.756305e+04	5.551077e+04	2.833376e+02	6.541765e+00	2020	8	3	6
start	31	2020	7	28	12
	5235	2244	183.755850	11.090714	1.004283e+05	1.920107e+01	1.085095e+05	1.080194e+05	5.785560e+04	5.747577e+04	3.036835e+02	2.677977e+01	2020	7	28	12
	5165	2237	181.298752	11.336783	1.003074e+05	1.420607e+01	1.085132e+05	1.080068e+05	5.776261e+04	5.735015e+04	3.039845e+02	1.826030e+01	2020	7	28	18
	5174	2237	181.614665	11.336783	1.004282e+05	1.589529e+01	1.084128e+05	1.081263e+05	5.776352e+04	5.743660e+04	3.041732e+02	1.660147e+01	2020	7	29	0
	5188	2223	182.106084	11.828923	1.002860e+05	1.795668e+01	1.083981e+05	1.080587e+05	5.779927e+04	5.737952e+04	3.040518e+02	2.410329e+01	2020	7	29	6
	5157	2189	181.017941	13.024119	1.002271e+05	2.292368e+01	1.086155e+05	1.078058e+05	5.778189e+04	5.728914e+04	3.039539e+02	2.850726e+01	2020	7	29	12
	5113	2196	179.473479	12.778049	1.001822e+05	1.693218e+01	1.083750e+05	1.079120e+05	5.773028e+04	5.726552e+04	3.041721e+02	2.191484e+01	2020	7	29	18
	5161	2193	181.158346	12.883507	1.002870e+05	2.076576e+01	1.086512e+05	1.079879e+05	5.771468e+04	5.726119e+04	3.039476e+02	1.552488e+01	2020	7	30	0
	5115	2173	179.543682	13.586564	1.000305e+05	1.934117e+01	1.082976e+05	1.079200e+05	5.762839e+04	5.721941e+04	3.041960e+02	1.906375e+01	2020	7	30	6
	5078	2190	178.244930	12.988966	1.001320e+05	1.928664e+01	1.085003e+05	1.079725e+05	5.773385e+04	5.722721e+04	3.044816e+02	3.226748e+01	2020	7	30	12
	5100	2180	179.017161	13.340494	9.994736e+04	1.871324e+01	1.083301e+05	1.078185e+05	5.763613e+04	5.718486e+04	3.041272e+02	2.862998e+01	2020	7	30	18
	5081	2180	178.350234	13.340494	9.985479e+04	1.838981e+01	1.083942e+05	1.079390e+05	5.768472e+04	5.717895e+04	3.044012e+02	2.389395e+01	2020	7	31	0
	5077	2177	178.209828	13.445952	9.961805e+04	2.323049e+01	1.082893e+05	1.078934e+05	5.764273e+04	5.689686e+04	3.044819e+02	1.948636e+01	2020	7	31	6
	5075	2153	178.139626	14.289620	9.940384e+04	2.885840e+01	1.083328e+05	1.080010e+05	5.770570e+04	5.721673e+04	3.041619e+02	2.287443e+01	2020	7	31	12
	5062	2167	177.683307	13.797481	9.926230e+04	2.451742e+01	1.082009e+05	1.075738e+05	5.765004e+04	5.691165e+04	3.042263e+02	2.182177e+01	2020	7	31	18
	5045	2164	177.086583	13.902939	9.922573e+04	2.233567e+01	1.083740e+05	1.078024e+05	5.761380e+04	5.704171e+04	3.043062e+02	1.618397e+01	2020	8	1	0
	5038	2156	176.840874	14.184162	9.914896e+04	2.085110e+01	1.083346e+05	1.078656e+05	5.757684e+04	5.708475e+04	3.043248e+02	2.000781e+01	2020	8	1	6
	5033	2145	176.665367	14.570843	9.899545e+04	2.729813e+01	1.085583e+05	1.077628e+05	5.772164e+04	5.709039e+04	3.040548e+02	2.763945e+01	2020	8	1	12
	5018	2140	176.138846	14.746607	9.891554e+04	2.570479e+01	1.086053e+05	1.075749e+05	5.757798e+04	5.697196e+04	3.039623e+02	2.857550e+01	2020	8	1	18
	5000	2125	175.507020	15.273899	9.911411e+04	2.513414e+01	1.086026e+05	1.076919e+05	5.774998e+04	5.718033e+04	3.039590e+02	2.356315e+01	2020	8	2	0
	4988	2102	175.085803	16.082414	9.909704e+04	2.742908e+01	1.084424e+05	1.075741e+05	5.765273e+04	5.675894e+04	3.039812e+02	1.833685e+01	2020	8	2	6
	4968	2111	174.383775	15.766038	9.923227e+04	2.237839e+01	1.085181e+05	1.075952e+05	5.771164e+04	5.720834e+04	3.041223e+02	2.475542e+01	2020	8	2	12
	4958	2083	174.032761	16.750317	9.889701e+04	2.454913e+01	1.084408e+05	1.076211e+05	5.764254e+04	5.708810e+04	3.039923e+02	2.742784e+01	2020	8	2	18
	4939	2071	173.365835	17.172151	9.870953e+04	2.447760e+01	1.084590e+05	1.077703e+05	5.781530e+04	5.702321e+04	3.042274e+02	2.547531e+01	2020	8	3	0
	4919	2055	172.663807	17.734596	9.917474e+04	2.942210e+01	1.084439e+05	1.078804e+05	5.772123e+04	5.705129e+04	3.045614e+02	1.623268e+01	2020	8	3	6
	4914	2034	172.488300	18.472805	9.882010e+04	2.997517e+01	1.086249e+05	1.078802e+05	5.778254e+04	5.714201e+04	3.042519e+02	1.975014e+01	2020	8	3	12
	4902	2025	172.067083	18.789181	9.934095e+04	2.139649e+01	1.084272e+05	1.078350e+05	5.771808e+04	5.720779e+04	3.042082e+02	1.671700e+01	2020	8	3	18
	4871	1998	170.978939	19.738307	9.927872e+04	2.919152e+01	1.089149e+05	1.081001e+05	5.787136e+04	5.727091e+04	3.045247e+02	2.160019e+01	2020	8	4	0
	4858	1979	170.522621	20.406210	9.970071e+04	1.947388e+01	1.086004e+05	1.080731e+05	5.775556e+04	5.737830e+04	3.044955e+02	2.439096e+01	2020	8	4	6
	4837	1951	169.785491	21.390489	9.960530e+04	2.548151e+01	1.086760e+05	1.079524e+05	5.800355e+04	5.731880e+04	3.041290e+02	2.423969e+01	2020	8	4	12
	4825	1918	169.364275	22.550532	9.982894e+04	1.932054e+01	1.085986e+05	1.079258e+05	5.790155e+04	5.728491e+04	3.041107e+02	1.859694e+01	2020	8	4	18
	4823	1877	169.294072	23.991798	9.986590e+04	2.987998e+01	1.089496e+05	1.080593e+05	5.787435e+04	5.724522e+04	3.039458e+02	2.238099e+01	2020	8	5	0
start	22	2020	7	30	18
	6925	2257	243.077223	10.633727	9.998809e+04	2.904308e+01	1.085106e+05	1.076920e+05	5.800898e+04	5.731247e+04	3.031932e+02	1.570087e+01	2020	7	30	18
	6894	2257	241.989080	10.633727	1.002795e+05	2.124578e+01	1.083260e+05	1.078639e+05	5.772928e+04	5.720606e+04	3.035251e+02	1.427669e+01	2020	7	31	0
	6877	2237	241.392356	11.336783	1.004622e+05	1.541452e+01	1.085490e+05	1.082393e+05	5.797381e+04	5.763842e+04	3.033406e+02	1.235485e+01	2020	7	31	6
	6839	2235	240.058502	11.407089	1.000299e+05	1.834251e+01	1.082225e+05	1.079026e+05	5.779502e+04	5.740811e+04	3.032497e+02	1.257172e+01	2020	7	31	12
	6801	2239	238.724649	11.266478	1.004010e+05	1.460151e+01	1.086136e+05	1.081482e+05	5.801396e+04	5.763224e+04	3.032321e+02	1.175108e+01	2020	7	31	18
	6765	2234	237.460998	11.442242	1.000434e+05	2.172437e+01	1.084044e+05	1.079249e+05	5.780861e+04	5.730241e+04	3.032997e+02	1.552631e+01	2020	8	1	0
	6739	2228	236.548362	11.653159	1.003862e+05	1.727358e+01	1.086994e+05	1.079264e+05	5.800252e+04	5.756205e+04	3.031382e+02	1.745588e+01	2020	8	1	6
	6710	2230	235.530421	11.582853	9.990839e+04	2.743102e+01	1.084644e+05	1.075286e+05	5.777757e+04	5.727689e+04	3.029208e+02	2.067210e+01	2020	8	1	12
	6672	2215	234.196568	12.110145	1.004810e+05	1.651986e+01	1.085866e+05	1.080467e+05	5.798911e+04	5.764525e+04	3.029346e+02	1.455538e+01	2020	8	1	18
	6643	2216	233.178627	12.074993	1.002480e+05	1.532163e+01	1.083059e+05	1.078629e+05	5.780288e+04	5.745526e+04	3.032856e+02	1.102446e+01	2020	8	2	0
	6614	2207	232.160686	12.391368	1.004936e+05	1.732817e+01	1.085574e+05	1.080470e+05	5.799912e+04	5.762648e+04	3.032989e+02	1.456661e+01	2020	8	2	6
	6569	2212	230.581123	12.215604	9.993805e+04	1.988900e+01	1.083368e+05	1.078155e+05	5.778251e+04	5.738483e+04	3.032182e+02	1.549657e+01	2020	8	2	12
	6544	2212	229.703588	12.215604	9.994097e+04	2.030798e+01	1.085190e+05	1.081190e+05	5.795538e+04	5.758236e+04	3.031001e+02	1.386475e+01	2020	8	2	18
	6520	2202	228.861154	12.567132	9.997962e+04	1.761054e+01	1.083355e+05	1.080344e+05	5.780026e+04	5.739605e+04	3.031154e+02	1.373874e+01	2020	8	3	0
	6494	2195	227.948518	12.813202	1.002422e+05	1.621958e+01	1.085182e+05	1.082104e+05	5.798124e+04	5.761452e+04	3.029265e+02	1.821779e+01	2020	8	3	6
	6462	2199	226.825273	12.672591	9.998067e+04	2.085037e+01	1.084207e+05	1.079281e+05	5.776482e+04	5.737388e+04	3.028215e+02	2.111629e+01	2020	8	3	12
	6428	2197	225.631825	12.742896	1.001376e+05	1.867167e+01	1.084792e+05	1.080440e+05	5.802770e+04	5.758520e+04	3.028070e+02	1.689493e+01	2020	8	3	18
	6388	2199	224.227769	12.672591	1.000502e+05	2.196170e+01	1.085782e+05	1.080063e+05	5.775531e+04	5.737438e+04	3.032354e+02	1.222672e+01	2020	8	4	0
	6372	2196	223.666147	12.778049	1.002438e+05	1.628940e+01	1.085764e+05	1.082243e+05	5.788422e+04	5.762832e+04	3.031636e+02	8.658785e+00	2020	8	4	6
	6344	2196	222.683307	12.778049	1.002952e+05	1.563824e+01	1.084080e+05	1.080444e+05	5.772862e+04	5.743271e+04	3.030142e+02	7.721997e+00	2020	8	4	12
	6307	2199	221.384555	12.672591	1.005806e+05	1.518148e+01	1.085060e+05	1.082450e+05	5.803046e+04	5.772525e+04	3.029513e+02	9.022862e+00	2020	8	4	18
	6280	2197	220.436817	12.742896	1.002721e+05	1.862547e+01	1.085129e+05	1.080834e+05	5.786390e+04	5.753084e+04	3.032432e+02	1.573443e+01	2020	8	5	0
start	14	2020	8	1	0
	4097	1937	143.810452	21.882629	1.000967e+05	1.643446e+01	1.088250e+05	1.083084e+05	5.796554e+04	5.744478e+04	3.050647e+02	1.058222e+01	2020	8	1	0
	4076	1901	143.073323	23.148130	9.993187e+04	1.813877e+01	1.087634e+05	1.082724e+05	5.793419e+04	5.730014e+04	3.053896e+02	4.985170e+00	2020	8	1	6
	4040	1870	141.809672	24.237867	1.001710e+05	1.460972e+01	1.090080e+05	1.084581e+05	5.803059e+04	5.754991e+04	3.052990e+02	8.328539e+00	2020	8	1	12
	4006	1854	140.616225	24.800312	9.991486e+04	1.582862e+01	1.087913e+05	1.082347e+05	5.793204e+04	5.729712e+04	3.050651e+02	1.238705e+01	2020	8	1	18
	3984	1841	139.843994	25.257299	1.002012e+05	1.767004e+01	1.088953e+05	1.082886e+05	5.801188e+04	5.751671e+04	3.050962e+02	8.252626e+00	2020	8	2	0
	3971	1829	139.387676	25.679133	1.001069e+05	1.573004e+01	1.088759e+05	1.083524e+05	5.788823e+04	5.743837e+04	3.055316e+02	5.169640e+00	2020	8	2	6
	3950	1813	138.650546	26.241578	1.001955e+05	1.282866e+01	1.088681e+05	1.085260e+05	5.798971e+04	5.757751e+04	3.054529e+02	5.268580e+00	2020	8	2	12
	3928	1783	137.878315	27.296162	1.001914e+05	1.443312e+01	1.088632e+05	1.082901e+05	5.784223e+04	5.748995e+04	3.052561e+02	1.582116e+01	2020	8	2	18
	3917	1759	137.492200	28.139830	1.001501e+05	1.783462e+01	1.089755e+05	1.081406e+05	5.787504e+04	5.750300e+04	3.050901e+02	9.281073e+00	2020	8	3	0
	3891	1651	136.579563	31.936334	1.001784e+05	1.561057e+01	1.087849e+05	1.068139e+05	5.773412e+04	5.707952e+04	3.044406e+02	8.156942e+00	2020	8	3	6
	3885	1620	136.368955	33.026071	1.001599e+05	2.049163e+01	1.087888e+05	1.065199e+05	5.782995e+04	5.718282e+04	3.043915e+02	1.058961e+01	2020	8	3	12
	3902	1639	136.965679	32.358168	9.991294e+04	2.228401e+01	1.086754e+05	1.065014e+05	5.765878e+04	5.695687e+04	3.041141e+02	2.100398e+01	2020	8	3	18
	3934	1694	138.088924	30.424763	1.000548e+05	2.558409e+01	1.084843e+05	1.067607e+05	5.770497e+04	5.702206e+04	3.040102e+02	1.926641e+01	2020	8	4	0
	3872	1636	135.912637	32.463626	9.996321e+04	1.817258e+01	1.085826e+05	1.069310e+05	5.766114e+04	5.690011e+04	3.043148e+02	8.019976e+00	2020	8	4	6
start	39	2020	8	2	0
	4442	2200	155.920437	12.637438	9.999877e+04	1.353427e+01	1.084339e+05	1.080253e+05	5.764698e+04	5.718540e+04	3.054106e+02	3.271040e+01	2020	8	2	0
	4436	2224	155.709828	11.793770	9.979700e+04	1.738578e+01	1.082851e+05	1.076972e+05	5.745637e+04	5.691182e+04	3.056585e+02	3.324840e+01	2020	8	2	6
	4448	2176	156.131045	13.481105	9.993184e+04	1.760232e+01	1.085756e+05	1.080623e+05	5.769188e+04	5.708953e+04	3.054343e+02	2.965258e+01	2020	8	2	12
	4466	2169	156.762871	13.727175	9.966325e+04	1.690629e+01	1.083883e+05	1.078455e+05	5.751462e+04	5.696961e+04	3.053249e+02	2.509069e+01	2020	8	2	18
	4519	2117	158.623245	15.555121	9.975470e+04	1.865519e+01	1.085195e+05	1.079701e+05	5.766939e+04	5.710011e+04	3.050603e+02	2.362213e+01	2020	8	3	0
	4511	2094	158.342434	16.363636	9.957615e+04	1.688009e+01	1.083937e+05	1.077957e+05	5.748563e+04	5.689901e+04	3.052693e+02	4.050064e+01	2020	8	3	6
	4513	2063	158.412637	17.453374	9.958414e+04	2.447372e+01	1.085931e+05	1.078773e+05	5.774625e+04	5.701640e+04	3.049312e+02	4.611249e+01	2020	8	3	12
	4541	2047	159.395476	18.015819	9.931774e+04	2.959429e+01	1.083407e+05	1.075157e+05	5.753143e+04	5.687287e+04	3.044240e+02	3.923175e+01	2020	8	3	18
	4472	2031	156.973479	18.578264	9.927432e+04	2.117665e+01	1.083664e+05	1.078704e+05	5.758609e+04	5.684014e+04	3.048664e+02	3.231821e+01	2020	8	4	0
	4551	2034	159.746490	18.472805	9.892342e+04	2.502777e+01	1.085387e+05	1.076982e+05	5.765845e+04	5.663764e+04	3.043503e+02	4.800022e+01	2020	8	4	6
	4526	2058	158.868955	17.629138	9.887244e+04	2.779469e+01	1.085969e+05	1.078472e+05	5.771236e+04	5.669739e+04	3.044757e+02	4.370095e+01	2020	8	4	12
	4540	2012	159.360374	19.246167	9.813575e+04	3.214821e+01	1.085557e+05	1.075259e+05	5.749834e+04	5.619659e+04	3.040067e+02	3.591657e+01	2020	8	4	18
	4537	1965	159.255070	20.898350	9.817863e+04	3.400497e+01	1.084438e+05	1.075182e+05	5.749448e+04	5.620046e+04	3.038728e+02	2.970888e+01	2020	8	5	0
	4552	1949	159.781591	21.460795	9.747309e+04	3.232200e+01	1.084704e+05	1.074921e+05	5.739748e+04	5.597453e+04	3.036603e+02	3.343377e+01	2020	8	5	6
	4576	1930	160.624025	22.128698	9.691312e+04	3.611777e+01	1.086460e+05	1.073870e+05	5.753503e+04	5.565823e+04	3.033981e+02	3.461428e+01	2020	8	5	12
	4589	1917	161.080343	22.585685	9.644783e+04	3.027278e+01	1.084610e+05	1.071380e+05	5.748809e+04	5.514529e+04	3.032041e+02	2.814419e+01	2020	8	5	18
	4604	1884	161.606864	23.745728	9.608138e+04	4.326380e+01	1.085801e+05	1.070851e+05	5.757270e+04	5.495218e+04	3.028030e+02	2.808881e+01	2020	8	6	0
	4611	1863	161.852574	24.483937	9.490795e+04	4.468636e+01	1.084786e+05	1.064052e+05	5.739261e+04	5.394714e+04	3.027016e+02	2.930786e+01	2020	8	6	6
	4613	1839	161.922777	25.327605	9.488008e+04	4.707221e+01	1.084655e+05	1.066210e+05	5.750468e+04	5.405955e+04	3.026389e+02	2.566072e+01	2020	8	6	12
	4618	1814	162.098284	26.206425	9.470020e+04	4.777160e+01	1.084434e+05	1.064054e+05	5.745499e+04	5.376851e+04	3.025423e+02	2.137474e+01	2020	8	6	18
	4615	1786	161.992980	27.190704	9.488517e+04	4.734611e+01	1.084462e+05	1.065284e+05	5.753030e+04	5.390540e+04	3.025260e+02	2.568013e+01	2020	8	7	0
	4616	1758	162.028081	28.174983	9.513723e+04	4.524052e+01	1.082728e+05	1.066061e+05	5.731444e+04	5.409665e+04	3.021020e+02	2.509944e+01	2020	8	7	6
	4605	1736	161.641966	28.948345	9.590448e+04	4.627598e+01	1.085228e+05	1.069791e+05	5.734862e+04	5.477379e+04	3.019384e+02	2.667768e+01	2020	8	7	12
	4605	1714	161.641966	29.721707	9.625441e+04	3.095140e+01	1.082138e+05	1.068758e+05	5.718421e+04	5.481830e+04	3.014315e+02	3.148983e+01	2020	8	7	18
	4599	1681	161.431357	30.881750	9.646123e+04	3.157709e+01	1.081639e+05	1.066340e+05	5.711741e+04	5.468614e+04	3.011816e+02	3.482386e+01	2020	8	8	0
	4580	1665	160.764431	31.444195	9.607777e+04	3.125243e+01	1.079267e+05	1.061938e+05	5.688283e+04	5.426074e+04	3.010864e+02	2.806591e+01	2020	8	8	6
	4590	1658	161.115445	31.690264	9.637691e+04	2.489684e+01	1.078108e+05	1.062707e+05	5.701723e+04	5.443970e+04	3.000090e+02	2.051562e+01	2020	8	8	12
	4603	1640	161.571763	32.323015	9.653324e+04	2.375283e+01	1.076472e+05	1.061528e+05	5.679309e+04	5.453239e+04	2.996318e+02	1.762920e+01	2020	8	8	18
	4627	1628	162.414197	32.744849	9.678657e+04	2.229276e+01	1.076187e+05	1.062435e+05	5.686013e+04	5.473702e+04	2.992680e+02	1.389562e+01	2020	8	9	0
	4662	1602	163.642746	33.658822	9.674680e+04	2.339409e+01	1.075842e+05	1.059054e+05	5.684032e+04	5.466541e+04	2.997950e+02	1.665459e+01	2020	8	9	6
	4690	1559	164.625585	35.170393	9.670455e+04	2.375469e+01	1.075576e+05	1.056001e+05	5.686395e+04	5.451370e+04	2.988623e+02	2.291238e+01	2020	8	9	12
	4705	1515	165.152106	36.717117	9.615628e+04	2.917093e+01	1.072816e+05	1.052262e+05	5.672648e+04	5.394245e+04	2.973590e+02	1.737363e+01	2020	8	9	18
	4726	1467	165.889236	38.404452	9.629329e+04	2.828627e+01	1.074854e+05	1.052630e+05	5.686609e+04	5.398941e+04	2.964005e+02	1.397246e+01	2020	8	10	0
	4721	1420	165.713729	40.056635	9.649211e+04	2.590521e+01	1.068028e+05	1.051595e+05	5.671496e+04	5.416087e+04	2.961380e+02	9.348765e+00	2020	8	10	6
	4722	1398	165.748830	40.829997	9.713577e+04	2.064960e+01	1.069580e+05	1.050454e+05	5.685060e+04	5.449051e+04	2.928195e+02	6.504476e+00	2020	8	10	12
	4738	1357	166.310452	42.271262	9.756676e+04	1.981887e+01	1.072417e+05	1.050486e+05	5.693606e+04	5.463403e+04	2.919996e+02	6.998352e+00	2020	8	10	18
	4736	1322	166.240250	43.501611	9.808173e+04	1.938440e+01	1.074891e+05	1.051944e+05	5.708713e+04	5.485623e+04	2.916288e+02	5.020765e+00	2020	8	11	0
	4719	1303	165.643526	44.169514	9.825219e+04	1.856178e+01	1.074171e+05	1.052990e+05	5.682189e+04	5.474896e+04	2.900309e+02	3.046150e+00	2020	8	11	6
	4707	1305	165.222309	44.099209	9.869062e+04	1.725141e+01	1.075058e+05	1.052387e+05	5.670143e+04	5.495894e+04	2.899445e+02	1.401667e+00	2020	8	11	12
start	12	2020	8	3	12
	7079	2300	248.482839	9.122156	1.002968e+05	2.101964e+01	1.080730e+05	1.077110e+05	5.766439e+04	5.718354e+04	3.035140e+02	2.294758e+01	2020	8	3	12
	7021	2299	246.446958	9.157309	1.005981e+05	2.239281e+01	1.083752e+05	1.078704e+05	5.777261e+04	5.743127e+04	3.031866e+02	1.879162e+01	2020	8	3	18
	7037	2280	247.008580	9.825212	1.002721e+05	1.752022e+01	1.082389e+05	1.078222e+05	5.756658e+04	5.718001e+04	3.034957e+02	2.098046e+01	2020	8	4	0
	6993	2261	245.464119	10.493116	1.006104e+05	1.645484e+01	1.084478e+05	1.080402e+05	5.792364e+04	5.751945e+04	3.039576e+02	1.901759e+01	2020	8	4	6
	6990	2250	245.358814	10.879797	1.003818e+05	1.512241e+01	1.081602e+05	1.075498e+05	5.778212e+04	5.721208e+04	3.037703e+02	1.764061e+01	2020	8	4	12
	6982	2242	245.078003	11.161019	1.007112e+05	1.575249e+01	1.083902e+05	1.078764e+05	5.784748e+04	5.750761e+04	3.038053e+02	1.223354e+01	2020	8	4	18
	6937	2232	243.498440	11.512548	1.003520e+05	1.252168e+01	1.082020e+05	1.078215e+05	5.768411e+04	5.731703e+04	3.041501e+02	1.159998e+01	2020	8	5	0
	6916	2238	242.761310	11.301631	1.006070e+05	1.430057e+01	1.085029e+05	1.080320e+05	5.791650e+04	5.767571e+04	3.038792e+02	9.595306e+00	2020	8	5	6
	6886	2228	241.708268	11.653159	1.003529e+05	1.545117e+01	1.082579e+05	1.077198e+05	5.774244e+04	5.733288e+04	3.037221e+02	8.495213e+00	2020	8	5	12
	6857	2215	240.690328	12.110145	1.005596e+05	1.898611e+01	1.085358e+05	1.080441e+05	5.796447e+04	5.765551e+04	3.037222e+02	1.188089e+01	2020	8	5	18
	6811	2207	239.075663	12.391368	1.003640e+05	1.555162e+01	1.087624e+05	1.079198e+05	5.786788e+04	5.746485e+04	3.039935e+02	1.805587e+01	2020	8	6	0
	6779	2202	237.952418	12.567132	1.005048e+05	1.404461e+01	1.086892e+05	1.082419e+05	5.799006e+04	5.762387e+04	3.037758e+02	2.070297e+01	2020	8	6	6
start	36	2020	8	5	0
	3888	2084	136.474259	16.715164	9.968438e+04	1.538659e+01	1.084308e+05	1.079886e+05	5.749809e+04	5.705085e+04	3.057117e+02	2.665763e+01	2020	8	5	0
	3878	2097	136.123245	16.258178	9.950747e+04	1.755047e+01	1.084262e+05	1.076093e+05	5.742189e+04	5.687129e+04	3.057983e+02	3.241622e+01	2020	8	5	6
	3907	2049	137.141186	17.945513	9.974492e+04	1.231673e+01	1.086083e+05	1.080314e+05	5.755196e+04	5.708333e+04	3.060356e+02	2.258888e+01	2020	8	5	12
	3961	1996	139.036661	19.808612	9.944106e+04	1.676147e+01	1.085170e+05	1.077495e+05	5.741324e+04	5.683082e+04	3.058306e+02	1.447439e+01	2020	8	5	18
	3906	2050	137.106084	17.910360	9.954352e+04	1.797053e+01	1.086652e+05	1.079725e+05	5.749600e+04	5.700823e+04	3.057386e+02	2.510737e+01	2020	8	6	0
	3974	2074	139.492980	17.066693	9.919497e+04	2.179433e+01	1.085487e+05	1.078349e+05	5.743523e+04	5.675884e+04	3.060179e+02	3.271554e+01	2020	8	6	6
	3996	2054	140.265211	17.769749	9.925054e+04	2.352281e+01	1.086795e+05	1.080587e+05	5.773445e+04	5.691796e+04	3.059041e+02	2.651097e+01	2020	8	6	12
	4051	1996	142.195788	19.808612	9.883991e+04	3.020611e+01	1.086017e+05	1.077365e+05	5.748264e+04	5.667817e+04	3.050704e+02	2.856168e+01	2020	8	6	18
	3988	1986	139.984399	20.160141	9.922087e+04	2.450325e+01	1.085439e+05	1.079458e+05	5.753682e+04	5.686876e+04	3.053005e+02	1.962726e+01	2020	8	7	0
	3984	1941	139.843994	21.742017	9.848206e+04	2.609676e+01	1.085325e+05	1.079231e+05	5.733276e+04	5.656748e+04	3.050686e+02	2.714507e+01	2020	8	7	6
	4001	1968	140.440718	20.792891	9.876220e+04	2.043308e+01	1.087158e+05	1.079619e+05	5.748025e+04	5.668366e+04	3.049197e+02	3.008573e+01	2020	8	7	12
	4036	1939	141.669267	21.812323	9.816885e+04	2.598995e+01	1.084502e+05	1.077673e+05	5.728534e+04	5.632057e+04	3.043047e+02	2.532709e+01	2020	8	7	18
	4045	1905	141.985179	23.007519	9.817717e+04	2.513348e+01	1.085253e+05	1.079518e+05	5.728691e+04	5.655342e+04	3.042515e+02	2.411644e+01	2020	8	8	0
	4077	1888	143.108424	23.605117	9.777262e+04	3.017680e+01	1.083279e+05	1.073997e+05	5.721093e+04	5.627152e+04	3.042542e+02	2.143431e+01	2020	8	8	6
	4039	1897	141.774571	23.288741	9.731399e+04	2.616040e+01	1.084633e+05	1.078731e+05	5.733874e+04	5.622627e+04	3.041313e+02	2.010982e+01	2020	8	8	12
	4061	1881	142.546802	23.851186	9.749180e+04	2.748118e+01	1.083970e+05	1.076156e+05	5.705636e+04	5.596112e+04	3.038445e+02	1.615390e+01	2020	8	8	18
	4091	1882	143.599844	23.816033	9.619330e+04	3.765565e+01	1.083491e+05	1.073627e+05	5.717448e+04	5.495706e+04	3.036455e+02	2.082464e+01	2020	8	9	0
	4108	1888	144.196568	23.605117	9.687032e+04	3.241497e+01	1.083218e+05	1.073183e+05	5.708928e+04	5.575443e+04	3.037002e+02	2.297095e+01	2020	8	9	6
	4144	1875	145.460218	24.062103	9.653323e+04	3.021263e+01	1.084661e+05	1.073773e+05	5.730230e+04	5.526683e+04	3.037800e+02	2.183314e+01	2020	8	9	12
	4173	1867	146.478159	24.343326	9.643895e+04	3.299018e+01	1.083673e+05	1.072312e+05	5.717229e+04	5.513120e+04	3.037904e+02	2.310689e+01	2020	8	9	18
	4207	1861	147.671607	24.554243	9.579653e+04	3.925913e+01	1.085378e+05	1.070352e+05	5.740952e+04	5.491529e+04	3.038932e+02	2.286709e+01	2020	8	10	0
	4256	1857	149.391576	24.694854	9.510524e+04	4.340476e+01	1.085978e+05	1.069747e+05	5.734457e+04	5.469505e+04	3.039290e+02	2.089731e+01	2020	8	10	6
	4315	1845	151.462559	25.116688	9.423803e+04	5.204150e+01	1.087124e+05	1.069450e+05	5.751030e+04	5.432129e+04	3.039382e+02	2.520761e+01	2020	8	10	12
	4372	1823	153.463339	25.890050	9.499629e+04	4.540805e+01	1.086161e+05	1.067190e+05	5.747722e+04	5.476056e+04	3.033611e+02	2.222580e+01	2020	8	10	18
	4434	1806	155.639626	26.487648	9.545612e+04	3.722115e+01	1.089165e+05	1.068901e+05	5.774922e+04	5.521975e+04	3.031810e+02	2.328375e+01	2020	8	11	0
	4512	1756	158.377535	28.245288	9.530375e+04	4.884194e+01	1.088623e+05	1.067353e+05	5.776706e+04	5.517010e+04	3.030165e+02	2.176904e+01	2020	8	11	6
	4579	1694	160.729329	30.424763	9.546001e+04	5.035079e+01	1.091230e+05	1.066924e+05	5.807800e+04	5.502938e+04	3.015262e+02	2.421895e+01	2020	8	11	12
	4637	1607	162.765211	33.483058	9.656102e+04	3.550050e+01	1.090049e+05	1.064997e+05	5.802357e+04	5.528470e+04	2.981944e+02	2.020182e+01	2020	8	11	18
	4695	1528	164.801092	36.260131	9.773146e+04	2.738379e+01	1.092618e+05	1.066274e+05	5.827347e+04	5.591942e+04	2.980967e+02	1.055757e+01	2020	8	12	0
	4763	1442	167.187988	39.283273	9.858970e+04	2.160465e+01	1.092220e+05	1.067780e+05	5.829314e+04	5.610763e+04	2.954780e+02	7.161543e+00	2020	8	12	6
	4831	1359	169.574883	42.200957	9.901744e+04	2.045997e+01	1.089653e+05	1.066565e+05	5.820541e+04	5.607585e+04	2.927034e+02	9.719333e+00	2020	8	12	12
	4888	1297	171.575663	44.380431	9.911320e+04	1.814553e+01	1.085874e+05	1.061298e+05	5.792416e+04	5.589072e+04	2.909989e+02	1.079030e+01	2020	8	12	18
	4939	1260	173.365835	45.681086	9.914924e+04	1.842748e+01	1.083801e+05	1.056616e+05	5.780181e+04	5.567821e+04	2.892647e+02	8.592286e+00	2020	8	13	0
	5001	1242	175.542122	46.313836	9.894480e+04	1.791426e+01	1.081039e+05	1.049820e+05	5.763203e+04	5.533157e+04	2.887509e+02	4.797138e+00	2020	8	13	6
	5082	1227	178.385335	46.841129	9.896368e+04	1.811775e+01	1.077592e+05	1.040623e+05	5.742554e+04	5.509217e+04	2.877551e+02	4.869485e+00	2020	8	13	12
	5187	1212	182.070983	47.368421	9.910008e+04	1.706595e+01	1.075903e+05	1.034241e+05	5.731594e+04	5.487611e+04	2.871908e+02	3.147766e+00	2020	8	13	18
start	10	2020	8	8	0
	3250	1994	114.079563	19.878918	9.952579e+04	1.082748e+01	1.088898e+05	1.079623e+05	5.758340e+04	5.706609e+04	3.047995e+02	1.472307e+01	2020	8	8	0
	3358	2047	117.870515	18.015819	9.923630e+04	2.556522e+01	1.088709e+05	1.078964e+05	5.747333e+04	5.682318e+04	3.048885e+02	3.275681e+01	2020	8	8	6
	3389	2036	118.958658	18.402500	9.956553e+04	1.634831e+01	1.086410e+05	1.080542e+05	5.750123e+04	5.700110e+04	3.054927e+02	2.124046e+01	2020	8	8	12
	3389	2022	118.958658	18.894639	9.951766e+04	1.439236e+01	1.085874e+05	1.077984e+05	5.740546e+04	5.686881e+04	3.054157e+02	2.580956e+01	2020	8	8	18
	3303	2040	115.939938	18.261888	9.936838e+04	1.861415e+01	1.085554e+05	1.078675e+05	5.737588e+04	5.692185e+04	3.048376e+02	2.711040e+01	2020	8	9	0
	3404	2002	119.485179	19.597695	9.933943e+04	1.556323e+01	1.084105e+05	1.077298e+05	5.726929e+04	5.684890e+04	3.056357e+02	3.153270e+01	2020	8	9	6
	3567	2058	125.206708	17.629138	9.930323e+04	2.196219e+01	1.084508e+05	1.079693e+05	5.745470e+04	5.683643e+04	3.059426e+02	2.884364e+01	2020	8	9	12
	3392	2052	119.063963	17.840055	9.931134e+04	2.002025e+01	1.085881e+05	1.077938e+05	5.742358e+04	5.678762e+04	3.048599e+02	3.257617e+01	2020	8	9	18
	3417	2030	119.941498	18.613417	9.938940e+04	2.088203e+01	1.084690e+05	1.076070e+05	5.741752e+04	5.693518e+04	3.055044e+02	3.090859e+01	2020	8	10	0
	3494	1908	122.644306	22.902060	9.943647e+04	1.554246e+01	1.083341e+05	1.075868e+05	5.725929e+04	5.686363e+04	3.064096e+02	1.530058e+01	2020	8	10	6
start	32	2020	8	10	6
	3649	2035	128.085023	18.437652	9.919410e+04	2.126490e+01	1.085283e+05	1.078343e+05	5.743505e+04	5.675156e+04	3.062371e+02	3.051529e+01	2020	8	10	6
	3678	1999	129.102964	19.703154	9.957799e+04	1.982944e+01	1.087770e+05	1.082123e+05	5.755318e+04	5.698752e+04	3.062306e+02	2.540664e+01	2020	8	10	12
	3742	1977	131.349454	20.476516	9.938700e+04	2.432182e+01	1.088102e+05	1.081624e+05	5.750598e+04	5.693725e+04	3.056049e+02	2.775665e+01	2020	8	10	18
	3824	1964	134.227769	20.933502	9.957221e+04	2.293307e+01	1.090035e+05	1.084258e+05	5.776398e+04	5.722384e+04	3.056265e+02	2.800322e+01	2020	8	11	0
	3845	1938	134.964899	21.847476	9.952351e+04	1.901594e+01	1.088430e+05	1.083178e+05	5.768733e+04	5.714563e+04	3.056237e+02	2.384058e+01	2020	8	11	6
	3884	1924	136.333853	22.339615	9.965741e+04	2.177832e+01	1.090590e+05	1.086951e+05	5.789330e+04	5.736488e+04	3.053869e+02	2.039608e+01	2020	8	11	12
	3871	1907	135.877535	22.937213	9.947727e+04	1.929166e+01	1.090398e+05	1.084951e+05	5.769105e+04	5.721879e+04	3.053035e+02	3.106988e+01	2020	8	11	18
	3822	1926	134.157566	22.269310	9.930817e+04	2.127537e+01	1.092665e+05	1.084642e+05	5.789407e+04	5.724117e+04	3.051687e+02	3.486592e+01	2020	8	12	0
	3876	1894	136.053042	23.394200	9.923520e+04	2.622450e+01	1.090477e+05	1.084289e+05	5.782111e+04	5.697500e+04	3.050963e+02	2.554223e+01	2020	8	12	6
	3860	1882	135.491420	23.816033	9.963613e+04	2.292960e+01	1.092056e+05	1.086432e+05	5.795824e+04	5.733434e+04	3.049622e+02	1.811787e+01	2020	8	12	12
	3858	1874	135.421217	24.097256	9.959029e+04	2.226390e+01	1.091386e+05	1.086101e+05	5.782856e+04	5.719126e+04	3.047546e+02	2.282767e+01	2020	8	12	18
	3900	1853	136.895476	24.835465	9.945992e+04	2.563305e+01	1.093913e+05	1.085071e+05	5.796414e+04	5.718556e+04	3.045294e+02	2.162800e+01	2020	8	13	0
	3890	1840	136.544462	25.292452	9.938678e+04	2.176644e+01	1.090650e+05	1.083859e+05	5.774495e+04	5.710712e+04	3.044528e+02	1.555559e+01	2020	8	13	6
	3895	1846	136.719969	25.081535	9.950322e+04	2.053620e+01	1.090175e+05	1.084507e+05	5.795303e+04	5.728220e+04	3.043323e+02	1.470683e+01	2020	8	13	12
	3889	1816	136.509360	26.136119	9.948227e+04	1.958187e+01	1.089288e+05	1.081016e+05	5.772396e+04	5.712997e+04	3.034425e+02	1.980129e+01	2020	8	13	18
	3937	1797	138.194228	26.804023	9.935257e+04	2.164941e+01	1.090471e+05	1.079045e+05	5.786305e+04	5.706253e+04	3.030614e+02	1.721878e+01	2020	8	14	0
	3969	1798	139.317473	26.768870	9.926460e+04	2.428520e+01	1.088838e+05	1.078919e+05	5.777421e+04	5.681711e+04	3.031773e+02	1.909389e+01	2020	8	14	6
	3948	1754	138.580343	28.315594	9.941407e+04	2.170400e+01	1.088625e+05	1.072073e+05	5.773729e+04	5.714316e+04	3.028610e+02	2.381481e+01	2020	8	14	12
	3968	1722	139.282371	29.440484	9.902209e+04	2.332686e+01	1.088416e+05	1.067658e+05	5.758801e+04	5.664168e+04	3.026370e+02	3.714272e+01	2020	8	14	18
	3989	1701	140.019501	30.178693	9.882051e+04	2.379141e+01	1.088780e+05	1.067305e+05	5.773311e+04	5.685803e+04	3.023271e+02	3.754591e+01	2020	8	15	0
	4075	1653	143.038222	31.866029	9.837915e+04	3.413848e+01	1.087254e+05	1.066578e+05	5.775741e+04	5.629206e+04	3.022006e+02	4.467038e+01	2020	8	15	6
	4084	1616	143.354134	33.166683	9.772548e+04	3.553762e+01	1.088137e+05	1.065966e+05	5.776686e+04	5.633249e+04	3.015140e+02	4.912762e+01	2020	8	15	12
	4113	1584	144.372075	34.291573	9.787748e+04	3.370431e+01	1.085138e+05	1.067599e+05	5.763158e+04	5.571935e+04	3.012768e+02	3.699763e+01	2020	8	15	18
	4143	1556	145.425117	35.275852	9.766183e+04	3.084986e+01	1.085666e+05	1.067600e+05	5.770803e+04	5.549229e+04	3.006447e+02	2.424345e+01	2020	8	16	0
	4173	1525	146.478159	36.365589	9.787810e+04	2.551955e+01	1.084590e+05	1.067401e+05	5.761190e+04	5.568563e+04	2.998444e+02	1.639675e+01	2020	8	16	6
	4212	1502	147.847114	37.174104	9.833153e+04	2.074902e+01	1.085477e+05	1.066012e+05	5.771720e+04	5.593642e+04	2.995680e+02	1.226059e+01	2020	8	16	12
	4233	1473	148.584243	38.193536	9.833352e+04	1.956953e+01	1.081368e+05	1.060700e+05	5.748626e+04	5.584392e+04	2.990723e+02	8.256752e+00	2020	8	16	18
	4271	1463	149.918097	38.545064	9.859444e+04	2.076616e+01	1.082808e+05	1.058281e+05	5.761677e+04	5.595557e+04	2.990591e+02	7.534664e+00	2020	8	17	0
	4326	1426	151.848674	39.845718	9.824332e+04	1.825759e+01	1.079407e+05	1.054894e+05	5.730176e+04	5.569854e+04	2.984458e+02	1.116625e+01	2020	8	17	6
	4372	1403	153.463339	40.654233	9.830023e+04	1.781170e+01	1.078239e+05	1.053510e+05	5.726027e+04	5.560955e+04	2.973101e+02	1.209823e+01	2020	8	17	12
	4424	1387	155.288612	41.216678	9.835722e+04	1.937992e+01	1.077102e+05	1.051373e+05	5.722099e+04	5.554182e+04	2.964950e+02	1.199403e+01	2020	8	17	18
	4470	1351	156.903276	42.482179	9.839766e+04	1.837204e+01	1.076513e+05	1.049268e+05	5.715667e+04	5.562047e+04	2.962341e+02	9.490892e+00	2020	8	18	0
start	14	2020	8	11	0
	8092	1634	284.040562	32.533932	1.013480e+05	1.103464e+01	1.087859e+05	1.075820e+05	5.858108e+04	5.773693e+04	3.036987e+02	4.491448e+00	2020	8	11	0
	8129	1619	285.339314	33.061224	1.013082e+05	1.906089e+01	1.084832e+05	1.071723e+05	5.836729e+04	5.757954e+04	3.031788e+02	1.179760e+01	2020	8	11	6
	8172	1603	286.848674	33.623669	1.013532e+05	2.008267e+01	1.083009e+05	1.069366e+05	5.841555e+04	5.739724e+04	3.029898e+02	1.276896e+01	2020	8	11	12
	8246	1587	289.446178	34.186114	1.010575e+05	1.981299e+01	1.087347e+05	1.067800e+05	5.832596e+04	5.729880e+04	3.031908e+02	8.952514e+00	2020	8	11	18
	8044	1569	282.355694	34.818865	1.006633e+05	1.414607e+01	1.084538e+05	1.063737e+05	5.829209e+04	5.712939e+04	3.049677e+02	6.843469e+00	2020	8	12	0
	8097	1539	284.216069	35.873450	1.006895e+05	1.176884e+01	1.081155e+05	1.056247e+05	5.803741e+04	5.681197e+04	3.029948e+02	6.842836e+00	2020	8	12	6
	8162	1545	286.497660	35.662533	1.000241e+05	2.421101e+01	1.080780e+05	1.053795e+05	5.794979e+04	5.665346e+04	3.029216e+02	1.580633e+01	2020	8	12	12
	8235	1591	289.060062	34.045503	9.860105e+04	3.910784e+01	1.081690e+05	1.058293e+05	5.803970e+04	5.592172e+04	3.030452e+02	1.420788e+01	2020	8	12	18
	8304	1561	291.482059	35.100088	9.988807e+04	2.656522e+01	1.083038e+05	1.056086e+05	5.800261e+04	5.658327e+04	3.024969e+02	1.163487e+01	2020	8	13	0
	8355	1541	293.272231	35.803144	9.894741e+04	3.159458e+01	1.084194e+05	1.053610e+05	5.790973e+04	5.639233e+04	3.024149e+02	1.494818e+01	2020	8	13	6
	8444	1512	296.396256	36.822576	9.990969e+04	3.033001e+01	1.082722e+05	1.051548e+05	5.805327e+04	5.632480e+04	3.017916e+02	9.812636e+00	2020	8	13	12
	8470	1476	297.308892	38.088077	1.002293e+05	2.032183e+01	1.083589e+05	1.048891e+05	5.810244e+04	5.627542e+04	3.018549e+02	6.200990e+00	2020	8	13	18
	8497	1467	298.256630	38.404452	1.006965e+05	1.720541e+01	1.085141e+05	1.051922e+05	5.827691e+04	5.639062e+04	3.017337e+02	5.282539e+00	2020	8	14	0
	8589	1427	301.485959	39.810565	1.006674e+05	1.615538e+01	1.084532e+05	1.051601e+05	5.826963e+04	5.631248e+04	3.008308e+02	7.037861e+00	2020	8	14	6
start	29	2020	8	13	12
	5775	2222	202.710608	11.864076	1.004970e+05	1.500740e+01	1.086941e+05	1.081257e+05	5.790118e+04	5.757504e+04	3.031848e+02	2.001535e+01	2020	8	13	12
	5740	2254	201.482059	10.739186	1.006319e+05	1.907063e+01	1.087408e+05	1.082221e+05	5.800911e+04	5.756406e+04	3.035352e+02	1.856361e+01	2020	8	13	18
	5749	2216	201.797972	12.074993	1.006003e+05	1.546893e+01	1.087108e+05	1.082260e+05	5.793347e+04	5.758852e+04	3.033141e+02	1.397474e+01	2020	8	14	0
	5762	2189	202.254290	13.024119	1.006825e+05	1.540443e+01	1.088742e+05	1.083468e+05	5.801593e+04	5.775875e+04	3.032625e+02	1.398138e+01	2020	8	14	6
	5742	2217	201.552262	12.039840	1.007087e+05	1.554400e+01	1.087580e+05	1.082212e+05	5.790418e+04	5.762654e+04	3.033374e+02	1.201871e+01	2020	8	14	12
	5715	2183	200.604524	13.235036	1.007555e+05	1.268726e+01	1.086203e+05	1.081981e+05	5.804265e+04	5.771710e+04	3.032120e+02	1.001875e+01	2020	8	14	18
	5707	2191	200.323713	12.953813	1.006364e+05	1.247599e+01	1.088946e+05	1.083669e+05	5.804221e+04	5.771467e+04	3.037624e+02	1.299414e+01	2020	8	15	0
	5683	2182	199.481279	13.270188	1.007958e+05	1.401630e+01	1.088297e+05	1.083932e+05	5.809602e+04	5.770448e+04	3.040961e+02	1.500531e+01	2020	8	15	6
	5680	2191	199.375975	12.953813	1.005586e+05	1.564811e+01	1.087756e+05	1.081550e+05	5.800606e+04	5.770847e+04	3.040005e+02	2.428861e+01	2020	8	15	12
	5681	2188	199.411076	13.059271	1.007418e+05	1.512317e+01	1.087522e+05	1.082944e+05	5.808769e+04	5.770518e+04	3.038149e+02	1.744303e+01	2020	8	15	18
	5657	2178	198.568643	13.410800	1.006618e+05	1.355709e+01	1.088536e+05	1.083843e+05	5.806847e+04	5.768064e+04	3.038927e+02	1.317605e+01	2020	8	16	0
	5624	2169	197.410296	13.727175	1.007438e+05	1.422771e+01	1.087210e+05	1.083985e+05	5.804665e+04	5.779868e+04	3.039329e+02	1.136716e+01	2020	8	16	6
	5625	2162	197.445398	13.973245	1.006712e+05	1.575916e+01	1.089523e+05	1.083375e+05	5.802562e+04	5.770121e+04	3.038170e+02	1.741321e+01	2020	8	16	12
	5616	2178	197.129485	13.410800	1.006823e+05	1.419631e+01	1.087615e+05	1.083200e+05	5.800286e+04	5.770679e+04	3.037494e+02	1.028435e+01	2020	8	16	18
	5626	2174	197.480499	13.551411	1.004204e+05	1.818214e+01	1.086546e+05	1.083362e+05	5.795155e+04	5.757023e+04	3.040423e+02	7.878742e+00	2020	8	17	0
	5614	2162	197.059282	13.973245	1.005489e+05	1.291512e+01	1.086339e+05	1.083729e+05	5.797866e+04	5.772878e+04	3.040067e+02	8.686626e+00	2020	8	17	6
	5611	2156	196.953978	14.184162	1.005532e+05	1.476952e+01	1.085651e+05	1.082947e+05	5.792561e+04	5.764285e+04	3.035974e+02	1.377565e+01	2020	8	17	12
	5602	2150	196.638066	14.395079	1.006171e+05	1.333853e+01	1.085606e+05	1.082826e+05	5.790757e+04	5.765421e+04	3.035587e+02	6.617292e+00	2020	8	17	18
	5594	2137	196.357254	14.852065	1.003929e+05	1.547978e+01	1.085373e+05	1.082079e+05	5.783335e+04	5.756728e+04	3.038068e+02	5.385376e+00	2020	8	18	0
	5592	2128	196.287051	15.168441	1.003951e+05	1.334709e+01	1.084913e+05	1.082544e+05	5.786359e+04	5.764484e+04	3.037963e+02	8.689714e+00	2020	8	18	6
	5576	2116	195.725429	15.590274	1.002528e+05	2.015920e+01	1.084754e+05	1.080955e+05	5.786529e+04	5.755143e+04	3.036254e+02	1.090034e+01	2020	8	18	12
	5579	2125	195.830733	15.273899	1.002789e+05	1.382498e+01	1.086056e+05	1.081079e+05	5.786513e+04	5.758268e+04	3.035598e+02	6.561993e+00	2020	8	18	18
	5574	2119	195.655226	15.484816	9.999695e+04	1.917768e+01	1.086174e+05	1.079521e+05	5.788084e+04	5.738132e+04	3.038520e+02	5.963809e+00	2020	8	19	0
	5581	2114	195.900936	15.660580	1.003837e+05	1.360254e+01	1.084683e+05	1.081437e+05	5.787527e+04	5.766925e+04	3.036815e+02	2.979932e+00	2020	8	19	6
	5584	2104	196.006240	16.012108	1.003898e+05	1.632682e+01	1.085429e+05	1.081042e+05	5.788877e+04	5.763761e+04	3.033378e+02	8.100849e+00	2020	8	19	12
	5584	2092	196.006240	16.433942	1.003680e+05	1.958679e+01	1.086559e+05	1.079897e+05	5.804931e+04	5.760635e+04	3.033302e+02	7.777815e+00	2020	8	19	18
	5588	2088	196.146646	16.574553	1.005869e+05	1.439074e+01	1.085636e+05	1.080187e+05	5.790637e+04	5.764032e+04	3.036708e+02	6.463758e+00	2020	8	20	0
	5584	2081	196.006240	16.820623	1.005815e+05	1.366493e+01	1.085825e+05	1.080548e+05	5.804119e+04	5.766293e+04	3.039165e+02	4.214951e+00	2020	8	20	6
	5587	2069	196.111544	17.242457	1.006079e+05	1.133767e+01	1.085089e+05	1.078967e+05	5.788229e+04	5.760471e+04	3.037478e+02	9.388191e+00	2020	8	20	12
start	23	2020	8	16	0
	6814	2237	239.180967	11.336783	1.007637e+05	1.487252e+01	1.087074e+05	1.082852e+05	5.806527e+04	5.768766e+04	3.040267e+02	2.060535e+01	2020	8	16	0
	6808	2261	238.970359	10.493116	1.009439e+05	1.473208e+01	1.088377e+05	1.084582e+05	5.820534e+04	5.783957e+04	3.036546e+02	3.140090e+01	2020	8	16	6
	6778	2278	237.917317	9.895518	1.005634e+05	1.857383e+01	1.086906e+05	1.081379e+05	5.790977e+04	5.753270e+04	3.035004e+02	3.868927e+01	2020	8	16	12
	6729	2271	236.197348	10.141588	1.008543e+05	1.605527e+01	1.087100e+05	1.082524e+05	5.807080e+04	5.774016e+04	3.035518e+02	3.728477e+01	2020	8	16	18
	6779	2282	237.952418	9.754907	1.002908e+05	2.257520e+01	1.084579e+05	1.080375e+05	5.777636e+04	5.729065e+04	3.037239e+02	3.190656e+01	2020	8	17	0
	6754	2254	237.074883	10.739186	1.006559e+05	2.018350e+01	1.086434e+05	1.082766e+05	5.814738e+04	5.761391e+04	3.037820e+02	2.577320e+01	2020	8	17	6
	6710	2294	235.530421	9.333073	9.984774e+04	2.847488e+01	1.083699e+05	1.075524e+05	5.776030e+04	5.693895e+04	3.033954e+02	1.830070e+01	2020	8	17	12
	6703	2246	235.284711	11.020408	1.004241e+05	2.129565e+01	1.086135e+05	1.081940e+05	5.803118e+04	5.756412e+04	3.036843e+02	1.752204e+01	2020	8	17	18
	6665	2248	233.950858	10.950102	1.002240e+05	2.183766e+01	1.084656e+05	1.081283e+05	5.783850e+04	5.738403e+04	3.036943e+02	1.837102e+01	2020	8	18	0
	6648	2237	233.354134	11.336783	1.003531e+05	1.803345e+01	1.086848e+05	1.082987e+05	5.807503e+04	5.749676e+04	3.035554e+02	1.719294e+01	2020	8	18	6
	6592	2223	231.388456	11.828923	9.992457e+04	2.411023e+01	1.086306e+05	1.079801e+05	5.787825e+04	5.716406e+04	3.034791e+02	2.055410e+01	2020	8	18	12
	6584	2216	231.107644	12.074993	9.986741e+04	2.552451e+01	1.089156e+05	1.081894e+05	5.810206e+04	5.736104e+04	3.033875e+02	1.802536e+01	2020	8	18	18
	6557	2200	230.159906	12.637438	9.994517e+04	1.726066e+01	1.088347e+05	1.080288e+05	5.800441e+04	5.728368e+04	3.035268e+02	1.435329e+01	2020	8	19	0
	6505	2195	228.334633	12.813202	9.994284e+04	2.732524e+01	1.087432e+05	1.082721e+05	5.820774e+04	5.724295e+04	3.037640e+02	1.420582e+01	2020	8	19	6
	6483	2197	227.562402	12.742896	9.984148e+04	2.546352e+01	1.085994e+05	1.080512e+05	5.795947e+04	5.724709e+04	3.036087e+02	2.181953e+01	2020	8	19	12
	6464	2177	226.895476	13.445952	1.002030e+05	2.478880e+01	1.088752e+05	1.082312e+05	5.823673e+04	5.742130e+04	3.035768e+02	2.167137e+01	2020	8	19	18
	6439	2177	226.017941	13.445952	9.989973e+04	2.165191e+01	1.086186e+05	1.079434e+05	5.804566e+04	5.742732e+04	3.040340e+02	2.381045e+01	2020	8	20	0
	6399	2169	224.613885	13.727175	9.991487e+04	2.752791e+01	1.089410e+05	1.082498e+05	5.817945e+04	5.736198e+04	3.041079e+02	1.837733e+01	2020	8	20	6
	6382	2160	224.017161	14.043550	9.986086e+04	1.838036e+01	1.086307e+05	1.082023e+05	5.800584e+04	5.747112e+04	3.039128e+02	2.032051e+01	2020	8	20	12
	6347	2159	222.788612	14.078703	1.003873e+05	1.893743e+01	1.089680e+05	1.082430e+05	5.816114e+04	5.775609e+04	3.038215e+02	2.547032e+01	2020	8	20	18
	6305	2149	221.314353	14.430231	1.003806e+05	1.770958e+01	1.088937e+05	1.081605e+05	5.802750e+04	5.743067e+04	3.041440e+02	1.556329e+01	2020	8	21	0
	6293	2145	220.893136	14.570843	1.006129e+05	1.947100e+01	1.087559e+05	1.082245e+05	5.819416e+04	5.776364e+04	3.042738e+02	8.765635e+00	2020	8	21	6
	6264	2125	219.875195	15.273899	1.004685e+05	1.473574e+01	1.085010e+05	1.081097e+05	5.801254e+04	5.754949e+04	3.041116e+02	9.725816e+00	2020	8	21	12
start	63	2020	8	22	18
	4816	2085	169.048362	16.680012	1.003383e+05	1.592077e+01	1.085848e+05	1.081568e+05	5.784088e+04	5.735670e+04	3.047914e+02	2.786468e+01	2020	8	22	18
	4756	2147	166.942278	14.500537	1.004496e+05	1.990167e+01	1.088040e+05	1.082495e+05	5.793255e+04	5.754343e+04	3.052310e+02	3.265422e+01	2020	8	23	0
	4801	2134	168.521841	14.957524	1.002120e+05	2.268540e+01	1.086704e+05	1.081608e+05	5.784700e+04	5.740027e+04	3.051568e+02	2.630416e+01	2020	8	23	6
	4851	2075	170.276911	17.031540	1.003517e+05	2.188000e+01	1.089182e+05	1.081822e+05	5.803682e+04	5.751777e+04	3.047612e+02	2.428269e+01	2020	8	23	12
	4866	2052	170.803432	17.840055	1.001222e+05	1.868538e+01	1.086604e+05	1.082466e+05	5.789920e+04	5.736254e+04	3.046845e+02	2.476186e+01	2020	8	23	18
	4866	2030	170.803432	18.613417	1.002337e+05	2.152012e+01	1.088295e+05	1.081368e+05	5.800370e+04	5.736357e+04	3.046743e+02	2.588612e+01	2020	8	24	0
	4902	2049	172.067083	17.945513	1.000792e+05	1.733075e+01	1.086110e+05	1.081237e+05	5.783146e+04	5.735532e+04	3.046786e+02	2.010218e+01	2020	8	24	6
	4860	2022	170.592824	18.894639	1.001876e+05	1.640050e+01	1.086611e+05	1.080583e+05	5.789557e+04	5.735391e+04	3.045270e+02	2.000209e+01	2020	8	24	12
	4869	2041	170.908736	18.226736	9.974193e+04	2.375385e+01	1.086736e+05	1.079280e+05	5.784659e+04	5.717254e+04	3.045210e+02	3.413639e+01	2020	8	24	18
	4865	2037	170.768331	18.367347	9.954187e+04	2.838799e+01	1.086729e+05	1.081117e+05	5.787971e+04	5.722080e+04	3.044688e+02	3.664415e+01	2020	8	25	0
	4864	2041	170.733229	18.226736	9.909054e+04	2.338343e+01	1.085728e+05	1.079015e+05	5.770540e+04	5.702838e+04	3.044150e+02	2.859919e+01	2020	8	25	6
	4866	2035	170.803432	18.437652	9.910140e+04	3.081105e+01	1.085495e+05	1.076775e+05	5.777486e+04	5.684434e+04	3.042839e+02	2.575105e+01	2020	8	25	12
	4866	2041	170.803432	18.226736	9.844716e+04	2.777663e+01	1.085392e+05	1.077025e+05	5.772690e+04	5.663458e+04	3.042206e+02	3.459046e+01	2020	8	25	18
	4867	2028	170.838534	18.683722	9.811941e+04	3.243821e+01	1.086342e+05	1.079669e+05	5.784175e+04	5.645089e+04	3.040459e+02	3.011618e+01	2020	8	26	0
	4872	2014	171.014041	19.175862	9.776254e+04	2.735707e+01	1.085166e+05	1.079282e+05	5.770311e+04	5.648841e+04	3.039357e+02	2.185244e+01	2020	8	26	6
	4863	1990	170.698128	20.019529	9.737968e+04	4.741128e+01	1.086570e+05	1.078696e+05	5.777292e+04	5.593252e+04	3.038782e+02	2.866793e+01	2020	8	26	12
	4863	1978	170.698128	20.441363	9.764452e+04	3.133410e+01	1.085296e+05	1.078200e+05	5.774658e+04	5.630221e+04	3.037785e+02	2.755480e+01	2020	8	26	18
	4855	1968	170.417317	20.792891	9.785973e+04	3.104238e+01	1.086679e+05	1.078641e+05	5.778214e+04	5.671892e+04	3.038332e+02	2.220724e+01	2020	8	27	0
	4853	1954	170.347114	21.285031	9.795504e+04	2.639543e+01	1.086230e+05	1.075078e+05	5.782114e+04	5.668978e+04	3.039046e+02	2.220819e+01	2020	8	27	6
	4850	1946	170.241810	21.566253	9.848020e+04	2.382250e+01	1.086592e+05	1.080190e+05	5.782166e+04	5.694281e+04	3.038610e+02	2.498269e+01	2020	8	27	12
	4841	1933	169.925897	22.023240	9.721021e+04	3.375156e+01	1.085326e+05	1.076533e+05	5.770789e+04	5.584355e+04	3.038364e+02	1.405149e+01	2020	8	27	18
	4838	1938	169.820593	21.847476	9.836111e+04	2.831326e+01	1.086440e+05	1.074357e+05	5.778030e+04	5.662272e+04	3.038780e+02	1.313029e+01	2020	8	28	0
	4836	1936	169.750390	21.917781	9.787908e+04	2.328658e+01	1.085572e+05	1.080068e+05	5.767698e+04	5.679971e+04	3.039274e+02	1.358424e+01	2020	8	28	6
	4834	1934	169.680187	21.988087	9.845262e+04	2.480525e+01	1.086509e+05	1.080391e+05	5.782963e+04	5.689627e+04	3.038704e+02	1.814313e+01	2020	8	28	12
	4830	1923	169.539782	22.374768	9.837269e+04	2.574690e+01	1.085406e+05	1.078398e+05	5.774088e+04	5.656334e+04	3.037996e+02	1.445558e+01	2020	8	28	18
	4825	1925	169.364275	22.304462	9.839743e+04	2.831510e+01	1.086226e+05	1.076229e+05	5.780461e+04	5.645071e+04	3.039739e+02	1.544337e+01	2020	8	29	0
	4818	1922	169.118565	22.409921	9.815432e+04	2.578437e+01	1.085392e+05	1.077504e+05	5.775131e+04	5.616843e+04	3.041377e+02	1.268408e+01	2020	8	29	6
	4815	1922	169.013261	22.409921	9.772442e+04	2.831355e+01	1.085295e+05	1.077255e+05	5.775973e+04	5.596641e+04	3.041147e+02	1.522896e+01	2020	8	29	12
	4807	1920	168.732449	22.480226	9.741557e+04	3.060465e+01	1.084074e+05	1.075638e+05	5.765625e+04	5.569790e+04	3.040620e+02	1.731776e+01	2020	8	29	18
	4799	1909	168.451638	22.866907	9.685637e+04	3.861953e+01	1.084868e+05	1.075251e+05	5.778747e+04	5.554209e+04	3.039720e+02	1.454945e+01	2020	8	30	0
	4782	1908	167.854914	22.902060	9.650117e+04	4.286576e+01	1.085296e+05	1.073507e+05	5.773750e+04	5.525457e+04	3.041617e+02	1.504614e+01	2020	8	30	6
	4768	1900	167.363495	23.183283	9.635846e+04	4.201590e+01	1.084837e+05	1.073705e+05	5.782223e+04	5.521433e+04	3.040609e+02	2.019724e+01	2020	8	30	12
	4751	1891	166.766771	23.499658	9.579439e+04	4.511094e+01	1.085082e+05	1.071866e+05	5.773811e+04	5.499408e+04	3.038116e+02	1.742307e+01	2020	8	30	18
	4731	1891	166.064743	23.499658	9.538691e+04	4.986802e+01	1.085196e+05	1.072651e+05	5.785071e+04	5.482512e+04	3.037899e+02	1.371168e+01	2020	8	31	0
	4715	1889	165.503120	23.569964	9.545361e+04	4.675932e+01	1.085125e+05	1.072337e+05	5.777977e+04	5.476998e+04	3.037221e+02	1.613174e+01	2020	8	31	6
	4698	1882	164.906396	23.816033	9.565439e+04	4.847820e+01	1.086633e+05	1.075248e+05	5.789212e+04	5.489083e+04	3.036109e+02	1.766190e+01	2020	8	31	12
	4685	1874	164.450078	24.097256	9.576689e+04	4.743394e+01	1.084986e+05	1.072642e+05	5.780905e+04	5.490240e+04	3.035446e+02	1.450614e+01	2020	8	31	18
	4665	1866	163.748050	24.378479	9.593395e+04	4.643697e+01	1.086411e+05	1.076881e+05	5.799923e+04	5.502032e+04	3.035812e+02	1.460792e+01	2020	9	1	0
	4644	1859	163.010920	24.624548	9.535715e+04	5.104682e+01	1.086192e+05	1.074866e+05	5.795539e+04	5.475117e+04	3.034883e+02	1.374436e+01	2020	9	1	6
	4622	1848	162.238690	25.011229	9.568567e+04	5.024350e+01	1.087164e+05	1.075036e+05	5.808231e+04	5.497432e+04	3.031284e+02	1.959678e+01	2020	9	1	12
	4602	1838	161.536661	25.362757	9.576599e+04	4.654177e+01	1.085879e+05	1.075560e+05	5.795963e+04	5.485655e+04	3.031268e+02	1.753292e+01	2020	9	1	18
	4575	1826	160.588924	25.784591	9.589116e+04	4.712913e+01	1.086378e+05	1.077565e+05	5.803560e+04	5.488374e+04	3.030990e+02	1.413166e+01	2020	9	2	0
	4549	1814	159.676287	26.206425	9.594648e+04	4.806607e+01	1.085855e+05	1.075743e+05	5.800782e+04	5.478730e+04	3.033257e+02	1.376016e+01	2020	9	2	6
	4509	1797	158.272231	26.804023	9.626427e+04	4.905035e+01	1.086141e+05	1.076901e+05	5.804921e+04	5.511971e+04	3.037399e+02	1.910746e+01	2020	9	2	12
	4489	1788	157.570203	27.120398	9.603798e+04	4.355198e+01	1.085657e+05	1.077020e+05	5.792432e+04	5.509622e+04	3.035727e+02	1.879255e+01	2020	9	2	18
	4462	1766	156.622465	27.893760	9.623444e+04	4.744739e+01	1.085580e+05	1.077625e+05	5.812007e+04	5.509157e+04	3.031888e+02	1.598694e+01	2020	9	3	0
	4430	1751	155.499220	28.421052	9.605161e+04	4.844756e+01	1.084881e+05	1.076301e+05	5.801695e+04	5.497393e+04	3.033187e+02	1.572420e+01	2020	9	3	6
	4392	1740	154.165367	28.807733	9.640249e+04	4.466667e+01	1.085321e+05	1.078049e+05	5.803115e+04	5.518045e+04	3.035432e+02	1.733464e+01	2020	9	3	12
	4355	1721	152.866615	29.475637	9.637867e+04	4.272469e+01	1.083569e+05	1.077333e+05	5.794859e+04	5.514732e+04	3.034106e+02	1.657770e+01	2020	9	3	18
	4314	1702	151.427457	30.143541	9.689848e+04	4.470472e+01	1.085023e+05	1.079338e+05	5.800503e+04	5.543264e+04	3.032883e+02	1.595985e+01	2020	9	4	0
	4280	1688	150.234009	30.635680	9.681750e+04	3.914035e+01	1.084659e+05	1.077934e+05	5.788480e+04	5.535444e+04	3.035981e+02	1.362305e+01	2020	9	4	6
	4256	1668	149.391576	31.338736	9.729458e+04	3.210827e+01	1.085702e+05	1.079179e+05	5.794560e+04	5.563725e+04	3.031748e+02	1.369865e+01	2020	9	4	12
	4234	1652	148.619345	31.901181	9.741112e+04	3.276625e+01	1.084801e+05	1.079109e+05	5.775641e+04	5.564905e+04	3.022106e+02	1.273236e+01	2020	9	4	18
	4223	1640	148.233229	32.323015	9.770202e+04	2.996462e+01	1.085902e+05	1.080017e+05	5.780862e+04	5.591291e+04	3.021366e+02	1.248500e+01	2020	9	5	0
	4222	1608	148.198128	33.447905	9.791401e+04	3.105208e+01	1.085698e+05	1.076769e+05	5.771062e+04	5.603967e+04	3.024396e+02	1.120099e+01	2020	9	5	6
	4210	1593	147.776911	33.975198	9.826948e+04	2.811353e+01	1.086264e+05	1.075558e+05	5.773130e+04	5.642207e+04	3.026218e+02	1.445541e+01	2020	9	5	12
	4195	1556	147.250390	35.275852	9.821380e+04	3.273020e+01	1.084390e+05	1.073176e+05	5.751327e+04	5.621914e+04	3.023552e+02	1.626009e+01	2020	9	5	18
	4218	1548	148.057722	35.557074	9.792134e+04	3.508215e+01	1.085102e+05	1.073688e+05	5.765577e+04	5.598634e+04	3.015976e+02	1.081257e+01	2020	9	6	0
	4223	1525	148.233229	36.365589	9.790527e+04	2.941573e+01	1.083353e+05	1.073969e+05	5.759547e+04	5.588609e+04	3.015058e+02	9.030348e+00	2020	9	6	6
	4236	1509	148.689548	36.928034	9.821998e+04	2.707734e+01	1.083985e+05	1.074640e+05	5.766834e+04	5.618812e+04	3.012671e+02	7.487885e+00	2020	9	6	12
	4250	1502	149.180967	37.174104	9.842120e+04	2.742360e+01	1.082443e+05	1.073270e+05	5.760188e+04	5.635728e+04	3.009177e+02	6.916708e+00	2020	9	6	18
	4269	1482	149.847894	37.877160	9.880258e+04	2.291522e+01	1.083986e+05	1.072565e+05	5.776238e+04	5.677068e+04	3.007634e+02	3.659514e+00	2020	9	7	0
	4282	1458	150.304212	38.720828	9.905265e+04	2.152473e+01	1.084266e+05	1.069843e+05	5.771026e+04	5.682984e+04	3.008062e+02	2.554753e+00	2020	9	7	6
start	36	2020	8	24	6
	7135	2200	250.448518	12.637438	1.007569e+05	1.942677e+01	1.086754e+05	1.082959e+05	5.801270e+04	5.760640e+04	3.045226e+02	3.106502e+01	2020	8	24	6
	7145	2178	250.799532	13.410800	1.003095e+05	1.893374e+01	1.085724e+05	1.079770e+05	5.787451e+04	5.729797e+04	3.045483e+02	3.842439e+01	2020	8	24	12
	7135	2163	250.448518	13.938092	1.005613e+05	1.734247e+01	1.086819e+05	1.081447e+05	5.802404e+04	5.750110e+04	3.046980e+02	2.901578e+01	2020	8	24	18
	7115	2147	249.746490	14.500537	1.003388e+05	1.475899e+01	1.084480e+05	1.080409e+05	5.779866e+04	5.741707e+04	3.046803e+02	1.467188e+01	2020	8	25	0
	7088	2134	248.798752	14.957524	1.002005e+05	2.525697e+01	1.086139e+05	1.077752e+05	5.799633e+04	5.719000e+04	3.045944e+02	1.207907e+01	2020	8	25	6
	7085	2127	248.693448	15.203593	9.982283e+04	2.801842e+01	1.084533e+05	1.078865e+05	5.789977e+04	5.709823e+04	3.045388e+02	2.662182e+01	2020	8	25	12
	7088	2126	248.798752	15.238746	1.004926e+05	1.580943e+01	1.087304e+05	1.082013e+05	5.820713e+04	5.760315e+04	3.045782e+02	2.154348e+01	2020	8	25	18
	7047	2110	247.359594	15.801191	1.003179e+05	1.654352e+01	1.086179e+05	1.081624e+05	5.789747e+04	5.743570e+04	3.050049e+02	1.680762e+01	2020	8	26	0
	7021	2084	246.446958	16.715164	1.005954e+05	1.483270e+01	1.086886e+05	1.083331e+05	5.807493e+04	5.771230e+04	3.049533e+02	1.965734e+01	2020	8	26	6
	7003	2083	245.815133	16.750317	1.002239e+05	1.818396e+01	1.086272e+05	1.080989e+05	5.813483e+04	5.735145e+04	3.048027e+02	2.419144e+01	2020	8	26	12
	6991	2054	245.393916	17.769749	1.003516e+05	1.890108e+01	1.087271e+05	1.082244e+05	5.816334e+04	5.771584e+04	3.048083e+02	1.381742e+01	2020	8	26	18
	6943	2042	243.709048	18.191583	1.001377e+05	1.730187e+01	1.085140e+05	1.081525e+05	5.796066e+04	5.746678e+04	3.051277e+02	1.267624e+01	2020	8	27	0
	6928	2043	243.182527	18.156430	1.002586e+05	1.879696e+01	1.089429e+05	1.083336e+05	5.811279e+04	5.764785e+04	3.049823e+02	2.146441e+01	2020	8	27	6
	6914	2027	242.691108	18.718875	9.993503e+04	1.771335e+01	1.085262e+05	1.079571e+05	5.792112e+04	5.740183e+04	3.047974e+02	2.560964e+01	2020	8	27	12
	6868	2047	241.076443	18.015819	1.001107e+05	1.947527e+01	1.087050e+05	1.082740e+05	5.805649e+04	5.742468e+04	3.045753e+02	1.992546e+01	2020	8	27	18
	6867	2064	241.041342	17.418221	9.946606e+04	2.699454e+01	1.085100e+05	1.079570e+05	5.778706e+04	5.683401e+04	3.045447e+02	1.889080e+01	2020	8	28	0
	6847	2059	240.339314	17.593985	9.994838e+04	2.138352e+01	1.086625e+05	1.081388e+05	5.796150e+04	5.726249e+04	3.042927e+02	2.507252e+01	2020	8	28	6
	6855	2039	240.620125	18.297041	9.935325e+04	2.446224e+01	1.084286e+05	1.076879e+05	5.768389e+04	5.692480e+04	3.040843e+02	2.447513e+01	2020	8	28	12
	6834	2038	239.882995	18.332194	9.945392e+04	2.162175e+01	1.085136e+05	1.078077e+05	5.787710e+04	5.699796e+04	3.039887e+02	2.365394e+01	2020	8	28	18
	6821	2032	239.426677	18.543111	9.870820e+04	2.486337e+01	1.083457e+05	1.077681e+05	5.765546e+04	5.659652e+04	3.041013e+02	2.321009e+01	2020	8	29	0
	6816	2034	239.251170	18.472805	9.892577e+04	2.557926e+01	1.084958e+05	1.080324e+05	5.787746e+04	5.691046e+04	3.039255e+02	2.013507e+01	2020	8	29	6
	6811	2021	239.075663	18.929792	9.774033e+04	3.565617e+01	1.082297e+05	1.076254e+05	5.758331e+04	5.655652e+04	3.037216e+02	2.422154e+01	2020	8	29	12
	6819	2019	239.356474	19.000098	9.832878e+04	2.908586e+01	1.086759e+05	1.079537e+05	5.780709e+04	5.651562e+04	3.034929e+02	1.961849e+01	2020	8	29	18
	6821	2005	239.426677	19.492237	9.824798e+04	2.561589e+01	1.084529e+05	1.077888e+05	5.756270e+04	5.665062e+04	3.033625e+02	2.035882e+01	2020	8	30	0
	6825	2006	239.567083	19.457084	9.886746e+04	2.397397e+01	1.086077e+05	1.078553e+05	5.779027e+04	5.681636e+04	3.031271e+02	1.938047e+01	2020	8	30	6
	6824	2003	239.531981	19.562543	9.882912e+04	2.909508e+01	1.082910e+05	1.075547e+05	5.755046e+04	5.662057e+04	3.029689e+02	2.102180e+01	2020	8	30	12
	6815	1983	239.216069	20.265599	9.867794e+04	2.526972e+01	1.086538e+05	1.078637e+05	5.780731e+04	5.672058e+04	3.029229e+02	1.318317e+01	2020	8	30	18
	6810	1986	239.040562	20.160141	9.886380e+04	2.639355e+01	1.084466e+05	1.077555e+05	5.755583e+04	5.689269e+04	3.030168e+02	9.590652e+00	2020	8	31	0
	6801	1977	238.724649	20.476516	9.933098e+04	2.022669e+01	1.086270e+05	1.079570e+05	5.780971e+04	5.729374e+04	3.029208e+02	6.727628e+00	2020	8	31	6
	6783	1973	238.092824	20.617127	9.931812e+04	1.955935e+01	1.083601e+05	1.078147e+05	5.760172e+04	5.713516e+04	3.028268e+02	1.266317e+01	2020	8	31	12
	6754	1986	237.074883	20.160141	9.949602e+04	2.105974e+01	1.086592e+05	1.081135e+05	5.783331e+04	5.726856e+04	3.032739e+02	9.722654e+00	2020	8	31	18
	6747	1970	236.829173	20.722586	9.931353e+04	1.939544e+01	1.086039e+05	1.079032e+05	5.775662e+04	5.691342e+04	3.028220e+02	5.830930e+00	2020	9	1	0
	6716	1981	235.741030	20.335905	9.966004e+04	1.754845e+01	1.088874e+05	1.081792e+05	5.790556e+04	5.743757e+04	3.031288e+02	8.461366e+00	2020	9	1	6
	6693	1991	234.933697	19.984376	9.956562e+04	2.167275e+01	1.086108e+05	1.076816e+05	5.773435e+04	5.723396e+04	3.030838e+02	1.368629e+01	2020	9	1	12
	6680	2001	234.477379	19.632848	9.952250e+04	3.156000e+01	1.088490e+05	1.079909e+05	5.794706e+04	5.715894e+04	3.032263e+02	1.011648e+01	2020	9	1	18
	6651	1999	233.459438	19.703154	9.959439e+04	2.653385e+01	1.085707e+05	1.080768e+05	5.783630e+04	5.716079e+04	3.033835e+02	6.771467e+00	2020	9	2	0
start	36	2020	8	28	12
	7239	2185	254.099064	13.164730	1.004760e+05	1.854135e+01	1.083676e+05	1.079301e+05	5.780833e+04	5.737675e+04	3.045101e+02	2.364471e+01	2020	8	28	12
	7234	2173	253.923557	13.586564	1.005367e+05	1.574848e+01	1.087685e+05	1.082140e+05	5.792408e+04	5.755227e+04	3.049247e+02	2.208738e+01	2020	8	28	18
	7178	2186	251.957878	13.129577	1.002584e+05	1.777962e+01	1.084326e+05	1.080511e+05	5.771857e+04	5.731814e+04	3.046430e+02	2.786746e+01	2020	8	29	0
	7161	2170	251.361154	13.692022	1.006064e+05	1.485727e+01	1.086162e+05	1.082578e+05	5.791865e+04	5.762275e+04	3.045798e+02	2.482772e+01	2020	8	29	6
	7167	2152	251.571763	14.324773	1.002746e+05	1.532020e+01	1.083816e+05	1.079027e+05	5.775101e+04	5.733636e+04	3.048054e+02	3.254213e+01	2020	8	29	12
	7170	2184	251.677067	13.199883	1.003306e+05	2.470385e+01	1.086639e+05	1.081126e+05	5.789016e+04	5.746720e+04	3.043980e+02	3.451436e+01	2020	8	29	18
	7156	2154	251.185647	14.254467	1.000809e+05	2.159553e+01	1.084554e+05	1.079250e+05	5.778257e+04	5.725459e+04	3.045718e+02	2.803848e+01	2020	8	30	0
	7121	2156	249.957098	14.184162	1.000545e+05	2.180328e+01	1.085589e+05	1.081709e+05	5.790036e+04	5.745163e+04	3.044062e+02	2.491969e+01	2020	8	30	6
	7148	2144	250.904836	14.605995	9.940536e+04	2.871085e+01	1.085694e+05	1.078783e+05	5.767833e+04	5.710821e+04	3.043398e+02	3.252489e+01	2020	8	30	12
	7101	2122	249.255070	15.379357	9.941483e+04	2.642901e+01	1.087431e+05	1.078643e+05	5.794313e+04	5.711747e+04	3.043533e+02	4.094514e+01	2020	8	30	18
	7102	2109	249.290172	15.836344	9.974546e+04	1.945162e+01	1.086049e+05	1.077923e+05	5.768252e+04	5.706089e+04	3.043088e+02	3.238256e+01	2020	8	31	0
	7096	2091	249.079563	16.469095	9.981186e+04	2.314411e+01	1.088179e+05	1.081051e+05	5.791685e+04	5.705161e+04	3.044275e+02	2.817501e+01	2020	8	31	6
	7044	2085	247.254290	16.680012	9.930128e+04	2.852889e+01	1.088119e+05	1.075794e+05	5.775889e+04	5.668737e+04	3.043503e+02	3.169108e+01	2020	8	31	12
	7062	2072	247.886115	17.136998	9.945330e+04	2.671257e+01	1.087209e+05	1.077859e+05	5.800144e+04	5.699100e+04	3.042445e+02	3.099793e+01	2020	8	31	18
	7004	2056	245.850234	17.699443	9.882739e+04	3.261155e+01	1.086286e+05	1.071262e+05	5.781330e+04	5.612741e+04	3.041273e+02	2.411529e+01	2020	9	1	0
	7003	2042	245.815133	18.191583	9.945951e+04	2.803248e+01	1.087766e+05	1.080635e+05	5.803061e+04	5.683766e+04	3.038811e+02	2.028992e+01	2020	9	1	6
	6977	2038	244.902496	18.332194	9.898636e+04	3.410288e+01	1.086463e+05	1.075533e+05	5.787988e+04	5.661046e+04	3.035488e+02	2.435199e+01	2020	9	1	12
	6933	2038	243.358034	18.332194	9.943072e+04	2.839268e+01	1.088458e+05	1.080838e+05	5.810034e+04	5.702690e+04	3.033630e+02	2.765145e+01	2020	9	1	18
	6925	2018	243.077223	19.035250	9.899791e+04	2.382357e+01	1.087430e+05	1.080837e+05	5.791627e+04	5.708908e+04	3.032103e+02	2.431315e+01	2020	9	2	0
	6898	2020	242.129485	18.964945	9.897665e+04	2.424303e+01	1.087329e+05	1.081802e+05	5.805412e+04	5.719589e+04	3.030430e+02	1.504524e+01	2020	9	2	6
	6854	2025	240.585023	18.789181	9.902270e+04	3.104315e+01	1.085170e+05	1.077304e+05	5.789455e+04	5.648861e+04	3.028539e+02	1.992861e+01	2020	9	2	12
	6853	2003	240.549922	19.562543	9.916461e+04	2.156902e+01	1.089959e+05	1.081845e+05	5.799430e+04	5.680866e+04	3.024760e+02	2.116546e+01	2020	9	2	18
	6832	1990	239.812793	20.019529	9.920092e+04	2.138563e+01	1.086912e+05	1.079871e+05	5.787243e+04	5.675792e+04	3.028468e+02	1.367801e+01	2020	9	3	0
	6820	1983	239.391576	20.265599	9.948386e+04	2.085720e+01	1.087326e+05	1.083921e+05	5.801588e+04	5.701369e+04	3.028472e+02	6.663795e+00	2020	9	3	6
	6800	1962	238.689548	21.003808	9.936210e+04	2.030486e+01	1.085196e+05	1.080448e+05	5.784608e+04	5.685507e+04	3.027114e+02	1.568319e+01	2020	9	3	12
	6773	1950	237.741810	21.425642	9.971614e+04	2.000413e+01	1.088618e+05	1.081161e+05	5.809954e+04	5.716320e+04	3.026572e+02	9.468246e+00	2020	9	3	18
	6745	1925	236.758970	22.304462	9.952537e+04	2.300511e+01	1.086643e+05	1.081983e+05	5.790569e+04	5.705296e+04	3.023153e+02	6.887353e+00	2020	9	4	0
	6711	1912	235.565523	22.761449	9.941096e+04	2.796658e+01	1.087314e+05	1.082865e+05	5.805630e+04	5.715163e+04	3.020856e+02	8.034272e+00	2020	9	4	6
	6681	1901	234.512480	23.148130	9.908488e+04	2.637635e+01	1.085107e+05	1.079418e+05	5.788359e+04	5.687093e+04	3.016990e+02	1.090145e+01	2020	9	4	12
	6647	1896	233.319033	23.323894	9.895722e+04	2.556584e+01	1.087274e+05	1.080724e+05	5.802344e+04	5.713791e+04	3.014707e+02	9.555384e+00	2020	9	4	18
	6614	1890	232.160686	23.534811	9.895377e+04	2.661464e+01	1.085916e+05	1.080269e+05	5.781998e+04	5.710533e+04	3.018644e+02	1.224218e+01	2020	9	5	0
	6585	1901	231.142746	23.148130	9.962352e+04	2.248169e+01	1.087161e+05	1.080455e+05	5.796742e+04	5.736720e+04	3.017068e+02	1.084532e+01	2020	9	5	6
	6567	1907	230.510920	22.937213	9.949801e+04	1.990487e+01	1.086354e+05	1.079256e+05	5.773848e+04	5.726749e+04	3.018582e+02	9.834738e+00	2020	9	5	12
	6557	1915	230.159906	22.655991	9.980526e+04	2.011432e+01	1.086821e+05	1.081118e+05	5.788418e+04	5.739163e+04	3.020412e+02	6.683747e+00	2020	9	5	18
	6537	1921	229.457878	22.445074	9.981852e+04	1.938240e+01	1.086418e+05	1.079599e+05	5.779311e+04	5.725529e+04	3.023237e+02	5.497758e+00	2020	9	6	0
	6519	1921	228.826053	22.445074	1.000382e+05	1.744495e+01	1.086208e+05	1.079586e+05	5.787377e+04	5.750590e+04	3.022773e+02	6.439117e+00	2020	9	6	6
start	11	2020	8	28	18
	3050	1946	107.059282	21.566253	1.000186e+05	1.600660e+01	1.091481e+05	1.084987e+05	5.787925e+04	5.733103e+04	3.055895e+02	1.701144e+01	2020	8	28	18
	3091	1951	108.498440	21.390489	1.000954e+05	1.520792e+01	1.091736e+05	1.083367e+05	5.781807e+04	5.745930e+04	3.054850e+02	1.657977e+01	2020	8	29	0
	3092	1938	108.533541	21.847476	9.996868e+04	1.236375e+01	1.090564e+05	1.083432e+05	5.781969e+04	5.740436e+04	3.053852e+02	1.573552e+01	2020	8	29	6
	3092	1946	108.533541	21.566253	1.000581e+05	1.045571e+01	1.090723e+05	1.085473e+05	5.779279e+04	5.748398e+04	3.054388e+02	6.217305e+00	2020	8	29	12
	3104	1937	108.954758	21.882629	9.997035e+04	1.030411e+01	1.089679e+05	1.084287e+05	5.774326e+04	5.740257e+04	3.053205e+02	1.139588e+01	2020	8	29	18
	3120	1942	109.516381	21.706864	9.962459e+04	1.414793e+01	1.089349e+05	1.080696e+05	5.765086e+04	5.730478e+04	3.053948e+02	1.735039e+01	2020	8	30	0
	3128	1961	109.797192	21.038961	9.956166e+04	1.368612e+01	1.087943e+05	1.082705e+05	5.771943e+04	5.722175e+04	3.053996e+02	1.119430e+01	2020	8	30	6
	3131	1952	109.902496	21.355336	9.973938e+04	1.042516e+01	1.088561e+05	1.083765e+05	5.764846e+04	5.733358e+04	3.053932e+02	8.772429e+00	2020	8	30	12
	3150	1955	110.569423	21.249878	9.958190e+04	1.677477e+01	1.088576e+05	1.082307e+05	5.762984e+04	5.725342e+04	3.050243e+02	2.295037e+01	2020	8	30	18
	3166	1954	111.131045	21.285031	9.974106e+04	1.450266e+01	1.087336e+05	1.079168e+05	5.762909e+04	5.723829e+04	3.049228e+02	1.810673e+01	2020	8	31	0
	3310	1919	116.185647	22.515379	9.976774e+04	1.380914e+01	1.086147e+05	1.079581e+05	5.752639e+04	5.718046e+04	3.071203e+02	2.627323e+01	2020	8	31	6
start	16	2020	8	30	0
	3605	1995	126.540562	19.843765	1.001995e+05	1.446025e+01	1.086500e+05	1.081935e+05	5.782186e+04	5.742052e+04	3.052341e+02	1.466528e+01	2020	8	30	0
	3576	1966	125.522621	20.863197	9.982292e+04	1.584631e+01	1.086542e+05	1.080317e+05	5.770791e+04	5.722877e+04	3.056344e+02	1.628640e+01	2020	8	30	6
	3557	1955	124.855694	21.249878	9.980873e+04	1.359450e+01	1.087335e+05	1.080920e+05	5.772904e+04	5.725730e+04	3.055008e+02	1.346980e+01	2020	8	30	12
	3558	1947	124.890796	21.531100	9.984658e+04	1.492184e+01	1.087834e+05	1.080504e+05	5.765986e+04	5.725911e+04	3.053690e+02	1.872064e+01	2020	8	30	18
	3563	1941	125.066303	21.742017	9.987747e+04	1.708455e+01	1.086659e+05	1.080232e+05	5.773477e+04	5.730359e+04	3.052895e+02	1.823993e+01	2020	8	31	0
	3588	1929	125.943838	22.163851	9.972135e+04	1.326956e+01	1.085058e+05	1.078800e+05	5.763326e+04	5.716720e+04	3.054527e+02	1.895404e+01	2020	8	31	6
	3606	1920	126.575663	22.480226	9.978761e+04	1.665065e+01	1.087926e+05	1.079467e+05	5.782539e+04	5.724945e+04	3.053278e+02	1.974848e+01	2020	8	31	12
	3645	1893	127.944618	23.429352	9.973906e+04	1.613069e+01	1.085879e+05	1.079147e+05	5.768261e+04	5.713738e+04	3.050358e+02	2.195518e+01	2020	8	31	18
	3626	1844	127.277691	25.151841	9.964314e+04	1.769830e+01	1.087218e+05	1.075568e+05	5.772118e+04	5.706045e+04	3.048267e+02	2.278855e+01	2020	9	1	0
	3690	1851	129.524181	24.905771	9.931109e+04	2.234405e+01	1.087537e+05	1.077362e+05	5.783097e+04	5.708814e+04	3.049167e+02	2.224852e+01	2020	9	1	6
	3725	1813	130.752730	26.241578	9.943915e+04	2.486671e+01	1.090584e+05	1.074996e+05	5.797305e+04	5.698974e+04	3.048341e+02	1.945828e+01	2020	9	1	12
	3729	1760	130.893136	28.104677	9.904838e+04	2.152901e+01	1.087429e+05	1.068136e+05	5.765594e+04	5.644866e+04	3.046104e+02	3.106511e+01	2020	9	1	18
	3753	1729	131.735569	29.194414	9.868999e+04	2.457271e+01	1.087180e+05	1.065637e+05	5.770288e+04	5.637304e+04	3.044759e+02	2.316330e+01	2020	9	2	0
	3787	1686	132.929017	30.705986	9.852577e+04	2.350688e+01	1.084731e+05	1.061743e+05	5.753759e+04	5.615678e+04	3.039082e+02	2.586232e+01	2020	9	2	6
	3797	1615	133.280031	33.201836	9.824575e+04	2.844207e+01	1.086822e+05	1.056714e+05	5.759025e+04	5.598575e+04	3.033144e+02	3.993386e+01	2020	9	2	12
	3832	1524	134.508580	36.400742	9.831145e+04	2.632306e+01	1.082868e+05	1.052562e+05	5.744490e+04	5.563640e+04	3.029780e+02	3.348700e+01	2020	9	2	18
start	32	2020	9	2	0
	3216	2010	112.886115	19.316473	9.998918e+04	1.646702e+01	1.090888e+05	1.085544e+05	5.785789e+04	5.735320e+04	3.044690e+02	2.192507e+01	2020	9	2	0
	3271	2008	114.816693	19.386779	9.998576e+04	1.822787e+01	1.090724e+05	1.084639e+05	5.782486e+04	5.730407e+04	3.041999e+02	2.126135e+01	2020	9	2	6
	3309	1989	116.150546	20.054682	1.000555e+05	1.566299e+01	1.091515e+05	1.085578e+05	5.792636e+04	5.750584e+04	3.041450e+02	2.003837e+01	2020	9	2	12
	3450	1966	121.099844	20.863197	9.972575e+04	2.395239e+01	1.089953e+05	1.081037e+05	5.800401e+04	5.716246e+04	3.050839e+02	3.079692e+01	2020	9	2	18
	3373	1945	118.397036	21.601406	1.000631e+05	1.874504e+01	1.091787e+05	1.081805e+05	5.783745e+04	5.738747e+04	3.043335e+02	2.697992e+01	2020	9	3	0
	3371	1930	118.326833	22.128698	9.983195e+04	1.817660e+01	1.089336e+05	1.080907e+05	5.776319e+04	5.739432e+04	3.043406e+02	2.117651e+01	2020	9	3	6
	3344	1951	117.379095	21.390489	1.000000e+05	1.704651e+01	1.089366e+05	1.084349e+05	5.786701e+04	5.744004e+04	3.042504e+02	1.803068e+01	2020	9	3	12
	3398	2009	119.274571	19.351626	9.983231e+04	2.198081e+01	1.090773e+05	1.083630e+05	5.775534e+04	5.724800e+04	3.041303e+02	2.653489e+01	2020	9	3	18
	3446	2030	120.959438	18.613417	1.000836e+05	1.969858e+01	1.089990e+05	1.084063e+05	5.791983e+04	5.744316e+04	3.054250e+02	2.883473e+01	2020	9	4	0
	3450	1967	121.099844	20.828044	9.988407e+04	1.723830e+01	1.089116e+05	1.083870e+05	5.772681e+04	5.733093e+04	3.049304e+02	1.976606e+01	2020	9	4	6
	3453	1955	121.205148	21.249878	9.993541e+04	1.961010e+01	1.089457e+05	1.083781e+05	5.780488e+04	5.741275e+04	3.047885e+02	1.547823e+01	2020	9	4	12
	3468	1935	121.731669	21.952934	9.979494e+04	2.165730e+01	1.088638e+05	1.083584e+05	5.775206e+04	5.733862e+04	3.047560e+02	1.922987e+01	2020	9	4	18
	3515	1869	123.381435	24.273020	9.975932e+04	2.127787e+01	1.088326e+05	1.081636e+05	5.782464e+04	5.717536e+04	3.044058e+02	1.256316e+01	2020	9	5	0
	3490	1911	122.503900	22.796602	9.962676e+04	1.802439e+01	1.087203e+05	1.083153e+05	5.767753e+04	5.722525e+04	3.046870e+02	1.317968e+01	2020	9	5	6
	3519	1905	123.521841	23.007519	9.975872e+04	1.787053e+01	1.089561e+05	1.082869e+05	5.793223e+04	5.738170e+04	3.046752e+02	1.003828e+01	2020	9	5	12
	3534	1885	124.048362	23.710575	9.962802e+04	1.692490e+01	1.086479e+05	1.079610e+05	5.771927e+04	5.714459e+04	3.043922e+02	1.765461e+01	2020	9	5	18
	3536	1859	124.118565	24.624548	9.936252e+04	2.253859e+01	1.087825e+05	1.078290e+05	5.773562e+04	5.704367e+04	3.042496e+02	1.804464e+01	2020	9	6	0
	3562	1869	125.031201	24.273020	9.942850e+04	1.839095e+01	1.086951e+05	1.077918e+05	5.759313e+04	5.702926e+04	3.044299e+02	1.568758e+01	2020	9	6	6
	3585	1863	125.838534	24.483937	9.948090e+04	1.932923e+01	1.087759e+05	1.079122e+05	5.769420e+04	5.708159e+04	3.045688e+02	1.151893e+01	2020	9	6	12
	3598	1842	126.294852	25.222146	9.944594e+04	1.846944e+01	1.087239e+05	1.075975e+05	5.756686e+04	5.691620e+04	3.045030e+02	1.468648e+01	2020	9	6	18
	3604	1824	126.505460	25.854897	9.948123e+04	2.001708e+01	1.087844e+05	1.074869e+05	5.763360e+04	5.687604e+04	3.044745e+02	1.434592e+01	2020	9	7	0
	3640	1803	127.769111	26.593106	9.890037e+04	2.420285e+01	1.086121e+05	1.074760e+05	5.750581e+04	5.681009e+04	3.046875e+02	1.325152e+01	2020	9	7	6
	3625	1829	127.242590	25.679133	9.928430e+04	2.344748e+01	1.088238e+05	1.077982e+05	5.766488e+04	5.712399e+04	3.045847e+02	1.027962e+01	2020	9	7	12
	3637	1822	127.663807	25.925202	9.924030e+04	2.394449e+01	1.087456e+05	1.077462e+05	5.764454e+04	5.697676e+04	3.044918e+02	1.527856e+01	2020	9	7	18
	3629	1806	127.382995	26.487648	9.942678e+04	2.038891e+01	1.088196e+05	1.077533e+05	5.771722e+04	5.690357e+04	3.043844e+02	1.178617e+01	2020	9	8	0
	3618	1822	126.996880	25.925202	9.932251e+04	1.732670e+01	1.087081e+05	1.080016e+05	5.760261e+04	5.702056e+04	3.045486e+02	9.230503e+00	2020	9	8	6
	3621	1814	127.102184	26.206425	9.946756e+04	2.312902e+01	1.088055e+05	1.080061e+05	5.774323e+04	5.732214e+04	3.044454e+02	1.015535e+01	2020	9	8	12
	3589	1819	125.978939	26.030661	9.943834e+04	2.373170e+01	1.089017e+05	1.081319e+05	5.760964e+04	5.725718e+04	3.043521e+02	8.938649e+00	2020	9	8	18
	3585	1834	125.838534	25.503369	9.961160e+04	1.895267e+01	1.091658e+05	1.081276e+05	5.776097e+04	5.731916e+04	3.042526e+02	7.541524e+00	2020	9	9	0
	3577	1827	125.557722	25.749438	9.970433e+04	1.586335e+01	1.088665e+05	1.082880e+05	5.773335e+04	5.739198e+04	3.043204e+02	7.535218e+00	2020	9	9	6
	3526	1843	123.767551	25.186993	9.979760e+04	2.326022e+01	1.089347e+05	1.083290e+05	5.785256e+04	5.750821e+04	3.037727e+02	8.553164e+00	2020	9	9	12
	3504	1801	122.995320	26.663412	9.973367e+04	2.271331e+01	1.092165e+05	1.081985e+05	5.782821e+04	5.737801e+04	3.035541e+02	1.181382e+01	2020	9	9	18
start	14	2020	9	6	0
	3160	2038	110.920437	18.332194	1.003139e+05	1.659907e+01	1.088662e+05	1.082598e+05	5.788266e+04	5.749418e+04	3.048048e+02	1.605849e+01	2020	9	6	0
	3232	2026	113.447738	18.754028	1.002665e+05	1.429190e+01	1.087188e+05	1.082500e+05	5.784888e+04	5.742959e+04	3.045649e+02	1.256074e+01	2020	9	6	6
	3252	2022	114.149766	18.894639	1.002092e+05	1.403739e+01	1.087338e+05	1.083183e+05	5.788400e+04	5.745221e+04	3.044427e+02	6.443951e+00	2020	9	6	12
	3294	2059	115.624025	17.593985	1.001672e+05	1.991267e+01	1.087543e+05	1.082996e+05	5.781123e+04	5.742069e+04	3.044009e+02	1.353996e+01	2020	9	6	18
	3368	2031	118.221529	18.578264	1.002197e+05	1.482384e+01	1.089054e+05	1.081289e+05	5.785221e+04	5.737804e+04	3.042496e+02	2.585720e+01	2020	9	7	0
	3393	2056	119.099064	17.699443	9.996562e+04	1.761486e+01	1.087676e+05	1.081283e+05	5.770304e+04	5.728321e+04	3.040867e+02	2.667510e+01	2020	9	7	6
	3363	2063	118.046022	17.453374	1.000725e+05	1.910444e+01	1.088432e+05	1.082441e+05	5.782718e+04	5.737618e+04	3.040496e+02	1.674276e+01	2020	9	7	12
	3397	2069	119.239470	17.242457	1.000222e+05	1.561189e+01	1.086124e+05	1.081265e+05	5.771711e+04	5.724493e+04	3.038810e+02	2.552898e+01	2020	9	7	18
	3429	2065	120.362715	17.383068	1.000506e+05	1.635614e+01	1.087577e+05	1.081536e+05	5.775730e+04	5.728821e+04	3.049670e+02	2.750906e+01	2020	9	8	0
	3487	2061	122.398596	17.523679	9.985273e+04	1.528358e+01	1.085651e+05	1.080547e+05	5.763350e+04	5.708435e+04	3.050354e+02	1.906289e+01	2020	9	8	6
	3483	2106	122.258190	15.941802	1.000593e+05	1.206750e+01	1.087815e+05	1.083441e+05	5.784257e+04	5.730130e+04	3.049957e+02	2.013456e+01	2020	9	8	12
	3498	2061	122.784711	17.523679	9.967355e+04	1.534640e+01	1.087768e+05	1.082057e+05	5.757340e+04	5.719214e+04	3.048447e+02	1.843724e+01	2020	9	8	18
	3524	2078	123.697348	16.926081	9.995038e+04	1.446155e+01	1.087840e+05	1.082055e+05	5.773321e+04	5.730054e+04	3.047291e+02	1.696183e+01	2020	9	9	0
	3600	2035	126.365055	18.437652	9.981517e+04	1.792912e+01	1.086075e+05	1.081573e+05	5.767842e+04	5.717829e+04	3.052768e+02	1.295995e+01	2020	9	9	6
start	23	2020	9	6	12
	4231	2108	148.514041	15.871497	1.003570e+05	1.034141e+01	1.088268e+05	1.081171e+05	5.788408e+04	5.753128e+04	3.060184e+02	1.716525e+01	2020	9	6	12
	4208	2152	147.706708	14.324773	1.000540e+05	1.735942e+01	1.085062e+05	1.079172e+05	5.769516e+04	5.728949e+04	3.057603e+02	1.871592e+01	2020	9	6	18
	4201	2148	147.460998	14.465384	1.001896e+05	1.517943e+01	1.086951e+05	1.080589e+05	5.776177e+04	5.740633e+04	3.057701e+02	2.718344e+01	2020	9	7	0
	4225	2150	148.303432	14.395079	9.978449e+04	1.871601e+01	1.086198e+05	1.080187e+05	5.763825e+04	5.712383e+04	3.060544e+02	2.836599e+01	2020	9	7	6
	4218	2135	148.057722	14.922371	9.994108e+04	1.774621e+01	1.089816e+05	1.082284e+05	5.786759e+04	5.733768e+04	3.058532e+02	2.542919e+01	2020	9	7	12
	4299	2142	150.900936	14.676301	9.961745e+04	2.801290e+01	1.084805e+05	1.079996e+05	5.765134e+04	5.700554e+04	3.057416e+02	2.441960e+01	2020	9	7	18
	4314	2096	151.427457	16.293331	9.969183e+04	2.481392e+01	1.087404e+05	1.082011e+05	5.782623e+04	5.711199e+04	3.056810e+02	2.468717e+01	2020	9	8	0
	4265	2116	149.707488	15.590274	9.947247e+04	1.925072e+01	1.085759e+05	1.081268e+05	5.767282e+04	5.704289e+04	3.056978e+02	2.501025e+01	2020	9	8	6
	4278	2092	150.163807	16.433942	9.955902e+04	2.092015e+01	1.088341e+05	1.082491e+05	5.786445e+04	5.720373e+04	3.055036e+02	3.026678e+01	2020	9	8	12
	4284	2056	150.374415	17.699443	9.913448e+04	2.066245e+01	1.085513e+05	1.079518e+05	5.756818e+04	5.687477e+04	3.053667e+02	3.012886e+01	2020	9	8	18
	4274	2033	150.023401	18.507958	9.902537e+04	2.198017e+01	1.086908e+05	1.081220e+05	5.784319e+04	5.689618e+04	3.052890e+02	1.951686e+01	2020	9	9	0
	4264	2015	149.672387	19.140709	9.845723e+04	2.599052e+01	1.086889e+05	1.079830e+05	5.763416e+04	5.670976e+04	3.052661e+02	1.844325e+01	2020	9	9	6
	4247	2007	149.075663	19.421931	9.807871e+04	2.548199e+01	1.088123e+05	1.081454e+05	5.791399e+04	5.668131e+04	3.051857e+02	2.677872e+01	2020	9	9	12
	4233	1998	148.584243	19.738307	9.754155e+04	3.445232e+01	1.088330e+05	1.079541e+05	5.766977e+04	5.633239e+04	3.050396e+02	2.409299e+01	2020	9	9	18
	4238	1980	148.759750	20.371057	9.791150e+04	2.941517e+01	1.089781e+05	1.082608e+05	5.782278e+04	5.650717e+04	3.048328e+02	1.402629e+01	2020	9	10	0
	4215	1970	147.952418	20.722586	9.683725e+04	3.465071e+01	1.087579e+05	1.079480e+05	5.774568e+04	5.574626e+04	3.047705e+02	1.938813e+01	2020	9	10	6
	4207	1957	147.671607	21.179572	9.685107e+04	3.889922e+01	1.088651e+05	1.079545e+05	5.777442e+04	5.648062e+04	3.047241e+02	2.605312e+01	2020	9	10	12
	4190	1941	147.074883	21.742017	9.718005e+04	3.028763e+01	1.086792e+05	1.079951e+05	5.764887e+04	5.638601e+04	3.047108e+02	2.556996e+01	2020	9	10	18
	4166	1932	146.232449	22.058393	9.758710e+04	3.470726e+01	1.088712e+05	1.080360e+05	5.775318e+04	5.638920e+04	3.048044e+02	1.562671e+01	2020	9	11	0
	4134	1919	145.109204	22.515379	9.749138e+04	2.651485e+01	1.087084e+05	1.081562e+05	5.759247e+04	5.666420e+04	3.048515e+02	1.666139e+01	2020	9	11	6
	4111	1919	144.301872	22.515379	9.802305e+04	3.095415e+01	1.090511e+05	1.083444e+05	5.781069e+04	5.683513e+04	3.048909e+02	1.890054e+01	2020	9	11	12
	4079	1906	143.178627	22.972366	9.786165e+04	2.907724e+01	1.088134e+05	1.081211e+05	5.760084e+04	5.674120e+04	3.048717e+02	1.375601e+01	2020	9	11	18
	4042	1887	141.879875	23.640269	9.841306e+04	2.819358e+01	1.089272e+05	1.082386e+05	5.776521e+04	5.705612e+04	3.048586e+02	9.410347e+00	2020	9	12	0
start	22	2020	9	6	12
	6946	2189	243.814353	13.024119	1.001319e+05	2.028080e+01	1.082057e+05	1.076034e+05	5.781268e+04	5.731095e+04	3.034979e+02	2.659305e+01	2020	9	6	12
	6908	2175	242.480499	13.516258	1.004483e+05	1.653341e+01	1.086862e+05	1.080760e+05	5.792417e+04	5.753098e+04	3.034197e+02	1.361708e+01	2020	9	6	18
	6867	2179	241.041342	13.375647	9.997172e+04	2.024138e+01	1.083960e+05	1.077426e+05	5.779383e+04	5.727580e+04	3.035956e+02	1.244552e+01	2020	9	7	0
	6869	2163	241.111544	13.938092	1.001686e+05	2.127888e+01	1.084810e+05	1.080334e+05	5.786046e+04	5.733204e+04	3.033379e+02	1.777887e+01	2020	9	7	6
	6842	2152	240.163807	14.324773	1.001889e+05	1.957262e+01	1.082960e+05	1.077316e+05	5.769699e+04	5.730348e+04	3.032438e+02	1.648228e+01	2020	9	7	12
	6833	2137	239.847894	14.852065	1.003634e+05	1.880345e+01	1.084982e+05	1.079356e+05	5.790256e+04	5.748217e+04	3.032166e+02	7.599854e+00	2020	9	7	18
	6786	2104	238.198128	16.012108	1.000235e+05	2.324964e+01	1.083914e+05	1.077909e+05	5.770100e+04	5.725819e+04	3.034775e+02	8.276772e+00	2020	9	8	0
	6771	2114	237.671607	15.660580	1.003292e+05	2.047453e+01	1.085692e+05	1.080565e+05	5.790535e+04	5.753329e+04	3.033304e+02	7.857830e+00	2020	9	8	6
	6756	2104	237.145086	16.012108	1.001499e+05	2.286556e+01	1.084629e+05	1.078876e+05	5.777394e+04	5.729311e+04	3.032428e+02	9.801760e+00	2020	9	8	12
	6736	2103	236.443058	16.047261	1.003208e+05	2.153840e+01	1.087125e+05	1.081132e+05	5.798776e+04	5.763836e+04	3.033670e+02	6.693009e+00	2020	9	8	18
	6708	2084	235.460218	16.715164	1.002216e+05	2.218899e+01	1.086598e+05	1.080977e+05	5.787333e+04	5.746329e+04	3.034673e+02	7.216461e+00	2020	9	9	0
	6666	2066	233.985959	17.347915	1.003267e+05	2.389804e+01	1.088935e+05	1.083352e+05	5.810792e+04	5.761542e+04	3.034292e+02	8.141685e+00	2020	9	9	6
	6642	2077	233.143526	16.961234	1.002999e+05	1.588043e+01	1.086417e+05	1.081581e+05	5.790550e+04	5.757175e+04	3.032892e+02	6.762863e+00	2020	9	9	12
	6621	2083	232.406396	16.750317	1.002184e+05	2.254696e+01	1.088966e+05	1.082960e+05	5.812203e+04	5.767067e+04	3.034729e+02	5.009267e+00	2020	9	9	18
	6594	2055	231.458658	17.734596	1.002845e+05	1.761745e+01	1.086092e+05	1.082881e+05	5.795393e+04	5.763391e+04	3.039813e+02	6.546489e+00	2020	9	10	0
	6563	2062	230.370515	17.488526	1.005816e+05	1.909775e+01	1.089456e+05	1.082938e+05	5.818421e+04	5.781907e+04	3.041006e+02	5.326677e+00	2020	9	10	6
	6540	2038	229.563183	18.332194	1.004345e+05	1.885482e+01	1.085635e+05	1.080882e+05	5.797119e+04	5.755380e+04	3.039196e+02	6.336917e+00	2020	9	10	12
	6504	2043	228.299532	18.156430	1.004562e+05	2.183930e+01	1.088178e+05	1.083876e+05	5.814463e+04	5.790116e+04	3.039394e+02	6.021004e+00	2020	9	10	18
	6470	2034	227.106084	18.472805	1.003989e+05	2.015139e+01	1.086206e+05	1.083518e+05	5.804153e+04	5.762714e+04	3.040021e+02	6.703372e+00	2020	9	11	0
	6434	2033	225.842434	18.507958	1.007340e+05	2.056848e+01	1.088296e+05	1.082615e+05	5.819872e+04	5.783691e+04	3.040627e+02	6.387037e+00	2020	9	11	6
	6395	2004	224.473479	19.527390	1.000623e+05	3.154280e+01	1.086125e+05	1.077505e+05	5.794841e+04	5.740459e+04	3.034639e+02	9.674662e+00	2020	9	11	12
	6379	2028	223.911856	18.683722	1.006940e+05	1.880677e+01	1.087348e+05	1.081811e+05	5.807624e+04	5.785108e+04	3.038120e+02	4.911477e+00	2020	9	11	18
start	79	2020	9	10	0
	5116	2060	179.578783	17.558832	1.002578e+05	1.563513e+01	1.089477e+05	1.084567e+05	5.801639e+04	5.754779e+04	3.061790e+02	1.767926e+01	2020	9	10	0
	5150	2040	180.772231	18.261888	1.001114e+05	1.587686e+01	1.091390e+05	1.084442e+05	5.805954e+04	5.750674e+04	3.059719e+02	2.238011e+01	2020	9	10	6
	5086	2058	178.525741	17.629138	1.001859e+05	1.773450e+01	1.089398e+05	1.085073e+05	5.796916e+04	5.751191e+04	3.059187e+02	2.749944e+01	2020	9	10	12
	5047	2032	177.156786	18.543111	1.000106e+05	2.364616e+01	1.089539e+05	1.084302e+05	5.792818e+04	5.746786e+04	3.056441e+02	2.402814e+01	2020	9	10	18
	5017	2061	176.103744	17.523679	1.000174e+05	1.940411e+01	1.089109e+05	1.084142e+05	5.798927e+04	5.736785e+04	3.056467e+02	2.402671e+01	2020	9	11	0
	5003	1997	175.612324	19.773460	1.001061e+05	1.505284e+01	1.088830e+05	1.085602e+05	5.801454e+04	5.748103e+04	3.053584e+02	1.617288e+01	2020	9	11	6
	5002	1977	175.577223	20.476516	1.003020e+05	1.597667e+01	1.091412e+05	1.084524e+05	5.812660e+04	5.757586e+04	3.047456e+02	2.913862e+01	2020	9	11	12
	4970	1988	174.453978	20.089835	1.000496e+05	1.518943e+01	1.089990e+05	1.082890e+05	5.795482e+04	5.740339e+04	3.047068e+02	2.355568e+01	2020	9	11	18
	4976	1963	174.664587	20.968655	1.001833e+05	1.617364e+01	1.090447e+05	1.086010e+05	5.806058e+04	5.759412e+04	3.046380e+02	2.039225e+01	2020	9	12	0
	4974	1938	174.594384	21.847476	1.001075e+05	1.650785e+01	1.089754e+05	1.084767e+05	5.797918e+04	5.748794e+04	3.047751e+02	2.094711e+01	2020	9	12	6
	4985	1913	174.980499	22.726296	9.997061e+04	2.641664e+01	1.090614e+05	1.084103e+05	5.805119e+04	5.757884e+04	3.045337e+02	3.339540e+01	2020	9	12	12
	4979	1897	174.769891	23.288741	9.990376e+04	1.964945e+01	1.091084e+05	1.078324e+05	5.796205e+04	5.742837e+04	3.041102e+02	3.361757e+01	2020	9	12	18
	4987	1881	175.050702	23.851186	9.967884e+04	1.869924e+01	1.089982e+05	1.080199e+05	5.795445e+04	5.738613e+04	3.038817e+02	2.410950e+01	2020	9	13	0
	4988	1873	175.085803	24.132409	9.974947e+04	1.868600e+01	1.089888e+05	1.080638e+05	5.787805e+04	5.739327e+04	3.037511e+02	2.071402e+01	2020	9	13	6
	4993	1853	175.261310	24.835465	9.980295e+04	2.363862e+01	1.090014e+05	1.080063e+05	5.800507e+04	5.733511e+04	3.035853e+02	3.336401e+01	2020	9	13	12
	5028	1841	176.489860	25.257299	9.951801e+04	2.216686e+01	1.088440e+05	1.079482e+05	5.787014e+04	5.724715e+04	3.036607e+02	2.695601e+01	2020	9	13	18
	5013	1846	175.963339	25.081535	9.946717e+04	2.259208e+01	1.090272e+05	1.080270e+05	5.803190e+04	5.727534e+04	3.037171e+02	1.864856e+01	2020	9	14	0
	5018	1834	176.138846	25.503369	9.940141e+04	2.509070e+01	1.090708e+05	1.079843e+05	5.795451e+04	5.720530e+04	3.036694e+02	1.201365e+01	2020	9	14	6
	5009	1842	175.822933	25.222146	9.963570e+04	2.016704e+01	1.092144e+05	1.081629e+05	5.803380e+04	5.736829e+04	3.035483e+02	1.970123e+01	2020	9	14	12
	5023	1834	176.314353	25.503369	9.952416e+04	2.395746e+01	1.089432e+05	1.080338e+05	5.786431e+04	5.727077e+04	3.036015e+02	1.527343e+01	2020	9	14	18
	5016	1852	176.068643	24.870618	9.964695e+04	2.008151e+01	1.090026e+05	1.081570e+05	5.797841e+04	5.735526e+04	3.038243e+02	1.015175e+01	2020	9	15	0
	5018	1860	176.138846	24.589395	9.967338e+04	1.895798e+01	1.089435e+05	1.079194e+05	5.807226e+04	5.713618e+04	3.039225e+02	1.339862e+01	2020	9	15	6
	5075	1881	178.139626	23.851186	9.921293e+04	3.067288e+01	1.089500e+05	1.073773e+05	5.797585e+04	5.689878e+04	3.038764e+02	2.116506e+01	2020	9	15	12
	5085	1915	178.490640	22.655991	9.915490e+04	2.483241e+01	1.088656e+05	1.078381e+05	5.786811e+04	5.678122e+04	3.041728e+02	1.957660e+01	2020	9	15	18
	5077	1931	178.209828	22.093545	9.927515e+04	2.367656e+01	1.088375e+05	1.077761e+05	5.803662e+04	5.658414e+04	3.041558e+02	1.707838e+01	2020	9	16	0
	5092	1964	178.736349	20.933502	9.855341e+04	2.404475e+01	1.089427e+05	1.080320e+05	5.792550e+04	5.665913e+04	3.042019e+02	2.335847e+01	2020	9	16	6
	5115	1988	179.543682	20.089835	9.858816e+04	2.660878e+01	1.088124e+05	1.079623e+05	5.789350e+04	5.669491e+04	3.047212e+02	2.936725e+01	2020	9	16	12
	5145	2024	180.596724	18.824333	9.825778e+04	3.105003e+01	1.087025e+05	1.078488e+05	5.766118e+04	5.647295e+04	3.047420e+02	3.342930e+01	2020	9	16	18
	5179	2024	181.790172	18.824333	9.813720e+04	2.680274e+01	1.087846e+05	1.079238e+05	5.768142e+04	5.637419e+04	3.047516e+02	3.532372e+01	2020	9	17	0
	5194	1998	182.316693	19.738307	9.757112e+04	3.496012e+01	1.087844e+05	1.076294e+05	5.762331e+04	5.633418e+04	3.045616e+02	3.151649e+01	2020	9	17	6
	5182	1993	181.895476	19.914071	9.789750e+04	2.857275e+01	1.086744e+05	1.078556e+05	5.755650e+04	5.637722e+04	3.042292e+02	3.452369e+01	2020	9	17	12
	5186	1978	182.035881	20.441363	9.738314e+04	2.593051e+01	1.087630e+05	1.077351e+05	5.759064e+04	5.599569e+04	3.039883e+02	3.020345e+01	2020	9	17	18
	5183	1955	181.930577	21.249878	9.743268e+04	3.007093e+01	1.088011e+05	1.078251e+05	5.769709e+04	5.590234e+04	3.040110e+02	2.650928e+01	2020	9	18	0
	5149	1943	180.737129	21.671712	9.614250e+04	3.689960e+01	1.089771e+05	1.077358e+05	5.763601e+04	5.520438e+04	3.039018e+02	2.062282e+01	2020	9	18	6
	5128	1940	180.000000	21.777170	9.679256e+04	2.962980e+01	1.088418e+05	1.079406e+05	5.770805e+04	5.583523e+04	3.036421e+02	2.642352e+01	2020	9	18	12
	5111	1926	179.403276	22.269310	9.663898e+04	2.784779e+01	1.087659e+05	1.076644e+05	5.761689e+04	5.532181e+04	3.032341e+02	2.529758e+01	2020	9	18	18
	5079	1908	178.280031	22.902060	9.659895e+04	2.976061e+01	1.088984e+05	1.076537e+05	5.772958e+04	5.539430e+04	3.029763e+02	2.382501e+01	2020	9	19	0
	5052	1905	177.332293	23.007519	9.639450e+04	3.042450e+01	1.088268e+05	1.077312e+05	5.765866e+04	5.557218e+04	3.029462e+02	2.426298e+01	2020	9	19	6
	5025	1899	176.384555	23.218436	9.638006e+04	3.481415e+01	1.088419e+05	1.077916e+05	5.767329e+04	5.535796e+04	3.028975e+02	2.930754e+01	2020	9	19	12
	4998	1895	175.436817	23.359047	9.594695e+04	2.924240e+01	1.087066e+05	1.076031e+05	5.753689e+04	5.499503e+04	3.034930e+02	2.115860e+01	2020	9	19	18
	4975	1890	174.629485	23.534811	9.621743e+04	2.983980e+01	1.088557e+05	1.076629e+05	5.756300e+04	5.508502e+04	3.035142e+02	1.754848e+01	2020	9	20	0
	4957	1879	173.997660	23.921492	9.598117e+04	3.230965e+01	1.087136e+05	1.074543e+05	5.751251e+04	5.486893e+04	3.034529e+02	1.421830e+01	2020	9	20	6
	4939	1869	173.365835	24.273020	9.609670e+04	3.189264e+01	1.087237e+05	1.075019e+05	5.755535e+04	5.488719e+04	3.033386e+02	1.955274e+01	2020	9	20	12
	4925	1852	172.874415	24.870618	9.610423e+04	3.232189e+01	1.086312e+05	1.073889e+05	5.749744e+04	5.481218e+04	3.032735e+02	1.796040e+01	2020	9	20	18
	4897	1831	171.891576	25.608827	9.587432e+04	3.469995e+01	1.087331e+05	1.074085e+05	5.756147e+04	5.475616e+04	3.035548e+02	1.256730e+01	2020	9	21	0
	4889	1814	171.610764	26.206425	9.527686e+04	4.610614e+01	1.087325e+05	1.072406e+05	5.763585e+04	5.444617e+04	3.035373e+02	1.555274e+01	2020	9	21	6
	4860	1792	170.592824	26.979787	9.585932e+04	3.791980e+01	1.088048e+05	1.075786e+05	5.773313e+04	5.488860e+04	3.032244e+02	1.784419e+01	2020	9	21	12
	4815	1789	169.013261	27.085245	9.585735e+04	4.142087e+01	1.088231e+05	1.075394e+05	5.769671e+04	5.486078e+04	3.030652e+02	1.276364e+01	2020	9	21	18
	4783	1783	167.890016	27.296162	9.567409e+04	4.093470e+01	1.089619e+05	1.075280e+05	5.779427e+04	5.488082e+04	3.029549e+02	8.795258e+00	2020	9	22	0
	4750	1776	166.731669	27.542232	9.589880e+04	3.634929e+01	1.090279e+05	1.073895e+05	5.778874e+04	5.476444e+04	3.029323e+02	1.095878e+01	2020	9	22	6
	4704	1775	165.117005	27.577385	9.612076e+04	3.554592e+01	1.091828e+05	1.077855e+05	5.786559e+04	5.497943e+04	3.026040e+02	1.389079e+01	2020	9	22	12
	4669	1766	163.888456	27.893760	9.600298e+04	3.664639e+01	1.091528e+05	1.077930e+05	5.780899e+04	5.487770e+04	3.025110e+02	1.062877e+01	2020	9	22	18
	4626	1755	162.379095	28.280441	9.608535e+04	3.300697e+01	1.093068e+05	1.079879e+05	5.791559e+04	5.501623e+04	3.024362e+02	8.786053e+00	2020	9	23	0
	4590	1738	161.115445	28.878039	9.602670e+04	3.236975e+01	1.092426e+05	1.079584e+05	5.782379e+04	5.503662e+04	3.023193e+02	6.983643e+00	2020	9	23	6
	4548	1729	159.641186	29.194414	9.646252e+04	3.058871e+01	1.092396e+05	1.081779e+05	5.781817e+04	5.529921e+04	3.020802e+02	8.280140e+00	2020	9	23	12
	4517	1716	158.553042	29.651401	9.664539e+04	2.723559e+01	1.090945e+05	1.082718e+05	5.768255e+04	5.536064e+04	3.013887e+02	7.429904e+00	2020	9	23	18
	4501	1707	157.991420	29.967776	9.707109e+04	2.534132e+01	1.090534e+05	1.084374e+05	5.770651e+04	5.562971e+04	3.014045e+02	7.353458e+00	2020	9	24	0
	4490	1698	157.605304	30.284152	9.713921e+04	2.379436e+01	1.089933e+05	1.084052e+05	5.764292e+04	5.563125e+04	3.013066e+02	8.063864e+00	2020	9	24	6
	4490	1693	157.605304	30.459916	9.747712e+04	2.372100e+01	1.090098e+05	1.085408e+05	5.771427e+04	5.586247e+04	3.009330e+02	8.473817e+00	2020	9	24	12
	4493	1691	157.710608	30.530221	9.766153e+04	2.261291e+01	1.089044e+05	1.084319e+05	5.763523e+04	5.600045e+04	3.008788e+02	7.997563e+00	2020	9	24	18
	4499	1690	157.921217	30.565374	9.804441e+04	2.118067e+01	1.090521e+05	1.086371e+05	5.783105e+04	5.628927e+04	3.008819e+02	7.802402e+00	2020	9	25	0
	4507	1697	158.202028	30.319305	9.810715e+04	2.256421e+01	1.089771e+05	1.084948e+05	5.772876e+04	5.630846e+04	3.010758e+02	8.124306e+00	2020	9	25	6
	4516	1700	158.517941	30.213846	9.841928e+04	2.103493e+01	1.090247e+05	1.085682e+05	5.786104e+04	5.647735e+04	3.011256e+02	5.525905e+00	2020	9	25	12
	4515	1708	158.482839	29.932624	9.859196e+04	1.724275e+01	1.088861e+05	1.083531e+05	5.780029e+04	5.649644e+04	3.013695e+02	6.216300e+00	2020	9	25	18
	4517	1720	158.553042	29.510790	9.892741e+04	1.782299e+01	1.090313e+05	1.086198e+05	5.795264e+04	5.670003e+04	3.014133e+02	3.295465e+00	2020	9	26	0
	4512	1727	158.377535	29.264720	9.903065e+04	1.673289e+01	1.089021e+05	1.085905e+05	5.788372e+04	5.684229e+04	3.015669e+02	6.200569e+00	2020	9	26	6
	4504	1732	158.096724	29.088956	9.927060e+04	2.192954e+01	1.089501e+05	1.086082e+05	5.798815e+04	5.698829e+04	3.022517e+02	7.005868e+00	2020	9	26	12
	4497	1726	157.851014	29.299873	9.929075e+04	1.733905e+01	1.087350e+05	1.084685e+05	5.785757e+04	5.696812e+04	3.016751e+02	4.473629e+00	2020	9	26	18
	4482	1742	157.324493	28.737428	9.954487e+04	1.611852e+01	1.088983e+05	1.085707e+05	5.799823e+04	5.714937e+04	3.029095e+02	3.882398e+00	2020	9	27	0
	4475	1748	157.078783	28.526511	9.950852e+04	1.709963e+01	1.087715e+05	1.084877e+05	5.789368e+04	5.721063e+04	3.032130e+02	5.779820e+00	2020	9	27	6
	4462	1757	156.622465	28.210136	9.972330e+04	2.085689e+01	1.089981e+05	1.085557e+05	5.801888e+04	5.723573e+04	3.033581e+02	8.839858e+00	2020	9	27	12
	4446	1762	156.060842	28.034371	9.962969e+04	1.882984e+01	1.087288e+05	1.083863e+05	5.788886e+04	5.722386e+04	3.033587e+02	8.000811e+00	2020	9	27	18
	4433	1752	155.604524	28.385900	9.981012e+04	1.646555e+01	1.088085e+05	1.084284e+05	5.801189e+04	5.735927e+04	3.030962e+02	4.582207e+00	2020	9	28	0
	4451	1774	156.236349	27.612538	9.952978e+04	2.438787e+01	1.090875e+05	1.085147e+05	5.791420e+04	5.715292e+04	3.036701e+02	6.227081e+00	2020	9	28	6
	4395	1751	154.270671	28.421052	9.979573e+04	1.981470e+01	1.090017e+05	1.084226e+05	5.805739e+04	5.752170e+04	3.030760e+02	7.080924e+00	2020	9	28	12
	4392	1747	154.165367	28.561664	9.977929e+04	1.611820e+01	1.087330e+05	1.082199e+05	5.793809e+04	5.744525e+04	3.030174e+02	4.057187e+00	2020	9	28	18
	4342	1748	152.410296	28.526511	1.000163e+05	1.687449e+01	1.087735e+05	1.081438e+05	5.800651e+04	5.767404e+04	3.036754e+02	3.068594e+00	2020	9	29	0
	4345	1763	152.515601	27.999219	9.992709e+04	1.429422e+01	1.086802e+05	1.080864e+05	5.787916e+04	5.756014e+04	3.038150e+02	5.281506e+00	2020	9	29	6
	4327	1749	151.883775	28.491358	1.000883e+05	1.552946e+01	1.089640e+05	1.080211e+05	5.800001e+04	5.761374e+04	3.037065e+02	4.783126e+00	2020	9	29	12
start	30	2020	9	11	0
	4631	2141	162.554602	14.711454	1.000910e+05	1.837897e+01	1.091670e+05	1.085019e+05	5.796633e+04	5.732483e+04	3.052396e+02	1.957563e+01	2020	9	11	0
	4751	2186	166.766771	13.129577	1.000290e+05	1.497544e+01	1.090215e+05	1.081740e+05	5.780093e+04	5.725154e+04	3.048661e+02	2.107582e+01	2020	9	11	6
	4756	2151	166.942278	14.359926	1.001465e+05	1.651605e+01	1.090107e+05	1.083953e+05	5.798747e+04	5.750041e+04	3.051338e+02	1.983349e+01	2020	9	11	12
	4740	2149	166.380655	14.430231	9.992070e+04	1.553602e+01	1.089135e+05	1.084636e+05	5.784254e+04	5.739397e+04	3.050760e+02	1.803414e+01	2020	9	11	18
	4719	2139	165.643526	14.781760	1.001563e+05	1.309054e+01	1.090379e+05	1.085072e+05	5.796722e+04	5.751333e+04	3.051521e+02	1.937074e+01	2020	9	12	0
	4656	2139	163.432137	14.781760	9.990874e+04	1.417861e+01	1.091208e+05	1.083106e+05	5.786482e+04	5.728481e+04	3.053702e+02	2.862154e+01	2020	9	12	6
	4661	2121	163.607644	15.414510	1.001829e+05	1.645737e+01	1.092824e+05	1.085279e+05	5.798332e+04	5.748794e+04	3.052092e+02	2.751188e+01	2020	9	12	12
	4643	2109	162.975819	15.836344	9.993530e+04	1.923355e+01	1.088966e+05	1.083447e+05	5.783742e+04	5.733838e+04	3.050925e+02	2.404215e+01	2020	9	12	18
	4646	2111	163.081123	15.766038	1.001291e+05	1.371208e+01	1.090717e+05	1.084356e+05	5.795569e+04	5.747432e+04	3.051381e+02	2.297095e+01	2020	9	13	0
	4644	2084	163.010920	16.715164	9.984662e+04	1.701182e+01	1.090100e+05	1.084942e+05	5.791997e+04	5.731720e+04	3.052792e+02	2.415307e+01	2020	9	13	6
	4612	2087	161.887676	16.609706	9.987489e+04	1.841896e+01	1.091096e+05	1.084637e+05	5.800315e+04	5.745503e+04	3.054411e+02	2.725306e+01	2020	9	13	12
	4613	2084	161.922777	16.715164	9.965694e+04	1.884549e+01	1.089061e+05	1.082751e+05	5.793212e+04	5.726759e+04	3.053259e+02	2.715362e+01	2020	9	13	18
	4617	2069	162.063183	17.242457	9.979726e+04	1.731055e+01	1.092657e+05	1.084642e+05	5.796054e+04	5.733082e+04	3.052556e+02	2.542936e+01	2020	9	14	0
	4605	2039	161.641966	18.297041	9.928733e+04	2.385921e+01	1.089075e+05	1.082776e+05	5.784221e+04	5.704273e+04	3.051887e+02	2.173846e+01	2020	9	14	6
	4627	1999	162.414197	19.703154	9.944493e+04	2.314670e+01	1.090309e+05	1.084444e+05	5.805911e+04	5.733546e+04	3.048223e+02	2.425535e+01	2020	9	14	12
	4642	1984	162.940718	20.230446	9.915228e+04	2.476552e+01	1.089367e+05	1.083719e+05	5.797170e+04	5.705081e+04	3.046279e+02	2.911168e+01	2020	9	14	18
	4631	1937	162.554602	21.882629	9.914445e+04	3.005476e+01	1.090650e+05	1.081665e+05	5.798579e+04	5.698795e+04	3.044281e+02	2.108842e+01	2020	9	15	0
	4629	1934	162.484399	21.988087	9.919635e+04	1.992452e+01	1.090589e+05	1.084275e+05	5.794632e+04	5.728628e+04	3.044247e+02	1.798470e+01	2020	9	15	6
	4643	1914	162.975819	22.691143	9.945373e+04	2.426028e+01	1.091711e+05	1.085775e+05	5.810870e+04	5.742664e+04	3.037163e+02	2.100165e+01	2020	9	15	12
	4628	1911	162.449298	22.796602	9.922571e+04	2.391073e+01	1.092203e+05	1.084413e+05	5.791474e+04	5.715047e+04	3.039375e+02	1.451477e+01	2020	9	15	18
	4621	1907	162.203588	22.937213	9.947864e+04	1.853952e+01	1.092056e+05	1.085643e+05	5.805614e+04	5.763813e+04	3.040361e+02	7.657258e+00	2020	9	16	0
	4624	1892	162.308892	23.464505	9.937380e+04	2.019738e+01	1.090903e+05	1.085007e+05	5.798652e+04	5.734368e+04	3.034868e+02	6.631366e+00	2020	9	16	6
	4600	1875	161.466459	24.062103	9.940726e+04	2.109040e+01	1.094759e+05	1.085178e+05	5.808347e+04	5.750278e+04	3.040273e+02	1.086952e+01	2020	9	16	12
	4559	1856	160.027301	24.730007	9.926726e+04	2.419009e+01	1.091227e+05	1.083093e+05	5.796103e+04	5.704468e+04	3.041116e+02	6.848838e+00	2020	9	16	18
	4554	1875	159.851794	24.062103	9.942523e+04	1.891835e+01	1.091960e+05	1.084856e+05	5.805708e+04	5.765062e+04	3.042380e+02	5.144287e+00	2020	9	17	0
	4538	1860	159.290172	24.589395	9.935601e+04	1.809069e+01	1.090753e+05	1.082982e+05	5.787404e+04	5.732368e+04	3.042760e+02	9.039971e+00	2020	9	17	6
	4519	1856	158.623245	24.730007	9.957496e+04	1.951746e+01	1.094056e+05	1.083031e+05	5.793641e+04	5.745072e+04	3.041481e+02	1.097582e+01	2020	9	17	12
	4502	1835	158.026521	25.468216	9.939585e+04	1.875312e+01	1.089394e+05	1.079754e+05	5.785690e+04	5.731275e+04	3.037780e+02	9.862676e+00	2020	9	17	18
	4458	1815	156.482059	26.171272	9.932697e+04	2.007487e+01	1.090003e+05	1.081386e+05	5.782754e+04	5.728335e+04	3.040245e+02	9.780691e+00	2020	9	18	0
	4464	1774	156.692668	27.612538	9.926929e+04	2.310165e+01	1.088591e+05	1.079909e+05	5.770198e+04	5.696254e+04	3.036558e+02	7.477372e+00	2020	9	18	6
start	13	2020	9	11	6
	7462	2327	261.926677	8.173030	1.008676e+05	1.242155e+01	1.086216e+05	1.082701e+05	5.796666e+04	5.770212e+04	3.035315e+02	1.832067e+01	2020	9	11	6
	7455	2314	261.680967	8.630017	1.006176e+05	1.554143e+01	1.085053e+05	1.080017e+05	5.785157e+04	5.750818e+04	3.035933e+02	2.262886e+01	2020	9	11	12
	7427	2304	260.698128	8.981545	1.007715e+05	1.809366e+01	1.086350e+05	1.081999e+05	5.799621e+04	5.766706e+04	3.043092e+02	1.496707e+01	2020	9	11	18
	7400	2282	259.750390	9.754907	1.003857e+05	1.401048e+01	1.085450e+05	1.081046e+05	5.788118e+04	5.750023e+04	3.045463e+02	9.435429e+00	2020	9	12	0
	7375	2277	258.872855	9.930671	1.007702e+05	1.418957e+01	1.088266e+05	1.083062e+05	5.805799e+04	5.778573e+04	3.044361e+02	1.831562e+01	2020	9	12	6
	7353	2276	258.100624	9.965824	1.003486e+05	1.673012e+01	1.085416e+05	1.081108e+05	5.790533e+04	5.754866e+04	3.043588e+02	1.978275e+01	2020	9	12	12
	7323	2255	257.047582	10.704033	1.007202e+05	1.382440e+01	1.087046e+05	1.083105e+05	5.808186e+04	5.780851e+04	3.043621e+02	1.332254e+01	2020	9	12	18
	7297	2245	256.134945	11.055561	1.005282e+05	1.435018e+01	1.085670e+05	1.081644e+05	5.794405e+04	5.758955e+04	3.046069e+02	9.278875e+00	2020	9	13	0
	7269	2238	255.152106	11.301631	1.008668e+05	1.405708e+01	1.088057e+05	1.083536e+05	5.822606e+04	5.783043e+04	3.045273e+02	1.560189e+01	2020	9	13	6
	7251	2237	254.520281	11.336783	1.005845e+05	1.497159e+01	1.085280e+05	1.080912e+05	5.806185e+04	5.758851e+04	3.044202e+02	2.512896e+01	2020	9	13	12
	7232	2245	253.853354	11.055561	1.008623e+05	1.248108e+01	1.088178e+05	1.083934e+05	5.809946e+04	5.777933e+04	3.044477e+02	1.895056e+01	2020	9	13	18
	7215	2241	253.256630	11.196172	1.005897e+05	1.607250e+01	1.086814e+05	1.080935e+05	5.790031e+04	5.749041e+04	3.045815e+02	1.479643e+01	2020	9	14	0
	7191	2218	252.414197	12.004687	1.008883e+05	1.331537e+01	1.086755e+05	1.082862e+05	5.808016e+04	5.781192e+04	3.043181e+02	1.008438e+01	2020	9	14	6
start	13	2020	9	12	6
	4055	2128	142.336193	15.168441	9.955698e+04	2.117061e+01	1.088359e+05	1.082058e+05	5.764411e+04	5.719384e+04	3.063302e+02	1.858164e+01	2020	9	12	6
	4083	2098	143.319033	16.223025	9.973823e+04	1.735475e+01	1.091195e+05	1.085257e+05	5.792533e+04	5.741331e+04	3.061539e+02	1.720007e+01	2020	9	12	12
	4097	2076	143.810452	16.996387	9.952311e+04	1.848450e+01	1.089997e+05	1.084424e+05	5.774899e+04	5.730518e+04	3.057025e+02	1.499071e+01	2020	9	12	18
	4110	2056	144.266771	17.699443	9.966595e+04	1.530948e+01	1.091561e+05	1.085427e+05	5.802142e+04	5.745970e+04	3.056891e+02	1.620067e+01	2020	9	13	0
	4111	2037	144.301872	18.367347	9.964601e+04	1.472966e+01	1.090319e+05	1.085268e+05	5.789038e+04	5.732035e+04	3.058469e+02	1.685120e+01	2020	9	13	6
	4096	2019	143.775351	19.000098	9.964356e+04	1.900198e+01	1.091739e+05	1.086978e+05	5.803409e+04	5.753689e+04	3.060127e+02	1.945701e+01	2020	9	13	12
	4070	2003	142.862715	19.562543	9.936962e+04	1.964981e+01	1.090964e+05	1.085855e+05	5.790211e+04	5.731451e+04	3.061854e+02	1.225336e+01	2020	9	13	18
	4049	1994	142.125585	19.878918	9.973187e+04	1.514047e+01	1.091502e+05	1.087291e+05	5.799582e+04	5.754669e+04	3.060984e+02	1.261612e+01	2020	9	14	0
	4026	1976	141.318253	20.511669	9.924827e+04	1.778049e+01	1.093109e+05	1.085995e+05	5.787080e+04	5.728966e+04	3.061530e+02	1.739025e+01	2020	9	14	6
	3986	1968	139.914197	20.792891	9.935328e+04	2.659411e+01	1.093829e+05	1.087231e+05	5.796400e+04	5.731766e+04	3.060523e+02	1.233624e+01	2020	9	14	12
	3972	1947	139.422777	21.531100	9.953990e+04	1.637480e+01	1.089575e+05	1.085202e+05	5.781364e+04	5.724357e+04	3.056409e+02	9.892424e+00	2020	9	14	18
	3925	1918	137.773011	22.550532	9.947706e+04	2.201834e+01	1.091792e+05	1.087300e+05	5.791622e+04	5.728429e+04	3.054509e+02	8.138833e+00	2020	9	15	0
	3896	1889	136.755070	23.569964	9.952584e+04	1.711484e+01	1.089406e+05	1.084472e+05	5.777706e+04	5.725473e+04	3.053403e+02	6.101088e+00	2020	9	15	6
start	11	2020	9	12	12
	3974	1880	139.492980	23.886339	9.876223e+04	3.289068e+01	1.089573e+05	1.081530e+05	5.778757e+04	5.694179e+04	3.046515e+02	1.829362e+01	2020	9	12	12
	3918	1876	137.527301	24.026950	9.855058e+04	2.239879e+01	1.089119e+05	1.082449e+05	5.773938e+04	5.690245e+04	3.047237e+02	1.162871e+01	2020	9	12	18
	3908	1851	137.176287	24.905771	9.911434e+04	2.413737e+01	1.092693e+05	1.084538e+05	5.789396e+04	5.723760e+04	3.044361e+02	1.132255e+01	2020	9	13	0
	3879	1828	136.158346	25.714286	9.865837e+04	2.940784e+01	1.089280e+05	1.080672e+05	5.785630e+04	5.666724e+04	3.041016e+02	1.267425e+01	2020	9	13	6
	3836	1823	134.648986	25.890050	9.916127e+04	2.124635e+01	1.092915e+05	1.085666e+05	5.792184e+04	5.732281e+04	3.040327e+02	1.183191e+01	2020	9	13	12
	3809	1826	133.701248	25.784591	9.916658e+04	1.962972e+01	1.089615e+05	1.084959e+05	5.775339e+04	5.728091e+04	3.041270e+02	9.409153e+00	2020	9	13	18
	3787	1810	132.929017	26.347036	9.941219e+04	2.423673e+01	1.091088e+05	1.084941e+05	5.784966e+04	5.732105e+04	3.041491e+02	6.261242e+00	2020	9	14	0
	3765	1807	132.156786	26.452495	9.927404e+04	1.578839e+01	1.088750e+05	1.083619e+05	5.774477e+04	5.741891e+04	3.043896e+02	3.569216e+00	2020	9	14	6
	3759	1804	131.946178	26.557953	9.951581e+04	1.628994e+01	1.093155e+05	1.085496e+05	5.791577e+04	5.732172e+04	3.043141e+02	5.972284e+00	2020	9	14	12
	3745	1734	131.454758	29.018650	9.949588e+04	2.050055e+01	1.094325e+05	1.075781e+05	5.773404e+04	5.712492e+04	3.040869e+02	1.177775e+01	2020	9	14	18
	3732	1753	130.998440	28.350747	9.943584e+04	2.342453e+01	1.091643e+05	1.076158e+05	5.783636e+04	5.716418e+04	3.041146e+02	8.645312e+00	2020	9	15	0
start	11	2020	9	15	0
	9047	1783	317.562402	27.296162	1.010075e+05	1.533277e+01	1.083780e+05	1.077809e+05	5.811449e+04	5.768241e+04	3.027643e+02	8.272571e+00	2020	9	15	0
	9067	1748	318.264431	28.526511	1.008771e+05	1.673931e+01	1.083395e+05	1.074517e+05	5.791527e+04	5.750984e+04	3.024477e+02	7.147267e+00	2020	9	15	6
	9226	1669	323.845554	31.303583	1.009620e+05	1.929269e+01	1.083021e+05	1.066017e+05	5.814686e+04	5.740355e+04	3.015748e+02	7.617818e+00	2020	9	15	12
	9271	1617	325.425117	33.131530	1.009831e+05	1.531087e+01	1.081105e+05	1.061512e+05	5.800754e+04	5.724208e+04	3.014070e+02	7.166119e+00	2020	9	15	18
	9313	1590	326.899376	34.080656	1.010420e+05	2.142607e+01	1.079510e+05	1.062527e+05	5.810234e+04	5.725016e+04	3.004195e+02	1.365072e+01	2020	9	16	0
	9199	1693	322.897816	30.459916	1.010982e+05	1.376945e+01	1.080888e+05	1.067581e+05	5.811900e+04	5.718133e+04	3.015895e+02	1.122878e+01	2020	9	16	6
	9277	1663	325.635725	31.514500	1.010654e+05	2.010482e+01	1.081941e+05	1.066198e+05	5.817470e+04	5.738148e+04	3.009919e+02	8.055577e+00	2020	9	16	12
	9317	1656	327.039782	31.760570	1.009546e+05	2.012911e+01	1.080534e+05	1.063930e+05	5.797467e+04	5.716841e+04	3.009756e+02	8.152948e+00	2020	9	16	18
	9392	1660	329.672387	31.619959	1.006426e+05	2.612621e+01	1.078640e+05	1.066141e+05	5.803252e+04	5.712819e+04	3.003687e+02	1.578583e+01	2020	9	17	0
	9440	1714	331.357254	29.721707	1.001812e+05	3.085513e+01	1.077483e+05	1.064386e+05	5.789653e+04	5.704901e+04	3.001168e+02	1.509162e+01	2020	9	17	6
	9446	1720	331.567863	29.510790	1.009578e+05	2.281321e+01	1.078939e+05	1.064173e+05	5.801800e+04	5.704542e+04	2.999799e+02	5.127755e+00	2020	9	17	12
start	45	2020	9	15	0
	3259	2085	114.395476	16.680012	1.000913e+05	1.560377e+01	1.090341e+05	1.083975e+05	5.796203e+04	5.752080e+04	3.039690e+02	1.478070e+01	2020	9	15	0
	3259	2112	114.395476	15.730886	9.997510e+04	1.642728e+01	1.088738e+05	1.083235e+05	5.780070e+04	5.742947e+04	3.041722e+02	1.125887e+01	2020	9	15	6
	3265	2133	114.606084	14.992676	9.994190e+04	1.474607e+01	1.088328e+05	1.083902e+05	5.781605e+04	5.752814e+04	3.041228e+02	8.246601e+00	2020	9	15	12
	3203	2152	112.429797	14.324773	9.987266e+04	1.958187e+01	1.087910e+05	1.083062e+05	5.779507e+04	5.745446e+04	3.041015e+02	2.319274e+01	2020	9	15	18
	3266	2143	114.641186	14.641148	9.998246e+04	1.687630e+01	1.088322e+05	1.082528e+05	5.782216e+04	5.739839e+04	3.038884e+02	2.084031e+01	2020	9	16	0
	3257	2137	114.325273	14.852065	9.980514e+04	1.718487e+01	1.090775e+05	1.081675e+05	5.774323e+04	5.726303e+04	3.041147e+02	2.006783e+01	2020	9	16	6
	3256	2144	114.290172	14.605995	1.000516e+05	1.442835e+01	1.088809e+05	1.084808e+05	5.785606e+04	5.746118e+04	3.040254e+02	1.118208e+01	2020	9	16	12
	3243	2168	113.833853	13.762328	1.000373e+05	1.193841e+01	1.088218e+05	1.082393e+05	5.781698e+04	5.739586e+04	3.038705e+02	1.975398e+01	2020	9	16	18
	3245	2168	113.904056	13.762328	1.000995e+05	1.689557e+01	1.088252e+05	1.083886e+05	5.788430e+04	5.739230e+04	3.037818e+02	1.763460e+01	2020	9	17	0
	3222	2135	113.096724	14.922371	9.994869e+04	2.171649e+01	1.088696e+05	1.079929e+05	5.779388e+04	5.724343e+04	3.040142e+02	1.173235e+01	2020	9	17	6
	3238	2155	113.658346	14.219314	1.000007e+05	2.041071e+01	1.090136e+05	1.082757e+05	5.793259e+04	5.748235e+04	3.039561e+02	8.015188e+00	2020	9	17	12
	3280	2144	115.132605	14.605995	1.001034e+05	1.439087e+01	1.088454e+05	1.085004e+05	5.790572e+04	5.754076e+04	3.038416e+02	7.659964e+00	2020	9	17	18
	3274	2154	114.921997	14.254467	1.001945e+05	1.640586e+01	1.089877e+05	1.085914e+05	5.802744e+04	5.759657e+04	3.037085e+02	1.251659e+01	2020	9	18	0
	3286	2126	115.343214	15.238746	1.000216e+05	1.629386e+01	1.091486e+05	1.084165e+05	5.786639e+04	5.740694e+04	3.040470e+02	1.558553e+01	2020	9	18	6
	3289	2081	115.448518	16.820623	1.000348e+05	2.112086e+01	1.092888e+05	1.085032e+05	5.794974e+04	5.745788e+04	3.039293e+02	1.214670e+01	2020	9	18	12
	3288	2117	115.413417	15.555121	9.992130e+04	1.697172e+01	1.088451e+05	1.084494e+05	5.793041e+04	5.749898e+04	3.037285e+02	8.812819e+00	2020	9	18	18
	3318	2097	116.466459	16.258178	1.001297e+05	1.846392e+01	1.091136e+05	1.086200e+05	5.801255e+04	5.750164e+04	3.038118e+02	1.181582e+01	2020	9	19	0
	3292	2093	115.553822	16.398789	9.977172e+04	2.256823e+01	1.090750e+05	1.083911e+05	5.784222e+04	5.725435e+04	3.037185e+02	1.715080e+01	2020	9	19	6
	3346	2092	117.449298	16.433942	1.000296e+05	1.717208e+01	1.092813e+05	1.086192e+05	5.796157e+04	5.754398e+04	3.039943e+02	9.996426e+00	2020	9	19	12
	3354	2085	117.730109	16.680012	9.986419e+04	1.615438e+01	1.090373e+05	1.084512e+05	5.787146e+04	5.754621e+04	3.038906e+02	7.593582e+00	2020	9	19	18
	3360	2067	117.940718	17.312762	1.002042e+05	2.105117e+01	1.089537e+05	1.085332e+05	5.798359e+04	5.764364e+04	3.038358e+02	1.198912e+01	2020	9	20	0
	3403	2078	119.450078	16.926081	9.994948e+04	2.045864e+01	1.089031e+05	1.082028e+05	5.791967e+04	5.746316e+04	3.041284e+02	1.877854e+01	2020	9	20	6
	3388	2059	118.923557	17.593985	1.000746e+05	2.448760e+01	1.091606e+05	1.083444e+05	5.794443e+04	5.755630e+04	3.040002e+02	1.428436e+01	2020	9	20	12
	3411	2063	119.730889	17.453374	9.962043e+04	2.425972e+01	1.086558e+05	1.080924e+05	5.777168e+04	5.726056e+04	3.042623e+02	1.598585e+01	2020	9	20	18
	3406	2093	119.555382	16.398789	1.000905e+05	1.696012e+01	1.088238e+05	1.083682e+05	5.797738e+04	5.741929e+04	3.036572e+02	1.765939e+01	2020	9	21	0
	3449	2104	121.064743	16.012108	1.000661e+05	1.553904e+01	1.087795e+05	1.081002e+05	5.774980e+04	5.720411e+04	3.055710e+02	1.568638e+01	2020	9	21	6
	3488	2115	122.433697	15.625427	9.999120e+04	2.311872e+01	1.088782e+05	1.081839e+05	5.795208e+04	5.739861e+04	3.050064e+02	7.189937e+00	2020	9	21	12
	3532	2128	123.978159	15.168441	9.984284e+04	1.907833e+01	1.086778e+05	1.081485e+05	5.782889e+04	5.736346e+04	3.045886e+02	7.183949e+00	2020	9	21	18
	3580	2132	125.663027	15.027829	1.000010e+05	2.133686e+01	1.089182e+05	1.082308e+05	5.797985e+04	5.744966e+04	3.046172e+02	1.070350e+01	2020	9	22	0
	3625	2146	127.242590	14.535690	9.961346e+04	2.508652e+01	1.086224e+05	1.080233e+05	5.773361e+04	5.719997e+04	3.047690e+02	1.368059e+01	2020	9	22	6
	3678	2157	129.102964	14.149009	9.990528e+04	1.815742e+01	1.087602e+05	1.082351e+05	5.793119e+04	5.748493e+04	3.044782e+02	1.165457e+01	2020	9	22	12
	3721	2160	130.612324	14.043550	9.978752e+04	1.866497e+01	1.087683e+05	1.082061e+05	5.778890e+04	5.740438e+04	3.043201e+02	1.044997e+01	2020	9	22	18
	3765	2165	132.156786	13.867786	1.002272e+05	1.411855e+01	1.090248e+05	1.084044e+05	5.800177e+04	5.763019e+04	3.040482e+02	1.455248e+01	2020	9	23	0
	3807	2156	133.631045	14.184162	9.981077e+04	2.040377e+01	1.088651e+05	1.082684e+05	5.775239e+04	5.739372e+04	3.045358e+02	1.555050e+01	2020	9	23	6
	3857	2147	135.386115	14.500537	1.000864e+05	1.731424e+01	1.091348e+05	1.083758e+05	5.795446e+04	5.758057e+04	3.044333e+02	1.123179e+01	2020	9	23	12
	3890	2143	136.544462	14.641148	1.000175e+05	1.773638e+01	1.087340e+05	1.082029e+05	5.775800e+04	5.742438e+04	3.041122e+02	1.491432e+01	2020	9	23	18
	3921	2136	137.632605	14.887218	1.002094e+05	1.711408e+01	1.089483e+05	1.084853e+05	5.794869e+04	5.761121e+04	3.042027e+02	1.424586e+01	2020	9	24	0
	3946	2124	138.510140	15.309052	1.000023e+05	1.748048e+01	1.087398e+05	1.083412e+05	5.773175e+04	5.744765e+04	3.046233e+02	1.191060e+01	2020	9	24	6
	3975	2109	139.528081	15.836344	1.003150e+05	1.505053e+01	1.089355e+05	1.085562e+05	5.802581e+04	5.771184e+04	3.046560e+02	8.302886e+00	2020	9	24	12
	4006	2093	140.616225	16.398789	1.000855e+05	1.673735e+01	1.089152e+05	1.085315e+05	5.788119e+04	5.743483e+04	3.045243e+02	9.399895e+00	2020	9	24	18
	4027	2082	141.353354	16.785470	1.004236e+05	1.563897e+01	1.091110e+05	1.087564e+05	5.808989e+04	5.773508e+04	3.044565e+02	1.210317e+01	2020	9	25	0
	4052	2065	142.230889	17.383068	1.000563e+05	1.770668e+01	1.089537e+05	1.084564e+05	5.805885e+04	5.762593e+04	3.048845e+02	7.741113e+00	2020	9	25	6
	4081	2054	143.248830	17.769749	1.004974e+05	1.563193e+01	1.092641e+05	1.087873e+05	5.817200e+04	5.788445e+04	3.045115e+02	4.091250e+00	2020	9	25	12
	4097	2051	143.810452	17.875207	1.001895e+05	1.737860e+01	1.090889e+05	1.086316e+05	5.801199e+04	5.768642e+04	3.043005e+02	6.212969e+00	2020	9	25	18
	4126	2038	144.828393	18.332194	1.002583e+05	1.672059e+01	1.093117e+05	1.089156e+05	5.817630e+04	5.777363e+04	3.041927e+02	5.354756e+00	2020	9	26	0
start	37	2020	9	22	12
	6493	2005	227.913417	19.492237	1.004446e+05	1.998746e+01	1.087115e+05	1.078197e+05	5.793766e+04	5.750960e+04	3.033376e+02	2.206828e+01	2020	9	22	12
	6491	2027	227.843214	18.718875	1.006613e+05	1.470577e+01	1.089955e+05	1.082446e+05	5.815219e+04	5.775650e+04	3.036266e+02	2.663190e+01	2020	9	22	18
	6466	2013	226.965679	19.211014	1.001157e+05	1.573958e+01	1.088932e+05	1.079780e+05	5.798723e+04	5.751916e+04	3.037552e+02	2.216528e+01	2020	9	23	0
	6476	2022	227.316693	18.894639	1.005706e+05	1.441978e+01	1.090036e+05	1.082394e+05	5.823517e+04	5.780446e+04	3.035906e+02	1.725081e+01	2020	9	23	6
	6498	1999	228.088924	19.703154	1.002641e+05	1.658541e+01	1.086531e+05	1.078959e+05	5.792122e+04	5.726282e+04	3.031721e+02	2.378641e+01	2020	9	23	12
	6544	1976	229.703588	20.511669	1.003163e+05	2.112989e+01	1.090362e+05	1.078567e+05	5.811819e+04	5.731872e+04	3.028270e+02	2.611913e+01	2020	9	23	18
	6546	1973	229.773791	20.617127	1.000993e+05	1.628628e+01	1.086108e+05	1.075958e+05	5.785842e+04	5.713128e+04	3.031584e+02	1.786439e+01	2020	9	24	0
	6545	1971	229.738690	20.687433	1.001001e+05	1.640260e+01	1.088345e+05	1.075442e+05	5.799628e+04	5.756557e+04	3.030377e+02	1.269952e+01	2020	9	24	6
	6628	1956	232.652106	21.214725	9.987325e+04	1.832128e+01	1.085371e+05	1.071479e+05	5.771667e+04	5.726797e+04	3.026047e+02	2.105755e+01	2020	9	24	12
	6628	1944	232.652106	21.636559	1.000304e+05	2.196319e+01	1.087494e+05	1.072557e+05	5.798658e+04	5.725509e+04	3.024099e+02	1.769010e+01	2020	9	24	18
	6635	1975	232.897816	20.546821	9.986767e+04	2.269379e+01	1.085306e+05	1.074116e+05	5.772447e+04	5.701105e+04	3.028844e+02	1.752362e+01	2020	9	25	0
	6672	1979	234.196568	20.406210	1.000125e+05	1.785322e+01	1.087757e+05	1.076008e+05	5.792714e+04	5.719416e+04	3.028519e+02	2.323213e+01	2020	9	25	6
	6669	1973	234.091264	20.617127	9.966268e+04	1.742901e+01	1.084802e+05	1.074388e+05	5.765265e+04	5.707755e+04	3.026540e+02	1.904400e+01	2020	9	25	12
	6728	1960	236.162246	21.074114	9.972981e+04	2.423752e+01	1.088671e+05	1.075642e+05	5.785565e+04	5.721799e+04	3.032682e+02	1.547399e+01	2020	9	25	18
	6707	1971	235.425117	20.687433	9.941730e+04	2.180920e+01	1.085733e+05	1.074903e+05	5.762736e+04	5.704043e+04	3.030367e+02	1.386109e+01	2020	9	26	0
	6707	2013	235.425117	19.211014	9.985622e+04	1.682121e+01	1.087336e+05	1.078373e+05	5.789223e+04	5.715704e+04	3.031998e+02	9.935528e+00	2020	9	26	6
	6740	2041	236.583463	18.226736	9.978442e+04	1.626369e+01	1.085474e+05	1.076001e+05	5.768177e+04	5.702262e+04	3.034176e+02	1.227006e+01	2020	9	26	12
	6821	1993	239.426677	19.914071	1.000788e+05	1.739097e+01	1.086888e+05	1.077139e+05	5.785015e+04	5.735676e+04	3.039709e+02	1.110705e+01	2020	9	26	18
	6785	2005	238.163027	19.492237	9.982034e+04	1.510013e+01	1.084916e+05	1.077005e+05	5.762644e+04	5.722814e+04	3.036745e+02	7.035107e+00	2020	9	27	0
	6793	2033	238.443838	18.507958	1.000632e+05	1.573611e+01	1.086904e+05	1.080506e+05	5.792396e+04	5.744695e+04	3.035396e+02	6.203593e+00	2020	9	27	6
	6813	2015	239.145866	19.140709	9.980049e+04	1.731583e+01	1.087901e+05	1.076346e+05	5.766688e+04	5.716327e+04	3.036739e+02	9.294132e+00	2020	9	27	12
	6873	2055	241.251950	17.734596	9.997579e+04	2.334366e+01	1.088317e+05	1.081520e+05	5.798501e+04	5.746214e+04	3.038174e+02	1.039033e+01	2020	9	27	18
	6862	2052	240.865835	17.840055	9.994134e+04	2.061040e+01	1.088751e+05	1.080912e+05	5.779984e+04	5.737193e+04	3.040410e+02	1.049072e+01	2020	9	28	0
	6941	1995	243.638846	19.843765	1.000381e+05	1.905341e+01	1.088604e+05	1.080561e+05	5.798586e+04	5.746162e+04	3.042766e+02	1.155631e+01	2020	9	28	6
	6927	1988	243.147426	20.089835	9.976755e+04	1.735602e+01	1.085776e+05	1.077210e+05	5.775271e+04	5.731405e+04	3.041309e+02	1.019018e+01	2020	9	28	12
	6943	2001	243.709048	19.632848	1.001333e+05	1.679436e+01	1.088228e+05	1.080072e+05	5.800575e+04	5.742821e+04	3.041353e+02	8.746719e+00	2020	9	28	18
	6970	1984	244.656786	20.230446	9.990486e+04	1.605952e+01	1.087196e+05	1.078884e+05	5.780032e+04	5.737770e+04	3.042292e+02	6.259165e+00	2020	9	29	0
	6990	1975	245.358814	20.546821	1.002031e+05	1.241060e+01	1.088870e+05	1.079666e+05	5.800488e+04	5.759747e+04	3.041422e+02	7.656333e+00	2020	9	29	6
	7009	1963	246.025741	20.968655	9.995118e+04	1.400400e+01	1.087182e+05	1.078578e+05	5.779203e+04	5.730032e+04	3.042289e+02	1.051974e+01	2020	9	29	12
	7023	1992	246.517161	19.949224	1.003090e+05	2.094343e+01	1.089921e+05	1.082224e+05	5.802361e+04	5.754834e+04	3.042749e+02	6.932877e+00	2020	9	29	18
	7041	1980	247.148986	20.371057	1.000914e+05	1.608518e+01	1.087967e+05	1.081354e+05	5.783149e+04	5.746852e+04	3.044828e+02	5.218392e+00	2020	9	30	0
	7065	1970	247.991420	20.722586	1.001611e+05	1.817377e+01	1.089789e+05	1.082655e+05	5.802539e+04	5.771757e+04	3.042474e+02	7.441473e+00	2020	9	30	6
	7068	1955	248.096724	21.249878	1.001016e+05	1.789381e+01	1.088738e+05	1.081013e+05	5.786993e+04	5.749262e+04	3.042988e+02	9.174382e+00	2020	9	30	12
	7056	1958	247.675507	21.144419	1.004856e+05	1.256152e+01	1.090344e+05	1.084100e+05	5.810171e+04	5.773240e+04	3.042191e+02	3.601137e+00	2020	9	30	18
	7052	1954	247.535101	21.285031	1.002606e+05	1.055802e+01	1.088329e+05	1.083751e+05	5.794996e+04	5.770475e+04	3.045385e+02	3.115493e+00	2020	10	1	0
	7044	1951	247.254290	21.390489	1.005427e+05	9.635042e+00	1.089778e+05	1.085222e+05	5.808871e+04	5.781755e+04	3.043514e+02	5.773264e+00	2020	10	1	6
	7034	1952	246.903276	21.355336	1.003464e+05	1.196538e+01	1.087337e+05	1.082740e+05	5.793993e+04	5.758764e+04	3.042178e+02	7.260701e+00	2020	10	1	12
start	36	2020	9	26	0
	5595	2168	196.392356	13.762328	1.004636e+05	1.944427e+01	1.087868e+05	1.082608e+05	5.794748e+04	5.740361e+04	3.043533e+02	2.487567e+01	2020	9	26	0
	5638	2140	197.901716	14.746607	1.003696e+05	2.225297e+01	1.086926e+05	1.082898e+05	5.794497e+04	5.740811e+04	3.045322e+02	2.235621e+01	2020	9	26	6
	5733	2128	201.236349	15.168441	1.005266e+05	1.742616e+01	1.086552e+05	1.082352e+05	5.793368e+04	5.751570e+04	3.044108e+02	2.462599e+01	2020	9	26	12
	5742	2133	201.552262	14.992676	1.003376e+05	1.876689e+01	1.089559e+05	1.081743e+05	5.797689e+04	5.750446e+04	3.042757e+02	3.300664e+01	2020	9	26	18
	5750	2146	201.833073	14.535690	1.003337e+05	1.935986e+01	1.087154e+05	1.082190e+05	5.782412e+04	5.723184e+04	3.045060e+02	3.753816e+01	2020	9	27	0
	5795	2117	203.412637	15.555121	1.004034e+05	2.230697e+01	1.087444e+05	1.082163e+05	5.799578e+04	5.755346e+04	3.044602e+02	2.756903e+01	2020	9	27	6
	5775	2130	202.710608	15.098135	1.003256e+05	1.822852e+01	1.086503e+05	1.081435e+05	5.786341e+04	5.741437e+04	3.041487e+02	2.582570e+01	2020	9	27	12
	5749	2077	201.797972	16.961234	1.001372e+05	2.129474e+01	1.087902e+05	1.081429e+05	5.796468e+04	5.752204e+04	3.041470e+02	2.686989e+01	2020	9	27	18
	5818	2111	204.219969	15.766038	9.998600e+04	2.855530e+01	1.086572e+05	1.082003e+05	5.782892e+04	5.733451e+04	3.042869e+02	3.391854e+01	2020	9	28	0
	5810	2078	203.939158	16.926081	9.993291e+04	2.271478e+01	1.087911e+05	1.082119e+05	5.801620e+04	5.736259e+04	3.039599e+02	2.303561e+01	2020	9	28	6
	5796	2130	203.447738	15.098135	9.994008e+04	2.210291e+01	1.087132e+05	1.082154e+05	5.788551e+04	5.721576e+04	3.037448e+02	2.746724e+01	2020	9	28	12
	5814	2099	204.079563	16.187872	9.993048e+04	2.357509e+01	1.089330e+05	1.082619e+05	5.796107e+04	5.728585e+04	3.037255e+02	2.643186e+01	2020	9	28	18
	5839	2087	204.957098	16.609706	9.960854e+04	2.174982e+01	1.086509e+05	1.080953e+05	5.779810e+04	5.717118e+04	3.039588e+02	2.691811e+01	2020	9	29	0
	5851	2090	205.378315	16.504248	9.945925e+04	2.962687e+01	1.089209e+05	1.082344e+05	5.796064e+04	5.725632e+04	3.040119e+02	2.616484e+01	2020	9	29	6
	5905	2078	207.273791	16.926081	9.745145e+04	4.909620e+01	1.086795e+05	1.075475e+05	5.781587e+04	5.576127e+04	3.039357e+02	2.838629e+01	2020	9	29	12
	5891	2080	206.782371	16.855776	9.887898e+04	3.261003e+01	1.091169e+05	1.081028e+05	5.794575e+04	5.714585e+04	3.037234e+02	2.331036e+01	2020	9	29	18
	5908	2072	207.379095	17.136998	9.888096e+04	2.398930e+01	1.088001e+05	1.079014e+05	5.782127e+04	5.714182e+04	3.035221e+02	2.487116e+01	2020	9	30	0
	5941	2051	208.537441	17.875207	9.861598e+04	2.955098e+01	1.088989e+05	1.078999e+05	5.797655e+04	5.702981e+04	3.034189e+02	3.046955e+01	2020	9	30	6
	5963	2059	209.309672	17.593985	9.911805e+04	2.773087e+01	1.086865e+05	1.078521e+05	5.783732e+04	5.699361e+04	3.033570e+02	2.793547e+01	2020	9	30	12
	6000	2032	210.608424	18.543111	9.937618e+04	3.001509e+01	1.089273e+05	1.076917e+05	5.803225e+04	5.684942e+04	3.030304e+02	2.700000e+01	2020	9	30	18
	6043	2013	212.117785	19.211014	9.868009e+04	3.360022e+01	1.087719e+05	1.072806e+05	5.776738e+04	5.629417e+04	3.028578e+02	2.774911e+01	2020	10	1	0
	6109	2009	214.434477	19.351626	9.931049e+04	3.813667e+01	1.088553e+05	1.078009e+05	5.804769e+04	5.662910e+04	3.025772e+02	2.782285e+01	2020	10	1	6
	6091	2037	213.802652	18.367347	9.951644e+04	2.561038e+01	1.086799e+05	1.076968e+05	5.783430e+04	5.638392e+04	3.026867e+02	2.745971e+01	2020	10	1	12
	6119	2018	214.785491	19.035250	9.917462e+04	2.812712e+01	1.088415e+05	1.075660e+05	5.802564e+04	5.686436e+04	3.023165e+02	2.576552e+01	2020	10	1	18
	6146	2023	215.733229	18.859486	9.927023e+04	2.709359e+01	1.086407e+05	1.074466e+05	5.780629e+04	5.683061e+04	3.024497e+02	2.209581e+01	2020	10	2	0
	6166	2022	216.435257	18.894639	9.950691e+04	2.666010e+01	1.087970e+05	1.074605e+05	5.797259e+04	5.688843e+04	3.024403e+02	1.934932e+01	2020	10	2	6
	6161	2024	216.259750	18.824333	9.935193e+04	2.586860e+01	1.085577e+05	1.072230e+05	5.779929e+04	5.705024e+04	3.021793e+02	1.806112e+01	2020	10	2	12
	6179	2023	216.891576	18.859486	9.969168e+04	1.995154e+01	1.087026e+05	1.073474e+05	5.797380e+04	5.731118e+04	3.022546e+02	1.301816e+01	2020	10	2	18
	6170	2018	216.575663	19.035250	9.918809e+04	2.584475e+01	1.084974e+05	1.072680e+05	5.772395e+04	5.693531e+04	3.022414e+02	1.488111e+01	2020	10	3	0
	6167	2022	216.470359	18.894639	9.952819e+04	2.290604e+01	1.086342e+05	1.074590e+05	5.785280e+04	5.712635e+04	3.021360e+02	1.743945e+01	2020	10	3	6
	6158	2016	216.154446	19.105556	9.894516e+04	3.048438e+01	1.084667e+05	1.073745e+05	5.765851e+04	5.663561e+04	3.020408e+02	1.430054e+01	2020	10	3	12
	6173	2024	216.680967	18.824333	9.949142e+04	2.617335e+01	1.087124e+05	1.073327e+05	5.785168e+04	5.685775e+04	3.020645e+02	1.043752e+01	2020	10	3	18
	6175	2004	216.751170	19.527390	9.941906e+04	2.401422e+01	1.083860e+05	1.072977e+05	5.762648e+04	5.676432e+04	3.020894e+02	1.458707e+01	2020	10	4	0
	6167	1991	216.470359	19.984376	9.958142e+04	2.901487e+01	1.086296e+05	1.069192e+05	5.785116e+04	5.686253e+04	3.019498e+02	1.301091e+01	2020	10	4	6
	6157	1988	216.119345	20.089835	9.959586e+04	2.766930e+01	1.084710e+05	1.072504e+05	5.770604e+04	5.673883e+04	3.018402e+02	1.018991e+01	2020	10	4	12
	6157	1973	216.119345	20.617127	1.000281e+05	1.890066e+01	1.086993e+05	1.076255e+05	5.792599e+04	5.719916e+04	3.018475e+02	7.388243e+00	2020	10	4	18
start	19	2020	9	28	6
	7771	1842	272.773011	25.222146	1.009398e+05	1.851459e+01	1.086486e+05	1.071502e+05	5.809107e+04	5.748847e+04	3.041927e+02	1.575843e+01	2020	9	28	6
	7724	1850	271.123245	24.940924	1.002483e+05	2.505112e+01	1.087251e+05	1.073496e+05	5.800664e+04	5.745000e+04	3.043577e+02	3.637061e+01	2020	9	28	12
	7627	1866	267.718409	24.378479	1.006628e+05	1.545607e+01	1.087612e+05	1.076479e+05	5.812519e+04	5.733511e+04	3.043703e+02	2.207666e+01	2020	9	28	18
	7607	1815	267.016381	26.171272	1.003174e+05	1.626105e+01	1.087177e+05	1.069545e+05	5.795576e+04	5.721874e+04	3.040500e+02	1.579866e+01	2020	9	29	0
	7740	1828	271.684867	25.714286	1.000961e+05	2.750679e+01	1.089008e+05	1.073087e+05	5.801757e+04	5.690022e+04	3.038036e+02	3.581905e+01	2020	9	29	6
	7738	1832	271.614665	25.573674	1.003132e+05	2.487353e+01	1.089249e+05	1.073622e+05	5.794342e+04	5.714154e+04	3.037304e+02	3.785348e+01	2020	9	29	12
	7744	1833	271.825273	25.538521	1.001466e+05	2.963956e+01	1.086132e+05	1.074059e+05	5.804768e+04	5.719346e+04	3.036691e+02	2.566103e+01	2020	9	29	18
	7739	1754	271.649766	28.315594	9.970842e+04	2.565163e+01	1.084849e+05	1.063391e+05	5.782902e+04	5.668962e+04	3.036510e+02	2.157359e+01	2020	9	30	0
	7799	1721	273.755850	29.475637	9.945086e+04	3.246301e+01	1.083434e+05	1.060504e+05	5.782216e+04	5.668134e+04	3.034996e+02	3.301745e+01	2020	9	30	6
	7822	1721	274.563183	29.475637	9.947573e+04	2.565818e+01	1.083075e+05	1.058653e+05	5.777206e+04	5.654897e+04	3.033107e+02	4.112606e+01	2020	9	30	12
	7890	1691	276.950078	30.530221	9.948103e+04	2.577959e+01	1.082570e+05	1.058042e+05	5.773453e+04	5.648488e+04	3.028949e+02	3.412543e+01	2020	9	30	18
	7989	1654	280.425117	31.830876	9.952984e+04	2.466175e+01	1.082496e+05	1.059184e+05	5.774932e+04	5.644485e+04	3.033982e+02	3.325869e+01	2020	10	1	0
	8042	1604	282.285491	33.588517	9.900230e+04	2.778565e+01	1.081480e+05	1.055189e+05	5.763053e+04	5.616945e+04	3.028089e+02	3.675058e+01	2020	10	1	6
	8132	1563	285.444618	35.029782	9.872695e+04	3.692304e+01	1.081078e+05	1.054071e+05	5.758396e+04	5.552805e+04	3.025087e+02	4.507286e+01	2020	10	1	12
	8204	1497	287.971919	37.349868	9.878550e+04	3.301917e+01	1.079779e+05	1.050522e+05	5.743011e+04	5.568391e+04	3.021516e+02	3.816822e+01	2020	10	1	18
	8235	1478	289.060062	38.017771	9.851396e+04	2.877240e+01	1.079757e+05	1.046306e+05	5.737585e+04	5.557362e+04	3.017390e+02	2.822902e+01	2020	10	2	0
	8401	1391	294.886895	41.076067	9.841706e+04	2.846787e+01	1.076578e+05	1.039793e+05	5.716695e+04	5.504083e+04	3.010645e+02	3.408049e+01	2020	10	2	6
	8488	1335	297.940718	43.044624	9.769513e+04	3.461840e+01	1.073810e+05	1.029190e+05	5.690170e+04	5.447061e+04	2.999595e+02	3.291912e+01	2020	10	2	12
	8605	1275	302.047582	45.153793	9.717470e+04	2.759796e+01	1.068372e+05	1.021970e+05	5.643117e+04	5.380608e+04	2.974646e+02	3.345726e+01	2020	10	2	18
start	29	2020	10	1	0
	5402	2182	189.617785	13.270188	1.003384e+05	2.208293e+01	1.091309e+05	1.085220e+05	5.800361e+04	5.759616e+04	3.045148e+02	2.769362e+01	2020	10	1	0
	5473	2138	192.109984	14.816912	1.001534e+05	2.162206e+01	1.090060e+05	1.084015e+05	5.807542e+04	5.754391e+04	3.049229e+02	2.155873e+01	2020	10	1	6
	5477	2114	192.250390	15.660580	1.003791e+05	1.600963e+01	1.089018e+05	1.082697e+05	5.801958e+04	5.769580e+04	3.045964e+02	1.387047e+01	2020	10	1	12
	5458	2108	191.583463	15.871497	1.004033e+05	1.616746e+01	1.090297e+05	1.084522e+05	5.804214e+04	5.764821e+04	3.044539e+02	1.832870e+01	2020	10	1	18
	5429	2170	190.565523	13.692022	1.003406e+05	1.759496e+01	1.091336e+05	1.083643e+05	5.804088e+04	5.756848e+04	3.045346e+02	2.125852e+01	2020	10	2	0
	5434	2146	190.741030	14.535690	1.004022e+05	1.654964e+01	1.090531e+05	1.084929e+05	5.804368e+04	5.770096e+04	3.046552e+02	1.609680e+01	2020	10	2	6
	5468	2128	191.934477	15.168441	1.003991e+05	1.625913e+01	1.089452e+05	1.083412e+05	5.800094e+04	5.756912e+04	3.044522e+02	2.160069e+01	2020	10	2	12
	5467	2105	191.899376	15.976955	1.001525e+05	2.008360e+01	1.088932e+05	1.082164e+05	5.804879e+04	5.748728e+04	3.043940e+02	2.267019e+01	2020	10	2	18
	5443	2079	191.056942	16.890929	1.000182e+05	1.996541e+01	1.089352e+05	1.081168e+05	5.802582e+04	5.744325e+04	3.046607e+02	2.565803e+01	2020	10	3	0
	5406	2080	189.758190	16.855776	1.000649e+05	2.078136e+01	1.089768e+05	1.081849e+05	5.797991e+04	5.751046e+04	3.047285e+02	2.553198e+01	2020	10	3	6
	5390	2067	189.196568	17.312762	1.001165e+05	2.170933e+01	1.088079e+05	1.080215e+05	5.803889e+04	5.740273e+04	3.044902e+02	2.925689e+01	2020	10	3	12
	5390	2056	189.196568	17.699443	1.000178e+05	1.996341e+01	1.087921e+05	1.079491e+05	5.791300e+04	5.744043e+04	3.043992e+02	2.370418e+01	2020	10	3	18
	5368	2043	188.424337	18.156430	9.978880e+04	2.039583e+01	1.087068e+05	1.079318e+05	5.780931e+04	5.731157e+04	3.046596e+02	1.941060e+01	2020	10	4	0
	5340	2030	187.441498	18.613417	9.993072e+04	1.843979e+01	1.086686e+05	1.079372e+05	5.778303e+04	5.723815e+04	3.045560e+02	2.153429e+01	2020	10	4	6
	5287	2063	185.581123	17.453374	9.973666e+04	1.831290e+01	1.087333e+05	1.081388e+05	5.781604e+04	5.724404e+04	3.043998e+02	2.007305e+01	2020	10	4	12
	5300	2072	186.037441	17.136998	9.979641e+04	1.662420e+01	1.085848e+05	1.079633e+05	5.772391e+04	5.732618e+04	3.042666e+02	1.755302e+01	2020	10	4	18
	5300	2065	186.037441	17.383068	9.982328e+04	1.600267e+01	1.088495e+05	1.080980e+05	5.772085e+04	5.731232e+04	3.045298e+02	1.687410e+01	2020	10	5	0
	5324	2062	186.879875	17.488526	9.958399e+04	2.306859e+01	1.086327e+05	1.078788e+05	5.774545e+04	5.723467e+04	3.045455e+02	2.853400e+01	2020	10	5	6
	5280	2066	185.335413	17.347915	9.984623e+04	2.056727e+01	1.087462e+05	1.079369e+05	5.778919e+04	5.719947e+04	3.044484e+02	3.184004e+01	2020	10	5	12
	5231	2038	183.615445	18.332194	9.974526e+04	1.735397e+01	1.087970e+05	1.080057e+05	5.781288e+04	5.724030e+04	3.044061e+02	2.145157e+01	2020	10	5	18
	5193	2066	182.281591	17.347915	9.975645e+04	1.597336e+01	1.089556e+05	1.081290e+05	5.789344e+04	5.733202e+04	3.047006e+02	2.240674e+01	2020	10	6	0
	5238	2018	183.861154	19.035250	9.977209e+04	2.867180e+01	1.089996e+05	1.082217e+05	5.796564e+04	5.737004e+04	3.044042e+02	2.788817e+01	2020	10	6	6
	5114	2046	179.508580	18.050971	9.986867e+04	1.825545e+01	1.089779e+05	1.083871e+05	5.799718e+04	5.740203e+04	3.044558e+02	1.628419e+01	2020	10	6	12
	5169	1965	181.439158	20.898350	9.976679e+04	3.100711e+01	1.089370e+05	1.083297e+05	5.816948e+04	5.731374e+04	3.035752e+02	1.525452e+01	2020	10	6	18
	5094	2059	178.806552	17.593985	9.985860e+04	1.770299e+01	1.089056e+05	1.084275e+05	5.798933e+04	5.740989e+04	3.044919e+02	2.280845e+01	2020	10	7	0
	5092	2016	178.736349	19.105556	9.988877e+04	2.402142e+01	1.091156e+05	1.083585e+05	5.805128e+04	5.750169e+04	3.042838e+02	2.201311e+01	2020	10	7	6
	5047	1988	177.156786	20.089835	9.999895e+04	2.604489e+01	1.089836e+05	1.082722e+05	5.820777e+04	5.756599e+04	3.038591e+02	1.482164e+01	2020	10	7	12
	5061	1970	177.648206	20.722586	9.968028e+04	2.780949e+01	1.089284e+05	1.083542e+05	5.817654e+04	5.737429e+04	3.036476e+02	1.707443e+01	2020	10	7	18
	4961	2006	174.138066	19.457084	1.000769e+05	1.605278e+01	1.089070e+05	1.085000e+05	5.811504e+04	5.752015e+04	3.041121e+02	1.140462e+01	2020	10	8	0
start	21	2020	10	24	12
	4420	2184	155.148206	13.199883	1.005477e+05	1.475180e+01	1.089655e+05	1.083983e+05	5.811041e+04	5.762219e+04	3.053861e+02	2.783234e+01	2020	10	24	12
	4450	2129	156.201248	15.133288	1.003779e+05	1.793541e+01	1.088367e+05	1.081936e+05	5.800321e+04	5.748396e+04	3.048733e+02	2.112931e+01	2020	10	24	18
	4409	2117	154.762090	15.555121	1.003818e+05	1.776557e+01	1.092219e+05	1.085182e+05	5.821967e+04	5.772400e+04	3.048151e+02	9.456548e+00	2020	10	25	0
	4366	2099	153.252730	16.187872	1.000591e+05	1.865479e+01	1.088318e+05	1.083776e+05	5.812129e+04	5.749018e+04	3.050990e+02	1.003207e+01	2020	10	25	6
	4318	2085	151.567863	16.680012	9.984117e+04	2.315306e+01	1.090514e+05	1.085145e+05	5.827375e+04	5.758022e+04	3.050895e+02	1.658048e+01	2020	10	25	12
	4275	2072	150.058502	17.136998	9.910622e+04	3.202496e+01	1.088874e+05	1.082972e+05	5.817819e+04	5.735966e+04	3.051085e+02	1.835051e+01	2020	10	25	18
	4226	2053	148.338534	17.804902	9.885927e+04	3.614999e+01	1.091271e+05	1.086388e+05	5.839797e+04	5.740489e+04	3.051212e+02	9.441471e+00	2020	10	26	0
	4177	2036	146.618565	18.402500	9.787964e+04	4.327505e+01	1.088986e+05	1.083381e+05	5.821005e+04	5.675425e+04	3.049151e+02	1.049731e+01	2020	10	26	6
	4129	2020	144.933697	18.964945	9.754683e+04	4.848584e+01	1.091841e+05	1.082515e+05	5.833801e+04	5.643223e+04	3.047918e+02	1.693075e+01	2020	10	26	12
	4086	2016	143.424337	19.105556	9.695937e+04	4.410862e+01	1.089913e+05	1.079273e+05	5.818523e+04	5.584254e+04	3.046168e+02	1.466230e+01	2020	10	26	18
	4054	2005	142.301092	19.492237	9.707830e+04	4.687521e+01	1.089422e+05	1.078064e+05	5.833947e+04	5.584502e+04	3.044861e+02	1.043549e+01	2020	10	27	0
	4026	1984	141.318253	20.230446	9.603833e+04	5.061363e+01	1.087596e+05	1.071188e+05	5.811992e+04	5.516004e+04	3.046238e+02	8.628654e+00	2020	10	27	6
	4004	1962	140.546022	21.003808	9.628760e+04	5.404779e+01	1.088907e+05	1.079789e+05	5.827213e+04	5.572537e+04	3.043805e+02	6.253267e+00	2020	10	27	12
	3983	1939	139.808892	21.812323	9.591202e+04	4.983118e+01	1.088262e+05	1.079008e+05	5.807418e+04	5.565562e+04	3.042097e+02	1.237545e+01	2020	10	27	18
	3976	1918	139.563183	22.550532	9.670100e+04	4.795961e+01	1.089753e+05	1.082067e+05	5.830279e+04	5.620337e+04	3.041527e+02	1.168306e+01	2020	10	28	0
	3976	1900	139.563183	23.183283	9.616585e+04	4.771738e+01	1.086271e+05	1.078382e+05	5.804795e+04	5.568453e+04	3.041462e+02	1.078703e+01	2020	10	28	6
	3986	1885	139.914197	23.710575	9.809777e+04	3.437799e+01	1.088038e+05	1.080596e+05	5.819667e+04	5.706671e+04	3.036931e+02	1.035291e+01	2020	10	28	12
	3987	1870	139.949298	24.237867	9.898949e+04	2.747168e+01	1.086669e+05	1.076505e+05	5.799036e+04	5.725712e+04	3.035938e+02	6.452858e+00	2020	10	28	18
	3987	1860	139.949298	24.589395	9.968423e+04	2.773522e+01	1.090504e+05	1.076888e+05	5.824632e+04	5.743338e+04	3.034535e+02	3.922555e+00	2020	10	29	0
	3976	1853	139.563183	24.835465	9.978126e+04	1.939548e+01	1.087044e+05	1.074120e+05	5.805880e+04	5.740602e+04	3.033181e+02	4.668662e+00	2020	10	29	6
	3972	1854	139.422777	24.800312	1.003439e+05	1.724437e+01	1.086501e+05	1.075675e+05	5.818484e+04	5.750781e+04	3.032010e+02	3.343688e+00	2020	10	29	12
start	21	2020	10	26	12
	6918	2366	242.831513	6.802070	1.003920e+05	2.147453e+01	1.084085e+05	1.079823e+05	5.772731e+04	5.730403e+04	3.031082e+02	3.256892e+01	2020	10	26	12
	6907	2350	242.445398	7.364515	1.007483e+05	1.664776e+01	1.087656e+05	1.083155e+05	5.796862e+04	5.761957e+04	3.031412e+02	3.179737e+01	2020	10	26	18
	6880	2337	241.497660	7.821502	1.004609e+05	1.853068e+01	1.083912e+05	1.081155e+05	5.773280e+04	5.739236e+04	3.033878e+02	2.943586e+01	2020	10	27	0
	6928	2308	243.182527	8.840933	1.007448e+05	1.466596e+01	1.087565e+05	1.083073e+05	5.794882e+04	5.761586e+04	3.031289e+02	2.871899e+01	2020	10	27	6
	6862	2308	240.865835	8.840933	1.003666e+05	2.109775e+01	1.084762e+05	1.080123e+05	5.776795e+04	5.738172e+04	3.030778e+02	3.884126e+01	2020	10	27	12
	6773	2333	237.741810	7.962113	1.006825e+05	2.129490e+01	1.086849e+05	1.082942e+05	5.800186e+04	5.769209e+04	3.031754e+02	3.456731e+01	2020	10	27	18
	6771	2319	237.671607	8.454252	1.004722e+05	1.641899e+01	1.084050e+05	1.080783e+05	5.778664e+04	5.742033e+04	3.033376e+02	2.459356e+01	2020	10	28	0
	6778	2291	237.917317	9.438531	1.007642e+05	1.502221e+01	1.086706e+05	1.083789e+05	5.808312e+04	5.774521e+04	3.032039e+02	2.081801e+01	2020	10	28	6
	6766	2274	237.496100	10.036129	1.005752e+05	1.763203e+01	1.084718e+05	1.081553e+05	5.777438e+04	5.749743e+04	3.031176e+02	2.461650e+01	2020	10	28	12
	6744	2283	236.723869	9.719754	1.008743e+05	1.413708e+01	1.087463e+05	1.084676e+05	5.806224e+04	5.785688e+04	3.031520e+02	2.386383e+01	2020	10	28	18
	6708	2267	235.460218	10.282199	1.005071e+05	1.425539e+01	1.085029e+05	1.082529e+05	5.783590e+04	5.750690e+04	3.034829e+02	2.973917e+01	2020	10	29	0
	6680	2275	234.477379	10.000976	1.008760e+05	1.384223e+01	1.088618e+05	1.083459e+05	5.802335e+04	5.775526e+04	3.034526e+02	3.056952e+01	2020	10	29	6
	6663	2275	233.880655	10.000976	1.006641e+05	1.719024e+01	1.084769e+05	1.082215e+05	5.791762e+04	5.755034e+04	3.034036e+02	2.654192e+01	2020	10	29	12
	6626	2309	232.581903	8.805781	1.009765e+05	1.677623e+01	1.087543e+05	1.083270e+05	5.813685e+04	5.782963e+04	3.034301e+02	2.217857e+01	2020	10	29	18
	6605	2303	231.844774	9.016698	1.005225e+05	1.380102e+01	1.085277e+05	1.081898e+05	5.786502e+04	5.749009e+04	3.039376e+02	1.689647e+01	2020	10	30	0
	6650	2252	233.424337	10.809491	1.009466e+05	1.534310e+01	1.088324e+05	1.084447e+05	5.809687e+04	5.782088e+04	3.032027e+02	2.361548e+01	2020	10	30	6
	6586	2281	231.177847	9.790060	1.006118e+05	1.482062e+01	1.085609e+05	1.081331e+05	5.788342e+04	5.755533e+04	3.036892e+02	2.700550e+01	2020	10	30	12
	6597	2268	231.563963	10.247046	1.009791e+05	1.630573e+01	1.088404e+05	1.085012e+05	5.813651e+04	5.784553e+04	3.033262e+02	2.578160e+01	2020	10	30	18
	6576	2263	230.826833	10.422810	1.005207e+05	1.674811e+01	1.085768e+05	1.082108e+05	5.790735e+04	5.757399e+04	3.035096e+02	2.090206e+01	2020	10	31	0
	6611	2259	232.055382	10.563421	1.008909e+05	1.777497e+01	1.087497e+05	1.084773e+05	5.809467e+04	5.779155e+04	3.031863e+02	2.669816e+01	2020	10	31	6
	6505	2280	228.334633	9.825212	1.006509e+05	1.675208e+01	1.084538e+05	1.081665e+05	5.788072e+04	5.752661e+04	3.039089e+02	2.560728e+01	2020	10	31	12
start	33	2020	10	27	0
	2764	2282	97.020281	9.754907	1.004877e+05	1.683878e+01	1.087950e+05	1.082343e+05	5.789588e+04	5.753408e+04	3.042924e+02	1.990131e+01	2020	10	27	0
	2730	2312	95.826833	8.700322	1.006580e+05	1.339663e+01	1.086844e+05	1.081256e+05	5.788816e+04	5.760591e+04	3.038607e+02	2.722697e+01	2020	10	27	6
	2724	2283	95.616225	9.719754	1.005524e+05	1.359286e+01	1.085991e+05	1.083344e+05	5.789969e+04	5.751555e+04	3.040595e+02	2.300147e+01	2020	10	27	12
	2742	2303	96.248050	9.016698	1.006375e+05	1.669817e+01	1.087229e+05	1.081713e+05	5.794618e+04	5.758488e+04	3.038937e+02	3.364969e+01	2020	10	27	18
	2727	2322	95.721529	8.348794	1.004714e+05	1.663335e+01	1.085322e+05	1.080001e+05	5.785072e+04	5.738155e+04	3.038039e+02	3.427708e+01	2020	10	28	0
	2731	2284	95.861934	9.684601	1.004377e+05	1.766636e+01	1.085880e+05	1.081908e+05	5.783766e+04	5.737316e+04	3.038982e+02	2.855109e+01	2020	10	28	6
	2690	2277	94.422777	9.930671	1.002310e+05	1.768629e+01	1.085149e+05	1.082161e+05	5.781636e+04	5.742728e+04	3.039495e+02	2.606129e+01	2020	10	28	12
	2637	2295	92.562402	9.297920	1.001090e+05	2.480243e+01	1.085964e+05	1.081617e+05	5.796996e+04	5.735316e+04	3.039792e+02	4.769287e+01	2020	10	28	18
	2668	2276	93.650546	9.965824	9.992777e+04	2.816742e+01	1.085312e+05	1.079336e+05	5.781684e+04	5.716993e+04	3.038705e+02	3.877173e+01	2020	10	29	0
	2627	2256	92.211388	10.668880	9.995073e+04	2.217680e+01	1.086470e+05	1.081388e+05	5.784232e+04	5.724663e+04	3.040616e+02	3.688782e+01	2020	10	29	6
	2620	2262	91.965679	10.457963	9.936697e+04	2.842400e+01	1.085331e+05	1.079889e+05	5.777880e+04	5.708854e+04	3.039556e+02	3.768298e+01	2020	10	29	12
	2623	2215	92.070983	12.110145	9.953476e+04	3.005452e+01	1.085459e+05	1.080283e+05	5.787474e+04	5.702904e+04	3.040181e+02	4.268572e+01	2020	10	29	18
	2586	2216	90.772231	12.074993	9.890548e+04	2.393336e+01	1.084948e+05	1.079209e+05	5.781629e+04	5.699734e+04	3.041426e+02	4.244459e+01	2020	10	30	0
	2567	2202	90.105304	12.567132	9.886570e+04	2.855281e+01	1.085232e+05	1.079135e+05	5.783319e+04	5.684817e+04	3.040779e+02	3.959418e+01	2020	10	30	6
	2558	2192	89.789392	12.918660	9.838265e+04	3.372432e+01	1.085181e+05	1.075596e+05	5.791227e+04	5.651605e+04	3.039913e+02	3.360854e+01	2020	10	30	12
	2546	2179	89.368175	13.375647	9.712848e+04	4.099370e+01	1.086502e+05	1.075330e+05	5.791210e+04	5.578030e+04	3.040232e+02	4.196685e+01	2020	10	30	18
	2528	2165	88.736349	13.867786	9.504485e+04	5.905870e+01	1.084189e+05	1.066760e+05	5.782179e+04	5.431257e+04	3.039613e+02	4.235545e+01	2020	10	31	0
	2514	2145	88.244930	14.570843	9.387241e+04	6.599934e+01	1.085732e+05	1.063108e+05	5.785481e+04	5.373331e+04	3.040258e+02	3.458255e+01	2020	10	31	6
	2514	2128	88.244930	15.168441	9.325214e+04	6.770250e+01	1.086261e+05	1.063098e+05	5.785166e+04	5.335154e+04	3.040862e+02	2.427442e+01	2020	10	31	12
	2513	2110	88.209828	15.801191	9.284716e+04	6.548538e+01	1.085890e+05	1.061730e+05	5.797705e+04	5.335280e+04	3.041115e+02	3.234683e+01	2020	10	31	18
	2520	2090	88.455538	16.504248	9.295651e+04	7.057363e+01	1.085626e+05	1.063452e+05	5.789602e+04	5.346789e+04	3.042909e+02	3.225644e+01	2020	11	1	0
	2528	2075	88.736349	17.031540	9.312622e+04	6.838171e+01	1.086702e+05	1.065901e+05	5.792115e+04	5.378519e+04	3.042101e+02	2.508738e+01	2020	11	1	6
	2541	2060	89.192668	17.558832	9.418455e+04	6.420569e+01	1.087511e+05	1.069836e+05	5.802878e+04	5.468213e+04	3.040863e+02	2.174013e+01	2020	11	1	12
	2551	2047	89.543682	18.015819	9.587920e+04	5.458310e+01	1.088566e+05	1.077534e+05	5.805157e+04	5.569722e+04	3.041578e+02	2.380480e+01	2020	11	1	18
	2564	2038	90.000000	18.332194	9.599419e+04	5.447114e+01	1.086159e+05	1.074929e+05	5.798684e+04	5.537068e+04	3.046755e+02	1.972595e+01	2020	11	2	0
	2571	2043	90.245710	18.156430	9.827080e+04	3.008558e+01	1.087143e+05	1.077890e+05	5.802126e+04	5.713675e+04	3.043577e+02	1.760528e+01	2020	11	2	6
	2583	2047	90.666927	18.015819	9.865352e+04	3.111450e+01	1.086978e+05	1.077525e+05	5.799429e+04	5.708557e+04	3.042833e+02	1.660710e+01	2020	11	2	12
	2582	2031	90.631825	18.578264	9.856500e+04	3.161585e+01	1.086556e+05	1.076681e+05	5.796553e+04	5.655134e+04	3.044327e+02	1.344778e+01	2020	11	2	18
	2581	2037	90.596724	18.367347	9.900984e+04	2.810139e+01	1.084266e+05	1.075389e+05	5.784044e+04	5.693421e+04	3.041557e+02	1.375161e+01	2020	11	3	0
	2588	2039	90.842434	18.297041	9.896158e+04	2.824545e+01	1.087524e+05	1.077337e+05	5.801752e+04	5.696975e+04	3.041787e+02	1.620043e+01	2020	11	3	6
	2607	2022	91.509360	18.894639	9.873070e+04	3.854392e+01	1.085436e+05	1.074432e+05	5.791870e+04	5.625996e+04	3.047543e+02	8.479200e+00	2020	11	3	12
	2590	2040	90.912637	18.261888	9.924541e+04	2.030524e+01	1.084392e+05	1.076782e+05	5.783840e+04	5.734836e+04	3.040194e+02	7.044962e+00	2020	11	3	18
	2582	2036	90.631825	18.402500	9.938622e+04	2.492306e+01	1.083551e+05	1.076019e+05	5.783942e+04	5.716689e+04	3.039042e+02	6.143133e+00	2020	11	4	0
start	36	2020	10	27	12
	3192	2313	112.043682	8.665169	1.004426e+05	1.402193e+01	1.085847e+05	1.082480e+05	5.787886e+04	5.743709e+04	3.046094e+02	1.245709e+01	2020	10	27	12
	3212	2313	112.745710	8.665169	1.003621e+05	1.335456e+01	1.086358e+05	1.081191e+05	5.790248e+04	5.722889e+04	3.045515e+02	2.506334e+01	2020	10	27	18
	3244	2317	113.868955	8.524558	1.002311e+05	1.872905e+01	1.086563e+05	1.082274e+05	5.785176e+04	5.746055e+04	3.045241e+02	2.299733e+01	2020	10	28	0
	3282	2304	115.202808	8.981545	1.001698e+05	1.840022e+01	1.084544e+05	1.080593e+05	5.786309e+04	5.734279e+04	3.049409e+02	1.928874e+01	2020	10	28	6
	3308	2297	116.115445	9.227614	1.002312e+05	1.801431e+01	1.087147e+05	1.081184e+05	5.791988e+04	5.749570e+04	3.048640e+02	1.554603e+01	2020	10	28	12
	3335	2273	117.063183	10.071282	1.000872e+05	1.788112e+01	1.086449e+05	1.080883e+05	5.769189e+04	5.738652e+04	3.048605e+02	2.101261e+01	2020	10	28	18
	3356	2249	117.800312	10.914950	1.001277e+05	1.547164e+01	1.087175e+05	1.081492e+05	5.791927e+04	5.753199e+04	3.047951e+02	2.315293e+01	2020	10	29	0
	3357	2227	117.835413	11.688312	1.002247e+05	1.810338e+01	1.086445e+05	1.078968e+05	5.779104e+04	5.730903e+04	3.047644e+02	2.927125e+01	2020	10	29	6
	3354	2196	117.730109	12.778049	1.001500e+05	1.718988e+01	1.086487e+05	1.082423e+05	5.788376e+04	5.740926e+04	3.044302e+02	2.703368e+01	2020	10	29	12
	3327	2178	116.782371	13.410800	1.000674e+05	1.749043e+01	1.084644e+05	1.081028e+05	5.772459e+04	5.733221e+04	3.042756e+02	2.474234e+01	2020	10	29	18
	3202	2189	112.394696	13.024119	1.002645e+05	2.051762e+01	1.085387e+05	1.080799e+05	5.781423e+04	5.735721e+04	3.036469e+02	2.990598e+01	2020	10	30	0
	3193	2229	112.078783	11.618006	1.000886e+05	1.796864e+01	1.085724e+05	1.081408e+05	5.777135e+04	5.723119e+04	3.043330e+02	2.117897e+01	2020	10	30	6
	3259	2167	114.395476	13.797481	1.004180e+05	1.954088e+01	1.087748e+05	1.083094e+05	5.793482e+04	5.749762e+04	3.039203e+02	2.583541e+01	2020	10	30	12
	3206	2202	112.535101	12.567132	1.002135e+05	1.693343e+01	1.086762e+05	1.082459e+05	5.785718e+04	5.741841e+04	3.040242e+02	3.225986e+01	2020	10	30	18
	3182	2155	111.692668	14.219314	1.001937e+05	2.672941e+01	1.087371e+05	1.081984e+05	5.795541e+04	5.746781e+04	3.034957e+02	2.763962e+01	2020	10	31	0
	3264	2173	114.570983	13.586564	1.001165e+05	2.022124e+01	1.087874e+05	1.080860e+05	5.795175e+04	5.733124e+04	3.039248e+02	3.134570e+01	2020	10	31	6
	3210	2165	112.675507	13.867786	1.002652e+05	2.391140e+01	1.088146e+05	1.083351e+05	5.809977e+04	5.748490e+04	3.035715e+02	2.375012e+01	2020	10	31	12
	3221	2126	113.061622	15.238746	9.969549e+04	3.331447e+01	1.088092e+05	1.082990e+05	5.803248e+04	5.713789e+04	3.034503e+02	3.437897e+01	2020	10	31	18
	3172	2144	111.341654	14.605995	1.003653e+05	2.263518e+01	1.090387e+05	1.083527e+05	5.819620e+04	5.763800e+04	3.033687e+02	3.010606e+01	2020	11	1	0
	3181	2139	111.657566	14.781760	9.990536e+04	2.602125e+01	1.089111e+05	1.082504e+05	5.805893e+04	5.744545e+04	3.034394e+02	2.373484e+01	2020	11	1	6
	3166	2177	111.131045	13.445952	1.002035e+05	1.957458e+01	1.089074e+05	1.085106e+05	5.813984e+04	5.761170e+04	3.034079e+02	1.902906e+01	2020	11	1	12
	3161	2160	110.955538	14.043550	1.002413e+05	1.920492e+01	1.090014e+05	1.084408e+05	5.809166e+04	5.758734e+04	3.032448e+02	2.916996e+01	2020	11	1	18
	3153	2155	110.674727	14.219314	1.004074e+05	2.188775e+01	1.089545e+05	1.083070e+05	5.815476e+04	5.764634e+04	3.030338e+02	2.874183e+01	2020	11	2	0
	3149	2117	110.534321	15.555121	1.000584e+05	2.357046e+01	1.089553e+05	1.080228e+05	5.800179e+04	5.746301e+04	3.024814e+02	2.342492e+01	2020	11	2	6
	3131	2123	109.902496	15.344205	1.002099e+05	2.111865e+01	1.088756e+05	1.082841e+05	5.802371e+04	5.761194e+04	3.025600e+02	2.438556e+01	2020	11	2	12
	3129	2132	109.832293	15.027829	9.998995e+04	2.284233e+01	1.087160e+05	1.081016e+05	5.793714e+04	5.739000e+04	3.024749e+02	3.269694e+01	2020	11	2	18
	3122	2127	109.586583	15.203593	9.922207e+04	2.823744e+01	1.087046e+05	1.080654e+05	5.798041e+04	5.727977e+04	3.026131e+02	2.874395e+01	2020	11	3	0
	3112	2121	109.235569	15.414510	9.915739e+04	3.090039e+01	1.085580e+05	1.080213e+05	5.797704e+04	5.693171e+04	3.028126e+02	2.439442e+01	2020	11	3	6
	3119	2129	109.481279	15.133288	9.920173e+04	3.148031e+01	1.086819e+05	1.082124e+05	5.800876e+04	5.697164e+04	3.025444e+02	2.434127e+01	2020	11	3	12
	3119	2125	109.481279	15.273899	9.845876e+04	3.322850e+01	1.085070e+05	1.079306e+05	5.787660e+04	5.662517e+04	3.025627e+02	2.359718e+01	2020	11	3	18
	3114	2116	109.305772	15.590274	9.811510e+04	3.861290e+01	1.085878e+05	1.080375e+05	5.802577e+04	5.658705e+04	3.028567e+02	1.807695e+01	2020	11	4	0
	3101	2110	108.849454	15.801191	9.751425e+04	4.171060e+01	1.085737e+05	1.080003e+05	5.795009e+04	5.636788e+04	3.028849e+02	1.625072e+01	2020	11	4	6
	3096	2110	108.673947	15.801191	9.690706e+04	4.513213e+01	1.088207e+05	1.079700e+05	5.809093e+04	5.631991e+04	3.028996e+02	2.133875e+01	2020	11	4	12
	3073	2108	107.866615	15.871497	9.955766e+04	2.544999e+01	1.085784e+05	1.080790e+05	5.801884e+04	5.708573e+04	3.028740e+02	1.841911e+01	2020	11	4	18
	3055	2104	107.234789	16.012108	1.004250e+05	2.097458e+01	1.086558e+05	1.082372e+05	5.816379e+04	5.745168e+04	3.028230e+02	1.286767e+01	2020	11	5	0
	3037	2089	106.602964	16.539400	1.002935e+05	1.800325e+01	1.086476e+05	1.082512e+05	5.806062e+04	5.708028e+04	3.028167e+02	1.388050e+01	2020	11	5	6
start	26	2020	11	1	0
	6514	2269	228.650546	10.211893	1.004673e+05	1.762097e+01	1.084210e+05	1.081718e+05	5.782591e+04	5.753155e+04	3.040550e+02	2.127722e+01	2020	11	1	0
	6499	2258	228.124025	10.598574	1.007338e+05	1.987950e+01	1.087394e+05	1.084355e+05	5.817250e+04	5.785275e+04	3.038606e+02	2.180733e+01	2020	11	1	6
	6469	2282	227.070983	9.754907	1.005018e+05	1.849302e+01	1.085443e+05	1.081553e+05	5.788081e+04	5.746260e+04	3.036783e+02	2.489943e+01	2020	11	1	12
	6465	2294	226.930577	9.333073	1.007498e+05	1.830381e+01	1.087726e+05	1.082298e+05	5.811148e+04	5.772329e+04	3.036247e+02	2.226692e+01	2020	11	1	18
	6464	2311	226.895476	8.735475	1.003746e+05	1.894449e+01	1.087105e+05	1.079105e+05	5.781655e+04	5.749895e+04	3.040110e+02	2.269030e+01	2020	11	2	0
	6461	2298	226.790172	9.192462	1.006892e+05	1.845337e+01	1.089544e+05	1.083372e+05	5.810464e+04	5.779354e+04	3.038005e+02	2.718758e+01	2020	11	2	6
	6445	2323	226.228549	8.313641	1.004606e+05	2.448143e+01	1.086469e+05	1.080545e+05	5.784183e+04	5.745938e+04	3.037074e+02	3.160905e+01	2020	11	2	12
	6437	2314	225.947738	8.630017	1.006933e+05	2.028662e+01	1.088406e+05	1.083407e+05	5.811157e+04	5.770285e+04	3.036169e+02	2.192552e+01	2020	11	2	18
	6412	2320	225.070203	8.419100	1.004354e+05	1.826383e+01	1.086360e+05	1.080671e+05	5.779864e+04	5.746372e+04	3.037960e+02	2.088224e+01	2020	11	3	0
	6394	2314	224.438378	8.630017	1.005375e+05	2.048366e+01	1.088548e+05	1.083701e+05	5.808312e+04	5.779143e+04	3.037497e+02	2.429736e+01	2020	11	3	6
	6383	2318	224.052262	8.489405	1.004402e+05	1.783467e+01	1.085866e+05	1.079756e+05	5.786317e+04	5.750735e+04	3.036851e+02	2.857797e+01	2020	11	3	12
	6367	2311	223.490640	8.735475	1.008034e+05	1.892325e+01	1.090735e+05	1.083044e+05	5.817046e+04	5.776063e+04	3.036507e+02	2.447366e+01	2020	11	3	18
	6356	2304	223.104524	8.981545	1.004594e+05	1.663779e+01	1.086254e+05	1.081586e+05	5.780130e+04	5.748861e+04	3.038536e+02	2.129763e+01	2020	11	4	0
	6353	2326	222.999220	8.208183	1.007837e+05	1.884780e+01	1.088337e+05	1.083780e+05	5.812048e+04	5.778719e+04	3.037302e+02	2.714454e+01	2020	11	4	6
	6324	2357	221.981279	7.118445	1.003863e+05	2.409816e+01	1.085980e+05	1.079804e+05	5.789217e+04	5.742770e+04	3.036747e+02	2.398000e+01	2020	11	4	12
	6329	2298	222.156786	9.192462	1.008393e+05	1.788285e+01	1.088562e+05	1.082829e+05	5.807895e+04	5.776813e+04	3.035511e+02	1.739864e+01	2020	11	4	18
	6325	2294	222.016381	9.333073	1.004759e+05	1.637968e+01	1.085944e+05	1.081474e+05	5.791034e+04	5.753277e+04	3.037432e+02	1.937770e+01	2020	11	5	0
	6178	2381	216.856474	6.274778	1.007812e+05	2.248561e+01	1.089084e+05	1.081928e+05	5.810571e+04	5.776116e+04	3.037425e+02	2.371096e+01	2020	11	5	6
	6288	2283	220.717629	9.719754	1.004328e+05	1.730908e+01	1.088078e+05	1.081475e+05	5.787162e+04	5.746286e+04	3.035485e+02	2.954229e+01	2020	11	5	12
	6377	2260	223.841654	10.528269	1.005223e+05	1.948539e+01	1.087737e+05	1.083794e+05	5.809218e+04	5.773736e+04	3.032872e+02	2.372743e+01	2020	11	5	18
	6270	2276	220.085803	9.965824	1.004378e+05	1.729777e+01	1.085731e+05	1.081030e+05	5.779361e+04	5.748807e+04	3.036355e+02	2.238978e+01	2020	11	6	0
	6222	2364	218.400936	6.872376	1.007567e+05	1.855626e+01	1.088724e+05	1.082881e+05	5.804727e+04	5.776498e+04	3.036607e+02	1.718713e+01	2020	11	6	6
	6238	2271	218.962559	10.141588	1.004755e+05	1.738005e+01	1.087008e+05	1.081092e+05	5.779368e+04	5.747765e+04	3.036230e+02	2.422997e+01	2020	11	6	12
	6318	2258	221.770671	10.598574	1.004165e+05	2.097520e+01	1.088725e+05	1.083351e+05	5.792879e+04	5.766701e+04	3.033799e+02	2.764733e+01	2020	11	6	18
	6219	2272	218.295632	10.106435	1.002305e+05	1.736623e+01	1.084539e+05	1.079078e+05	5.771784e+04	5.724494e+04	3.037505e+02	2.424749e+01	2020	11	7	0
	6164	2335	216.365055	7.891807	1.005655e+05	1.386139e+01	1.085563e+05	1.082220e+05	5.792334e+04	5.755025e+04	3.036332e+02	2.201448e+01	2020	11	7	6
start	23	2020	11	5	12
	7667	1717	269.122465	29.616248	9.979030e+04	2.204739e+01	1.071621e+05	1.028598e+05	5.746735e+04	5.500839e+04	3.007516e+02	3.007859e+01	2020	11	5	12
	7704	1679	270.421217	30.952055	9.947875e+04	2.165887e+01	1.070819e+05	1.027904e+05	5.740411e+04	5.477140e+04	3.005480e+02	2.938560e+01	2020	11	5	18
	7731	1737	271.368955	28.913192	1.000163e+05	2.766365e+01	1.073200e+05	1.035461e+05	5.743793e+04	5.550173e+04	3.007246e+02	2.442596e+01	2020	11	6	0
	7733	1698	271.439158	30.284152	9.973401e+04	2.913900e+01	1.070478e+05	1.027258e+05	5.730644e+04	5.504181e+04	3.006927e+02	2.321533e+01	2020	11	6	6
	7764	1741	272.527301	28.772581	9.995309e+04	2.533479e+01	1.073131e+05	1.029970e+05	5.733248e+04	5.520304e+04	3.006435e+02	2.661344e+01	2020	11	6	12
	7786	1744	273.299532	28.667122	1.000471e+05	2.240084e+01	1.078197e+05	1.030756e+05	5.725934e+04	5.518313e+04	3.006597e+02	2.319837e+01	2020	11	6	18
	7835	1717	275.019501	29.616248	9.998695e+04	2.339756e+01	1.070169e+05	1.030429e+05	5.721510e+04	5.504854e+04	3.002856e+02	2.205272e+01	2020	11	7	0
	7859	1711	275.861934	29.827165	9.947074e+04	2.740856e+01	1.070559e+05	1.033262e+05	5.721102e+04	5.512104e+04	3.001478e+02	3.311892e+01	2020	11	7	6
	7906	1707	277.511700	29.967776	1.002557e+05	1.709598e+01	1.073279e+05	1.037922e+05	5.722284e+04	5.527501e+04	3.003240e+02	3.063456e+01	2020	11	7	12
	7946	1698	278.915757	30.284152	1.002307e+05	2.473848e+01	1.071115e+05	1.040942e+05	5.721006e+04	5.559461e+04	3.014843e+02	2.269132e+01	2020	11	7	18
	7997	1688	280.705928	30.635680	1.000190e+05	2.927148e+01	1.070891e+05	1.045271e+05	5.722196e+04	5.583795e+04	3.014220e+02	2.276641e+01	2020	11	8	0
	8024	1748	281.653666	28.526511	1.000893e+05	2.718852e+01	1.074465e+05	1.049202e+05	5.748558e+04	5.611513e+04	3.019496e+02	2.414445e+01	2020	11	8	6
	8082	1724	283.689548	29.370179	1.003545e+05	2.534866e+01	1.073581e+05	1.050977e+05	5.740045e+04	5.615091e+04	3.011869e+02	1.634052e+01	2020	11	8	12
	8121	1740	285.058502	28.807733	1.003666e+05	2.412861e+01	1.073585e+05	1.050199e+05	5.741861e+04	5.627466e+04	3.012670e+02	1.446628e+01	2020	11	8	18
	8145	1748	285.900936	28.526511	1.002578e+05	2.699476e+01	1.074941e+05	1.048572e+05	5.746920e+04	5.629864e+04	3.012563e+02	1.114660e+01	2020	11	9	0
	8187	1746	287.375195	28.596817	1.002682e+05	2.448739e+01	1.073566e+05	1.045776e+05	5.738945e+04	5.619966e+04	3.015068e+02	1.249507e+01	2020	11	9	6
	8238	1752	289.165367	28.385900	1.006624e+05	1.780974e+01	1.074014e+05	1.046683e+05	5.743591e+04	5.622354e+04	3.014683e+02	1.079999e+01	2020	11	9	12
	8285	1750	290.815133	28.456205	1.003894e+05	2.098159e+01	1.073232e+05	1.047434e+05	5.738137e+04	5.623527e+04	3.015045e+02	1.083971e+01	2020	11	9	18
	8357	1765	293.342434	27.928913	1.004454e+05	2.420112e+01	1.074913e+05	1.050099e+05	5.749294e+04	5.635566e+04	3.015284e+02	1.917089e+01	2020	11	10	0
	8380	1769	294.149766	27.788302	1.002126e+05	2.500127e+01	1.074586e+05	1.051771e+05	5.741032e+04	5.626981e+04	3.014904e+02	1.707863e+01	2020	11	10	6
	8430	1767	295.904836	27.858607	1.001977e+05	2.809612e+01	1.074853e+05	1.053652e+05	5.752902e+04	5.643721e+04	3.012126e+02	1.304530e+01	2020	11	10	12
	8462	1747	297.028081	28.561664	1.001355e+05	2.406993e+01	1.073185e+05	1.053394e+05	5.743820e+04	5.643145e+04	3.008070e+02	1.569593e+01	2020	11	10	18
	8497	1724	298.256630	29.370179	1.006589e+05	1.904695e+01	1.074309e+05	1.053169e+05	5.747150e+04	5.651832e+04	3.000798e+02	1.451491e+01	2020	11	11	0
start	36	2020	11	7	6
	5288	2247	185.616225	10.985255	1.004609e+05	1.557522e+01	1.086129e+05	1.081894e+05	5.795479e+04	5.758389e+04	3.046163e+02	2.182046e+01	2020	11	7	6
	5305	2243	186.212949	11.125867	1.004587e+05	1.745967e+01	1.088300e+05	1.080032e+05	5.794595e+04	5.751325e+04	3.042240e+02	2.583552e+01	2020	11	7	12
	5313	2233	186.493760	11.477395	1.002820e+05	1.427125e+01	1.085833e+05	1.080152e+05	5.786914e+04	5.737974e+04	3.040440e+02	1.839547e+01	2020	11	7	18
	5325	2246	186.914977	11.020408	1.001818e+05	1.869160e+01	1.087117e+05	1.080070e+05	5.775923e+04	5.738119e+04	3.041310e+02	2.026314e+01	2020	11	8	0
	5353	2247	187.897816	10.985255	1.003533e+05	1.611288e+01	1.085398e+05	1.079752e+05	5.778039e+04	5.746313e+04	3.040949e+02	2.242824e+01	2020	11	8	6
	5314	2282	186.528861	9.754907	1.003350e+05	1.760341e+01	1.085650e+05	1.079459e+05	5.784552e+04	5.739852e+04	3.041072e+02	2.635547e+01	2020	11	8	12
	5309	2258	186.353354	10.598574	1.003922e+05	1.552377e+01	1.083766e+05	1.079795e+05	5.775192e+04	5.740795e+04	3.038911e+02	2.017962e+01	2020	11	8	18
	5321	2268	186.774571	10.247046	9.998930e+04	2.305775e+01	1.085662e+05	1.078518e+05	5.770550e+04	5.714965e+04	3.040529e+02	2.424719e+01	2020	11	9	0
	5300	2289	186.037441	9.508837	1.000265e+05	2.120223e+01	1.087326e+05	1.077996e+05	5.775548e+04	5.721051e+04	3.044142e+02	3.471449e+01	2020	11	9	6
	5301	2244	186.072543	11.090714	9.921180e+04	3.066737e+01	1.084606e+05	1.077915e+05	5.772905e+04	5.687502e+04	3.040185e+02	3.231185e+01	2020	11	9	12
	5269	2233	184.949298	11.477395	9.995277e+04	1.898868e+01	1.084911e+05	1.079975e+05	5.771071e+04	5.731634e+04	3.042162e+02	2.414732e+01	2020	11	9	18
	5255	2256	184.457878	10.668880	1.000736e+05	1.555161e+01	1.084503e+05	1.079999e+05	5.763803e+04	5.729866e+04	3.043342e+02	2.334672e+01	2020	11	10	0
	5266	2252	184.843994	10.809491	1.001106e+05	1.591778e+01	1.085002e+05	1.080835e+05	5.768659e+04	5.723543e+04	3.042307e+02	2.347883e+01	2020	11	10	6
	5263	2227	184.738690	11.688312	1.003058e+05	1.594207e+01	1.083882e+05	1.080312e+05	5.776791e+04	5.732081e+04	3.041468e+02	2.415367e+01	2020	11	10	12
	5241	2234	183.966459	11.442242	1.001488e+05	1.757802e+01	1.084620e+05	1.079011e+05	5.775967e+04	5.727027e+04	3.041102e+02	2.228049e+01	2020	11	10	18
	5232	2247	183.650546	10.985255	1.001233e+05	2.107703e+01	1.085515e+05	1.080329e+05	5.777161e+04	5.721336e+04	3.042534e+02	2.215219e+01	2020	11	11	0
	5244	2234	184.071763	11.442242	1.001608e+05	2.008734e+01	1.085449e+05	1.079414e+05	5.783923e+04	5.724994e+04	3.042087e+02	2.166962e+01	2020	11	11	6
	5200	2222	182.527301	11.864076	1.002421e+05	1.709030e+01	1.084514e+05	1.080699e+05	5.777308e+04	5.733467e+04	3.041339e+02	1.923678e+01	2020	11	11	12
	5222	2208	183.299532	12.356215	1.001698e+05	2.069360e+01	1.085461e+05	1.079793e+05	5.779323e+04	5.718363e+04	3.038340e+02	2.256889e+01	2020	11	11	18
	5193	2213	182.281591	12.180451	9.993156e+04	2.259310e+01	1.084399e+05	1.077114e+05	5.770376e+04	5.704405e+04	3.041169e+02	1.800668e+01	2020	11	12	0
	5189	2203	182.141186	12.531979	1.001157e+05	1.865451e+01	1.085451e+05	1.080085e+05	5.779157e+04	5.734989e+04	3.038942e+02	1.500339e+01	2020	11	12	6
	5134	2234	180.210608	11.442242	1.000928e+05	1.806362e+01	1.083931e+05	1.079689e+05	5.782780e+04	5.737653e+04	3.044494e+02	2.304620e+01	2020	11	12	12
	5143	2221	180.526521	11.899229	9.991162e+04	2.151127e+01	1.085622e+05	1.077662e+05	5.771450e+04	5.728870e+04	3.042663e+02	1.749070e+01	2020	11	12	18
	5118	2192	179.648986	12.918660	9.979435e+04	2.414633e+01	1.083346e+05	1.079343e+05	5.769914e+04	5.724546e+04	3.042000e+02	1.376790e+01	2020	11	13	0
	5063	2189	177.718409	13.024119	1.001548e+05	1.835908e+01	1.083953e+05	1.081229e+05	5.779991e+04	5.736795e+04	3.044489e+02	1.676225e+01	2020	11	13	6
	5020	2191	176.209048	12.953813	1.000771e+05	1.744905e+01	1.086387e+05	1.079692e+05	5.790899e+04	5.742330e+04	3.044683e+02	2.502430e+01	2020	11	13	12
	4997	2202	175.401716	12.567132	1.001223e+05	1.977086e+01	1.086970e+05	1.078616e+05	5.780931e+04	5.735348e+04	3.045572e+02	1.724154e+01	2020	11	13	18
	4975	2213	174.629485	12.180451	1.000851e+05	1.769014e+01	1.085905e+05	1.078965e+05	5.780495e+04	5.744310e+04	3.049460e+02	7.371962e+00	2020	11	14	0
	4971	2183	174.489080	13.235036	1.002505e+05	1.603584e+01	1.084633e+05	1.081575e+05	5.788413e+04	5.751587e+04	3.045522e+02	5.856808e+00	2020	11	14	6
	4880	2228	171.294852	11.653159	1.004511e+05	1.091403e+01	1.087529e+05	1.082053e+05	5.797327e+04	5.761846e+04	3.046569e+02	1.285399e+01	2020	11	14	12
	4880	2223	171.294852	11.828923	1.001304e+05	1.652287e+01	1.085896e+05	1.080765e+05	5.787821e+04	5.738769e+04	3.045269e+02	1.398485e+01	2020	11	14	18
	4825	2217	169.364275	12.039840	1.003303e+05	1.376379e+01	1.086439e+05	1.082597e+05	5.795302e+04	5.757273e+04	3.047117e+02	8.113138e+00	2020	11	15	0
	4786	2219	167.995320	11.969534	1.002504e+05	1.315097e+01	1.086989e+05	1.082610e+05	5.796150e+04	5.759796e+04	3.048364e+02	8.509744e+00	2020	11	15	6
	4701	2232	165.011700	11.512548	1.003804e+05	1.695338e+01	1.088621e+05	1.082737e+05	5.799919e+04	5.758995e+04	3.050887e+02	1.777419e+01	2020	11	15	12
	4734	2205	166.170047	12.461674	1.002483e+05	1.713427e+01	1.087050e+05	1.079938e+05	5.792485e+04	5.730180e+04	3.046169e+02	1.364391e+01	2020	11	15	18
	4676	2209	164.134165	12.321062	1.004268e+05	1.517597e+01	1.088408e+05	1.082194e+05	5.804562e+04	5.748519e+04	3.047507e+02	8.239396e+00	2020	11	16	0
start	24	2020	11	18	0
	4377	2165	153.638846	13.867786	1.002982e+05	1.919400e+01	1.088593e+05	1.082550e+05	5.800211e+04	5.747290e+04	3.040912e+02	1.051754e+01	2020	11	18	0
	4339	2204	152.304992	12.496826	1.001221e+05	1.281409e+01	1.085686e+05	1.081101e+05	5.777157e+04	5.732525e+04	3.048194e+02	1.398487e+01	2020	11	18	6
	4279	2170	150.198908	13.692022	1.002991e+05	1.989057e+01	1.088710e+05	1.080530e+05	5.788780e+04	5.748852e+04	3.046609e+02	1.964981e+01	2020	11	18	12
	4233	2179	148.584243	13.375647	1.001412e+05	1.520871e+01	1.085105e+05	1.080368e+05	5.780433e+04	5.728208e+04	3.047284e+02	1.486907e+01	2020	11	18	18
	4202	2166	147.496100	13.832633	1.003587e+05	1.574099e+01	1.087173e+05	1.082132e+05	5.796451e+04	5.754572e+04	3.047534e+02	1.655741e+01	2020	11	19	0
	4166	2144	146.232449	14.605995	9.994195e+04	2.086058e+01	1.086564e+05	1.081027e+05	5.779290e+04	5.727060e+04	3.046686e+02	1.557647e+01	2020	11	19	6
	4146	2135	145.530421	14.922371	1.003007e+05	1.668608e+01	1.086740e+05	1.082362e+05	5.793955e+04	5.745191e+04	3.045443e+02	1.242486e+01	2020	11	19	12
	4072	2151	142.932917	14.359926	1.000350e+05	1.356974e+01	1.085271e+05	1.081329e+05	5.777652e+04	5.730687e+04	3.048253e+02	1.470807e+01	2020	11	19	18
	4091	2122	143.599844	15.379357	1.003658e+05	1.439130e+01	1.086627e+05	1.083238e+05	5.800361e+04	5.752054e+04	3.045183e+02	8.142839e+00	2020	11	20	0
	4086	2111	143.424337	15.766038	1.000594e+05	1.608797e+01	1.085324e+05	1.081661e+05	5.779375e+04	5.736196e+04	3.044218e+02	8.724258e+00	2020	11	20	6
	4041	2084	141.844774	16.715164	1.002127e+05	1.834958e+01	1.088536e+05	1.083704e+05	5.798482e+04	5.756404e+04	3.041414e+02	1.534055e+01	2020	11	20	12
	4012	2095	140.826833	16.328483	9.987109e+04	2.043053e+01	1.086110e+05	1.081208e+05	5.788914e+04	5.715104e+04	3.040974e+02	1.673718e+01	2020	11	20	18
	3977	2082	139.598284	16.785470	1.002707e+05	1.852231e+01	1.087310e+05	1.083177e+05	5.808573e+04	5.740230e+04	3.041349e+02	7.170239e+00	2020	11	21	0
	3951	2086	138.685647	16.644859	9.963231e+04	2.835977e+01	1.086274e+05	1.076802e+05	5.789761e+04	5.704107e+04	3.043978e+02	9.979473e+00	2020	11	21	6
	3943	2093	138.404836	16.398789	1.000984e+05	1.932881e+01	1.088234e+05	1.083784e+05	5.806778e+04	5.757664e+04	3.045280e+02	1.397679e+01	2020	11	21	12
	3889	2100	136.509360	16.152719	9.986181e+04	1.993549e+01	1.085985e+05	1.081740e+05	5.792258e+04	5.738088e+04	3.046885e+02	1.233227e+01	2020	11	21	18
	3861	2087	135.526521	16.609706	1.001096e+05	2.319311e+01	1.088559e+05	1.078574e+05	5.802991e+04	5.738958e+04	3.045506e+02	1.181647e+01	2020	11	22	0
	3840	2105	134.789392	15.976955	9.996781e+04	2.350764e+01	1.086336e+05	1.081445e+05	5.791241e+04	5.728278e+04	3.049442e+02	1.118200e+01	2020	11	22	6
	3797	2097	133.280031	16.258178	9.967349e+04	2.503746e+01	1.087413e+05	1.082394e+05	5.800112e+04	5.724965e+04	3.040862e+02	1.311140e+01	2020	11	22	12
	3782	2088	132.753510	16.574553	9.955178e+04	2.167326e+01	1.087809e+05	1.080140e+05	5.788148e+04	5.703366e+04	3.038544e+02	1.295222e+01	2020	11	22	18
	3669	2003	128.787051	19.562543	9.969655e+04	2.201097e+01	1.088674e+05	1.080787e+05	5.794705e+04	5.740930e+04	3.025286e+02	9.255857e+00	2020	11	24	0
	3670	1981	128.822153	20.335905	9.892499e+04	2.845198e+01	1.084374e+05	1.078264e+05	5.775183e+04	5.671438e+04	3.023928e+02	1.018505e+01	2020	11	24	6
	3679	1977	129.138066	20.476516	9.980255e+04	1.733077e+01	1.087154e+05	1.079121e+05	5.792848e+04	5.755791e+04	3.022012e+02	7.609972e+00	2020	11	24	12
	3681	1984	129.208268	20.230446	9.995020e+04	1.671842e+01	1.084343e+05	1.078072e+05	5.780008e+04	5.728115e+04	3.022956e+02	1.039909e+01	2020	11	24	18
start	12	2020	11	19	12
	5082	3171	178.385335	-21.495948	1.009169e+05	1.901186e+01	1.081702e+05	1.053650e+05	5.778908e+04	5.688135e+04	3.001442e+02	1.644371e+01	2020	11	19	12
	5142	3114	180.491420	-19.492237	1.007021e+05	1.767893e+01	1.082631e+05	1.062247e+05	5.781187e+04	5.706718e+04	3.018306e+02	1.896991e+01	2020	11	19	18
	5247	3229	184.177067	-23.534811	1.001665e+05	2.961758e+01	1.081464e+05	1.056722e+05	5.768291e+04	5.624170e+04	2.989361e+02	3.221355e+01	2020	11	20	0
	5258	3191	184.563183	-22.199004	1.003694e+05	2.446825e+01	1.083154e+05	1.058639e+05	5.787106e+04	5.666645e+04	3.001070e+02	2.926373e+01	2020	11	20	6
	5282	3201	185.405616	-22.550532	1.002919e+05	2.592598e+01	1.082254e+05	1.049092e+05	5.772481e+04	5.641172e+04	3.001012e+02	2.287392e+01	2020	11	20	12
	5296	3187	185.897036	-22.058393	1.005420e+05	2.138690e+01	1.082461e+05	1.056349e+05	5.775674e+04	5.654934e+04	3.000973e+02	1.732084e+01	2020	11	20	18
	5326	3185	186.950078	-21.988087	1.004575e+05	2.294661e+01	1.082713e+05	1.058107e+05	5.782548e+04	5.659752e+04	2.996777e+02	1.654145e+01	2020	11	21	0
	5369	3216	188.459438	-23.077824	1.004074e+05	2.378385e+01	1.082478e+05	1.054152e+05	5.771945e+04	5.649386e+04	2.991629e+02	2.092615e+01	2020	11	21	6
	5389	3206	189.161466	-22.726296	1.002544e+05	2.443068e+01	1.082472e+05	1.055726e+05	5.770156e+04	5.670540e+04	2.993549e+02	1.861081e+01	2020	11	21	12
	5390	3176	189.196568	-21.671712	1.003185e+05	2.220907e+01	1.083239e+05	1.058134e+05	5.778841e+04	5.688015e+04	2.999132e+02	9.961064e+00	2020	11	21	18
	5487	3259	192.601404	-24.589395	1.005115e+05	2.125849e+01	1.079903e+05	1.052662e+05	5.761762e+04	5.651401e+04	2.982256e+02	1.430378e+01	2020	11	22	0
	5500	3258	193.057722	-24.554243	1.004993e+05	1.997003e+01	1.080131e+05	1.055030e+05	5.758548e+04	5.664520e+04	2.982651e+02	1.031054e+01	2020	11	22	6
start	12	2020	12	1	6
	4706	2272	165.187207	10.106435	1.003577e+05	1.952901e+01	1.088431e+05	1.085330e+05	5.790598e+04	5.764330e+04	3.045793e+02	2.071128e+01	2020	12	1	6
	4675	2258	164.099064	10.598574	1.006529e+05	1.706614e+01	1.089476e+05	1.084757e+05	5.804924e+04	5.769383e+04	3.045234e+02	2.837599e+01	2020	12	1	12
	4737	2225	166.275351	11.758617	1.004474e+05	2.009143e+01	1.087111e+05	1.082728e+05	5.791606e+04	5.738152e+04	3.041941e+02	2.278240e+01	2020	12	1	18
	4590	2247	161.115445	10.985255	1.005694e+05	1.486564e+01	1.088085e+05	1.084375e+05	5.805843e+04	5.763581e+04	3.044567e+02	2.609772e+01	2020	12	2	0
	4550	2240	159.711388	11.231325	1.003989e+05	1.380757e+01	1.087621e+05	1.083440e+05	5.784648e+04	5.749338e+04	3.045450e+02	1.977609e+01	2020	12	2	6
	4633	2247	162.624805	10.985255	1.005778e+05	1.758826e+01	1.090022e+05	1.082830e+05	5.800538e+04	5.763897e+04	3.043934e+02	2.237234e+01	2020	12	2	12
	4486	2261	157.464899	10.493116	1.002863e+05	1.519865e+01	1.087104e+05	1.079660e+05	5.777818e+04	5.738873e+04	3.049103e+02	2.609341e+01	2020	12	2	18
	4518	2238	158.588144	11.301631	1.003294e+05	1.911590e+01	1.090026e+05	1.082060e+05	5.799205e+04	5.760332e+04	3.045042e+02	3.143331e+01	2020	12	3	0
	4507	2227	158.202028	11.688312	1.003265e+05	1.361305e+01	1.088493e+05	1.083960e+05	5.791865e+04	5.755559e+04	3.044404e+02	2.613332e+01	2020	12	3	6
	4503	2207	158.061622	12.391368	1.006270e+05	1.588554e+01	1.088851e+05	1.084164e+05	5.806398e+04	5.768664e+04	3.042656e+02	2.316778e+01	2020	12	3	12
	4470	2195	156.903276	12.813202	1.004465e+05	1.568830e+01	1.086284e+05	1.082223e+05	5.787921e+04	5.747473e+04	3.039260e+02	1.407164e+01	2020	12	3	18
	4461	2198	156.587363	12.707743	1.006869e+05	1.576421e+01	1.088750e+05	1.086300e+05	5.809703e+04	5.778701e+04	3.038764e+02	7.971491e+00	2020	12	4	0
start	14	2020	12	7	0
	3652	2336	128.190328	7.856655	1.007109e+05	1.939006e+01	1.091526e+05	1.084375e+05	5.818877e+04	5.777119e+04	3.050527e+02	2.379998e+01	2020	12	7	0
	3667	2220	128.716849	11.934381	1.004093e+05	2.318595e+01	1.089526e+05	1.084444e+05	5.802561e+04	5.756924e+04	3.042608e+02	2.718044e+01	2020	12	7	6
	3675	2166	128.997660	13.832633	1.001959e+05	3.050634e+01	1.090954e+05	1.084668e+05	5.821709e+04	5.751375e+04	3.038452e+02	1.734736e+01	2020	12	7	12
	3641	2238	127.804212	11.301631	1.000772e+05	2.466356e+01	1.089450e+05	1.083500e+05	5.800720e+04	5.726402e+04	3.043243e+02	1.729637e+01	2020	12	7	18
	3656	2328	128.330733	8.137877	1.005906e+05	2.190455e+01	1.090072e+05	1.085916e+05	5.817246e+04	5.779311e+04	3.049469e+02	5.899863e+00	2020	12	8	0
	3617	2190	126.961778	12.988966	1.003965e+05	1.893602e+01	1.088378e+05	1.085034e+05	5.803330e+04	5.756759e+04	3.042744e+02	1.987113e+01	2020	12	8	6
	3567	2173	125.206708	13.586564	1.003732e+05	2.117227e+01	1.090162e+05	1.085146e+05	5.810168e+04	5.761721e+04	3.036909e+02	1.893823e+01	2020	12	8	12
	3557	2174	124.855694	13.551411	1.001265e+05	1.973759e+01	1.089200e+05	1.082297e+05	5.793025e+04	5.741171e+04	3.033342e+02	2.384894e+01	2020	12	8	18
	3546	2170	124.469579	13.692022	1.005338e+05	1.692555e+01	1.088794e+05	1.085260e+05	5.804409e+04	5.763955e+04	3.034314e+02	1.376410e+01	2020	12	9	0
	3528	2155	123.837754	14.219314	1.003334e+05	2.092388e+01	1.087794e+05	1.083138e+05	5.782322e+04	5.751809e+04	3.035502e+02	1.212626e+01	2020	12	9	6
	3511	2151	123.241030	14.359926	1.005608e+05	1.984356e+01	1.088155e+05	1.085421e+05	5.796600e+04	5.772797e+04	3.034711e+02	1.064153e+01	2020	12	9	12
	3483	2154	122.258190	14.254467	1.004011e+05	1.856365e+01	1.086934e+05	1.084148e+05	5.785207e+04	5.751105e+04	3.038746e+02	1.198709e+01	2020	12	9	18
	3478	2111	122.082683	15.766038	1.005137e+05	2.824488e+01	1.087539e+05	1.084019e+05	5.802964e+04	5.768406e+04	3.037181e+02	1.025340e+01	2020	12	10	0
	3487	2102	122.398596	16.082414	1.006074e+05	2.046702e+01	1.086045e+05	1.083063e+05	5.795180e+04	5.757523e+04	3.036762e+02	1.337230e+01	2020	12	10	6
start	12	2020	12	8	0
	7487	1670	262.804212	31.268431	9.983550e+04	1.698279e+01	1.053224e+05	1.003859e+05	5.657477e+04	5.383239e+04	2.858767e+02	2.602814e+01	2020	12	8	0
	7487	1632	262.804212	32.604238	9.985680e+04	1.713124e+01	1.049859e+05	9.998791e+04	5.648313e+04	5.347353e+04	2.853029e+02	4.767527e+01	2020	12	8	6
	7533	1737	264.418877	28.913192	9.988012e+04	2.394876e+01	1.061770e+05	1.010554e+05	5.693469e+04	5.416762e+04	2.985231e+02	3.074986e+01	2020	12	8	12
	7535	1776	264.489080	27.542232	1.000702e+05	2.130376e+01	1.065281e+05	1.010569e+05	5.704509e+04	5.420623e+04	2.988432e+02	2.744171e+01	2020	12	8	18
	7588	1749	266.349454	28.491358	1.000465e+05	2.170577e+01	1.066515e+05	1.014419e+05	5.715045e+04	5.437495e+04	2.982975e+02	3.836790e+01	2020	12	9	0
	7607	1732	267.016381	29.088956	9.947095e+04	3.261442e+01	1.065907e+05	1.018948e+05	5.726740e+04	5.430536e+04	2.979657e+02	5.033329e+01	2020	12	9	6
	7599	1709	266.735569	29.897471	9.987545e+04	3.434291e+01	1.061942e+05	1.013984e+05	5.722441e+04	5.405045e+04	2.974337e+02	3.838674e+01	2020	12	9	12
	7680	1717	269.578783	29.616248	1.003932e+05	2.398722e+01	1.071442e+05	1.024808e+05	5.753105e+04	5.471557e+04	2.975398e+02	2.974265e+01	2020	12	9	18
	7690	1733	269.929797	29.053803	1.003273e+05	2.875064e+01	1.072915e+05	1.024532e+05	5.754577e+04	5.442751e+04	2.976320e+02	3.033901e+01	2020	12	10	0
	7716	1816	270.842434	26.136119	1.001890e+05	2.945412e+01	1.080707e+05	1.033826e+05	5.769139e+04	5.515736e+04	2.990531e+02	3.256092e+01	2020	12	10	6
	7745	1861	271.860374	24.554243	1.004775e+05	2.525753e+01	1.080529e+05	1.043200e+05	5.774508e+04	5.581134e+04	2.992354e+02	1.698924e+01	2020	12	10	12
	7789	1869	273.404836	24.273020	1.005524e+05	2.253228e+01	1.081729e+05	1.048308e+05	5.777795e+04	5.597295e+04	3.010079e+02	1.382353e+01	2020	12	10	18
start	22	2020	12	9	0
	2102	2810	73.783151	-8.805781	1.006616e+05	1.451425e+01	1.086403e+05	1.081624e+05	5.795498e+04	5.756651e+04	3.037413e+02	2.289851e+01	2020	12	9	0
	2091	2801	73.397036	-8.489405	1.008118e+05	1.405138e+01	1.088106e+05	1.082976e+05	5.804581e+04	5.773704e+04	3.037007e+02	1.943174e+01	2020	12	9	6
	1921	2804	67.429797	-8.594864	1.005243e+05	1.545949e+01	1.084553e+05	1.081760e+05	5.783773e+04	5.747663e+04	3.032263e+02	2.170461e+01	2020	12	9	12
	1898	2765	66.622465	-7.223904	1.007120e+05	1.910217e+01	1.087308e+05	1.082766e+05	5.809207e+04	5.766409e+04	3.031699e+02	2.922532e+01	2020	12	9	18
	1908	2840	66.973479	-9.860365	1.004192e+05	1.861636e+01	1.085901e+05	1.081394e+05	5.782966e+04	5.745817e+04	3.030766e+02	2.648955e+01	2020	12	10	0
	1902	2802	66.762871	-8.524558	1.007207e+05	1.526169e+01	1.086906e+05	1.084891e+05	5.800160e+04	5.772157e+04	3.028830e+02	2.357333e+01	2020	12	10	6
	1871	2820	65.674727	-9.157309	1.003222e+05	1.831623e+01	1.086464e+05	1.082349e+05	5.783685e+04	5.745041e+04	3.030814e+02	3.027291e+01	2020	12	10	12
	1882	2840	66.060842	-9.860365	1.005126e+05	1.393667e+01	1.088914e+05	1.081410e+05	5.806877e+04	5.772414e+04	3.030435e+02	2.908994e+01	2020	12	10	18
	1862	2875	65.358814	-11.090714	1.002963e+05	2.454330e+01	1.086429e+05	1.079751e+05	5.782895e+04	5.730281e+04	3.030222e+02	2.468347e+01	2020	12	11	0
	1897	2875	66.587363	-11.090714	1.006880e+05	1.699345e+01	1.087600e+05	1.082930e+05	5.804264e+04	5.771329e+04	3.031305e+02	2.449176e+01	2020	12	11	6
	1848	2879	64.867395	-11.231325	1.004610e+05	1.444170e+01	1.086805e+05	1.080435e+05	5.795659e+04	5.749257e+04	3.033111e+02	3.129127e+01	2020	12	11	12
	1835	2909	64.411076	-12.285910	1.000278e+05	2.784511e+01	1.088548e+05	1.079608e+05	5.820137e+04	5.717109e+04	3.031326e+02	2.524315e+01	2020	12	11	18
	1810	2899	63.533541	-11.934381	1.003528e+05	2.244682e+01	1.086174e+05	1.081977e+05	5.791502e+04	5.745771e+04	3.028883e+02	1.458241e+01	2020	12	12	0
	1809	2877	63.498440	-11.161019	1.006445e+05	1.752347e+01	1.088204e+05	1.084561e+05	5.808556e+04	5.766180e+04	3.030285e+02	1.228271e+01	2020	12	12	6
	1805	2887	63.358034	-11.512548	1.004645e+05	1.429984e+01	1.086342e+05	1.082647e+05	5.796578e+04	5.751753e+04	3.031993e+02	2.088540e+01	2020	12	12	12
	1784	2884	62.620905	-11.407089	1.006987e+05	1.214347e+01	1.088187e+05	1.083036e+05	5.803040e+04	5.769782e+04	3.027977e+02	2.729100e+01	2020	12	12	18
	1765	2876	61.953978	-11.125867	1.001718e+05	1.284824e+01	1.084707e+05	1.080369e+05	5.785198e+04	5.742362e+04	3.029628e+02	2.112969e+01	2020	12	13	0
	1752	2885	61.497660	-11.442242	1.003726e+05	1.475227e+01	1.086434e+05	1.082162e+05	5.794254e+04	5.758044e+04	3.029200e+02	1.309915e+01	2020	12	13	6
	1734	2886	60.865835	-11.477395	1.001758e+05	1.315061e+01	1.086230e+05	1.081271e+05	5.777538e+04	5.748852e+04	3.033189e+02	1.882718e+01	2020	12	13	12
	1704	2885	59.812793	-11.442242	1.003545e+05	1.786607e+01	1.086676e+05	1.081729e+05	5.802406e+04	5.761039e+04	3.033425e+02	2.499423e+01	2020	12	13	18
	1699	2877	59.637285	-11.161019	9.998112e+04	1.797105e+01	1.084651e+05	1.079890e+05	5.771895e+04	5.744270e+04	3.032052e+02	2.064161e+01	2020	12	14	0
	1675	2891	58.794852	-11.653159	9.971907e+04	3.067645e+01	1.085985e+05	1.081495e+05	5.789939e+04	5.717157e+04	3.030950e+02	1.821142e+01	2020	12	14	6
