start	35	2020	1	20	12
	1901	4936	42.729770	-21.069933	9.988247e+04	1.665567e+01	1.081676e+05	1.072303e+05	5.747377e+04	5.688040e+04	3.051566e+02	3.095461e+01	2020	1	20	12
	1971	4864	44.303197	-19.450034	1.001143e+05	1.745676e+01	1.084944e+05	1.076395e+05	5.765982e+04	5.712550e+04	3.050785e+02	3.502032e+01	2020	1	20	18
	1840	4888	41.358641	-19.990001	9.943796e+04	2.785246e+01	1.083605e+05	1.073838e+05	5.740577e+04	5.688280e+04	3.040067e+02	3.156161e+01	2020	1	21	0
	1941	4817	43.628871	-18.392600	1.000581e+05	2.191984e+01	1.087267e+05	1.075669e+05	5.767542e+04	5.712229e+04	3.048979e+02	3.833519e+01	2020	1	21	6
	1915	4719	43.044456	-16.187738	9.965865e+04	2.889257e+01	1.081519e+05	1.070529e+05	5.752464e+04	5.669986e+04	3.035701e+02	3.809822e+01	2020	1	21	12
	1831	4680	41.156344	-15.310293	9.965127e+04	2.440216e+01	1.084083e+05	1.076848e+05	5.770893e+04	5.700188e+04	3.027947e+02	3.111113e+01	2020	1	21	18
	1903	4685	42.774725	-15.422786	9.965494e+04	3.059503e+01	1.081520e+05	1.075046e+05	5.746788e+04	5.685207e+04	3.031936e+02	4.019727e+01	2020	1	22	0
	1945	4744	43.718781	-16.750203	9.942304e+04	3.949340e+01	1.082122e+05	1.076390e+05	5.761302e+04	5.689500e+04	3.033325e+02	3.873378e+01	2020	1	22	6
	1971	4812	44.303197	-18.280107	9.916417e+04	1.994011e+01	1.080429e+05	1.072218e+05	5.740161e+04	5.666012e+04	3.047372e+02	3.676269e+01	2020	1	22	12
	2016	4848	45.314685	-19.090057	9.973768e+04	1.807247e+01	1.081309e+05	1.072887e+05	5.758639e+04	5.688320e+04	3.047858e+02	3.222214e+01	2020	1	22	18
	2250	4840	50.574426	-18.910068	9.982875e+04	2.448258e+01	1.080410e+05	1.071878e+05	5.747723e+04	5.674005e+04	3.024313e+02	2.445175e+01	2020	1	23	0
	2324	4858	52.237762	-19.315043	9.992069e+04	2.767670e+01	1.082057e+05	1.073834e+05	5.781083e+04	5.675387e+04	3.023662e+02	1.567658e+01	2020	1	23	6
	2240	4887	50.349650	-19.967502	9.993720e+04	1.794881e+01	1.080929e+05	1.075349e+05	5.755230e+04	5.702179e+04	3.022703e+02	2.068422e+01	2020	1	23	12
	2244	4899	50.439560	-20.237485	1.002244e+05	2.003923e+01	1.083082e+05	1.077023e+05	5.775689e+04	5.727309e+04	3.019023e+02	1.819916e+01	2020	1	23	18
	2305	4933	51.810689	-21.002437	9.986644e+04	2.326925e+01	1.081624e+05	1.074834e+05	5.756509e+04	5.705739e+04	3.017006e+02	1.533836e+01	2020	1	24	0
	2342	4886	52.642358	-19.945003	1.001409e+05	1.950146e+01	1.085241e+05	1.078132e+05	5.787416e+04	5.735092e+04	3.020805e+02	1.161506e+01	2020	1	24	6
	2410	4895	54.170829	-20.147491	1.000773e+05	1.685138e+01	1.082071e+05	1.076191e+05	5.769952e+04	5.710780e+04	3.022961e+02	1.203852e+01	2020	1	24	12
	2431	4898	54.642857	-20.214987	1.001960e+05	1.899320e+01	1.083828e+05	1.077217e+05	5.791298e+04	5.717969e+04	3.022137e+02	1.202983e+01	2020	1	24	18
	2628	5045	59.070929	-23.522280	1.000786e+05	2.283853e+01	1.081545e+05	1.065531e+05	5.763255e+04	5.672292e+04	3.014778e+02	2.706636e+01	2020	1	25	0
	2624	4975	58.981019	-21.947378	9.992330e+04	2.368394e+01	1.083856e+05	1.071951e+05	5.785978e+04	5.706534e+04	3.019063e+02	1.932259e+01	2020	1	25	6
	2688	5022	60.419580	-23.004812	9.983034e+04	2.525819e+01	1.081013e+05	1.066473e+05	5.765677e+04	5.681391e+04	3.017979e+02	2.192982e+01	2020	1	25	12
	2775	5027	62.375125	-23.117305	9.952762e+04	3.119648e+01	1.083972e+05	1.067712e+05	5.781870e+04	5.673218e+04	3.016799e+02	3.167807e+01	2020	1	25	18
	2894	5061	65.049950	-23.882257	9.800873e+04	4.702618e+01	1.081133e+05	1.063652e+05	5.754319e+04	5.532070e+04	3.015340e+02	3.019349e+01	2020	1	26	0
	2957	5050	66.466034	-23.634773	9.929682e+04	3.326819e+01	1.081638e+05	1.064982e+05	5.762787e+04	5.611466e+04	3.014666e+02	2.325766e+01	2020	1	26	6
	2966	5029	66.668332	-23.162302	9.914934e+04	3.134496e+01	1.079698e+05	1.063274e+05	5.749438e+04	5.594695e+04	3.016602e+02	1.543502e+01	2020	1	26	12
	3016	5003	67.792208	-22.577339	9.975538e+04	2.881565e+01	1.080677e+05	1.064845e+05	5.765718e+04	5.656381e+04	3.016850e+02	1.586052e+01	2020	1	26	18
	3031	4976	68.129371	-21.969877	9.961648e+04	2.424707e+01	1.079766e+05	1.063391e+05	5.738038e+04	5.652758e+04	3.017329e+02	1.304270e+01	2020	1	27	0
	3057	4956	68.713786	-21.519905	9.985113e+04	2.061485e+01	1.080709e+05	1.065772e+05	5.751220e+04	5.678343e+04	3.017881e+02	1.167298e+01	2020	1	27	6
	3071	4933	69.028472	-21.002437	9.967594e+04	2.378663e+01	1.078121e+05	1.065509e+05	5.736021e+04	5.667539e+04	3.019854e+02	8.095279e+00	2020	1	27	12
	3084	4938	69.320679	-21.114930	9.987009e+04	2.161038e+01	1.079574e+05	1.067313e+05	5.757780e+04	5.693529e+04	3.017600e+02	1.019610e+01	2020	1	27	18
	3311	5050	74.423077	-23.634773	9.977321e+04	2.936441e+01	1.080287e+05	1.068255e+05	5.754428e+04	5.642910e+04	3.013617e+02	1.869703e+01	2020	1	28	0
	3098	4942	69.635365	-21.204925	1.001419e+05	1.689012e+01	1.082274e+05	1.069252e+05	5.770420e+04	5.681627e+04	3.017079e+02	1.421797e+01	2020	1	28	6
	3062	4980	68.826174	-22.059871	9.995274e+04	2.100232e+01	1.080018e+05	1.066872e+05	5.755032e+04	5.670598e+04	3.017539e+02	9.963282e+00	2020	1	28	12
	3076	4990	69.140859	-22.284857	1.003117e+05	1.789195e+01	1.082408e+05	1.068596e+05	5.775583e+04	5.711783e+04	3.015701e+02	1.399694e+01	2020	1	28	18
	3040	5009	68.331668	-22.712330	1.003202e+05	1.974241e+01	1.079548e+05	1.067858e+05	5.762585e+04	5.698059e+04	3.012025e+02	6.771011e+00	2020	1	29	0
start	17	2020	2	4	0
	3064	4594	68.871129	-13.375414	1.003591e+05	1.401756e+01	1.078871e+05	1.072439e+05	5.752113e+04	5.709349e+04	3.036658e+02	3.140167e+01	2020	2	4	0
	3001	4647	67.455045	-14.567839	1.005578e+05	1.472589e+01	1.080765e+05	1.075928e+05	5.765271e+04	5.724945e+04	3.037560e+02	2.316674e+01	2020	2	4	6
	3089	4678	69.433067	-15.265296	1.002087e+05	1.596276e+01	1.080271e+05	1.074379e+05	5.753203e+04	5.704301e+04	3.039950e+02	2.366170e+01	2020	2	4	12
	3024	4727	67.972028	-16.367727	1.005026e+05	1.698694e+01	1.081002e+05	1.076017e+05	5.778044e+04	5.716776e+04	3.038138e+02	2.716596e+01	2020	2	4	18
	3061	4739	68.803696	-16.637710	9.980102e+04	2.111507e+01	1.079983e+05	1.071631e+05	5.754266e+04	5.673409e+04	3.035938e+02	2.421561e+01	2020	2	5	0
	3067	4733	68.938561	-16.502719	1.001773e+05	2.181563e+01	1.081734e+05	1.077482e+05	5.774191e+04	5.722399e+04	3.035048e+02	2.156677e+01	2020	2	5	6
	3077	4743	69.163337	-16.727704	9.981230e+04	2.002831e+01	1.081241e+05	1.075539e+05	5.754407e+04	5.699605e+04	3.035174e+02	2.183742e+01	2020	2	5	12
	3115	4779	70.017483	-17.537654	9.996512e+04	2.914824e+01	1.083783e+05	1.076111e+05	5.783280e+04	5.716655e+04	3.032793e+02	2.430975e+01	2020	2	5	18
	3062	4853	68.826174	-19.202550	9.952795e+04	2.791880e+01	1.079555e+05	1.074441e+05	5.756054e+04	5.691342e+04	3.028919e+02	1.833508e+01	2020	2	6	0
	3002	4855	67.477522	-19.247547	9.870247e+04	2.859924e+01	1.081909e+05	1.074826e+05	5.769871e+04	5.673229e+04	3.029734e+02	1.682740e+01	2020	2	6	6
	3037	4866	68.264236	-19.495032	9.766923e+04	3.866936e+01	1.080268e+05	1.070962e+05	5.761137e+04	5.601129e+04	3.027842e+02	2.022094e+01	2020	2	6	12
	2997	4898	67.365135	-20.214987	9.864578e+04	3.107740e+01	1.081972e+05	1.075222e+05	5.769674e+04	5.699614e+04	3.027354e+02	1.870566e+01	2020	2	6	18
	3035	4917	68.219281	-20.642460	9.901720e+04	2.768479e+01	1.080500e+05	1.073838e+05	5.757450e+04	5.661323e+04	3.024277e+02	1.430743e+01	2020	2	7	0
	3005	4923	67.544955	-20.777451	9.929303e+04	2.964825e+01	1.082053e+05	1.074917e+05	5.774536e+04	5.689543e+04	3.025058e+02	1.263913e+01	2020	2	7	6
	2982	4940	67.027972	-21.159927	9.937338e+04	2.177878e+01	1.082262e+05	1.072509e+05	5.757154e+04	5.690206e+04	3.024523e+02	1.034010e+01	2020	2	7	12
	2962	4928	66.578422	-20.889944	9.975338e+04	2.984630e+01	1.084109e+05	1.075286e+05	5.778023e+04	5.713955e+04	3.025381e+02	1.003735e+01	2020	2	7	18
	2969	4979	66.735764	-22.037373	9.936555e+04	3.092014e+01	1.086204e+05	1.072942e+05	5.762640e+04	5.685554e+04	3.018012e+02	7.699613e+00	2020	2	8	0
start	13	2020	2	11	0
	14302	5121	321.473526	-25.232173	1.009612e+05	1.930241e+01	1.077553e+05	1.054063e+05	5.788727e+04	5.673850e+04	3.004139e+02	8.040553e+00	2020	2	11	0
	14401	5254	323.698801	-28.224486	1.006975e+05	2.392897e+01	1.075066e+05	1.046761e+05	5.770524e+04	5.662762e+04	2.998268e+02	1.942220e+01	2020	2	11	6
	14412	5263	323.946054	-28.426973	1.007365e+05	2.865243e+01	1.076697e+05	1.048967e+05	5.793624e+04	5.670042e+04	2.996190e+02	1.761423e+01	2020	2	11	12
	14482	5279	325.519481	-28.786951	1.007104e+05	2.659396e+01	1.077049e+05	1.048794e+05	5.796275e+04	5.642577e+04	3.002469e+02	1.411407e+01	2020	2	11	18
	14621	5352	328.643856	-30.429348	1.007432e+05	2.866593e+01	1.077908e+05	1.051355e+05	5.808604e+04	5.647785e+04	2.995396e+02	1.921632e+01	2020	2	12	0
	14688	5396	330.149850	-31.419286	1.005994e+05	2.619422e+01	1.074982e+05	1.049167e+05	5.787404e+04	5.625672e+04	2.990272e+02	2.391944e+01	2020	2	12	6
	14639	5384	329.048452	-31.149303	1.010157e+05	2.298794e+01	1.074929e+05	1.054756e+05	5.792135e+04	5.669518e+04	2.991049e+02	1.120795e+01	2020	2	12	12
	14685	5382	330.082418	-31.104306	1.009302e+05	2.546372e+01	1.073878e+05	1.056876e+05	5.783004e+04	5.667938e+04	2.994084e+02	6.277319e+00	2020	2	12	18
	14780	5303	332.217782	-29.326917	1.010632e+05	1.731252e+01	1.077751e+05	1.058663e+05	5.801404e+04	5.692694e+04	3.012298e+02	1.295559e+01	2020	2	13	0
	14790	5354	332.442557	-30.474345	1.008783e+05	2.149902e+01	1.074434e+05	1.057671e+05	5.766485e+04	5.666078e+04	3.008724e+02	1.066438e+01	2020	2	13	6
	14862	5257	334.060939	-28.291982	1.009117e+05	2.015327e+01	1.076148e+05	1.060076e+05	5.776838e+04	5.680155e+04	3.016076e+02	1.093941e+01	2020	2	13	12
	14888	5267	334.645355	-28.516968	1.008792e+05	1.951014e+01	1.073781e+05	1.058077e+05	5.760625e+04	5.672913e+04	3.017265e+02	1.221164e+01	2020	2	13	18
	14892	5300	334.735265	-29.259421	1.009195e+05	2.200238e+01	1.074306e+05	1.055970e+05	5.760938e+04	5.686925e+04	3.014408e+02	8.173383e+00	2020	2	14	0
start	56	2020	2	17	18
	6269	4661	140.911588	-14.882820	9.992396e+04	8.582898e+00	1.082519e+05	1.075260e+05	5.745687e+04	5.704935e+04	3.052711e+02	1.281110e+01	2020	2	17	18
	6259	4682	140.686813	-15.355290	1.001679e+05	1.290376e+01	1.086467e+05	1.077120e+05	5.770632e+04	5.720687e+04	3.053044e+02	1.706395e+01	2020	2	18	0
	6208	4636	139.540460	-14.320355	9.992759e+04	1.345057e+01	1.083893e+05	1.077340e+05	5.752016e+04	5.711191e+04	3.053426e+02	1.350718e+01	2020	2	18	6
	6156	4548	138.371628	-12.340479	1.001176e+05	1.525612e+01	1.086126e+05	1.080526e+05	5.771683e+04	5.732608e+04	3.050391e+02	1.117619e+01	2020	2	18	12
	6138	4638	137.967033	-14.365352	9.993153e+04	1.503566e+01	1.083095e+05	1.075245e+05	5.749210e+04	5.703688e+04	3.053359e+02	1.984738e+01	2020	2	18	18
	6119	4638	137.539960	-14.365352	9.994022e+04	2.051861e+01	1.085119e+05	1.079095e+05	5.772280e+04	5.710027e+04	3.054663e+02	1.824862e+01	2020	2	19	0
	6000	4542	134.865135	-12.205487	9.981185e+04	1.363318e+01	1.085879e+05	1.077580e+05	5.755908e+04	5.700263e+04	3.051669e+02	1.438019e+01	2020	2	19	6
	6037	4664	135.696803	-14.950316	1.000918e+05	1.770546e+01	1.085956e+05	1.078715e+05	5.787453e+04	5.731474e+04	3.054150e+02	1.150400e+01	2020	2	19	12
	6031	4662	135.561938	-14.905318	9.997841e+04	1.243283e+01	1.082282e+05	1.077844e+05	5.757209e+04	5.713775e+04	3.053329e+02	1.540408e+01	2020	2	19	18
	5804	4580	130.459540	-13.060434	1.002609e+05	1.193840e+01	1.085540e+05	1.078621e+05	5.763544e+04	5.725763e+04	3.049487e+02	1.188676e+01	2020	2	20	0
	5937	4699	133.449051	-15.737766	9.988131e+04	1.279003e+01	1.083718e+05	1.076818e+05	5.765037e+04	5.703485e+04	2.735941e+02	2.380367e+01	2020	2	20	6
	5766	4666	129.605395	-14.995313	1.002667e+05	1.232297e+01	1.083619e+05	1.078537e+05	5.774745e+04	5.730422e+04	3.053000e+02	1.769544e+01	2020	2	20	12
	5766	4676	129.605395	-15.220299	9.986849e+04	1.848820e+01	1.080426e+05	1.075393e+05	5.749019e+04	5.699902e+04	3.051305e+02	1.533358e+01	2020	2	20	18
	5806	4557	130.504496	-12.542966	9.978668e+04	3.016860e+01	1.083622e+05	1.076686e+05	5.755035e+04	5.709885e+04	3.046839e+02	1.810039e+01	2020	2	21	0
	5826	4632	130.954046	-14.230361	9.967151e+04	1.379776e+01	1.081908e+05	1.075294e+05	5.736910e+04	5.690548e+04	3.051082e+02	2.824804e+01	2020	2	21	6
	5754	4643	129.335664	-14.477845	9.987034e+04	1.714427e+01	1.085148e+05	1.077186e+05	5.757750e+04	5.708473e+04	3.051737e+02	2.335039e+01	2020	2	21	12
	5741	4564	129.043457	-12.700456	9.972585e+04	1.912847e+01	1.081285e+05	1.074467e+05	5.733041e+04	5.690981e+04	3.048161e+02	2.265030e+01	2020	2	21	18
	5732	4571	128.841159	-12.857946	9.989531e+04	2.632456e+01	1.082350e+05	1.076880e+05	5.761664e+04	5.712705e+04	3.047805e+02	2.574858e+01	2020	2	22	0
	5746	4659	129.155844	-14.837823	9.926753e+04	2.047376e+01	1.081873e+05	1.075739e+05	5.739024e+04	5.673441e+04	3.050070e+02	3.747230e+01	2020	2	22	6
	5528	4683	124.255744	-15.377789	9.921629e+04	3.013709e+01	1.081006e+05	1.073520e+05	5.768165e+04	5.614923e+04	3.071338e+02	1.247613e+01	2020	2	22	12
	5688	4628	127.852148	-14.140366	9.963902e+04	1.709126e+01	1.080742e+05	1.074293e+05	5.731739e+04	5.676646e+04	3.048374e+02	2.789943e+01	2020	2	22	18
	5550	4601	124.750250	-13.532904	9.986497e+04	2.328648e+01	1.081881e+05	1.074859e+05	5.752162e+04	5.693706e+04	3.034930e+02	2.132754e+01	2020	2	23	0
	5571	4588	125.222278	-13.240422	9.958266e+04	2.350955e+01	1.081990e+05	1.075240e+05	5.740571e+04	5.682711e+04	3.035858e+02	3.202709e+01	2020	2	23	6
	5627	4659	126.481019	-14.837823	9.992693e+04	1.737835e+01	1.084451e+05	1.075726e+05	5.766087e+04	5.694712e+04	3.047675e+02	3.190195e+01	2020	2	23	12
	5507	4585	123.783716	-13.172927	9.965727e+04	2.402943e+01	1.080506e+05	1.073856e+05	5.743208e+04	5.668945e+04	3.036732e+02	3.744497e+01	2020	2	23	18
	5535	4632	124.413087	-14.230361	9.955008e+04	2.378076e+01	1.082215e+05	1.074362e+05	5.747191e+04	5.684411e+04	3.039291e+02	3.318851e+01	2020	2	24	0
	5531	4645	124.323177	-14.522842	9.937705e+04	1.848907e+01	1.079205e+05	1.074846e+05	5.735416e+04	5.664556e+04	3.036285e+02	3.279982e+01	2020	2	24	6
	5486	4673	123.311688	-15.152803	9.944871e+04	1.829753e+01	1.082114e+05	1.075654e+05	5.760005e+04	5.688012e+04	3.042448e+02	3.481239e+01	2020	2	24	12
	5455	4656	122.614885	-14.770327	9.909200e+04	3.030968e+01	1.079389e+05	1.072979e+05	5.737861e+04	5.655442e+04	3.036133e+02	4.164659e+01	2020	2	24	18
	5435	4664	122.165335	-14.950316	9.928984e+04	2.310552e+01	1.080036e+05	1.074247e+05	5.745219e+04	5.658773e+04	3.032503e+02	3.355865e+01	2020	2	25	0
	5410	4668	121.603397	-15.040310	9.880567e+04	2.736255e+01	1.079709e+05	1.073735e+05	5.736052e+04	5.653188e+04	3.034091e+02	3.030821e+01	2020	2	25	6
	5419	4654	121.805694	-14.725330	9.903891e+04	2.550006e+01	1.081630e+05	1.075551e+05	5.755365e+04	5.642404e+04	3.032567e+02	3.253684e+01	2020	2	25	12
	5406	4664	121.513487	-14.950316	9.889812e+04	2.754882e+01	1.079166e+05	1.071758e+05	5.733845e+04	5.637584e+04	3.031145e+02	3.572649e+01	2020	2	25	18
	5417	4727	121.760739	-16.367727	9.869277e+04	3.854092e+01	1.081275e+05	1.072830e+05	5.745497e+04	5.635533e+04	3.031292e+02	2.751622e+01	2020	2	26	0
	5368	4692	120.659341	-15.580276	9.876391e+04	2.937974e+01	1.079160e+05	1.072737e+05	5.729914e+04	5.645046e+04	3.028784e+02	2.381091e+01	2020	2	26	6
	5362	4675	120.524476	-15.197800	9.899102e+04	2.595667e+01	1.081611e+05	1.074420e+05	5.748392e+04	5.667466e+04	3.029724e+02	2.431064e+01	2020	2	26	12
	5336	4700	119.940060	-15.760265	9.885688e+04	2.560848e+01	1.078769e+05	1.071962e+05	5.725812e+04	5.647298e+04	3.026330e+02	2.938066e+01	2020	2	26	18
	5337	4733	119.962537	-16.502719	9.834055e+04	3.438279e+01	1.081514e+05	1.070985e+05	5.746302e+04	5.617955e+04	3.025693e+02	3.083483e+01	2020	2	27	0
	5327	4740	119.737762	-16.660209	9.803445e+04	2.836188e+01	1.079772e+05	1.071541e+05	5.734549e+04	5.602933e+04	3.024032e+02	3.206085e+01	2020	2	27	6
	5317	4762	119.512987	-17.155178	9.817941e+04	2.999053e+01	1.082138e+05	1.074938e+05	5.760411e+04	5.623277e+04	3.024301e+02	2.768283e+01	2020	2	27	12
	5283	4747	118.748751	-16.817699	9.795120e+04	3.243152e+01	1.082108e+05	1.070758e+05	5.747969e+04	5.591245e+04	3.023815e+02	3.088152e+01	2020	2	27	18
	5249	4772	117.984515	-17.380164	9.760113e+04	3.928056e+01	1.085243e+05	1.072275e+05	5.763283e+04	5.560789e+04	3.026034e+02	2.238024e+01	2020	2	28	0
	5223	4790	117.400100	-17.785138	9.725443e+04	3.766312e+01	1.081314e+05	1.071740e+05	5.753807e+04	5.544379e+04	3.029215e+02	1.336184e+01	2020	2	28	6
	5186	4816	116.568432	-18.370102	9.720373e+04	3.854742e+01	1.083692e+05	1.073910e+05	5.782948e+04	5.561034e+04	3.033338e+02	1.467007e+01	2020	2	28	12
	5147	4837	115.691808	-18.842572	9.683103e+04	3.657077e+01	1.081947e+05	1.072565e+05	5.768872e+04	5.541205e+04	3.033783e+02	1.677004e+01	2020	2	28	18
	5109	4867	114.837662	-19.517530	9.722750e+04	3.395815e+01	1.084108e+05	1.075705e+05	5.781208e+04	5.566131e+04	3.030922e+02	1.137540e+01	2020	2	29	0
	5050	4889	113.511489	-20.012499	9.677419e+04	3.781805e+01	1.082396e+05	1.072185e+05	5.770074e+04	5.534875e+04	3.026862e+02	9.017810e+00	2020	2	29	6
	5005	4909	112.500000	-20.462471	9.659319e+04	4.839225e+01	1.083472e+05	1.071012e+05	5.783678e+04	5.526002e+04	3.022890e+02	9.345703e+00	2020	2	29	12
	4990	4940	112.162837	-21.159927	9.666059e+04	4.045243e+01	1.081765e+05	1.072722e+05	5.771025e+04	5.533189e+04	3.020877e+02	1.214204e+01	2020	2	29	18
	4976	4968	111.848152	-21.789888	9.679688e+04	3.289356e+01	1.082870e+05	1.069886e+05	5.773471e+04	5.515846e+04	3.016719e+02	9.888172e+00	2020	3	1	0
	4999	5007	112.365135	-22.667333	9.700799e+04	3.284949e+01	1.082871e+05	1.071847e+05	5.773696e+04	5.532273e+04	3.021047e+02	1.077579e+01	2020	3	1	6
	5025	5047	112.949550	-23.567277	9.755266e+04	4.025756e+01	1.084095e+05	1.074661e+05	5.790017e+04	5.612048e+04	3.018612e+02	9.403175e+00	2020	3	1	12
	5065	5077	113.848651	-24.242235	9.854486e+04	2.490006e+01	1.082128e+05	1.073286e+05	5.779569e+04	5.663489e+04	3.014240e+02	7.577123e+00	2020	3	1	18
	5104	5110	114.725275	-24.984688	9.931177e+04	2.134347e+01	1.083406e+05	1.071257e+05	5.795079e+04	5.687988e+04	3.014188e+02	6.674301e+00	2020	3	2	0
	5164	5152	116.073926	-25.929629	9.975764e+04	1.815714e+01	1.084318e+05	1.070579e+05	5.793382e+04	5.700015e+04	3.014191e+02	5.455464e+00	2020	3	2	6
	5247	5173	117.939560	-26.402100	1.003436e+05	1.495918e+01	1.085304e+05	1.072414e+05	5.817107e+04	5.715384e+04	2.735042e+02	1.388149e+00	2020	3	2	12
start	34	2020	2	20	0
	7220	4640	162.287712	-14.410349	1.001599e+05	2.231617e+01	1.083873e+05	1.075033e+05	5.760769e+04	5.703115e+04	3.044247e+02	2.703403e+01	2020	2	20	0
	7127	4638	160.197303	-14.365352	1.000035e+05	1.429015e+01	1.081042e+05	1.071383e+05	5.744409e+04	5.693993e+04	3.045887e+02	2.204295e+01	2020	2	20	6
	7133	4633	160.332168	-14.252859	1.002183e+05	1.490983e+01	1.083103e+05	1.075988e+05	5.760370e+04	5.708518e+04	3.044124e+02	2.878702e+01	2020	2	20	12
	7162	4633	160.984016	-14.252859	9.987806e+04	1.589090e+01	1.080489e+05	1.074221e+05	5.739533e+04	5.670932e+04	3.042815e+02	2.918275e+01	2020	2	20	18
	7213	4692	162.130370	-15.580276	9.993236e+04	2.366048e+01	1.082877e+05	1.075049e+05	5.747092e+04	5.685177e+04	3.039400e+02	2.287231e+01	2020	2	21	0
	7162	4709	160.984016	-15.962752	9.970884e+04	2.446536e+01	1.081981e+05	1.071442e+05	5.726480e+04	5.680979e+04	3.042383e+02	1.901223e+01	2020	2	21	6
	7059	4712	158.668831	-16.030248	9.996459e+04	2.390796e+01	1.082095e+05	1.075494e+05	5.752983e+04	5.709631e+04	3.039697e+02	1.404383e+01	2020	2	21	12
	7074	4676	159.005994	-15.220299	9.971672e+04	1.693689e+01	1.080988e+05	1.073513e+05	5.727662e+04	5.673382e+04	3.040512e+02	1.935099e+01	2020	2	21	18
	7077	4695	159.073427	-15.647772	1.000007e+05	2.102400e+01	1.083477e+05	1.075938e+05	5.748603e+04	5.701943e+04	3.040066e+02	1.740477e+01	2020	2	22	0
	7062	4615	158.736264	-13.847884	9.979218e+04	1.421556e+01	1.080518e+05	1.073231e+05	5.737412e+04	5.686812e+04	3.043953e+02	2.030991e+01	2020	2	22	6
	7094	4659	159.455544	-14.837823	1.000391e+05	1.595605e+01	1.084215e+05	1.077341e+05	5.754781e+04	5.712247e+04	3.041979e+02	2.393785e+01	2020	2	22	12
	7078	4698	159.095904	-15.715268	9.978759e+04	1.695070e+01	1.080592e+05	1.074509e+05	5.735336e+04	5.687971e+04	3.040430e+02	1.756844e+01	2020	2	22	18
	7045	4735	158.354146	-16.547716	1.000846e+05	1.670128e+01	1.083612e+05	1.078187e+05	5.755754e+04	5.724520e+04	3.040193e+02	2.145512e+01	2020	2	23	0
	7026	4699	157.927073	-15.737766	9.973247e+04	1.486300e+01	1.081432e+05	1.077056e+05	5.742087e+04	5.702373e+04	3.043361e+02	2.185965e+01	2020	2	23	6
	7019	4703	157.769730	-15.827761	1.001266e+05	1.597613e+01	1.084087e+05	1.076889e+05	5.769889e+04	5.724889e+04	3.041127e+02	2.465743e+01	2020	2	23	12
	7010	4706	157.567433	-15.895257	9.985563e+04	1.539592e+01	1.081640e+05	1.076629e+05	5.742713e+04	5.706365e+04	3.040035e+02	1.921776e+01	2020	2	23	18
	7057	4738	158.623876	-16.615212	1.001616e+05	1.735342e+01	1.083694e+05	1.078289e+05	5.762309e+04	5.718223e+04	3.038945e+02	1.940091e+01	2020	2	24	0
	7034	4827	158.106893	-18.617586	9.989019e+04	2.022136e+01	1.083172e+05	1.076470e+05	5.740616e+04	5.700901e+04	3.030634e+02	2.124080e+01	2020	2	24	6
	7072	4821	158.961039	-18.482595	1.000794e+05	2.422195e+01	1.084720e+05	1.077667e+05	5.774346e+04	5.707001e+04	3.029098e+02	2.768945e+01	2020	2	24	12
	6964	4777	156.533467	-17.492657	9.989775e+04	1.427324e+01	1.081837e+05	1.076471e+05	5.749230e+04	5.699667e+04	3.035254e+02	1.835329e+01	2020	2	24	18
	7086	4816	159.275724	-18.370102	1.001164e+05	2.044053e+01	1.083801e+05	1.077541e+05	5.773013e+04	5.720482e+04	3.027866e+02	2.089607e+01	2020	2	25	0
	7081	4877	159.163337	-19.742516	9.948509e+04	1.836450e+01	1.081198e+05	1.075020e+05	5.756495e+04	5.685372e+04	3.025875e+02	2.062856e+01	2020	2	25	6
	7069	4883	158.893606	-19.877508	9.985001e+04	1.814392e+01	1.083745e+05	1.077254e+05	5.771978e+04	5.720913e+04	3.024291e+02	1.741782e+01	2020	2	25	12
	7082	4873	159.185814	-19.652522	9.981685e+04	1.715902e+01	1.082200e+05	1.074955e+05	5.754480e+04	5.698700e+04	3.024124e+02	1.862141e+01	2020	2	25	18
	7238	4936	162.692308	-21.069933	1.001281e+05	2.204826e+01	1.082657e+05	1.074750e+05	5.772864e+04	5.707229e+04	3.027142e+02	2.181502e+01	2020	2	26	0
	7289	4936	163.838661	-21.069933	9.958180e+04	2.832550e+01	1.082585e+05	1.073562e+05	5.766521e+04	5.685538e+04	3.027336e+02	2.306602e+01	2020	2	26	6
	7298	4940	164.040959	-21.159927	9.889083e+04	4.527057e+01	1.084286e+05	1.075724e+05	5.785967e+04	5.651641e+04	3.025951e+02	2.745183e+01	2020	2	26	12
	7278	4955	163.591409	-21.497406	9.986291e+04	2.219191e+01	1.082384e+05	1.072627e+05	5.766243e+04	5.691776e+04	3.023969e+02	2.021835e+01	2020	2	26	18
	7459	4922	167.659840	-20.754953	1.002461e+05	2.742295e+01	1.086136e+05	1.073617e+05	5.791110e+04	5.709251e+04	3.029901e+02	2.043852e+01	2020	2	27	0
	7490	4942	168.356643	-21.204925	1.001833e+05	2.419610e+01	1.085157e+05	1.074283e+05	5.786983e+04	5.704826e+04	3.028972e+02	1.572180e+01	2020	2	27	6
	7523	4912	169.098402	-20.529967	1.004321e+05	2.309913e+01	1.086590e+05	1.076583e+05	5.805372e+04	5.736712e+04	3.032541e+02	1.839154e+01	2020	2	27	12
	7560	4914	169.930070	-20.574964	1.001566e+05	2.398725e+01	1.084486e+05	1.074864e+05	5.781529e+04	5.725100e+04	3.033578e+02	1.558398e+01	2020	2	27	18
	7561	4962	169.952547	-21.654897	1.004689e+05	1.851896e+01	1.085781e+05	1.072862e+05	5.788325e+04	5.732793e+04	3.026039e+02	1.168996e+01	2020	2	28	0
	7427	4967	166.940559	-21.767389	1.002908e+05	1.889142e+01	1.083405e+05	1.071230e+05	5.780760e+04	5.717612e+04	3.028550e+02	5.800570e+00	2020	2	28	6
start	20	2020	2	20	6
	7555	5066	169.817682	-23.994750	1.003460e+05	2.366352e+01	1.077399e+05	1.052267e+05	5.729883e+04	5.663223e+04	3.025717e+02	1.449578e+01	2020	2	20	6
	7638	4976	171.683317	-21.969877	1.004884e+05	2.113261e+01	1.080440e+05	1.062870e+05	5.748319e+04	5.683819e+04	3.028787e+02	1.777306e+01	2020	2	20	12
	7647	4872	171.885614	-19.630023	1.002439e+05	2.061765e+01	1.080472e+05	1.066242e+05	5.750766e+04	5.658622e+04	3.035684e+02	1.148142e+01	2020	2	20	18
	7871	4951	176.920579	-21.407412	1.004500e+05	1.776245e+01	1.081876e+05	1.066695e+05	5.775029e+04	5.692946e+04	3.034525e+02	1.468556e+01	2020	2	21	0
	8010	5062	180.044955	-23.904756	1.003422e+05	2.259608e+01	1.081992e+05	1.065533e+05	5.765852e+04	5.687334e+04	3.025690e+02	1.977512e+01	2020	2	21	6
	8051	5051	180.966533	-23.657271	1.005877e+05	1.935342e+01	1.081806e+05	1.067289e+05	5.767920e+04	5.694793e+04	3.030999e+02	1.613169e+01	2020	2	21	12
	7847	4956	176.381119	-21.519905	1.003479e+05	1.834541e+01	1.081358e+05	1.067427e+05	5.760280e+04	5.690739e+04	3.033872e+02	1.067206e+01	2020	2	21	18
	8037	5097	180.651848	-24.692207	1.002650e+05	2.384187e+01	1.081833e+05	1.062973e+05	5.773042e+04	5.695835e+04	3.019525e+02	1.637497e+01	2020	2	22	0
	8287	5160	186.271229	-26.109618	1.002196e+05	2.615378e+01	1.081279e+05	1.060721e+05	5.763040e+04	5.684473e+04	3.020453e+02	2.530965e+01	2020	2	22	6
	8467	5186	190.317183	-26.694582	1.006540e+05	1.979368e+01	1.080430e+05	1.063588e+05	5.762033e+04	5.693175e+04	3.016472e+02	2.409284e+01	2020	2	22	12
	8537	5153	191.890609	-25.952128	1.005043e+05	2.227672e+01	1.080454e+05	1.064373e+05	5.761688e+04	5.686715e+04	3.022358e+02	2.210427e+01	2020	2	22	18
	8338	5240	187.417582	-27.909506	1.002774e+05	2.536636e+01	1.078481e+05	1.058265e+05	5.745683e+04	5.675932e+04	3.007230e+02	1.860044e+01	2020	2	23	0
	8443	5189	189.777722	-26.762077	9.977735e+04	2.690952e+01	1.078861e+05	1.060699e+05	5.751986e+04	5.667825e+04	3.017063e+02	2.507144e+01	2020	2	23	6
	8519	5210	191.486014	-27.234548	9.971398e+04	2.769892e+01	1.078349e+05	1.058738e+05	5.749874e+04	5.642976e+04	3.014706e+02	3.326662e+01	2020	2	23	12
	8757	5172	196.835664	-26.379601	9.971511e+04	2.852675e+01	1.079503e+05	1.060837e+05	5.755439e+04	5.630986e+04	3.013729e+02	3.510969e+01	2020	2	23	18
	8884	5150	199.690310	-25.884632	9.935934e+04	3.138092e+01	1.079241e+05	1.062858e+05	5.749641e+04	5.642491e+04	3.017609e+02	2.814507e+01	2020	2	24	0
	8955	5164	201.286214	-26.199612	9.966505e+04	2.685550e+01	1.078674e+05	1.059474e+05	5.755174e+04	5.627583e+04	3.015863e+02	2.987142e+01	2020	2	24	6
	8907	5184	200.207293	-26.649584	9.954412e+04	2.803855e+01	1.077971e+05	1.054153e+05	5.740425e+04	5.606829e+04	3.007547e+02	2.655188e+01	2020	2	24	12
	9118	5229	204.950050	-27.662021	9.972702e+04	2.150483e+01	1.078233e+05	1.053022e+05	5.746214e+04	5.595657e+04	3.007899e+02	2.972395e+01	2020	2	24	18
	8901	5205	200.072428	-27.122055	9.927565e+04	2.054010e+01	1.076741e+05	1.050692e+05	5.727262e+04	5.576336e+04	3.006134e+02	3.572673e+00	2020	2	25	0
start	65	2020	2	22	18
	2522	4841	56.688312	-18.932567	9.998276e+04	1.604870e+01	1.083656e+05	1.077781e+05	5.759687e+04	5.715581e+04	3.035005e+02	1.883682e+01	2020	2	22	18
	2504	4848	56.283716	-19.090057	9.984807e+04	1.508570e+01	1.079334e+05	1.075638e+05	5.740461e+04	5.700632e+04	3.033990e+02	1.329072e+01	2020	2	23	0
	2478	4834	55.699301	-18.775077	1.001235e+05	1.571821e+01	1.082100e+05	1.077684e+05	5.757566e+04	5.720678e+04	3.033522e+02	1.036123e+01	2020	2	23	6
	2511	4815	56.441059	-18.347603	9.990720e+04	1.639710e+01	1.080790e+05	1.076272e+05	5.744789e+04	5.698862e+04	3.038046e+02	1.448273e+01	2020	2	23	12
	2517	4781	56.575924	-17.582651	1.000904e+05	1.654961e+01	1.083717e+05	1.074975e+05	5.766251e+04	5.716507e+04	3.036293e+02	2.118790e+01	2020	2	23	18
	2450	4789	55.069930	-17.762640	9.989787e+04	1.587408e+01	1.082114e+05	1.074851e+05	5.750530e+04	5.692841e+04	3.034606e+02	1.732315e+01	2020	2	24	0
	2475	4797	55.631868	-17.942629	1.002697e+05	1.673899e+01	1.084247e+05	1.079320e+05	5.778852e+04	5.728724e+04	3.033821e+02	1.418034e+01	2020	2	24	6
	2423	4752	54.463037	-16.930192	9.987740e+04	1.544379e+01	1.083001e+05	1.076419e+05	5.765619e+04	5.702924e+04	3.035464e+02	2.216262e+01	2020	2	24	12
	2367	4742	53.204296	-16.705206	1.001945e+05	1.948487e+01	1.085185e+05	1.077196e+05	5.781535e+04	5.708720e+04	3.033085e+02	2.894164e+01	2020	2	24	18
	2266	4711	50.934066	-16.007749	9.982143e+04	2.377279e+01	1.083317e+05	1.076329e+05	5.766513e+04	5.691102e+04	3.035372e+02	2.713525e+01	2020	2	25	0
	2317	4706	52.080420	-15.895257	9.999487e+04	2.456210e+01	1.084220e+05	1.076349e+05	5.780379e+04	5.720786e+04	3.031493e+02	3.069906e+01	2020	2	25	6
	2360	4680	53.046953	-15.310293	9.970288e+04	2.209204e+01	1.082185e+05	1.075387e+05	5.752828e+04	5.690652e+04	3.036260e+02	3.509794e+01	2020	2	25	12
	2336	4643	52.507493	-14.477845	9.947417e+04	2.404901e+01	1.084407e+05	1.077578e+05	5.768649e+04	5.700436e+04	3.035099e+02	4.025308e+01	2020	2	25	18
	2379	4690	53.474026	-15.535279	9.910399e+04	2.469794e+01	1.082052e+05	1.075495e+05	5.746711e+04	5.670920e+04	3.034658e+02	3.159018e+01	2020	2	26	0
	2337	4704	52.529970	-15.850259	9.966989e+04	2.117273e+01	1.083405e+05	1.079010e+05	5.768511e+04	5.703158e+04	3.031490e+02	3.480598e+01	2020	2	26	6
	2305	4677	51.810689	-15.242797	9.929998e+04	2.191590e+01	1.082160e+05	1.074318e+05	5.742436e+04	5.678227e+04	3.030124e+02	4.703507e+01	2020	2	26	12
	2296	4679	51.608392	-15.287794	9.950302e+04	2.437181e+01	1.083215e+05	1.078100e+05	5.754250e+04	5.685027e+04	3.030880e+02	4.102677e+01	2020	2	26	18
	2316	4690	52.057942	-15.535279	9.894795e+04	2.218694e+01	1.080149e+05	1.075638e+05	5.732310e+04	5.663010e+04	3.025795e+02	2.910738e+01	2020	2	27	0
	2297	4715	51.630869	-16.097744	9.941145e+04	2.075056e+01	1.082920e+05	1.078669e+05	5.754025e+04	5.689555e+04	3.028685e+02	3.310639e+01	2020	2	27	6
	2271	4684	51.046454	-15.400287	9.908822e+04	2.624530e+01	1.081972e+05	1.076009e+05	5.732794e+04	5.649821e+04	3.029089e+02	4.041011e+01	2020	2	27	12
	2334	4685	52.462537	-15.422786	9.903779e+04	2.851101e+01	1.082267e+05	1.077977e+05	5.753481e+04	5.675596e+04	3.027233e+02	4.550447e+01	2020	2	27	18
	2384	4708	53.586414	-15.940254	9.888230e+04	2.564085e+01	1.080940e+05	1.073879e+05	5.735652e+04	5.657655e+04	3.028294e+02	3.772432e+01	2020	2	28	0
	2415	4741	54.283217	-16.682707	9.922618e+04	2.899322e+01	1.082525e+05	1.073430e+05	5.756190e+04	5.675164e+04	3.027703e+02	3.310131e+01	2020	2	28	6
	2449	4739	55.047453	-16.637710	9.895919e+04	2.601304e+01	1.081728e+05	1.076558e+05	5.745602e+04	5.657027e+04	3.029733e+02	3.475935e+01	2020	2	28	12
	2466	4785	55.429570	-17.672645	9.907330e+04	2.743087e+01	1.084320e+05	1.078135e+05	5.768280e+04	5.671848e+04	3.028750e+02	3.964849e+01	2020	2	28	18
	2448	4761	55.024975	-17.132679	9.823737e+04	2.974612e+01	1.081460e+05	1.074200e+05	5.740421e+04	5.607419e+04	3.024148e+02	3.108134e+01	2020	2	29	0
	2435	4761	54.732767	-17.132679	9.793727e+04	3.348907e+01	1.084004e+05	1.074144e+05	5.758767e+04	5.595505e+04	3.018492e+02	2.795968e+01	2020	2	29	6
	2406	4772	54.080919	-17.380164	9.781079e+04	3.004367e+01	1.081967e+05	1.072826e+05	5.745217e+04	5.582302e+04	3.015043e+02	2.228934e+01	2020	2	29	12
	2418	4796	54.350649	-17.920130	9.787651e+04	2.642012e+01	1.083665e+05	1.075400e+05	5.765209e+04	5.599537e+04	3.013850e+02	2.236425e+01	2020	2	29	18
	2412	4809	54.215784	-18.212612	9.785218e+04	2.419463e+01	1.082887e+05	1.073986e+05	5.746328e+04	5.589983e+04	3.014976e+02	1.350418e+01	2020	3	1	0
	2392	4830	53.766234	-18.685082	9.820346e+04	2.399742e+01	1.083934e+05	1.076518e+05	5.765291e+04	5.606239e+04	3.015643e+02	1.691338e+01	2020	3	1	6
	2375	4855	53.384116	-19.247547	9.795134e+04	2.739731e+01	1.082024e+05	1.073292e+05	5.747071e+04	5.580948e+04	3.016399e+02	2.317729e+01	2020	3	1	12
	2351	4882	52.844655	-19.855009	9.786203e+04	3.345839e+01	1.083562e+05	1.075432e+05	5.763386e+04	5.581674e+04	3.016259e+02	2.059493e+01	2020	3	1	18
	2340	4878	52.597403	-19.765015	9.718857e+04	3.531119e+01	1.081568e+05	1.071932e+05	5.742710e+04	5.539198e+04	3.016062e+02	1.448389e+01	2020	3	2	0
	2335	4893	52.485015	-20.102494	9.645188e+04	4.079142e+01	1.083351e+05	1.070192e+05	5.767882e+04	5.512303e+04	3.016084e+02	1.773360e+01	2020	3	2	6
	2327	4906	52.305195	-20.394975	9.560972e+04	4.890617e+01	1.082514e+05	1.066345e+05	5.748928e+04	5.454914e+04	3.017523e+02	1.961909e+01	2020	3	2	12
	2333	4908	52.440060	-20.439972	9.588443e+04	4.680941e+01	1.083184e+05	1.067559e+05	5.774068e+04	5.462133e+04	3.016087e+02	2.312215e+01	2020	3	2	18
	2333	4904	52.440060	-20.349978	9.569230e+04	3.800871e+01	1.081200e+05	1.066087e+05	5.744953e+04	5.449980e+04	3.015461e+02	2.086369e+01	2020	3	3	0
	2325	4906	52.260240	-20.394975	9.658263e+04	3.773807e+01	1.082346e+05	1.068760e+05	5.765715e+04	5.496907e+04	3.015665e+02	2.164067e+01	2020	3	3	6
	2314	4905	52.012987	-20.372477	9.693399e+04	3.420562e+01	1.084350e+05	1.070022e+05	5.753496e+04	5.507795e+04	3.016904e+02	2.767998e+01	2020	3	3	12
	2305	4900	51.810689	-20.259984	9.799620e+04	3.339948e+01	1.082272e+05	1.075481e+05	5.765918e+04	5.598671e+04	3.016477e+02	2.869897e+01	2020	3	3	18
	2293	4892	51.540959	-20.079995	9.829120e+04	2.972551e+01	1.080288e+05	1.074190e+05	5.751555e+04	5.618784e+04	3.015827e+02	2.080524e+01	2020	3	4	0
	2277	4886	51.181319	-19.945003	9.893307e+04	2.701162e+01	1.082505e+05	1.075799e+05	5.763889e+04	5.674310e+04	3.016374e+02	1.747123e+01	2020	3	4	6
	2269	4888	51.001499	-19.990001	9.890023e+04	2.628562e+01	1.081173e+05	1.074839e+05	5.750797e+04	5.661330e+04	3.018875e+02	2.403583e+01	2020	3	4	12
	2262	4882	50.844156	-19.855009	9.930737e+04	2.543712e+01	1.083342e+05	1.075536e+05	5.763695e+04	5.685039e+04	3.020083e+02	2.954545e+01	2020	3	4	18
	2254	4880	50.664336	-19.810012	9.925570e+04	2.162049e+01	1.081881e+05	1.076274e+05	5.753141e+04	5.680721e+04	3.019822e+02	2.086538e+01	2020	3	5	0
	2230	4880	50.124875	-19.810012	9.960531e+04	2.413322e+01	1.082734e+05	1.078117e+05	5.767499e+04	5.700610e+04	3.021424e+02	2.201567e+01	2020	3	5	6
	2199	4881	49.428072	-19.832510	9.930662e+04	2.613086e+01	1.081796e+05	1.075820e+05	5.761370e+04	5.672172e+04	3.024963e+02	3.360088e+01	2020	3	5	12
	2196	4908	49.360639	-20.439972	9.928158e+04	2.469299e+01	1.082805e+05	1.075789e+05	5.778557e+04	5.666782e+04	3.019695e+02	3.556094e+01	2020	3	5	18
	2136	4900	48.011988	-20.259984	9.933130e+04	2.622135e+01	1.080536e+05	1.074540e+05	5.763495e+04	5.649021e+04	3.018092e+02	2.561337e+01	2020	3	6	0
	2144	4899	48.191808	-20.237485	1.001057e+05	1.801609e+01	1.081896e+05	1.076400e+05	5.770092e+04	5.681377e+04	3.018729e+02	2.748851e+01	2020	3	6	6
	2031	4904	45.651848	-20.349978	9.975432e+04	1.577492e+01	1.080764e+05	1.075759e+05	5.752468e+04	5.680359e+04	3.048096e+02	4.000090e+01	2020	3	6	12
	1995	4869	44.842657	-19.562527	1.000125e+05	1.402990e+01	1.081094e+05	1.075041e+05	5.756602e+04	5.698852e+04	3.044425e+02	3.258834e+01	2020	3	6	18
	1978	4826	44.460539	-18.595088	9.976755e+04	1.511112e+01	1.079804e+05	1.074586e+05	5.738859e+04	5.689496e+04	3.037997e+02	2.454103e+01	2020	3	7	0
	1980	4835	44.505495	-18.797575	1.000846e+05	1.297291e+01	1.082837e+05	1.077656e+05	5.756254e+04	5.714510e+04	3.036463e+02	2.587293e+01	2020	3	7	6
	1981	4849	44.527972	-19.112555	9.973373e+04	1.146035e+01	1.081305e+05	1.075786e+05	5.743661e+04	5.695474e+04	3.038397e+02	2.985595e+01	2020	3	7	12
	1981	4841	44.527972	-18.932567	9.977902e+04	1.215608e+01	1.084269e+05	1.078457e+05	5.766316e+04	5.713982e+04	3.036933e+02	2.421990e+01	2020	3	7	18
	1993	4842	44.797702	-18.955065	9.987268e+04	1.336120e+01	1.080607e+05	1.075899e+05	5.745905e+04	5.695271e+04	3.035600e+02	1.989886e+01	2020	3	8	0
	1992	4856	44.775225	-19.270046	1.002123e+05	1.409628e+01	1.083771e+05	1.079272e+05	5.780757e+04	5.721747e+04	3.034890e+02	2.338613e+01	2020	3	8	6
	1974	4868	44.370629	-19.540029	9.982184e+04	1.423591e+01	1.084443e+05	1.078991e+05	5.760471e+04	5.722309e+04	3.038168e+02	2.198239e+01	2020	3	8	12
	1985	4856	44.617882	-19.270046	1.002820e+05	9.145431e+00	1.084941e+05	1.080796e+05	5.781312e+04	5.736859e+04	3.036078e+02	1.907690e+01	2020	3	8	18
	1987	4854	44.662837	-19.225048	1.002463e+05	8.287389e+00	1.083236e+05	1.079692e+05	5.768959e+04	5.735185e+04	3.035430e+02	1.332668e+01	2020	3	9	0
	1990	4857	44.730270	-19.292544	1.005459e+05	9.189414e+00	1.087455e+05	1.081263e+05	5.794033e+04	5.760041e+04	3.035174e+02	1.792077e+01	2020	3	9	6
	1998	4861	44.910090	-19.382539	1.001252e+05	1.474306e+01	1.084094e+05	1.080626e+05	5.773991e+04	5.738438e+04	3.039657e+02	2.749671e+01	2020	3	9	12
	2011	4852	45.202298	-19.180051	1.002825e+05	1.371778e+01	1.086995e+05	1.080206e+05	5.786899e+04	5.747341e+04	3.036888e+02	2.698975e+01	2020	3	9	18
start	11	2020	2	25	12
	14603	5105	328.239261	-24.872195	1.011752e+05	1.648928e+01	1.077839e+05	1.061285e+05	5.793394e+04	5.716731e+04	3.012046e+02	2.625463e+01	2020	2	25	12
	14673	5154	329.812687	-25.974627	1.009731e+05	1.990466e+01	1.076308e+05	1.061485e+05	5.780572e+04	5.695409e+04	3.006383e+02	1.546873e+01	2020	2	25	18
	14688	5178	330.149850	-26.514593	1.010790e+05	2.356147e+01	1.078012e+05	1.063655e+05	5.794957e+04	5.715201e+04	3.005254e+02	5.160270e+00	2020	2	26	0
	14696	5256	330.329670	-28.269483	1.008164e+05	2.338159e+01	1.075305e+05	1.058071e+05	5.778076e+04	5.695611e+04	2.994792e+02	1.327290e+01	2020	2	26	6
	14693	5271	330.262238	-28.606962	1.013190e+05	1.630728e+01	1.077060e+05	1.058911e+05	5.799085e+04	5.712224e+04	2.993741e+02	1.460147e+01	2020	2	26	12
	14735	5316	331.206294	-29.619399	1.008011e+05	2.359389e+01	1.075208e+05	1.057270e+05	5.782455e+04	5.681318e+04	2.989511e+02	8.153754e+00	2020	2	26	18
	14834	5367	333.431568	-30.766827	1.010195e+05	2.490244e+01	1.076269e+05	1.056407e+05	5.793811e+04	5.687027e+04	2.981245e+02	7.317756e+00	2020	2	27	0
	14882	5417	334.510490	-31.891757	1.005411e+05	3.257318e+01	1.073087e+05	1.051853e+05	5.770877e+04	5.666496e+04	2.973494e+02	1.168925e+01	2020	2	27	6
	14954	5474	336.128871	-33.174177	1.007332e+05	2.800932e+01	1.073155e+05	1.050798e+05	5.780410e+04	5.661802e+04	2.971132e+02	1.230787e+01	2020	2	27	12
	14998	5542	337.117882	-34.704081	9.997288e+04	2.440316e+01	1.069712e+05	1.046562e+05	5.768084e+04	5.631812e+04	2.964685e+02	7.889802e+00	2020	2	27	18
	15084	5602	339.050949	-36.053997	1.005013e+05	2.152597e+01	1.069060e+05	1.042098e+05	5.761707e+04	5.608020e+04	2.953069e+02	8.034940e+00	2020	2	28	0
start	10	2020	2	27	6
	9948	5329	223.606394	-29.911880	9.969549e+04	2.597276e+01	1.076201e+05	1.055463e+05	5.744941e+04	5.599705e+04	3.002372e+02	1.645735e+01	2020	2	27	6
	10002	5413	224.820180	-31.801762	9.957828e+04	2.890073e+01	1.075857e+05	1.048434e+05	5.718398e+04	5.565632e+04	2.986300e+02	2.698270e+01	2020	2	27	12
	10064	5413	226.213786	-31.801762	9.983554e+04	3.006397e+01	1.072617e+05	1.047785e+05	5.726908e+04	5.587193e+04	2.983486e+02	1.668792e+01	2020	2	27	18
	10143	5367	227.989510	-30.766827	9.932739e+04	3.265036e+01	1.075288e+05	1.047938e+05	5.731889e+04	5.576568e+04	2.996250e+02	1.501507e+01	2020	2	28	0
	10219	5264	229.697802	-28.449472	9.986805e+04	2.814309e+01	1.078087e+05	1.053388e+05	5.760898e+04	5.606168e+04	3.009163e+02	1.706256e+01	2020	2	28	6
	10240	5218	230.169830	-27.414537	9.990268e+04	2.687809e+01	1.076249e+05	1.055237e+05	5.737508e+04	5.622781e+04	3.012597e+02	1.886770e+01	2020	2	28	12
	10294	5334	231.383616	-30.024373	1.000824e+05	2.878329e+01	1.076483e+05	1.047676e+05	5.750029e+04	5.628064e+04	2.993205e+02	1.052431e+01	2020	2	28	18
	10378	5279	233.271728	-28.786951	1.002539e+05	2.582955e+01	1.075639e+05	1.049110e+05	5.736497e+04	5.628875e+04	3.002993e+02	1.119328e+01	2020	2	29	0
	10369	5149	233.069431	-25.862134	1.004540e+05	2.391696e+01	1.080302e+05	1.062700e+05	5.770125e+04	5.683502e+04	3.012480e+02	1.171950e+01	2020	2	29	6
	10389	5104	233.518981	-24.849697	1.003233e+05	2.007941e+01	1.077924e+05	1.063937e+05	5.746203e+04	5.677635e+04	3.014787e+02	1.210558e+01	2020	2	29	12
start	10	2020	3	5	6
	8543	5189	192.025475	-26.762077	9.969918e+04	3.114471e+01	1.073408e+05	1.040625e+05	5.711670e+04	5.556985e+04	3.014557e+02	7.623119e+00	2020	3	5	6
	8448	5264	189.890110	-28.449472	1.001344e+05	1.693139e+01	1.067854e+05	1.038442e+05	5.707687e+04	5.541296e+04	3.004123e+02	1.516135e+01	2020	3	5	12
	8551	5309	192.205295	-29.461909	9.991075e+04	2.772713e+01	1.062312e+05	1.040539e+05	5.683848e+04	5.549577e+04	3.000668e+02	1.953342e+01	2020	3	5	18
	8630	5146	193.981019	-25.794638	9.996412e+04	2.735747e+01	1.072181e+05	1.044320e+05	5.724178e+04	5.562757e+04	3.015361e+02	1.256807e+01	2020	3	6	0
	8700	5121	195.554446	-25.232173	9.972427e+04	2.469682e+01	1.073573e+05	1.044516e+05	5.726419e+04	5.560628e+04	3.014324e+02	1.401747e+01	2020	3	6	6
	8774	5103	197.217782	-24.827198	9.990265e+04	2.601105e+01	1.074479e+05	1.045326e+05	5.721924e+04	5.593188e+04	3.012156e+02	1.969828e+01	2020	3	6	12
	8859	5019	199.128372	-22.937316	9.970799e+04	2.597259e+01	1.077392e+05	1.052882e+05	5.731577e+04	5.605670e+04	3.021611e+02	1.696992e+01	2020	3	6	18
	8914	4991	200.364635	-22.307356	9.973848e+04	2.725322e+01	1.078203e+05	1.055432e+05	5.735910e+04	5.614580e+04	3.027816e+02	1.244782e+01	2020	3	7	0
	8968	4946	201.578422	-21.294919	9.988267e+04	2.657193e+01	1.081334e+05	1.056794e+05	5.763445e+04	5.646379e+04	3.033473e+02	5.811812e+00	2020	3	7	6
	9237	4959	207.624875	-21.587401	9.933340e+04	2.894342e+01	1.082958e+05	1.061396e+05	5.757467e+04	5.620582e+04	3.032682e+02	1.746000e+01	2020	3	7	12
start	14	2020	3	8	18
	2783	4815	62.554945	-18.347603	1.004177e+05	1.694056e+01	1.087535e+05	1.080616e+05	5.798291e+04	5.733816e+04	3.038838e+02	2.612015e+01	2020	3	8	18
	2896	4777	65.094905	-17.492657	1.001350e+05	1.769281e+01	1.083963e+05	1.078422e+05	5.774290e+04	5.715063e+04	3.035603e+02	3.485763e+01	2020	3	9	0
	3042	4857	68.376623	-19.292544	1.002569e+05	2.337167e+01	1.084894e+05	1.076812e+05	5.777289e+04	5.706396e+04	3.032495e+02	3.536931e+01	2020	3	9	6
	3098	4834	69.635365	-18.775077	9.998536e+04	2.140403e+01	1.083091e+05	1.075328e+05	5.761748e+04	5.676918e+04	3.032539e+02	3.468605e+01	2020	3	9	12
	3104	4877	69.770230	-19.742516	1.002065e+05	2.565902e+01	1.083575e+05	1.072609e+05	5.777854e+04	5.712781e+04	3.030458e+02	3.596851e+01	2020	3	9	18
	2987	4839	67.140360	-18.887569	9.945936e+04	2.167756e+01	1.082268e+05	1.071183e+05	5.746679e+04	5.685762e+04	3.031316e+02	2.869455e+01	2020	3	10	0
	3002	4837	67.477522	-18.842572	1.000282e+05	2.098996e+01	1.083553e+05	1.071754e+05	5.767434e+04	5.706904e+04	3.031206e+02	2.745719e+01	2020	3	10	6
	3066	4889	68.916084	-20.012499	9.948012e+04	2.258684e+01	1.081226e+05	1.067751e+05	5.745837e+04	5.678021e+04	3.031909e+02	2.115780e+01	2020	3	10	12
	3152	4880	70.849151	-19.810012	9.973217e+04	2.006507e+01	1.084111e+05	1.069047e+05	5.764359e+04	5.681291e+04	3.028348e+02	2.889600e+01	2020	3	10	18
	3257	4938	73.209291	-21.114930	9.912354e+04	2.495123e+01	1.080470e+05	1.064129e+05	5.747554e+04	5.631548e+04	3.018975e+02	3.733198e+01	2020	3	11	0
	3311	4995	74.423077	-22.397350	9.915388e+04	2.704548e+01	1.081245e+05	1.063872e+05	5.758501e+04	5.654118e+04	3.015103e+02	4.407929e+01	2020	3	11	6
	3350	5032	75.299700	-23.229798	9.871870e+04	2.941828e+01	1.080857e+05	1.061216e+05	5.730887e+04	5.625486e+04	3.013350e+02	4.368336e+01	2020	3	11	12
	3411	5104	76.670829	-24.849697	9.841901e+04	4.039863e+01	1.081219e+05	1.060033e+05	5.745706e+04	5.552701e+04	2.999016e+02	5.131359e+01	2020	3	11	18
	3385	5122	76.086414	-25.254672	9.895591e+04	3.091477e+01	1.079749e+05	1.057087e+05	5.729430e+04	5.610008e+04	2.996415e+02	4.661107e+01	2020	3	12	0
start	49	2020	3	10	12
	2027	4890	45.561938	-20.034998	1.001524e+05	9.306957e+00	1.083712e+05	1.077302e+05	5.762688e+04	5.721237e+04	3.037295e+02	2.995646e+01	2020	3	10	12
	1999	4866	44.932567	-19.495032	1.002568e+05	1.007846e+01	1.083514e+05	1.077851e+05	5.766189e+04	5.732069e+04	3.037242e+02	2.062754e+01	2020	3	10	18
	1959	4862	44.033467	-19.405037	1.001390e+05	1.006196e+01	1.080964e+05	1.075613e+05	5.745154e+04	5.712995e+04	3.035537e+02	1.830215e+01	2020	3	11	0
	1981	4836	44.527972	-18.820074	1.002665e+05	1.395261e+01	1.082034e+05	1.076676e+05	5.760125e+04	5.726995e+04	3.034286e+02	2.264771e+01	2020	3	11	6
	2183	4829	49.068432	-18.662584	9.960634e+04	1.973390e+01	1.080121e+05	1.075599e+05	5.738512e+04	5.674649e+04	3.030708e+02	2.540419e+01	2020	3	11	12
	2209	4794	49.652847	-17.875133	1.001416e+05	2.189251e+01	1.082996e+05	1.076848e+05	5.764957e+04	5.710653e+04	3.039043e+02	2.332007e+01	2020	3	11	18
	2216	4796	49.810190	-17.920130	1.001037e+05	1.497630e+01	1.079178e+05	1.074073e+05	5.741541e+04	5.700786e+04	3.037196e+02	1.824400e+01	2020	3	12	0
	2238	4821	50.304695	-18.482595	1.003547e+05	1.933784e+01	1.081068e+05	1.075304e+05	5.764745e+04	5.713738e+04	3.034583e+02	1.943949e+01	2020	3	12	6
	2216	4822	49.810190	-18.505093	1.000170e+05	1.714485e+01	1.080186e+05	1.073902e+05	5.743061e+04	5.700554e+04	3.034882e+02	2.177254e+01	2020	3	12	12
	2248	4830	50.529471	-18.685082	1.001842e+05	2.278253e+01	1.081885e+05	1.074610e+05	5.758374e+04	5.697882e+04	3.039420e+02	1.818394e+01	2020	3	12	18
	2217	4791	49.832667	-17.807637	1.000425e+05	1.984890e+01	1.079320e+05	1.071958e+05	5.745825e+04	5.693932e+04	3.038525e+02	1.327819e+01	2020	3	13	0
	2233	4790	50.192308	-17.785138	1.003833e+05	1.565625e+01	1.082500e+05	1.076553e+05	5.775514e+04	5.730686e+04	3.037775e+02	1.264393e+01	2020	3	13	6
	2359	4779	53.024476	-17.537654	1.001010e+05	1.718834e+01	1.082144e+05	1.077195e+05	5.748379e+04	5.711220e+04	3.041714e+02	1.813546e+01	2020	3	13	12
	2302	4722	51.743257	-16.255234	1.003226e+05	1.442495e+01	1.085142e+05	1.079293e+05	5.770880e+04	5.731408e+04	3.043690e+02	2.636985e+01	2020	3	13	18
	2310	4716	51.923077	-16.120242	1.000133e+05	1.615538e+01	1.081242e+05	1.077906e+05	5.752514e+04	5.718157e+04	3.037838e+02	1.274106e+01	2020	3	14	0
	2332	4688	52.417582	-15.490282	1.003889e+05	1.449946e+01	1.084766e+05	1.080777e+05	5.782529e+04	5.748543e+04	3.037290e+02	1.045498e+01	2020	3	14	6
	2376	4674	53.406593	-15.175302	1.001503e+05	1.450893e+01	1.082388e+05	1.078931e+05	5.759228e+04	5.726586e+04	3.037525e+02	1.781454e+01	2020	3	14	12
	2404	4698	54.035964	-15.715268	1.004932e+05	1.218806e+01	1.084595e+05	1.080144e+05	5.779411e+04	5.738525e+04	3.033932e+02	2.258986e+01	2020	3	14	18
	2416	4685	54.305694	-15.422786	1.001478e+05	1.608634e+01	1.082692e+05	1.075566e+05	5.758228e+04	5.717247e+04	3.030085e+02	1.887830e+01	2020	3	15	0
	2406	4680	54.080919	-15.310293	1.003553e+05	1.687147e+01	1.084888e+05	1.079925e+05	5.781213e+04	5.737475e+04	3.027001e+02	1.611729e+01	2020	3	15	6
	2406	4682	54.080919	-15.355290	1.000830e+05	1.642051e+01	1.081228e+05	1.076983e+05	5.754745e+04	5.714330e+04	3.027725e+02	1.516713e+01	2020	3	15	12
	2402	4670	53.991009	-15.085307	1.003586e+05	1.855760e+01	1.083784e+05	1.078018e+05	5.768981e+04	5.732756e+04	3.025973e+02	1.856609e+01	2020	3	15	18
	2421	4644	54.418082	-14.500344	1.000382e+05	1.828439e+01	1.081192e+05	1.075322e+05	5.745678e+04	5.702663e+04	3.025193e+02	1.543174e+01	2020	3	16	0
	2464	4636	55.384615	-14.320355	1.003132e+05	1.432710e+01	1.083471e+05	1.076983e+05	5.774722e+04	5.734934e+04	3.025218e+02	1.224177e+01	2020	3	16	6
	2484	4642	55.834166	-14.455347	9.984967e+04	1.645521e+01	1.080544e+05	1.075699e+05	5.745198e+04	5.700380e+04	3.030633e+02	1.691796e+01	2020	3	16	12
	2515	4634	56.530969	-14.275358	1.001132e+05	1.870001e+01	1.083600e+05	1.075647e+05	5.772563e+04	5.724586e+04	3.029692e+02	2.148143e+01	2020	3	16	18
	2533	4642	56.935564	-14.455347	9.975786e+04	1.838487e+01	1.080278e+05	1.073185e+05	5.751675e+04	5.697308e+04	3.030457e+02	1.210074e+01	2020	3	17	0
	2573	4638	57.834665	-14.365352	9.993038e+04	2.142588e+01	1.083267e+05	1.074556e+05	5.777181e+04	5.722557e+04	3.032067e+02	1.100814e+01	2020	3	17	6
	2600	4646	58.441558	-14.545341	9.952050e+04	2.407355e+01	1.081426e+05	1.074889e+05	5.752246e+04	5.704237e+04	3.033531e+02	1.566421e+01	2020	3	17	12
	2646	4658	59.475524	-14.815324	9.971268e+04	2.880408e+01	1.083584e+05	1.075020e+05	5.791045e+04	5.695753e+04	3.032302e+02	2.120810e+01	2020	3	17	18
	2656	4712	59.700300	-16.030248	9.967410e+04	2.179944e+01	1.081016e+05	1.074351e+05	5.762660e+04	5.705880e+04	3.031689e+02	1.661390e+01	2020	3	18	0
	2662	4737	59.835165	-16.592713	9.980619e+04	2.584451e+01	1.084351e+05	1.079438e+05	5.775320e+04	5.716380e+04	3.031767e+02	1.236004e+01	2020	3	18	6
	2667	4818	59.947552	-18.415099	9.948534e+04	2.027774e+01	1.082792e+05	1.076668e+05	5.762100e+04	5.696675e+04	3.028738e+02	1.636050e+01	2020	3	18	12
	2682	4894	60.284715	-20.124992	9.955495e+04	2.809207e+01	1.082667e+05	1.077106e+05	5.771978e+04	5.684030e+04	3.023252e+02	2.246040e+01	2020	3	18	18
	2628	4886	59.070929	-19.945003	9.967276e+04	2.028434e+01	1.079904e+05	1.075181e+05	5.745704e+04	5.694582e+04	3.022383e+02	2.076595e+01	2020	3	19	0
	2602	4903	58.486513	-20.327479	9.985040e+04	2.595512e+01	1.082870e+05	1.076896e+05	5.756141e+04	5.711088e+04	3.022062e+02	1.725923e+01	2020	3	19	6
	2675	4882	60.127373	-19.855009	9.942836e+04	2.061816e+01	1.080952e+05	1.075292e+05	5.736668e+04	5.681286e+04	3.022803e+02	2.151298e+01	2020	3	19	12
	2654	4908	59.655345	-20.439972	9.976135e+04	2.281112e+01	1.081884e+05	1.075700e+05	5.752541e+04	5.700048e+04	3.021592e+02	2.762989e+01	2020	3	19	18
	2665	4865	59.902597	-19.472533	9.938072e+04	2.752424e+01	1.079982e+05	1.073629e+05	5.728675e+04	5.660173e+04	3.020822e+02	2.281806e+01	2020	3	20	0
	2675	4898	60.127373	-20.214987	9.961400e+04	2.663608e+01	1.080400e+05	1.076587e+05	5.748811e+04	5.686702e+04	3.019678e+02	1.643486e+01	2020	3	20	6
	2623	4878	58.958541	-19.765015	9.940665e+04	2.377993e+01	1.080939e+05	1.071844e+05	5.739024e+04	5.644377e+04	3.021571e+02	1.595453e+01	2020	3	20	12
	2668	4890	59.970030	-20.034998	9.963054e+04	2.366077e+01	1.079994e+05	1.075541e+05	5.757474e+04	5.683754e+04	3.018896e+02	1.735856e+01	2020	3	20	18
	2646	4877	59.475524	-19.742516	9.934041e+04	3.266585e+01	1.078001e+05	1.073673e+05	5.728516e+04	5.665116e+04	3.018594e+02	1.460559e+01	2020	3	21	0
	2724	4921	61.228771	-20.732454	9.962534e+04	2.915851e+01	1.080569e+05	1.074081e+05	5.748097e+04	5.679864e+04	3.017675e+02	1.258341e+01	2020	3	21	6
	2697	4844	60.621878	-19.000062	9.946588e+04	2.504001e+01	1.079081e+05	1.074589e+05	5.731073e+04	5.673196e+04	3.020670e+02	1.547044e+01	2020	3	21	12
	2684	4839	60.329670	-18.887569	9.978536e+04	2.395884e+01	1.081490e+05	1.075657e+05	5.762988e+04	5.686886e+04	3.019762e+02	1.582103e+01	2020	3	21	18
	2688	4804	60.419580	-18.100119	9.970388e+04	2.016039e+01	1.078795e+05	1.074841e+05	5.738111e+04	5.668352e+04	3.027367e+02	1.027115e+01	2020	3	22	0
	2724	4820	61.228771	-18.460096	1.000163e+05	2.016133e+01	1.081367e+05	1.077918e+05	5.774127e+04	5.701417e+04	3.022910e+02	1.078383e+01	2020	3	22	6
	2755	4853	61.925574	-19.202550	9.955327e+04	2.446543e+01	1.081497e+05	1.074411e+05	5.747463e+04	5.694234e+04	3.024590e+02	1.181384e+01	2020	3	22	12
start	12	2020	3	11	0
	9790	4962	220.054945	-21.654897	1.005922e+05	1.234297e+01	1.081722e+05	1.064448e+05	5.781245e+04	5.694159e+04	3.033667e+02	5.339155e+00	2020	3	11	0
	9801	4972	220.302198	-21.879882	1.008712e+05	1.093681e+01	1.083302e+05	1.066600e+05	5.788717e+04	5.716778e+04	3.032997e+02	5.102748e+00	2020	3	11	6
	9891	4976	222.325175	-21.969877	1.007334e+05	1.523089e+01	1.080563e+05	1.066438e+05	5.785366e+04	5.712831e+04	3.033247e+02	9.345486e+00	2020	3	11	12
	9933	5079	223.269231	-24.287232	1.007414e+05	2.576139e+01	1.082920e+05	1.062555e+05	5.794530e+04	5.708957e+04	3.025844e+02	5.559416e+00	2020	3	11	18
	9971	5053	224.123377	-23.702269	1.006446e+05	2.331378e+01	1.081647e+05	1.066002e+05	5.780275e+04	5.704053e+04	3.030338e+02	3.917700e+00	2020	3	12	0
	9915	5096	222.864635	-24.669708	1.009591e+05	1.653883e+01	1.084494e+05	1.064604e+05	5.805439e+04	5.710033e+04	3.026402e+02	6.080579e+00	2020	3	12	6
	10002	5184	224.820180	-26.649584	1.008284e+05	2.068702e+01	1.080423e+05	1.057791e+05	5.782938e+04	5.670581e+04	3.014065e+02	1.161737e+01	2020	3	12	12
	10042	5220	225.719281	-27.459534	1.008676e+05	2.565064e+01	1.082409e+05	1.056371e+05	5.808495e+04	5.669893e+04	3.008643e+02	1.386141e+01	2020	3	12	18
	10064	5229	226.213786	-27.662021	1.004336e+05	2.589275e+01	1.080485e+05	1.055021e+05	5.775059e+04	5.649118e+04	3.009258e+02	1.411577e+01	2020	3	13	0
	10077	5275	226.505994	-28.696956	1.000935e+05	2.988051e+01	1.081067e+05	1.048723e+05	5.792420e+04	5.632876e+04	3.003846e+02	1.614314e+01	2020	3	13	6
	10105	5329	227.135365	-29.911880	9.974619e+04	2.781718e+01	1.077021e+05	1.039414e+05	5.763691e+04	5.594261e+04	2.998575e+02	1.898579e+01	2020	3	13	12
	10164	5373	228.461538	-30.901819	9.930652e+04	3.846906e+01	1.081497e+05	1.036302e+05	5.781299e+04	5.585211e+04	2.990946e+02	1.121633e+01	2020	3	13	18
start	18	2020	3	16	0
	4723	4444	106.161339	-10.000625	1.004143e+05	1.660956e+01	1.080972e+05	1.074204e+05	5.761189e+04	5.716405e+04	3.041841e+02	2.179332e+01	2020	3	16	0
	4773	4457	107.285215	-10.293107	1.003500e+05	1.688044e+01	1.079887e+05	1.075134e+05	5.763443e+04	5.714285e+04	3.042352e+02	1.238282e+01	2020	3	16	6
	4840	4488	108.791209	-10.990563	1.004622e+05	1.663569e+01	1.081533e+05	1.077943e+05	5.762996e+04	5.726496e+04	3.051570e+02	6.356520e+00	2020	3	16	12
	4834	4517	108.656344	-11.643022	1.004522e+05	1.762626e+01	1.081431e+05	1.077024e+05	5.761849e+04	5.718908e+04	3.050361e+02	1.217915e+01	2020	3	16	18
	4882	4520	109.735265	-11.710518	1.005226e+05	1.777436e+01	1.080988e+05	1.077596e+05	5.767064e+04	5.736370e+04	3.048535e+02	9.495491e+00	2020	3	17	0
	4827	4535	108.499001	-12.047997	1.002709e+05	1.692861e+01	1.081508e+05	1.078065e+05	5.765628e+04	5.732478e+04	3.044655e+02	9.036855e+00	2020	3	17	6
	4846	4564	108.926074	-12.700456	1.003346e+05	1.345105e+01	1.082115e+05	1.078108e+05	5.778189e+04	5.745221e+04	3.045694e+02	9.561084e+00	2020	3	17	12
	4842	4563	108.836164	-12.677958	1.003054e+05	1.574520e+01	1.082980e+05	1.077676e+05	5.772829e+04	5.738795e+04	3.043218e+02	2.217605e+01	2020	3	17	18
	4784	4586	107.532468	-13.195425	1.001921e+05	2.241343e+01	1.082224e+05	1.075672e+05	5.775765e+04	5.730995e+04	3.040258e+02	1.899101e+01	2020	3	18	0
	4802	4642	107.937063	-14.455347	1.002729e+05	2.315837e+01	1.082866e+05	1.075885e+05	5.775556e+04	5.731325e+04	3.039124e+02	8.934793e+00	2020	3	18	6
	4728	4646	106.273726	-14.545341	1.003204e+05	1.603354e+01	1.082507e+05	1.077593e+05	5.784875e+04	5.742072e+04	3.036683e+02	5.274159e+00	2020	3	18	12
	4719	4638	106.071429	-14.365352	1.001604e+05	1.731954e+01	1.083313e+05	1.077928e+05	5.772831e+04	5.743726e+04	3.036717e+02	1.530775e+01	2020	3	18	18
	4702	4657	105.689311	-14.792825	1.002924e+05	1.768642e+01	1.082085e+05	1.076531e+05	5.774907e+04	5.741209e+04	3.033949e+02	1.013003e+01	2020	3	19	0
	4677	4668	105.127373	-15.040310	1.004322e+05	1.440034e+01	1.083657e+05	1.077671e+05	5.771585e+04	5.741897e+04	3.038917e+02	7.150667e+00	2020	3	19	6
	4645	4693	104.408092	-15.602775	1.004922e+05	1.502183e+01	1.083034e+05	1.078388e+05	5.781812e+04	5.743183e+04	3.037912e+02	4.111022e+00	2020	3	19	12
	4560	4737	102.497502	-16.592713	1.005209e+05	1.882690e+01	1.082392e+05	1.076914e+05	5.775530e+04	5.748552e+04	3.037419e+02	8.832638e+00	2020	3	19	18
	4528	4707	101.778222	-15.917755	1.005704e+05	1.700299e+01	1.081768e+05	1.077748e+05	5.777902e+04	5.742277e+04	3.042091e+02	9.772836e+00	2020	3	20	0
	4461	4731	100.272228	-16.457721	1.005658e+05	1.649264e+01	1.082196e+05	1.077855e+05	5.780386e+04	5.743362e+04	3.034744e+02	7.587015e+00	2020	3	20	6
start	33	2020	3	16	18
	3706	4480	83.301698	-10.810574	1.004267e+05	1.729882e+01	1.082802e+05	1.077219e+05	5.772022e+04	5.735833e+04	3.028262e+02	1.714857e+01	2020	3	16	18
	3762	4537	84.560440	-12.092994	1.002368e+05	1.999455e+01	1.079814e+05	1.073816e+05	5.761436e+04	5.712093e+04	3.027413e+02	2.309941e+01	2020	3	17	0
	3822	4491	85.909091	-11.058059	1.002934e+05	2.150572e+01	1.080260e+05	1.073589e+05	5.763429e+04	5.712488e+04	3.029653e+02	1.927389e+01	2020	3	17	6
	3841	4503	86.336164	-11.328042	1.002086e+05	1.633072e+01	1.078827e+05	1.074564e+05	5.747507e+04	5.714655e+04	3.030057e+02	5.693696e+00	2020	3	17	12
	3887	4510	87.370130	-11.485532	1.004774e+05	1.516372e+01	1.079931e+05	1.075032e+05	5.762471e+04	5.729438e+04	3.030566e+02	8.891921e+00	2020	3	17	18
	3929	4532	88.314186	-11.980501	1.001049e+05	2.056251e+01	1.079269e+05	1.074679e+05	5.748061e+04	5.710595e+04	3.035417e+02	1.584635e+01	2020	3	18	0
	3957	4540	88.943556	-12.160490	1.002408e+05	1.925127e+01	1.080117e+05	1.076964e+05	5.757450e+04	5.719551e+04	3.037093e+02	2.285905e+01	2020	3	18	6
	3962	4567	89.055944	-12.767952	1.002533e+05	1.897707e+01	1.080248e+05	1.075361e+05	5.754053e+04	5.714412e+04	3.036939e+02	2.481050e+01	2020	3	18	12
	3989	4548	89.662837	-12.340479	1.003652e+05	1.732557e+01	1.080655e+05	1.077182e+05	5.766924e+04	5.727321e+04	3.036411e+02	2.601007e+01	2020	3	18	18
	3983	4564	89.527972	-12.700456	1.001737e+05	1.803760e+01	1.079860e+05	1.072686e+05	5.756991e+04	5.705018e+04	3.035623e+02	1.890916e+01	2020	3	19	0
	4026	4591	90.494505	-13.307918	1.001113e+05	1.781374e+01	1.080860e+05	1.076586e+05	5.766843e+04	5.714351e+04	3.035753e+02	2.011318e+01	2020	3	19	6
	4002	4619	89.955045	-13.937879	9.974815e+04	1.986373e+01	1.080717e+05	1.076302e+05	5.758921e+04	5.706849e+04	3.035451e+02	1.467646e+01	2020	3	19	12
	3991	4641	89.707792	-14.432848	9.996276e+04	2.193040e+01	1.081120e+05	1.077037e+05	5.766164e+04	5.703175e+04	3.032318e+02	1.347486e+01	2020	3	19	18
	3956	4662	88.921079	-14.905318	9.972813e+04	1.971557e+01	1.081690e+05	1.076432e+05	5.760140e+04	5.697575e+04	3.028128e+02	7.914719e+00	2020	3	20	0
	3912	4679	87.932068	-15.287794	9.970964e+04	2.289200e+01	1.081225e+05	1.078303e+05	5.765320e+04	5.700369e+04	3.030603e+02	7.358441e+00	2020	3	20	6
	3896	4719	87.572428	-16.187738	9.977939e+04	2.049092e+01	1.081408e+05	1.077514e+05	5.760410e+04	5.701827e+04	3.028657e+02	3.735227e+00	2020	3	20	12
	3863	4750	86.830669	-16.885195	9.992298e+04	2.106137e+01	1.081739e+05	1.076635e+05	5.765149e+04	5.708734e+04	3.028015e+02	5.767992e+00	2020	3	20	18
	3873	4762	87.055445	-17.155178	9.967570e+04	1.866331e+01	1.080240e+05	1.075548e+05	5.752501e+04	5.706264e+04	3.025730e+02	3.411557e+00	2020	3	21	0
	3857	4776	86.695804	-17.470158	9.997175e+04	1.490007e+01	1.081630e+05	1.079142e+05	5.758372e+04	5.721462e+04	3.028039e+02	3.131779e+00	2020	3	21	6
	3838	4793	86.268731	-17.852634	9.989528e+04	1.825916e+01	1.080933e+05	1.077253e+05	5.751603e+04	5.716913e+04	3.029146e+02	6.182805e+00	2020	3	21	12
	3819	4815	85.841658	-18.347603	1.000014e+05	2.241596e+01	1.082146e+05	1.078041e+05	5.760826e+04	5.715753e+04	3.026642e+02	7.202686e+00	2020	3	21	18
	3849	4818	86.515984	-18.415099	9.979859e+04	2.016162e+01	1.083166e+05	1.076021e+05	5.750317e+04	5.699477e+04	3.025176e+02	4.169431e+00	2020	3	22	0
	3851	4825	86.560939	-18.572589	1.000451e+05	1.507380e+01	1.080725e+05	1.076858e+05	5.764238e+04	5.730861e+04	3.025517e+02	5.071182e+00	2020	3	22	6
	3889	4833	87.415085	-18.752578	9.989383e+04	1.850302e+01	1.081875e+05	1.075510e+05	5.761491e+04	5.723377e+04	3.022425e+02	5.992435e+00	2020	3	22	12
	3911	4827	87.909590	-18.617586	1.001392e+05	1.830136e+01	1.081000e+05	1.075672e+05	5.766566e+04	5.725138e+04	3.020750e+02	7.205186e+00	2020	3	22	18
	3934	4842	88.426573	-18.955065	9.977601e+04	1.477697e+01	1.080606e+05	1.071939e+05	5.753725e+04	5.702502e+04	3.018982e+02	4.573943e+00	2020	3	23	0
	3960	4830	89.010989	-18.685082	1.000142e+05	2.018382e+01	1.080872e+05	1.072842e+05	5.761429e+04	5.719804e+04	3.021262e+02	9.087042e+00	2020	3	23	6
	3985	4834	89.572927	-18.775077	9.994324e+04	1.758374e+01	1.081199e+05	1.072210e+05	5.769517e+04	5.711346e+04	3.024220e+02	1.273802e+01	2020	3	23	12
	3995	4833	89.797702	-18.752578	1.001840e+05	2.002645e+01	1.082690e+05	1.073287e+05	5.764426e+04	5.723268e+04	3.024630e+02	1.099497e+01	2020	3	23	18
	3993	4822	89.752747	-18.505093	1.002716e+05	2.178613e+01	1.082921e+05	1.072289e+05	5.760687e+04	5.725796e+04	3.026294e+02	8.839196e+00	2020	3	24	0
	3968	4815	89.190809	-18.347603	1.005139e+05	1.573857e+01	1.080663e+05	1.074278e+05	5.767229e+04	5.741212e+04	3.027600e+02	1.057656e+01	2020	3	24	6
	3940	4806	88.561439	-18.145116	1.004979e+05	1.845033e+01	1.081573e+05	1.072713e+05	5.767704e+04	5.739104e+04	3.026469e+02	1.334642e+01	2020	3	24	12
	3976	4753	89.370629	-16.952690	1.008144e+05	1.358680e+01	1.083924e+05	1.075953e+05	5.790600e+04	5.748624e+04	3.034680e+02	1.346710e+01	2020	3	24	18
start	11	2020	3	17	6
	11697	4277	262.919580	-6.243360	1.008280e+05	1.392253e+01	1.081026e+05	1.076514e+05	5.784283e+04	5.758024e+04	3.022843e+02	6.632251e+00	2020	3	17	6
	11692	4298	262.807193	-6.715830	1.006210e+05	1.344014e+01	1.079501e+05	1.074450e+05	5.761687e+04	5.735988e+04	3.019233e+02	7.344740e+00	2020	3	17	12
	11638	4293	261.593407	-6.603337	1.008629e+05	1.432051e+01	1.081623e+05	1.076190e+05	5.782801e+04	5.756879e+04	3.018888e+02	7.670576e+00	2020	3	17	18
	11617	4275	261.121379	-6.198363	1.005521e+05	1.322424e+01	1.079656e+05	1.074546e+05	5.757074e+04	5.727456e+04	3.019951e+02	6.929469e+00	2020	3	18	0
	11569	4281	260.042458	-6.333354	1.007899e+05	1.220348e+01	1.080623e+05	1.077085e+05	5.774456e+04	5.748251e+04	3.018467e+02	7.310452e+00	2020	3	18	6
	11549	4264	259.592907	-5.950878	1.004244e+05	1.546173e+01	1.078949e+05	1.074325e+05	5.749145e+04	5.725577e+04	3.017430e+02	6.327672e+00	2020	3	18	12
	11523	4276	259.008492	-6.220861	1.007264e+05	1.538292e+01	1.082170e+05	1.077545e+05	5.774675e+04	5.754310e+04	3.019033e+02	5.991076e+00	2020	3	18	18
	11475	4268	257.929570	-6.040872	1.003297e+05	1.563604e+01	1.080340e+05	1.074961e+05	5.748855e+04	5.726556e+04	3.022577e+02	8.437286e+00	2020	3	19	0
	11428	4263	256.873127	-5.928379	1.006257e+05	1.705770e+01	1.082139e+05	1.076747e+05	5.773273e+04	5.742886e+04	3.019853e+02	1.410997e+01	2020	3	19	6
	11365	4290	255.457043	-6.535841	1.004826e+05	1.576079e+01	1.079117e+05	1.074041e+05	5.746913e+04	5.718870e+04	3.017872e+02	1.233174e+01	2020	3	19	12
	11337	4316	254.827672	-7.120805	1.008032e+05	1.436392e+01	1.080670e+05	1.077176e+05	5.777720e+04	5.756846e+04	3.018081e+02	6.938664e+00	2020	3	19	18
start	23	2020	3	19	12
	13327	2792	299.557942	27.167052	1.009351e+05	2.667379e+01	1.055199e+05	1.024777e+05	5.685241e+04	5.554569e+04	2.962869e+02	2.530572e+01	2020	3	19	12
	13356	2805	300.209790	26.874570	1.006827e+05	2.295120e+01	1.057812e+05	1.022793e+05	5.678530e+04	5.548591e+04	2.964475e+02	2.016793e+01	2020	3	19	18
	13369	2792	300.501998	27.167052	1.006394e+05	2.360113e+01	1.060504e+05	1.018808e+05	5.685353e+04	5.538025e+04	2.961575e+02	2.016159e+01	2020	3	20	0
	13478	2718	302.952048	28.831948	1.001503e+05	3.096577e+01	1.050546e+05	1.016070e+05	5.660967e+04	5.498490e+04	2.949101e+02	2.007131e+01	2020	3	20	6
	13421	2950	301.670829	23.612274	1.003332e+05	2.967948e+01	1.065788e+05	1.030681e+05	5.726496e+04	5.573283e+04	2.976732e+02	1.515437e+01	2020	3	20	12
	13465	2905	302.659840	24.624711	1.005048e+05	2.528051e+01	1.064178e+05	1.029010e+05	5.715304e+04	5.557341e+04	2.974902e+02	1.559360e+01	2020	3	20	18
	13471	2785	302.794705	27.324542	1.001938e+05	2.614108e+01	1.062743e+05	1.019908e+05	5.705350e+04	5.526606e+04	2.958552e+02	1.748911e+01	2020	3	21	0
	13532	2727	304.165834	28.629461	9.998391e+04	2.952810e+01	1.056408e+05	1.018474e+05	5.680466e+04	5.515172e+04	2.950102e+02	2.154429e+01	2020	3	21	6
	13613	2654	305.986513	30.271858	1.008337e+05	2.047832e+01	1.053533e+05	1.019049e+05	5.684677e+04	5.521837e+04	2.943561e+02	2.353555e+01	2020	3	21	12
	13539	2898	304.323177	24.782201	1.000784e+05	2.679816e+01	1.063974e+05	1.028296e+05	5.720564e+04	5.551991e+04	2.971476e+02	2.972717e+01	2020	3	21	18
	13712	2838	308.211788	26.132117	1.001685e+05	3.220074e+01	1.059970e+05	1.034014e+05	5.721550e+04	5.594637e+04	2.964652e+02	3.450282e+01	2020	3	22	0
	13701	2975	307.964535	23.049809	1.001753e+05	3.046253e+01	1.065233e+05	1.034066e+05	5.721442e+04	5.591575e+04	2.978046e+02	2.676306e+01	2020	3	22	6
	13749	2954	309.043457	23.522280	1.010118e+05	1.952158e+01	1.064484e+05	1.034471e+05	5.729769e+04	5.600799e+04	2.977729e+02	2.525004e+01	2020	3	22	12
	13794	3020	310.054945	22.037373	1.006223e+05	2.229779e+01	1.065280e+05	1.036048e+05	5.730609e+04	5.589178e+04	2.982552e+02	2.159086e+01	2020	3	22	18
	13826	3008	310.774226	22.307356	1.003288e+05	3.422671e+01	1.063698e+05	1.035925e+05	5.732245e+04	5.592599e+04	2.979915e+02	2.494061e+01	2020	3	23	0
	13897	3073	312.370130	20.844947	1.004690e+05	2.476327e+01	1.063448e+05	1.035370e+05	5.725297e+04	5.598541e+04	2.981553e+02	2.136804e+01	2020	3	23	6
	13923	3066	312.954545	21.002437	1.007866e+05	2.624025e+01	1.064095e+05	1.037065e+05	5.743698e+04	5.608051e+04	2.980225e+02	1.975582e+01	2020	3	23	12
	13961	3072	313.808691	20.867446	1.002798e+05	3.005571e+01	1.061933e+05	1.036253e+05	5.727614e+04	5.585816e+04	2.980120e+02	1.796405e+01	2020	3	23	18
	13970	3084	314.010989	20.597463	1.005597e+05	2.795194e+01	1.062551e+05	1.039727e+05	5.739713e+04	5.604450e+04	2.979646e+02	2.050304e+01	2020	3	24	0
	14070	3127	316.258741	19.630023	1.007630e+05	2.297041e+01	1.061562e+05	1.038171e+05	5.716885e+04	5.608596e+04	2.979502e+02	1.807502e+01	2020	3	24	6
	14065	3205	316.146354	17.875133	1.011797e+05	2.005080e+01	1.068989e+05	1.041190e+05	5.754472e+04	5.649222e+04	2.983710e+02	1.208529e+01	2020	3	24	12
	14109	3220	317.135365	17.537654	1.010095e+05	2.082005e+01	1.070969e+05	1.041585e+05	5.743846e+04	5.644337e+04	2.985518e+02	1.076822e+01	2020	3	24	18
	14110	3224	317.157842	17.447659	1.012775e+05	2.014151e+01	1.073242e+05	1.044739e+05	5.766418e+04	5.660781e+04	2.984890e+02	6.863072e+00	2020	3	25	0
start	21	2020	3	19	12
	5285	4522	118.793706	-11.755515	1.007173e+05	1.503444e+01	1.084561e+05	1.077832e+05	5.794593e+04	5.739495e+04	3.051036e+02	1.899997e+01	2020	3	19	12
	5132	4519	115.354645	-11.688019	1.005361e+05	1.633984e+01	1.082574e+05	1.075338e+05	5.775265e+04	5.726458e+04	3.050087e+02	2.503412e+01	2020	3	19	18
	5095	4486	114.522977	-10.945566	1.007217e+05	1.433011e+01	1.081881e+05	1.078000e+05	5.783214e+04	5.745000e+04	3.049387e+02	1.220604e+01	2020	3	20	0
	5238	4561	117.737263	-12.632960	1.004683e+05	1.278885e+01	1.081601e+05	1.077861e+05	5.784541e+04	5.730892e+04	3.049394e+02	4.678890e+00	2020	3	20	6
	5111	4616	114.882617	-13.870383	1.005294e+05	1.869705e+01	1.087529e+05	1.079378e+05	5.796821e+04	5.731172e+04	3.044016e+02	1.395766e+01	2020	3	20	12
	5107	4541	114.792707	-12.182989	1.005034e+05	1.562473e+01	1.083389e+05	1.077050e+05	5.776748e+04	5.726069e+04	3.046483e+02	2.568966e+01	2020	3	20	18
	4943	4618	111.106394	-13.915380	1.005631e+05	2.281688e+01	1.081336e+05	1.075976e+05	5.787972e+04	5.718774e+04	3.044236e+02	2.184002e+01	2020	3	21	0
	4969	4527	111.690809	-11.868008	1.004777e+05	1.448546e+01	1.080943e+05	1.075871e+05	5.766972e+04	5.723480e+04	3.046422e+02	1.401037e+01	2020	3	21	6
	4779	4548	107.420080	-12.340479	1.005745e+05	9.195135e+00	1.083889e+05	1.078495e+05	5.771160e+04	5.736686e+04	3.044858e+02	1.026573e+01	2020	3	21	12
	4767	4610	107.150350	-13.735392	1.004363e+05	1.622464e+01	1.081349e+05	1.077520e+05	5.771357e+04	5.725863e+04	3.042042e+02	2.071593e+01	2020	3	21	18
	4731	4617	106.341159	-13.892882	1.005304e+05	2.372601e+01	1.081488e+05	1.077729e+05	5.776901e+04	5.734016e+04	3.040281e+02	1.790205e+01	2020	3	22	0
	4710	4646	105.869131	-14.545341	1.004126e+05	1.707717e+01	1.081182e+05	1.077546e+05	5.775077e+04	5.732125e+04	3.040936e+02	1.060043e+01	2020	3	22	6
	4615	4720	103.733766	-16.210237	1.004270e+05	1.537723e+01	1.081617e+05	1.078044e+05	5.786102e+04	5.725446e+04	3.040773e+02	7.305452e+00	2020	3	22	12
	4567	4727	102.654845	-16.367727	1.003661e+05	1.785270e+01	1.081493e+05	1.078496e+05	5.776960e+04	5.723453e+04	3.043052e+02	1.140043e+01	2020	3	22	18
	4507	4807	101.306194	-18.167614	1.001314e+05	1.716794e+01	1.081557e+05	1.078214e+05	5.778288e+04	5.723674e+04	3.031465e+02	6.061823e+00	2020	3	23	0
	4489	4828	100.901598	-18.640085	1.003446e+05	1.418977e+01	1.082470e+05	1.078399e+05	5.777272e+04	5.736427e+04	3.030544e+02	5.711966e+00	2020	3	23	6
	4512	4909	101.418581	-20.462471	1.004846e+05	1.452075e+01	1.082522e+05	1.077170e+05	5.801629e+04	5.741826e+04	3.021581e+02	5.051144e+00	2020	3	23	12
	4465	5031	100.362138	-23.207299	1.005021e+05	1.876978e+01	1.082657e+05	1.071734e+05	5.795143e+04	5.728665e+04	3.010203e+02	8.958373e+00	2020	3	23	18
	4463	5054	100.317183	-23.724767	1.003452e+05	1.986227e+01	1.082186e+05	1.070680e+05	5.800178e+04	5.734222e+04	3.004193e+02	9.769691e+00	2020	3	24	0
	4471	5063	100.497003	-23.927254	1.006472e+05	1.552450e+01	1.083698e+05	1.074002e+05	5.804767e+04	5.751407e+04	3.003896e+02	6.349572e+00	2020	3	24	6
	4491	5103	100.946553	-24.827198	1.009221e+05	1.636790e+01	1.084355e+05	1.074388e+05	5.823147e+04	5.757961e+04	2.998082e+02	4.641167e+00	2020	3	24	12
start	16	2020	3	20	6
	11267	4337	253.254246	-7.593275	1.007782e+05	1.413850e+01	1.082409e+05	1.074870e+05	5.783413e+04	5.755568e+04	3.015792e+02	1.224496e+01	2020	3	20	6
	11238	4347	252.602398	-7.818261	1.004922e+05	1.534691e+01	1.079173e+05	1.074188e+05	5.760538e+04	5.731739e+04	3.013937e+02	7.780204e+00	2020	3	20	12
	11200	4338	251.748252	-7.615774	1.007885e+05	1.505493e+01	1.083011e+05	1.077929e+05	5.783855e+04	5.762722e+04	3.014766e+02	6.803032e+00	2020	3	20	18
	11141	4344	250.422078	-7.750766	1.005280e+05	1.727652e+01	1.080041e+05	1.075382e+05	5.760854e+04	5.741212e+04	3.018119e+02	6.384692e+00	2020	3	21	0
	11097	4326	249.433067	-7.345791	1.006852e+05	1.760860e+01	1.084344e+05	1.076676e+05	5.787085e+04	5.758118e+04	3.017062e+02	1.054633e+01	2020	3	21	6
	11061	4323	248.623876	-7.278295	1.003246e+05	1.702275e+01	1.079271e+05	1.074612e+05	5.758863e+04	5.733270e+04	3.017238e+02	6.737470e+00	2020	3	21	12
	11034	4311	248.016983	-7.008312	1.007155e+05	1.428590e+01	1.082564e+05	1.078260e+05	5.788637e+04	5.768675e+04	3.019258e+02	2.402837e+00	2020	3	21	18
	11003	4311	247.320180	-7.008312	1.004260e+05	1.298619e+01	1.080979e+05	1.076258e+05	5.764515e+04	5.743904e+04	3.023863e+02	5.427055e+00	2020	3	22	0
	10977	4292	246.735764	-6.580839	1.006537e+05	1.635808e+01	1.084336e+05	1.078478e+05	5.785032e+04	5.755537e+04	3.021975e+02	1.082541e+01	2020	3	22	6
	10919	4333	245.432068	-7.503281	1.004826e+05	1.980777e+01	1.079192e+05	1.072433e+05	5.757348e+04	5.730658e+04	3.017029e+02	9.468929e+00	2020	3	22	12
	10867	4329	244.263237	-7.413287	1.007991e+05	1.424339e+01	1.082484e+05	1.078425e+05	5.786224e+04	5.761036e+04	3.017560e+02	7.789556e+00	2020	3	22	18
	10834	4320	243.521479	-7.210799	1.004706e+05	1.505622e+01	1.078982e+05	1.074876e+05	5.757161e+04	5.731810e+04	3.021124e+02	8.811327e+00	2020	3	23	0
	10754	4356	241.723277	-8.020749	1.007671e+05	1.557009e+01	1.081762e+05	1.076919e+05	5.786245e+04	5.761268e+04	3.020390e+02	1.218530e+01	2020	3	23	6
	10719	4341	240.936563	-7.683270	1.003978e+05	1.672295e+01	1.081045e+05	1.074953e+05	5.755939e+04	5.728380e+04	3.018382e+02	1.341562e+01	2020	3	23	12
	10706	4365	240.644356	-8.223236	1.006194e+05	1.654487e+01	1.084666e+05	1.078332e+05	5.786780e+04	5.751175e+04	3.017838e+02	8.500362e+00	2020	3	23	18
	10663	4395	239.677822	-8.898194	1.003216e+05	1.454594e+01	1.080440e+05	1.075769e+05	5.761427e+04	5.729781e+04	3.020709e+02	8.382675e+00	2020	3	24	0
start	14	2020	3	20	6
	9053	4490	203.489011	-11.035560	1.006480e+05	1.441797e+01	1.082729e+05	1.077507e+05	5.770186e+04	5.737610e+04	3.043297e+02	1.445970e+01	2020	3	20	6
	9063	4503	203.713786	-11.328042	1.005840e+05	1.645036e+01	1.079777e+05	1.074217e+05	5.762882e+04	5.727273e+04	3.041104e+02	2.812643e+01	2020	3	20	12
	9076	4581	204.005994	-13.082932	1.006557e+05	1.691591e+01	1.081741e+05	1.074383e+05	5.773143e+04	5.738592e+04	3.038795e+02	2.424930e+01	2020	3	20	18
	9059	4571	203.623876	-12.857946	1.005428e+05	1.722200e+01	1.080800e+05	1.075486e+05	5.763789e+04	5.724834e+04	3.040592e+02	1.378130e+01	2020	3	21	0
	9005	4591	202.410090	-13.307918	1.007747e+05	1.084174e+01	1.080650e+05	1.078595e+05	5.786380e+04	5.748142e+04	3.041054e+02	8.646432e+00	2020	3	21	6
	8969	4613	201.600899	-13.802887	1.006454e+05	1.444910e+01	1.081068e+05	1.076663e+05	5.775591e+04	5.733609e+04	3.041406e+02	1.298555e+01	2020	3	21	12
	8942	4641	200.994006	-14.432848	1.006699e+05	1.391809e+01	1.081193e+05	1.077982e+05	5.788667e+04	5.747421e+04	3.040752e+02	1.143904e+01	2020	3	21	18
	8909	4655	200.252248	-14.747828	1.004270e+05	1.358791e+01	1.080055e+05	1.077099e+05	5.766571e+04	5.733062e+04	3.043994e+02	7.786540e+00	2020	3	22	0
	8840	4690	198.701299	-15.535279	1.005781e+05	1.661998e+01	1.081430e+05	1.077805e+05	5.779686e+04	5.741880e+04	3.045301e+02	9.309513e+00	2020	3	22	6
	8813	4717	198.094406	-16.142741	1.004984e+05	1.506431e+01	1.081870e+05	1.075771e+05	5.772210e+04	5.731080e+04	3.044350e+02	1.741483e+01	2020	3	22	12
	8816	4739	198.161838	-16.637710	1.006320e+05	1.823178e+01	1.080312e+05	1.075666e+05	5.776453e+04	5.741089e+04	3.043584e+02	1.460240e+01	2020	3	22	18
	8780	4785	197.352647	-17.672645	1.004423e+05	1.618209e+01	1.081063e+05	1.075371e+05	5.762133e+04	5.722805e+04	3.044736e+02	1.456896e+01	2020	3	23	0
	8763	4795	196.970529	-17.897631	1.005586e+05	1.421126e+01	1.081652e+05	1.076324e+05	5.767603e+04	5.739021e+04	3.044999e+02	1.379135e+01	2020	3	23	6
	8726	4832	196.138861	-18.730079	1.005419e+05	1.186181e+01	1.080255e+05	1.074212e+05	5.766768e+04	5.729299e+04	3.042304e+02	1.266343e+01	2020	3	23	12
start	12	2020	3	22	6
	8414	3847	189.125874	3.431036	1.005081e+05	1.491867e+01	1.082168e+05	1.074928e+05	5.762643e+04	5.731649e+04	3.026355e+02	1.515841e+01	2020	3	22	6
	8297	3845	186.496004	3.476033	1.005799e+05	1.939250e+01	1.081928e+05	1.073641e+05	5.768905e+04	5.726923e+04	3.024904e+02	2.000477e+01	2020	3	22	12
	8232	3857	185.034965	3.206050	1.004138e+05	1.986443e+01	1.082161e+05	1.074086e+05	5.759859e+04	5.718295e+04	3.023782e+02	1.415036e+01	2020	3	22	18
	8176	3827	183.776224	3.881007	1.005386e+05	1.588110e+01	1.080996e+05	1.077653e+05	5.762307e+04	5.735245e+04	3.025775e+02	1.008023e+01	2020	3	23	0
	8132	3821	182.787213	4.015999	1.005556e+05	1.402644e+01	1.081802e+05	1.077559e+05	5.760845e+04	5.733093e+04	3.026482e+02	1.365679e+01	2020	3	23	6
	8079	3807	181.595904	4.330979	1.005873e+05	1.850361e+01	1.082823e+05	1.077361e+05	5.776070e+04	5.734294e+04	3.027026e+02	2.380688e+01	2020	3	23	12
	8036	3792	180.629371	4.668458	1.004324e+05	1.934045e+01	1.082065e+05	1.076165e+05	5.765618e+04	5.722275e+04	3.026802e+02	2.510946e+01	2020	3	23	18
	8035	3743	180.606893	5.770889	1.006357e+05	1.755158e+01	1.082676e+05	1.076286e+05	5.773382e+04	5.732379e+04	3.027681e+02	2.188753e+01	2020	3	24	0
	7956	3780	178.831169	4.938441	1.001947e+05	2.323911e+01	1.081974e+05	1.077940e+05	5.757272e+04	5.723216e+04	3.027949e+02	2.040934e+01	2020	3	24	6
	7916	3792	177.932068	4.668458	1.007302e+05	1.259848e+01	1.082776e+05	1.078719e+05	5.777701e+04	5.743528e+04	3.029843e+02	1.905275e+01	2020	3	24	12
	7892	3774	177.392607	5.073433	1.006415e+05	1.565157e+01	1.079618e+05	1.077465e+05	5.763473e+04	5.730555e+04	3.027347e+02	1.186424e+01	2020	3	24	18
	7896	3739	177.482517	5.860884	1.006999e+05	1.259278e+01	1.081461e+05	1.078407e+05	5.772366e+04	5.739403e+04	3.028841e+02	1.370617e+01	2020	3	25	0
start	36	2020	3	29	6
	7394	4590	166.198801	-13.285420	1.001690e+05	1.738911e+01	1.083556e+05	1.079395e+05	5.763880e+04	5.721668e+04	3.045584e+02	3.306400e+01	2020	3	29	6
	7366	4636	165.569431	-14.320355	1.004647e+05	1.446770e+01	1.084871e+05	1.080161e+05	5.779454e+04	5.746251e+04	3.044247e+02	2.984881e+01	2020	3	29	12
	7310	4660	164.310689	-14.860321	1.000916e+05	1.603891e+01	1.082780e+05	1.079133e+05	5.761521e+04	5.723208e+04	3.044971e+02	1.750642e+01	2020	3	29	18
	7253	4675	163.029471	-15.197800	1.001258e+05	1.913413e+01	1.083984e+05	1.080746e+05	5.784256e+04	5.739464e+04	3.046794e+02	2.047082e+01	2020	3	30	0
	7195	4675	161.725774	-15.197800	1.000680e+05	1.861327e+01	1.082529e+05	1.078397e+05	5.757553e+04	5.722441e+04	3.050013e+02	2.257894e+01	2020	3	30	6
	7165	4655	161.051449	-14.747828	1.003541e+05	1.987813e+01	1.084839e+05	1.081155e+05	5.777450e+04	5.743862e+04	3.049854e+02	2.354820e+01	2020	3	30	12
	7165	4631	161.051449	-14.207862	9.993351e+04	1.674765e+01	1.083032e+05	1.078235e+05	5.754055e+04	5.718484e+04	3.048821e+02	2.729322e+01	2020	3	30	18
	7185	4640	161.500999	-14.410349	1.002704e+05	1.769533e+01	1.085523e+05	1.080980e+05	5.777386e+04	5.737326e+04	3.047598e+02	3.333278e+01	2020	3	31	0
	7208	4686	162.017982	-15.445285	9.974012e+04	2.053909e+01	1.083556e+05	1.078914e+05	5.756272e+04	5.711683e+04	3.047815e+02	3.091422e+01	2020	3	31	6
	7190	4720	161.613387	-16.210237	1.002105e+05	1.821113e+01	1.086439e+05	1.081197e+05	5.778206e+04	5.740034e+04	3.044294e+02	2.805827e+01	2020	3	31	12
	7126	4702	160.174825	-15.805262	9.982334e+04	1.956323e+01	1.082154e+05	1.076803e+05	5.751011e+04	5.705166e+04	3.044557e+02	2.318121e+01	2020	3	31	18
	7120	4660	160.039960	-14.860321	1.000525e+05	1.917819e+01	1.084239e+05	1.079329e+05	5.775957e+04	5.726721e+04	3.047004e+02	2.264845e+01	2020	4	1	0
	7140	4673	160.489510	-15.152803	9.961900e+04	2.142310e+01	1.084139e+05	1.078121e+05	5.750276e+04	5.694378e+04	3.047321e+02	2.902557e+01	2020	4	1	6
	7144	4711	160.579421	-16.007749	9.931604e+04	2.690409e+01	1.085505e+05	1.076575e+05	5.768399e+04	5.688702e+04	3.043684e+02	3.191507e+01	2020	4	1	12
	7087	4695	159.298202	-15.647772	9.921507e+04	2.823603e+01	1.081445e+05	1.074687e+05	5.740411e+04	5.651277e+04	3.044840e+02	2.667836e+01	2020	4	1	18
	7159	4753	160.916583	-16.952690	9.948973e+04	3.110610e+01	1.083538e+05	1.075809e+05	5.761166e+04	5.676925e+04	3.039208e+02	3.415812e+01	2020	4	2	0
	7124	4731	160.129870	-16.457721	9.932413e+04	2.363323e+01	1.082268e+05	1.076634e+05	5.748409e+04	5.679009e+04	3.040811e+02	2.944248e+01	2020	4	2	6
	7126	4731	160.174825	-16.457721	9.925683e+04	2.663376e+01	1.085517e+05	1.078495e+05	5.766434e+04	5.688260e+04	3.038516e+02	3.532132e+01	2020	4	2	12
	7139	4734	160.467033	-16.525217	9.919772e+04	2.771608e+01	1.083822e+05	1.075902e+05	5.754441e+04	5.682205e+04	3.036642e+02	2.986661e+01	2020	4	2	18
	7153	4735	160.781718	-16.547716	9.951950e+04	2.768639e+01	1.085490e+05	1.079134e+05	5.772644e+04	5.708709e+04	3.036255e+02	3.468285e+01	2020	4	3	0
	7150	4760	160.714286	-17.110181	9.943204e+04	2.768339e+01	1.083955e+05	1.076505e+05	5.752331e+04	5.684433e+04	3.034926e+02	3.428711e+01	2020	4	3	6
	7127	4794	160.197303	-17.875133	9.970217e+04	2.565575e+01	1.084474e+05	1.077613e+05	5.771042e+04	5.705576e+04	3.029456e+02	2.981635e+01	2020	4	3	12
	7180	4809	161.388611	-18.212612	9.946190e+04	2.498558e+01	1.085543e+05	1.075427e+05	5.759093e+04	5.686600e+04	3.028345e+02	3.563851e+01	2020	4	3	18
	7169	4864	161.141359	-19.450034	9.979051e+04	2.581651e+01	1.086283e+05	1.074596e+05	5.772926e+04	5.715186e+04	3.024029e+02	2.990942e+01	2020	4	4	0
	7157	4871	160.871628	-19.607524	9.954153e+04	2.850802e+01	1.083590e+05	1.072782e+05	5.759573e+04	5.697120e+04	3.025324e+02	2.517622e+01	2020	4	4	6
	7103	4825	159.657842	-18.572589	9.989325e+04	2.901358e+01	1.084801e+05	1.076277e+05	5.776434e+04	5.709771e+04	3.028121e+02	2.721542e+01	2020	4	4	12
	7122	4884	160.084915	-19.900006	9.976864e+04	2.349596e+01	1.081250e+05	1.070507e+05	5.757731e+04	5.693284e+04	3.019998e+02	1.921817e+01	2020	4	4	18
	7106	4848	159.725275	-19.090057	1.001493e+05	1.963792e+01	1.083266e+05	1.074559e+05	5.771635e+04	5.709730e+04	3.025361e+02	1.556778e+01	2020	4	5	0
	7092	4866	159.410589	-19.495032	9.974112e+04	2.333317e+01	1.081539e+05	1.070967e+05	5.759346e+04	5.693820e+04	3.025956e+02	1.662550e+01	2020	4	5	6
	7138	4902	160.444555	-20.304981	1.001147e+05	2.534091e+01	1.083441e+05	1.071159e+05	5.781673e+04	5.702505e+04	3.017367e+02	2.280331e+01	2020	4	5	12
	7128	4903	160.219780	-20.327479	9.983914e+04	2.327638e+01	1.082977e+05	1.069288e+05	5.767360e+04	5.686228e+04	3.016153e+02	1.548049e+01	2020	4	5	18
	7084	4897	159.230769	-20.192488	9.985788e+04	3.002740e+01	1.084243e+05	1.071454e+05	5.783655e+04	5.680294e+04	3.020627e+02	8.996922e+00	2020	4	6	0
	7043	4888	158.309191	-19.990001	1.001841e+05	2.310228e+01	1.084442e+05	1.070262e+05	5.775220e+04	5.704962e+04	3.028063e+02	1.267016e+01	2020	4	6	6
	7055	4909	158.578921	-20.462471	1.005286e+05	2.421030e+01	1.085077e+05	1.070837e+05	5.802055e+04	5.713050e+04	3.020757e+02	1.803654e+01	2020	4	6	12
	6995	4887	157.230270	-19.967502	1.005755e+05	1.847717e+01	1.082907e+05	1.069483e+05	5.784309e+04	5.717149e+04	3.026987e+02	1.708987e+01	2020	4	6	18
	7069	4807	158.893606	-18.167614	1.009383e+05	2.386826e+01	1.087720e+05	1.076612e+05	5.803779e+04	5.749277e+04	3.035955e+02	2.239882e+01	2020	4	7	0
start	18	2020	3	30	12
	1661	5262	37.335165	-28.404475	1.009112e+05	2.353668e+01	1.068657e+05	1.045218e+05	5.737849e+04	5.647290e+04	3.001053e+02	1.759807e+01	2020	3	30	12
	1662	5332	37.357642	-29.979376	1.008834e+05	2.588645e+01	1.068409e+05	1.047121e+05	5.745740e+04	5.656060e+04	2.997793e+02	2.825262e+01	2020	3	30	18
	1640	5331	36.863137	-29.956878	1.003612e+05	2.697600e+01	1.066583e+05	1.049424e+05	5.731468e+04	5.639059e+04	2.998109e+02	3.281943e+01	2020	3	31	0
	1577	5386	35.447053	-31.194300	9.971977e+04	3.087689e+01	1.065150e+05	1.052008e+05	5.724165e+04	5.602589e+04	2.992119e+02	2.526358e+01	2020	3	31	6
	1585	5397	35.626873	-31.441785	9.898736e+04	3.235846e+01	1.064743e+05	1.052067e+05	5.717871e+04	5.565363e+04	2.991796e+02	1.726782e+01	2020	3	31	12
	1592	5456	35.784216	-32.769202	9.916778e+04	2.360337e+01	1.061990e+05	1.051038e+05	5.715241e+04	5.562275e+04	2.991410e+02	1.762157e+01	2020	3	31	18
	1588	5511	35.694306	-34.006625	9.904500e+04	2.534483e+01	1.057728e+05	1.046974e+05	5.683579e+04	5.551378e+04	2.991100e+02	2.162277e+01	2020	4	1	0
	1602	5559	36.008991	-35.086557	9.897080e+04	2.234091e+01	1.059466e+05	1.043514e+05	5.679391e+04	5.538941e+04	2.985493e+02	2.048836e+01	2020	4	1	6
	1610	5607	36.188811	-36.166490	9.863313e+04	2.221544e+01	1.053440e+05	1.041002e+05	5.658863e+04	5.504434e+04	2.970735e+02	1.682512e+01	2020	4	1	12
	1634	5666	36.728272	-37.493907	9.849926e+04	2.182260e+01	1.050286e+05	1.038739e+05	5.644836e+04	5.485747e+04	2.954261e+02	1.938129e+01	2020	4	1	18
	1667	5680	37.470030	-37.808887	9.836784e+04	2.383380e+01	1.047631e+05	1.035988e+05	5.629937e+04	5.463847e+04	2.951343e+02	1.319114e+01	2020	4	2	0
	1726	5672	38.796204	-37.628898	9.865912e+04	2.277287e+01	1.051833e+05	1.034785e+05	5.646742e+04	5.479855e+04	2.952787e+02	8.011735e+00	2020	4	2	6
	1802	5677	40.504496	-37.741391	9.879228e+04	2.192008e+01	1.052531e+05	1.034416e+05	5.644709e+04	5.490713e+04	2.945293e+02	6.879642e+00	2020	4	2	12
	1891	5673	42.504995	-37.651397	9.914427e+04	2.061489e+01	1.054461e+05	1.036117e+05	5.664770e+04	5.510151e+04	2.951937e+02	7.144476e+00	2020	4	2	18
	1938	5678	43.561439	-37.763890	9.933770e+04	2.186055e+01	1.053685e+05	1.038277e+05	5.660939e+04	5.526506e+04	2.951504e+02	3.860859e+00	2020	4	3	0
	1955	5649	43.943556	-37.111430	9.981143e+04	1.901951e+01	1.055651e+05	1.042399e+05	5.682570e+04	5.565874e+04	2.957632e+02	1.851181e+00	2020	4	3	6
	1993	5635	44.797702	-36.796450	1.000141e+05	1.584430e+01	1.058974e+05	1.044485e+05	5.694732e+04	5.587082e+04	2.958145e+02	1.574362e+00	2020	4	3	12
	2011	5634	45.202298	-36.773952	1.003920e+05	1.427676e+01	1.061339e+05	1.047201e+05	5.714175e+04	5.616690e+04	2.957646e+02	1.736153e+00	2020	4	3	18
start	11	2020	4	5	6
	14571	4922	327.519980	-20.754953	1.006779e+05	2.212130e+01	1.080058e+05	1.057688e+05	5.763360e+04	5.666544e+04	3.027891e+02	1.935583e+01	2020	4	5	6
	14550	5098	327.047952	-24.714705	9.976529e+04	3.458007e+01	1.080102e+05	1.051951e+05	5.778178e+04	5.594350e+04	3.015496e+02	2.690668e+01	2020	4	5	12
	14612	5074	328.441558	-24.174739	1.004007e+05	2.465045e+01	1.077693e+05	1.052569e+05	5.752091e+04	5.637594e+04	3.018363e+02	2.117989e+01	2020	4	5	18
	14866	5040	334.150849	-23.409787	1.005522e+05	2.859085e+01	1.079863e+05	1.059553e+05	5.773693e+04	5.683232e+04	3.019309e+02	2.113054e+01	2020	4	6	0
	14755	5038	331.655844	-23.364790	1.004683e+05	1.545396e+01	1.077314e+05	1.045978e+05	5.747089e+04	5.626289e+04	3.020848e+02	3.390152e+01	2020	4	6	6
	14701	5146	330.442058	-25.794638	1.000945e+05	3.146456e+01	1.075834e+05	1.046910e+05	5.742273e+04	5.595155e+04	3.007283e+02	3.686813e+01	2020	4	6	12
	14795	5173	332.554945	-26.402100	9.930749e+04	3.781334e+01	1.075453e+05	1.045179e+05	5.720429e+04	5.587706e+04	3.005439e+02	3.018462e+01	2020	4	6	18
	14798	5190	332.622378	-26.784576	9.968020e+04	2.911036e+01	1.075190e+05	1.047619e+05	5.718805e+04	5.577119e+04	2.999637e+02	2.836496e+01	2020	4	7	0
	14783	5182	332.285215	-26.604587	9.871914e+04	3.365274e+01	1.068536e+05	1.047335e+05	5.690329e+04	5.499252e+04	2.999623e+02	2.345296e+01	2020	4	7	6
	14856	5287	333.926074	-28.966940	9.939766e+04	3.300674e+01	1.065336e+05	1.048016e+05	5.680825e+04	5.561558e+04	2.987596e+02	1.773839e+01	2020	4	7	12
	14929	5290	335.566933	-29.034435	9.916382e+04	3.414697e+01	1.065195e+05	1.046078e+05	5.676273e+04	5.527910e+04	2.986676e+02	1.948273e+01	2020	4	7	18
start	23	2020	4	5	12
	6214	4431	139.675325	-9.708143	1.006048e+05	1.477282e+01	1.083809e+05	1.080657e+05	5.781679e+04	5.751973e+04	3.040219e+02	1.952114e+01	2020	4	5	12
	6179	4401	138.888611	-9.033185	1.001974e+05	1.667522e+01	1.082318e+05	1.076967e+05	5.753349e+04	5.716641e+04	3.042315e+02	2.633252e+01	2020	4	5	18
	6170	4411	138.686314	-9.258171	1.004043e+05	1.776445e+01	1.083765e+05	1.079790e+05	5.778177e+04	5.730151e+04	3.042243e+02	1.782092e+01	2020	4	6	0
	6158	4404	138.416583	-9.100681	1.001591e+05	1.348455e+01	1.082346e+05	1.079112e+05	5.755977e+04	5.719358e+04	3.044904e+02	1.150533e+01	2020	4	6	6
	6175	4406	138.798701	-9.145678	1.005505e+05	1.484496e+01	1.086341e+05	1.079555e+05	5.781169e+04	5.750269e+04	3.042575e+02	2.443098e+01	2020	4	6	12
	6149	4439	138.214286	-9.888132	1.002745e+05	1.725189e+01	1.083185e+05	1.077730e+05	5.766993e+04	5.711401e+04	3.044317e+02	2.481552e+01	2020	4	6	18
	6127	4448	137.719780	-10.090619	1.002408e+05	2.040455e+01	1.084740e+05	1.079998e+05	5.797866e+04	5.746074e+04	3.050168e+02	2.051808e+01	2020	4	7	0
	6081	4469	136.685814	-10.563090	9.969678e+04	2.305073e+01	1.083636e+05	1.077524e+05	5.770330e+04	5.724966e+04	3.053159e+02	1.750634e+01	2020	4	7	6
	6027	4457	135.472028	-10.293107	1.001565e+05	1.831983e+01	1.087071e+05	1.082032e+05	5.803445e+04	5.755621e+04	3.053285e+02	2.015676e+01	2020	4	7	12
	5996	4464	134.775225	-10.450597	9.962359e+04	2.378306e+01	1.085002e+05	1.079860e+05	5.785199e+04	5.722720e+04	3.052934e+02	2.578861e+01	2020	4	7	18
	5955	4482	133.853646	-10.855572	9.989379e+04	2.330281e+01	1.086324e+05	1.081685e+05	5.814588e+04	5.740456e+04	3.054401e+02	2.302234e+01	2020	4	8	0
	5909	4481	132.819680	-10.833073	9.919319e+04	3.057785e+01	1.084841e+05	1.078740e+05	5.783604e+04	5.700295e+04	3.056223e+02	1.319473e+01	2020	4	8	6
	5867	4471	131.875624	-10.608087	9.965696e+04	2.603713e+01	1.086029e+05	1.080106e+05	5.803008e+04	5.756972e+04	3.055381e+02	8.589388e+00	2020	4	8	12
	5815	4480	130.706793	-10.810574	9.947088e+04	2.970993e+01	1.083350e+05	1.078446e+05	5.773307e+04	5.712905e+04	3.058270e+02	7.347997e+00	2020	4	8	18
	5761	4476	129.493007	-10.720580	9.977168e+04	2.910201e+01	1.085340e+05	1.081444e+05	5.789912e+04	5.754996e+04	3.055987e+02	1.021188e+01	2020	4	9	0
	5707	4475	128.279221	-10.698081	9.943913e+04	2.760053e+01	1.085083e+05	1.079630e+05	5.772441e+04	5.702709e+04	3.055459e+02	1.075543e+01	2020	4	9	6
	5680	4481	127.672328	-10.833073	9.964956e+04	2.255438e+01	1.085136e+05	1.081251e+05	5.790250e+04	5.737990e+04	3.055064e+02	6.562283e+00	2020	4	9	12
	5637	4509	126.705794	-11.463034	9.920346e+04	3.168646e+01	1.083656e+05	1.072778e+05	5.775234e+04	5.680396e+04	3.056435e+02	9.304611e+00	2020	4	9	18
	5604	4525	125.964036	-11.823011	9.988104e+04	2.525624e+01	1.085978e+05	1.080938e+05	5.785986e+04	5.746566e+04	3.056263e+02	1.103888e+01	2020	4	10	0
	5565	4541	125.087413	-12.182989	9.982339e+04	2.782922e+01	1.083146e+05	1.077006e+05	5.769629e+04	5.710430e+04	3.057399e+02	1.175183e+01	2020	4	10	6
	5524	4546	124.165834	-12.295482	1.003040e+05	1.837328e+01	1.084617e+05	1.080554e+05	5.791044e+04	5.756284e+04	3.057576e+02	7.061441e+00	2020	4	10	12
	5447	4569	122.435065	-12.812949	1.001793e+05	2.394337e+01	1.085943e+05	1.077137e+05	5.776439e+04	5.719227e+04	3.059237e+02	1.131184e+01	2020	4	10	18
	5400	4604	121.378621	-13.600400	1.004051e+05	2.098771e+01	1.085500e+05	1.079964e+05	5.796507e+04	5.745917e+04	3.057614e+02	1.043525e+01	2020	4	11	0
start	18	2020	4	7	6
	9047	5029	203.354146	-23.162302	1.006543e+05	2.468964e+01	1.085375e+05	1.068590e+05	5.804271e+04	5.711194e+04	3.030473e+02	1.205754e+01	2020	4	7	6
	8912	5071	200.319680	-24.107243	1.005512e+05	1.980595e+01	1.081805e+05	1.063081e+05	5.788028e+04	5.669778e+04	3.022171e+02	1.714461e+01	2020	4	7	12
	8912	5223	200.319680	-27.527030	1.003334e+05	2.188491e+01	1.081257e+05	1.046886e+05	5.774840e+04	5.622736e+04	3.007521e+02	3.255534e+01	2020	4	7	18
	9082	5231	204.140859	-27.707018	1.002069e+05	2.195599e+01	1.082111e+05	1.050182e+05	5.769018e+04	5.611974e+04	3.006254e+02	4.114711e+01	2020	4	8	0
	9114	5262	204.860140	-28.404475	9.991239e+04	2.693456e+01	1.081540e+05	1.043740e+05	5.770717e+04	5.566779e+04	3.002824e+02	3.460804e+01	2020	4	8	6
	9280	5158	208.591409	-26.064621	9.925223e+04	4.173800e+01	1.082774e+05	1.056802e+05	5.781207e+04	5.631253e+04	3.017896e+02	1.969292e+01	2020	4	8	12
	9396	5372	211.198801	-30.879320	9.869750e+04	3.481143e+01	1.077847e+05	1.034334e+05	5.759987e+04	5.473650e+04	2.993476e+02	3.026665e+01	2020	4	8	18
	9538	5504	214.390609	-33.849134	9.777869e+04	3.710698e+01	1.074133e+05	1.026930e+05	5.718559e+04	5.415340e+04	2.976991e+02	3.515294e+01	2020	4	9	0
	9607	5696	215.941558	-38.168864	9.717202e+04	3.061047e+01	1.067211e+05	1.019705e+05	5.654201e+04	5.359421e+04	2.944330e+02	4.715765e+01	2020	4	9	6
	9534	5769	214.300699	-39.811262	9.578350e+04	3.784847e+01	1.044341e+05	1.019258e+05	5.512780e+04	5.255869e+04	2.927977e+02	2.706644e+01	2020	4	9	12
	9638	5737	216.638362	-39.091307	9.596620e+04	3.281897e+01	1.047466e+05	1.017479e+05	5.548355e+04	5.244808e+04	2.929156e+02	1.016483e+01	2020	4	9	18
	9728	5799	218.661339	-40.486220	9.621254e+04	2.737287e+01	1.045067e+05	1.015449e+05	5.527219e+04	5.248153e+04	2.920321e+02	8.220037e+00	2020	4	10	0
	9804	5866	220.369630	-41.993625	9.645040e+04	2.302957e+01	1.041550e+05	1.014468e+05	5.513750e+04	5.252559e+04	2.912595e+02	8.723582e+00	2020	4	10	6
	9823	5917	220.796703	-43.141054	9.647075e+04	2.038407e+01	1.033080e+05	1.012784e+05	5.472156e+04	5.242478e+04	2.902400e+02	8.115299e+00	2020	4	10	12
	9920	5929	222.977023	-43.411037	9.687323e+04	2.225588e+01	1.036147e+05	1.011845e+05	5.517621e+04	5.262984e+04	2.895309e+02	5.461895e+00	2020	4	10	18
	10035	5989	225.561938	-44.760952	9.702395e+04	2.091342e+01	1.034035e+05	1.010542e+05	5.503305e+04	5.255098e+04	2.882946e+02	4.678782e+00	2020	4	11	0
	10144	6038	228.011988	-45.863383	9.739905e+04	1.959568e+01	1.033451e+05	1.009373e+05	5.494422e+04	5.272324e+04	2.869366e+02	4.791500e+00	2020	4	11	6
	10273	6072	230.911588	-46.628336	9.767750e+04	1.959830e+01	1.034625e+05	1.005479e+05	5.497417e+04	5.283351e+04	2.861170e+02	3.842000e+00	2020	4	11	12
start	14	2020	4	18	6
	13971	5209	314.033467	-27.212049	1.002710e+05	2.264134e+01	1.075266e+05	1.043771e+05	5.738343e+04	5.586743e+04	2.995310e+02	2.858297e+01	2020	4	18	6
	14093	5264	316.775724	-28.449472	1.000984e+05	2.563328e+01	1.075072e+05	1.041135e+05	5.743604e+04	5.591407e+04	2.995254e+02	3.550393e+01	2020	4	18	12
	14154	5265	318.146853	-28.471970	9.924709e+04	3.049466e+01	1.074878e+05	1.040746e+05	5.732625e+04	5.560764e+04	2.993804e+02	3.468435e+01	2020	4	18	18
	14314	5266	321.743257	-28.494469	9.946959e+04	3.602768e+01	1.076332e+05	1.044241e+05	5.748466e+04	5.582111e+04	2.993198e+02	3.068865e+01	2020	4	19	0
	14382	5245	323.271728	-28.021999	9.964524e+04	2.734852e+01	1.075689e+05	1.042363e+05	5.741807e+04	5.595870e+04	2.991025e+02	2.505151e+01	2020	4	19	6
	14497	5255	325.856643	-28.246985	1.002142e+05	2.388228e+01	1.077941e+05	1.044025e+05	5.764066e+04	5.610150e+04	2.988820e+02	2.432421e+01	2020	4	19	12
	14655	5236	329.408092	-27.819511	9.995986e+04	2.508458e+01	1.077296e+05	1.047091e+05	5.751978e+04	5.608302e+04	2.987252e+02	2.385434e+01	2020	4	19	18
	14742	5218	331.363636	-27.414537	1.003228e+05	2.760075e+01	1.078133e+05	1.047869e+05	5.768800e+04	5.620237e+04	2.985371e+02	1.550632e+01	2020	4	20	0
	14908	5229	335.094905	-27.662021	1.002685e+05	2.265242e+01	1.076551e+05	1.046560e+05	5.754362e+04	5.604545e+04	2.982619e+02	1.960341e+01	2020	4	20	6
	14981	5255	336.735764	-28.246985	9.977816e+04	3.169474e+01	1.077303e+05	1.045966e+05	5.766175e+04	5.604165e+04	2.982362e+02	2.676624e+01	2020	4	20	12
	15038	5262	338.016983	-28.404475	9.954323e+04	3.251326e+01	1.074663e+05	1.043244e+05	5.744242e+04	5.573977e+04	2.985005e+02	2.476032e+01	2020	4	20	18
	15111	5398	339.657842	-31.464283	9.975099e+04	2.567897e+01	1.067703e+05	1.031305e+05	5.702904e+04	5.527729e+04	2.961956e+02	2.601845e+01	2020	4	21	0
	15191	5451	341.456044	-32.656709	9.947950e+04	2.484948e+01	1.065894e+05	1.026727e+05	5.676312e+04	5.504535e+04	2.955191e+02	2.888144e+01	2020	4	21	6
	15303	5466	343.973526	-32.994188	9.931502e+04	2.808233e+01	1.064541e+05	1.027791e+05	5.684449e+04	5.506604e+04	2.951577e+02	3.094470e+01	2020	4	21	12
start	11	2020	4	22	18
	2644	4604	59.430569	-13.600400	1.005193e+05	1.478283e+01	1.083067e+05	1.078120e+05	5.777562e+04	5.746043e+04	3.040369e+02	1.734014e+01	2020	4	22	18
	2622	4592	58.936064	-13.330417	1.004057e+05	1.359693e+01	1.080085e+05	1.076252e+05	5.760845e+04	5.733129e+04	3.038353e+02	1.048828e+01	2020	4	23	0
	2593	4593	58.284216	-13.352915	1.005945e+05	1.674848e+01	1.083155e+05	1.079621e+05	5.785194e+04	5.758993e+04	3.037836e+02	7.941777e+00	2020	4	23	6
	2574	4603	57.857143	-13.577901	1.003950e+05	1.550627e+01	1.081054e+05	1.077755e+05	5.763680e+04	5.735391e+04	3.038365e+02	9.714223e+00	2020	4	23	12
	2538	4626	57.047952	-14.095369	1.006969e+05	1.808373e+01	1.085278e+05	1.077495e+05	5.787604e+04	5.757317e+04	3.035544e+02	1.433027e+01	2020	4	23	18
	2494	4642	56.058941	-14.455347	1.004279e+05	2.109563e+01	1.083096e+05	1.077309e+05	5.774259e+04	5.737047e+04	3.034065e+02	1.432301e+01	2020	4	24	0
	2470	4689	55.519481	-15.512780	1.007383e+05	2.010108e+01	1.087056e+05	1.078354e+05	5.811274e+04	5.771074e+04	3.029299e+02	1.510627e+01	2020	4	24	6
	2403	4659	54.013487	-14.837823	1.005419e+05	1.814711e+01	1.082907e+05	1.077322e+05	5.784484e+04	5.751618e+04	3.033154e+02	1.449685e+01	2020	4	24	12
	2351	4687	52.844655	-15.467783	1.008464e+05	2.345206e+01	1.086054e+05	1.078728e+05	5.807564e+04	5.766385e+04	3.029934e+02	1.852013e+01	2020	4	24	18
	2283	4593	51.316184	-13.352915	1.007415e+05	1.983747e+01	1.082826e+05	1.074098e+05	5.786596e+04	5.743857e+04	3.033940e+02	1.864009e+01	2020	4	25	0
	2263	4593	50.866633	-13.352915	1.010860e+05	1.715144e+01	1.086586e+05	1.080565e+05	5.810396e+04	5.784131e+04	3.040905e+02	1.138844e+01	2020	4	25	6
start	10	2020	5	4	12
	7859	4477	176.650849	-10.743079	1.004542e+05	1.483855e+01	1.084012e+05	1.074788e+05	5.780454e+04	5.718212e+04	3.043203e+02	3.544918e+01	2020	5	4	12
	7847	4475	176.381119	-10.698081	9.987960e+04	2.716196e+01	1.084297e+05	1.070645e+05	5.766228e+04	5.694601e+04	3.042711e+02	3.180690e+01	2020	5	4	18
	7793	4543	175.167333	-12.227986	1.004977e+05	1.768015e+01	1.083032e+05	1.071145e+05	5.772270e+04	5.713957e+04	3.038357e+02	2.281046e+01	2020	5	5	0
	7804	4512	175.414585	-11.530529	1.003964e+05	1.615678e+01	1.082567e+05	1.074716e+05	5.763386e+04	5.713846e+04	3.039516e+02	1.906685e+01	2020	5	5	6
	7924	4572	178.111888	-12.880445	1.005422e+05	1.659990e+01	1.083288e+05	1.068567e+05	5.782735e+04	5.706119e+04	3.037539e+02	3.028980e+01	2020	5	5	12
	7670	4503	172.402597	-11.328042	1.004030e+05	1.973240e+01	1.083421e+05	1.077930e+05	5.765779e+04	5.722394e+04	3.038273e+02	1.827557e+01	2020	5	5	18
	7583	4509	170.447053	-11.463034	1.006169e+05	1.530932e+01	1.084525e+05	1.080996e+05	5.789011e+04	5.742102e+04	3.038394e+02	1.702602e+01	2020	5	6	0
	7396	4477	166.243756	-10.743079	9.983746e+04	2.183450e+01	1.084377e+05	1.078491e+05	5.768513e+04	5.737408e+04	3.041134e+02	1.651415e+01	2020	5	6	6
	7387	4492	166.041459	-11.080557	1.004364e+05	1.862190e+01	1.086759e+05	1.081739e+05	5.793053e+04	5.763326e+04	3.040283e+02	2.464003e+01	2020	5	6	12
	7329	4494	164.737762	-11.125555	1.002857e+05	2.050381e+01	1.085291e+05	1.079117e+05	5.772629e+04	5.742855e+04	3.039634e+02	2.871240e+01	2020	5	6	18
start	13	2020	5	6	12
	8628	4871	193.936064	-19.607524	1.002146e+05	3.008493e+01	1.082178e+05	1.067379e+05	5.776762e+04	5.655241e+04	3.017182e+02	2.377675e+01	2020	5	6	12
	8505	4851	191.171329	-19.157553	9.924571e+04	3.779290e+01	1.081500e+05	1.061271e+05	5.780490e+04	5.601348e+04	3.015409e+02	2.054281e+01	2020	5	6	18
	8591	4833	193.104396	-18.752578	9.997371e+04	2.815610e+01	1.082182e+05	1.063751e+05	5.777939e+04	5.658420e+04	3.022734e+02	1.833490e+01	2020	5	7	0
	8643	4820	194.273227	-18.460096	1.002467e+05	2.372941e+01	1.083680e+05	1.061874e+05	5.783364e+04	5.671939e+04	3.026267e+02	1.912214e+01	2020	5	7	6
	8678	4791	195.059940	-17.807637	1.001545e+05	2.781647e+01	1.081843e+05	1.064377e+05	5.775453e+04	5.653595e+04	3.030443e+02	2.226931e+01	2020	5	7	12
	8666	4907	194.790210	-20.417474	9.987770e+04	3.092901e+01	1.081030e+05	1.058146e+05	5.774009e+04	5.620093e+04	3.014012e+02	2.317779e+01	2020	5	7	18
	8815	4880	198.139361	-19.810012	1.000603e+05	2.620469e+01	1.081644e+05	1.061994e+05	5.771646e+04	5.631495e+04	3.021627e+02	2.023258e+01	2020	5	8	0
	8824	4849	198.341658	-19.112555	1.003752e+05	2.529490e+01	1.084025e+05	1.064572e+05	5.784180e+04	5.690140e+04	3.026375e+02	1.352186e+01	2020	5	8	6
	8876	4817	199.510490	-18.392600	1.003033e+05	2.573007e+01	1.084518e+05	1.068689e+05	5.780752e+04	5.698579e+04	3.030966e+02	1.530493e+01	2020	5	8	12
	8880	4773	199.600400	-17.402662	1.004898e+05	2.529671e+01	1.086834e+05	1.071953e+05	5.789079e+04	5.706411e+04	3.033112e+02	1.598470e+01	2020	5	8	18
	9000	4542	202.297702	-12.205487	1.005467e+05	1.324517e+01	1.085101e+05	1.076470e+05	5.781546e+04	5.734109e+04	3.046602e+02	1.790802e+01	2020	5	9	0
	8936	4477	200.859141	-10.743079	1.007390e+05	1.395339e+01	1.084211e+05	1.079060e+05	5.802439e+04	5.754708e+04	3.045347e+02	5.998570e+00	2020	5	9	6
	8965	4680	201.510989	-15.310293	1.006732e+05	1.963220e+01	1.086242e+05	1.075051e+05	5.801183e+04	5.737093e+04	3.042073e+02	1.473035e+01	2020	5	9	12
start	11	2020	5	29	18
	9489	4404	213.289211	-9.100681	1.008833e+05	1.476946e+01	1.085688e+05	1.081227e+05	5.802231e+04	5.768530e+04	3.039229e+02	1.247523e+01	2020	5	29	18
	9428	4401	211.918082	-9.033185	1.004766e+05	1.621476e+01	1.083404e+05	1.078956e+05	5.772584e+04	5.748681e+04	3.040820e+02	8.550254e+00	2020	5	30	0
	9389	4400	211.041459	-9.010687	1.007298e+05	1.519905e+01	1.084921e+05	1.081127e+05	5.795983e+04	5.765431e+04	3.040911e+02	1.153127e+01	2020	5	30	6
	9334	4386	209.805195	-8.695707	1.005933e+05	1.921448e+01	1.084684e+05	1.078386e+05	5.781038e+04	5.755477e+04	3.039945e+02	1.889599e+01	2020	5	30	12
	9285	4415	208.703796	-9.348166	1.007500e+05	1.439759e+01	1.085653e+05	1.081646e+05	5.800866e+04	5.759880e+04	3.039720e+02	1.790285e+01	2020	5	30	18
	9266	4431	208.276723	-9.708143	1.004909e+05	1.214561e+01	1.083468e+05	1.080526e+05	5.781421e+04	5.752466e+04	3.041454e+02	1.229309e+01	2020	5	31	0
	9234	4414	207.557443	-9.325667	1.007762e+05	1.099655e+01	1.085882e+05	1.081989e+05	5.793983e+04	5.768130e+04	3.041785e+02	1.674603e+01	2020	5	31	6
	9215	4433	207.130370	-9.753140	1.005750e+05	1.615365e+01	1.085401e+05	1.079964e+05	5.786888e+04	5.752347e+04	3.040536e+02	2.769295e+01	2020	5	31	12
	9178	4469	206.298701	-10.563090	1.007108e+05	1.917088e+01	1.087567e+05	1.080353e+05	5.805578e+04	5.761303e+04	3.039518e+02	2.580136e+01	2020	5	31	18
	9101	4468	204.567932	-10.540591	1.005196e+05	1.643589e+01	1.085810e+05	1.079724e+05	5.792357e+04	5.749684e+04	3.039173e+02	1.507736e+01	2020	6	1	0
	9090	4463	204.320679	-10.428098	1.007942e+05	1.625814e+01	1.085880e+05	1.081212e+05	5.803242e+04	5.765724e+04	3.039176e+02	1.431410e+01	2020	6	1	6
start	16	2020	6	8	12
	5493	3009	123.469031	22.284857	1.004867e+05	1.633306e+01	1.086791e+05	1.080483e+05	5.793854e+04	5.730126e+04	3.040154e+02	9.533763e+00	2020	6	8	12
	5732	2933	128.841159	23.994750	1.004869e+05	1.612982e+01	1.086961e+05	1.073244e+05	5.786005e+04	5.693220e+04	3.034841e+02	7.616459e+00	2020	6	8	18
	5665	2825	127.335165	26.424598	1.001640e+05	2.236380e+01	1.085525e+05	1.065040e+05	5.791303e+04	5.651328e+04	3.015453e+02	2.797217e+01	2020	6	10	0
	5757	2798	129.403097	27.032060	9.993262e+04	2.818430e+01	1.086635e+05	1.062457e+05	5.787018e+04	5.649850e+04	3.019769e+02	2.326474e+01	2020	6	10	6
	5807	2782	130.526973	27.392038	1.002523e+05	2.159929e+01	1.084926e+05	1.060367e+05	5.798712e+04	5.648088e+04	3.009911e+02	1.726429e+01	2020	6	10	12
	5975	2703	134.303197	29.169427	9.970913e+04	3.037993e+01	1.083410e+05	1.050440e+05	5.789533e+04	5.621812e+04	3.001007e+02	3.364808e+01	2020	6	10	18
	6094	2654	136.978022	30.271858	9.984491e+04	2.968016e+01	1.083943e+05	1.046658e+05	5.798825e+04	5.623462e+04	2.994522e+02	2.990786e+01	2020	6	11	0
	6252	2610	140.529471	31.261796	9.960038e+04	3.485934e+01	1.082417e+05	1.043100e+05	5.789763e+04	5.607458e+04	2.975575e+02	2.359274e+01	2020	6	11	6
	6426	2579	144.440559	31.959252	9.975445e+04	2.916097e+01	1.082944e+05	1.043317e+05	5.804142e+04	5.614230e+04	2.965425e+02	2.831744e+01	2020	6	11	12
	6604	2559	148.441558	32.409224	1.000143e+05	2.663082e+01	1.080489e+05	1.041153e+05	5.787141e+04	5.575227e+04	2.964034e+02	2.905867e+01	2020	6	11	18
	6746	2549	151.633367	32.634210	1.000153e+05	2.689389e+01	1.081338e+05	1.041009e+05	5.795405e+04	5.575066e+04	2.954501e+02	1.587633e+01	2020	6	12	0
	6912	2540	155.364635	32.836698	1.001091e+05	2.663641e+01	1.079456e+05	1.040465e+05	5.786706e+04	5.560193e+04	2.955238e+02	1.550398e+01	2020	6	12	6
	7080	2536	159.140859	32.926692	1.004173e+05	2.480059e+01	1.079981e+05	1.040572e+05	5.803880e+04	5.560816e+04	2.963987e+02	2.027945e+01	2020	6	12	12
	7235	2529	162.624875	33.084182	1.003852e+05	2.320691e+01	1.077510e+05	1.039481e+05	5.784218e+04	5.538852e+04	2.952589e+02	1.872687e+01	2020	6	12	18
	7368	2522	165.614386	33.241672	1.007663e+05	1.931194e+01	1.078749e+05	1.036569e+05	5.796268e+04	5.524432e+04	2.956240e+02	9.749741e+00	2020	6	13	0
	7531	2479	169.278222	34.209112	1.005918e+05	1.631990e+01	1.077682e+05	1.026327e+05	5.782193e+04	5.484115e+04	2.943615e+02	1.137757e+01	2020	6	13	6
start	28	2020	6	11	6
	11614	3499	261.053946	11.260546	1.007406e+05	1.770749e+01	1.084194e+05	1.078702e+05	5.792381e+04	5.735186e+04	3.041543e+02	1.798969e+01	2020	6	11	6
	11634	3516	261.503497	10.878070	1.005314e+05	1.615066e+01	1.080758e+05	1.076459e+05	5.770907e+04	5.722528e+04	3.039909e+02	2.672854e+01	2020	6	11	12
	11638	3508	261.593407	11.058059	1.006661e+05	1.716795e+01	1.083901e+05	1.078227e+05	5.792302e+04	5.747689e+04	3.041162e+02	2.883298e+01	2020	6	11	18
	11651	3533	261.885614	10.495594	1.002062e+05	1.897910e+01	1.081544e+05	1.076788e+05	5.766820e+04	5.718266e+04	3.040445e+02	2.357566e+01	2020	6	12	0
	11557	3488	259.772727	11.508031	1.002277e+05	2.636605e+01	1.082150e+05	1.076075e+05	5.785506e+04	5.687907e+04	3.045701e+02	1.782170e+01	2020	6	12	6
	11595	3498	260.626873	11.283045	9.973044e+04	2.181411e+01	1.079864e+05	1.075940e+05	5.768050e+04	5.702044e+04	3.040927e+02	2.634519e+01	2020	6	12	12
	11538	3493	259.345654	11.395538	1.001557e+05	2.684410e+01	1.081775e+05	1.075447e+05	5.788046e+04	5.689200e+04	3.042185e+02	2.598169e+01	2020	6	12	18
	11568	3513	260.019980	10.945566	1.000212e+05	2.183039e+01	1.080587e+05	1.076067e+05	5.760411e+04	5.707598e+04	3.040377e+02	1.989417e+01	2020	6	13	0
	11561	3493	259.862637	11.395538	1.002705e+05	1.813850e+01	1.083470e+05	1.077843e+05	5.779586e+04	5.724908e+04	3.041122e+02	2.983856e+01	2020	6	13	6
	11533	3485	259.233267	11.575527	9.941784e+04	2.476265e+01	1.081908e+05	1.073460e+05	5.769266e+04	5.699870e+04	3.040233e+02	3.881061e+01	2020	6	13	12
	11511	3482	258.738761	11.643022	9.930819e+04	2.699965e+01	1.083972e+05	1.072178e+05	5.786516e+04	5.693991e+04	3.039546e+02	4.073343e+01	2020	6	13	18
	11496	3480	258.401598	11.688019	9.816343e+04	3.263625e+01	1.081018e+05	1.075137e+05	5.759720e+04	5.624430e+04	3.039313e+02	2.851931e+01	2020	6	14	0
	11474	3476	257.907093	11.778014	9.715932e+04	5.192617e+01	1.083621e+05	1.069080e+05	5.791759e+04	5.502147e+04	3.040250e+02	2.816789e+01	2020	6	14	6
	11459	3455	257.569930	12.250484	9.783488e+04	3.107834e+01	1.081250e+05	1.072273e+05	5.766294e+04	5.632204e+04	3.039919e+02	3.418592e+01	2020	6	14	12
	11453	3449	257.435065	12.385476	9.750521e+04	3.336891e+01	1.083443e+05	1.075373e+05	5.790904e+04	5.603213e+04	3.040019e+02	3.984446e+01	2020	6	14	18
	11443	3434	257.210290	12.722955	9.654962e+04	4.460835e+01	1.080751e+05	1.068577e+05	5.765376e+04	5.524946e+04	3.043085e+02	3.393759e+01	2020	6	15	0
	11432	3410	256.963037	13.262921	9.623370e+04	5.319463e+01	1.082901e+05	1.068574e+05	5.784936e+04	5.487839e+04	3.043880e+02	3.887342e+01	2020	6	15	6
	11427	3388	256.850649	13.757890	9.502879e+04	5.774090e+01	1.080056e+05	1.064587e+05	5.756763e+04	5.412305e+04	3.043550e+02	3.183512e+01	2020	6	15	12
	11409	3363	256.446054	14.320355	9.454297e+04	6.142254e+01	1.082604e+05	1.064679e+05	5.772346e+04	5.389346e+04	3.040890e+02	2.484022e+01	2020	6	15	18
	11404	3341	256.333666	14.815324	9.322220e+04	6.390626e+01	1.079061e+05	1.057772e+05	5.757679e+04	5.323074e+04	3.040302e+02	2.127538e+01	2020	6	16	0
	11395	3319	256.131369	15.310293	9.355098e+04	6.419283e+01	1.080135e+05	1.058602e+05	5.768880e+04	5.315449e+04	3.035753e+02	2.339675e+01	2020	6	16	6
	11390	3302	256.018981	15.692769	9.338241e+04	5.843904e+01	1.077687e+05	1.055011e+05	5.742148e+04	5.288859e+04	3.034274e+02	2.024703e+01	2020	6	16	12
	11392	3283	256.063936	16.120242	9.467461e+04	5.974346e+01	1.079939e+05	1.061026e+05	5.753389e+04	5.352424e+04	3.033662e+02	2.102664e+01	2020	6	16	18
	11389	3263	255.996503	16.570214	9.589080e+04	4.588233e+01	1.078492e+05	1.064017e+05	5.744396e+04	5.449854e+04	3.041701e+02	1.984814e+01	2020	6	17	0
	11389	3250	255.996503	16.862696	9.725888e+04	3.195698e+01	1.080033e+05	1.070166e+05	5.767604e+04	5.530450e+04	3.041515e+02	2.378949e+01	2020	6	17	6
	11406	3232	256.378621	17.267671	9.755386e+04	3.368194e+01	1.078955e+05	1.069232e+05	5.743054e+04	5.536907e+04	3.040681e+02	1.957510e+01	2020	6	17	12
	11413	3201	256.535964	17.965127	9.850430e+04	3.225343e+01	1.080835e+05	1.075727e+05	5.761243e+04	5.631221e+04	3.040088e+02	1.580845e+01	2020	6	17	18
	11407	3174	256.401099	18.572589	1.000207e+05	1.902649e+01	1.082226e+05	1.075431e+05	5.755542e+04	5.680650e+04	3.039048e+02	1.110360e+01	2020	6	18	0
start	11	2020	6	12	0
	5190	2770	116.658342	27.662021	1.003850e+05	8.979377e+00	1.084023e+05	1.064231e+05	5.770831e+04	5.672459e+04	3.005113e+02	2.233668e+01	2020	6	12	0
	5482	2755	123.221778	27.999500	9.998534e+04	2.460376e+01	1.083151e+05	1.062941e+05	5.773449e+04	5.668197e+04	3.013235e+02	2.456529e+01	2020	6	12	6
	5690	2759	127.897103	27.909506	9.998291e+04	2.730285e+01	1.084149e+05	1.063775e+05	5.783940e+04	5.677982e+04	3.009417e+02	2.120114e+01	2020	6	12	12
	5749	2774	129.223277	27.572027	1.002128e+05	2.470361e+01	1.083216e+05	1.061460e+05	5.776371e+04	5.672805e+04	3.014731e+02	2.893609e+01	2020	6	12	18
	5793	2719	130.212288	28.809449	9.995891e+04	2.592037e+01	1.082795e+05	1.056465e+05	5.781778e+04	5.681139e+04	3.006226e+02	2.833641e+01	2020	6	13	0
	5881	2733	132.190310	28.494469	1.000944e+05	2.789689e+01	1.081741e+05	1.059276e+05	5.777234e+04	5.680985e+04	3.009721e+02	2.467889e+01	2020	6	13	6
	5926	2780	133.201798	27.437035	1.002358e+05	2.526401e+01	1.084116e+05	1.064489e+05	5.798266e+04	5.707716e+04	3.020105e+02	2.138179e+01	2020	6	13	12
	5695	2720	128.009491	28.786951	1.002224e+05	1.670384e+01	1.086355e+05	1.063739e+05	5.760956e+04	5.699469e+04	3.009592e+02	1.959934e+01	2020	6	13	18
	5982	2710	134.460539	29.011937	1.001646e+05	2.839952e+01	1.082535e+05	1.057682e+05	5.771270e+04	5.686813e+04	3.002436e+02	2.222318e+01	2020	6	14	0
	5804	2728	130.459540	28.606962	1.001582e+05	2.060227e+01	1.082787e+05	1.068227e+05	5.765241e+04	5.684275e+04	3.008749e+02	2.247071e+01	2020	6	14	6
	5850	2692	131.493506	29.416911	1.003046e+05	1.725936e+01	1.084554e+05	1.066895e+05	5.775298e+04	5.694614e+04	3.006804e+02	2.157722e+01	2020	6	14	12
start	16	2020	6	14	0
	9709	3699	218.234266	6.760827	1.006279e+05	1.386840e+01	1.079807e+05	1.076861e+05	5.757663e+04	5.736428e+04	3.026917e+02	7.448703e+00	2020	6	14	0
	9671	3701	217.380120	6.715830	1.008919e+05	1.313919e+01	1.080936e+05	1.078088e+05	5.782393e+04	5.761045e+04	3.026903e+02	9.508111e+00	2020	6	14	6
	9630	3691	216.458541	6.940816	1.005750e+05	1.847331e+01	1.078926e+05	1.075235e+05	5.761368e+04	5.735837e+04	3.026726e+02	1.322375e+01	2020	6	14	12
	9571	3695	215.132368	6.850822	1.007785e+05	1.646222e+01	1.080861e+05	1.077559e+05	5.778723e+04	5.757717e+04	3.026032e+02	9.911222e+00	2020	6	14	18
	9517	3699	213.918581	6.760827	1.004158e+05	1.924556e+01	1.081992e+05	1.076764e+05	5.759873e+04	5.729362e+04	3.031143e+02	9.435708e+00	2020	6	15	0
	9456	3718	212.547453	6.333354	1.007226e+05	1.590756e+01	1.081096e+05	1.078228e+05	5.778920e+04	5.756553e+04	3.031234e+02	8.580019e+00	2020	6	15	6
	9397	3718	211.221279	6.333354	1.003992e+05	1.937604e+01	1.079347e+05	1.074844e+05	5.761782e+04	5.735664e+04	3.029157e+02	1.239919e+01	2020	6	15	12
	9354	3727	210.254745	6.130867	1.004982e+05	1.937959e+01	1.082193e+05	1.077455e+05	5.773325e+04	5.740204e+04	3.027822e+02	1.288687e+01	2020	6	15	18
	9294	3703	208.906094	6.670833	1.004353e+05	2.002621e+01	1.080688e+05	1.074715e+05	5.758978e+04	5.730490e+04	3.030917e+02	1.562340e+01	2020	6	16	0
	9242	3709	207.737263	6.535841	1.004810e+05	1.937103e+01	1.081451e+05	1.077287e+05	5.768368e+04	5.739832e+04	3.030283e+02	1.486576e+01	2020	6	16	6
	9193	3717	206.635864	6.355853	1.004104e+05	2.033389e+01	1.079749e+05	1.072939e+05	5.756927e+04	5.722691e+04	3.027734e+02	1.597853e+01	2020	6	16	12
	9140	3710	205.444555	6.513343	1.006120e+05	1.615534e+01	1.081930e+05	1.077886e+05	5.764779e+04	5.738221e+04	3.025797e+02	1.213941e+01	2020	6	16	18
	9099	3711	204.522977	6.490844	1.005192e+05	1.506019e+01	1.079505e+05	1.075468e+05	5.753653e+04	5.728448e+04	3.029509e+02	1.150741e+01	2020	6	17	0
	9047	3720	203.354146	6.288357	1.006056e+05	1.582884e+01	1.080023e+05	1.076533e+05	5.762391e+04	5.732093e+04	3.030621e+02	8.669568e+00	2020	6	17	6
	8989	3732	202.050450	6.018374	1.005203e+05	1.460381e+01	1.080822e+05	1.074858e+05	5.756572e+04	5.726034e+04	3.028779e+02	1.162249e+01	2020	6	17	12
	9103	3664	204.612887	7.548278	1.005680e+05	2.066193e+01	1.079753e+05	1.077236e+05	5.768061e+04	5.732594e+04	3.023973e+02	1.048125e+01	2020	6	17	18
start	13	2020	6	14	12
	9472	4731	212.907093	-16.457721	1.005324e+05	1.854260e+01	1.078138e+05	1.063317e+05	5.754589e+04	5.664247e+04	3.023408e+02	1.380795e+01	2020	6	14	12
	9611	4775	216.031469	-17.447659	1.006324e+05	2.191949e+01	1.079990e+05	1.062490e+05	5.771340e+04	5.653000e+04	3.018105e+02	1.503797e+01	2020	6	14	18
	9658	4610	217.087912	-13.735392	1.004950e+05	1.695369e+01	1.079127e+05	1.070776e+05	5.757564e+04	5.696186e+04	3.031764e+02	1.268244e+01	2020	6	15	0
	9670	4663	217.357642	-14.927817	1.006007e+05	1.821175e+01	1.080781e+05	1.069630e+05	5.774855e+04	5.686736e+04	3.028047e+02	1.018998e+01	2020	6	15	6
	9710	4730	218.256743	-16.435223	1.004857e+05	2.009575e+01	1.078556e+05	1.062742e+05	5.758905e+04	5.637037e+04	3.018968e+02	1.076173e+01	2020	6	15	12
	9731	4719	218.728771	-16.187738	1.008296e+05	1.788581e+01	1.081015e+05	1.065719e+05	5.776216e+04	5.655925e+04	3.019017e+02	9.249947e+00	2020	6	15	18
	9835	4803	221.066434	-18.077620	1.004305e+05	2.486769e+01	1.079914e+05	1.060736e+05	5.761902e+04	5.614664e+04	3.013322e+02	1.223491e+01	2020	6	16	0
	9896	4829	222.437562	-18.662584	1.006934e+05	2.085089e+01	1.080481e+05	1.061534e+05	5.779161e+04	5.627026e+04	3.010217e+02	1.681895e+01	2020	6	16	6
	9928	4834	223.156843	-18.775077	1.006270e+05	1.914478e+01	1.079882e+05	1.060367e+05	5.758570e+04	5.623039e+04	3.009814e+02	1.884000e+01	2020	6	16	12
	9974	4857	224.190809	-19.292544	1.007801e+05	2.407336e+01	1.081265e+05	1.061616e+05	5.778684e+04	5.643473e+04	3.006701e+02	1.716235e+01	2020	6	16	18
	10025	4878	225.337163	-19.765015	1.004590e+05	2.470850e+01	1.078116e+05	1.060825e+05	5.753830e+04	5.625995e+04	3.006079e+02	1.448920e+01	2020	6	17	0
	10046	4858	225.809191	-19.315043	1.006809e+05	2.357766e+01	1.080097e+05	1.065568e+05	5.766941e+04	5.655832e+04	3.006455e+02	1.301550e+01	2020	6	17	6
	10105	4879	227.135365	-19.787513	1.007558e+05	1.961071e+01	1.077900e+05	1.063961e+05	5.749808e+04	5.644005e+04	3.003202e+02	1.353120e+01	2020	6	17	12
start	12	2020	6	17	6
	5376	2717	120.839161	28.854447	9.988405e+04	1.024558e+01	1.087874e+05	1.071788e+05	5.770444e+04	5.685704e+04	3.029496e+02	1.746200e+01	2020	6	17	6
	5610	2663	126.098901	30.069371	9.997898e+04	1.705389e+01	1.085153e+05	1.064574e+05	5.769733e+04	5.664587e+04	3.018817e+02	1.544193e+01	2020	6	17	12
	5712	2660	128.391608	30.136866	9.935342e+04	2.547128e+01	1.083391e+05	1.058140e+05	5.750896e+04	5.640102e+04	3.019765e+02	2.768755e+01	2020	6	17	18
	5818	2730	130.774226	28.561965	9.920833e+04	3.053796e+01	1.084343e+05	1.061139e+05	5.762613e+04	5.646203e+04	3.014996e+02	2.552423e+01	2020	6	18	0
	5889	2752	132.370130	28.066996	9.955694e+04	2.074841e+01	1.082688e+05	1.056839e+05	5.748112e+04	5.634176e+04	3.023428e+02	1.395071e+01	2020	6	18	6
	5972	2766	134.235764	27.752015	9.947343e+04	2.256599e+01	1.083645e+05	1.052156e+05	5.752180e+04	5.624860e+04	3.023804e+02	1.473323e+01	2020	6	18	12
	6022	2778	135.359640	27.482032	9.924133e+04	2.598886e+01	1.081628e+05	1.050184e+05	5.731376e+04	5.599831e+04	3.019463e+02	1.762936e+01	2020	6	18	18
	6132	2775	137.832168	27.549528	9.902903e+04	2.985073e+01	1.081088e+05	1.049713e+05	5.739624e+04	5.592831e+04	3.017451e+02	1.507627e+01	2020	6	19	0
	6202	2771	139.405594	27.639522	9.889208e+04	2.775266e+01	1.079925e+05	1.049354e+05	5.732007e+04	5.576942e+04	3.022906e+02	1.563355e+01	2020	6	19	6
	6263	2752	140.776723	28.066996	9.950901e+04	2.669198e+01	1.080520e+05	1.050725e+05	5.747768e+04	5.588283e+04	3.016750e+02	2.036411e+01	2020	6	19	12
	6402	2678	143.901099	29.731892	9.852430e+04	3.495194e+01	1.079582e+05	1.046049e+05	5.737899e+04	5.560112e+04	3.002357e+02	2.674889e+01	2020	6	19	18
	6512	2596	146.373626	31.576776	9.976201e+04	2.111117e+01	1.080307e+05	1.047464e+05	5.754668e+04	5.557937e+04	2.968407e+02	1.541941e+01	2020	6	20	0
start	27	2020	6	19	6
	11716	3522	263.346653	10.743079	1.005731e+05	2.181538e+01	1.084776e+05	1.078644e+05	5.788926e+04	5.752368e+04	3.035828e+02	2.832324e+01	2020	6	19	6
	11692	3529	262.807193	10.585588	1.003137e+05	2.472892e+01	1.082922e+05	1.076883e+05	5.773525e+04	5.729700e+04	3.035118e+02	3.270901e+01	2020	6	19	12
	11557	3526	259.772727	10.653084	1.005479e+05	2.161921e+01	1.086783e+05	1.078614e+05	5.793122e+04	5.739726e+04	3.033979e+02	3.258838e+01	2020	6	19	18
	11573	3511	260.132368	10.990563	1.003205e+05	2.011514e+01	1.083017e+05	1.077804e+05	5.771439e+04	5.718790e+04	3.035324e+02	2.150013e+01	2020	6	20	0
	11521	3452	258.963536	12.317980	9.989921e+04	3.038536e+01	1.085407e+05	1.075419e+05	5.796213e+04	5.678959e+04	3.037935e+02	3.374682e+01	2020	6	20	6
	11496	3446	258.401598	12.452972	9.969777e+04	3.140641e+01	1.081880e+05	1.075589e+05	5.770480e+04	5.678260e+04	3.037189e+02	3.860997e+01	2020	6	20	12
	11501	3464	258.513986	12.047997	1.001918e+05	2.355863e+01	1.083044e+05	1.078060e+05	5.786807e+04	5.720849e+04	3.036755e+02	2.821236e+01	2020	6	20	18
	11467	3428	257.749750	12.857946	1.000648e+05	2.429258e+01	1.082286e+05	1.077633e+05	5.771488e+04	5.716455e+04	3.035315e+02	1.469192e+01	2020	6	21	0
	11440	3386	257.142857	13.802887	1.003781e+05	1.999260e+01	1.083528e+05	1.080072e+05	5.793375e+04	5.732271e+04	3.032881e+02	2.147888e+01	2020	6	21	6
	11381	3382	255.816683	13.892882	1.001558e+05	1.786836e+01	1.081375e+05	1.077069e+05	5.774316e+04	5.714713e+04	3.032107e+02	2.122124e+01	2020	6	21	12
	11334	3367	254.760240	14.230361	9.997222e+04	2.264111e+01	1.082479e+05	1.078827e+05	5.784596e+04	5.717959e+04	3.031787e+02	1.288898e+01	2020	6	21	18
	11286	3353	253.681319	14.545341	9.968989e+04	1.757860e+01	1.081018e+05	1.078387e+05	5.768508e+04	5.710091e+04	3.037207e+02	9.660382e+00	2020	6	22	0
	11239	3342	252.624875	14.792825	1.000682e+05	2.211311e+01	1.085181e+05	1.077723e+05	5.783382e+04	5.716764e+04	3.037587e+02	1.913489e+01	2020	6	22	6
	11205	3353	251.860639	14.545341	9.933984e+04	2.443558e+01	1.082902e+05	1.077495e+05	5.768991e+04	5.686791e+04	3.036988e+02	2.042672e+01	2020	6	22	12
	11179	3351	251.276224	14.590338	9.967988e+04	2.309784e+01	1.084176e+05	1.079872e+05	5.785971e+04	5.718402e+04	3.036382e+02	1.615022e+01	2020	6	22	18
	11142	3343	250.444555	14.770327	9.922631e+04	2.638242e+01	1.081857e+05	1.076984e+05	5.768511e+04	5.701832e+04	3.036259e+02	1.238373e+01	2020	6	23	0
	11118	3343	249.905095	14.770327	9.876810e+04	2.905874e+01	1.083476e+05	1.077568e+05	5.786189e+04	5.693669e+04	3.035378e+02	1.875549e+01	2020	6	23	6
	11098	3350	249.455544	14.612837	9.876282e+04	2.321542e+01	1.081161e+05	1.075676e+05	5.764919e+04	5.686005e+04	3.034746e+02	1.925281e+01	2020	6	23	12
	11081	3344	249.073427	14.747828	9.901266e+04	2.641233e+01	1.083770e+05	1.077450e+05	5.781414e+04	5.689043e+04	3.034058e+02	1.327982e+01	2020	6	23	18
	11044	3319	248.241758	15.310293	9.904327e+04	2.554572e+01	1.081492e+05	1.077941e+05	5.770473e+04	5.705599e+04	3.031307e+02	1.109515e+01	2020	6	24	0
	11012	3315	247.522478	15.400287	9.901730e+04	3.137572e+01	1.083899e+05	1.077272e+05	5.787773e+04	5.698528e+04	3.030782e+02	1.328149e+01	2020	6	24	6
	10974	3312	246.668332	15.467783	9.904205e+04	2.883750e+01	1.082905e+05	1.076073e+05	5.767341e+04	5.688418e+04	3.032951e+02	1.030302e+01	2020	6	24	12
	10928	3306	245.634366	15.602775	9.916523e+04	2.559025e+01	1.082448e+05	1.079032e+05	5.784247e+04	5.713424e+04	3.034018e+02	4.701265e+00	2020	6	24	18
	10875	3292	244.443057	15.917755	9.920006e+04	2.547357e+01	1.080561e+05	1.076421e+05	5.766316e+04	5.699690e+04	3.031371e+02	4.924025e+00	2020	6	25	0
	10829	3279	243.409091	16.210237	9.971769e+04	2.008012e+01	1.083077e+05	1.078047e+05	5.783625e+04	5.734435e+04	3.025018e+02	4.663844e+00	2020	6	25	6
	10785	3275	242.420080	16.300231	9.963057e+04	2.252010e+01	1.079382e+05	1.074739e+05	5.756214e+04	5.717925e+04	3.024408e+02	2.167476e+00	2020	6	25	12
	10742	3253	241.453546	16.795200	9.997544e+04	2.174992e+01	1.084604e+05	1.075463e+05	5.781104e+04	5.724499e+04	3.010569e+02	1.166421e+00	2020	6	25	18
start	39	2020	6	29	12
	11755	3613	264.223277	8.695707	1.004147e+05	1.556889e+01	1.079988e+05	1.075771e+05	5.752556e+04	5.718516e+04	3.036009e+02	2.806256e+01	2020	6	29	12
	11591	3577	260.536963	9.505656	1.005420e+05	1.871725e+01	1.082408e+05	1.078844e+05	5.770047e+04	5.717484e+04	3.042929e+02	3.927093e+01	2020	6	29	18
	11707	3549	263.144356	10.135617	1.001439e+05	1.876056e+01	1.081115e+05	1.077111e+05	5.752325e+04	5.715767e+04	3.044686e+02	2.517772e+01	2020	6	30	0
	11656	3529	261.998002	10.585588	1.000795e+05	2.662362e+01	1.082428e+05	1.079031e+05	5.766524e+04	5.718023e+04	3.040854e+02	2.871431e+01	2020	6	30	6
	11572	3526	260.109890	10.653084	1.000839e+05	2.263226e+01	1.083086e+05	1.076769e+05	5.756125e+04	5.703778e+04	3.037304e+02	3.164692e+01	2020	6	30	12
	11504	3499	258.581419	11.260546	1.001740e+05	2.203291e+01	1.084161e+05	1.077584e+05	5.778268e+04	5.717678e+04	3.038535e+02	2.606769e+01	2020	6	30	18
	11438	3473	257.097902	11.845510	9.981338e+04	2.415449e+01	1.083187e+05	1.076304e+05	5.764179e+04	5.684487e+04	3.040743e+02	1.557095e+01	2020	7	1	0
	11421	3438	256.715784	12.632960	9.986705e+04	2.910669e+01	1.083857e+05	1.078693e+05	5.790423e+04	5.697603e+04	3.039570e+02	2.180762e+01	2020	7	1	6
	11357	3406	255.277223	13.352915	9.909459e+04	2.856339e+01	1.083429e+05	1.077542e+05	5.781073e+04	5.704041e+04	3.037295e+02	2.694392e+01	2020	7	1	12
	11302	3378	254.040959	13.982876	9.909873e+04	3.369639e+01	1.085221e+05	1.079609e+05	5.801586e+04	5.712280e+04	3.036849e+02	2.072056e+01	2020	7	1	18
	11258	3335	253.051948	14.950316	9.895898e+04	3.046965e+01	1.083435e+05	1.079454e+05	5.793320e+04	5.720877e+04	3.039029e+02	1.173913e+01	2020	7	2	0
	11200	3285	251.748252	16.075245	9.888764e+04	3.262495e+01	1.086017e+05	1.080557e+05	5.809648e+04	5.719432e+04	3.039937e+02	1.987650e+01	2020	7	2	6
	11140	3251	250.399600	16.840197	9.885962e+04	3.847975e+01	1.084695e+05	1.076557e+05	5.791068e+04	5.666936e+04	3.034799e+02	2.036922e+01	2020	7	2	12
	11105	3228	249.612887	17.357665	9.943191e+04	2.455610e+01	1.084379e+05	1.079852e+05	5.809091e+04	5.744360e+04	3.032852e+02	1.239299e+01	2020	7	2	18
	11063	3199	248.668831	18.010124	9.989013e+04	2.289660e+01	1.083281e+05	1.078638e+05	5.795099e+04	5.731523e+04	3.033721e+02	4.251893e+00	2020	7	3	0
	11025	3142	247.814685	19.292544	1.003134e+05	2.646222e+01	1.084558e+05	1.077322e+05	5.813040e+04	5.732496e+04	3.029796e+02	7.516790e+00	2020	7	3	6
	10992	3135	247.072927	19.450034	9.953871e+04	2.813915e+01	1.084113e+05	1.076528e+05	5.794426e+04	5.712952e+04	3.026587e+02	6.367028e+00	2020	7	3	12
	10977	3121	246.735764	19.765015	1.002243e+05	2.475883e+01	1.083729e+05	1.079125e+05	5.807416e+04	5.745004e+04	3.023132e+02	2.444157e+00	2020	7	3	18
	10950	3098	246.128871	20.282482	1.001304e+05	1.776475e+01	1.081564e+05	1.078233e+05	5.794827e+04	5.722981e+04	3.024435e+02	2.941301e+00	2020	7	4	0
	10933	3104	245.746753	20.147491	1.001108e+05	2.453662e+01	1.082891e+05	1.077236e+05	5.803636e+04	5.721131e+04	3.022152e+02	3.453491e+00	2020	7	4	6
	10901	3101	245.027473	20.214987	9.984357e+04	2.017511e+01	1.080387e+05	1.075373e+05	5.781780e+04	5.708379e+04	3.018764e+02	1.596388e+00	2020	7	4	12
	10874	3101	244.420579	20.214987	1.000393e+05	2.123540e+01	1.082206e+05	1.078408e+05	5.794847e+04	5.720007e+04	3.017345e+02	1.812325e+00	2020	7	4	18
	10845	3101	243.768731	20.214987	9.970486e+04	2.090743e+01	1.080692e+05	1.076284e+05	5.776782e+04	5.697134e+04	3.019717e+02	1.611965e+00	2020	7	5	0
	10816	3124	243.116883	19.697519	9.989001e+04	2.229484e+01	1.082326e+05	1.077608e+05	5.785578e+04	5.713091e+04	3.017182e+02	1.842833e+00	2020	7	5	6
	10790	3134	242.532468	19.472533	9.957582e+04	2.583460e+01	1.079466e+05	1.075145e+05	5.763424e+04	5.688625e+04	3.014811e+02	1.841392e+00	2020	7	5	12
	10768	3158	242.037962	18.932567	9.985672e+04	2.344782e+01	1.081442e+05	1.077724e+05	5.779993e+04	5.717666e+04	3.016401e+02	1.667525e+00	2020	7	5	18
	10745	3164	241.520979	18.797575	9.976620e+04	2.442473e+01	1.080214e+05	1.076999e+05	5.767475e+04	5.705493e+04	3.018006e+02	2.003688e+00	2020	7	6	0
	10726	3174	241.093906	18.572589	1.001482e+05	2.121197e+01	1.082506e+05	1.078703e+05	5.780341e+04	5.729411e+04	3.016895e+02	1.477900e+00	2020	7	6	6
	10695	3170	240.397103	18.662584	1.001184e+05	1.840994e+01	1.080197e+05	1.077502e+05	5.761243e+04	5.732691e+04	3.014577e+02	1.739254e+00	2020	7	6	12
	10654	3173	239.475524	18.595088	1.004326e+05	2.060904e+01	1.082929e+05	1.080448e+05	5.785701e+04	5.762133e+04	3.013940e+02	1.144268e+00	2020	7	6	18
	10598	3181	238.216783	18.415099	1.003304e+05	1.951768e+01	1.082155e+05	1.079325e+05	5.777525e+04	5.752373e+04	3.014577e+02	1.611320e+00	2020	7	7	0
	10556	3193	237.272727	18.145116	1.006202e+05	1.929935e+01	1.083649e+05	1.081584e+05	5.790942e+04	5.772162e+04	3.013616e+02	1.804411e+00	2020	7	7	6
	10508	3196	236.193806	18.077620	1.005292e+05	1.964166e+01	1.080974e+05	1.078673e+05	5.771051e+04	5.752726e+04	3.015840e+02	2.119735e+00	2020	7	7	12
	10461	3203	235.137363	17.920130	1.007607e+05	1.862124e+01	1.082807e+05	1.080162e+05	5.787110e+04	5.771409e+04	3.016480e+02	1.870752e+00	2020	7	7	18
	10428	3219	234.395604	17.560152	1.005698e+05	1.826497e+01	1.081797e+05	1.078891e+05	5.775499e+04	5.754204e+04	3.019481e+02	1.988702e+00	2020	7	8	0
	10386	3233	233.451548	17.245172	1.008132e+05	1.662241e+01	1.082510e+05	1.080645e+05	5.787216e+04	5.769959e+04	3.015731e+02	2.283414e+00	2020	7	8	6
	10342	3244	232.462537	16.997688	1.005761e+05	1.760085e+01	1.080082e+05	1.077777e+05	5.766093e+04	5.740327e+04	3.015329e+02	3.075528e+00	2020	7	8	12
	10305	3232	231.630869	17.267671	1.006344e+05	1.734923e+01	1.082265e+05	1.078063e+05	5.786743e+04	5.765330e+04	3.016064e+02	2.172897e+00	2020	7	8	18
	10257	3240	230.551948	17.087682	1.005854e+05	1.884499e+01	1.081291e+05	1.076970e+05	5.774897e+04	5.752346e+04	3.020652e+02	3.424670e+00	2020	7	9	0
start	20	2020	6	30	12
	10908	3422	245.184815	12.992938	1.002996e+05	1.460402e+01	1.080512e+05	1.076930e+05	5.756333e+04	5.718835e+04	3.038011e+02	1.558717e+01	2020	6	30	12
	10833	3407	243.499001	13.330417	1.005444e+05	1.661447e+01	1.083227e+05	1.080116e+05	5.770669e+04	5.740884e+04	3.039043e+02	1.354002e+01	2020	6	30	18
	10848	3505	243.836164	11.125555	1.001718e+05	1.772762e+01	1.082262e+05	1.077420e+05	5.757389e+04	5.713369e+04	3.042656e+02	2.181248e+01	2020	7	1	0
	10803	3470	242.824675	11.913005	1.004948e+05	1.739604e+01	1.086315e+05	1.079862e+05	5.779824e+04	5.746134e+04	3.039585e+02	2.518216e+01	2020	7	1	6
	10776	3465	242.217782	12.025498	1.001640e+05	1.994750e+01	1.082022e+05	1.077286e+05	5.761177e+04	5.717086e+04	3.038176e+02	1.970859e+01	2020	7	1	12
	10711	3464	240.756743	12.047997	1.004899e+05	1.752876e+01	1.084439e+05	1.080431e+05	5.789182e+04	5.747321e+04	3.033102e+02	2.100002e+01	2020	7	1	18
	10674	3455	239.925075	12.250484	1.001502e+05	2.163581e+01	1.083619e+05	1.076823e+05	5.777180e+04	5.716001e+04	3.033485e+02	2.395481e+01	2020	7	2	0
	10630	3437	238.936064	12.655459	1.006089e+05	1.797935e+01	1.086193e+05	1.080309e+05	5.803500e+04	5.750100e+04	3.032191e+02	1.945325e+01	2020	7	2	6
	10595	3452	238.149351	12.317980	1.004504e+05	1.886442e+01	1.083031e+05	1.078976e+05	5.771198e+04	5.739741e+04	3.031264e+02	1.632007e+01	2020	7	2	12
	10555	3445	237.250250	12.475470	1.007881e+05	1.491671e+01	1.085182e+05	1.081714e+05	5.795737e+04	5.762398e+04	3.027884e+02	1.275360e+01	2020	7	2	18
	10526	3438	236.598402	12.632960	1.005873e+05	1.572055e+01	1.083930e+05	1.077586e+05	5.787281e+04	5.739209e+04	3.027679e+02	1.642513e+01	2020	7	3	0
	10452	3425	234.935065	12.925442	1.007805e+05	2.052167e+01	1.086694e+05	1.080992e+05	5.813600e+04	5.757748e+04	3.024155e+02	1.696301e+01	2020	7	3	6
	10410	3411	233.991009	13.240422	1.003046e+05	1.745825e+01	1.082948e+05	1.077824e+05	5.784612e+04	5.741137e+04	3.026387e+02	1.630445e+01	2020	7	3	12
	10360	3410	232.867133	13.262921	1.006091e+05	1.934410e+01	1.085795e+05	1.080259e+05	5.807766e+04	5.763363e+04	3.026122e+02	1.267618e+01	2020	7	3	18
	10326	3398	232.102897	13.532904	1.002250e+05	1.909271e+01	1.084347e+05	1.079848e+05	5.789334e+04	5.753331e+04	3.026123e+02	1.164696e+01	2020	7	4	0
	10287	3395	231.226274	13.600400	1.004061e+05	2.056020e+01	1.085232e+05	1.081138e+05	5.804936e+04	5.767739e+04	3.025348e+02	1.435414e+01	2020	7	4	6
	10235	3375	230.057443	14.050372	1.003346e+05	2.615879e+01	1.082919e+05	1.077630e+05	5.785891e+04	5.737173e+04	3.024937e+02	1.603076e+01	2020	7	4	12
	10212	3369	229.540460	14.185363	1.004374e+05	2.325654e+01	1.084241e+05	1.080147e+05	5.800490e+04	5.763018e+04	3.024806e+02	1.072645e+01	2020	7	4	18
	10175	3355	228.708791	14.500344	1.003200e+05	1.986946e+01	1.082514e+05	1.079649e+05	5.785061e+04	5.749557e+04	3.024180e+02	7.009100e+00	2020	7	5	0
	10144	3363	228.011988	14.320355	1.007901e+05	1.753304e+01	1.083711e+05	1.081515e+05	5.799731e+04	5.762647e+04	3.022860e+02	7.184786e+00	2020	7	5	6
start	11	2020	6	30	18
	5809	2518	130.571928	33.331667	9.993645e+04	1.487540e+01	1.083211e+05	1.056474e+05	5.767033e+04	5.641544e+04	3.028342e+02	2.414196e+01	2020	6	30	18
	5830	2527	131.043956	33.129179	9.968480e+04	2.305443e+01	1.083569e+05	1.058394e+05	5.773953e+04	5.638410e+04	3.023221e+02	2.575545e+01	2020	7	1	0
	5746	2548	129.155844	32.656709	9.897636e+04	2.771865e+01	1.083111e+05	1.057923e+05	5.756274e+04	5.640656e+04	3.026994e+02	2.068374e+01	2020	7	1	6
	5744	2577	129.110889	32.004250	9.952472e+04	2.492914e+01	1.083872e+05	1.060959e+05	5.762446e+04	5.655649e+04	3.027794e+02	2.336597e+01	2020	7	1	12
	5767	2561	129.627872	32.364227	9.918501e+04	2.595948e+01	1.081799e+05	1.055914e+05	5.744974e+04	5.637296e+04	3.023721e+02	3.656749e+01	2020	7	1	18
	5988	2483	134.595405	34.119117	9.892064e+04	2.305410e+01	1.081679e+05	1.054392e+05	5.750934e+04	5.621588e+04	3.008965e+02	2.973606e+01	2020	7	2	0
	5942	2517	133.561439	33.354165	9.933324e+04	2.402059e+01	1.082421e+05	1.053519e+05	5.743177e+04	5.620705e+04	2.996501e+02	1.921287e+01	2020	7	2	6
	6092	2458	136.933067	34.681582	9.946132e+04	2.620653e+01	1.083764e+05	1.052860e+05	5.755341e+04	5.625459e+04	3.009072e+02	2.342359e+01	2020	7	2	12
	6263	2429	140.776723	35.334042	9.932159e+04	2.513133e+01	1.082306e+05	1.052233e+05	5.749786e+04	5.612716e+04	2.999883e+02	2.950773e+01	2020	7	2	18
	6386	2365	143.541459	36.773952	9.929995e+04	1.924405e+01	1.082332e+05	1.050708e+05	5.751850e+04	5.608185e+04	2.978566e+02	1.930582e+01	2020	7	3	0
	6477	2299	145.586913	38.258859	9.940409e+04	1.725051e+01	1.080651e+05	1.047209e+05	5.732352e+04	5.592511e+04	2.970605e+02	1.973653e+01	2020	7	3	6
start	16	2020	7	9	12
	5953	3344	133.808691	14.747828	1.003746e+05	2.601488e+01	1.086560e+05	1.080816e+05	5.812455e+04	5.752095e+04	3.053094e+02	1.533506e+01	2020	7	9	12
	5912	3340	132.887113	14.837823	1.003694e+05	1.298772e+01	1.083320e+05	1.079718e+05	5.788802e+04	5.742576e+04	3.050372e+02	8.351350e+00	2020	7	9	18
	5864	3302	131.808192	15.692769	1.004607e+05	1.292025e+01	1.084763e+05	1.080359e+05	5.791154e+04	5.742914e+04	3.050556e+02	1.435296e+01	2020	7	10	0
	5801	3255	130.392108	16.750203	1.003074e+05	1.157694e+01	1.085117e+05	1.079338e+05	5.781171e+04	5.732041e+04	3.056074e+02	2.050212e+01	2020	7	10	6
	5803	3226	130.437063	17.402662	1.003907e+05	1.187627e+01	1.085732e+05	1.081236e+05	5.792273e+04	5.741393e+04	3.055620e+02	1.169275e+01	2020	7	10	12
	5759	3235	129.448052	17.200175	1.002018e+05	1.212845e+01	1.084037e+05	1.078905e+05	5.766689e+04	5.730558e+04	3.054326e+02	1.794216e+01	2020	7	10	18
	5779	3185	129.897602	18.325105	1.003177e+05	1.154503e+01	1.086124e+05	1.079773e+05	5.781721e+04	5.739394e+04	3.053761e+02	1.090765e+01	2020	7	11	0
	5723	3110	128.638861	20.012499	1.001097e+05	1.632091e+01	1.085576e+05	1.080416e+05	5.781604e+04	5.722771e+04	3.056178e+02	9.146577e+00	2020	7	11	6
	5688	3112	127.852148	19.967502	1.002250e+05	1.227576e+01	1.086736e+05	1.081836e+05	5.780096e+04	5.739455e+04	3.054961e+02	1.121309e+01	2020	7	11	12
	5650	3118	126.998002	19.832510	1.000406e+05	1.232602e+01	1.085327e+05	1.080769e+05	5.778696e+04	5.723190e+04	3.052950e+02	1.789948e+01	2020	7	11	18
	5621	3112	126.346154	19.967502	1.001068e+05	1.428415e+01	1.086448e+05	1.080938e+05	5.783962e+04	5.732301e+04	3.051966e+02	1.265961e+01	2020	7	12	0
	5592	3092	125.694306	20.417474	9.996502e+04	1.305270e+01	1.086525e+05	1.080723e+05	5.775206e+04	5.724878e+04	3.052587e+02	1.037187e+01	2020	7	12	6
	5577	3079	125.357143	20.709956	1.000945e+05	1.535839e+01	1.088371e+05	1.081838e+05	5.790759e+04	5.736525e+04	3.051264e+02	8.233517e+00	2020	7	12	12
	5546	3093	124.660340	20.394975	9.996952e+04	1.525767e+01	1.086071e+05	1.081209e+05	5.784011e+04	5.726900e+04	3.052400e+02	1.201821e+01	2020	7	12	18
	5553	3097	124.817682	20.304981	1.000328e+05	1.381381e+01	1.086048e+05	1.081518e+05	5.798694e+04	5.737577e+04	3.050769e+02	1.287333e+01	2020	7	13	0
	5545	3027	124.637862	21.879882	9.996967e+04	1.560014e+01	1.089347e+05	1.081150e+05	5.788833e+04	5.731000e+04	3.052637e+02	7.387746e+00	2020	7	13	6
start	29	2020	7	14	6
	11634	3502	261.503497	11.193050	1.007915e+05	1.513206e+01	1.085303e+05	1.075445e+05	5.792487e+04	5.743921e+04	3.046732e+02	2.380532e+01	2020	7	14	6
	11564	3517	259.930070	10.855572	1.003191e+05	2.446375e+01	1.081500e+05	1.074819e+05	5.774467e+04	5.715498e+04	3.044243e+02	2.241592e+01	2020	7	14	12
	11529	3484	259.143357	11.598025	1.002973e+05	2.501630e+01	1.084689e+05	1.077698e+05	5.790836e+04	5.726527e+04	3.042527e+02	1.574120e+01	2020	7	14	18
	11501	3463	258.513986	12.070496	1.003274e+05	1.426611e+01	1.081301e+05	1.076786e+05	5.774913e+04	5.732651e+04	3.046382e+02	6.412063e+00	2020	7	15	0
	11454	3451	257.457542	12.340479	9.994874e+04	2.983454e+01	1.083371e+05	1.078192e+05	5.791431e+04	5.718214e+04	3.045670e+02	1.953744e+01	2020	7	15	6
	11426	3447	256.828172	12.430473	9.975935e+04	2.890819e+01	1.082430e+05	1.075467e+05	5.774444e+04	5.706403e+04	3.044640e+02	2.367132e+01	2020	7	15	12
	11399	3450	256.221279	12.362977	1.004400e+05	1.614330e+01	1.083912e+05	1.078389e+05	5.794565e+04	5.745779e+04	3.044008e+02	1.818806e+01	2020	7	15	18
	11361	3446	255.367133	12.452972	1.002597e+05	2.104712e+01	1.083097e+05	1.078911e+05	5.777505e+04	5.727639e+04	3.041670e+02	1.343532e+01	2020	7	16	0
	11319	3410	254.423077	13.262921	1.004623e+05	2.242434e+01	1.085383e+05	1.080363e+05	5.801100e+04	5.754657e+04	3.039296e+02	1.706574e+01	2020	7	16	6
	11294	3381	253.861139	13.915380	1.004388e+05	1.248426e+01	1.082237e+05	1.078602e+05	5.780497e+04	5.730456e+04	3.038989e+02	1.432016e+01	2020	7	16	12
	11034	3436	248.016983	12.677958	1.004813e+05	1.898333e+01	1.089415e+05	1.080868e+05	5.803211e+04	5.746699e+04	3.038523e+02	2.791160e+01	2020	7	16	18
	11049	3400	248.354146	13.487907	1.004284e+05	1.818122e+01	1.084019e+05	1.078467e+05	5.787690e+04	5.727668e+04	3.038328e+02	1.880610e+01	2020	7	17	0
	10982	3443	246.848152	12.520467	1.005333e+05	1.929740e+01	1.085796e+05	1.082124e+05	5.809535e+04	5.753947e+04	3.037852e+02	2.218081e+01	2020	7	17	6
	10916	3412	245.364635	13.217924	9.969044e+04	2.477465e+01	1.083954e+05	1.078132e+05	5.786789e+04	5.714385e+04	3.037215e+02	2.661588e+01	2020	7	17	12
	10873	3374	244.398102	14.072870	9.987074e+04	2.783768e+01	1.086743e+05	1.079431e+05	5.810202e+04	5.720540e+04	3.037655e+02	2.100166e+01	2020	7	17	18
	10830	3369	243.431568	14.185363	9.956676e+04	3.141151e+01	1.090258e+05	1.076411e+05	5.793011e+04	5.690558e+04	3.037552e+02	2.221496e+01	2020	7	18	0
	10776	3365	242.217782	14.275358	1.000966e+05	2.392676e+01	1.088438e+05	1.081112e+05	5.813518e+04	5.736407e+04	3.036670e+02	2.283124e+01	2020	7	18	6
	10746	3346	241.543457	14.702831	9.987628e+04	2.150636e+01	1.084515e+05	1.078599e+05	5.788368e+04	5.714075e+04	3.035752e+02	1.907091e+01	2020	7	18	12
	10699	3355	240.487013	14.500344	9.993224e+04	2.034655e+01	1.087561e+05	1.081086e+05	5.809226e+04	5.749120e+04	3.034413e+02	1.868480e+01	2020	7	18	18
	10629	3374	238.913586	14.072870	9.993933e+04	2.417726e+01	1.087688e+05	1.078957e+05	5.793459e+04	5.705414e+04	3.034031e+02	2.210203e+01	2020	7	19	0
	10618	3338	238.666334	14.882820	1.002047e+05	1.747026e+01	1.085872e+05	1.081470e+05	5.813677e+04	5.759405e+04	3.033037e+02	2.280182e+01	2020	7	19	6
	10568	3329	237.542458	15.085307	1.001477e+05	2.156437e+01	1.084710e+05	1.079657e+05	5.793055e+04	5.738744e+04	3.028145e+02	2.435958e+01	2020	7	19	12
	10499	3351	235.991508	14.590338	9.981762e+04	2.840038e+01	1.086061e+05	1.079404e+05	5.811230e+04	5.725749e+04	3.026853e+02	2.437341e+01	2020	7	19	18
	10477	3348	235.497003	14.657834	9.992414e+04	2.587298e+01	1.083592e+05	1.077159e+05	5.792630e+04	5.710816e+04	3.026307e+02	2.071183e+01	2020	7	20	0
	10461	3333	235.137363	14.995313	1.003646e+05	2.260862e+01	1.086272e+05	1.080878e+05	5.807931e+04	5.741348e+04	3.025361e+02	1.624657e+01	2020	7	20	6
	10449	3327	234.867632	15.130304	1.000588e+05	1.893383e+01	1.083300e+05	1.079246e+05	5.788652e+04	5.726366e+04	3.024148e+02	1.762598e+01	2020	7	20	12
	10370	3325	233.091908	15.175302	1.000370e+05	2.818999e+01	1.086141e+05	1.081207e+05	5.809787e+04	5.706919e+04	3.021084e+02	1.922287e+01	2020	7	20	18
	10406	3341	233.901099	14.815324	1.000642e+05	1.903053e+01	1.084330e+05	1.079914e+05	5.787332e+04	5.725504e+04	3.023887e+02	1.487206e+01	2020	7	21	0
	10311	3321	231.765734	15.265296	1.004654e+05	2.177082e+01	1.086862e+05	1.083412e+05	5.802224e+04	5.745873e+04	3.024908e+02	1.624571e+01	2020	7	21	6
start	52	2020	7	14	18
	7086	3409	159.275724	13.285420	1.005877e+05	1.284675e+01	1.081888e+05	1.076783e+05	5.776953e+04	5.735282e+04	3.046070e+02	1.706105e+01	2020	7	14	18
	7081	3407	159.163337	13.330417	1.006490e+05	1.376076e+01	1.083837e+05	1.079762e+05	5.801320e+04	5.751525e+04	3.046109e+02	1.807392e+01	2020	7	15	0
	7095	3398	159.478022	13.532904	1.005350e+05	1.104789e+01	1.081676e+05	1.078489e+05	5.776671e+04	5.734745e+04	3.047518e+02	1.809470e+01	2020	7	15	6
	7013	3407	157.634865	13.330417	1.007219e+05	1.199885e+01	1.083493e+05	1.078420e+05	5.799727e+04	5.753167e+04	3.048427e+02	1.493275e+01	2020	7	15	12
	6999	3357	157.320180	14.455347	1.005536e+05	1.344661e+01	1.083388e+05	1.076322e+05	5.773572e+04	5.732069e+04	3.046237e+02	1.596313e+01	2020	7	15	18
	6968	3373	156.623377	14.095369	1.004735e+05	1.675084e+01	1.082649e+05	1.079500e+05	5.783142e+04	5.745110e+04	3.048037e+02	1.786625e+01	2020	7	16	0
	6986	3372	157.027972	14.117868	1.003869e+05	1.228455e+01	1.081942e+05	1.078415e+05	5.770923e+04	5.735250e+04	3.051192e+02	2.201597e+01	2020	7	16	6
	6975	3378	156.780719	13.982876	1.005998e+05	1.482035e+01	1.083229e+05	1.079658e+05	5.789692e+04	5.748563e+04	3.050233e+02	2.175689e+01	2020	7	16	12
	7001	3339	157.365135	14.860321	1.002205e+05	1.860859e+01	1.081559e+05	1.077804e+05	5.762704e+04	5.724671e+04	3.047577e+02	1.989907e+01	2020	7	16	18
	6980	3324	156.893107	15.197800	1.005347e+05	1.555624e+01	1.083725e+05	1.080512e+05	5.783272e+04	5.749178e+04	3.048061e+02	1.541484e+01	2020	7	17	0
	6990	3308	157.117882	15.557778	1.003694e+05	1.701106e+01	1.082714e+05	1.077689e+05	5.778520e+04	5.730801e+04	3.051659e+02	1.702785e+01	2020	7	17	6
	6999	3267	157.320180	16.480220	1.005915e+05	2.196036e+01	1.083916e+05	1.078627e+05	5.795751e+04	5.751286e+04	3.050079e+02	1.719673e+01	2020	7	17	12
	6942	3252	156.038961	16.817699	1.002295e+05	1.638453e+01	1.082580e+05	1.078697e+05	5.773648e+04	5.734454e+04	3.050789e+02	1.941620e+01	2020	7	17	18
	6980	3296	156.893107	15.827761	1.004805e+05	1.959736e+01	1.084630e+05	1.081201e+05	5.794552e+04	5.748595e+04	3.048572e+02	2.461735e+01	2020	7	18	0
	6967	3235	156.600899	17.200175	1.000000e+05	2.108597e+01	1.084237e+05	1.079433e+05	5.783907e+04	5.724349e+04	3.052762e+02	2.474547e+01	2020	7	18	6
	6903	3245	155.162338	16.975189	1.000682e+05	2.460502e+01	1.086398e+05	1.080846e+05	5.804369e+04	5.741025e+04	3.053992e+02	2.014557e+01	2020	7	18	12
	6903	3230	155.162338	17.312668	9.966448e+04	2.753115e+01	1.086854e+05	1.077116e+05	5.781642e+04	5.717684e+04	3.051943e+02	2.355356e+01	2020	7	18	18
	6861	3245	154.218282	16.975189	1.000325e+05	2.492038e+01	1.086609e+05	1.081374e+05	5.796811e+04	5.716619e+04	3.051691e+02	2.770704e+01	2020	7	19	0
	6855	3201	154.083417	17.965127	9.990430e+04	2.651355e+01	1.087161e+05	1.078724e+05	5.789414e+04	5.710105e+04	3.052506e+02	2.653652e+01	2020	7	19	6
	6797	3124	152.779720	19.697519	9.997955e+04	2.832868e+01	1.086762e+05	1.079069e+05	5.810292e+04	5.738009e+04	3.054604e+02	2.655528e+01	2020	7	19	12
	6804	3155	152.937063	19.000062	9.929223e+04	3.064116e+01	1.084959e+05	1.077106e+05	5.780695e+04	5.685350e+04	3.053423e+02	2.830006e+01	2020	7	19	18
	6757	3138	151.880619	19.382539	9.867076e+04	2.788971e+01	1.086320e+05	1.079083e+05	5.793726e+04	5.694941e+04	3.053738e+02	3.023665e+01	2020	7	20	0
	6749	3134	151.700799	19.472533	9.837800e+04	2.883538e+01	1.084475e+05	1.077081e+05	5.784503e+04	5.668386e+04	3.055397e+02	2.906924e+01	2020	7	20	6
	6717	3113	150.981518	19.945003	9.827516e+04	2.904147e+01	1.087565e+05	1.077292e+05	5.798356e+04	5.666339e+04	3.054514e+02	2.820332e+01	2020	7	20	12
	6702	3090	150.644356	20.462471	9.697550e+04	4.066793e+01	1.083816e+05	1.073958e+05	5.782551e+04	5.572726e+04	3.053661e+02	2.654851e+01	2020	7	20	18
	6672	3064	149.970030	21.047434	9.718752e+04	3.566706e+01	1.085768e+05	1.073854e+05	5.793097e+04	5.605043e+04	3.052195e+02	3.172597e+01	2020	7	21	0
	6655	3039	149.587912	21.609899	9.637662e+04	4.349599e+01	1.084902e+05	1.071720e+05	5.778369e+04	5.515545e+04	3.051559e+02	2.608945e+01	2020	7	21	6
	6625	3005	148.913586	22.374852	9.536670e+04	5.539048e+01	1.086346e+05	1.069171e+05	5.793691e+04	5.444638e+04	3.050819e+02	2.734064e+01	2020	7	21	12
	6598	2966	148.306693	23.252297	9.404862e+04	6.368276e+01	1.083891e+05	1.062507e+05	5.776563e+04	5.358980e+04	3.049853e+02	2.751279e+01	2020	7	21	18
	6577	2927	147.834665	24.129742	9.357277e+04	6.496052e+01	1.085999e+05	1.061494e+05	5.796131e+04	5.341174e+04	3.049392e+02	2.675246e+01	2020	7	22	0
	6553	2889	147.295205	24.984688	9.296771e+04	6.272220e+01	1.086834e+05	1.058036e+05	5.789640e+04	5.283648e+04	3.049510e+02	2.275995e+01	2020	7	22	6
	6529	2861	146.755744	25.614649	9.333602e+04	6.701920e+01	1.086651e+05	1.059738e+05	5.796100e+04	5.275843e+04	3.048809e+02	2.350450e+01	2020	7	22	12
	6513	2821	146.396104	26.514593	9.395457e+04	5.459835e+01	1.085181e+05	1.062382e+05	5.781282e+04	5.313408e+04	3.047824e+02	1.879179e+01	2020	7	22	18
	6501	2782	146.126374	27.392038	9.478215e+04	5.515748e+01	1.086117e+05	1.066091e+05	5.797098e+04	5.372727e+04	3.047278e+02	1.441826e+01	2020	7	23	0
	6492	2739	145.924076	28.359477	9.535112e+04	5.681931e+01	1.086035e+05	1.069827e+05	5.794765e+04	5.450398e+04	3.045346e+02	1.493381e+01	2020	7	23	6
	6478	2699	145.609391	29.259421	9.654568e+04	4.439605e+01	1.088145e+05	1.076237e+05	5.806689e+04	5.546660e+04	3.040032e+02	1.630946e+01	2020	7	23	12
	6459	2652	145.182318	30.316855	9.718560e+04	3.301647e+01	1.086200e+05	1.077327e+05	5.793940e+04	5.573698e+04	3.034489e+02	1.244620e+01	2020	7	23	18
	6450	2614	144.980020	31.171802	9.798644e+04	3.047079e+01	1.087272e+05	1.080162e+05	5.801883e+04	5.648018e+04	3.026748e+02	9.151178e+00	2020	7	24	0
	6435	2561	144.642857	32.364227	9.828860e+04	3.306516e+01	1.087952e+05	1.082435e+05	5.794650e+04	5.659179e+04	3.021444e+02	6.442780e+00	2020	7	24	6
	6427	2512	144.463037	33.466658	9.878695e+04	2.717196e+01	1.089592e+05	1.085228e+05	5.808057e+04	5.704696e+04	3.031378e+02	6.917658e+00	2020	7	24	12
	6443	2449	144.822677	34.884070	9.881104e+04	2.641729e+01	1.087351e+05	1.081706e+05	5.791804e+04	5.692561e+04	3.026431e+02	7.338085e+00	2020	7	24	18
	6489	2384	145.856643	36.346478	9.903179e+04	2.412136e+01	1.087703e+05	1.079036e+05	5.801963e+04	5.706744e+04	3.014970e+02	4.778716e+00	2020	7	25	0
	6535	2309	146.890609	38.033873	9.899128e+04	2.118908e+01	1.087032e+05	1.073749e+05	5.787405e+04	5.677913e+04	3.018350e+02	6.651303e+00	2020	7	25	6
	6622	2228	148.846154	39.856259	9.908920e+04	2.181150e+01	1.087165e+05	1.067547e+05	5.786493e+04	5.651505e+04	2.988388e+02	1.325821e+01	2020	7	25	12
	6724	2172	151.138861	41.116180	9.877246e+04	2.033087e+01	1.084350e+05	1.062711e+05	5.764981e+04	5.637407e+04	2.965934e+02	2.368440e+01	2020	7	25	18
	6879	2148	154.622877	41.656146	9.887541e+04	2.092809e+01	1.084907e+05	1.062156e+05	5.775391e+04	5.628258e+04	2.954903e+02	2.515288e+01	2020	7	26	0
	7036	2112	158.151848	42.466096	9.873106e+04	1.965911e+01	1.082726e+05	1.057402e+05	5.758226e+04	5.591041e+04	2.949105e+02	2.127879e+01	2020	7	26	6
	7214	2096	162.152847	42.826073	9.877019e+04	1.879164e+01	1.081036e+05	1.049704e+05	5.748660e+04	5.561056e+04	2.930218e+02	2.167742e+01	2020	7	26	12
	7344	2100	165.074925	42.736079	9.864352e+04	1.981377e+01	1.077900e+05	1.042502e+05	5.735411e+04	5.515574e+04	2.912660e+02	1.393901e+01	2020	7	26	18
	7532	2117	169.300699	42.353603	9.881285e+04	2.017601e+01	1.078801e+05	1.036363e+05	5.749007e+04	5.492366e+04	2.908711e+02	9.552043e+00	2020	7	27	0
	7723	2090	173.593906	42.961065	9.884399e+04	2.048126e+01	1.075978e+05	1.025660e+05	5.723593e+04	5.456241e+04	2.891012e+02	1.251596e+01	2020	7	27	6
	7956	2004	178.831169	44.895944	9.871602e+04	1.890867e+01	1.070863e+05	1.017838e+05	5.696480e+04	5.411308e+04	2.870085e+02	2.125910e+01	2020	7	27	12
start	26	2020	7	17	6
	11636	3529	261.548452	10.585588	1.005278e+05	2.705569e+01	1.085734e+05	1.076431e+05	5.802245e+04	5.712393e+04	3.038465e+02	3.357743e+01	2020	7	17	6
	11552	3513	259.660340	10.945566	1.004344e+05	2.091619e+01	1.083330e+05	1.077153e+05	5.784834e+04	5.716618e+04	3.039170e+02	3.923668e+01	2020	7	17	12
	11455	3551	257.480020	10.090619	1.004439e+05	2.305272e+01	1.085513e+05	1.079492e+05	5.796204e+04	5.745100e+04	3.036931e+02	3.987498e+01	2020	7	17	18
	11360	3476	255.344655	11.778014	1.001274e+05	2.519351e+01	1.084600e+05	1.075631e+05	5.784133e+04	5.718519e+04	3.039814e+02	3.097584e+01	2020	7	18	0
	11342	3466	254.940060	12.003000	1.002695e+05	2.556684e+01	1.086444e+05	1.080005e+05	5.801872e+04	5.743520e+04	3.037632e+02	3.464695e+01	2020	7	18	6
	11368	3441	255.524476	12.565465	1.000029e+05	2.504230e+01	1.086149e+05	1.076561e+05	5.789454e+04	5.716969e+04	3.041340e+02	3.805441e+01	2020	7	18	12
	11275	3459	253.434066	12.160490	9.988299e+04	3.381322e+01	1.085617e+05	1.074569e+05	5.799656e+04	5.680556e+04	3.032455e+02	4.325030e+01	2020	7	18	18
	11272	3400	253.366633	13.487907	9.973579e+04	2.813045e+01	1.083984e+05	1.074421e+05	5.784889e+04	5.686568e+04	3.037881e+02	3.182663e+01	2020	7	19	0
	11168	3450	251.028971	12.362977	1.003242e+05	2.847208e+01	1.085874e+05	1.078749e+05	5.798306e+04	5.719040e+04	3.032170e+02	2.816966e+01	2020	7	19	6
	11185	3431	251.411089	12.790451	9.952501e+04	3.511156e+01	1.082192e+05	1.071596e+05	5.781942e+04	5.656525e+04	3.031317e+02	2.495544e+01	2020	7	19	12
	11147	3427	250.556943	12.880445	9.939327e+04	3.941879e+01	1.084101e+05	1.072800e+05	5.795975e+04	5.679466e+04	3.032510e+02	2.214009e+01	2020	7	19	18
	11125	3358	250.062438	14.432848	9.970401e+04	3.105806e+01	1.083542e+05	1.071420e+05	5.776649e+04	5.698824e+04	3.036950e+02	2.486003e+01	2020	7	20	0
	11141	3353	250.422078	14.545341	9.960436e+04	3.362767e+01	1.084601e+05	1.076031e+05	5.793861e+04	5.697375e+04	3.036372e+02	2.135544e+01	2020	7	20	6
	11105	3343	249.612887	14.770327	9.914460e+04	2.878390e+01	1.081573e+05	1.072660e+05	5.768397e+04	5.671788e+04	3.035478e+02	2.098947e+01	2020	7	20	12
	11085	3337	249.163337	14.905318	9.931201e+04	2.917158e+01	1.083625e+05	1.075019e+05	5.791204e+04	5.683417e+04	3.034680e+02	2.155918e+01	2020	7	20	18
	11064	3308	248.691309	15.557778	9.868567e+04	3.274654e+01	1.082475e+05	1.073106e+05	5.777064e+04	5.662175e+04	3.035450e+02	1.641398e+01	2020	7	21	0
	11043	3307	248.219281	15.580276	9.898879e+04	3.186420e+01	1.084385e+05	1.072579e+05	5.789907e+04	5.685873e+04	3.034305e+02	1.425072e+01	2020	7	21	6
	11018	3295	247.657343	15.850259	9.813514e+04	3.551298e+01	1.080729e+05	1.074411e+05	5.763300e+04	5.645600e+04	3.033664e+02	1.252525e+01	2020	7	21	12
	10984	3290	246.893107	15.962752	9.873248e+04	3.188283e+01	1.084128e+05	1.076077e+05	5.789646e+04	5.678970e+04	3.034901e+02	1.172353e+01	2020	7	21	18
	10937	3279	245.836663	16.210237	9.859895e+04	3.370319e+01	1.082095e+05	1.073154e+05	5.768427e+04	5.697198e+04	3.035209e+02	1.289188e+01	2020	7	22	0
	10909	3264	245.207293	16.547716	9.858005e+04	4.032316e+01	1.084212e+05	1.072998e+05	5.788221e+04	5.645898e+04	3.032730e+02	9.802397e+00	2020	7	22	6
	10864	3269	244.195804	16.435223	9.864543e+04	3.641273e+01	1.085679e+05	1.072046e+05	5.775977e+04	5.663474e+04	3.032109e+02	6.766547e+00	2020	7	22	12
	10808	3255	242.937063	16.750203	9.923851e+04	2.630061e+01	1.082881e+05	1.076600e+05	5.786056e+04	5.745256e+04	3.027710e+02	5.922625e+00	2020	7	22	18
	10741	3250	241.431069	16.862696	9.933809e+04	2.697055e+01	1.083236e+05	1.076469e+05	5.776855e+04	5.731218e+04	3.028536e+02	6.374234e+00	2020	7	23	0
	10679	3243	240.037463	17.020186	1.000574e+05	2.230740e+01	1.083763e+05	1.075830e+05	5.793212e+04	5.764313e+04	3.026465e+02	4.717831e+00	2020	7	23	6
	10616	3242	238.621379	17.042685	1.000744e+05	2.551119e+01	1.084046e+05	1.072341e+05	5.779731e+04	5.730755e+04	3.023384e+02	5.258089e+00	2020	7	23	12
start	21	2020	7	20	12
	9011	4275	202.544955	-6.198363	1.006124e+05	1.998418e+01	1.085518e+05	1.081008e+05	5.787774e+04	5.760988e+04	3.033035e+02	1.423042e+01	2020	7	20	12
	9024	4289	202.837163	-6.513343	1.006786e+05	1.885918e+01	1.086782e+05	1.081613e+05	5.799742e+04	5.767904e+04	3.032567e+02	1.460245e+01	2020	7	20	18
	8935	4282	200.836663	-6.355853	1.004947e+05	1.917093e+01	1.085865e+05	1.080770e+05	5.788180e+04	5.750596e+04	3.032816e+02	1.765131e+01	2020	7	21	0
	8927	4323	200.656843	-7.278295	1.005366e+05	2.071605e+01	1.086762e+05	1.080675e+05	5.794137e+04	5.749777e+04	3.032287e+02	1.163662e+01	2020	7	21	6
	8769	4284	197.105395	-6.400850	1.004517e+05	2.186513e+01	1.086325e+05	1.076988e+05	5.784907e+04	5.733289e+04	3.035947e+02	2.374050e+01	2020	7	21	12
	8595	4261	193.194306	-5.883382	1.005539e+05	1.703455e+01	1.086181e+05	1.078905e+05	5.787995e+04	5.731521e+04	3.036885e+02	2.285627e+01	2020	7	21	18
	8713	4317	195.846653	-7.143304	1.005265e+05	1.840903e+01	1.087918e+05	1.078825e+05	5.783033e+04	5.736981e+04	3.035211e+02	2.037262e+01	2020	7	22	0
	8655	4327	194.542957	-7.368289	1.004530e+05	1.928266e+01	1.086817e+05	1.078829e+05	5.786461e+04	5.728453e+04	3.035526e+02	1.589381e+01	2020	7	22	6
	8599	4326	193.284216	-7.345791	1.004901e+05	1.973780e+01	1.085602e+05	1.079059e+05	5.780486e+04	5.740012e+04	3.035934e+02	1.527524e+01	2020	7	22	12
	8731	4452	196.251249	-10.180614	1.006756e+05	2.035962e+01	1.085276e+05	1.081111e+05	5.789619e+04	5.742214e+04	3.031465e+02	1.262403e+01	2020	7	22	18
	8969	4370	201.600899	-8.335729	1.003609e+05	2.269936e+01	1.083580e+05	1.080912e+05	5.773140e+04	5.746266e+04	3.033691e+02	1.038820e+01	2020	7	23	0
	8903	4360	200.117383	-8.110743	1.005310e+05	1.845914e+01	1.084368e+05	1.080785e+05	5.778196e+04	5.737493e+04	3.033973e+02	1.208590e+01	2020	7	23	6
	8833	4358	198.543956	-8.065746	1.003370e+05	2.446305e+01	1.083133e+05	1.080097e+05	5.773948e+04	5.735242e+04	3.035504e+02	1.639573e+01	2020	7	23	12
	8767	4363	197.060440	-8.178239	1.006588e+05	1.679532e+01	1.083444e+05	1.079824e+05	5.778489e+04	5.741173e+04	3.035047e+02	1.483101e+01	2020	7	23	18
	8699	4355	195.531968	-7.998250	1.003588e+05	1.877440e+01	1.082669e+05	1.078145e+05	5.769744e+04	5.739561e+04	3.037931e+02	1.441010e+01	2020	7	24	0
	8654	4354	194.520480	-7.975751	1.005639e+05	1.706375e+01	1.083644e+05	1.079788e+05	5.767136e+04	5.736039e+04	3.038418e+02	1.018893e+01	2020	7	24	6
	8585	4342	192.969530	-7.705768	1.005788e+05	1.560682e+01	1.082125e+05	1.079680e+05	5.779993e+04	5.741327e+04	3.037535e+02	1.063330e+01	2020	7	24	12
	8540	4351	191.958042	-7.908256	1.006365e+05	1.587739e+01	1.083063e+05	1.079796e+05	5.773974e+04	5.747614e+04	3.036765e+02	9.742679e+00	2020	7	24	18
	8458	4359	190.114885	-8.088244	1.004750e+05	1.724256e+01	1.083928e+05	1.081070e+05	5.773495e+04	5.733355e+04	3.039071e+02	1.731808e+01	2020	7	25	0
	8393	4335	188.653846	-7.548278	1.004566e+05	1.624437e+01	1.085910e+05	1.079101e+05	5.770677e+04	5.734189e+04	3.038467e+02	2.306281e+01	2020	7	25	6
	8310	4332	186.788212	-7.480782	1.006243e+05	1.808338e+01	1.082229e+05	1.077939e+05	5.770607e+04	5.739286e+04	3.038410e+02	2.188266e+01	2020	7	25	12
start	14	2020	7	23	12
	8953	3623	201.241259	8.470721	1.005176e+05	1.543199e+01	1.084327e+05	1.079796e+05	5.772355e+04	5.740677e+04	3.035772e+02	2.749020e+01	2020	7	23	12
	8974	3630	201.713287	8.313230	1.006296e+05	1.771589e+01	1.085070e+05	1.079307e+05	5.780322e+04	5.751739e+04	3.035475e+02	1.911854e+01	2020	7	23	18
	8729	3662	196.206294	7.593275	1.004825e+05	1.639363e+01	1.083339e+05	1.078968e+05	5.774046e+04	5.735835e+04	3.038193e+02	2.143921e+01	2020	7	24	0
	8519	3672	191.486014	7.368289	1.004700e+05	1.248010e+01	1.085764e+05	1.079214e+05	5.772348e+04	5.737290e+04	3.037549e+02	2.185705e+01	2020	7	24	6
	8476	3686	190.519481	7.053309	1.004737e+05	1.712426e+01	1.084046e+05	1.078816e+05	5.771286e+04	5.727337e+04	3.036760e+02	2.296573e+01	2020	7	24	12
	8453	3693	190.002498	6.895819	1.005183e+05	1.643347e+01	1.083838e+05	1.077937e+05	5.776444e+04	5.738037e+04	3.036504e+02	1.895633e+01	2020	7	24	18
	8444	3625	189.800200	8.425723	1.003954e+05	2.157847e+01	1.085987e+05	1.078791e+05	5.775791e+04	5.733966e+04	3.036115e+02	1.374428e+01	2020	7	25	0
	8259	3724	185.641858	6.198363	1.004352e+05	1.099367e+01	1.084731e+05	1.079402e+05	5.771874e+04	5.744539e+04	3.044900e+02	1.066695e+01	2020	7	25	6
	8245	3733	185.327173	5.995875	1.005221e+05	1.123225e+01	1.084070e+05	1.076983e+05	5.776346e+04	5.741687e+04	3.042422e+02	1.883392e+01	2020	7	25	12
	8245	3710	185.327173	6.513343	1.004723e+05	1.653539e+01	1.082484e+05	1.077563e+05	5.773672e+04	5.728122e+04	3.039654e+02	2.063240e+01	2020	7	25	18
	8265	3638	185.776723	8.133242	1.004893e+05	2.094683e+01	1.083511e+05	1.078440e+05	5.775816e+04	5.746659e+04	3.040338e+02	1.823285e+01	2020	7	26	0
	8248	3638	185.394605	8.133242	1.005532e+05	1.371221e+01	1.086971e+05	1.078926e+05	5.776221e+04	5.744097e+04	3.039631e+02	1.749369e+01	2020	7	26	6
	8237	3565	185.147353	9.775639	1.006223e+05	1.619440e+01	1.084177e+05	1.079672e+05	5.780733e+04	5.752591e+04	3.035360e+02	1.806761e+01	2020	7	26	12
	8018	3634	180.224775	8.223236	1.005355e+05	1.153674e+01	1.083485e+05	1.078372e+05	5.770706e+04	5.740996e+04	3.041562e+02	1.091309e+01	2020	7	26	18
start	21	2020	7	24	6
	6353	2950	142.799700	23.612274	1.001163e+05	1.891753e+01	1.088288e+05	1.083396e+05	5.786347e+04	5.738517e+04	3.062771e+02	1.345189e+01	2020	7	24	6
	6368	3039	143.136863	21.609899	1.002266e+05	2.216492e+01	1.089082e+05	1.084561e+05	5.806577e+04	5.746311e+04	3.061662e+02	1.023329e+01	2020	7	24	12
	6330	2980	142.282717	22.937316	9.998762e+04	1.723582e+01	1.087862e+05	1.082979e+05	5.796703e+04	5.726451e+04	3.059678e+02	1.798280e+01	2020	7	24	18
	6326	2916	142.192807	24.377226	9.967691e+04	2.150423e+01	1.088139e+05	1.083204e+05	5.801804e+04	5.747518e+04	3.059413e+02	2.216964e+01	2020	7	25	0
	6284	2924	141.248751	24.197238	9.918886e+04	2.692486e+01	1.088077e+05	1.082381e+05	5.792168e+04	5.703119e+04	3.064921e+02	1.178635e+01	2020	7	25	6
	6224	2821	139.900100	26.514593	9.989810e+04	2.094288e+01	1.088720e+05	1.083810e+05	5.801571e+04	5.728096e+04	3.062731e+02	9.740783e+00	2020	7	25	12
	6207	2830	139.517982	26.312105	9.925323e+04	2.455994e+01	1.089916e+05	1.082399e+05	5.790105e+04	5.698556e+04	3.060311e+02	2.480792e+01	2020	7	25	18
	6182	2782	138.956044	27.392038	9.940938e+04	2.120333e+01	1.088364e+05	1.082657e+05	5.796461e+04	5.727953e+04	3.058404e+02	1.517798e+01	2020	7	26	0
	6163	2784	138.528971	27.347041	9.883749e+04	3.062740e+01	1.090164e+05	1.080828e+05	5.795716e+04	5.688706e+04	3.057481e+02	6.798788e+00	2020	7	26	6
	6149	2763	138.214286	27.819511	9.904012e+04	2.937942e+01	1.087806e+05	1.078050e+05	5.799326e+04	5.698000e+04	3.056258e+02	1.355060e+01	2020	7	26	12
	6124	2715	137.652348	28.899444	9.910655e+04	2.344448e+01	1.089450e+05	1.081711e+05	5.787500e+04	5.703157e+04	3.054626e+02	2.550757e+01	2020	7	26	18
	6128	2697	137.742258	29.304418	9.917945e+04	2.484446e+01	1.086968e+05	1.079960e+05	5.786905e+04	5.712345e+04	3.052701e+02	1.417292e+01	2020	7	27	0
	6117	2656	137.495005	30.226861	9.895082e+04	2.774882e+01	1.088554e+05	1.080464e+05	5.780511e+04	5.668225e+04	3.051260e+02	9.283542e+00	2020	7	27	6
	6113	2617	137.405095	31.104306	9.924645e+04	2.371772e+01	1.088391e+05	1.082472e+05	5.795359e+04	5.723553e+04	3.047451e+02	1.353745e+01	2020	7	27	12
	6094	2581	136.978022	31.914255	9.928533e+04	1.845118e+01	1.088588e+05	1.080288e+05	5.778894e+04	5.706958e+04	3.043793e+02	2.454945e+01	2020	7	27	18
	6115	2540	137.450050	32.836698	9.894432e+04	3.835533e+01	1.088648e+05	1.077945e+05	5.793288e+04	5.675292e+04	3.041865e+02	1.627736e+01	2020	7	28	0
	6089	2542	136.865634	32.791700	9.938569e+04	2.341606e+01	1.088907e+05	1.083058e+05	5.786468e+04	5.707605e+04	3.041096e+02	6.135864e+00	2020	7	28	6
	6087	2510	136.820679	33.511655	9.966641e+04	2.150134e+01	1.090257e+05	1.082975e+05	5.799280e+04	5.724248e+04	3.057890e+02	1.013438e+01	2020	7	28	12
	6102	2473	137.157842	34.344103	9.977394e+04	1.994111e+01	1.087777e+05	1.081062e+05	5.789316e+04	5.724793e+04	3.047045e+02	1.469161e+01	2020	7	28	18
	6079	2455	136.640859	34.749078	1.000878e+05	1.563875e+01	1.088215e+05	1.082105e+05	5.795716e+04	5.744947e+04	3.035886e+02	6.107372e+00	2020	7	29	0
	6061	2434	136.236264	35.221549	1.001910e+05	1.240711e+01	1.088841e+05	1.083526e+05	5.799193e+04	5.744334e+04	3.052671e+02	4.083161e+00	2020	7	29	6
start	29	2020	7	27	18
	5908	3082	132.797203	20.642460	9.986717e+04	1.684963e+01	1.087762e+05	1.082056e+05	5.777209e+04	5.721305e+04	3.059675e+02	2.935367e+01	2020	7	27	18
	6026	2993	135.449550	22.644835	9.990514e+04	2.381848e+01	1.087956e+05	1.080473e+05	5.790957e+04	5.725125e+04	3.055464e+02	2.431931e+01	2020	7	28	0
	5906	3113	132.752248	19.945003	9.980603e+04	1.906757e+01	1.086149e+05	1.080083e+05	5.767016e+04	5.716220e+04	3.060225e+02	2.662528e+01	2020	7	28	6
	5945	3044	133.628871	21.497406	9.984567e+04	1.963214e+01	1.087639e+05	1.081357e+05	5.786869e+04	5.723582e+04	3.058389e+02	1.977120e+01	2020	7	28	12
	5786	2992	130.054945	22.667333	9.956147e+04	1.789621e+01	1.087003e+05	1.080544e+05	5.755247e+04	5.709211e+04	3.060009e+02	3.780009e+01	2020	7	28	18
	5818	3026	130.774226	21.902381	9.968615e+04	1.904488e+01	1.087878e+05	1.080778e+05	5.771112e+04	5.709977e+04	3.058486e+02	4.328526e+01	2020	7	29	0
	5855	3028	131.605894	21.857384	9.942875e+04	2.207192e+01	1.086642e+05	1.079487e+05	5.773401e+04	5.698336e+04	3.060092e+02	2.882131e+01	2020	7	29	6
	5742	2838	129.065934	26.132117	9.952745e+04	1.532240e+01	1.088286e+05	1.083248e+05	5.777134e+04	5.706691e+04	3.057646e+02	1.679741e+01	2020	7	29	12
	5737	2859	128.953546	25.659646	9.922072e+04	1.626939e+01	1.086814e+05	1.078854e+05	5.762923e+04	5.693030e+04	3.056709e+02	2.749190e+01	2020	7	29	18
	5689	2793	127.874625	27.144553	9.916396e+04	2.044270e+01	1.087754e+05	1.080500e+05	5.771190e+04	5.687153e+04	3.051791e+02	1.497413e+01	2020	7	30	0
	5710	2824	128.346653	26.447097	9.897459e+04	2.533839e+01	1.086968e+05	1.079780e+05	5.768593e+04	5.674311e+04	3.053031e+02	1.343998e+01	2020	7	30	6
	5685	2805	127.784715	26.874570	9.911847e+04	2.463562e+01	1.088469e+05	1.082574e+05	5.778459e+04	5.694571e+04	3.050350e+02	2.124061e+01	2020	7	30	12
	5672	2731	127.492507	28.539466	9.825058e+04	3.120084e+01	1.086608e+05	1.080188e+05	5.777530e+04	5.628078e+04	3.048296e+02	2.253652e+01	2020	7	30	18
	5620	2743	126.323676	28.269483	9.877630e+04	2.222220e+01	1.087537e+05	1.081904e+05	5.769523e+04	5.671090e+04	3.046367e+02	1.332242e+01	2020	7	31	0
	5621	2720	126.346154	28.786951	9.874106e+04	2.574361e+01	1.087792e+05	1.082150e+05	5.776576e+04	5.669536e+04	3.044655e+02	1.449680e+01	2020	7	31	6
	5581	2697	125.447053	29.304418	9.879302e+04	2.167892e+01	1.089564e+05	1.082687e+05	5.786573e+04	5.665621e+04	3.043054e+02	1.344984e+01	2020	7	31	12
	5541	2674	124.547952	29.821886	9.863835e+04	2.470048e+01	1.087314e+05	1.079988e+05	5.773559e+04	5.661941e+04	3.040674e+02	1.367271e+01	2020	7	31	18
	5561	2633	124.997502	30.744328	9.853440e+04	2.659384e+01	1.088529e+05	1.082972e+05	5.784561e+04	5.662028e+04	3.032003e+02	1.306499e+01	2020	8	1	0
	5531	2595	124.323177	31.599275	9.851790e+04	2.399265e+01	1.088741e+05	1.082086e+05	5.783250e+04	5.661048e+04	3.024179e+02	1.305945e+01	2020	8	1	6
	5497	2553	123.558941	32.544216	9.866066e+04	2.261097e+01	1.089957e+05	1.080374e+05	5.786380e+04	5.666458e+04	3.023721e+02	1.147616e+01	2020	8	1	12
	5488	2502	123.356643	33.691644	9.849844e+04	2.554112e+01	1.088258e+05	1.078313e+05	5.772139e+04	5.646812e+04	3.023369e+02	2.169299e+01	2020	8	1	18
	5465	2437	122.839660	35.154053	9.833315e+04	2.958637e+01	1.088000e+05	1.078534e+05	5.774352e+04	5.652537e+04	3.018751e+02	2.081438e+01	2020	8	2	0
	5490	2391	123.401598	36.188988	9.820654e+04	2.664374e+01	1.088857e+05	1.079033e+05	5.769233e+04	5.640596e+04	3.018450e+02	1.843958e+01	2020	8	2	6
	5483	2329	123.244256	37.583901	9.821985e+04	2.160770e+01	1.089098e+05	1.080089e+05	5.780282e+04	5.641175e+04	3.014401e+02	1.347793e+01	2020	8	2	12
	5503	2268	123.693806	38.956315	9.831136e+04	2.099130e+01	1.088019e+05	1.075103e+05	5.777202e+04	5.626354e+04	3.019543e+02	1.674093e+01	2020	8	2	18
	5548	2207	124.705295	40.328729	9.868040e+04	2.403537e+01	1.087696e+05	1.071425e+05	5.774296e+04	5.640134e+04	3.017888e+02	1.529773e+01	2020	8	3	0
	5592	2151	125.694306	41.588651	9.911992e+04	1.447753e+01	1.088055e+05	1.069100e+05	5.769793e+04	5.637952e+04	3.047135e+02	1.495561e+01	2020	8	3	6
	5423	2004	121.895604	44.895944	9.929555e+04	1.349586e+01	1.082429e+05	1.049125e+05	5.725206e+04	5.585584e+04	3.057128e+02	1.201529e+01	2020	8	3	12
	5527	2003	124.233267	44.918442	9.911495e+04	1.250180e+01	1.079949e+05	1.047910e+05	5.730321e+04	5.574157e+04	3.037393e+02	1.141752e+01	2020	8	3	18
start	61	2020	8	1	12
	6203	3143	139.428072	19.270046	1.005697e+05	1.146540e+01	1.086985e+05	1.082658e+05	5.814057e+04	5.759183e+04	3.056459e+02	1.199693e+01	2020	8	1	12
	6108	3182	137.292707	18.392600	1.003392e+05	1.687677e+01	1.085841e+05	1.080390e+05	5.785293e+04	5.739196e+04	3.053851e+02	1.926389e+01	2020	8	1	18
	6084	3196	136.753247	18.077620	1.004839e+05	1.803123e+01	1.085862e+05	1.081558e+05	5.792966e+04	5.743936e+04	3.052757e+02	2.002802e+01	2020	8	2	0
	6117	3241	137.495005	17.065183	1.002562e+05	1.740347e+01	1.085684e+05	1.079766e+05	5.784099e+04	5.730660e+04	3.054968e+02	2.247144e+01	2020	8	2	6
	6084	3258	136.753247	16.682707	1.003864e+05	1.752909e+01	1.086466e+05	1.082158e+05	5.788739e+04	5.746830e+04	3.053197e+02	2.250599e+01	2020	8	2	12
	6108	3255	137.292707	16.750203	1.001452e+05	1.658116e+01	1.084187e+05	1.080522e+05	5.785856e+04	5.721364e+04	3.052392e+02	2.321009e+01	2020	8	2	18
	6065	3217	136.326174	17.605150	1.000376e+05	2.170058e+01	1.085702e+05	1.080711e+05	5.782521e+04	5.727908e+04	3.051932e+02	2.179851e+01	2020	8	3	0
	6069	3231	136.416084	17.290169	9.985350e+04	2.215692e+01	1.085516e+05	1.080357e+05	5.765932e+04	5.708134e+04	3.052888e+02	2.234700e+01	2020	8	3	6
	6099	3215	137.090410	17.650147	9.980208e+04	1.934972e+01	1.086794e+05	1.080577e+05	5.784439e+04	5.722282e+04	3.051267e+02	2.062630e+01	2020	8	3	12
	6071	3205	136.461039	17.875133	9.956755e+04	2.101576e+01	1.084108e+05	1.080638e+05	5.762569e+04	5.710756e+04	3.049222e+02	2.405304e+01	2020	8	3	18
	6031	3191	135.561938	18.190113	9.914761e+04	2.747319e+01	1.085286e+05	1.080524e+05	5.780512e+04	5.692286e+04	3.048117e+02	2.578143e+01	2020	8	4	0
	6020	3200	135.314685	17.987626	9.871695e+04	2.442089e+01	1.084328e+05	1.076826e+05	5.760596e+04	5.676832e+04	3.047037e+02	3.041693e+01	2020	8	4	6
	5999	3190	134.842657	18.212612	9.863774e+04	2.664969e+01	1.086239e+05	1.078669e+05	5.768898e+04	5.667933e+04	3.045057e+02	2.863890e+01	2020	8	4	12
	5982	3182	134.460539	18.392600	9.760494e+04	3.485734e+01	1.083502e+05	1.072278e+05	5.750525e+04	5.600845e+04	3.043963e+02	2.825408e+01	2020	8	4	18
	5950	3175	133.741259	18.550091	9.762375e+04	2.849260e+01	1.085035e+05	1.076054e+05	5.761186e+04	5.590314e+04	3.043137e+02	3.457562e+01	2020	8	5	0
	5929	3165	133.269231	18.775077	9.669938e+04	3.712274e+01	1.084925e+05	1.071303e+05	5.756018e+04	5.523393e+04	3.043984e+02	3.071879e+01	2020	8	5	6
	5901	3180	132.639860	18.437598	9.454309e+04	5.683733e+01	1.085582e+05	1.067491e+05	5.768752e+04	5.405979e+04	3.041776e+02	2.742901e+01	2020	8	5	12
	5887	3178	132.325175	18.482595	9.323966e+04	6.188689e+01	1.084817e+05	1.057577e+05	5.754784e+04	5.292943e+04	3.039755e+02	4.185288e+01	2020	8	5	18
	5873	3167	132.010490	18.730079	9.280409e+04	6.117073e+01	1.086643e+05	1.055857e+05	5.769970e+04	5.252529e+04	3.039723e+02	4.072166e+01	2020	8	6	0
	5859	3167	131.695804	18.730079	9.269540e+04	6.256063e+01	1.085563e+05	1.052517e+05	5.752254e+04	5.218179e+04	3.040258e+02	3.020418e+01	2020	8	6	6
	5856	3155	131.628372	19.000062	9.323321e+04	5.832904e+01	1.085933e+05	1.054244e+05	5.761696e+04	5.239425e+04	3.042138e+02	2.878305e+01	2020	8	6	12
	5850	3138	131.493506	19.382539	9.336965e+04	6.082067e+01	1.084553e+05	1.056746e+05	5.751290e+04	5.246142e+04	3.041253e+02	3.947850e+01	2020	8	6	18
	5847	3115	131.426074	19.900006	9.337488e+04	6.075484e+01	1.086230e+05	1.060195e+05	5.760782e+04	5.267686e+04	3.041760e+02	3.863425e+01	2020	8	7	0
	5848	3099	131.448551	20.259984	9.304907e+04	5.877986e+01	1.085164e+05	1.059286e+05	5.743082e+04	5.253853e+04	3.043067e+02	2.930740e+01	2020	8	7	6
	5839	3083	131.246254	20.619961	9.298741e+04	6.113327e+01	1.085819e+05	1.059144e+05	5.758302e+04	5.254357e+04	3.042480e+02	3.335442e+01	2020	8	7	12
	5843	3061	131.336164	21.114930	9.249205e+04	6.625689e+01	1.084607e+05	1.056641e+05	5.755670e+04	5.225091e+04	3.041784e+02	3.178109e+01	2020	8	7	18
	5848	3036	131.448551	21.677395	9.230312e+04	6.249924e+01	1.086088e+05	1.056238e+05	5.753499e+04	5.228059e+04	3.040490e+02	3.128207e+01	2020	8	8	0
	5853	3009	131.560939	22.284857	9.140520e+04	6.814207e+01	1.084405e+05	1.049861e+05	5.736649e+04	5.154159e+04	3.040826e+02	2.569493e+01	2020	8	8	6
	5857	2983	131.650849	22.869821	9.130071e+04	6.513830e+01	1.086364e+05	1.051435e+05	5.757227e+04	5.160209e+04	3.039778e+02	2.392939e+01	2020	8	8	12
	5855	2952	131.605894	23.567277	9.164750e+04	5.779381e+01	1.085590e+05	1.051365e+05	5.735614e+04	5.153703e+04	3.038486e+02	3.015147e+01	2020	8	8	18
	5851	2925	131.515984	24.174739	9.252130e+04	5.447851e+01	1.085290e+05	1.054581e+05	5.752939e+04	5.189755e+04	3.037075e+02	2.246449e+01	2020	8	9	0
	5845	2904	131.381119	24.647209	9.288975e+04	5.647035e+01	1.084765e+05	1.054078e+05	5.735341e+04	5.204377e+04	3.036371e+02	1.822945e+01	2020	8	9	6
	5840	2887	131.268731	25.029686	9.360524e+04	4.904848e+01	1.086066e+05	1.058918e+05	5.751997e+04	5.255337e+04	3.034568e+02	2.023367e+01	2020	8	9	12
	5830	2859	131.043956	25.659646	9.393758e+04	4.841274e+01	1.084522e+05	1.059608e+05	5.739638e+04	5.276861e+04	3.037870e+02	2.440778e+01	2020	8	9	18
	5824	2840	130.909091	26.087120	9.432403e+04	4.497700e+01	1.085359e+05	1.062362e+05	5.744186e+04	5.307768e+04	3.038438e+02	1.857621e+01	2020	8	10	0
	5827	2817	130.976523	26.604587	9.449532e+04	4.356619e+01	1.085351e+05	1.063777e+05	5.747576e+04	5.330514e+04	3.037866e+02	1.695457e+01	2020	8	10	6
	5812	2803	130.639361	26.919567	9.490013e+04	4.285470e+01	1.087037e+05	1.067356e+05	5.751596e+04	5.370929e+04	3.036990e+02	1.893151e+01	2020	8	10	12
	5807	2782	130.526973	27.392038	9.536760e+04	3.962214e+01	1.085696e+05	1.067927e+05	5.741801e+04	5.392378e+04	3.036334e+02	2.418314e+01	2020	8	10	18
	5801	2767	130.392108	27.729517	9.566405e+04	3.778136e+01	1.086878e+05	1.069982e+05	5.752056e+04	5.415154e+04	3.035567e+02	1.772471e+01	2020	8	11	0
	5800	2755	130.369630	27.999500	9.582232e+04	3.421752e+01	1.086855e+05	1.071103e+05	5.750910e+04	5.429009e+04	3.034425e+02	1.611601e+01	2020	8	11	6
	5787	2739	130.077423	28.359477	9.612496e+04	3.550884e+01	1.088778e+05	1.073764e+05	5.758517e+04	5.460042e+04	3.033631e+02	1.793834e+01	2020	8	11	12
	5778	2728	129.875125	28.606962	9.610384e+04	3.686804e+01	1.086990e+05	1.073687e+05	5.747199e+04	5.464406e+04	3.032510e+02	2.230047e+01	2020	8	11	18
	5754	2712	129.335664	28.966940	9.575738e+04	4.268110e+01	1.086679e+05	1.074302e+05	5.757800e+04	5.462350e+04	3.031399e+02	1.719051e+01	2020	8	12	0
	5735	2718	128.908591	28.831948	9.598003e+04	3.495274e+01	1.086560e+05	1.075083e+05	5.749344e+04	5.469084e+04	3.033161e+02	1.364404e+01	2020	8	12	6
	5717	2708	128.503996	29.056934	9.630041e+04	3.764222e+01	1.088522e+05	1.077264e+05	5.763386e+04	5.497943e+04	3.033802e+02	1.483198e+01	2020	8	12	12
	5698	2689	128.076923	29.484407	9.594921e+04	3.598798e+01	1.086121e+05	1.075177e+05	5.749398e+04	5.471013e+04	3.033395e+02	1.945443e+01	2020	8	12	18
	5694	2691	127.987013	29.439410	9.567419e+04	3.624871e+01	1.086641e+05	1.074085e+05	5.750168e+04	5.457833e+04	3.032845e+02	1.556460e+01	2020	8	13	0
	5676	2679	127.582418	29.709393	9.553458e+04	4.563223e+01	1.086388e+05	1.073150e+05	5.743110e+04	5.446491e+04	3.033338e+02	1.560344e+01	2020	8	13	6
	5674	2669	127.537463	29.934379	9.581095e+04	3.276787e+01	1.087778e+05	1.075956e+05	5.752698e+04	5.484168e+04	3.032234e+02	1.195469e+01	2020	8	13	12
	5659	2640	127.200300	30.586838	9.612286e+04	3.226646e+01	1.086488e+05	1.075393e+05	5.742287e+04	5.487120e+04	3.033068e+02	1.887534e+01	2020	8	13	18
	5652	2620	127.042957	31.036810	9.619092e+04	3.354889e+01	1.086719e+05	1.075621e+05	5.744012e+04	5.495712e+04	3.034851e+02	1.987416e+01	2020	8	14	0
	5632	2592	126.593407	31.666771	9.632755e+04	3.397994e+01	1.086174e+05	1.076920e+05	5.732727e+04	5.516012e+04	3.036253e+02	1.423308e+01	2020	8	14	6
	5604	2580	125.964036	31.936754	9.703016e+04	2.579200e+01	1.087314e+05	1.079978e+05	5.745066e+04	5.576379e+04	3.032246e+02	8.495708e+00	2020	8	14	12
	5595	2554	125.761738	32.521717	9.753185e+04	2.453845e+01	1.085607e+05	1.077241e+05	5.735618e+04	5.607292e+04	3.029432e+02	1.245745e+01	2020	8	14	18
	5579	2520	125.402098	33.286670	9.776975e+04	2.278097e+01	1.085601e+05	1.076062e+05	5.734268e+04	5.612538e+04	3.027686e+02	1.566652e+01	2020	8	15	0
	5582	2500	125.469530	33.736641	9.791812e+04	2.113800e+01	1.085381e+05	1.075258e+05	5.726627e+04	5.634309e+04	3.028078e+02	1.496918e+01	2020	8	15	6
	5573	2465	125.267233	34.524092	9.822373e+04	2.138132e+01	1.086467e+05	1.074642e+05	5.735578e+04	5.643259e+04	3.027301e+02	1.790270e+01	2020	8	15	12
	5581	2450	125.447053	34.861571	9.801860e+04	1.914623e+01	1.085063e+05	1.072374e+05	5.724355e+04	5.628771e+04	3.026450e+02	1.669563e+01	2020	8	15	18
	5581	2430	125.447053	35.311543	9.822301e+04	1.793342e+01	1.085263e+05	1.070585e+05	5.731224e+04	5.645177e+04	3.025748e+02	1.686628e+01	2020	8	16	0
	5596	2416	125.784216	35.626523	9.842941e+04	1.623234e+01	1.086464e+05	1.070881e+05	5.734082e+04	5.655809e+04	3.027693e+02	1.586476e+01	2020	8	16	6
	5604	2424	125.964036	35.446535	9.874074e+04	1.517283e+01	1.086849e+05	1.071712e+05	5.746804e+04	5.651260e+04	3.027525e+02	1.481730e+01	2020	8	16	12
start	15	2020	8	2	12
	11150	3483	250.624376	11.620524	1.006397e+05	1.290809e+01	1.083621e+05	1.078333e+05	5.774036e+04	5.741442e+04	3.031438e+02	2.073362e+01	2020	8	2	12
	11096	3506	249.410589	11.103056	1.005544e+05	2.469285e+01	1.084776e+05	1.081389e+05	5.796655e+04	5.750254e+04	3.030968e+02	2.170854e+01	2020	8	2	18
	11073	3477	248.893606	11.755515	1.004934e+05	1.636724e+01	1.084240e+05	1.079215e+05	5.779467e+04	5.740425e+04	3.034896e+02	2.039145e+01	2020	8	3	0
	11023	3476	247.769730	11.778014	1.004124e+05	2.376850e+01	1.086554e+05	1.080430e+05	5.800541e+04	5.727571e+04	3.036421e+02	2.204220e+01	2020	8	3	6
	11237	3514	252.579920	10.923067	1.004142e+05	2.072788e+01	1.083370e+05	1.079141e+05	5.779110e+04	5.737193e+04	3.033609e+02	2.894349e+01	2020	8	3	12
	11228	3494	252.377622	11.373039	1.007529e+05	1.820873e+01	1.085866e+05	1.082928e+05	5.803839e+04	5.763854e+04	3.034687e+02	2.475332e+01	2020	8	3	18
	10997	3522	247.185315	10.743079	1.004135e+05	1.853291e+01	1.085031e+05	1.080986e+05	5.781224e+04	5.739186e+04	3.035841e+02	3.235468e+01	2020	8	4	0
	10992	3544	247.072927	10.248109	1.007153e+05	2.261752e+01	1.088649e+05	1.083455e+05	5.807558e+04	5.762788e+04	3.033369e+02	2.828164e+01	2020	8	4	6
	10880	3453	244.555445	12.295482	1.004463e+05	2.212070e+01	1.084774e+05	1.079036e+05	5.790435e+04	5.733086e+04	3.036444e+02	2.755612e+01	2020	8	4	12
	10808	3400	242.937063	13.487907	1.007066e+05	2.009355e+01	1.087533e+05	1.081826e+05	5.813595e+04	5.759523e+04	3.035712e+02	2.136164e+01	2020	8	4	18
	10945	3418	246.016484	13.082932	1.004559e+05	1.635907e+01	1.087497e+05	1.082159e+05	5.800581e+04	5.744907e+04	3.038545e+02	1.837083e+01	2020	8	5	0
	10784	3487	242.397602	11.530529	1.008226e+05	2.217893e+01	1.089593e+05	1.083798e+05	5.819765e+04	5.759877e+04	3.032454e+02	2.608253e+01	2020	8	5	6
	10749	3337	241.610889	14.905318	1.004063e+05	2.177290e+01	1.090581e+05	1.080312e+05	5.806878e+04	5.741130e+04	3.034295e+02	2.370275e+01	2020	8	5	12
	10714	3408	240.824176	13.307918	9.984921e+04	3.540879e+01	1.089054e+05	1.080347e+05	5.818521e+04	5.698777e+04	3.033530e+02	1.665463e+01	2020	8	5	18
	10759	3396	241.835664	13.577901	1.002514e+05	1.897409e+01	1.087517e+05	1.081818e+05	5.798031e+04	5.757453e+04	3.036504e+02	1.277417e+01	2020	8	6	0
start	30	2020	8	6	18
	10688	3406	240.239760	13.352915	1.005423e+05	2.348007e+01	1.087900e+05	1.080952e+05	5.801868e+04	5.743338e+04	3.034686e+02	1.034470e+01	2020	8	6	18
	10661	3347	239.632867	14.680332	1.002667e+05	1.674129e+01	1.084336e+05	1.080044e+05	5.781022e+04	5.739196e+04	3.038081e+02	1.345953e+01	2020	8	7	0
	10588	3420	237.992008	13.037935	1.004755e+05	1.872771e+01	1.087441e+05	1.081335e+05	5.792173e+04	5.755576e+04	3.029967e+02	2.431831e+01	2020	8	7	6
	10578	3407	237.767233	13.330417	1.000147e+05	2.252693e+01	1.084466e+05	1.077390e+05	5.783572e+04	5.715949e+04	3.029640e+02	2.268272e+01	2020	8	7	12
	10565	3450	237.475025	12.362977	1.003045e+05	2.183896e+01	1.084201e+05	1.079504e+05	5.782369e+04	5.731505e+04	3.028966e+02	1.888846e+01	2020	8	7	18
	10558	3440	237.317682	12.587963	1.000373e+05	2.038639e+01	1.083629e+05	1.078918e+05	5.765996e+04	5.718869e+04	3.030267e+02	2.193733e+01	2020	8	8	0
	10577	3443	237.744755	12.520467	9.997165e+04	3.002801e+01	1.086799e+05	1.079814e+05	5.787179e+04	5.728138e+04	3.028392e+02	2.323750e+01	2020	8	8	6
	10560	3461	237.362637	12.115493	1.000034e+05	2.647824e+01	1.083217e+05	1.077917e+05	5.763381e+04	5.717109e+04	3.027658e+02	2.256186e+01	2020	8	8	12
	10549	3401	237.115385	13.465408	1.004401e+05	2.230399e+01	1.085520e+05	1.079257e+05	5.786380e+04	5.728610e+04	3.028293e+02	1.515562e+01	2020	8	8	18
	10483	3434	235.631868	12.722955	9.994598e+04	2.312218e+01	1.083920e+05	1.074314e+05	5.767829e+04	5.714633e+04	3.030757e+02	1.610654e+01	2020	8	9	0
	10451	3381	234.912587	13.915380	1.002516e+05	2.139208e+01	1.088049e+05	1.081922e+05	5.794098e+04	5.734678e+04	3.030494e+02	1.934774e+01	2020	8	9	6
	10435	3359	234.552947	14.410349	9.980419e+04	2.598629e+01	1.084519e+05	1.078083e+05	5.781667e+04	5.717214e+04	3.029777e+02	1.584451e+01	2020	8	9	12
	10397	3312	233.698801	15.467783	1.001731e+05	2.463580e+01	1.087199e+05	1.083726e+05	5.809560e+04	5.754036e+04	3.029139e+02	1.240780e+01	2020	8	9	18
	10334	3305	232.282717	15.625273	9.974448e+04	2.462818e+01	1.086705e+05	1.082281e+05	5.795691e+04	5.737264e+04	3.028228e+02	1.376773e+01	2020	8	10	0
	10257	3283	230.551948	16.120242	1.001724e+05	2.524947e+01	1.088865e+05	1.084526e+05	5.815909e+04	5.767111e+04	3.028174e+02	1.069061e+01	2020	8	10	6
	10206	3263	229.405594	16.570214	1.000679e+05	2.356191e+01	1.087001e+05	1.082508e+05	5.795782e+04	5.746360e+04	3.026971e+02	1.896129e+01	2020	8	10	12
	10149	3238	228.124376	17.132679	1.000171e+05	2.330598e+01	1.088323e+05	1.082709e+05	5.825422e+04	5.747560e+04	3.026338e+02	1.578061e+01	2020	8	10	18
	10113	3222	227.315185	17.492657	1.000333e+05	2.430286e+01	1.090529e+05	1.082296e+05	5.806370e+04	5.753600e+04	3.029306e+02	1.168928e+01	2020	8	11	0
	10063	3206	226.191309	17.852634	1.003803e+05	2.154054e+01	1.088477e+05	1.083480e+05	5.833308e+04	5.783897e+04	3.025388e+02	6.367930e+00	2020	8	11	6
	10017	3198	225.157343	18.032623	1.002942e+05	2.306163e+01	1.089959e+05	1.081788e+05	5.801369e+04	5.761150e+04	3.023541e+02	1.463876e+01	2020	8	11	12
	9971	3158	224.123377	18.932567	9.984409e+04	2.778092e+01	1.089608e+05	1.082252e+05	5.818420e+04	5.751332e+04	3.019520e+02	1.435025e+01	2020	8	11	18
	9903	3169	222.594905	18.685082	1.002991e+05	2.222264e+01	1.087832e+05	1.081537e+05	5.803291e+04	5.764904e+04	3.017469e+02	5.271207e+00	2020	8	12	0
	9842	3176	221.223776	18.527592	1.006117e+05	1.791520e+01	1.087775e+05	1.083398e+05	5.820361e+04	5.791781e+04	3.016466e+02	8.185306e+00	2020	8	12	6
	9792	3163	220.099900	18.820074	1.004837e+05	1.944232e+01	1.085478e+05	1.079660e+05	5.789820e+04	5.760952e+04	3.015128e+02	1.092226e+01	2020	8	12	12
	9725	3159	218.593906	18.910068	1.006845e+05	2.123442e+01	1.086837e+05	1.078993e+05	5.805605e+04	5.779254e+04	3.014775e+02	5.671766e+00	2020	8	12	18
	9691	3167	217.829670	18.730079	1.004279e+05	2.105842e+01	1.085267e+05	1.078155e+05	5.791927e+04	5.748033e+04	3.019236e+02	3.609576e+00	2020	8	13	0
	9660	3139	217.132867	19.360040	1.004109e+05	2.711432e+01	1.086922e+05	1.076382e+05	5.796420e+04	5.751601e+04	3.018591e+02	4.731785e+00	2020	8	13	6
	9581	3138	215.357143	19.382539	1.003080e+05	2.256770e+01	1.083652e+05	1.071759e+05	5.779174e+04	5.754114e+04	3.016488e+02	7.677280e+00	2020	8	13	12
	9545	3141	214.547952	19.315043	1.005002e+05	1.830019e+01	1.084790e+05	1.072429e+05	5.791526e+04	5.761320e+04	3.012029e+02	5.508910e+00	2020	8	13	18
	9499	3132	213.513986	19.517530	1.004495e+05	1.701290e+01	1.083809e+05	1.073021e+05	5.784196e+04	5.755372e+04	3.014135e+02	3.670643e+00	2020	8	14	0
start	30	2020	8	7	0
	11741	3555	263.908591	10.000625	1.005158e+05	1.631329e+01	1.083519e+05	1.079170e+05	5.775784e+04	5.737854e+04	3.041032e+02	2.098996e+01	2020	8	7	0
	11680	3535	262.537463	10.450597	1.007125e+05	1.519109e+01	1.084963e+05	1.080839e+05	5.796039e+04	5.762494e+04	3.037644e+02	2.147887e+01	2020	8	7	6
	11597	3532	260.671828	10.518093	1.004432e+05	2.141377e+01	1.084380e+05	1.076961e+05	5.784039e+04	5.738482e+04	3.041161e+02	2.251585e+01	2020	8	7	12
	11621	3505	261.211289	11.125555	1.006363e+05	2.054745e+01	1.084822e+05	1.081111e+05	5.790984e+04	5.751902e+04	3.041741e+02	2.298445e+01	2020	8	7	18
	11582	3429	260.334665	12.835448	1.003468e+05	1.807963e+01	1.084267e+05	1.079431e+05	5.783920e+04	5.730933e+04	3.052365e+02	2.303674e+01	2020	8	8	0
	11511	3377	258.738761	14.005375	1.003119e+05	2.712688e+01	1.086436e+05	1.079951e+05	5.800317e+04	5.739709e+04	3.056296e+02	2.829757e+01	2020	8	8	6
	11486	3334	258.176823	14.972814	9.980577e+04	3.104833e+01	1.084931e+05	1.077781e+05	5.788355e+04	5.688230e+04	3.057611e+02	2.768609e+01	2020	8	8	12
	11475	3338	257.929570	14.882820	9.989231e+04	2.481592e+01	1.085991e+05	1.076376e+05	5.807902e+04	5.743993e+04	3.056290e+02	2.536012e+01	2020	8	8	18
	11440	3311	257.142857	15.490282	9.962643e+04	2.793649e+01	1.085392e+05	1.079670e+05	5.792352e+04	5.700149e+04	3.055479e+02	1.353210e+01	2020	8	9	0
	11399	3288	256.221279	16.007749	9.904241e+04	3.532003e+01	1.086124e+05	1.079659e+05	5.814926e+04	5.700764e+04	3.054139e+02	1.509593e+01	2020	8	9	6
	11342	3258	254.940060	16.682707	9.918552e+04	3.150397e+01	1.083806e+05	1.076114e+05	5.799516e+04	5.715479e+04	3.052188e+02	1.851739e+01	2020	8	9	12
	11307	3248	254.153347	16.907693	9.957617e+04	3.004804e+01	1.087724e+05	1.077919e+05	5.820207e+04	5.717687e+04	3.053832e+02	1.303139e+01	2020	8	9	18
	11262	3231	253.141858	17.290169	9.934525e+04	2.306027e+01	1.086062e+05	1.078122e+05	5.802131e+04	5.720138e+04	3.056607e+02	7.032097e+00	2020	8	10	0
	11227	3220	252.355145	17.537654	9.913081e+04	3.283879e+01	1.087323e+05	1.077876e+05	5.816364e+04	5.707329e+04	3.052907e+02	9.173357e+00	2020	8	10	6
	11185	3208	251.411089	17.807637	9.837070e+04	3.665085e+01	1.085959e+05	1.077304e+05	5.795886e+04	5.667714e+04	3.051615e+02	1.262256e+01	2020	8	10	12
	11145	3198	250.511988	18.032623	9.897121e+04	3.095415e+01	1.088365e+05	1.080279e+05	5.816044e+04	5.684587e+04	3.051324e+02	1.240911e+01	2020	8	10	18
	11102	3180	249.545455	18.437598	9.886144e+04	2.897322e+01	1.087057e+05	1.078985e+05	5.797561e+04	5.724549e+04	3.054883e+02	7.135544e+00	2020	8	11	0
	11067	3169	248.758741	18.685082	9.892677e+04	3.001086e+01	1.089597e+05	1.081587e+05	5.820817e+04	5.762104e+04	3.053120e+02	1.130823e+01	2020	8	11	6
	11037	3166	248.084416	18.752578	9.838996e+04	3.106800e+01	1.084542e+05	1.079179e+05	5.797125e+04	5.688848e+04	3.049866e+02	1.110349e+01	2020	8	11	12
	10992	3155	247.072927	19.000062	9.967218e+04	2.326011e+01	1.086672e+05	1.078528e+05	5.805251e+04	5.758808e+04	3.045361e+02	1.060781e+01	2020	8	11	18
	10957	3126	246.286214	19.652522	9.955609e+04	2.090647e+01	1.086660e+05	1.077584e+05	5.786700e+04	5.742643e+04	3.048997e+02	9.762112e+00	2020	8	12	0
	10914	3098	245.319680	20.282482	9.956932e+04	2.465526e+01	1.087199e+05	1.081075e+05	5.812032e+04	5.751734e+04	3.042225e+02	1.155526e+01	2020	8	12	6
	10859	3068	244.083417	20.957440	9.986081e+04	2.316157e+01	1.087226e+05	1.078749e+05	5.787643e+04	5.724065e+04	3.038505e+02	9.134937e+00	2020	8	12	12
	10797	3051	242.689810	21.339916	1.002545e+05	2.110973e+01	1.087646e+05	1.080286e+05	5.796234e+04	5.754986e+04	3.037113e+02	4.887707e+00	2020	8	12	18
	10718	3058	240.914086	21.182426	1.000311e+05	1.792703e+01	1.084979e+05	1.080203e+05	5.781653e+04	5.739205e+04	3.037832e+02	5.772851e+00	2020	8	13	0
	10687	3028	240.217283	21.857384	1.003577e+05	1.878875e+01	1.088382e+05	1.081276e+05	5.797312e+04	5.755805e+04	3.034715e+02	1.084959e+01	2020	8	13	6
	10644	3004	239.250749	22.397350	1.001433e+05	1.993424e+01	1.085104e+05	1.077902e+05	5.779629e+04	5.740960e+04	3.028121e+02	1.081380e+01	2020	8	13	12
	10588	3020	237.992008	22.037373	1.003746e+05	1.676387e+01	1.087078e+05	1.082280e+05	5.796788e+04	5.763288e+04	3.027198e+02	5.812412e+00	2020	8	13	18
	10581	3021	237.834665	22.014874	1.002371e+05	1.561127e+01	1.085999e+05	1.081561e+05	5.783036e+04	5.751220e+04	3.028906e+02	4.554526e+00	2020	8	14	0
	10544	3017	237.002997	22.104868	1.005286e+05	1.383084e+01	1.087139e+05	1.083386e+05	5.798934e+04	5.769950e+04	3.026286e+02	5.980129e+00	2020	8	14	6
start	19	2020	8	20	12
	6944	3321	156.083916	15.265296	1.008307e+05	1.749087e+01	1.088493e+05	1.082918e+05	5.821926e+04	5.752270e+04	3.052624e+02	2.452579e+01	2020	8	20	12
	7003	3290	157.410090	15.962752	1.005382e+05	1.570820e+01	1.086503e+05	1.080501e+05	5.803185e+04	5.750142e+04	3.052480e+02	2.068804e+01	2020	8	20	18
	6948	3256	156.173826	16.727704	1.005603e+05	2.299591e+01	1.088022e+05	1.083472e+05	5.813117e+04	5.765178e+04	3.053099e+02	1.745685e+01	2020	8	21	0
	6838	3319	153.701299	15.310293	1.004759e+05	1.698584e+01	1.089698e+05	1.082026e+05	5.798600e+04	5.741662e+04	3.050558e+02	2.609344e+01	2020	8	21	6
	6821	3280	153.319181	16.187738	1.008036e+05	1.746930e+01	1.091035e+05	1.082285e+05	5.820550e+04	5.769633e+04	3.050353e+02	2.580860e+01	2020	8	21	12
	6786	3258	152.532468	16.682707	1.005671e+05	1.728286e+01	1.086780e+05	1.082103e+05	5.799278e+04	5.754367e+04	3.048620e+02	2.421542e+01	2020	8	21	18
	6794	3239	152.712288	17.110181	1.005098e+05	2.353188e+01	1.088404e+05	1.083024e+05	5.817297e+04	5.759398e+04	3.049639e+02	1.571988e+01	2020	8	22	0
	6749	3210	151.700799	17.762640	1.003136e+05	2.440697e+01	1.087387e+05	1.082155e+05	5.806677e+04	5.734150e+04	3.050849e+02	1.466703e+01	2020	8	22	6
	6743	3270	151.565934	16.412724	1.001893e+05	2.586338e+01	1.090347e+05	1.082100e+05	5.822948e+04	5.755679e+04	3.046736e+02	2.012265e+01	2020	8	22	12
	6702	3237	150.644356	17.155178	1.001309e+05	2.577810e+01	1.087591e+05	1.080883e+05	5.802123e+04	5.739210e+04	3.045886e+02	1.887767e+01	2020	8	22	18
	6683	3202	150.217283	17.942629	1.003721e+05	2.244843e+01	1.089412e+05	1.081328e+05	5.816132e+04	5.758852e+04	3.049052e+02	1.670404e+01	2020	8	23	0
	6687	3218	150.307193	17.582651	9.966473e+04	2.517456e+01	1.087896e+05	1.079443e+05	5.800242e+04	5.719685e+04	3.049912e+02	2.312552e+01	2020	8	23	6
	6674	3197	150.014985	18.055122	9.932537e+04	3.493428e+01	1.088694e+05	1.081911e+05	5.827000e+04	5.692630e+04	3.049001e+02	2.470043e+01	2020	8	23	12
	6670	3187	149.925075	18.280107	9.849009e+04	3.117507e+01	1.087492e+05	1.080471e+05	5.800152e+04	5.685055e+04	3.048251e+02	2.178353e+01	2020	8	23	18
	6669	3141	149.902597	19.315043	9.929019e+04	2.477238e+01	1.088838e+05	1.080107e+05	5.817099e+04	5.736617e+04	3.052460e+02	2.169430e+01	2020	8	24	0
	6673	3086	149.992507	20.552465	9.866049e+04	3.056960e+01	1.090706e+05	1.078732e+05	5.800847e+04	5.694734e+04	3.055776e+02	1.862434e+01	2020	8	24	6
	6687	3073	150.307193	20.844947	9.915641e+04	3.460650e+01	1.095624e+05	1.083245e+05	5.821482e+04	5.693258e+04	3.052417e+02	1.387631e+01	2020	8	24	12
	6696	2980	150.509491	22.937316	9.941814e+04	2.646771e+01	1.088976e+05	1.082411e+05	5.801857e+04	5.741454e+04	3.049646e+02	9.467628e+00	2020	8	24	18
	6709	2917	150.801698	24.354728	9.988139e+04	2.060885e+01	1.090959e+05	1.085654e+05	5.824286e+04	5.762947e+04	3.047015e+02	6.416886e+00	2020	8	25	0
start	10	2020	8	21	6
	6187	2863	139.068432	25.569652	9.978293e+04	1.602509e+01	1.089204e+05	1.080976e+05	5.778705e+04	5.740647e+04	3.051843e+02	1.859282e+01	2020	8	21	6
	6150	2861	138.236763	25.614649	1.001615e+05	1.455531e+01	1.090282e+05	1.083355e+05	5.798791e+04	5.756171e+04	3.050283e+02	1.300119e+01	2020	8	21	12
	6298	2751	141.563437	28.089494	9.999752e+04	1.411470e+01	1.087827e+05	1.072694e+05	5.780465e+04	5.698473e+04	3.049412e+02	2.692540e+01	2020	8	21	18
	6424	2720	144.395604	28.786951	1.000864e+05	1.787778e+01	1.088643e+05	1.071106e+05	5.797036e+04	5.718568e+04	3.047426e+02	2.919737e+01	2020	8	22	0
	6489	2761	145.856643	27.864508	9.985695e+04	2.092063e+01	1.088029e+05	1.073135e+05	5.793510e+04	5.707317e+04	3.045875e+02	1.826083e+01	2020	8	22	6
	6462	2746	145.249750	28.201987	9.998737e+04	2.328020e+01	1.089399e+05	1.073231e+05	5.802056e+04	5.721365e+04	3.045778e+02	2.104692e+01	2020	8	22	12
	6599	2658	148.329171	30.181864	9.961005e+04	2.448576e+01	1.087824e+05	1.072792e+05	5.793059e+04	5.701062e+04	3.035359e+02	3.432477e+01	2020	8	22	18
	6651	2672	149.498002	29.866883	9.958449e+04	2.724667e+01	1.088769e+05	1.075092e+05	5.804008e+04	5.710239e+04	3.034521e+02	2.229369e+01	2020	8	23	0
	6691	2598	150.397103	31.531779	9.954702e+04	2.363309e+01	1.087074e+05	1.075586e+05	5.785248e+04	5.705987e+04	3.032866e+02	1.361597e+01	2020	8	23	6
	6745	2560	151.610889	32.386726	9.968690e+04	2.249074e+01	1.089074e+05	1.077330e+05	5.799221e+04	5.712657e+04	3.028525e+02	2.213611e+01	2020	8	23	12
start	26	2020	8	21	18
	5733	2998	128.863636	22.532342	9.995156e+04	1.414175e+01	1.087127e+05	1.082176e+05	5.777804e+04	5.733941e+04	3.045396e+02	1.760258e+01	2020	8	21	18
	5648	3031	126.953047	21.789888	1.001456e+05	1.284216e+01	1.089222e+05	1.081854e+05	5.783451e+04	5.742671e+04	3.045478e+02	2.085412e+01	2020	8	22	0
	5665	3103	127.335165	20.169989	1.000730e+05	1.874698e+01	1.090067e+05	1.083141e+05	5.779995e+04	5.731814e+04	3.047440e+02	1.154359e+01	2020	8	22	6
	5648	2996	126.953047	22.577339	1.002589e+05	1.119602e+01	1.090617e+05	1.086323e+05	5.795860e+04	5.764864e+04	3.049052e+02	1.134780e+01	2020	8	22	12
	5824	3029	130.909091	21.834885	1.001462e+05	2.274374e+01	1.089533e+05	1.085549e+05	5.797882e+04	5.751230e+04	3.041383e+02	2.376857e+01	2020	8	22	18
	5963	2990	134.033467	22.712330	1.002377e+05	2.474451e+01	1.092637e+05	1.084947e+05	5.808807e+04	5.760218e+04	3.043598e+02	2.444560e+01	2020	8	23	0
	6112	2940	137.382617	23.837260	1.000118e+05	1.997580e+01	1.089126e+05	1.081682e+05	5.787067e+04	5.745498e+04	3.051479e+02	2.038721e+01	2020	8	23	6
	6133	2944	137.854645	23.747266	1.000205e+05	1.665696e+01	1.090627e+05	1.083287e+05	5.802482e+04	5.754019e+04	3.049968e+02	1.997449e+01	2020	8	23	12
	6387	2903	143.563936	24.669708	9.994732e+04	1.600218e+01	1.089468e+05	1.080216e+05	5.783668e+04	5.721896e+04	3.043733e+02	2.185506e+01	2020	8	23	18
	6178	2984	138.866134	22.847322	9.959678e+04	2.278468e+01	1.088939e+05	1.082491e+05	5.793518e+04	5.725199e+04	3.045534e+02	2.806879e+01	2020	8	24	0
	6248	2987	140.439560	22.779826	9.959107e+04	2.096029e+01	1.087631e+05	1.079626e+05	5.773083e+04	5.716230e+04	3.045197e+02	1.466835e+01	2020	8	24	6
	6269	2976	140.911588	23.027311	9.967737e+04	1.891839e+01	1.089139e+05	1.082758e+05	5.790404e+04	5.730276e+04	3.043444e+02	1.855383e+01	2020	8	24	12
	6333	2943	142.350150	23.769764	9.956456e+04	1.753966e+01	1.088976e+05	1.080932e+05	5.780127e+04	5.704611e+04	3.041006e+02	2.172465e+01	2020	8	24	18
	6341	2738	142.529970	28.381976	9.943973e+04	2.336967e+01	1.088707e+05	1.079900e+05	5.796020e+04	5.714096e+04	3.041991e+02	8.459023e+00	2020	8	25	0
	6282	2766	141.203796	27.752015	9.937555e+04	2.200045e+01	1.087887e+05	1.079956e+05	5.772166e+04	5.713440e+04	3.044742e+02	9.837408e+00	2020	8	25	6
	6361	2723	142.979520	28.719455	9.964330e+04	2.274736e+01	1.091191e+05	1.080416e+05	5.806651e+04	5.720287e+04	3.041383e+02	1.839318e+01	2020	8	25	12
	6280	2683	141.158841	29.619399	9.939408e+04	1.751690e+01	1.088092e+05	1.080002e+05	5.780875e+04	5.696864e+04	3.039706e+02	1.243263e+01	2020	8	25	18
	6217	2633	139.742757	30.744328	9.937526e+04	2.224790e+01	1.088402e+05	1.079812e+05	5.789592e+04	5.703152e+04	3.038834e+02	1.059194e+01	2020	8	26	0
	6152	2616	138.281718	31.126805	9.923889e+04	2.159140e+01	1.088292e+05	1.079811e+05	5.766580e+04	5.703534e+04	3.042045e+02	5.559597e+00	2020	8	26	6
	6094	2585	136.978022	31.824261	9.948942e+04	1.846551e+01	1.089714e+05	1.081228e+05	5.772318e+04	5.720345e+04	3.034143e+02	7.566926e+00	2020	8	26	12
	6078	2525	136.618382	33.174177	9.923604e+04	2.054791e+01	1.088070e+05	1.080780e+05	5.764389e+04	5.710172e+04	3.036858e+02	8.695695e+00	2020	8	26	18
	6098	2558	137.067932	32.431723	9.941700e+04	2.055417e+01	1.088987e+05	1.080834e+05	5.769563e+04	5.709745e+04	3.029107e+02	3.988451e+00	2020	8	27	0
	6121	2531	137.584915	33.039185	9.945308e+04	1.627638e+01	1.088494e+05	1.080704e+05	5.768198e+04	5.705875e+04	3.031102e+02	5.095834e+00	2020	8	27	6
	6064	2522	136.303696	33.241672	9.977359e+04	1.702840e+01	1.089964e+05	1.080676e+05	5.779621e+04	5.715853e+04	3.052526e+02	5.714412e+00	2020	8	27	12
	6130	2485	137.787213	34.074120	9.987005e+04	1.520314e+01	1.087969e+05	1.079081e+05	5.777888e+04	5.714721e+04	3.046437e+02	6.222995e+00	2020	8	27	18
	6151	2470	138.259241	34.411599	1.001042e+05	1.336838e+01	1.089117e+05	1.078753e+05	5.793006e+04	5.726305e+04	3.041046e+02	4.197000e+00	2020	8	28	0
start	30	2020	8	21	18
	10988	3454	246.983017	12.272983	1.009128e+05	1.519837e+01	1.085968e+05	1.081122e+05	5.821821e+04	5.766506e+04	3.037613e+02	1.241884e+01	2020	8	21	18
	10942	3446	245.949051	12.452972	1.006599e+05	1.463729e+01	1.084034e+05	1.078204e+05	5.783878e+04	5.742730e+04	3.042119e+02	2.235295e+01	2020	8	22	0
	10914	3410	245.319680	13.262921	1.008247e+05	1.421818e+01	1.087455e+05	1.081061e+05	5.808836e+04	5.767560e+04	3.040905e+02	2.483930e+01	2020	8	22	6
	10903	3454	245.072428	12.272983	1.004800e+05	1.535879e+01	1.082836e+05	1.078491e+05	5.778202e+04	5.740180e+04	3.039062e+02	2.689690e+01	2020	8	22	12
	10859	3481	244.083417	11.665521	1.006167e+05	1.968088e+01	1.086205e+05	1.082244e+05	5.799948e+04	5.760224e+04	3.038279e+02	2.609190e+01	2020	8	22	18
	10853	3401	243.948551	13.465408	1.004531e+05	1.526337e+01	1.084103e+05	1.079510e+05	5.780231e+04	5.743884e+04	3.039567e+02	2.256410e+01	2020	8	23	0
	10832	3415	243.476523	13.150428	1.008871e+05	1.286110e+01	1.086837e+05	1.083225e+05	5.810397e+04	5.775740e+04	3.037564e+02	2.620858e+01	2020	8	23	6
	10795	3428	242.644855	12.857946	1.004912e+05	1.837912e+01	1.083925e+05	1.078874e+05	5.778999e+04	5.733737e+04	3.035366e+02	2.845298e+01	2020	8	23	12
	10770	3453	242.082917	12.295482	1.007298e+05	1.738679e+01	1.087016e+05	1.081653e+05	5.801279e+04	5.762030e+04	3.034727e+02	2.563652e+01	2020	8	23	18
	10717	3426	240.891608	12.902944	1.003566e+05	2.146977e+01	1.084779e+05	1.076400e+05	5.779858e+04	5.728286e+04	3.035427e+02	2.178338e+01	2020	8	24	0
	10819	3396	243.184316	13.577901	1.007741e+05	1.353798e+01	1.087161e+05	1.083088e+05	5.809889e+04	5.764868e+04	3.034888e+02	1.899981e+01	2020	8	24	6
	10806	3378	242.892108	13.982876	1.004866e+05	1.512692e+01	1.085526e+05	1.079998e+05	5.788071e+04	5.747661e+04	3.034802e+02	2.077168e+01	2020	8	24	12
	10754	3338	241.723277	14.882820	1.005442e+05	2.264089e+01	1.087691e+05	1.082262e+05	5.809260e+04	5.743794e+04	3.035557e+02	1.977872e+01	2020	8	24	18
	10728	3363	241.138861	14.320355	1.002874e+05	1.693547e+01	1.085368e+05	1.078750e+05	5.788267e+04	5.741219e+04	3.034856e+02	1.767656e+01	2020	8	25	0
	10743	3344	241.476024	14.747828	1.006079e+05	1.881723e+01	1.088651e+05	1.083402e+05	5.810709e+04	5.764398e+04	3.034727e+02	1.770509e+01	2020	8	25	6
	10645	3291	239.273227	15.940254	1.001781e+05	2.173892e+01	1.086917e+05	1.080064e+05	5.784127e+04	5.730285e+04	3.033975e+02	1.917015e+01	2020	8	25	12
	10689	3297	240.262238	15.805262	1.004947e+05	1.964223e+01	1.087287e+05	1.082230e+05	5.806418e+04	5.744409e+04	3.034329e+02	1.339434e+01	2020	8	25	18
	10638	3240	239.115884	17.087682	1.001511e+05	1.780464e+01	1.085675e+05	1.082587e+05	5.790168e+04	5.741800e+04	3.034496e+02	1.101561e+01	2020	8	26	0
	10591	3230	238.059441	17.312668	1.002805e+05	2.071841e+01	1.089055e+05	1.084591e+05	5.807689e+04	5.757125e+04	3.032058e+02	1.143359e+01	2020	8	26	6
	10579	3217	237.789710	17.605150	9.985611e+04	2.380980e+01	1.085593e+05	1.080104e+05	5.782086e+04	5.728252e+04	3.030864e+02	1.342307e+01	2020	8	26	12
	10549	3216	237.115385	17.627648	1.000908e+05	2.006419e+01	1.088632e+05	1.083703e+05	5.800322e+04	5.760628e+04	3.030474e+02	8.619046e+00	2020	8	26	18
	10511	3213	236.261239	17.695144	9.957126e+04	2.094434e+01	1.088406e+05	1.080460e+05	5.782337e+04	5.726612e+04	3.030853e+02	1.252685e+01	2020	8	27	0
	10472	3210	235.384615	17.762640	1.001138e+05	2.221109e+01	1.089589e+05	1.082122e+05	5.806409e+04	5.753621e+04	3.030016e+02	1.188379e+01	2020	8	27	6
	10421	3207	234.238262	17.830136	9.977399e+04	2.109899e+01	1.084791e+05	1.078935e+05	5.780643e+04	5.715577e+04	3.028797e+02	1.249057e+01	2020	8	27	12
	10410	3198	233.991009	18.032623	1.001481e+05	2.420830e+01	1.089173e+05	1.080712e+05	5.801496e+04	5.753668e+04	3.028356e+02	9.585739e+00	2020	8	27	18
	10354	3214	232.732268	17.672645	1.000197e+05	1.968686e+01	1.083825e+05	1.078765e+05	5.771339e+04	5.729707e+04	3.028799e+02	7.445390e+00	2020	8	28	0
	10337	3213	232.350150	17.695144	9.996443e+04	1.766071e+01	1.085391e+05	1.079029e+05	5.782314e+04	5.745355e+04	3.026997e+02	7.686204e+00	2020	8	28	6
	10317	3220	231.900599	17.537654	9.975105e+04	1.747604e+01	1.083314e+05	1.074034e+05	5.756434e+04	5.718277e+04	3.026260e+02	1.188898e+01	2020	8	28	12
	10335	3179	232.305195	18.460096	1.000255e+05	2.381598e+01	1.084182e+05	1.075682e+05	5.784393e+04	5.729795e+04	3.025302e+02	1.126205e+01	2020	8	28	18
	10271	3187	230.866633	18.280107	9.996066e+04	1.536221e+01	1.083473e+05	1.076234e+05	5.760023e+04	5.726699e+04	3.029132e+02	7.118157e+00	2020	8	29	0
start	12	2020	8	26	6
	11353	3531	255.187313	10.540591	1.007286e+05	1.762074e+01	1.084920e+05	1.081391e+05	5.796967e+04	5.759690e+04	3.036979e+02	1.247327e+01	2020	8	26	6
	11327	3509	254.602897	11.035560	1.003753e+05	1.565578e+01	1.081842e+05	1.077872e+05	5.770719e+04	5.732709e+04	3.040943e+02	1.425593e+01	2020	8	26	12
	11295	3494	253.883616	11.373039	1.005086e+05	1.485815e+01	1.084769e+05	1.079905e+05	5.792992e+04	5.758883e+04	3.043482e+02	1.623876e+01	2020	8	26	18
	11239	3477	252.624875	11.755515	1.001073e+05	2.384896e+01	1.083918e+05	1.077331e+05	5.765220e+04	5.721940e+04	3.043739e+02	1.194093e+01	2020	8	27	0
	11186	3461	251.433566	12.115493	1.003692e+05	1.504029e+01	1.085695e+05	1.078939e+05	5.792494e+04	5.763018e+04	3.037916e+02	1.131741e+01	2020	8	27	6
	11137	3463	250.332168	12.070496	1.000129e+05	2.106202e+01	1.083490e+05	1.077039e+05	5.766599e+04	5.718748e+04	3.038630e+02	1.711734e+01	2020	8	27	12
	11096	3443	249.410589	12.520467	1.002680e+05	1.558556e+01	1.086140e+05	1.078429e+05	5.796309e+04	5.748925e+04	3.041029e+02	2.296907e+01	2020	8	27	18
	11043	3438	248.219281	12.632960	9.999091e+04	1.689287e+01	1.083895e+05	1.076010e+05	5.770139e+04	5.720218e+04	3.039961e+02	2.313822e+01	2020	8	28	0
	10986	3448	246.938062	12.407974	1.002696e+05	1.893973e+01	1.087475e+05	1.077716e+05	5.795503e+04	5.748839e+04	3.038057e+02	1.698603e+01	2020	8	28	6
	10938	3425	245.859141	12.925442	1.001539e+05	1.669213e+01	1.081338e+05	1.076910e+05	5.765521e+04	5.729446e+04	3.037443e+02	1.505112e+01	2020	8	28	12
	10907	3417	245.162338	13.105431	1.003895e+05	1.718949e+01	1.084509e+05	1.079546e+05	5.792081e+04	5.743688e+04	3.036691e+02	2.377063e+01	2020	8	28	18
	10883	3414	244.622877	13.172927	9.961043e+04	2.067093e+01	1.083932e+05	1.077506e+05	5.769720e+04	5.719012e+04	3.038436e+02	2.464838e+01	2020	8	29	0
start	10	2020	8	29	12
	10817	3404	243.139361	13.397913	1.000500e+05	1.237524e+01	1.081495e+05	1.077741e+05	5.760995e+04	5.721249e+04	3.035753e+02	1.880894e+01	2020	8	29	12
	10783	3385	242.375125	13.825386	1.003319e+05	1.600612e+01	1.084768e+05	1.079961e+05	5.788136e+04	5.749858e+04	3.035942e+02	1.848378e+01	2020	8	29	18
	10745	3364	241.520979	14.297856	1.001084e+05	1.454798e+01	1.083028e+05	1.078910e+05	5.771515e+04	5.725376e+04	3.038854e+02	1.985721e+01	2020	8	30	0
	10705	3343	240.621878	14.770327	1.004164e+05	1.504521e+01	1.085500e+05	1.081441e+05	5.794705e+04	5.750791e+04	3.039637e+02	1.588472e+01	2020	8	30	6
	10678	3336	240.014985	14.927817	1.002355e+05	1.367481e+01	1.084761e+05	1.079430e+05	5.780224e+04	5.737888e+04	3.036387e+02	1.552393e+01	2020	8	30	12
	10546	3286	237.047952	16.052747	1.007071e+05	1.708904e+01	1.085718e+05	1.078365e+05	5.797284e+04	5.764821e+04	3.033965e+02	1.322168e+01	2020	8	30	18
	10534	3282	236.778222	16.142741	1.004309e+05	1.546604e+01	1.084457e+05	1.079434e+05	5.788292e+04	5.741219e+04	3.036349e+02	1.106215e+01	2020	8	31	0
	10535	3294	236.800699	15.872758	1.007762e+05	1.285124e+01	1.085701e+05	1.082425e+05	5.811775e+04	5.774087e+04	3.034668e+02	6.525166e+00	2020	8	31	6
	10485	3298	235.676823	15.782764	1.005323e+05	1.460457e+01	1.084025e+05	1.080121e+05	5.786816e+04	5.752406e+04	3.034939e+02	8.813496e+00	2020	8	31	12
	10432	3292	234.485514	15.917755	1.007468e+05	1.367070e+01	1.086642e+05	1.081194e+05	5.808543e+04	5.775166e+04	3.032730e+02	5.677147e+00	2020	8	31	18
