start	10	2020	1	23	18
	1694	734	58.218502	-21.140596	1.004326e+05	1.487115e+01	1.083487e+05	1.076700e+05	5.781832e+04	5.738853e+04	9.999000e+03	1.869558e+01	2020	1	23	18
	1707	734	60.046625	-21.140596	1.001298e+05	1.431591e+01	1.081502e+05	1.075469e+05	5.760261e+04	5.720898e+04	3.018952e+02	1.737552e+01	2020	1	24	0
	1715	734	61.171624	-21.140596	1.003922e+05	1.540976e+01	1.083534e+05	1.077658e+05	5.781096e+04	5.735483e+04	3.019445e+02	1.323756e+01	2020	1	24	6
	1726	729	62.718497	-21.609345	1.001634e+05	1.424300e+01	1.081867e+05	1.076388e+05	5.762764e+04	5.709382e+04	3.017239e+02	1.799163e+01	2020	1	24	12
	1737	729	64.265370	-21.609345	1.003916e+05	1.310720e+01	1.083426e+05	1.077455e+05	5.785532e+04	5.718937e+04	3.016700e+02	2.190421e+01	2020	1	24	18
	1745	729	65.390369	-21.609345	1.001388e+05	1.267924e+01	1.080541e+05	1.075264e+05	5.761434e+04	5.699497e+04	3.016593e+02	1.537639e+01	2020	1	25	0
	1751	727	66.234118	-21.796845	1.003210e+05	1.414210e+01	1.082948e+05	1.076049e+05	5.780446e+04	5.724048e+04	3.016969e+02	1.591415e+01	2020	1	25	6
	1758	724	67.218492	-22.078094	1.001041e+05	1.569380e+01	1.081426e+05	1.075021e+05	5.758280e+04	5.710523e+04	3.016714e+02	1.705696e+01	2020	1	25	12
	1764	727	68.062242	-21.796845	1.002812e+05	1.668708e+01	1.082599e+05	1.076370e+05	5.778980e+04	5.726993e+04	3.016753e+02	1.703004e+01	2020	1	25	18
	1770	730	68.905991	-21.515595	1.000114e+05	1.565963e+01	1.079790e+05	1.073614e+05	5.753393e+04	5.704418e+04	3.016269e+02	1.399601e+01	2020	1	26	0
start	16	2020	1	25	18
	1647	766	51.609134	-18.140600	1.008268e+05	1.601385e+01	1.083350e+05	1.080511e+05	5.789936e+04	5.773780e+04	3.026557e+02	1.735123e+01	2020	1	25	18
	1656	771	52.874757	-17.671850	1.005599e+05	1.320940e+01	1.081051e+05	1.078222e+05	5.768891e+04	5.748766e+04	3.025344e+02	1.015080e+01	2020	1	26	0
	1655	771	52.734132	-17.671850	1.007949e+05	1.199226e+01	1.082126e+05	1.078935e+05	5.789130e+04	5.766256e+04	3.024544e+02	9.971754e+00	2020	1	26	6
	1654	778	52.593508	-17.015601	1.005288e+05	1.166788e+01	1.080873e+05	1.078136e+05	5.772422e+04	5.749217e+04	3.029195e+02	1.899058e+01	2020	1	26	12
	1655	787	52.734132	-16.171853	1.007343e+05	1.234459e+01	1.082115e+05	1.079999e+05	5.785429e+04	5.759619e+04	3.026988e+02	2.262249e+01	2020	1	26	18
	1655	792	52.734132	-15.703103	1.004196e+05	1.362463e+01	1.079292e+05	1.076677e+05	5.762940e+04	5.728716e+04	3.026338e+02	1.474105e+01	2020	1	27	0
	1655	799	52.734132	-15.046854	1.005911e+05	1.523185e+01	1.080281e+05	1.077290e+05	5.778507e+04	5.739691e+04	3.026082e+02	2.015787e+01	2020	1	27	6
	1656	809	52.874757	-14.109355	1.002926e+05	1.396834e+01	1.078369e+05	1.075756e+05	5.754323e+04	5.706904e+04	3.028208e+02	2.634205e+01	2020	1	27	12
	1661	818	53.577882	-13.265607	1.004348e+05	1.525102e+01	1.080364e+05	1.076407e+05	5.769549e+04	5.713996e+04	3.028941e+02	3.306374e+01	2020	1	27	18
	1662	823	53.718506	-12.796857	1.001653e+05	1.440400e+01	1.078149e+05	1.074954e+05	5.748830e+04	5.696654e+04	3.029567e+02	2.668294e+01	2020	1	28	0
	1668	826	54.562256	-12.515608	1.003160e+05	1.415268e+01	1.080142e+05	1.075371e+05	5.769323e+04	5.715759e+04	3.030481e+02	2.314055e+01	2020	1	28	6
	1675	825	55.546630	-12.609357	9.994788e+04	1.467866e+01	1.078507e+05	1.073305e+05	5.745904e+04	5.689673e+04	3.030431e+02	2.361828e+01	2020	1	28	12
	1682	824	56.531004	-12.703107	1.000967e+05	1.494205e+01	1.080368e+05	1.074557e+05	5.767294e+04	5.717494e+04	3.030107e+02	2.540651e+01	2020	1	28	18
	1690	820	57.656002	-13.078107	9.978480e+04	1.686045e+01	1.078497e+05	1.072633e+05	5.747633e+04	5.693858e+04	3.029503e+02	2.142778e+01	2020	1	29	0
	1697	818	58.640376	-13.265607	1.000235e+05	1.611180e+01	1.082204e+05	1.074649e+05	5.774345e+04	5.721450e+04	3.029287e+02	1.248261e+01	2020	1	29	6
	1705	813	59.765375	-13.734356	9.981573e+04	1.447402e+01	1.079659e+05	1.073416e+05	5.752323e+04	5.708392e+04	3.029636e+02	1.130239e+01	2020	1	29	12
start	35	2020	2	5	12
	1850	842	80.155979	-11.015610	1.002846e+05	1.320504e+01	1.077246e+05	1.075003e+05	5.739595e+04	5.710462e+04	3.033538e+02	1.944276e+01	2020	2	5	12
	1853	842	80.577853	-11.015610	1.005382e+05	1.418115e+01	1.078404e+05	1.077200e+05	5.759414e+04	5.731366e+04	3.030206e+02	2.701759e+01	2020	2	5	18
	1864	843	82.124727	-10.921860	1.002518e+05	1.533594e+01	1.076428e+05	1.074012e+05	5.736381e+04	5.699898e+04	3.029551e+02	2.928740e+01	2020	2	6	0
	1869	842	82.827851	-11.015610	1.002622e+05	1.476558e+01	1.077828e+05	1.075792e+05	5.749900e+04	5.711209e+04	3.028775e+02	2.526189e+01	2020	2	6	6
	1868	841	82.687226	-11.109360	9.995882e+04	1.468278e+01	1.076520e+05	1.074172e+05	5.729720e+04	5.691829e+04	3.028445e+02	2.664470e+01	2020	2	6	12
	1871	847	83.109101	-10.546860	1.000865e+05	1.616314e+01	1.078035e+05	1.075515e+05	5.749011e+04	5.710116e+04	3.027163e+02	3.615403e+01	2020	2	6	18
	1882	850	84.655974	-10.265611	9.982166e+04	1.738484e+01	1.076052e+05	1.072849e+05	5.725535e+04	5.682723e+04	3.022513e+02	3.328767e+01	2020	2	7	0
	1889	842	85.640348	-11.015610	9.987299e+04	1.737562e+01	1.077983e+05	1.074871e+05	5.735657e+04	5.691388e+04	3.020901e+02	2.930993e+01	2020	2	7	6
	1892	837	86.062223	-11.484359	9.959411e+04	1.663327e+01	1.076916e+05	1.073243e+05	5.719530e+04	5.667494e+04	3.019819e+02	3.137813e+01	2020	2	7	12
	1891	834	85.921598	-11.765609	9.972017e+04	1.529167e+01	1.077840e+05	1.075132e+05	5.731919e+04	5.680201e+04	3.019036e+02	4.027864e+01	2020	2	7	18
	1894	834	86.343472	-11.765609	9.948756e+04	1.632831e+01	1.076904e+05	1.073253e+05	5.721871e+04	5.657862e+04	3.018351e+02	3.575311e+01	2020	2	8	0
	1896	825	86.624722	-12.609357	9.955798e+04	1.625349e+01	1.078211e+05	1.074339e+05	5.729801e+04	5.668034e+04	3.019503e+02	2.405052e+01	2020	2	8	6
	1896	822	86.624722	-12.890607	9.935036e+04	1.686266e+01	1.077774e+05	1.074489e+05	5.725212e+04	5.654871e+04	3.019360e+02	2.343005e+01	2020	2	8	12
	1899	815	87.046597	-13.546856	9.950231e+04	1.666176e+01	1.079189e+05	1.075530e+05	5.740137e+04	5.673477e+04	3.016900e+02	2.824817e+01	2020	2	8	18
	1897	806	86.765347	-14.390605	9.930534e+04	1.794587e+01	1.077686e+05	1.074123e+05	5.730262e+04	5.654143e+04	3.015950e+02	2.374452e+01	2020	2	9	0
	1896	798	86.624722	-15.140604	9.937752e+04	1.839052e+01	1.078950e+05	1.075621e+05	5.740199e+04	5.668897e+04	3.015451e+02	1.988771e+01	2020	2	9	6
	1893	786	86.202848	-16.265602	9.927805e+04	1.738522e+01	1.079073e+05	1.075094e+05	5.735221e+04	5.661277e+04	3.015025e+02	2.003568e+01	2020	2	9	12
	1885	779	85.077849	-16.921851	9.946997e+04	1.806630e+01	1.080251e+05	1.077065e+05	5.751719e+04	5.677580e+04	3.017263e+02	2.411482e+01	2020	2	9	18
	1881	772	84.515349	-17.578101	9.928705e+04	1.892397e+01	1.079170e+05	1.075081e+05	5.743646e+04	5.651166e+04	3.016906e+02	2.424111e+01	2020	2	10	0
	1873	767	83.390351	-18.046850	9.936552e+04	1.831721e+01	1.080307e+05	1.076274e+05	5.752462e+04	5.655702e+04	3.017199e+02	1.854008e+01	2020	2	10	6
	1867	757	82.546601	-18.984349	9.915358e+04	2.073396e+01	1.080188e+05	1.074739e+05	5.746492e+04	5.636738e+04	3.017731e+02	2.097552e+01	2020	2	10	12
	1860	750	81.562227	-19.640598	9.935199e+04	2.365345e+01	1.081751e+05	1.078261e+05	5.762561e+04	5.656423e+04	3.018075e+02	3.288663e+01	2020	2	10	18
	1853	746	80.577853	-20.015597	9.910992e+04	2.152234e+01	1.079803e+05	1.075794e+05	5.748092e+04	5.644065e+04	3.018118e+02	2.696093e+01	2020	2	11	0
	1849	741	80.015354	-20.484347	9.926348e+04	2.326126e+01	1.081020e+05	1.076522e+05	5.759556e+04	5.653882e+04	3.017267e+02	2.116862e+01	2020	2	11	6
	1844	736	79.312230	-20.953096	9.915891e+04	2.265616e+01	1.080409e+05	1.076100e+05	5.744489e+04	5.661890e+04	3.014243e+02	2.641262e+01	2020	2	11	12
	1840	733	78.749730	-21.234345	9.940870e+04	2.481341e+01	1.082139e+05	1.077604e+05	5.758079e+04	5.691588e+04	3.010457e+02	2.891143e+01	2020	2	11	18
	1838	727	78.468481	-21.796845	9.918536e+04	2.398221e+01	1.079884e+05	1.073872e+05	5.738759e+04	5.670603e+04	3.010854e+02	1.783105e+01	2020	2	12	0
	1838	728	78.468481	-21.703095	9.944434e+04	2.060539e+01	1.081943e+05	1.075400e+05	5.764985e+04	5.696682e+04	3.011154e+02	1.647516e+01	2020	2	12	6
	1836	719	78.187231	-22.546844	9.930116e+04	2.194351e+01	1.081482e+05	1.072792e+05	5.748739e+04	5.696770e+04	3.011245e+02	2.073615e+01	2020	2	12	12
	1836	717	78.187231	-22.734343	9.957418e+04	2.261269e+01	1.082848e+05	1.074132e+05	5.763619e+04	5.708823e+04	3.009799e+02	3.288980e+01	2020	2	12	18
	1841	710	78.890355	-23.390592	9.915086e+04	2.477793e+01	1.079964e+05	1.071083e+05	5.739980e+04	5.657507e+04	3.005921e+02	2.760775e+01	2020	2	13	0
	1837	710	78.327856	-23.390592	9.881100e+04	2.526305e+01	1.082176e+05	1.072672e+05	5.758564e+04	5.634354e+04	3.007599e+02	1.201900e+01	2020	2	13	6
	1837	713	78.327856	-23.109343	9.901290e+04	1.925442e+01	1.080917e+05	1.072902e+05	5.751650e+04	5.670013e+04	3.008920e+02	1.512286e+01	2020	2	13	12
	1837	712	78.327856	-23.203093	9.948791e+04	1.866854e+01	1.082464e+05	1.074537e+05	5.770498e+04	5.708286e+04	3.008106e+02	1.714516e+01	2020	2	13	18
	1836	713	78.187231	-23.109343	9.956877e+04	1.671622e+01	1.080815e+05	1.072359e+05	5.751077e+04	5.711166e+04	3.007888e+02	7.929117e+00	2020	2	14	0
start	21	2020	2	9	6
	2196	806	128.812178	-14.390605	9.944275e+04	1.536236e+01	1.079252e+05	1.074684e+05	5.712679e+04	5.661430e+04	9.999000e+03	4.169156e+01	2020	2	9	6
	2188	813	127.687179	-13.734356	9.964627e+04	1.717321e+01	1.079273e+05	1.076748e+05	5.734293e+04	5.673730e+04	9.999000e+03	3.404964e+01	2020	2	9	12
	2189	810	127.827804	-14.015606	9.945084e+04	1.586975e+01	1.077334e+05	1.073914e+05	5.714645e+04	5.655108e+04	9.999000e+03	3.201318e+01	2020	2	9	18
	2175	810	125.859056	-14.015606	9.933820e+04	1.730188e+01	1.079011e+05	1.074638e+05	5.732822e+04	5.655182e+04	9.999000e+03	3.122445e+01	2020	2	10	0
	2172	803	125.437182	-14.671855	9.925784e+04	1.644857e+01	1.078452e+05	1.074532e+05	5.718781e+04	5.643380e+04	9.999000e+03	3.347507e+01	2020	2	10	6
	2164	796	124.312183	-15.328104	9.947423e+04	1.462635e+01	1.079360e+05	1.076701e+05	5.736073e+04	5.666298e+04	9.999000e+03	3.627834e+01	2020	2	10	12
	2159	789	123.609059	-15.984353	9.916187e+04	1.447111e+01	1.077468e+05	1.073937e+05	5.717144e+04	5.640989e+04	9.999000e+03	3.234771e+01	2020	2	10	18
	2154	784	122.905934	-16.453102	9.930643e+04	1.707636e+01	1.079244e+05	1.075883e+05	5.739027e+04	5.652372e+04	9.999000e+03	3.136912e+01	2020	2	11	0
	2151	782	122.484060	-16.640602	9.907538e+04	1.663185e+01	1.079063e+05	1.073195e+05	5.722759e+04	5.627362e+04	9.999000e+03	3.766678e+01	2020	2	11	6
	2149	775	122.202810	-17.296851	9.912999e+04	1.614821e+01	1.080201e+05	1.074569e+05	5.738300e+04	5.640432e+04	9.999000e+03	3.753665e+01	2020	2	11	12
	2151	770	122.484060	-17.765600	9.896717e+04	1.618787e+01	1.077501e+05	1.072187e+05	5.720927e+04	5.615169e+04	9.999000e+03	3.909214e+01	2020	2	11	18
	2147	763	121.921560	-18.421849	9.908427e+04	1.617360e+01	1.079001e+05	1.073114e+05	5.728132e+04	5.635351e+04	9.999000e+03	3.259235e+01	2020	2	12	0
	2148	758	122.062185	-18.890599	9.890527e+04	1.567820e+01	1.078449e+05	1.073375e+05	5.718357e+04	5.629241e+04	9.999000e+03	3.057196e+01	2020	2	12	6
	2150	748	122.343435	-19.828097	9.908773e+04	1.680361e+01	1.079961e+05	1.074822e+05	5.736217e+04	5.648098e+04	9.999000e+03	3.715580e+01	2020	2	12	12
	2149	743	122.202810	-20.296847	9.896324e+04	1.520781e+01	1.078428e+05	1.074085e+05	5.723170e+04	5.637929e+04	9.999000e+03	3.249353e+01	2020	2	12	18
	2150	736	122.343435	-20.953096	9.933508e+04	1.532989e+01	1.080579e+05	1.074366e+05	5.741519e+04	5.655666e+04	9.999000e+03	2.505000e+01	2020	2	13	0
	2150	731	122.343435	-21.421845	9.933488e+04	1.401102e+01	1.081236e+05	1.075593e+05	5.741881e+04	5.662965e+04	9.999000e+03	2.494105e+01	2020	2	13	6
	2153	722	122.765309	-22.265594	9.968159e+04	1.517285e+01	1.082545e+05	1.077126e+05	5.768547e+04	5.690530e+04	9.999000e+03	2.231085e+01	2020	2	13	12
	2149	702	122.202810	-24.140591	9.978769e+04	1.393232e+01	1.081628e+05	1.073270e+05	5.751414e+04	5.690231e+04	9.999000e+03	2.172554e+01	2020	2	13	18
	2144	691	121.499686	-25.171840	1.000392e+05	1.351843e+01	1.083106e+05	1.072022e+05	5.768752e+04	5.705251e+04	9.999000e+03	1.791482e+01	2020	2	14	0
	2140	681	120.937186	-26.109339	1.001259e+05	1.217504e+01	1.082748e+05	1.069919e+05	5.765675e+04	5.704614e+04	9.999000e+03	1.515301e+01	2020	2	14	6
start	50	2020	2	9	6
	1704	821	59.624750	-12.984357	1.005166e+05	9.849418e+00	1.077834e+05	1.074808e+05	5.755906e+04	5.713915e+04	3.027830e+02	2.464244e+01	2020	2	9	6
	1704	825	59.624750	-12.609357	1.001860e+05	1.047991e+01	1.075868e+05	1.073547e+05	5.732516e+04	5.689321e+04	3.031699e+02	2.792391e+01	2020	2	9	12
	1706	825	59.906000	-12.609357	1.004455e+05	1.141099e+01	1.079066e+05	1.075892e+05	5.759269e+04	5.708643e+04	3.028039e+02	3.218581e+01	2020	2	9	18
	1715	831	61.171624	-12.046858	1.001389e+05	1.421836e+01	1.076482e+05	1.073958e+05	5.735033e+04	5.683904e+04	3.027782e+02	3.095914e+01	2020	2	10	0
	1711	820	60.609124	-13.078107	1.002893e+05	1.448927e+01	1.078637e+05	1.075711e+05	5.753920e+04	5.697638e+04	3.026999e+02	2.270961e+01	2020	2	10	6
	1715	821	61.171624	-12.984357	9.991641e+04	1.305625e+01	1.076828e+05	1.074640e+05	5.729933e+04	5.673231e+04	3.034631e+02	3.013704e+01	2020	2	10	12
	1720	813	61.874748	-13.734356	1.001431e+05	1.420471e+01	1.080336e+05	1.076367e+05	5.757838e+04	5.692714e+04	3.025986e+02	3.880706e+01	2020	2	10	18
	1716	810	61.312249	-14.015606	9.973916e+04	1.394294e+01	1.077258e+05	1.074377e+05	5.724223e+04	5.666993e+04	3.026439e+02	3.001045e+01	2020	2	11	0
	1718	806	61.593498	-14.390605	9.991894e+04	1.525027e+01	1.079234e+05	1.076863e+05	5.745426e+04	5.685555e+04	3.026680e+02	2.262967e+01	2020	2	11	6
	1716	801	61.312249	-14.859354	9.956488e+04	1.503885e+01	1.077780e+05	1.075112e+05	5.719503e+04	5.663792e+04	3.027590e+02	2.105980e+01	2020	2	11	12
	1715	794	61.171624	-15.515603	9.978853e+04	1.648576e+01	1.080515e+05	1.077048e+05	5.746346e+04	5.680125e+04	3.024183e+02	2.177784e+01	2020	2	11	18
	1718	789	61.593498	-15.984353	9.943759e+04	1.651133e+01	1.078108e+05	1.075084e+05	5.721575e+04	5.657625e+04	3.023415e+02	1.853968e+01	2020	2	12	0
	1718	789	61.593498	-15.984353	9.964435e+04	1.550090e+01	1.080619e+05	1.077580e+05	5.749214e+04	5.678110e+04	3.023264e+02	1.221567e+01	2020	2	12	6
	1718	784	61.593498	-16.453102	9.939195e+04	1.514890e+01	1.080068e+05	1.076665e+05	5.732101e+04	5.670920e+04	3.024700e+02	1.889812e+01	2020	2	12	12
	1721	779	62.015373	-16.921851	9.963429e+04	1.644092e+01	1.081488e+05	1.078250e+05	5.758327e+04	5.685142e+04	3.022768e+02	2.249355e+01	2020	2	12	18
	1720	775	61.874748	-17.296851	9.927230e+04	1.725791e+01	1.079072e+05	1.075881e+05	5.730308e+04	5.657550e+04	3.022282e+02	1.596707e+01	2020	2	13	0
	1721	770	62.015373	-17.765600	9.946505e+04	1.744328e+01	1.081268e+05	1.077969e+05	5.750140e+04	5.675458e+04	3.022838e+02	1.414939e+01	2020	2	13	6
	1717	767	61.452873	-18.046850	9.920940e+04	1.785174e+01	1.080378e+05	1.077101e+05	5.737125e+04	5.664726e+04	3.021685e+02	1.900762e+01	2020	2	13	12
	1714	765	61.030999	-18.234350	9.945516e+04	1.803604e+01	1.081872e+05	1.079089e+05	5.762499e+04	5.693393e+04	3.019656e+02	1.701254e+01	2020	2	13	18
	1707	760	60.046625	-18.703099	9.913694e+04	1.920889e+01	1.079892e+05	1.076790e+05	5.747376e+04	5.665708e+04	3.017311e+02	1.575737e+01	2020	2	14	0
	1703	757	59.484125	-18.984349	9.937096e+04	1.849657e+01	1.082785e+05	1.078682e+05	5.766796e+04	5.686041e+04	9.999000e+03	1.374759e+01	2020	2	14	6
	1694	755	58.218502	-19.171848	9.911161e+04	1.837770e+01	1.080857e+05	1.076620e+05	5.755398e+04	5.658387e+04	9.999000e+03	2.310543e+01	2020	2	14	12
	1685	753	56.952878	-19.359348	9.924594e+04	2.028946e+01	1.082255e+05	1.077480e+05	5.772098e+04	5.667126e+04	9.999000e+03	2.317326e+01	2020	2	14	18
	1678	750	55.968504	-19.640598	9.883545e+04	2.109584e+01	1.079810e+05	1.073846e+05	5.752333e+04	5.629226e+04	9.999000e+03	1.725262e+01	2020	2	15	0
	1669	745	54.702880	-20.109347	9.902989e+04	2.183551e+01	1.081917e+05	1.074160e+05	5.769254e+04	5.633038e+04	9.999000e+03	1.643865e+01	2020	2	15	6
	1660	745	53.437257	-20.109347	9.883683e+04	2.040307e+01	1.080446e+05	1.072400e+05	5.757803e+04	5.608986e+04	9.999000e+03	2.742394e+01	2020	2	15	12
	1656	745	52.874757	-20.109347	9.905182e+04	2.163854e+01	1.082475e+05	1.075524e+05	5.770898e+04	5.630826e+04	3.018579e+02	3.281348e+01	2020	2	15	18
	1651	746	52.171633	-20.015597	9.880041e+04	1.950001e+01	1.079949e+05	1.074106e+05	5.747083e+04	5.615129e+04	3.017519e+02	2.105171e+01	2020	2	16	0
	1649	746	51.890383	-20.015597	9.899420e+04	1.935059e+01	1.081600e+05	1.075313e+05	5.762945e+04	5.627148e+04	3.017149e+02	1.742604e+01	2020	2	16	6
	1647	743	51.609134	-20.296847	9.873122e+04	1.946836e+01	1.080710e+05	1.073537e+05	5.748511e+04	5.600372e+04	3.016212e+02	2.153872e+01	2020	2	16	12
	1648	741	51.749758	-20.484347	9.880362e+04	2.114746e+01	1.082108e+05	1.074152e+05	5.761689e+04	5.604503e+04	3.014923e+02	2.527597e+01	2020	2	16	18
	1648	736	51.749758	-20.953096	9.852141e+04	2.080632e+01	1.079216e+05	1.071483e+05	5.736644e+04	5.580011e+04	3.013447e+02	1.986121e+01	2020	2	17	0
	1649	734	51.890383	-21.140596	9.870862e+04	2.041038e+01	1.080656e+05	1.074035e+05	5.756816e+04	5.601887e+04	3.012222e+02	2.127753e+01	2020	2	17	6
	1650	729	52.031008	-21.609345	9.838593e+04	2.158655e+01	1.078863e+05	1.071825e+05	5.736808e+04	5.575843e+04	3.011839e+02	2.755641e+01	2020	2	17	12
	1651	727	52.171633	-21.796845	9.855416e+04	2.279426e+01	1.080125e+05	1.073263e+05	5.752752e+04	5.599151e+04	3.009958e+02	2.909025e+01	2020	2	17	18
	1650	727	52.031008	-21.796845	9.829862e+04	2.357690e+01	1.077595e+05	1.070981e+05	5.727586e+04	5.580914e+04	3.010465e+02	1.971979e+01	2020	2	18	0
	1650	727	52.031008	-21.796845	9.848403e+04	2.274225e+01	1.079473e+05	1.072348e+05	5.745258e+04	5.597441e+04	3.010002e+02	1.733729e+01	2020	2	18	6
	1653	727	52.452883	-21.796845	9.837843e+04	2.040820e+01	1.078360e+05	1.072369e+05	5.732768e+04	5.591193e+04	3.007372e+02	2.232552e+01	2020	2	18	12
	1654	724	52.593508	-22.078094	9.852118e+04	2.330864e+01	1.080480e+05	1.075577e+05	5.752975e+04	5.618595e+04	3.007049e+02	2.454743e+01	2020	2	18	18
	1654	719	52.593508	-22.546844	9.790234e+04	2.451652e+01	1.078476e+05	1.072120e+05	5.732338e+04	5.570796e+04	3.003292e+02	1.369185e+01	2020	2	19	0
	1655	715	52.734132	-22.921843	9.849609e+04	2.379536e+01	1.080882e+05	1.073054e+05	5.755730e+04	5.614030e+04	3.002725e+02	1.651036e+01	2020	2	19	6
	1653	707	52.452883	-23.671842	9.842177e+04	2.240587e+01	1.079856e+05	1.073446e+05	5.740584e+04	5.622763e+04	3.002519e+02	2.003971e+01	2020	2	19	12
	1655	703	52.734132	-24.046842	9.867887e+04	2.300160e+01	1.081735e+05	1.074931e+05	5.765713e+04	5.646328e+04	3.002267e+02	2.086773e+01	2020	2	19	18
	1655	693	52.734132	-24.984340	9.815177e+04	2.511473e+01	1.079313e+05	1.072206e+05	5.743548e+04	5.599051e+04	3.001525e+02	1.771309e+01	2020	2	20	0
	1654	684	52.593508	-25.828089	9.856791e+04	2.364273e+01	1.081521e+05	1.071883e+05	5.761326e+04	5.666675e+04	3.001532e+02	1.884113e+01	2020	2	20	6
	1652	671	52.312258	-27.046837	9.865341e+04	2.296341e+01	1.080000e+05	1.070982e+05	5.743421e+04	5.663766e+04	2.998354e+02	2.468345e+01	2020	2	20	12
	1652	664	52.312258	-27.703087	9.894609e+04	2.507959e+01	1.081685e+05	1.073830e+05	5.761465e+04	5.663235e+04	2.997484e+02	2.114725e+01	2020	2	20	18
	1648	659	51.749758	-28.171836	9.882048e+04	2.387457e+01	1.079525e+05	1.070781e+05	5.742914e+04	5.649296e+04	2.997996e+02	1.589785e+01	2020	2	21	0
	1643	655	51.046634	-28.546835	9.936658e+04	1.985728e+01	1.081339e+05	1.071377e+05	5.762921e+04	5.689136e+04	2.997669e+02	1.366996e+01	2020	2	21	6
	1642	652	50.906009	-28.828085	9.944119e+04	1.817972e+01	1.079738e+05	1.070892e+05	5.757588e+04	5.696247e+04	2.998012e+02	1.406460e+01	2020	2	21	12
start	60	2020	2	14	6
	2464	768	166.499639	-17.953100	9.980817e+04	1.230153e+01	1.082672e+05	1.079442e+05	5.750343e+04	5.709302e+04	9.999000e+03	1.926457e+01	2020	2	14	6
	2443	762	163.546517	-18.515599	1.000325e+05	1.710518e+01	1.083216e+05	1.081236e+05	5.777218e+04	5.717446e+04	9.999000e+03	1.698981e+01	2020	2	14	12
	2443	768	163.546517	-17.953100	9.970848e+04	1.329349e+01	1.080955e+05	1.078390e+05	5.739366e+04	5.692149e+04	3.024060e+02	1.371154e+01	2020	2	14	18
	2441	760	163.265267	-18.703099	9.988239e+04	1.300290e+01	1.082239e+05	1.079471e+05	5.760609e+04	5.699782e+04	9.999000e+03	1.701540e+01	2020	2	15	0
	2431	760	161.859019	-18.703099	9.957555e+04	1.389625e+01	1.080220e+05	1.077056e+05	5.737789e+04	5.670422e+04	3.022658e+02	1.947931e+01	2020	2	15	6
	2426	766	161.155894	-18.140600	9.969611e+04	1.375455e+01	1.080616e+05	1.078085e+05	5.740609e+04	5.680325e+04	3.022209e+02	2.045503e+01	2020	2	15	12
	2424	765	160.874645	-18.234350	9.935151e+04	1.329801e+01	1.077627e+05	1.075419e+05	5.711155e+04	5.652562e+04	3.021271e+02	1.534244e+01	2020	2	15	18
	2422	765	160.593395	-18.234350	9.947078e+04	1.234510e+01	1.079238e+05	1.075745e+05	5.726609e+04	5.656099e+04	3.021052e+02	1.819217e+01	2020	2	16	0
	2417	760	159.890271	-18.703099	9.916647e+04	1.405565e+01	1.077448e+05	1.073204e+05	5.711686e+04	5.626834e+04	3.019641e+02	2.297334e+01	2020	2	16	6
	2415	760	159.609021	-18.703099	9.928509e+04	1.665391e+01	1.078768e+05	1.074640e+05	5.726274e+04	5.638115e+04	3.018281e+02	2.226650e+01	2020	2	16	12
	2413	760	159.327771	-18.703099	9.898238e+04	1.735013e+01	1.077304e+05	1.072534e+05	5.705596e+04	5.611212e+04	3.017243e+02	1.593773e+01	2020	2	16	18
	2411	757	159.046522	-18.984349	9.921113e+04	1.541106e+01	1.079613e+05	1.075253e+05	5.731611e+04	5.640067e+04	3.016678e+02	1.878412e+01	2020	2	17	0
	2410	755	158.905897	-19.171848	9.900162e+04	1.539831e+01	1.078871e+05	1.074544e+05	5.714673e+04	5.622777e+04	3.016495e+02	2.174364e+01	2020	2	17	6
	2410	755	158.905897	-19.171848	9.925442e+04	1.645930e+01	1.080659e+05	1.076926e+05	5.742716e+04	5.645638e+04	3.015744e+02	2.313195e+01	2020	2	17	12
	2409	753	158.765272	-19.359348	9.902213e+04	1.674319e+01	1.078745e+05	1.074756e+05	5.722848e+04	5.629589e+04	3.014438e+02	1.691085e+01	2020	2	17	18
	2409	748	158.765272	-19.828097	9.930484e+04	1.692312e+01	1.081838e+05	1.078358e+05	5.750573e+04	5.658748e+04	3.013982e+02	1.899237e+01	2020	2	18	0
	2406	743	158.343397	-20.296847	9.906788e+04	1.853166e+01	1.080451e+05	1.076545e+05	5.730006e+04	5.642098e+04	3.014973e+02	2.010660e+01	2020	2	18	6
	2406	744	158.343397	-20.203097	9.931135e+04	1.918576e+01	1.082571e+05	1.079260e+05	5.754206e+04	5.669563e+04	3.014158e+02	1.605063e+01	2020	2	18	12
	2404	743	158.062148	-20.296847	9.912923e+04	1.813922e+01	1.079981e+05	1.076637e+05	5.728588e+04	5.657389e+04	3.014477e+02	1.088699e+01	2020	2	18	18
	2400	744	157.499648	-20.203097	9.938327e+04	1.777469e+01	1.082154e+05	1.079168e+05	5.751302e+04	5.688846e+04	3.015807e+02	1.248439e+01	2020	2	19	0
	2396	744	156.937149	-20.203097	9.915443e+04	1.937398e+01	1.081003e+05	1.077291e+05	5.737512e+04	5.669880e+04	3.017588e+02	1.316679e+01	2020	2	19	6
	2390	744	156.093400	-20.203097	9.935285e+04	2.083205e+01	1.082229e+05	1.079514e+05	5.764922e+04	5.691686e+04	3.017745e+02	1.576160e+01	2020	2	19	12
	2383	749	155.109026	-19.734348	9.898037e+04	2.141722e+01	1.079816e+05	1.076107e+05	5.736252e+04	5.656279e+04	3.018730e+02	1.180169e+01	2020	2	19	18
	2373	749	153.702777	-19.734348	9.914470e+04	2.054769e+01	1.081670e+05	1.078063e+05	5.766407e+04	5.669764e+04	3.019770e+02	1.381416e+01	2020	2	20	0
	2367	749	152.859028	-19.734348	9.889173e+04	2.127325e+01	1.080359e+05	1.076264e+05	5.752213e+04	5.644163e+04	3.021330e+02	2.086083e+01	2020	2	20	6
	2359	756	151.734029	-19.078098	9.906969e+04	2.209493e+01	1.082023e+05	1.077393e+05	5.767341e+04	5.670083e+04	3.023595e+02	2.504699e+01	2020	2	20	12
	2352	761	150.749655	-18.609349	9.868874e+04	2.293247e+01	1.078865e+05	1.075875e+05	5.736344e+04	5.638377e+04	3.025034e+02	1.842906e+01	2020	2	20	18
	2344	761	149.624657	-18.609349	9.896480e+04	2.271589e+01	1.081226e+05	1.077674e+05	5.762471e+04	5.666007e+04	9.999000e+03	2.244459e+01	2020	2	21	0
	2337	760	148.640283	-18.703099	9.872203e+04	2.530538e+01	1.079359e+05	1.076290e+05	5.742474e+04	5.641068e+04	9.999000e+03	3.345644e+01	2020	2	21	6
	2330	761	147.655909	-18.609349	9.879805e+04	2.479741e+01	1.081652e+05	1.078211e+05	5.763406e+04	5.669462e+04	9.999000e+03	3.703912e+01	2020	2	21	12
	2321	757	146.390285	-18.984349	9.866112e+04	1.724879e+01	1.079422e+05	1.075064e+05	5.745277e+04	5.623357e+04	9.999000e+03	2.666641e+01	2020	2	21	18
	2308	755	144.562162	-19.171848	9.935722e+04	1.480644e+01	1.082341e+05	1.077317e+05	5.776630e+04	5.644755e+04	9.999000e+03	1.895417e+01	2020	2	22	0
	2294	750	142.593414	-19.640598	9.915178e+04	1.905808e+01	1.079933e+05	1.076272e+05	5.757429e+04	5.643326e+04	9.999000e+03	1.690131e+01	2020	2	22	6
	2285	751	141.327790	-19.546848	9.947543e+04	1.764025e+01	1.082446e+05	1.079185e+05	5.778270e+04	5.684018e+04	9.999000e+03	1.498092e+01	2020	2	22	12
	2275	752	139.921542	-19.453098	9.948065e+04	1.375671e+01	1.080016e+05	1.077399e+05	5.757683e+04	5.681938e+04	9.999000e+03	1.568547e+01	2020	2	22	18
	2263	748	138.234043	-19.828097	9.989660e+04	1.524603e+01	1.082630e+05	1.079602e+05	5.781441e+04	5.713203e+04	9.999000e+03	1.604878e+01	2020	2	23	0
	2255	748	137.109045	-19.828097	9.966282e+04	1.467530e+01	1.081582e+05	1.078568e+05	5.766792e+04	5.705393e+04	9.999000e+03	1.858921e+01	2020	2	23	6
	2248	745	136.124671	-20.109347	9.993651e+04	1.609995e+01	1.083702e+05	1.080740e+05	5.788292e+04	5.723281e+04	9.999000e+03	2.219690e+01	2020	2	23	12
	2237	745	134.577797	-20.109347	9.968120e+04	1.706613e+01	1.081450e+05	1.078948e+05	5.767675e+04	5.694650e+04	9.999000e+03	2.000890e+01	2020	2	23	18
	2225	741	132.890299	-20.484347	9.980450e+04	1.744334e+01	1.083680e+05	1.080278e+05	5.791688e+04	5.709998e+04	9.999000e+03	1.545923e+01	2020	2	24	0
	2213	741	131.202801	-20.484347	9.955771e+04	1.696495e+01	1.082907e+05	1.079534e+05	5.781973e+04	5.699861e+04	9.999000e+03	1.269848e+01	2020	2	24	6
	2200	738	129.374678	-20.765596	9.969330e+04	1.753830e+01	1.084437e+05	1.080573e+05	5.800850e+04	5.710527e+04	9.999000e+03	1.165180e+01	2020	2	24	12
	2183	741	126.984055	-20.484347	9.925046e+04	1.825318e+01	1.082163e+05	1.078152e+05	5.781840e+04	5.670120e+04	9.999000e+03	6.757032e+00	2020	2	24	18
	2169	742	125.015307	-20.390597	9.952181e+04	1.868544e+01	1.083382e+05	1.079558e+05	5.793843e+04	5.692057e+04	9.999000e+03	8.663573e+00	2020	2	25	0
	2157	742	123.327809	-20.390597	9.935828e+04	1.567290e+01	1.082728e+05	1.079323e+05	5.786009e+04	5.680645e+04	9.999000e+03	1.395221e+01	2020	2	25	6
	2145	746	121.640311	-20.015597	9.945847e+04	1.676837e+01	1.082693e+05	1.079890e+05	5.789082e+04	5.689600e+04	9.999000e+03	1.111747e+01	2020	2	25	12
	2137	749	120.515312	-19.734348	9.897154e+04	1.818942e+01	1.079893e+05	1.077745e+05	5.764812e+04	5.660819e+04	9.999000e+03	1.170911e+01	2020	2	25	18
	2128	749	119.249688	-19.734348	9.870341e+04	2.009975e+01	1.080754e+05	1.075995e+05	5.766158e+04	5.627081e+04	9.999000e+03	9.841078e+00	2020	2	26	0
	2120	745	118.124689	-20.109347	9.855878e+04	2.160298e+01	1.080330e+05	1.074647e+05	5.754308e+04	5.613229e+04	9.999000e+03	1.410571e+01	2020	2	26	6
	2112	743	116.999691	-20.296847	9.885338e+04	1.982493e+01	1.081758e+05	1.076457e+05	5.757026e+04	5.634761e+04	9.999000e+03	1.190180e+01	2020	2	26	12
	2108	736	116.437191	-20.953096	9.889647e+04	1.699195e+01	1.079568e+05	1.074605e+05	5.744663e+04	5.638322e+04	9.999000e+03	1.472569e+01	2020	2	26	18
	2105	724	116.015317	-22.078094	9.902743e+04	1.556742e+01	1.081681e+05	1.074978e+05	5.758563e+04	5.656115e+04	9.999000e+03	1.308179e+01	2020	2	27	0
	2105	705	116.015317	-23.859342	9.869119e+04	1.994488e+01	1.081613e+05	1.072813e+05	5.754739e+04	5.641193e+04	9.999000e+03	1.408913e+01	2020	2	27	6
	2108	686	116.437191	-25.640589	9.897280e+04	2.196079e+01	1.083082e+05	1.071583e+05	5.772112e+04	5.653291e+04	9.999000e+03	1.016711e+01	2020	2	27	12
	2115	664	117.421565	-27.703087	9.917322e+04	2.049129e+01	1.082016e+05	1.065388e+05	5.760955e+04	5.643360e+04	9.999000e+03	1.124448e+01	2020	2	27	18
	2129	635	119.390313	-30.421833	9.947812e+04	1.532577e+01	1.083868e+05	1.061608e+05	5.783470e+04	5.621106e+04	9.999000e+03	1.147069e+01	2020	2	28	0
	2148	606	122.062185	-33.140579	9.941303e+04	1.481517e+01	1.083361e+05	1.059198e+05	5.781153e+04	5.613988e+04	9.999000e+03	1.865049e+01	2020	2	28	6
	2177	584	126.140306	-35.203076	9.964959e+04	2.001584e+01	1.085972e+05	1.061493e+05	5.808225e+04	5.629720e+04	2.944191e+02	8.759386e+00	2020	2	28	12
	2202	561	129.655927	-37.359323	9.973931e+04	1.696721e+01	1.084047e+05	1.053572e+05	5.789937e+04	5.592703e+04	2.926438e+02	3.371864e+00	2020	2	28	18
	2230	549	133.593423	-38.484322	1.001253e+05	1.248469e+01	1.084407e+05	1.048055e+05	5.807155e+04	5.584730e+04	2.920654e+02	8.571852e-01	2020	2	29	0
start	15	2020	2	19	18
	2141	787	121.077811	-16.171853	1.001205e+05	8.721900e+00	1.080137e+05	1.077551e+05	5.751042e+04	5.706535e+04	9.999000e+03	3.019935e+01	2020	2	19	18
	2136	787	120.374687	-16.171853	1.002411e+05	1.016898e+01	1.081088e+05	1.078463e+05	5.762583e+04	5.711133e+04	3.034068e+02	2.812074e+01	2020	2	20	0
	2134	774	120.093437	-17.390601	9.998791e+04	1.109756e+01	1.081565e+05	1.077971e+05	5.759188e+04	5.696207e+04	9.999000e+03	2.419416e+01	2020	2	20	6
	2129	778	119.390313	-17.015601	1.001322e+05	1.190792e+01	1.082971e+05	1.079805e+05	5.768721e+04	5.714264e+04	3.032715e+02	2.508886e+01	2020	2	20	12
	2126	767	118.968438	-18.046850	9.992210e+04	1.330811e+01	1.081149e+05	1.078715e+05	5.763347e+04	5.698771e+04	9.999000e+03	3.365298e+01	2020	2	20	18
	2114	767	117.280940	-18.046850	9.996968e+04	1.301145e+01	1.082413e+05	1.078507e+05	5.765340e+04	5.703705e+04	3.033057e+02	3.064557e+01	2020	2	21	0
	2111	765	116.859066	-18.234350	9.975750e+04	1.376823e+01	1.081806e+05	1.077701e+05	5.757216e+04	5.684904e+04	3.031219e+02	2.236622e+01	2020	2	21	6
	2104	766	115.874692	-18.140600	9.981858e+04	1.521256e+01	1.083049e+05	1.079147e+05	5.769796e+04	5.688280e+04	3.027852e+02	2.038889e+01	2020	2	21	12
	2102	760	115.593442	-18.703099	9.971223e+04	1.677326e+01	1.082367e+05	1.077362e+05	5.767858e+04	5.689282e+04	3.029213e+02	1.918875e+01	2020	2	21	18
	2089	755	113.765319	-19.171848	9.980343e+04	1.944806e+01	1.082958e+05	1.078815e+05	5.779559e+04	5.696637e+04	3.023742e+02	1.064286e+01	2020	2	22	0
	2087	738	113.484069	-20.765596	9.971350e+04	1.747644e+01	1.083220e+05	1.078388e+05	5.780388e+04	5.699970e+04	9.999000e+03	9.148874e+00	2020	2	22	6
	2073	742	111.515321	-20.390597	9.984675e+04	1.774203e+01	1.084263e+05	1.079354e+05	5.784329e+04	5.714278e+04	3.016869e+02	7.640707e+00	2020	2	22	12
	2070	741	111.093447	-20.484347	9.992248e+04	1.707631e+01	1.083314e+05	1.079113e+05	5.785066e+04	5.712671e+04	3.015655e+02	5.757807e+00	2020	2	22	18
	2060	727	109.687198	-21.796845	1.001474e+05	1.691716e+01	1.083709e+05	1.079694e+05	5.798498e+04	5.732396e+04	3.010114e+02	1.520689e+00	2020	2	23	0
	2054	717	108.843449	-22.734343	1.002221e+05	1.329492e+01	1.084155e+05	1.080829e+05	5.801630e+04	5.740645e+04	3.007191e+02	1.078568e+00	2020	2	23	6
start	39	2020	2	20	12
	1770	775	68.905991	-17.296851	1.001489e+05	1.142784e+01	1.080997e+05	1.078217e+05	5.753398e+04	5.724788e+04	3.038677e+02	1.885999e+01	2020	2	20	12
	1766	782	68.343491	-16.640602	1.004526e+05	1.329173e+01	1.082400e+05	1.079747e+05	5.770165e+04	5.743469e+04	3.030021e+02	2.159311e+01	2020	2	20	18
	1751	779	66.234118	-16.921851	1.000882e+05	1.252299e+01	1.079887e+05	1.076338e+05	5.749262e+04	5.711647e+04	3.028894e+02	1.762741e+01	2020	2	21	0
	1750	782	66.093494	-16.640602	1.002452e+05	1.345206e+01	1.081910e+05	1.078481e+05	5.765302e+04	5.731045e+04	3.030650e+02	1.537811e+01	2020	2	21	6
	1745	785	65.390369	-16.359352	9.992038e+04	1.444791e+01	1.079944e+05	1.076697e+05	5.742207e+04	5.704221e+04	3.039506e+02	1.745384e+01	2020	2	21	12
	1742	787	64.968495	-16.171853	1.001301e+05	1.386802e+01	1.081401e+05	1.078220e+05	5.761051e+04	5.714841e+04	3.029495e+02	2.803581e+01	2020	2	21	18
	1740	790	64.687245	-15.890603	9.978062e+04	1.441102e+01	1.078217e+05	1.074894e+05	5.730845e+04	5.684306e+04	3.028867e+02	2.265435e+01	2020	2	22	0
	1740	790	64.687245	-15.890603	9.993737e+04	1.353085e+01	1.080431e+05	1.077057e+05	5.751341e+04	5.702875e+04	3.028939e+02	1.867656e+01	2020	2	22	6
	1742	795	64.968495	-15.421854	9.956909e+04	1.439633e+01	1.078158e+05	1.075556e+05	5.732210e+04	5.680129e+04	3.036695e+02	2.413333e+01	2020	2	22	12
	1744	794	65.249744	-15.515603	9.980765e+04	1.470252e+01	1.079554e+05	1.077391e+05	5.752547e+04	5.700323e+04	3.030415e+02	3.125313e+01	2020	2	22	18
	1746	794	65.530994	-15.515603	9.937716e+04	1.583626e+01	1.076711e+05	1.074083e+05	5.719142e+04	5.663985e+04	3.028166e+02	2.672720e+01	2020	2	23	0
	1748	795	65.812244	-15.421854	9.952260e+04	1.788708e+01	1.078950e+05	1.075814e+05	5.742887e+04	5.675011e+04	3.028018e+02	2.546696e+01	2020	2	23	6
	1752	789	66.374743	-15.984353	9.913727e+04	1.853077e+01	1.077348e+05	1.074171e+05	5.719098e+04	5.645181e+04	3.028815e+02	2.619382e+01	2020	2	23	12
	1754	787	66.655993	-16.171853	9.929400e+04	1.845201e+01	1.079001e+05	1.075344e+05	5.737356e+04	5.656315e+04	3.027991e+02	3.039560e+01	2020	2	23	18
	1755	784	66.796618	-16.453102	9.890538e+04	1.825678e+01	1.077106e+05	1.072632e+05	5.714831e+04	5.620080e+04	3.027493e+02	2.670371e+01	2020	2	24	0
	1756	777	66.937243	-17.109351	9.900520e+04	2.031842e+01	1.079347e+05	1.073540e+05	5.732965e+04	5.631854e+04	3.027156e+02	2.333500e+01	2020	2	24	6
	1757	775	67.077868	-17.296851	9.863648e+04	1.895424e+01	1.079125e+05	1.072901e+05	5.719837e+04	5.607917e+04	3.027013e+02	2.457811e+01	2020	2	24	12
	1754	765	66.655993	-18.234350	9.883945e+04	1.984188e+01	1.080825e+05	1.073986e+05	5.737089e+04	5.620355e+04	3.026136e+02	2.740336e+01	2020	2	24	18
	1754	755	66.655993	-19.171848	9.858474e+04	2.001093e+01	1.079511e+05	1.071186e+05	5.728253e+04	5.595671e+04	3.022295e+02	2.262943e+01	2020	2	25	0
	1746	748	65.530994	-19.828097	9.877888e+04	2.205552e+01	1.082771e+05	1.073871e+05	5.755654e+04	5.613480e+04	3.023873e+02	1.606242e+01	2020	2	25	6
	1737	736	64.265370	-20.953096	9.868366e+04	2.191186e+01	1.082599e+05	1.074215e+05	5.753933e+04	5.611297e+04	3.020347e+02	2.069075e+01	2020	2	25	12
	1725	729	62.577872	-21.609345	9.893597e+04	2.645955e+01	1.084616e+05	1.076822e+05	5.783361e+04	5.638574e+04	3.016149e+02	2.962291e+01	2020	2	25	18
	1713	721	60.890374	-22.359344	9.868567e+04	2.423454e+01	1.082252e+05	1.075090e+05	5.764889e+04	5.619784e+04	3.012988e+02	2.038160e+01	2020	2	26	0
	1703	717	59.484125	-22.734343	9.890544e+04	2.341173e+01	1.083795e+05	1.077443e+05	5.778349e+04	5.642466e+04	3.011682e+02	1.741663e+01	2020	2	26	6
	1693	705	58.077877	-23.859342	9.869516e+04	2.343467e+01	1.082254e+05	1.075944e+05	5.765428e+04	5.628676e+04	3.007941e+02	1.977024e+01	2020	2	26	12
	1690	698	57.656002	-24.515591	9.882596e+04	2.274934e+01	1.083691e+05	1.078651e+05	5.784493e+04	5.643607e+04	3.006243e+02	1.840505e+01	2020	2	26	18
	1679	688	56.109129	-25.453090	9.862848e+04	2.308956e+01	1.080591e+05	1.076637e+05	5.750575e+04	5.626131e+04	3.002261e+02	1.355871e+01	2020	2	27	0
	1676	681	55.687254	-26.109339	9.890184e+04	2.081897e+01	1.081993e+05	1.078214e+05	5.758843e+04	5.643246e+04	2.998238e+02	1.176928e+01	2020	2	27	6
	1672	672	55.124755	-26.953088	9.874566e+04	1.974009e+01	1.079760e+05	1.075447e+05	5.737709e+04	5.630719e+04	2.996485e+02	1.464993e+01	2020	2	27	12
	1672	669	55.124755	-27.234337	9.891508e+04	2.004365e+01	1.080646e+05	1.075188e+05	5.748468e+04	5.648111e+04	2.995003e+02	1.559974e+01	2020	2	27	18
	1672	669	55.124755	-27.234337	9.882784e+04	1.869472e+01	1.077968e+05	1.073285e+05	5.726310e+04	5.633170e+04	2.994264e+02	1.055419e+01	2020	2	28	0
	1672	666	55.124755	-27.515587	9.914795e+04	1.704076e+01	1.080172e+05	1.071489e+05	5.743647e+04	5.657570e+04	2.991586e+02	6.990340e+00	2020	2	28	6
	1674	666	55.406005	-27.515587	9.913125e+04	1.848713e+01	1.078918e+05	1.070969e+05	5.731128e+04	5.657854e+04	2.989698e+02	1.111586e+01	2020	2	28	12
	1676	670	55.687254	-27.140587	9.943296e+04	1.808156e+01	1.080787e+05	1.074023e+05	5.750747e+04	5.687350e+04	2.992558e+02	1.067376e+01	2020	2	28	18
	1676	670	55.687254	-27.140587	9.941011e+04	1.690203e+01	1.079218e+05	1.072688e+05	5.740048e+04	5.681550e+04	2.991279e+02	8.622563e+00	2020	2	29	0
	1676	672	55.687254	-26.953088	9.976423e+04	1.686409e+01	1.081707e+05	1.074484e+05	5.761917e+04	5.708933e+04	2.993280e+02	4.696050e+00	2020	2	29	6
	1673	677	55.265380	-26.484338	9.976481e+04	1.530058e+01	1.080242e+05	1.074323e+05	5.753143e+04	5.711903e+04	2.996552e+02	5.035429e+00	2020	2	29	12
	1672	680	55.124755	-26.203089	1.001234e+05	1.618971e+01	1.081881e+05	1.075441e+05	5.774078e+04	5.738086e+04	2.997524e+02	5.440034e+00	2020	2	29	18
	1670	681	54.843505	-26.109339	1.000481e+05	1.704080e+01	1.079469e+05	1.072591e+05	5.756594e+04	5.725733e+04	2.998303e+02	3.472973e+00	2020	3	1	0
start	31	2020	3	4	0
	2011	809	102.796580	-14.109355	1.002324e+05	1.346939e+01	1.079158e+05	1.077075e+05	5.758056e+04	5.708227e+04	3.025960e+02	2.070413e+01	2020	3	4	0
	2012	803	102.937205	-14.671855	1.002077e+05	1.393027e+01	1.079478e+05	1.076729e+05	5.753591e+04	5.703630e+04	3.025401e+02	1.415959e+01	2020	3	4	6
	2006	801	102.093456	-14.859354	1.000852e+05	1.376846e+01	1.078918e+05	1.076302e+05	5.753330e+04	5.696091e+04	3.022261e+02	1.286632e+01	2020	3	4	12
	2006	798	102.093456	-15.140604	1.000592e+05	1.446342e+01	1.079240e+05	1.076560e+05	5.752264e+04	5.700032e+04	3.020889e+02	1.510451e+01	2020	3	4	18
	2009	793	102.515331	-15.609353	9.997684e+04	1.629028e+01	1.078337e+05	1.074599e+05	5.743967e+04	5.695231e+04	3.020496e+02	1.500996e+01	2020	3	5	0
	2010	791	102.655955	-15.796853	9.984385e+04	1.563980e+01	1.078452e+05	1.074835e+05	5.739886e+04	5.691564e+04	3.025363e+02	1.683732e+01	2020	3	5	6
	2014	789	103.218455	-15.984353	9.975020e+04	1.619671e+01	1.078592e+05	1.074051e+05	5.739949e+04	5.681421e+04	3.022384e+02	2.240974e+01	2020	3	5	12
	2017	782	103.640329	-16.640602	9.974416e+04	1.576451e+01	1.078142e+05	1.072896e+05	5.736664e+04	5.684261e+04	3.021486e+02	2.261118e+01	2020	3	5	18
	2014	777	103.218455	-17.109351	9.961854e+04	1.645358e+01	1.077388e+05	1.071473e+05	5.731540e+04	5.674177e+04	3.019623e+02	2.223875e+01	2020	3	6	0
	2021	777	104.202829	-17.109351	9.957395e+04	1.642619e+01	1.077731e+05	1.072147e+05	5.731809e+04	5.672502e+04	3.020923e+02	1.966921e+01	2020	3	6	6
	2021	772	104.202829	-17.578101	9.953591e+04	1.954613e+01	1.078053e+05	1.072239e+05	5.738817e+04	5.675358e+04	3.019032e+02	1.708411e+01	2020	3	6	12
	2025	765	104.765328	-18.234350	9.964640e+04	1.786957e+01	1.077809e+05	1.071685e+05	5.736436e+04	5.684827e+04	3.020747e+02	1.742879e+01	2020	3	6	18
	2026	768	104.905953	-17.953100	9.967090e+04	1.762497e+01	1.078004e+05	1.071386e+05	5.743010e+04	5.685159e+04	3.022868e+02	1.749922e+01	2020	3	7	0
	2031	760	105.609077	-18.703099	9.961548e+04	1.991188e+01	1.078500e+05	1.070988e+05	5.742201e+04	5.690135e+04	3.025002e+02	1.488535e+01	2020	3	7	6
	2032	768	105.749702	-17.953100	9.967856e+04	1.945015e+01	1.079735e+05	1.072985e+05	5.753719e+04	5.702155e+04	3.027294e+02	1.265118e+01	2020	3	7	12
	2038	768	106.593451	-17.953100	9.982659e+04	1.627210e+01	1.078907e+05	1.073795e+05	5.756823e+04	5.712971e+04	3.028938e+02	1.402291e+01	2020	3	7	18
	2042	768	107.155951	-17.953100	9.993621e+04	1.796676e+01	1.079277e+05	1.073903e+05	5.758987e+04	5.715293e+04	3.029583e+02	1.235569e+01	2020	3	8	0
	2044	775	107.437200	-17.296851	9.988326e+04	1.885260e+01	1.079610e+05	1.075668e+05	5.760619e+04	5.707884e+04	3.030573e+02	8.911847e+00	2020	3	8	6
	2050	778	108.280950	-17.015601	9.996000e+04	1.784962e+01	1.080363e+05	1.076720e+05	5.762562e+04	5.725588e+04	3.030720e+02	6.102670e+00	2020	3	8	12
	2051	782	108.421574	-16.640602	9.993966e+04	1.655378e+01	1.079390e+05	1.077008e+05	5.764434e+04	5.723677e+04	3.030218e+02	9.877808e+00	2020	3	8	18
	2056	785	109.124699	-16.359352	9.997691e+04	1.667986e+01	1.079813e+05	1.077002e+05	5.757441e+04	5.723351e+04	3.030183e+02	9.200976e+00	2020	3	9	0
	2056	787	109.124699	-16.171853	9.985093e+04	1.667587e+01	1.079328e+05	1.076535e+05	5.756995e+04	5.712970e+04	3.029810e+02	6.845712e+00	2020	3	9	6
	2064	795	110.249698	-15.421854	9.992736e+04	1.568226e+01	1.080852e+05	1.079113e+05	5.757878e+04	5.720453e+04	3.032957e+02	8.542736e+00	2020	3	9	12
	2065	794	110.390322	-15.515603	9.990680e+04	1.541755e+01	1.080528e+05	1.078022e+05	5.755481e+04	5.715245e+04	3.032698e+02	1.131752e+01	2020	3	9	18
	2072	794	111.374696	-15.515603	9.994282e+04	1.682980e+01	1.080168e+05	1.078374e+05	5.755393e+04	5.712307e+04	3.032589e+02	1.152486e+01	2020	3	10	0
	2074	793	111.655946	-15.609353	9.985698e+04	1.680229e+01	1.079573e+05	1.077639e+05	5.750808e+04	5.716798e+04	3.034528e+02	8.955625e+00	2020	3	10	6
	2078	794	112.218445	-15.515603	9.984091e+04	1.824516e+01	1.080990e+05	1.078706e+05	5.760802e+04	5.718123e+04	3.032577e+02	1.007795e+01	2020	3	10	12
	2081	795	112.640320	-15.421854	9.970616e+04	1.878327e+01	1.079718e+05	1.077606e+05	5.750900e+04	5.713591e+04	3.031539e+02	1.248363e+01	2020	3	10	18
	2087	797	113.484069	-15.234354	9.973814e+04	1.975200e+01	1.080050e+05	1.077210e+05	5.754555e+04	5.715675e+04	3.031113e+02	5.907431e+00	2020	3	11	0
	2092	799	114.187193	-15.046854	9.966902e+04	1.751272e+01	1.078789e+05	1.077470e+05	5.747341e+04	5.705577e+04	3.036737e+02	8.191181e+00	2020	3	11	6
	2100	804	115.312192	-14.578105	9.987322e+04	1.668779e+01	1.080098e+05	1.078369e+05	5.761461e+04	5.713207e+04	3.038810e+02	1.656887e+01	2020	3	11	12
start	19	2020	3	11	12
	2101	804	115.452817	-14.578105	9.987322e+04	1.668779e+01	1.080098e+05	1.078369e+05	5.761461e+04	5.712610e+04	3.039018e+02	1.710231e+01	2020	3	11	12
	2134	762	120.093437	-18.515599	9.971662e+04	1.505898e+01	1.079968e+05	1.077200e+05	5.740539e+04	5.685077e+04	9.999000e+03	2.486954e+01	2020	3	11	18
	2129	755	119.390313	-19.171848	9.968601e+04	1.589774e+01	1.080282e+05	1.077704e+05	5.754389e+04	5.692167e+04	9.999000e+03	3.025610e+01	2020	3	12	0
	2121	755	118.265314	-19.171848	9.943284e+04	1.697458e+01	1.078390e+05	1.075153e+05	5.735705e+04	5.674650e+04	9.999000e+03	3.035833e+01	2020	3	12	6
	2121	755	118.265314	-19.171848	9.948586e+04	1.733428e+01	1.079701e+05	1.075855e+05	5.739647e+04	5.678105e+04	9.999000e+03	3.572230e+01	2020	3	12	12
	2121	758	118.265314	-18.890599	9.931154e+04	1.567605e+01	1.078200e+05	1.074419e+05	5.723587e+04	5.666676e+04	9.999000e+03	3.982348e+01	2020	3	12	18
	2125	753	118.827814	-19.359348	9.933155e+04	1.642142e+01	1.079128e+05	1.074873e+05	5.741170e+04	5.675854e+04	9.999000e+03	4.276166e+01	2020	3	13	0
	2120	743	118.124689	-20.296847	9.917423e+04	1.416961e+01	1.077990e+05	1.072708e+05	5.720444e+04	5.662193e+04	9.999000e+03	3.748472e+01	2020	3	13	6
	2118	743	117.843440	-20.296847	9.939446e+04	1.469402e+01	1.080331e+05	1.073714e+05	5.741696e+04	5.678900e+04	9.999000e+03	3.229105e+01	2020	3	13	12
	2119	739	117.984064	-20.671846	9.935212e+04	1.513418e+01	1.078723e+05	1.072543e+05	5.729680e+04	5.668986e+04	9.999000e+03	3.017225e+01	2020	3	13	18
	2121	729	118.265314	-21.609345	9.963757e+04	1.264651e+01	1.079769e+05	1.071912e+05	5.746585e+04	5.677659e+04	9.999000e+03	2.396595e+01	2020	3	14	0
	2121	714	118.265314	-23.015593	9.956710e+04	1.204785e+01	1.078780e+05	1.070240e+05	5.729677e+04	5.667875e+04	9.999000e+03	2.548092e+01	2020	3	14	6
	2124	705	118.687189	-23.859342	9.986118e+04	1.322644e+01	1.080825e+05	1.071084e+05	5.749139e+04	5.685103e+04	9.999000e+03	2.141500e+01	2020	3	14	12
	2123	703	118.546564	-24.046842	9.986391e+04	1.279377e+01	1.078938e+05	1.069285e+05	5.735165e+04	5.670298e+04	9.999000e+03	1.161757e+01	2020	3	14	18
	2117	695	117.702815	-24.796841	1.000555e+05	1.110655e+01	1.080277e+05	1.066850e+05	5.738480e+04	5.671632e+04	9.999000e+03	4.452151e+00	2020	3	15	0
	2131	681	119.671563	-26.109339	9.999285e+04	1.154169e+01	1.080198e+05	1.065699e+05	5.743259e+04	5.658757e+04	9.999000e+03	1.006851e+01	2020	3	15	6
	2132	669	119.812188	-27.234337	1.003283e+05	9.208056e+00	1.081642e+05	1.064400e+05	5.760103e+04	5.665017e+04	9.999000e+03	1.077951e+01	2020	3	15	12
	2121	677	118.265314	-26.484338	1.003159e+05	5.626053e+00	1.080098e+05	1.062539e+05	5.743051e+04	5.653362e+04	9.999000e+03	2.064290e+00	2020	3	15	18
	2135	645	120.234062	-29.484334	1.005269e+05	6.267435e+00	1.081158e+05	1.059444e+05	5.750992e+04	5.651196e+04	9.999000e+03	8.482656e+00	2020	3	16	0
start	47	2020	3	20	12
	2262	842	138.093419	-11.015610	1.006589e+05	1.123416e+01	1.080080e+05	1.078667e+05	5.769558e+04	5.724512e+04	9.999000e+03	2.785223e+01	2020	3	20	12
	2266	848	138.655918	-10.453110	1.002806e+05	1.206565e+01	1.077211e+05	1.076049e+05	5.736934e+04	5.696944e+04	3.042193e+02	2.548540e+01	2020	3	20	18
	2259	842	137.671544	-11.015610	1.004800e+05	1.333703e+01	1.080649e+05	1.078754e+05	5.765354e+04	5.724812e+04	9.999000e+03	2.376739e+01	2020	3	21	0
	2256	845	137.249669	-10.734360	1.000497e+05	1.378627e+01	1.079420e+05	1.076902e+05	5.741052e+04	5.695041e+04	9.999000e+03	2.534887e+01	2020	3	21	6
	2257	848	137.390294	-10.453110	1.003169e+05	1.361596e+01	1.081564e+05	1.078666e+05	5.767699e+04	5.729418e+04	9.999000e+03	3.645723e+01	2020	3	21	12
	2255	842	137.109045	-11.015610	9.996868e+04	1.531959e+01	1.079335e+05	1.076710e+05	5.744543e+04	5.696390e+04	9.999000e+03	3.368101e+01	2020	3	21	18
	2250	842	136.405920	-11.015610	1.002093e+05	1.522216e+01	1.082235e+05	1.078510e+05	5.768550e+04	5.726356e+04	9.999000e+03	2.193320e+01	2020	3	22	0
	2250	842	136.405920	-11.015610	9.991740e+04	1.454854e+01	1.079988e+05	1.076435e+05	5.749709e+04	5.711504e+04	9.999000e+03	1.702359e+01	2020	3	22	6
	2249	837	136.265295	-11.484359	1.002698e+05	1.358821e+01	1.082675e+05	1.079176e+05	5.777896e+04	5.744224e+04	9.999000e+03	2.750190e+01	2020	3	22	12
	2244	838	135.562171	-11.390609	1.000510e+05	1.322247e+01	1.080666e+05	1.077042e+05	5.748248e+04	5.720747e+04	9.999000e+03	3.044322e+01	2020	3	22	18
	2240	838	134.999672	-11.390609	1.003120e+05	1.326902e+01	1.082343e+05	1.078468e+05	5.768293e+04	5.739466e+04	9.999000e+03	2.755810e+01	2020	3	23	0
	2234	837	134.155923	-11.484359	1.000429e+05	1.525422e+01	1.080717e+05	1.076785e+05	5.750257e+04	5.713682e+04	9.999000e+03	2.150129e+01	2020	3	23	6
	2229	840	133.452798	-11.203109	1.003226e+05	1.325101e+01	1.082329e+05	1.078833e+05	5.770373e+04	5.737171e+04	9.999000e+03	3.176993e+01	2020	3	23	12
	2219	834	132.046550	-11.765609	1.001251e+05	1.316534e+01	1.080125e+05	1.075934e+05	5.745737e+04	5.715158e+04	9.999000e+03	2.849937e+01	2020	3	23	18
	2216	835	131.624675	-11.671859	1.003069e+05	1.318298e+01	1.081777e+05	1.077684e+05	5.761087e+04	5.724705e+04	9.999000e+03	2.841542e+01	2020	3	24	0
	2211	835	130.921551	-11.671859	9.992776e+04	1.382073e+01	1.079456e+05	1.075845e+05	5.739810e+04	5.705755e+04	9.999000e+03	2.717936e+01	2020	3	24	6
	2206	827	130.218427	-12.421858	1.002163e+05	1.358896e+01	1.081312e+05	1.078022e+05	5.766840e+04	5.721331e+04	9.999000e+03	3.173437e+01	2020	3	24	12
	2197	822	128.952803	-12.890607	9.990674e+04	1.600075e+01	1.079096e+05	1.075273e+05	5.741695e+04	5.688781e+04	9.999000e+03	2.882690e+01	2020	3	24	18
	2193	824	128.390304	-12.703107	9.992267e+04	1.859413e+01	1.080872e+05	1.076998e+05	5.763695e+04	5.701496e+04	9.999000e+03	2.814657e+01	2020	3	25	0
	2188	817	127.687179	-13.359356	9.958730e+04	1.656680e+01	1.079503e+05	1.075732e+05	5.744457e+04	5.677762e+04	9.999000e+03	2.486701e+01	2020	3	25	6
	2185	815	127.265305	-13.546856	9.992342e+04	1.647313e+01	1.080627e+05	1.077447e+05	5.766281e+04	5.702097e+04	9.999000e+03	2.694972e+01	2020	3	25	12
	2175	810	125.859056	-14.015606	9.941127e+04	1.771626e+01	1.077880e+05	1.075468e+05	5.745069e+04	5.664574e+04	9.999000e+03	2.170314e+01	2020	3	25	18
	2171	810	125.296557	-14.015606	9.980574e+04	1.749783e+01	1.079634e+05	1.077616e+05	5.765409e+04	5.700301e+04	9.999000e+03	1.749431e+01	2020	3	26	0
	2163	808	124.171558	-14.203105	9.959359e+04	1.809768e+01	1.078544e+05	1.076905e+05	5.747237e+04	5.687948e+04	9.999000e+03	2.137242e+01	2020	3	26	6
	2162	803	124.030933	-14.671855	9.974845e+04	2.202421e+01	1.080082e+05	1.077052e+05	5.766787e+04	5.689345e+04	9.999000e+03	2.753503e+01	2020	3	26	12
	2156	803	123.187184	-14.671855	9.950157e+04	2.106489e+01	1.077366e+05	1.075648e+05	5.750081e+04	5.674721e+04	9.999000e+03	2.830381e+01	2020	3	26	18
	2152	804	122.624685	-14.578105	9.963672e+04	2.175818e+01	1.079415e+05	1.077268e+05	5.763095e+04	5.703780e+04	9.999000e+03	2.406727e+01	2020	3	27	0
	2149	803	122.202810	-14.671855	9.955555e+04	2.110784e+01	1.078533e+05	1.076088e+05	5.748763e+04	5.696394e+04	9.999000e+03	2.570545e+01	2020	3	27	6
	2146	798	121.780936	-15.140604	9.962953e+04	2.310934e+01	1.079813e+05	1.077625e+05	5.764278e+04	5.708021e+04	9.999000e+03	2.708287e+01	2020	3	27	12
	2142	799	121.218436	-15.046854	9.951408e+04	2.136996e+01	1.077451e+05	1.076082e+05	5.750161e+04	5.704711e+04	3.027920e+02	2.688694e+01	2020	3	27	18
	2139	798	120.796562	-15.140604	9.976020e+04	2.119187e+01	1.079156e+05	1.076844e+05	5.763745e+04	5.720329e+04	3.025674e+02	2.509733e+01	2020	3	28	0
	2133	793	119.952812	-15.609353	9.955782e+04	2.168394e+01	1.077853e+05	1.075529e+05	5.748919e+04	5.700260e+04	3.026766e+02	2.311833e+01	2020	3	28	6
	2129	791	119.390313	-15.796853	9.973898e+04	2.198123e+01	1.080034e+05	1.076873e+05	5.765522e+04	5.715899e+04	3.027668e+02	2.688903e+01	2020	3	28	12
	2125	784	118.827814	-16.453102	9.951712e+04	2.255330e+01	1.078424e+05	1.075366e+05	5.748318e+04	5.689630e+04	3.027237e+02	2.820228e+01	2020	3	28	18
	2118	782	117.843440	-16.640602	9.932984e+04	2.308246e+01	1.079411e+05	1.073970e+05	5.758963e+04	5.660877e+04	3.028323e+02	1.973304e+01	2020	3	29	0
	2115	777	117.421565	-17.109351	9.917477e+04	2.082183e+01	1.077755e+05	1.073339e+05	5.746439e+04	5.658001e+04	3.028639e+02	2.116248e+01	2020	3	29	6
	2113	772	117.140315	-17.578101	9.930404e+04	2.375205e+01	1.079495e+05	1.075223e+05	5.767632e+04	5.683155e+04	3.028357e+02	2.490770e+01	2020	3	29	12
	2110	767	116.718441	-18.046850	9.898822e+04	2.336852e+01	1.078347e+05	1.074242e+05	5.753005e+04	5.666365e+04	3.031406e+02	2.090733e+01	2020	3	29	18
	2108	760	116.437191	-18.703099	9.903377e+04	2.420825e+01	1.079332e+05	1.073034e+05	5.766289e+04	5.670963e+04	9.999000e+03	1.835847e+01	2020	3	30	0
	2106	753	116.155941	-19.359348	9.888441e+04	2.496929e+01	1.078719e+05	1.071536e+05	5.753894e+04	5.656709e+04	9.999000e+03	1.861639e+01	2020	3	30	6
	2105	748	116.015317	-19.828097	9.902071e+04	2.818864e+01	1.080455e+05	1.071318e+05	5.778081e+04	5.682798e+04	9.999000e+03	1.220289e+01	2020	3	30	12
	2102	741	115.593442	-20.484347	9.941381e+04	2.041798e+01	1.079590e+05	1.069181e+05	5.768336e+04	5.713259e+04	9.999000e+03	1.312147e+01	2020	3	30	18
	2103	729	115.734067	-21.609345	9.974033e+04	1.682793e+01	1.081482e+05	1.068443e+05	5.780746e+04	5.709870e+04	9.999000e+03	1.403041e+01	2020	3	31	0
	2103	717	115.734067	-22.734343	9.987207e+04	1.411882e+01	1.080544e+05	1.067241e+05	5.767527e+04	5.713302e+04	9.999000e+03	1.006756e+01	2020	3	31	6
	2110	703	116.718441	-24.046842	1.005290e+05	1.062180e+01	1.081648e+05	1.067344e+05	5.792012e+04	5.723704e+04	9.999000e+03	1.106531e+01	2020	3	31	12
	2119	683	117.984064	-25.921839	1.003220e+05	1.566589e+01	1.079927e+05	1.062626e+05	5.770218e+04	5.702348e+04	9.999000e+03	1.371283e+01	2020	3	31	18
	2130	669	119.530938	-27.234337	1.005431e+05	1.367839e+01	1.080240e+05	1.059459e+05	5.774652e+04	5.696566e+04	9.999000e+03	1.012835e+01	2020	4	1	0
start	59	2020	4	1	0
	2333	1020	148.077783	5.671867	1.008205e+05	1.677661e+01	1.081282e+05	1.079332e+05	5.780713e+04	5.747006e+04	3.033959e+02	2.187919e+01	2020	4	1	0
	2330	1012	147.655909	4.921868	1.004035e+05	1.582899e+01	1.078425e+05	1.077104e+05	5.752523e+04	5.719702e+04	3.034784e+02	1.768752e+01	2020	4	1	6
	2327	1010	147.234034	4.734368	1.006091e+05	1.562693e+01	1.080998e+05	1.078896e+05	5.776179e+04	5.743045e+04	3.034185e+02	1.830847e+01	2020	4	1	12
	2328	1005	147.374659	4.265619	1.001926e+05	1.764982e+01	1.078727e+05	1.075844e+05	5.742628e+04	5.702669e+04	3.034051e+02	1.499645e+01	2020	4	1	18
	2328	1002	147.374659	3.984369	1.004396e+05	1.774748e+01	1.080291e+05	1.078578e+05	5.773802e+04	5.746943e+04	3.034763e+02	1.204261e+01	2020	4	2	0
	2331	1003	147.796533	4.078119	9.998017e+04	1.647052e+01	1.078204e+05	1.076390e+05	5.741764e+04	5.719203e+04	3.036098e+02	1.187619e+01	2020	4	2	6
	2330	1003	147.655909	4.078119	1.003361e+05	1.772457e+01	1.080148e+05	1.078784e+05	5.772054e+04	5.755365e+04	3.034825e+02	1.226036e+01	2020	4	2	12
	2328	1005	147.374659	4.265619	1.001246e+05	1.492835e+01	1.077276e+05	1.076048e+05	5.748736e+04	5.732123e+04	3.033895e+02	1.587160e+01	2020	4	2	18
	2326	1006	147.093409	4.359369	1.003821e+05	1.717493e+01	1.079963e+05	1.078978e+05	5.774550e+04	5.757073e+04	3.034041e+02	2.202853e+01	2020	4	3	0
	2324	1006	146.812159	4.359369	1.001187e+05	1.559536e+01	1.077867e+05	1.075898e+05	5.749327e+04	5.726213e+04	3.034234e+02	2.026622e+01	2020	4	3	6
	2323	1006	146.671535	4.359369	1.004759e+05	1.426909e+01	1.080741e+05	1.078997e+05	5.783577e+04	5.759702e+04	3.032992e+02	2.457349e+01	2020	4	3	12
	2318	1010	145.968410	4.734368	1.001862e+05	1.553668e+01	1.078079e+05	1.076421e+05	5.754276e+04	5.733227e+04	3.032353e+02	2.807645e+01	2020	4	3	18
	2311	1010	144.984036	4.734368	1.005732e+05	1.570854e+01	1.081157e+05	1.079538e+05	5.780201e+04	5.753786e+04	3.032585e+02	2.645350e+01	2020	4	4	0
	2307	1013	144.421537	5.015618	1.002338e+05	1.756854e+01	1.079551e+05	1.077485e+05	5.755734e+04	5.722680e+04	3.035665e+02	1.888746e+01	2020	4	4	6
	2302	1013	143.718413	5.015618	1.005742e+05	1.722553e+01	1.081699e+05	1.080229e+05	5.783103e+04	5.749832e+04	3.032979e+02	1.933988e+01	2020	4	4	12
	2297	1013	143.015288	5.015618	1.002899e+05	1.729872e+01	1.079290e+05	1.078066e+05	5.756531e+04	5.726864e+04	3.032409e+02	2.997010e+01	2020	4	4	18
	2294	1013	142.593414	5.015618	1.005835e+05	1.663669e+01	1.082688e+05	1.080524e+05	5.787680e+04	5.762723e+04	3.032138e+02	3.469068e+01	2020	4	5	0
	2292	1015	142.312164	5.203118	1.001452e+05	1.739247e+01	1.080489e+05	1.078751e+05	5.761375e+04	5.723067e+04	3.032846e+02	3.766196e+01	2020	4	5	6
	2290	1015	142.030914	5.203118	1.004439e+05	1.967361e+01	1.082918e+05	1.080744e+05	5.786899e+04	5.752979e+04	3.032214e+02	3.019816e+01	2020	4	5	12
	2286	1018	141.468415	5.484367	9.993571e+04	2.215068e+01	1.080283e+05	1.078302e+05	5.759339e+04	5.713473e+04	3.031618e+02	3.243424e+01	2020	4	5	18
	2283	1020	141.046540	5.671867	1.002843e+05	1.796827e+01	1.083083e+05	1.081349e+05	5.787404e+04	5.755066e+04	3.031182e+02	2.885519e+01	2020	4	6	0
	2281	1027	140.765291	6.328116	9.985441e+04	2.112999e+01	1.080883e+05	1.078632e+05	5.762719e+04	5.706609e+04	3.030134e+02	3.463320e+01	2020	4	6	6
	2277	1030	140.202791	6.609366	1.000402e+05	1.989485e+01	1.083096e+05	1.079499e+05	5.788570e+04	5.723342e+04	3.029440e+02	3.013873e+01	2020	4	6	12
	2273	1032	139.640292	6.796866	9.960602e+04	2.093299e+01	1.080592e+05	1.076300e+05	5.762461e+04	5.678040e+04	3.028029e+02	3.206855e+01	2020	4	6	18
	2269	1035	139.077792	7.078115	9.981502e+04	2.124249e+01	1.082729e+05	1.077455e+05	5.784997e+04	5.671033e+04	3.027584e+02	3.272792e+01	2020	4	7	0
	2264	1039	138.374668	7.453115	9.953187e+04	2.123933e+01	1.080429e+05	1.076212e+05	5.761452e+04	5.651805e+04	3.028101e+02	3.563855e+01	2020	4	7	6
	2258	1042	137.530919	7.734364	9.979398e+04	2.220355e+01	1.082534e+05	1.078281e+05	5.783918e+04	5.676946e+04	3.028441e+02	3.678421e+01	2020	4	7	12
	2249	1042	136.265295	7.734364	9.937295e+04	2.261175e+01	1.079782e+05	1.072191e+05	5.758028e+04	5.626616e+04	3.029152e+02	3.800169e+01	2020	4	7	18
	2245	1044	135.702796	7.921864	9.965349e+04	2.494896e+01	1.082379e+05	1.074771e+05	5.780829e+04	5.643489e+04	3.028314e+02	4.168777e+01	2020	4	8	0
	2240	1046	134.999672	8.109364	9.926963e+04	2.430449e+01	1.080273e+05	1.073025e+05	5.754095e+04	5.619970e+04	3.026450e+02	3.665484e+01	2020	4	8	6
	2237	1051	134.577797	8.578113	9.948099e+04	2.347396e+01	1.081792e+05	1.076060e+05	5.778614e+04	5.648955e+04	3.024236e+02	3.083082e+01	2020	4	8	12
	2233	1056	134.015298	9.046862	9.926999e+04	2.342244e+01	1.079375e+05	1.074401e+05	5.757418e+04	5.639601e+04	3.022077e+02	3.169616e+01	2020	4	8	18
	2229	1063	133.452798	9.703112	9.946652e+04	2.287912e+01	1.081870e+05	1.076554e+05	5.782582e+04	5.668212e+04	3.021660e+02	3.295224e+01	2020	4	9	0
	2226	1070	133.030924	10.359361	9.908719e+04	2.436641e+01	1.079861e+05	1.075428e+05	5.762944e+04	5.646459e+04	3.021462e+02	3.278687e+01	2020	4	9	6
	2221	1075	132.327800	10.828110	9.915028e+04	2.591326e+01	1.081644e+05	1.076805e+05	5.780648e+04	5.663016e+04	3.021361e+02	3.141829e+01	2020	4	9	12
	2217	1080	131.765300	11.296859	9.856929e+04	2.776660e+01	1.079198e+05	1.073737e+05	5.759149e+04	5.617878e+04	3.020879e+02	3.284543e+01	2020	4	9	18
	2213	1085	131.202801	11.765609	9.847269e+04	2.847313e+01	1.080919e+05	1.073491e+05	5.778739e+04	5.613800e+04	3.019835e+02	3.378549e+01	2020	4	10	0
	2211	1089	130.921551	12.140608	9.810242e+04	2.960951e+01	1.079490e+05	1.071407e+05	5.755492e+04	5.588350e+04	3.018525e+02	2.890355e+01	2020	4	10	6
	2210	1092	130.780926	12.421858	9.832054e+04	2.968543e+01	1.081418e+05	1.074316e+05	5.778966e+04	5.613679e+04	3.017248e+02	2.934874e+01	2020	4	10	12
	2207	1099	130.359052	13.078107	9.778912e+04	3.225053e+01	1.079364e+05	1.068181e+05	5.754179e+04	5.553286e+04	3.014404e+02	2.417058e+01	2020	4	10	18
	2205	1099	130.077802	13.078107	9.868275e+04	2.619942e+01	1.081235e+05	1.073430e+05	5.776579e+04	5.645202e+04	3.014284e+02	2.159357e+01	2020	4	11	0
	2201	1104	129.515302	13.546856	9.810400e+04	2.986773e+01	1.079199e+05	1.069472e+05	5.755377e+04	5.567285e+04	3.014704e+02	1.753400e+01	2020	4	11	6
	2200	1104	129.374678	13.546856	9.892904e+04	2.622849e+01	1.081464e+05	1.074585e+05	5.777233e+04	5.657054e+04	3.014618e+02	1.938336e+01	2020	4	11	12
	2196	1104	128.812178	13.546856	9.864095e+04	2.700783e+01	1.079197e+05	1.072424e+05	5.757973e+04	5.636375e+04	3.015028e+02	1.929420e+01	2020	4	11	18
	2195	1106	128.671553	13.734356	9.909469e+04	2.640948e+01	1.081272e+05	1.076139e+05	5.780705e+04	5.682570e+04	3.014702e+02	1.781885e+01	2020	4	12	0
	2191	1106	128.109054	13.734356	9.907966e+04	2.408173e+01	1.079554e+05	1.074820e+05	5.766913e+04	5.682377e+04	3.016016e+02	1.476413e+01	2020	4	12	6
	2188	1109	127.687179	14.015606	9.957106e+04	2.124943e+01	1.081424e+05	1.078110e+05	5.786239e+04	5.731348e+04	3.015260e+02	1.293956e+01	2020	4	12	12
	2183	1111	126.984055	14.203105	9.964437e+04	2.252160e+01	1.079688e+05	1.077705e+05	5.762696e+04	5.722956e+04	3.014863e+02	1.609333e+01	2020	4	12	18
	2179	1116	126.421556	14.671855	9.995955e+04	2.116793e+01	1.082110e+05	1.077691e+05	5.781904e+04	5.741497e+04	3.014312e+02	1.666744e+01	2020	4	13	0
	2176	1118	125.999681	14.859354	9.970025e+04	2.397209e+01	1.079951e+05	1.075928e+05	5.762090e+04	5.715569e+04	9.999000e+03	1.606272e+01	2020	4	13	6
	2172	1123	125.437182	15.328104	9.991370e+04	2.063394e+01	1.080624e+05	1.075462e+05	5.776774e+04	5.743278e+04	9.999000e+03	1.101630e+01	2020	4	13	12
	2171	1126	125.296557	15.609353	9.986770e+04	1.604461e+01	1.078308e+05	1.072716e+05	5.753151e+04	5.735139e+04	9.999000e+03	2.175212e+01	2020	4	13	18
	2171	1133	125.296557	16.265602	1.000678e+05	1.743981e+01	1.079897e+05	1.074651e+05	5.768229e+04	5.728421e+04	3.013606e+02	1.826580e+01	2020	4	14	0
	2172	1140	125.437182	16.921851	9.985955e+04	1.657112e+01	1.078006e+05	1.072304e+05	5.749963e+04	5.698365e+04	3.013573e+02	6.253346e+00	2020	4	14	6
	2176	1145	125.999681	17.390601	1.000863e+05	1.711686e+01	1.079285e+05	1.072228e+05	5.772237e+04	5.710740e+04	3.011235e+02	7.094065e+00	2020	4	14	12
	2181	1159	126.702805	18.703099	9.987677e+04	1.698060e+01	1.076796e+05	1.067307e+05	5.749112e+04	5.691054e+04	3.008395e+02	1.873389e+01	2020	4	14	18
	2187	1171	127.546555	19.828097	9.996598e+04	1.957660e+01	1.078147e+05	1.064394e+05	5.763445e+04	5.678676e+04	3.005969e+02	1.680951e+01	2020	4	15	0
	2195	1188	128.671553	21.421845	9.982922e+04	1.821131e+01	1.076402e+05	1.057385e+05	5.748125e+04	5.637191e+04	3.004330e+02	1.365688e+01	2020	4	15	6
	2208	1202	130.499676	22.734343	1.000941e+05	1.886277e+01	1.078010e+05	1.052884e+05	5.768215e+04	5.619762e+04	2.996651e+02	1.710801e+01	2020	4	15	12
start	34	2020	4	1	18
	36	787	-174.937505	-16.171853	9.983424e+04	1.434347e+01	1.081531e+05	1.079486e+05	5.740134e+04	5.697457e+04	3.029240e+02	1.711298e+01	2020	4	1	18
	36	784	-174.937505	-16.453102	9.987943e+04	1.482209e+01	1.081647e+05	1.080118e+05	5.747540e+04	5.699186e+04	3.028564e+02	2.299901e+01	2020	4	2	0
	29	784	-175.921879	-16.453102	9.980654e+04	1.604584e+01	1.081617e+05	1.079184e+05	5.740108e+04	5.684982e+04	3.029990e+02	2.793924e+01	2020	4	2	6
	29	787	-175.921879	-16.171853	9.985788e+04	1.599788e+01	1.081655e+05	1.078540e+05	5.746839e+04	5.685368e+04	3.030099e+02	2.756556e+01	2020	4	2	12
	25	792	-176.484379	-15.703103	9.973008e+04	1.502689e+01	1.081561e+05	1.077348e+05	5.747469e+04	5.677252e+04	3.031267e+02	2.896111e+01	2020	4	2	18
	24	794	-176.625004	-15.515603	9.976645e+04	1.484758e+01	1.082372e+05	1.077877e+05	5.751567e+04	5.680305e+04	3.030937e+02	3.243165e+01	2020	4	3	0
	26	794	-176.343754	-15.515603	9.961947e+04	1.603291e+01	1.082592e+05	1.077283e+05	5.751744e+04	5.676946e+04	3.030284e+02	3.014233e+01	2020	4	3	6
	26	784	-176.343754	-16.453102	9.968055e+04	1.530700e+01	1.082802e+05	1.079144e+05	5.760455e+04	5.685801e+04	3.027137e+02	2.836125e+01	2020	4	3	12
	18	779	-177.468753	-16.921851	9.955282e+04	1.516162e+01	1.082468e+05	1.077659e+05	5.753065e+04	5.674780e+04	3.028644e+02	2.402780e+01	2020	4	3	18
	16	780	-177.750002	-16.828102	9.951150e+04	1.605466e+01	1.083066e+05	1.078183e+05	5.758315e+04	5.672808e+04	3.029161e+02	2.771821e+01	2020	4	4	0
	16	774	-177.750002	-17.390601	9.930434e+04	1.746050e+01	1.082771e+05	1.077694e+05	5.750419e+04	5.662554e+04	3.027730e+02	3.260673e+01	2020	4	4	6
	8	772	-178.875001	-17.578101	9.936569e+04	1.803078e+01	1.082309e+05	1.077759e+05	5.753552e+04	5.662566e+04	9.999000e+03	2.736264e+01	2020	4	4	12
	9	772	-178.734376	-17.578101	9.910724e+04	1.902980e+01	1.081540e+05	1.075474e+05	5.746648e+04	5.639517e+04	9.999000e+03	2.640005e+01	2020	4	4	18
	8	770	-178.875001	-17.765600	9.901184e+04	1.857646e+01	1.081685e+05	1.075805e+05	5.749783e+04	5.639453e+04	9.999000e+03	2.351313e+01	2020	4	5	0
	6	775	-179.156251	-17.296851	9.879153e+04	1.952682e+01	1.080999e+05	1.075338e+05	5.739995e+04	5.624049e+04	9.999000e+03	2.870641e+01	2020	4	5	6
	6	772	-179.156251	-17.578101	9.881619e+04	1.863596e+01	1.081133e+05	1.075025e+05	5.744523e+04	5.615437e+04	9.999000e+03	3.215066e+01	2020	4	5	12
	6	775	-179.156251	-17.296851	9.860022e+04	1.966213e+01	1.080264e+05	1.073395e+05	5.729980e+04	5.595291e+04	9.999000e+03	2.815973e+01	2020	4	5	18
	6	775	-179.156251	-17.296851	9.846697e+04	2.166624e+01	1.081073e+05	1.073403e+05	5.741128e+04	5.576373e+04	9.999000e+03	2.789038e+01	2020	4	6	0
	6	775	-179.156251	-17.296851	9.810521e+04	2.084594e+01	1.080961e+05	1.071250e+05	5.736776e+04	5.550102e+04	9.999000e+03	3.106784e+01	2020	4	6	6
	6	774	-179.156251	-17.390601	9.804834e+04	2.105552e+01	1.081629e+05	1.072418e+05	5.743636e+04	5.553043e+04	9.999000e+03	3.643123e+01	2020	4	6	12
	7	772	-179.015626	-17.578101	9.799275e+04	2.271248e+01	1.081446e+05	1.072414e+05	5.743493e+04	5.560668e+04	9.999000e+03	3.318070e+01	2020	4	6	18
	7	762	-179.015626	-18.515599	9.796130e+04	2.381945e+01	1.081831e+05	1.072924e+05	5.746235e+04	5.565293e+04	3.021390e+02	2.766601e+01	2020	4	7	0
	8	753	-178.875001	-19.359348	9.778766e+04	2.539132e+01	1.081491e+05	1.071321e+05	5.747472e+04	5.552423e+04	3.020526e+02	2.577256e+01	2020	4	7	6
	8	743	-178.875001	-20.296847	9.784569e+04	2.612073e+01	1.082108e+05	1.072618e+05	5.754370e+04	5.562155e+04	3.019283e+02	3.016978e+01	2020	4	7	12
	12	731	-178.312502	-21.421845	9.782001e+04	2.781650e+01	1.082145e+05	1.072141e+05	5.752096e+04	5.563546e+04	3.016989e+02	2.723534e+01	2020	4	7	18
	16	717	-177.750002	-22.734343	9.778852e+04	2.737606e+01	1.082178e+05	1.072183e+05	5.761340e+04	5.567652e+04	3.014047e+02	2.739050e+01	2020	4	8	0
	25	700	-176.484379	-24.328091	9.756029e+04	2.758797e+01	1.081856e+05	1.071212e+05	5.762544e+04	5.566026e+04	3.005557e+02	2.905968e+01	2020	4	8	6
	37	686	-174.796880	-25.640589	9.777560e+04	2.699114e+01	1.082770e+05	1.070622e+05	5.769314e+04	5.589995e+04	3.001215e+02	2.929352e+01	2020	4	8	12
	54	669	-172.406258	-27.234337	9.762078e+04	2.765972e+01	1.081822e+05	1.067509e+05	5.764414e+04	5.599022e+04	2.992675e+02	3.222956e+01	2020	4	8	18
	71	657	-170.015635	-28.359336	9.755370e+04	2.842302e+01	1.081450e+05	1.066571e+05	5.762943e+04	5.584291e+04	2.991163e+02	3.457064e+01	2020	4	9	0
	88	645	-167.625013	-29.484334	9.769548e+04	2.728833e+01	1.081258e+05	1.064263e+05	5.761111e+04	5.589209e+04	2.983727e+02	3.321093e+01	2020	4	9	6
	106	637	-165.093766	-30.234333	9.810181e+04	2.552086e+01	1.080678e+05	1.061564e+05	5.754734e+04	5.600232e+04	2.976684e+02	2.125625e+01	2020	4	9	12
	126	630	-162.281268	-30.890582	9.869761e+04	2.286424e+01	1.080001e+05	1.056293e+05	5.750015e+04	5.605877e+04	2.970777e+02	1.349171e+01	2020	4	9	18
	140	623	-160.312521	-31.546831	9.893770e+04	1.978262e+01	1.078765e+05	1.053304e+05	5.747052e+04	5.584405e+04	2.968236e+02	8.924613e+00	2020	4	10	0
start	18	2020	5	13	18
	1892	1104	86.062223	13.546856	1.000243e+05	1.470733e+01	1.081538e+05	1.077882e+05	5.772477e+04	5.716966e+04	3.035289e+02	2.496502e+01	2020	5	13	18
	1901	1103	87.327846	13.453106	9.969875e+04	1.746981e+01	1.080087e+05	1.075406e+05	5.751407e+04	5.681148e+04	3.031394e+02	3.353596e+01	2020	5	14	0
	1903	1104	87.609096	13.546856	9.964437e+04	1.935052e+01	1.080674e+05	1.075355e+05	5.764973e+04	5.678127e+04	3.030716e+02	3.008633e+01	2020	5	14	6
	1905	1104	87.890346	13.546856	9.917359e+04	2.120118e+01	1.080507e+05	1.073463e+05	5.753355e+04	5.651192e+04	3.030114e+02	2.205683e+01	2020	5	14	12
	1907	1106	88.171596	13.734356	9.920702e+04	2.170144e+01	1.081787e+05	1.073663e+05	5.771012e+04	5.642348e+04	3.029789e+02	2.994082e+01	2020	5	14	18
	1908	1109	88.312220	14.015606	9.872169e+04	2.299862e+01	1.080399e+05	1.072199e+05	5.755606e+04	5.608535e+04	3.029115e+02	3.185540e+01	2020	5	15	0
	1910	1111	88.593470	14.203105	9.858327e+04	2.420494e+01	1.082305e+05	1.073828e+05	5.772203e+04	5.615575e+04	3.028549e+02	2.798493e+01	2020	5	15	6
	1914	1116	89.155970	14.671855	9.825546e+04	2.527966e+01	1.081337e+05	1.073656e+05	5.753909e+04	5.599720e+04	3.030189e+02	2.249287e+01	2020	5	15	12
	1916	1123	89.437219	15.328104	9.820125e+04	2.696951e+01	1.082343e+05	1.074845e+05	5.774371e+04	5.605141e+04	3.030425e+02	2.746488e+01	2020	5	15	18
	1920	1128	89.999719	15.796853	9.763524e+04	2.819127e+01	1.080497e+05	1.069166e+05	5.763397e+04	5.548907e+04	3.030990e+02	2.750874e+01	2020	5	16	0
	1923	1135	90.421593	16.453102	9.791332e+04	2.719840e+01	1.082175e+05	1.074197e+05	5.769758e+04	5.603223e+04	3.032213e+02	2.844244e+01	2020	5	16	6
	1927	1142	90.984093	17.109351	9.797963e+04	2.593699e+01	1.081135e+05	1.075051e+05	5.756787e+04	5.603764e+04	3.033222e+02	1.935423e+01	2020	5	16	12
	1931	1150	91.546592	17.859350	9.798810e+04	2.860384e+01	1.081201e+05	1.073742e+05	5.768370e+04	5.591866e+04	3.032558e+02	2.883182e+01	2020	5	16	18
	1935	1154	92.109091	18.234350	9.766386e+04	2.917600e+01	1.079556e+05	1.070797e+05	5.755469e+04	5.545169e+04	9.999000e+03	3.073440e+01	2020	5	17	0
	1941	1159	92.952841	18.703099	9.779591e+04	2.877318e+01	1.080350e+05	1.071286e+05	5.761727e+04	5.562102e+04	9.999000e+03	3.067386e+01	2020	5	17	6
	1950	1164	94.218464	19.171848	9.819155e+04	2.348244e+01	1.080072e+05	1.070700e+05	5.748248e+04	5.571752e+04	9.999000e+03	2.421297e+01	2020	5	17	12
	1960	1171	95.624713	19.828097	9.890116e+04	1.377201e+01	1.079638e+05	1.074427e+05	5.756394e+04	5.621848e+04	9.999000e+03	3.117794e+01	2020	5	17	18
	1972	1176	97.312211	20.296847	9.963924e+04	9.903501e+00	1.079086e+05	1.073367e+05	5.744560e+04	5.647229e+04	9.999000e+03	2.733936e+01	2020	5	18	0
start	15	2020	6	8	0
	1928	1181	91.124717	20.765596	9.939734e+04	1.451877e+01	1.080405e+05	1.076187e+05	5.725693e+04	5.670139e+04	9.999000e+03	3.712682e+01	2020	6	8	0
	1928	1181	91.124717	20.765596	9.919723e+04	1.721235e+01	1.082544e+05	1.078274e+05	5.730924e+04	5.661661e+04	9.999000e+03	3.416040e+01	2020	6	8	6
	1928	1188	91.124717	21.421845	9.900990e+04	1.486542e+01	1.081472e+05	1.077676e+05	5.719419e+04	5.658686e+04	9.999000e+03	2.621876e+01	2020	6	8	12
	1927	1190	90.984093	21.609345	9.903277e+04	1.622319e+01	1.081995e+05	1.078445e+05	5.736665e+04	5.665320e+04	9.999000e+03	3.861851e+01	2020	6	8	18
	1925	1190	90.702843	21.609345	9.865359e+04	1.749831e+01	1.081136e+05	1.075500e+05	5.725281e+04	5.629732e+04	9.999000e+03	3.954017e+01	2020	6	9	0
	1926	1190	90.843468	21.609345	9.844564e+04	2.037912e+01	1.082887e+05	1.076065e+05	5.739353e+04	5.617962e+04	9.999000e+03	3.090182e+01	2020	6	9	6
	1928	1195	91.124717	22.078094	9.851659e+04	2.160640e+01	1.082398e+05	1.076590e+05	5.730934e+04	5.628169e+04	9.999000e+03	2.505300e+01	2020	6	9	12
	1928	1202	91.124717	22.734343	9.892412e+04	1.908078e+01	1.082761e+05	1.078858e+05	5.748430e+04	5.651690e+04	9.999000e+03	3.700804e+01	2020	6	9	18
	1927	1209	90.984093	23.390592	9.892296e+04	1.598327e+01	1.082840e+05	1.077923e+05	5.737660e+04	5.648073e+04	9.999000e+03	3.896403e+01	2020	6	10	0
	1925	1212	90.702843	23.671842	9.910446e+04	1.607866e+01	1.083644e+05	1.080456e+05	5.748179e+04	5.663899e+04	9.999000e+03	2.743001e+01	2020	6	10	6
	1925	1219	90.702843	24.328091	9.905008e+04	1.262576e+01	1.083377e+05	1.079783e+05	5.739100e+04	5.658196e+04	9.999000e+03	2.162597e+01	2020	6	10	12
	1925	1224	90.702843	24.796841	9.938024e+04	9.198569e+00	1.083702e+05	1.080961e+05	5.754110e+04	5.682498e+04	9.999000e+03	3.185764e+01	2020	6	10	18
	1923	1229	90.421593	25.265590	9.944230e+04	1.011852e+01	1.083503e+05	1.079207e+05	5.743514e+04	5.674158e+04	9.999000e+03	3.329150e+01	2020	6	11	0
	1933	1238	91.827842	26.109339	9.975498e+04	9.536594e+00	1.084294e+05	1.081008e+05	5.761961e+04	5.699947e+04	9.999000e+03	2.556751e+01	2020	6	11	6
	1904	1272	87.749721	29.296834	9.940193e+04	5.319571e+00	1.083590e+05	1.072993e+05	5.744808e+04	5.693034e+04	9.999000e+03	5.020507e+00	2020	6	11	12
start	20	2020	6	16	12
	2268	1018	138.937168	5.484367	1.005951e+05	1.391434e+01	1.081584e+05	1.079504e+05	5.776857e+04	5.739418e+04	3.028564e+02	2.222893e+01	2020	6	16	12
	2261	1023	137.952794	5.953117	1.004517e+05	1.424965e+01	1.080056e+05	1.078548e+05	5.761054e+04	5.722559e+04	3.029784e+02	1.568458e+01	2020	6	16	18
	2251	1024	136.546545	6.046867	1.006297e+05	1.318102e+01	1.081712e+05	1.079662e+05	5.776492e+04	5.734584e+04	3.029265e+02	1.952997e+01	2020	6	17	0
	2245	1032	135.702796	6.796866	1.004512e+05	1.188368e+01	1.080106e+05	1.078774e+05	5.765592e+04	5.716344e+04	3.029314e+02	2.125037e+01	2020	6	17	6
	2234	1034	134.155923	6.984365	1.005699e+05	1.422040e+01	1.081808e+05	1.080282e+05	5.785012e+04	5.737647e+04	3.028730e+02	1.718334e+01	2020	6	17	12
	2228	1036	133.312174	7.171865	1.003701e+05	1.330142e+01	1.080060e+05	1.077625e+05	5.762635e+04	5.717953e+04	3.029024e+02	1.368853e+01	2020	6	17	18
	2219	1039	132.046550	7.453115	1.005428e+05	1.352074e+01	1.081511e+05	1.080317e+05	5.780057e+04	5.743045e+04	3.029465e+02	1.591297e+01	2020	6	18	0
	2212	1044	131.062176	7.921864	1.002648e+05	1.515402e+01	1.081113e+05	1.078665e+05	5.772788e+04	5.723485e+04	3.032072e+02	2.154094e+01	2020	6	18	6
	2203	1049	129.796552	8.390613	1.004300e+05	1.591841e+01	1.082725e+05	1.080631e+05	5.788549e+04	5.737179e+04	3.034149e+02	2.402506e+01	2020	6	18	12
	2195	1051	128.671553	8.578113	1.002099e+05	1.557077e+01	1.081215e+05	1.078598e+05	5.769074e+04	5.718071e+04	3.034971e+02	2.599887e+01	2020	6	18	18
	2190	1058	127.968429	9.234362	1.003409e+05	1.664934e+01	1.082501e+05	1.079514e+05	5.784404e+04	5.732667e+04	9.999000e+03	2.703027e+01	2020	6	19	0
	2182	1066	126.843430	9.984361	1.001088e+05	1.849402e+01	1.081762e+05	1.078618e+05	5.771148e+04	5.710699e+04	9.999000e+03	2.589235e+01	2020	6	19	6
	2176	1070	125.999681	10.359361	1.003121e+05	1.879053e+01	1.082706e+05	1.080312e+05	5.788395e+04	5.729555e+04	9.999000e+03	1.529452e+01	2020	6	19	12
	2172	1075	125.437182	10.828110	1.004786e+05	1.507146e+01	1.082062e+05	1.078706e+05	5.776511e+04	5.733157e+04	9.999000e+03	1.456902e+01	2020	6	19	18
	2163	1080	124.171558	11.296859	1.006413e+05	1.195156e+01	1.082783e+05	1.080077e+05	5.792108e+04	5.749106e+04	9.999000e+03	1.269453e+01	2020	6	20	0
	2157	1085	123.327809	11.765609	1.004885e+05	1.131280e+01	1.082724e+05	1.079646e+05	5.778482e+04	5.739069e+04	9.999000e+03	1.558801e+01	2020	6	20	6
	2150	1092	122.343435	12.421858	1.005281e+05	1.470610e+01	1.083728e+05	1.081246e+05	5.793564e+04	5.738254e+04	9.999000e+03	1.407636e+01	2020	6	20	12
	2147	1095	121.921560	12.703107	1.004795e+05	1.313484e+01	1.083136e+05	1.080384e+05	5.779200e+04	5.746974e+04	9.999000e+03	1.300272e+01	2020	6	20	18
	2136	1096	120.374687	12.796857	1.005902e+05	1.202698e+01	1.083360e+05	1.081462e+05	5.789464e+04	5.748832e+04	9.999000e+03	1.719123e+01	2020	6	21	0
	2133	1104	119.952812	13.546856	1.004151e+05	1.102744e+01	1.083070e+05	1.079503e+05	5.773993e+04	5.733026e+04	9.999000e+03	1.716670e+01	2020	6	21	6
start	19	2020	6	28	6
	2213	1106	131.202801	13.734356	1.002478e+05	9.551070e+00	1.080699e+05	1.076370e+05	5.752023e+04	5.706062e+04	3.032195e+02	2.416526e+01	2020	6	28	6
	2214	1113	131.343426	14.390605	1.003746e+05	1.097079e+01	1.082331e+05	1.078418e+05	5.762965e+04	5.721897e+04	3.028230e+02	2.461800e+01	2020	6	28	12
	2213	1116	131.202801	14.671855	1.001338e+05	1.121842e+01	1.080938e+05	1.076511e+05	5.747653e+04	5.709766e+04	3.028243e+02	3.175323e+01	2020	6	28	18
	2211	1121	130.921551	15.140604	1.001681e+05	1.270786e+01	1.081430e+05	1.078082e+05	5.759570e+04	5.718812e+04	3.028994e+02	2.494124e+01	2020	6	29	0
	2213	1128	131.202801	15.796853	9.996706e+04	1.395481e+01	1.080994e+05	1.078483e+05	5.744503e+04	5.706094e+04	3.030190e+02	2.544729e+01	2020	6	29	6
	2213	1137	131.202801	16.640602	1.000696e+05	1.488089e+01	1.082175e+05	1.080172e+05	5.762338e+04	5.712973e+04	3.029538e+02	3.017243e+01	2020	6	29	12
	2213	1142	131.202801	17.109351	9.982915e+04	1.382235e+01	1.080202e+05	1.077235e+05	5.739345e+04	5.697487e+04	3.029314e+02	2.937755e+01	2020	6	29	18
	2215	1149	131.484050	17.765600	9.994023e+04	1.665493e+01	1.082009e+05	1.078080e+05	5.754250e+04	5.706213e+04	3.027986e+02	2.001063e+01	2020	6	30	0
	2212	1156	131.062176	18.421849	9.969700e+04	1.716356e+01	1.082410e+05	1.076824e+05	5.740862e+04	5.686666e+04	3.031414e+02	1.911178e+01	2020	6	30	6
	2211	1163	130.921551	19.078098	9.983218e+04	1.772538e+01	1.084109e+05	1.078893e+05	5.759858e+04	5.689690e+04	3.031062e+02	2.040572e+01	2020	6	30	12
	2207	1173	130.359052	20.015597	9.963944e+04	1.652622e+01	1.083232e+05	1.078207e+05	5.752346e+04	5.677280e+04	3.031484e+02	1.451038e+01	2020	6	30	18
	2205	1178	130.077802	20.484347	9.976012e+04	1.702619e+01	1.084743e+05	1.079951e+05	5.765388e+04	5.692923e+04	3.031638e+02	9.514832e+00	2020	7	1	0
	2197	1185	128.952803	21.140596	9.963150e+04	1.596240e+01	1.084511e+05	1.079647e+05	5.759385e+04	5.697982e+04	3.035202e+02	1.466633e+01	2020	7	1	6
	2192	1193	128.249679	21.890595	9.977009e+04	1.522681e+01	1.085961e+05	1.080966e+05	5.775340e+04	5.716707e+04	3.034715e+02	1.297149e+01	2020	7	1	12
	2185	1197	127.265305	22.265594	9.960750e+04	1.604410e+01	1.084732e+05	1.079538e+05	5.762281e+04	5.710320e+04	3.033903e+02	1.217693e+01	2020	7	1	18
	2177	1205	126.140306	23.015593	9.975827e+04	1.749294e+01	1.085221e+05	1.080873e+05	5.773391e+04	5.722957e+04	3.033565e+02	9.769059e+00	2020	7	2	0
	2171	1212	125.296557	23.671842	9.974498e+04	1.721370e+01	1.085887e+05	1.080593e+05	5.768728e+04	5.727429e+04	3.033578e+02	4.542372e+00	2020	7	2	6
	2166	1222	124.593433	24.609341	9.989354e+04	1.515806e+01	1.086730e+05	1.083355e+05	5.783262e+04	5.736206e+04	3.036740e+02	6.771655e+00	2020	7	2	12
	2159	1226	123.609059	24.984340	9.989001e+04	1.630536e+01	1.086065e+05	1.082322e+05	5.768438e+04	5.729715e+04	9.999000e+03	8.653639e+00	2020	7	2	18
start	16	2020	7	3	12
	2126	1128	118.968438	15.796853	9.995111e+04	1.372097e+01	1.084304e+05	1.079995e+05	5.757770e+04	5.699489e+04	9.999000e+03	1.553492e+01	2020	7	3	12
	2126	1137	118.968438	16.640602	9.983407e+04	1.459567e+01	1.082646e+05	1.079030e+05	5.751111e+04	5.699916e+04	9.999000e+03	1.595537e+01	2020	7	3	18
	2122	1144	118.405939	17.296851	9.987224e+04	1.563432e+01	1.083009e+05	1.079631e+05	5.759634e+04	5.713608e+04	9.999000e+03	1.600228e+01	2020	7	4	0
	2124	1154	118.687189	18.234350	9.971173e+04	1.517175e+01	1.083468e+05	1.079888e+05	5.746694e+04	5.702996e+04	9.999000e+03	1.574205e+01	2020	7	4	6
	2126	1164	118.968438	19.171848	9.983243e+04	1.542566e+01	1.083713e+05	1.080737e+05	5.755579e+04	5.711802e+04	9.999000e+03	1.350126e+01	2020	7	4	12
	2125	1173	118.827814	20.015597	9.969862e+04	1.553788e+01	1.082719e+05	1.080040e+05	5.742721e+04	5.707307e+04	3.042933e+02	1.463544e+01	2020	7	4	18
	2127	1183	119.109063	20.953096	9.979347e+04	1.357940e+01	1.082362e+05	1.080694e+05	5.753903e+04	5.712740e+04	9.999000e+03	2.325516e+01	2020	7	5	0
	2128	1186	119.249688	21.234345	9.966996e+04	1.411524e+01	1.082293e+05	1.080390e+05	5.743557e+04	5.700297e+04	9.999000e+03	2.697562e+01	2020	7	5	6
	2131	1192	119.671563	21.796845	9.975300e+04	1.314367e+01	1.083625e+05	1.079653e+05	5.751902e+04	5.701038e+04	9.999000e+03	1.658382e+01	2020	7	5	12
	2129	1192	119.390313	21.796845	9.961024e+04	1.281342e+01	1.081773e+05	1.076703e+05	5.741314e+04	5.681407e+04	9.999000e+03	2.134791e+01	2020	7	5	18
	2133	1195	119.952812	22.078094	9.966615e+04	1.421884e+01	1.082747e+05	1.075903e+05	5.755767e+04	5.687150e+04	9.999000e+03	2.560357e+01	2020	7	6	0
	2141	1195	121.077811	22.078094	9.970980e+04	1.490457e+01	1.083039e+05	1.078081e+05	5.750612e+04	5.679584e+04	9.999000e+03	2.155536e+01	2020	7	6	6
	2151	1200	122.484060	22.546844	9.979633e+04	1.556360e+01	1.084105e+05	1.079336e+05	5.769477e+04	5.696948e+04	9.999000e+03	2.202325e+01	2020	7	6	12
	2160	1207	123.749683	23.203093	9.967584e+04	1.725175e+01	1.083890e+05	1.077562e+05	5.754661e+04	5.688326e+04	9.999000e+03	2.703726e+01	2020	7	6	18
	2166	1212	124.593433	23.671842	9.984918e+04	1.646325e+01	1.084286e+05	1.078344e+05	5.765429e+04	5.706900e+04	3.034601e+02	2.817331e+01	2020	7	7	0
	2171	1222	125.296557	24.609341	9.973433e+04	1.660618e+01	1.083958e+05	1.079701e+05	5.753533e+04	5.701310e+04	3.033559e+02	1.659911e+01	2020	7	7	6
start	13	2020	7	13	18
	1774	1212	69.468490	23.671842	9.920897e+04	6.764915e+00	1.086040e+05	1.080583e+05	5.760891e+04	5.681862e+04	9.999000e+03	1.780517e+01	2020	7	13	18
	1777	1189	69.890365	21.515595	9.889634e+04	1.053717e+01	1.082746e+05	1.076991e+05	5.715550e+04	5.653327e+04	9.999000e+03	2.596550e+01	2020	7	14	0
	1778	1185	70.030989	21.140596	9.899634e+04	1.064780e+01	1.085177e+05	1.079081e+05	5.724457e+04	5.667759e+04	9.999000e+03	3.334287e+01	2020	7	14	6
	1773	1190	69.327865	21.609345	9.877626e+04	1.025381e+01	1.085258e+05	1.078270e+05	5.720404e+04	5.652648e+04	9.999000e+03	2.148694e+01	2020	7	14	12
	1765	1189	68.202866	21.515595	9.909327e+04	1.251335e+01	1.086844e+05	1.080937e+05	5.747140e+04	5.677831e+04	9.999000e+03	3.019689e+01	2020	7	14	18
	1749	1187	65.952869	21.328095	9.848932e+04	1.679438e+01	1.084513e+05	1.077878e+05	5.730647e+04	5.635512e+04	3.029250e+02	3.203051e+01	2020	7	15	0
	1749	1187	65.952869	21.328095	9.872893e+04	1.732251e+01	1.086978e+05	1.080976e+05	5.751578e+04	5.664036e+04	3.028048e+02	1.883636e+01	2020	7	15	6
	1743	1193	65.109120	21.890595	9.863663e+04	1.486387e+01	1.086977e+05	1.079935e+05	5.752087e+04	5.669152e+04	3.032337e+02	8.051391e+00	2020	7	15	12
	1731	1193	63.421621	21.890595	9.903928e+04	1.389651e+01	1.087911e+05	1.082113e+05	5.775725e+04	5.708440e+04	3.032847e+02	6.325385e+00	2020	7	15	18
	1723	1192	62.296623	21.796845	9.907747e+04	1.310443e+01	1.085383e+05	1.079144e+05	5.760052e+04	5.692202e+04	3.029539e+02	1.009558e+01	2020	7	16	0
	1721	1192	62.015373	21.796845	9.938031e+04	1.270005e+01	1.088329e+05	1.081933e+05	5.776803e+04	5.709858e+04	3.028716e+02	5.945496e+00	2020	7	16	6
	1716	1187	61.312249	21.328095	9.913036e+04	1.338390e+01	1.087734e+05	1.079584e+05	5.766014e+04	5.697561e+04	9.999000e+03	3.307631e+00	2020	7	16	12
	1713	1191	60.890374	21.703095	9.951720e+04	1.004638e+01	1.089062e+05	1.082337e+05	5.791652e+04	5.727118e+04	9.999000e+03	2.024404e+00	2020	7	16	18
start	22	2020	7	15	6
	433	1118	-119.109438	14.859354	1.006806e+05	1.239803e+01	1.081116e+05	1.079601e+05	5.777498e+04	5.747094e+04	3.031026e+02	1.443804e+01	2020	7	15	6
	426	1121	-120.093812	15.140604	1.003709e+05	1.063532e+01	1.078413e+05	1.077089e+05	5.755297e+04	5.720385e+04	3.030109e+02	1.134529e+01	2020	7	15	12
	423	1118	-120.515687	14.859354	1.005923e+05	1.086249e+01	1.080180e+05	1.079212e+05	5.774460e+04	5.738213e+04	3.029976e+02	1.107430e+01	2020	7	15	18
	420	1117	-120.937562	14.765604	1.003387e+05	1.174991e+01	1.079135e+05	1.077436e+05	5.760376e+04	5.707495e+04	3.029981e+02	1.390304e+01	2020	7	16	0
	404	1123	-123.187559	15.328104	1.005988e+05	1.305499e+01	1.081136e+05	1.079073e+05	5.785281e+04	5.736164e+04	3.023626e+02	1.170343e+01	2020	7	16	6
	398	1120	-124.031308	15.046854	1.002669e+05	1.279796e+01	1.079118e+05	1.076541e+05	5.763506e+04	5.714875e+04	3.022578e+02	1.476866e+01	2020	7	16	12
	393	1123	-124.734433	15.328104	1.005644e+05	1.283475e+01	1.081724e+05	1.078965e+05	5.791605e+04	5.737699e+04	3.019871e+02	1.162759e+01	2020	7	16	18
	383	1126	-126.140681	15.609353	1.003426e+05	1.399545e+01	1.080386e+05	1.077261e+05	5.778142e+04	5.725400e+04	3.014780e+02	1.029457e+01	2020	7	17	0
	372	1124	-127.687555	15.421854	1.006338e+05	1.423499e+01	1.082879e+05	1.080076e+05	5.801259e+04	5.750355e+04	3.015867e+02	1.226964e+01	2020	7	17	6
	364	1124	-128.812553	15.421854	1.004092e+05	1.431295e+01	1.080429e+05	1.077511e+05	5.781647e+04	5.727407e+04	3.015618e+02	9.089364e+00	2020	7	17	12
	354	1126	-130.218802	15.609353	1.006558e+05	1.473878e+01	1.082509e+05	1.079926e+05	5.801476e+04	5.752054e+04	3.010910e+02	5.853703e+00	2020	7	17	18
	348	1126	-131.062551	15.609353	1.004615e+05	1.457861e+01	1.081231e+05	1.078531e+05	5.788363e+04	5.732191e+04	3.012285e+02	7.961435e+00	2020	7	18	0
	338	1128	-132.468800	15.796853	1.007273e+05	1.587038e+01	1.082705e+05	1.080625e+05	5.803927e+04	5.754249e+04	3.011000e+02	8.024078e+00	2020	7	18	6
	328	1128	-133.875048	15.796853	1.004612e+05	1.565554e+01	1.079882e+05	1.077704e+05	5.779897e+04	5.733341e+04	3.012831e+02	8.632063e+00	2020	7	18	12
	320	1128	-135.000047	15.796853	1.007323e+05	1.571488e+01	1.081364e+05	1.079811e+05	5.796937e+04	5.755121e+04	3.013903e+02	9.150311e+00	2020	7	18	18
	312	1127	-136.125046	15.703103	1.004926e+05	1.634008e+01	1.079901e+05	1.078057e+05	5.781095e+04	5.739558e+04	3.014791e+02	9.585505e+00	2020	7	19	0
	304	1122	-137.250045	15.234354	1.006969e+05	1.611601e+01	1.081421e+05	1.079312e+05	5.794167e+04	5.757538e+04	3.014367e+02	1.084781e+01	2020	7	19	6
	301	1122	-137.671919	15.234354	1.004760e+05	1.479870e+01	1.079012e+05	1.076978e+05	5.768904e+04	5.734410e+04	3.012395e+02	9.901866e+00	2020	7	19	12
	293	1122	-138.796918	15.234354	1.006636e+05	1.617310e+01	1.080632e+05	1.077835e+05	5.781382e+04	5.754250e+04	3.012932e+02	6.869060e+00	2020	7	19	18
	286	1120	-139.781292	15.046854	1.004067e+05	1.541462e+01	1.079112e+05	1.076937e+05	5.767162e+04	5.738159e+04	3.014018e+02	6.063879e+00	2020	7	20	0
	280	1117	-140.625041	14.765604	1.005949e+05	1.652945e+01	1.080463e+05	1.078031e+05	5.778745e+04	5.756236e+04	3.013882e+02	9.547718e+00	2020	7	20	6
	272	1115	-141.750040	14.578105	1.004131e+05	1.800930e+01	1.078845e+05	1.076029e+05	5.760770e+04	5.737393e+04	3.012935e+02	1.029869e+01	2020	7	20	12
start	13	2020	7	16	6
	2129	1149	119.390313	17.765600	1.001066e+05	1.397482e+01	1.084199e+05	1.079408e+05	5.775854e+04	5.720012e+04	9.999000e+03	3.695691e+01	2020	7	16	6
	2123	1148	118.546564	17.671850	1.000846e+05	1.448540e+01	1.084672e+05	1.079879e+05	5.775589e+04	5.716026e+04	9.999000e+03	3.821815e+01	2020	7	16	12
	2121	1149	118.265314	17.765600	9.985387e+04	1.580770e+01	1.083185e+05	1.079061e+05	5.768658e+04	5.700588e+04	3.033974e+02	3.871568e+01	2020	7	16	18
	2118	1161	117.843440	18.890599	9.988677e+04	1.740504e+01	1.084676e+05	1.079536e+05	5.778062e+04	5.699317e+04	3.034912e+02	3.707514e+01	2020	7	17	0
	2108	1160	116.437191	18.796849	9.966500e+04	1.536497e+01	1.084536e+05	1.079055e+05	5.761698e+04	5.680868e+04	3.035723e+02	3.779079e+01	2020	7	17	6
	2100	1168	115.312192	19.546848	9.958075e+04	1.656503e+01	1.085581e+05	1.079687e+05	5.771765e+04	5.676401e+04	3.034809e+02	3.101405e+01	2020	7	17	12
	2097	1173	114.890318	20.015597	9.937975e+04	1.666446e+01	1.084402e+05	1.079357e+05	5.765661e+04	5.666614e+04	3.034258e+02	3.619010e+01	2020	7	17	18
	2092	1178	114.187193	20.484347	9.931000e+04	1.903980e+01	1.085132e+05	1.078824e+05	5.769663e+04	5.666782e+04	9.999000e+03	3.706528e+01	2020	7	18	0
	2086	1186	113.343444	21.234345	9.924600e+04	1.831945e+01	1.085405e+05	1.077702e+05	5.765414e+04	5.661244e+04	9.999000e+03	3.061730e+01	2020	7	18	6
	2083	1192	112.921570	21.796845	9.913189e+04	1.972713e+01	1.086326e+05	1.079229e+05	5.772125e+04	5.663834e+04	9.999000e+03	2.567343e+01	2020	7	18	12
	2075	1204	111.796571	22.921843	9.943127e+04	1.532689e+01	1.085187e+05	1.079509e+05	5.771436e+04	5.666242e+04	9.999000e+03	2.549971e+01	2020	7	18	18
	2061	1217	109.827823	24.140591	9.961184e+04	5.764959e+00	1.085054e+05	1.079799e+05	5.772180e+04	5.684614e+04	9.999000e+03	2.139111e+01	2020	7	19	0
	2058	1216	109.405948	24.046842	9.954716e+04	6.226458e+00	1.085189e+05	1.080014e+05	5.764116e+04	5.686244e+04	9.999000e+03	2.565482e+01	2020	7	19	6
start	19	2020	7	18	12
	484	1099	-111.937571	13.078107	1.006404e+05	1.091514e+01	1.079114e+05	1.077263e+05	5.759146e+04	5.727700e+04	3.031299e+02	3.129549e+01	2020	7	18	12
	483	1099	-112.078196	13.078107	1.008238e+05	1.298275e+01	1.081257e+05	1.079296e+05	5.775988e+04	5.741733e+04	3.030909e+02	2.671610e+01	2020	7	18	18
	483	1099	-112.078196	13.078107	1.004649e+05	1.431541e+01	1.079989e+05	1.077135e+05	5.755862e+04	5.714061e+04	3.031234e+02	1.859182e+01	2020	7	19	0
	482	1104	-112.218821	13.546856	1.007133e+05	1.319814e+01	1.081738e+05	1.080319e+05	5.779899e+04	5.745237e+04	3.030578e+02	2.457172e+01	2020	7	19	6
	483	1104	-112.078196	13.546856	1.003612e+05	1.485891e+01	1.079581e+05	1.077912e+05	5.759207e+04	5.713457e+04	3.029972e+02	3.515707e+01	2020	7	19	12
	483	1109	-112.078196	14.015606	1.005798e+05	1.629657e+01	1.082489e+05	1.079733e+05	5.783127e+04	5.734438e+04	3.030685e+02	3.494993e+01	2020	7	19	18
	479	1123	-112.640695	15.328104	1.002881e+05	1.617986e+01	1.082506e+05	1.078210e+05	5.772480e+04	5.715295e+04	3.029637e+02	2.589821e+01	2020	7	20	0
	475	1130	-113.203195	15.984353	1.005964e+05	1.713346e+01	1.084172e+05	1.080843e+05	5.798282e+04	5.739714e+04	3.028227e+02	2.753091e+01	2020	7	20	6
	473	1140	-113.484444	16.921851	1.003479e+05	1.606284e+01	1.082228e+05	1.077439e+05	5.777543e+04	5.711357e+04	3.021571e+02	2.534213e+01	2020	7	20	12
	467	1152	-114.328193	18.046850	1.005441e+05	1.584359e+01	1.084362e+05	1.079644e+05	5.809542e+04	5.726787e+04	3.020540e+02	1.859066e+01	2020	7	20	18
	456	1154	-115.875067	18.234350	1.002654e+05	1.722976e+01	1.083475e+05	1.078243e+05	5.790622e+04	5.705612e+04	3.019769e+02	1.175271e+01	2020	7	21	0
	452	1164	-116.437566	19.171848	1.004998e+05	1.719434e+01	1.084870e+05	1.080203e+05	5.815511e+04	5.724362e+04	3.016118e+02	1.268119e+01	2020	7	21	6
	443	1169	-117.703190	19.640598	1.002498e+05	1.473522e+01	1.082406e+05	1.077499e+05	5.795097e+04	5.703270e+04	3.014189e+02	8.831530e+00	2020	7	21	12
	433	1176	-119.109438	20.296847	1.004751e+05	1.489559e+01	1.084407e+05	1.080278e+05	5.812554e+04	5.723149e+04	3.007675e+02	2.894466e+00	2020	7	21	18
	424	1176	-120.375062	20.296847	1.003050e+05	1.328178e+01	1.083722e+05	1.079726e+05	5.799336e+04	5.709142e+04	3.003602e+02	2.797296e+00	2020	7	22	0
	416	1183	-121.500061	20.953096	1.005500e+05	1.328232e+01	1.085393e+05	1.081762e+05	5.816249e+04	5.738577e+04	2.998415e+02	3.212668e+00	2020	7	22	6
	409	1185	-122.484435	21.140596	1.003943e+05	1.392838e+01	1.082113e+05	1.079058e+05	5.795146e+04	5.723428e+04	2.994406e+02	3.101347e+00	2020	7	22	12
	400	1188	-123.750059	21.421845	1.006002e+05	1.408037e+01	1.083747e+05	1.080694e+05	5.811011e+04	5.749579e+04	2.994254e+02	1.530268e+00	2020	7	22	18
	396	1188	-124.312558	21.421845	1.004903e+05	1.335738e+01	1.082859e+05	1.080410e+05	5.798693e+04	5.749166e+04	2.997985e+02	1.866014e+00	2020	7	23	0
start	26	2020	7	22	12
	523	1097	-106.453202	12.890607	1.006357e+05	1.131452e+01	1.080157e+05	1.077656e+05	5.767673e+04	5.727666e+04	3.028716e+02	3.062543e+01	2020	7	22	12
	519	1097	-107.015701	12.890607	1.007653e+05	1.111598e+01	1.081732e+05	1.079629e+05	5.784337e+04	5.740505e+04	3.030018e+02	2.589043e+01	2020	7	22	18
	515	1099	-107.578200	13.078107	1.004693e+05	1.234821e+01	1.079981e+05	1.077940e+05	5.765852e+04	5.715142e+04	3.033313e+02	1.974963e+01	2020	7	23	0
	508	1104	-108.562574	13.546856	1.006622e+05	1.267982e+01	1.081506e+05	1.079680e+05	5.784928e+04	5.733732e+04	3.026597e+02	2.967649e+01	2020	7	23	6
	504	1109	-109.125074	14.015606	1.003549e+05	1.202488e+01	1.079382e+05	1.077134e+05	5.766419e+04	5.716945e+04	3.025971e+02	2.691022e+01	2020	7	23	12
	497	1116	-110.109448	14.671855	1.005063e+05	1.351730e+01	1.081813e+05	1.079625e+05	5.784818e+04	5.737269e+04	3.025955e+02	2.645017e+01	2020	7	23	18
	491	1118	-110.953197	14.859354	1.001898e+05	1.428493e+01	1.080408e+05	1.078232e+05	5.769238e+04	5.710746e+04	3.025871e+02	2.099546e+01	2020	7	24	0
	484	1123	-111.937571	15.328104	1.003741e+05	1.310909e+01	1.082106e+05	1.080033e+05	5.786338e+04	5.734908e+04	3.025634e+02	2.917046e+01	2020	7	24	6
	478	1126	-112.781320	15.609353	1.000198e+05	1.384247e+01	1.079768e+05	1.077650e+05	5.762798e+04	5.706504e+04	3.024942e+02	3.036629e+01	2020	7	24	12
	474	1128	-113.343819	15.796853	1.001878e+05	1.761304e+01	1.082013e+05	1.079892e+05	5.781354e+04	5.723113e+04	3.024978e+02	2.841641e+01	2020	7	24	18
	467	1133	-114.328193	16.265602	9.981539e+04	1.863535e+01	1.080661e+05	1.077776e+05	5.768430e+04	5.691600e+04	3.023188e+02	2.209493e+01	2020	7	25	0
	466	1135	-114.468818	16.453102	1.000078e+05	1.696192e+01	1.082265e+05	1.078513e+05	5.786921e+04	5.703810e+04	3.021700e+02	2.072407e+01	2020	7	25	6
	457	1149	-115.734442	17.765600	9.967288e+04	1.904200e+01	1.080346e+05	1.076173e+05	5.770749e+04	5.663252e+04	3.018785e+02	2.215013e+01	2020	7	25	12
	450	1154	-116.718816	18.234350	9.971752e+04	1.953512e+01	1.082707e+05	1.077326e+05	5.788185e+04	5.672684e+04	3.019085e+02	1.837585e+01	2020	7	25	18
	448	1157	-117.000066	18.515599	9.930684e+04	2.060963e+01	1.081684e+05	1.075538e+05	5.777721e+04	5.667288e+04	3.019153e+02	1.058571e+01	2020	7	26	0
	445	1162	-117.421940	18.984349	9.972180e+04	1.831713e+01	1.083875e+05	1.078610e+05	5.794132e+04	5.722261e+04	3.018401e+02	8.140394e+00	2020	7	26	6
	440	1164	-118.125064	19.171848	9.960655e+04	1.786214e+01	1.081186e+05	1.077062e+05	5.766962e+04	5.702530e+04	3.015381e+02	4.457819e+00	2020	7	26	12
	439	1166	-118.265689	19.359348	9.993905e+04	1.638197e+01	1.082713e+05	1.079357e+05	5.787926e+04	5.725835e+04	3.010795e+02	9.181449e-01	2020	7	26	18
	437	1173	-118.546939	20.015597	9.982856e+04	1.380974e+01	1.081681e+05	1.078666e+05	5.777177e+04	5.720038e+04	3.004875e+02	8.447958e-01	2020	7	27	0
	436	1178	-118.687564	20.484347	1.001491e+05	1.200677e+01	1.083192e+05	1.080046e+05	5.789029e+04	5.738619e+04	3.001247e+02	1.280174e+00	2020	7	27	6
	431	1183	-119.390688	20.953096	1.000761e+05	1.073954e+01	1.079925e+05	1.076827e+05	5.768576e+04	5.717331e+04	2.999074e+02	1.480072e+00	2020	7	27	12
	424	1186	-120.375062	21.234345	1.003323e+05	1.042266e+01	1.081387e+05	1.078835e+05	5.783945e+04	5.736786e+04	2.996563e+02	1.051438e+00	2020	7	27	18
	422	1186	-120.656312	21.234345	1.001888e+05	1.131068e+01	1.080200e+05	1.077583e+05	5.773573e+04	5.724702e+04	3.003401e+02	1.119693e+00	2020	7	28	0
	417	1188	-121.359436	21.421845	1.004795e+05	1.038805e+01	1.081834e+05	1.079275e+05	5.786325e+04	5.741982e+04	2.995098e+02	1.091378e+00	2020	7	28	6
	409	1188	-122.484435	21.421845	1.003907e+05	1.064623e+01	1.078587e+05	1.076838e+05	5.764752e+04	5.718863e+04	2.995522e+02	1.148691e+00	2020	7	28	12
	404	1188	-123.187559	21.421845	1.006275e+05	1.074240e+01	1.080672e+05	1.078717e+05	5.782033e+04	5.741542e+04	2.996087e+02	5.283620e-01	2020	7	28	18
start	45	2020	7	24	6
	2262	1135	138.093419	16.453102	1.005641e+05	8.695986e+00	1.080140e+05	1.076654e+05	5.767144e+04	5.720514e+04	3.036143e+02	2.407716e+01	2020	7	24	6
	2257	1135	137.390294	16.453102	1.007219e+05	9.886662e+00	1.081615e+05	1.078576e+05	5.784881e+04	5.739311e+04	3.029317e+02	2.370799e+01	2020	7	24	12
	2257	1132	137.390294	16.171853	1.004436e+05	1.058011e+01	1.078813e+05	1.076672e+05	5.763541e+04	5.722223e+04	3.027453e+02	2.350854e+01	2020	7	24	18
	2256	1133	137.249669	16.265602	1.005406e+05	1.072227e+01	1.080570e+05	1.078408e+05	5.776411e+04	5.734856e+04	3.027436e+02	2.182651e+01	2020	7	25	0
	2252	1133	136.687170	16.265602	1.003281e+05	1.068255e+01	1.080648e+05	1.077794e+05	5.766206e+04	5.721579e+04	3.037548e+02	2.404303e+01	2020	7	25	6
	2250	1133	136.405920	16.265602	1.004552e+05	1.142330e+01	1.082317e+05	1.079467e+05	5.777986e+04	5.724937e+04	3.029665e+02	2.417395e+01	2020	7	25	12
	2247	1140	135.984046	16.921851	1.002072e+05	1.308500e+01	1.081176e+05	1.077672e+05	5.768107e+04	5.708961e+04	3.027643e+02	2.552068e+01	2020	7	25	18
	2244	1142	135.562171	17.109351	1.003640e+05	1.322626e+01	1.082260e+05	1.079149e+05	5.781616e+04	5.725891e+04	3.027256e+02	2.653773e+01	2020	7	26	0
	2240	1142	134.999672	17.109351	1.001234e+05	1.302258e+01	1.081992e+05	1.078234e+05	5.771500e+04	5.709529e+04	3.034559e+02	2.891654e+01	2020	7	26	6
	2233	1147	134.015298	17.578101	1.002108e+05	1.442854e+01	1.083001e+05	1.079756e+05	5.787350e+04	5.716907e+04	3.029445e+02	2.857461e+01	2020	7	26	12
	2228	1150	133.312174	17.859350	9.992635e+04	1.533692e+01	1.081328e+05	1.077576e+05	5.769943e+04	5.693970e+04	3.027036e+02	2.609740e+01	2020	7	26	18
	2223	1157	132.609049	18.515599	1.000042e+05	1.536090e+01	1.082146e+05	1.078853e+05	5.781791e+04	5.704513e+04	3.027511e+02	3.024529e+01	2020	7	27	0
	2211	1157	130.921551	18.515599	9.972708e+04	1.467937e+01	1.081189e+05	1.077367e+05	5.769369e+04	5.687391e+04	3.030511e+02	3.637852e+01	2020	7	27	6
	2205	1149	130.077802	17.765600	9.966120e+04	1.516953e+01	1.081880e+05	1.077949e+05	5.765138e+04	5.686859e+04	3.028333e+02	4.026413e+01	2020	7	27	12
	2206	1157	130.218427	18.515599	9.939526e+04	1.616666e+01	1.079991e+05	1.076259e+05	5.752278e+04	5.664618e+04	3.028232e+02	4.577240e+01	2020	7	27	18
	2200	1159	129.374678	18.703099	9.937360e+04	1.871063e+01	1.080948e+05	1.076830e+05	5.751011e+04	5.665505e+04	3.029008e+02	4.762880e+01	2020	7	28	0
	2199	1162	129.234053	18.984349	9.907834e+04	1.914832e+01	1.079611e+05	1.075358e+05	5.734923e+04	5.642627e+04	3.030440e+02	4.835070e+01	2020	7	28	6
	2198	1173	129.093428	20.015597	9.908240e+04	1.990773e+01	1.081359e+05	1.076750e+05	5.753409e+04	5.645352e+04	3.030277e+02	5.000758e+01	2020	7	28	12
	2193	1180	128.390304	20.671846	9.878711e+04	2.015218e+01	1.079307e+05	1.074966e+05	5.736062e+04	5.618921e+04	3.032274e+02	5.334326e+01	2020	7	28	18
	2195	1192	128.671553	21.796845	9.873806e+04	2.119739e+01	1.080712e+05	1.075268e+05	5.750325e+04	5.620365e+04	3.031853e+02	5.116970e+01	2020	7	29	0
	2186	1200	127.405930	22.546844	9.839745e+04	2.286181e+01	1.080507e+05	1.073468e+05	5.723549e+04	5.595284e+04	3.035410e+02	4.859140e+01	2020	7	29	6
	2186	1207	127.405930	23.203093	9.834677e+04	2.095017e+01	1.081805e+05	1.073389e+05	5.731480e+04	5.587573e+04	3.032394e+02	3.907906e+01	2020	7	29	12
	2180	1214	126.562181	23.859342	9.809637e+04	1.962594e+01	1.080268e+05	1.071570e+05	5.716048e+04	5.565602e+04	3.031672e+02	3.856555e+01	2020	7	29	18
	2180	1221	126.562181	24.515591	9.818855e+04	1.930757e+01	1.082088e+05	1.073319e+05	5.730168e+04	5.582892e+04	3.030487e+02	3.810765e+01	2020	7	30	0
	2180	1226	126.562181	24.984340	9.806416e+04	2.140819e+01	1.082641e+05	1.073904e+05	5.725014e+04	5.576866e+04	3.028930e+02	3.817301e+01	2020	7	30	6
	2183	1236	126.984055	25.921839	9.817850e+04	2.267139e+01	1.084001e+05	1.074825e+05	5.742059e+04	5.592351e+04	9.999000e+03	3.351293e+01	2020	7	30	12
	2181	1245	126.702805	26.765588	9.805393e+04	2.275327e+01	1.082873e+05	1.073799e+05	5.732518e+04	5.583212e+04	9.999000e+03	3.558766e+01	2020	7	30	18
	2178	1255	126.280931	27.703087	9.809403e+04	2.333814e+01	1.083190e+05	1.074904e+05	5.740542e+04	5.592484e+04	9.999000e+03	3.269156e+01	2020	7	31	0
	2175	1259	125.859056	28.078086	9.787552e+04	2.079771e+01	1.082544e+05	1.073658e+05	5.727134e+04	5.572655e+04	3.028087e+02	3.381639e+01	2020	7	31	6
	2172	1263	125.437182	28.453085	9.788891e+04	2.166129e+01	1.083239e+05	1.074817e+05	5.735102e+04	5.576416e+04	3.027776e+02	3.487138e+01	2020	7	31	12
	2170	1264	125.155932	28.546835	9.767099e+04	2.411134e+01	1.081462e+05	1.073511e+05	5.718139e+04	5.558894e+04	3.026698e+02	4.318715e+01	2020	7	31	18
	2169	1267	125.015307	28.828085	9.765730e+04	2.376301e+01	1.082537e+05	1.073749e+05	5.717485e+04	5.559540e+04	3.025428e+02	3.992490e+01	2020	8	1	0
	2169	1269	125.015307	29.015585	9.745502e+04	2.260951e+01	1.081892e+05	1.073094e+05	5.708728e+04	5.547018e+04	3.023684e+02	3.071122e+01	2020	8	1	6
	2172	1276	125.437182	29.671834	9.752270e+04	2.108789e+01	1.082992e+05	1.073991e+05	5.720157e+04	5.558964e+04	3.022942e+02	2.916904e+01	2020	8	1	12
	2172	1279	125.437182	29.953083	9.752270e+04	2.211116e+01	1.081622e+05	1.073582e+05	5.709389e+04	5.557828e+04	3.021913e+02	3.120532e+01	2020	8	1	18
	2174	1291	125.718431	31.078082	9.762673e+04	2.415865e+01	1.082734e+05	1.074300e+05	5.719010e+04	5.566600e+04	3.020140e+02	2.916113e+01	2020	8	2	0
	2177	1300	126.140306	31.921831	9.760931e+04	2.388882e+01	1.083488e+05	1.074981e+05	5.727306e+04	5.569413e+04	9.999000e+03	2.815703e+01	2020	8	2	6
	2176	1315	125.999681	33.328079	9.774517e+04	2.417995e+01	1.085060e+05	1.076642e+05	5.735831e+04	5.584294e+04	9.999000e+03	3.250059e+01	2020	8	2	12
	2176	1322	125.999681	33.984328	9.777239e+04	2.225707e+01	1.084026e+05	1.075137e+05	5.725746e+04	5.580650e+04	9.999000e+03	3.598164e+01	2020	8	2	18
	2177	1336	126.140306	35.296826	9.792926e+04	2.146266e+01	1.084603e+05	1.074764e+05	5.735788e+04	5.591869e+04	9.999000e+03	3.466719e+01	2020	8	3	0
	2178	1353	126.280931	36.890574	9.809423e+04	1.700209e+01	1.085090e+05	1.074502e+05	5.726895e+04	5.602072e+04	9.999000e+03	3.293602e+01	2020	8	3	6
	2182	1356	126.843430	37.171823	9.842115e+04	1.617198e+01	1.086811e+05	1.075787e+05	5.754977e+04	5.623691e+04	9.999000e+03	1.998436e+01	2020	8	3	12
	2193	1375	128.390304	38.953071	9.871346e+04	1.696679e+01	1.086498e+05	1.072906e+05	5.748558e+04	5.623320e+04	9.999000e+03	1.817196e+01	2020	8	3	18
	2201	1389	129.515302	40.265569	9.919558e+04	1.566854e+01	1.087037e+05	1.069893e+05	5.763435e+04	5.634520e+04	9.999000e+03	1.525363e+01	2020	8	4	0
	2216	1406	131.624675	41.859317	9.931429e+04	1.289971e+01	1.087625e+05	1.064510e+05	5.768670e+04	5.629675e+04	9.999000e+03	1.523540e+01	2020	8	4	6
start	37	2020	7	31	6
	512	1149	-108.000075	17.765600	1.004544e+05	1.332992e+01	1.084442e+05	1.080556e+05	5.788601e+04	5.740447e+04	3.030649e+02	3.414986e+01	2020	7	31	6
	506	1152	-108.843824	18.046850	1.001910e+05	1.508004e+01	1.082317e+05	1.077825e+05	5.770243e+04	5.716167e+04	3.025934e+02	2.601883e+01	2020	7	31	12
	497	1159	-110.109448	18.703099	1.003506e+05	1.510629e+01	1.084248e+05	1.079934e+05	5.791880e+04	5.734359e+04	3.022731e+02	1.600986e+01	2020	7	31	18
	493	1159	-110.671947	18.703099	1.000809e+05	1.512772e+01	1.083243e+05	1.078584e+05	5.777440e+04	5.717209e+04	3.022473e+02	1.700316e+01	2020	8	1	0
	491	1158	-110.953197	18.609349	1.002415e+05	1.772865e+01	1.083822e+05	1.080068e+05	5.787762e+04	5.734630e+04	3.019024e+02	1.884888e+01	2020	8	1	6
	485	1169	-111.796946	19.640598	9.995841e+04	1.877252e+01	1.082038e+05	1.078170e+05	5.776604e+04	5.710785e+04	3.015669e+02	1.729645e+01	2020	8	1	12
	478	1171	-112.781320	19.828097	1.000585e+05	1.928547e+01	1.083873e+05	1.079686e+05	5.793826e+04	5.724835e+04	3.014784e+02	1.207674e+01	2020	8	1	18
	474	1174	-113.343819	20.109347	9.983034e+04	1.728229e+01	1.083287e+05	1.078371e+05	5.779437e+04	5.708891e+04	3.017226e+02	1.012188e+01	2020	8	2	0
	469	1178	-114.046944	20.484347	1.001061e+05	1.743376e+01	1.084132e+05	1.079972e+05	5.795429e+04	5.725072e+04	3.013803e+02	1.053591e+01	2020	8	2	6
	460	1181	-115.312567	20.765596	9.992192e+04	1.674905e+01	1.081391e+05	1.077100e+05	5.779195e+04	5.696940e+04	3.011889e+02	8.954955e+00	2020	8	2	12
	454	1181	-116.156317	20.765596	1.001173e+05	1.559018e+01	1.083123e+05	1.078034e+05	5.793757e+04	5.708969e+04	3.010317e+02	8.285348e+00	2020	8	2	18
	447	1183	-117.140691	20.953096	9.987022e+04	1.636152e+01	1.082214e+05	1.076472e+05	5.779813e+04	5.684486e+04	3.008492e+02	8.820280e+00	2020	8	3	0
	442	1185	-117.843815	21.140596	1.000696e+05	1.676139e+01	1.083356e+05	1.077848e+05	5.795190e+04	5.696611e+04	3.006741e+02	8.717118e+00	2020	8	3	6
	435	1188	-118.828189	21.421845	9.973041e+04	1.543092e+01	1.080505e+05	1.075340e+05	5.771268e+04	5.669388e+04	2.999494e+02	6.545759e+00	2020	8	3	12
	431	1191	-119.390688	21.703095	9.988296e+04	1.525105e+01	1.082151e+05	1.077525e+05	5.787451e+04	5.683784e+04	2.998078e+02	4.665699e+00	2020	8	3	18
	424	1193	-120.375062	21.890595	9.972194e+04	1.490750e+01	1.081120e+05	1.076472e+05	5.774121e+04	5.673940e+04	2.998193e+02	5.793884e+00	2020	8	4	0
	417	1193	-121.359436	21.890595	9.997480e+04	1.527143e+01	1.082641e+05	1.079424e+05	5.788070e+04	5.696833e+04	2.996750e+02	6.692703e+00	2020	8	4	6
	413	1193	-121.921936	21.890595	9.976684e+04	1.695394e+01	1.079710e+05	1.077066e+05	5.768074e+04	5.683757e+04	2.994414e+02	6.331057e+00	2020	8	4	12
	406	1195	-122.906309	22.078094	1.000778e+05	1.572397e+01	1.081686e+05	1.079380e+05	5.784721e+04	5.709917e+04	2.991311e+02	2.583782e+00	2020	8	4	18
	402	1195	-123.468809	22.078094	1.000101e+05	1.504225e+01	1.080730e+05	1.078321e+05	5.774048e+04	5.701030e+04	2.992369e+02	2.537872e+00	2020	8	5	0
	398	1195	-124.031308	22.078094	1.002769e+05	1.393815e+01	1.082390e+05	1.080247e+05	5.788130e+04	5.721828e+04	2.992388e+02	3.233660e+00	2020	8	5	6
	393	1198	-124.734433	22.359344	1.001645e+05	1.449217e+01	1.079436e+05	1.077682e+05	5.768835e+04	5.708434e+04	2.989820e+02	3.900358e+00	2020	8	5	12
	390	1196	-125.156307	22.171844	1.003842e+05	1.404435e+01	1.080871e+05	1.079050e+05	5.782320e+04	5.728820e+04	2.992322e+02	1.462243e+00	2020	8	5	18
	387	1198	-125.578182	22.359344	1.002671e+05	1.373356e+01	1.079432e+05	1.077509e+05	5.770714e+04	5.716115e+04	2.990652e+02	1.829204e+00	2020	8	6	0
	382	1198	-126.281306	22.359344	1.005151e+05	1.341890e+01	1.080822e+05	1.078767e+05	5.784607e+04	5.737545e+04	2.986334e+02	3.013344e+00	2020	8	6	6
	376	1198	-127.125055	22.359344	1.003721e+05	1.320846e+01	1.077840e+05	1.075974e+05	5.763232e+04	5.718594e+04	2.983913e+02	3.984691e+00	2020	8	6	12
	371	1200	-127.828179	22.546844	1.006000e+05	1.360674e+01	1.079431e+05	1.077012e+05	5.780281e+04	5.737435e+04	2.979963e+02	2.564198e+00	2020	8	6	18
	365	1200	-128.671928	22.546844	1.004843e+05	1.360006e+01	1.078598e+05	1.075284e+05	5.771856e+04	5.727745e+04	2.984919e+02	2.159372e+00	2020	8	7	0
	358	1203	-129.656302	22.828093	1.007666e+05	1.274039e+01	1.079994e+05	1.076363e+05	5.788354e+04	5.745830e+04	2.978528e+02	3.247361e+00	2020	8	7	6
	351	1207	-130.640676	23.203093	1.006256e+05	1.317052e+01	1.077643e+05	1.073841e+05	5.773098e+04	5.726017e+04	2.972094e+02	2.844230e+00	2020	8	7	12
	342	1210	-131.906300	23.484342	1.009135e+05	1.305308e+01	1.079410e+05	1.075309e+05	5.791209e+04	5.747889e+04	2.969543e+02	1.714344e+00	2020	8	7	18
	333	1210	-133.171924	23.484342	1.008128e+05	1.372945e+01	1.078649e+05	1.073852e+05	5.785302e+04	5.739177e+04	2.974809e+02	2.311626e+00	2020	8	8	0
	324	1212	-134.437547	23.671842	1.010970e+05	1.247810e+01	1.080000e+05	1.075201e+05	5.798066e+04	5.756555e+04	2.966776e+02	3.097821e+00	2020	8	8	6
	313	1217	-135.984421	24.140591	1.009956e+05	1.353735e+01	1.078058e+05	1.072653e+05	5.785092e+04	5.740151e+04	2.966180e+02	3.050845e+00	2020	8	8	12
	303	1219	-137.390669	24.328091	1.012890e+05	1.269285e+01	1.079052e+05	1.074578e+05	5.801963e+04	5.760049e+04	2.966309e+02	1.537773e+00	2020	8	8	18
	296	1222	-138.375043	24.609341	1.011979e+05	1.229459e+01	1.078702e+05	1.073301e+05	5.797677e+04	5.752509e+04	2.973079e+02	2.060801e+00	2020	8	9	0
	286	1224	-139.781292	24.796841	1.014128e+05	1.293218e+01	1.079163e+05	1.074722e+05	5.808242e+04	5.764811e+04	2.968524e+02	2.187397e+00	2020	8	9	6
start	41	2020	8	1	12
	798	1164	-67.781367	19.171848	1.009931e+05	1.548399e+01	1.082016e+05	1.077385e+05	5.813114e+04	5.755462e+04	9.999000e+03	1.845674e+01	2020	8	1	12
	791	1176	-68.765741	20.296847	1.009539e+05	1.774007e+01	1.082149e+05	1.078250e+05	5.818845e+04	5.747216e+04	9.999000e+03	2.093225e+01	2020	8	1	18
	782	1178	-70.031365	20.484347	1.008304e+05	1.723209e+01	1.082344e+05	1.078174e+05	5.810703e+04	5.736261e+04	9.999000e+03	1.515010e+01	2020	8	2	0
	777	1185	-70.734489	21.140596	1.007282e+05	1.842417e+01	1.081191e+05	1.078256e+05	5.808351e+04	5.736652e+04	9.999000e+03	1.648841e+01	2020	8	2	6
	767	1188	-72.140737	21.421845	1.006969e+05	1.754393e+01	1.081344e+05	1.078155e+05	5.803184e+04	5.742501e+04	9.999000e+03	1.450664e+01	2020	8	2	12
	761	1193	-72.984487	21.890595	1.006485e+05	1.672157e+01	1.080957e+05	1.078326e+05	5.801874e+04	5.742031e+04	9.999000e+03	1.918445e+01	2020	8	2	18
	756	1197	-73.687611	22.265594	1.004804e+05	1.783595e+01	1.080187e+05	1.078231e+05	5.792999e+04	5.732396e+04	9.999000e+03	1.495789e+01	2020	8	3	0
	751	1205	-74.390735	23.015593	1.003835e+05	1.877769e+01	1.080247e+05	1.077928e+05	5.791427e+04	5.731314e+04	3.037788e+02	1.316449e+01	2020	8	3	6
	749	1207	-74.671985	23.203093	1.002866e+05	1.977160e+01	1.079974e+05	1.077262e+05	5.789798e+04	5.727349e+04	3.032779e+02	1.663354e+01	2020	8	3	12
	746	1216	-75.093859	24.046842	1.002182e+05	2.017670e+01	1.080618e+05	1.078039e+05	5.790129e+04	5.722830e+04	3.038190e+02	1.670932e+01	2020	8	3	18
	743	1224	-75.515734	24.796841	9.999802e+04	2.031021e+01	1.079874e+05	1.077837e+05	5.790741e+04	5.728104e+04	9.999000e+03	1.121354e+01	2020	8	4	0
	740	1233	-75.937608	25.640589	1.000939e+05	2.041219e+01	1.080346e+05	1.077230e+05	5.789168e+04	5.736264e+04	9.999000e+03	1.441809e+01	2020	8	4	6
	739	1243	-76.078233	26.578088	1.000363e+05	2.054037e+01	1.080286e+05	1.075939e+05	5.794522e+04	5.731806e+04	9.999000e+03	2.025440e+01	2020	8	4	12
	741	1253	-75.796984	27.515587	9.992352e+04	2.252894e+01	1.080444e+05	1.075581e+05	5.795875e+04	5.726156e+04	9.999000e+03	2.007302e+01	2020	8	4	18
	743	1262	-75.515734	28.359336	9.951267e+04	2.403203e+01	1.080531e+05	1.074104e+05	5.793690e+04	5.705411e+04	3.031715e+02	1.562400e+01	2020	8	5	0
	745	1274	-75.234484	29.484334	9.957462e+04	2.311979e+01	1.080883e+05	1.071324e+05	5.787018e+04	5.712760e+04	3.028372e+02	2.261040e+01	2020	8	5	6
	749	1284	-74.671985	30.421833	9.944201e+04	2.449427e+01	1.079743e+05	1.069752e+05	5.784278e+04	5.700180e+04	3.024315e+02	3.119786e+01	2020	8	5	12
	752	1291	-74.250110	31.078082	9.897847e+04	2.587237e+01	1.080302e+05	1.071968e+05	5.780442e+04	5.660653e+04	3.021446e+02	2.453475e+01	2020	8	5	18
	754	1298	-73.968860	31.734331	9.867424e+04	2.611745e+01	1.078853e+05	1.072447e+05	5.781408e+04	5.638137e+04	3.020731e+02	1.956957e+01	2020	8	6	0
	754	1303	-73.968860	32.203080	9.914320e+04	2.197166e+01	1.079230e+05	1.072045e+05	5.781850e+04	5.653915e+04	3.019498e+02	1.812803e+01	2020	8	6	6
	752	1306	-74.250110	32.484330	9.917204e+04	2.204627e+01	1.078706e+05	1.072094e+05	5.786609e+04	5.644328e+04	3.020185e+02	1.921254e+01	2020	8	6	12
	752	1307	-74.250110	32.578080	9.905032e+04	2.402308e+01	1.079612e+05	1.072062e+05	5.789548e+04	5.642132e+04	3.020645e+02	1.781016e+01	2020	8	6	18
	749	1308	-74.671985	32.671830	9.902016e+04	2.336949e+01	1.080923e+05	1.073531e+05	5.794516e+04	5.638717e+04	3.022340e+02	1.436499e+01	2020	8	7	0
	749	1310	-74.671985	32.859329	9.915298e+04	2.334736e+01	1.079652e+05	1.073259e+05	5.805909e+04	5.640157e+04	3.021986e+02	1.872440e+01	2020	8	7	6
	745	1310	-75.234484	32.859329	9.900591e+04	2.457719e+01	1.081676e+05	1.073064e+05	5.814600e+04	5.629455e+04	3.026509e+02	1.491999e+01	2020	8	7	12
	737	1309	-76.359483	32.765579	9.892026e+04	2.567694e+01	1.083908e+05	1.071648e+05	5.830866e+04	5.616490e+04	9.999000e+03	1.288135e+01	2020	8	7	18
	727	1307	-77.765732	32.578080	9.895367e+04	2.506226e+01	1.085043e+05	1.074913e+05	5.835525e+04	5.610674e+04	9.999000e+03	1.181028e+01	2020	8	8	0
	717	1304	-79.171980	32.296830	9.910695e+04	2.443140e+01	1.084686e+05	1.076964e+05	5.833958e+04	5.637956e+04	9.999000e+03	1.203008e+01	2020	8	8	6
	707	1305	-80.578229	32.390580	9.966174e+04	2.129756e+01	1.084575e+05	1.077216e+05	5.830094e+04	5.677060e+04	9.999000e+03	8.499305e+00	2020	8	8	12
	697	1305	-81.984477	32.390580	1.001498e+05	1.458431e+01	1.085273e+05	1.079687e+05	5.833793e+04	5.719871e+04	9.999000e+03	1.237821e+01	2020	8	8	18
	690	1308	-82.968851	32.671830	1.002709e+05	1.070437e+01	1.084500e+05	1.079882e+05	5.821279e+04	5.728022e+04	9.999000e+03	9.057460e+00	2020	8	9	0
	681	1313	-84.234475	33.140579	1.005439e+05	1.120990e+01	1.083768e+05	1.080741e+05	5.814962e+04	5.743938e+04	9.999000e+03	6.763705e+00	2020	8	9	6
	678	1315	-84.656349	33.328079	1.007044e+05	9.557905e+00	1.082845e+05	1.078682e+05	5.815987e+04	5.752774e+04	9.999000e+03	8.625995e+00	2020	8	9	12
	678	1322	-84.656349	33.984328	1.007400e+05	9.131413e+00	1.083632e+05	1.076118e+05	5.819366e+04	5.759518e+04	9.999000e+03	1.139667e+01	2020	8	9	18
	683	1327	-83.953225	34.453077	1.007972e+05	8.267069e+00	1.083883e+05	1.072849e+05	5.818219e+04	5.755176e+04	9.999000e+03	1.162242e+01	2020	8	10	0
	691	1332	-82.828226	34.921826	1.008296e+05	9.083097e+00	1.083230e+05	1.066963e+05	5.825693e+04	5.731870e+04	9.999000e+03	8.750668e+00	2020	8	10	6
	699	1337	-81.703227	35.390576	1.007881e+05	6.798687e+00	1.082806e+05	1.063670e+05	5.819713e+04	5.710888e+04	9.999000e+03	1.063184e+01	2020	8	10	12
	717	1337	-79.171980	35.390576	1.008394e+05	1.458995e+01	1.083237e+05	1.063446e+05	5.831060e+04	5.702114e+04	9.999000e+03	1.028553e+01	2020	8	10	18
	737	1349	-76.359483	36.515574	1.007077e+05	1.548770e+01	1.083777e+05	1.058608e+05	5.831671e+04	5.676723e+04	9.999000e+03	1.017303e+01	2020	8	11	0
	754	1353	-73.968860	36.890574	1.007303e+05	1.596276e+01	1.083826e+05	1.056422e+05	5.831164e+04	5.662920e+04	9.999000e+03	1.011688e+01	2020	8	11	6
	777	1363	-70.734489	37.828072	1.008109e+05	1.719715e+01	1.084058e+05	1.054058e+05	5.838382e+04	5.652209e+04	3.013408e+02	1.041744e+01	2020	8	11	12
start	66	2020	8	12	18
	2240	1142	134.999672	17.109351	1.001508e+05	9.251781e+00	1.080161e+05	1.078533e+05	5.745448e+04	5.717608e+04	3.030111e+02	1.604535e+01	2020	8	12	18
	2237	1152	134.577797	18.046850	1.002814e+05	9.751686e+00	1.081798e+05	1.079686e+05	5.759105e+04	5.727639e+04	3.029911e+02	1.547550e+01	2020	8	13	0
	2241	1148	135.140297	17.671850	1.000920e+05	1.026138e+01	1.080914e+05	1.078730e+05	5.750552e+04	5.709530e+04	3.039387e+02	2.529276e+01	2020	8	13	6
	2240	1150	134.999672	17.859350	1.002354e+05	1.048670e+01	1.082909e+05	1.080400e+05	5.764542e+04	5.717068e+04	3.030530e+02	2.406875e+01	2020	8	13	12
	2243	1157	135.421546	18.515599	1.000302e+05	1.149666e+01	1.081050e+05	1.078827e+05	5.751504e+04	5.698481e+04	3.029558e+02	2.396115e+01	2020	8	13	18
	2243	1159	135.421546	18.703099	1.001552e+05	1.183932e+01	1.082683e+05	1.080403e+05	5.769998e+04	5.715591e+04	3.029684e+02	2.312311e+01	2020	8	14	0
	2241	1162	135.140297	18.984349	9.994330e+04	1.197058e+01	1.082534e+05	1.079518e+05	5.763548e+04	5.693467e+04	3.031629e+02	2.236470e+01	2020	8	14	6
	2236	1160	134.437172	18.796849	9.998891e+04	1.314963e+01	1.083680e+05	1.080867e+05	5.774868e+04	5.701241e+04	3.029006e+02	2.176890e+01	2020	8	14	12
	2236	1160	134.437172	18.796849	9.974500e+04	1.464694e+01	1.082419e+05	1.079011e+05	5.760366e+04	5.682478e+04	3.028664e+02	2.563387e+01	2020	8	14	18
	2233	1163	134.015298	19.078098	9.977958e+04	1.527519e+01	1.083776e+05	1.080735e+05	5.771918e+04	5.690632e+04	3.028500e+02	2.537028e+01	2020	8	15	0
	2230	1166	133.593423	19.359348	9.952538e+04	1.507535e+01	1.083191e+05	1.078643e+05	5.761934e+04	5.667760e+04	3.028385e+02	2.364095e+01	2020	8	15	6
	2227	1168	133.171549	19.546848	9.949582e+04	1.593648e+01	1.084137e+05	1.079599e+05	5.773695e+04	5.670889e+04	3.027799e+02	2.394363e+01	2020	8	15	12
	2226	1171	133.030924	19.828097	9.918543e+04	1.717329e+01	1.082709e+05	1.078494e+05	5.758631e+04	5.653926e+04	3.027064e+02	2.805644e+01	2020	8	15	18
	2224	1176	132.749674	20.296847	9.919573e+04	1.747030e+01	1.084331e+05	1.079296e+05	5.768175e+04	5.663765e+04	3.026220e+02	2.551798e+01	2020	8	16	0
	2222	1181	132.468424	20.765596	9.893920e+04	1.770388e+01	1.083051e+05	1.077327e+05	5.755299e+04	5.640563e+04	3.026046e+02	2.703648e+01	2020	8	16	6
	2221	1183	132.327800	20.953096	9.898619e+04	1.845948e+01	1.084653e+05	1.078124e+05	5.771565e+04	5.648007e+04	3.025474e+02	2.806103e+01	2020	8	16	12
	2221	1188	132.327800	21.421845	9.866450e+04	1.980187e+01	1.083003e+05	1.076763e+05	5.751686e+04	5.628357e+04	3.025058e+02	2.976389e+01	2020	8	16	18
	2220	1192	132.187175	21.796845	9.860932e+04	2.016834e+01	1.083984e+05	1.077179e+05	5.760376e+04	5.622700e+04	3.025999e+02	3.060509e+01	2020	8	17	0
	2220	1197	132.187175	22.265594	9.814007e+04	2.094409e+01	1.082794e+05	1.074493e+05	5.742312e+04	5.586766e+04	3.026048e+02	2.786724e+01	2020	8	17	6
	2222	1202	132.468424	22.734343	9.806591e+04	2.214595e+01	1.084160e+05	1.075405e+05	5.756727e+04	5.585490e+04	3.025835e+02	2.421848e+01	2020	8	17	12
	2221	1204	132.327800	22.921843	9.786517e+04	2.207344e+01	1.081937e+05	1.074367e+05	5.735829e+04	5.571143e+04	3.024767e+02	2.851844e+01	2020	8	17	18
	2221	1207	132.327800	23.203093	9.785577e+04	2.394934e+01	1.082700e+05	1.074888e+05	5.746686e+04	5.576536e+04	3.024164e+02	2.970094e+01	2020	8	18	0
	2222	1210	132.468424	23.484342	9.755847e+04	2.385112e+01	1.082182e+05	1.073196e+05	5.728325e+04	5.552580e+04	3.025216e+02	2.680830e+01	2020	8	18	6
	2225	1210	132.890299	23.484342	9.751830e+04	2.371567e+01	1.082928e+05	1.073480e+05	5.740844e+04	5.552610e+04	3.026346e+02	2.443446e+01	2020	8	18	12
	2225	1210	132.890299	23.484342	9.735123e+04	2.310783e+01	1.080760e+05	1.071660e+05	5.721323e+04	5.533470e+04	3.025397e+02	2.855232e+01	2020	8	18	18
	2227	1210	133.171549	23.484342	9.727076e+04	2.369588e+01	1.081687e+05	1.071889e+05	5.733462e+04	5.529555e+04	3.025165e+02	3.108570e+01	2020	8	19	0
	2229	1210	133.452798	23.484342	9.679688e+04	2.486609e+01	1.080365e+05	1.068641e+05	5.716059e+04	5.491765e+04	3.025330e+02	2.750928e+01	2020	8	19	6
	2231	1210	133.734048	23.484342	9.688558e+04	2.700163e+01	1.081683e+05	1.069358e+05	5.735025e+04	5.499178e+04	3.025566e+02	2.884646e+01	2020	8	19	12
	2231	1210	133.734048	23.484342	9.667828e+04	2.534182e+01	1.080291e+05	1.067889e+05	5.714580e+04	5.486672e+04	3.024547e+02	2.985983e+01	2020	8	19	18
	2231	1214	133.734048	23.859342	9.684527e+04	2.489713e+01	1.081963e+05	1.069345e+05	5.729585e+04	5.494859e+04	3.024015e+02	3.071810e+01	2020	8	20	0
	2228	1219	133.312174	24.328091	9.675538e+04	2.478988e+01	1.081474e+05	1.069724e+05	5.719481e+04	5.487702e+04	3.022135e+02	2.659065e+01	2020	8	20	6
	2223	1219	132.609049	24.328091	9.696784e+04	2.450032e+01	1.083587e+05	1.071838e+05	5.735355e+04	5.512699e+04	3.022598e+02	2.046346e+01	2020	8	20	12
	2217	1224	131.765300	24.796841	9.696384e+04	2.588598e+01	1.082027e+05	1.071388e+05	5.722604e+04	5.515962e+04	3.022511e+02	2.502465e+01	2020	8	20	18
	2212	1229	131.062176	25.265590	9.708281e+04	2.594804e+01	1.083021e+05	1.072964e+05	5.739213e+04	5.532290e+04	3.022713e+02	2.600922e+01	2020	8	21	0
	2209	1231	130.640301	25.453090	9.694140e+04	2.581438e+01	1.082425e+05	1.070518e+05	5.731374e+04	5.515091e+04	3.024804e+02	2.640966e+01	2020	8	21	6
	2203	1233	129.796552	25.640589	9.690231e+04	2.695882e+01	1.084394e+05	1.071211e+05	5.741945e+04	5.512931e+04	9.999000e+03	2.608953e+01	2020	8	21	12
	2203	1236	129.796552	25.921839	9.666233e+04	2.682866e+01	1.082359e+05	1.069509e+05	5.727727e+04	5.494759e+04	9.999000e+03	2.857005e+01	2020	8	21	18
	2203	1238	129.796552	26.109339	9.672245e+04	2.575419e+01	1.083522e+05	1.070668e+05	5.742078e+04	5.497291e+04	9.999000e+03	3.300107e+01	2020	8	22	0
	2201	1239	129.515302	26.203089	9.642369e+04	2.739576e+01	1.082596e+05	1.069459e+05	5.728452e+04	5.472736e+04	9.999000e+03	3.252765e+01	2020	8	22	6
	2201	1239	129.515302	26.203089	9.641201e+04	2.710794e+01	1.083682e+05	1.070101e+05	5.745272e+04	5.481431e+04	9.999000e+03	2.888694e+01	2020	8	22	12
	2196	1239	128.812178	26.203089	9.638756e+04	2.907533e+01	1.082264e+05	1.069690e+05	5.734103e+04	5.480109e+04	9.999000e+03	3.251128e+01	2020	8	22	18
	2193	1237	128.390304	26.015589	9.649838e+04	2.769489e+01	1.082775e+05	1.071153e+05	5.739630e+04	5.489874e+04	9.999000e+03	3.760890e+01	2020	8	23	0
	2189	1232	127.827804	25.546839	9.627766e+04	2.796162e+01	1.082470e+05	1.069077e+05	5.728041e+04	5.472693e+04	9.999000e+03	3.433236e+01	2020	8	23	6
	2184	1230	127.124680	25.359340	9.633016e+04	2.903684e+01	1.084199e+05	1.069881e+05	5.745434e+04	5.479938e+04	9.999000e+03	3.251786e+01	2020	8	23	12
	2180	1231	126.562181	25.453090	9.625350e+04	2.876117e+01	1.083719e+05	1.068581e+05	5.736138e+04	5.471847e+04	9.999000e+03	3.822202e+01	2020	8	23	18
	2176	1228	125.999681	25.171840	9.636741e+04	2.853626e+01	1.083512e+05	1.069131e+05	5.734327e+04	5.477716e+04	3.024845e+02	4.353226e+01	2020	8	24	0
	2173	1229	125.577807	25.265590	9.618434e+04	3.004735e+01	1.082578e+05	1.068515e+05	5.728079e+04	5.466769e+04	3.025654e+02	4.406020e+01	2020	8	24	6
	2170	1227	125.155932	25.078090	9.610945e+04	3.268045e+01	1.083979e+05	1.069146e+05	5.734469e+04	5.473203e+04	3.024587e+02	4.215059e+01	2020	8	24	12
	2165	1231	124.452808	25.453090	9.606542e+04	3.011532e+01	1.082202e+05	1.068174e+05	5.718136e+04	5.463773e+04	3.025948e+02	4.844577e+01	2020	8	24	18
	2161	1233	123.890308	25.640589	9.605459e+04	3.163402e+01	1.082010e+05	1.069313e+05	5.720209e+04	5.473399e+04	9.999000e+03	5.065671e+01	2020	8	25	0
	2160	1238	123.749683	26.109339	9.592390e+04	3.256520e+01	1.081465e+05	1.068822e+05	5.715328e+04	5.460327e+04	3.026080e+02	4.467459e+01	2020	8	25	6
	2159	1240	123.609059	26.296838	9.616045e+04	3.121209e+01	1.082949e+05	1.070710e+05	5.730549e+04	5.477086e+04	3.024671e+02	4.018206e+01	2020	8	25	12
	2153	1250	122.765309	27.234337	9.644974e+04	3.055774e+01	1.082476e+05	1.071738e+05	5.719244e+04	5.493916e+04	9.999000e+03	4.570203e+01	2020	8	25	18
	2148	1260	122.062185	28.171836	9.683095e+04	2.839077e+01	1.084381e+05	1.074279e+05	5.736102e+04	5.528760e+04	9.999000e+03	4.780887e+01	2020	8	26	0
	2143	1267	121.359061	28.828085	9.733325e+04	2.531466e+01	1.084477e+05	1.076049e+05	5.728886e+04	5.554005e+04	9.999000e+03	4.432993e+01	2020	8	26	6
	2137	1276	120.515312	29.671834	9.775291e+04	2.344030e+01	1.086091e+05	1.078180e+05	5.746958e+04	5.583402e+04	9.999000e+03	3.076026e+01	2020	8	26	12
	2126	1286	118.968438	30.609332	9.819788e+04	1.386429e+01	1.085430e+05	1.079572e+05	5.740366e+04	5.606339e+04	9.999000e+03	2.566520e+01	2020	8	26	18
	2122	1288	118.405939	30.796832	9.857702e+04	1.092911e+01	1.086635e+05	1.080837e+05	5.753611e+04	5.633363e+04	9.999000e+03	2.450901e+01	2020	8	27	0
	2117	1296	117.702815	31.546831	9.878395e+04	1.037249e+01	1.087045e+05	1.080874e+05	5.755644e+04	5.650104e+04	9.999000e+03	2.859125e+01	2020	8	27	6
	2108	1305	116.437191	32.390580	9.894355e+04	1.168696e+01	1.087737e+05	1.081335e+05	5.761094e+04	5.665070e+04	9.999000e+03	2.256985e+01	2020	8	27	12
	2101	1307	115.452817	32.578080	9.908708e+04	1.111260e+01	1.086885e+05	1.080724e+05	5.753739e+04	5.667154e+04	9.999000e+03	2.498301e+01	2020	8	27	18
	2098	1313	115.030943	33.140579	9.926659e+04	1.116818e+01	1.087015e+05	1.080646e+05	5.762667e+04	5.680214e+04	9.999000e+03	2.362639e+01	2020	8	28	0
	2098	1315	115.030943	33.328079	9.941537e+04	9.153343e+00	1.088055e+05	1.081573e+05	5.768497e+04	5.694895e+04	9.999000e+03	2.084920e+01	2020	8	28	6
	2098	1327	115.030943	34.453077	9.968068e+04	8.204423e+00	1.089589e+05	1.082850e+05	5.783977e+04	5.715729e+04	9.999000e+03	2.002149e+01	2020	8	28	12
	2096	1343	114.749693	35.953075	9.982104e+04	8.268048e+00	1.089215e+05	1.080580e+05	5.780573e+04	5.720922e+04	9.999000e+03	2.440786e+01	2020	8	28	18
	2097	1358	114.890318	37.359323	9.997515e+04	7.216403e+00	1.088903e+05	1.078396e+05	5.794769e+04	5.731895e+04	9.999000e+03	2.316823e+01	2020	8	29	0
start	31	2020	8	15	6
	1794	1193	72.280987	21.890595	9.962912e+04	1.512516e+01	1.086631e+05	1.081152e+05	5.749296e+04	5.713496e+04	9.999000e+03	3.457590e+01	2020	8	15	6
	1795	1202	72.421612	22.734343	9.935770e+04	1.661348e+01	1.086429e+05	1.079826e+05	5.739660e+04	5.694729e+04	9.999000e+03	3.014461e+01	2020	8	15	12
	1797	1205	72.702862	23.015593	9.964024e+04	1.562282e+01	1.086890e+05	1.082357e+05	5.757354e+04	5.707870e+04	9.999000e+03	2.885852e+01	2020	8	15	18
	1799	1197	72.984111	22.265594	9.926477e+04	1.791233e+01	1.083396e+05	1.078318e+05	5.720215e+04	5.679550e+04	9.999000e+03	3.224644e+01	2020	8	16	0
	1787	1214	71.296613	23.859342	9.947709e+04	7.886607e+00	1.086468e+05	1.080897e+05	5.749082e+04	5.696477e+04	9.999000e+03	4.008314e+01	2020	8	16	6
	1787	1224	71.296613	24.796841	9.911218e+04	7.093636e+00	1.085416e+05	1.080144e+05	5.747382e+04	5.678324e+04	9.999000e+03	3.040197e+01	2020	8	16	12
	1783	1218	70.734114	24.234341	9.941694e+04	1.006038e+01	1.085658e+05	1.081907e+05	5.749563e+04	5.694102e+04	9.999000e+03	2.766621e+01	2020	8	16	18
	1763	1201	67.921617	22.640594	9.918461e+04	1.785668e+01	1.081990e+05	1.077734e+05	5.711074e+04	5.661085e+04	9.999000e+03	2.899675e+01	2020	8	17	0
	1765	1204	68.202866	22.921843	9.925841e+04	1.859349e+01	1.083392e+05	1.079241e+05	5.719759e+04	5.671355e+04	9.999000e+03	3.126652e+01	2020	8	17	6
	1768	1207	68.624741	23.203093	9.878851e+04	1.843418e+01	1.081981e+05	1.077384e+05	5.704549e+04	5.639700e+04	9.999000e+03	1.986913e+01	2020	8	17	12
	1772	1219	69.187240	24.328091	9.917408e+04	1.332579e+01	1.083248e+05	1.079853e+05	5.731849e+04	5.666662e+04	9.999000e+03	2.061568e+01	2020	8	17	18
	1760	1204	67.499742	22.921843	9.900138e+04	1.742517e+01	1.080303e+05	1.076735e+05	5.700512e+04	5.647945e+04	9.999000e+03	2.891069e+01	2020	8	18	0
	1761	1212	67.640367	23.671842	9.903104e+04	1.778425e+01	1.081789e+05	1.078760e+05	5.725345e+04	5.657318e+04	9.999000e+03	2.506404e+01	2020	8	18	6
	1755	1217	66.796618	24.140591	9.893580e+04	1.590499e+01	1.081758e+05	1.077761e+05	5.720888e+04	5.645680e+04	9.999000e+03	1.535317e+01	2020	8	18	12
	1748	1211	65.812244	23.578092	9.928277e+04	1.588106e+01	1.082541e+05	1.079826e+05	5.737778e+04	5.675396e+04	9.999000e+03	1.476450e+01	2020	8	18	18
	1749	1204	65.952869	22.921843	9.905370e+04	1.764739e+01	1.080361e+05	1.077271e+05	5.716973e+04	5.656958e+04	9.999000e+03	1.650072e+01	2020	8	19	0
	1749	1207	65.952869	23.203093	9.920918e+04	1.794900e+01	1.082580e+05	1.079615e+05	5.741015e+04	5.678858e+04	9.999000e+03	1.592380e+01	2020	8	19	6
	1746	1207	65.530994	23.203093	9.909376e+04	1.778410e+01	1.082704e+05	1.078751e+05	5.732266e+04	5.672237e+04	9.999000e+03	1.427963e+01	2020	8	19	12
	1744	1207	65.249744	23.203093	9.943084e+04	1.536080e+01	1.084114e+05	1.080997e+05	5.753141e+04	5.696124e+04	3.034489e+02	1.347099e+01	2020	8	19	18
	1739	1209	64.546620	23.390592	9.930923e+04	1.628368e+01	1.082070e+05	1.078454e+05	5.740016e+04	5.680302e+04	9.999000e+03	1.466579e+01	2020	8	20	0
	1734	1206	63.843496	23.109343	9.948473e+04	1.664951e+01	1.084827e+05	1.080859e+05	5.764842e+04	5.694929e+04	3.031141e+02	9.971110e+00	2020	8	20	6
	1731	1207	63.421621	23.203093	9.932961e+04	1.680155e+01	1.084491e+05	1.079979e+05	5.760712e+04	5.690253e+04	9.999000e+03	5.888972e+00	2020	8	20	12
	1727	1207	62.859122	23.203093	9.963633e+04	1.533486e+01	1.086206e+05	1.082300e+05	5.781214e+04	5.720117e+04	9.999000e+03	5.950302e+00	2020	8	20	18
	1721	1201	62.015373	22.640594	9.950937e+04	1.427501e+01	1.083899e+05	1.079364e+05	5.763477e+04	5.699304e+04	3.030313e+02	9.144677e+00	2020	8	21	0
	1719	1197	61.734123	22.265594	9.967665e+04	1.606111e+01	1.085868e+05	1.082309e+05	5.783787e+04	5.714285e+04	9.999000e+03	7.095464e+00	2020	8	21	6
	1719	1197	61.734123	22.265594	9.940051e+04	1.725899e+01	1.084813e+05	1.080426e+05	5.771257e+04	5.705982e+04	9.999000e+03	3.572858e+00	2020	8	21	12
	1719	1197	61.734123	22.265594	9.973655e+04	1.446579e+01	1.086275e+05	1.082528e+05	5.789680e+04	5.737285e+04	9.999000e+03	3.460725e+00	2020	8	21	18
	1718	1196	61.593498	22.171844	9.965432e+04	1.404584e+01	1.084146e+05	1.079687e+05	5.769421e+04	5.720977e+04	9.999000e+03	4.412802e+00	2020	8	22	0
	1716	1194	61.312249	21.984344	9.995929e+04	1.323529e+01	1.086348e+05	1.082316e+05	5.788655e+04	5.743883e+04	9.999000e+03	3.419989e+00	2020	8	22	6
	1713	1195	60.890374	22.078094	9.974966e+04	1.397484e+01	1.085136e+05	1.081192e+05	5.778464e+04	5.735241e+04	9.999000e+03	1.623461e+00	2020	8	22	12
	1712	1194	60.749749	21.984344	1.000641e+05	1.314738e+01	1.086566e+05	1.082906e+05	5.798328e+04	5.757334e+04	9.999000e+03	1.274409e+00	2020	8	22	18
start	40	2020	8	23	12
	309	1121	-136.546920	15.140604	1.006665e+05	1.219551e+01	1.082163e+05	1.079039e+05	5.784063e+04	5.743064e+04	3.019462e+02	2.160465e+01	2020	8	23	12
	296	1120	-138.375043	15.046854	1.008734e+05	1.255268e+01	1.083730e+05	1.081072e+05	5.799686e+04	5.760164e+04	3.020782e+02	2.108384e+01	2020	8	23	18
	291	1117	-139.078168	14.765604	1.005999e+05	1.272556e+01	1.082280e+05	1.078874e+05	5.784259e+04	5.733951e+04	3.023852e+02	2.309823e+01	2020	8	24	0
	288	1118	-139.500042	14.859354	1.008454e+05	1.245294e+01	1.083805e+05	1.080989e+05	5.800296e+04	5.750282e+04	3.020613e+02	2.435651e+01	2020	8	24	6
	276	1117	-141.187540	14.765604	1.005549e+05	1.476624e+01	1.081406e+05	1.078651e+05	5.780374e+04	5.727111e+04	3.018757e+02	2.504650e+01	2020	8	24	12
	272	1117	-141.750040	14.765604	1.006633e+05	1.624193e+01	1.083202e+05	1.080393e+05	5.796076e+04	5.734548e+04	3.018602e+02	2.111568e+01	2020	8	24	18
	264	1115	-142.875039	14.578105	1.003411e+05	1.467423e+01	1.081759e+05	1.078606e+05	5.780334e+04	5.711512e+04	3.018936e+02	1.898159e+01	2020	8	25	0
	257	1110	-143.859413	14.109355	1.004761e+05	1.459146e+01	1.082979e+05	1.080034e+05	5.789234e+04	5.722142e+04	3.018267e+02	2.053583e+01	2020	8	25	6
	251	1110	-144.703162	14.109355	1.001470e+05	1.495308e+01	1.080527e+05	1.077206e+05	5.771261e+04	5.692968e+04	3.016660e+02	2.284031e+01	2020	8	25	12
	244	1110	-145.687536	14.109355	1.002748e+05	1.651029e+01	1.081864e+05	1.079212e+05	5.785941e+04	5.712322e+04	3.014596e+02	1.977711e+01	2020	8	25	18
	238	1110	-146.531285	14.109355	1.000142e+05	1.550574e+01	1.080415e+05	1.077689e+05	5.771608e+04	5.693900e+04	3.014236e+02	2.085467e+01	2020	8	26	0
	231	1110	-147.515659	14.109355	1.001257e+05	1.577966e+01	1.081570e+05	1.078987e+05	5.785236e+04	5.708248e+04	3.013154e+02	2.218376e+01	2020	8	26	6
	223	1114	-148.640658	14.484355	9.991603e+04	1.735769e+01	1.079595e+05	1.076830e+05	5.770329e+04	5.687719e+04	3.010560e+02	2.073914e+01	2020	8	26	12
	216	1118	-149.625032	14.859354	1.000534e+05	1.834751e+01	1.080600e+05	1.077601e+05	5.787930e+04	5.701050e+04	3.010317e+02	1.570847e+01	2020	8	26	18
	208	1123	-150.750030	15.328104	9.982705e+04	1.790426e+01	1.079412e+05	1.076204e+05	5.776665e+04	5.689567e+04	3.010553e+02	1.726868e+01	2020	8	27	0
	199	1125	-152.015654	15.515603	9.990287e+04	1.949496e+01	1.080814e+05	1.077922e+05	5.787614e+04	5.692289e+04	3.010078e+02	2.183471e+01	2020	8	27	6
	195	1131	-152.578154	16.078103	9.973359e+04	1.958492e+01	1.080077e+05	1.076063e+05	5.777230e+04	5.674834e+04	3.009528e+02	2.338050e+01	2020	8	27	12
	189	1133	-153.421903	16.265602	9.977616e+04	2.141530e+01	1.080834e+05	1.075196e+05	5.790500e+04	5.667853e+04	3.008955e+02	2.187474e+01	2020	8	27	18
	181	1137	-154.546902	16.640602	9.953216e+04	2.202987e+01	1.080181e+05	1.074247e+05	5.783227e+04	5.644051e+04	3.005936e+02	2.069003e+01	2020	8	28	0
	176	1140	-155.250026	16.921851	9.960148e+04	2.341753e+01	1.080964e+05	1.074305e+05	5.793934e+04	5.647124e+04	3.013247e+02	1.991609e+01	2020	8	28	6
	170	1142	-156.093775	17.109351	9.954805e+04	2.266080e+01	1.079741e+05	1.074814e+05	5.783843e+04	5.650789e+04	3.011565e+02	2.087811e+01	2020	8	28	12
	166	1149	-156.656274	17.765600	9.983638e+04	2.207452e+01	1.080635e+05	1.075884e+05	5.797511e+04	5.676535e+04	9.999000e+03	1.409887e+01	2020	8	28	18
	159	1154	-157.640648	18.234350	9.982831e+04	2.007365e+01	1.080205e+05	1.077120e+05	5.791517e+04	5.686143e+04	9.999000e+03	1.328593e+01	2020	8	29	0
	153	1154	-158.484397	18.234350	9.990238e+04	2.231553e+01	1.080756e+05	1.078225e+05	5.792800e+04	5.704140e+04	3.012354e+02	2.038248e+01	2020	8	29	6
	145	1154	-159.609396	18.234350	9.987585e+04	2.007703e+01	1.080265e+05	1.076870e+05	5.782264e+04	5.709618e+04	3.013508e+02	2.086987e+01	2020	8	29	12
	141	1153	-160.171896	18.140600	1.000537e+05	1.850555e+01	1.080431e+05	1.076901e+05	5.785844e+04	5.725910e+04	3.013632e+02	1.599672e+01	2020	8	29	18
	137	1153	-160.734395	18.140600	9.999797e+04	1.800394e+01	1.080292e+05	1.075294e+05	5.777364e+04	5.724120e+04	3.014604e+02	1.466990e+01	2020	8	30	0
	132	1151	-161.437519	17.953100	1.000725e+05	1.893233e+01	1.081291e+05	1.075838e+05	5.779001e+04	5.726755e+04	3.014786e+02	1.418219e+01	2020	8	30	6
	130	1146	-161.718769	17.484351	1.000027e+05	1.784439e+01	1.080124e+05	1.073959e+05	5.767380e+04	5.716015e+04	3.014252e+02	1.508026e+01	2020	8	30	12
	128	1146	-162.000019	17.484351	1.001049e+05	1.804983e+01	1.080179e+05	1.073750e+05	5.768653e+04	5.722955e+04	3.013996e+02	1.287614e+01	2020	8	30	18
	128	1146	-162.000019	17.484351	9.987983e+04	1.889401e+01	1.079201e+05	1.072383e+05	5.764731e+04	5.707932e+04	3.015262e+02	1.023567e+01	2020	8	31	0
	128	1146	-162.000019	17.484351	9.981364e+04	2.020147e+01	1.079216e+05	1.072580e+05	5.762709e+04	5.704338e+04	3.014158e+02	1.206833e+01	2020	8	31	6
	128	1146	-162.000019	17.484351	9.974238e+04	1.774756e+01	1.077615e+05	1.072178e+05	5.756199e+04	5.701621e+04	3.013816e+02	1.770339e+01	2020	8	31	12
	130	1149	-161.718769	17.765600	9.942945e+04	2.135654e+01	1.077587e+05	1.072983e+05	5.761020e+04	5.677102e+04	3.013632e+02	7.438757e+04	2020	8	31	18
	130	1152	-161.718769	18.046850	9.960071e+04	1.846759e+01	1.077088e+05	1.071634e+05	5.753007e+04	5.689903e+04	3.014845e+02	1.876071e+01	2020	9	1	0
	136	1161	-160.875020	18.890599	9.952951e+04	2.272904e+01	1.077310e+05	1.069739e+05	5.763668e+04	5.673164e+04	3.013612e+02	2.945733e+01	2020	9	1	6
	139	1169	-160.453145	19.640598	9.925515e+04	2.358463e+01	1.076305e+05	1.065732e+05	5.754575e+04	5.664451e+04	3.012729e+02	2.347616e+01	2020	9	1	12
	142	1180	-160.031271	20.671846	9.957778e+04	2.231667e+01	1.077080e+05	1.063770e+05	5.770970e+04	5.693911e+04	9.999000e+03	1.952384e+01	2020	9	1	18
	144	1195	-159.750021	22.078094	9.961967e+04	2.347899e+01	1.077303e+05	1.062575e+05	5.773200e+04	5.689560e+04	9.999000e+03	1.877257e+01	2020	9	2	0
	144	1207	-159.750021	23.203093	9.979863e+04	2.365915e+01	1.080192e+05	1.061705e+05	5.785790e+04	5.695248e+04	9.999000e+03	1.117997e+01	2020	9	2	6
start	28	2020	8	25	0
	403	1106	-123.328184	13.734356	1.007911e+05	1.448161e+01	1.080313e+05	1.077606e+05	5.770307e+04	5.729732e+04	3.028733e+02	2.621820e+01	2020	8	25	0
	407	1111	-122.765685	14.203105	1.010582e+05	1.216865e+01	1.082498e+05	1.079449e+05	5.795633e+04	5.755127e+04	3.028331e+02	2.533121e+01	2020	8	25	6
	407	1111	-122.765685	14.203105	1.007267e+05	1.196606e+01	1.079214e+05	1.076922e+05	5.766860e+04	5.733543e+04	3.027791e+02	2.908428e+01	2020	8	25	12
	406	1116	-122.906309	14.671855	1.008548e+05	1.298471e+01	1.081603e+05	1.079271e+05	5.786886e+04	5.745673e+04	3.027521e+02	2.543876e+01	2020	8	25	18
	406	1123	-122.906309	15.328104	1.005192e+05	1.298312e+01	1.079996e+05	1.077971e+05	5.769781e+04	5.726977e+04	3.027170e+02	2.225421e+01	2020	8	26	0
	403	1128	-123.328184	15.796853	1.006858e+05	1.434752e+01	1.082255e+05	1.079777e+05	5.790109e+04	5.747285e+04	3.026276e+02	2.318781e+01	2020	8	26	6
	402	1127	-123.468809	15.703103	1.003055e+05	1.374146e+01	1.078898e+05	1.077164e+05	5.762100e+04	5.723587e+04	3.025725e+02	2.529030e+01	2020	8	26	12
	402	1130	-123.468809	15.984353	1.004857e+05	1.596023e+01	1.081464e+05	1.079129e+05	5.782465e+04	5.740152e+04	3.025020e+02	2.220884e+01	2020	8	26	18
	402	1135	-123.468809	16.453102	1.001610e+05	1.459555e+01	1.079596e+05	1.077508e+05	5.761965e+04	5.716104e+04	3.023234e+02	1.848286e+01	2020	8	27	0
	401	1137	-123.609434	16.640602	1.003565e+05	1.597219e+01	1.081620e+05	1.079560e+05	5.782193e+04	5.734205e+04	3.021764e+02	1.913801e+01	2020	8	27	6
	400	1142	-123.750059	17.109351	1.000413e+05	1.562229e+01	1.078638e+05	1.076777e+05	5.760718e+04	5.707162e+04	3.018283e+02	2.025581e+01	2020	8	27	12
	392	1149	-124.875057	17.765600	1.001513e+05	1.767810e+01	1.081360e+05	1.078459e+05	5.780338e+04	5.716603e+04	3.017521e+02	1.642054e+01	2020	8	27	18
	394	1154	-124.593808	18.234350	9.993423e+04	1.734544e+01	1.079502e+05	1.076423e+05	5.766695e+04	5.701525e+04	3.016552e+02	1.825762e+01	2020	8	28	0
	387	1162	-125.578182	18.984349	1.000874e+05	1.813667e+01	1.082379e+05	1.078996e+05	5.788908e+04	5.713628e+04	3.010548e+02	1.692946e+01	2020	8	28	6
	381	1166	-126.421931	19.359348	9.984740e+04	1.819109e+01	1.079047e+05	1.075745e+05	5.767546e+04	5.691894e+04	3.008094e+02	1.342903e+01	2020	8	28	12
	376	1176	-127.125055	20.296847	1.000937e+05	1.889793e+01	1.081509e+05	1.077891e+05	5.789509e+04	5.712845e+04	3.006135e+02	4.179806e+00	2020	8	28	18
	371	1188	-127.828179	21.421845	1.000373e+05	1.580299e+01	1.080058e+05	1.076862e+05	5.784466e+04	5.705507e+04	2.999265e+02	2.494187e+00	2020	8	29	0
	365	1192	-128.671928	21.796845	1.003794e+05	1.542844e+01	1.082213e+05	1.078903e+05	5.797677e+04	5.733575e+04	2.996447e+02	2.784687e+00	2020	8	29	6
	357	1197	-129.796927	22.265594	1.002873e+05	1.506374e+01	1.079308e+05	1.076518e+05	5.777948e+04	5.717975e+04	2.995240e+02	3.810465e+00	2020	8	29	12
	352	1204	-130.500052	22.921843	1.005664e+05	1.490405e+01	1.080838e+05	1.078129e+05	5.792687e+04	5.740414e+04	2.989491e+02	2.323496e+00	2020	8	29	18
	346	1209	-131.343801	23.390592	1.004297e+05	1.457715e+01	1.079553e+05	1.076602e+05	5.783875e+04	5.732605e+04	2.983706e+02	1.400549e+00	2020	8	30	0
	340	1214	-132.187550	23.859342	1.007547e+05	1.255631e+01	1.081070e+05	1.077972e+05	5.799555e+04	5.754264e+04	2.975367e+02	2.118057e+00	2020	8	30	6
	333	1222	-133.171924	24.609341	1.006723e+05	1.327747e+01	1.078930e+05	1.074580e+05	5.782450e+04	5.735501e+04	2.969824e+02	2.594148e+00	2020	8	30	12
	324	1226	-134.437547	24.984340	1.008977e+05	1.269481e+01	1.080060e+05	1.074852e+05	5.797489e+04	5.753405e+04	2.967074e+02	2.213594e+00	2020	8	30	18
	318	1228	-135.281297	25.171840	1.007324e+05	1.317962e+01	1.079291e+05	1.072743e+05	5.785223e+04	5.737185e+04	2.970986e+02	3.075672e+00	2020	8	31	0
	310	1234	-136.406295	25.734339	1.009725e+05	1.243759e+01	1.080214e+05	1.073814e+05	5.797218e+04	5.748923e+04	2.967831e+02	3.506845e+00	2020	8	31	6
	305	1238	-137.109420	26.109339	1.008729e+05	1.192681e+01	1.077507e+05	1.071016e+05	5.779876e+04	5.729816e+04	2.968104e+02	2.775177e+00	2020	8	31	12
	298	1243	-138.093794	26.578088	1.010973e+05	1.204040e+01	1.078034e+05	1.072383e+05	5.791900e+04	5.744162e+04	2.968376e+02	4.849678e+03	2020	8	31	18
start	28	2020	8	31	6
	2228	1166	133.312174	19.359348	9.971463e+04	1.379270e+01	1.083491e+05	1.079899e+05	5.744507e+04	5.703716e+04	3.039531e+02	1.717522e+01	2020	8	31	6
	2226	1166	133.030924	19.359348	9.991232e+04	1.378265e+01	1.084947e+05	1.081309e+05	5.770403e+04	5.718305e+04	3.032119e+02	1.171144e+01	2020	8	31	12
	2226	1166	133.030924	19.359348	9.974542e+04	1.519219e+01	1.083397e+05	1.080011e+05	5.755896e+04	5.704393e+04	3.025479e+02	5.037527e+04	2020	8	31	18
	2229	1173	133.452798	20.015597	9.999115e+04	1.469379e+01	1.084275e+05	1.080809e+05	5.777907e+04	5.726443e+04	3.025775e+02	1.245663e+01	2020	9	1	0
	2232	1183	133.874673	20.953096	9.983903e+04	1.526302e+01	1.083733e+05	1.080053e+05	5.762566e+04	5.713893e+04	3.036021e+02	9.602225e+00	2020	9	1	6
	2231	1188	133.734048	21.421845	1.001084e+05	1.480861e+01	1.086118e+05	1.082430e+05	5.795336e+04	5.742342e+04	3.030746e+02	7.801413e+00	2020	9	1	12
	2235	1197	134.296547	22.265594	1.000538e+05	1.454918e+01	1.084814e+05	1.081649e+05	5.783004e+04	5.735703e+04	3.027179e+02	6.847158e+00	2020	9	1	18
	2235	1219	134.296547	24.328091	1.002422e+05	1.377659e+01	1.087135e+05	1.084042e+05	5.807393e+04	5.749821e+04	3.025385e+02	1.211990e+01	2020	9	2	0
	2233	1231	134.015298	25.453090	1.001210e+05	1.241357e+01	1.088011e+05	1.082474e+05	5.802552e+04	5.733009e+04	3.024754e+02	8.339359e+00	2020	9	2	6
	2226	1241	133.030924	26.390588	1.002730e+05	1.256294e+01	1.089532e+05	1.084194e+05	5.822709e+04	5.745780e+04	3.020569e+02	9.946668e+00	2020	9	2	12
	2213	1246	131.202801	26.859338	1.000981e+05	1.349201e+01	1.087070e+05	1.082744e+05	5.801324e+04	5.725042e+04	9.999000e+03	1.652447e+01	2020	9	2	18
	2208	1250	130.499676	27.234337	1.001646e+05	1.320518e+01	1.086922e+05	1.083070e+05	5.804155e+04	5.731460e+04	9.999000e+03	1.365556e+01	2020	9	3	0
	2204	1257	129.937177	27.890586	9.993009e+04	1.249703e+01	1.084936e+05	1.081231e+05	5.787414e+04	5.710951e+04	9.999000e+03	1.594835e+01	2020	9	3	6
	2196	1260	128.812178	28.171836	9.996121e+04	1.304696e+01	1.085215e+05	1.081730e+05	5.787023e+04	5.707870e+04	9.999000e+03	1.452044e+01	2020	9	3	12
	2195	1263	128.671553	28.453085	9.970691e+04	1.436166e+01	1.082626e+05	1.079299e+05	5.768164e+04	5.686634e+04	9.999000e+03	1.283738e+01	2020	9	3	18
	2193	1269	128.390304	29.015585	9.977327e+04	1.504094e+01	1.083211e+05	1.079650e+05	5.771564e+04	5.694080e+04	9.999000e+03	1.065175e+01	2020	9	4	0
	2192	1274	128.249679	29.484334	9.957674e+04	1.574299e+01	1.082568e+05	1.079152e+05	5.758652e+04	5.682874e+04	9.999000e+03	1.042627e+01	2020	9	4	6
	2192	1284	128.249679	30.421833	9.968019e+04	1.878166e+01	1.084262e+05	1.078908e+05	5.778195e+04	5.693945e+04	9.999000e+03	1.314910e+01	2020	9	4	12
	2192	1296	128.249679	31.546831	9.944214e+04	1.913945e+01	1.083359e+05	1.075799e+05	5.770641e+04	5.664230e+04	9.999000e+03	1.327867e+01	2020	9	4	18
	2191	1305	128.109054	32.390580	9.945963e+04	1.954734e+01	1.084230e+05	1.074472e+05	5.785483e+04	5.659372e+04	9.999000e+03	1.209209e+01	2020	9	5	0
	2196	1317	128.812178	33.515578	9.921951e+04	1.879224e+01	1.084327e+05	1.072800e+05	5.787042e+04	5.644262e+04	9.999000e+03	1.373240e+01	2020	9	5	6
	2201	1329	129.515302	34.640577	9.927895e+04	2.094139e+01	1.085667e+05	1.070518e+05	5.800900e+04	5.674579e+04	9.999000e+03	1.660122e+01	2020	9	5	12
	2207	1341	130.359052	35.765575	9.940575e+04	2.127688e+01	1.083411e+05	1.065956e+05	5.786373e+04	5.692984e+04	9.999000e+03	1.414144e+01	2020	9	5	18
	2219	1356	132.046550	37.171823	9.941109e+04	2.144898e+01	1.084336e+05	1.062898e+05	5.797788e+04	5.686940e+04	9.999000e+03	1.209551e+01	2020	9	6	0
	2234	1368	134.155923	38.296822	9.954317e+04	2.149211e+01	1.083735e+05	1.060625e+05	5.792312e+04	5.671669e+04	3.012788e+02	1.161397e+01	2020	9	6	6
	2249	1380	136.265295	39.421820	9.969303e+04	1.936802e+01	1.084387e+05	1.057152e+05	5.806367e+04	5.662790e+04	3.017062e+02	1.748925e+01	2020	9	6	12
	2268	1392	138.937168	40.546819	9.936788e+04	2.127811e+01	1.082183e+05	1.052740e+05	5.784627e+04	5.619859e+04	9.999000e+03	1.491538e+01	2020	9	6	18
	2291	1397	142.171539	41.015568	9.979893e+04	1.802907e+01	1.081673e+05	1.051803e+05	5.796857e+04	5.613514e+04	9.999000e+03	4.191670e+00	2020	9	7	0
start	32	2020	9	6	12
	2360	1128	151.874654	15.796853	1.006367e+05	1.346419e+01	1.080902e+05	1.078302e+05	5.779446e+04	5.737522e+04	3.034768e+02	2.855984e+01	2020	9	6	12
	2358	1133	151.593404	16.265602	1.003252e+05	1.454557e+01	1.077996e+05	1.076255e+05	5.757754e+04	5.711937e+04	3.034394e+02	2.586645e+01	2020	9	6	18
	2352	1147	150.749655	17.578101	1.004385e+05	1.376138e+01	1.080385e+05	1.077785e+05	5.778238e+04	5.720716e+04	3.034027e+02	2.331479e+01	2020	9	7	0
	2351	1159	150.609030	18.703099	1.001474e+05	1.679115e+01	1.079698e+05	1.076463e+05	5.768047e+04	5.704561e+04	3.033444e+02	3.214190e+01	2020	9	7	6
	2352	1161	150.749655	18.890599	1.002811e+05	1.837098e+01	1.082275e+05	1.078933e+05	5.779781e+04	5.721427e+04	3.032437e+02	3.500829e+01	2020	9	7	12
	2346	1164	149.905906	19.171848	9.997879e+04	1.826468e+01	1.080593e+05	1.077276e+05	5.760413e+04	5.700189e+04	3.031616e+02	3.231685e+01	2020	9	7	18
	2340	1176	149.062157	20.296847	1.000658e+05	1.798224e+01	1.082309e+05	1.078896e+05	5.774135e+04	5.713893e+04	3.029822e+02	2.977497e+01	2020	9	8	0
	2338	1180	148.780907	20.671846	9.978670e+04	1.774603e+01	1.081762e+05	1.077491e+05	5.760583e+04	5.692008e+04	3.028868e+02	3.618844e+01	2020	9	8	6
	2335	1193	148.359033	21.890595	9.995050e+04	1.952949e+01	1.082923e+05	1.078753e+05	5.780948e+04	5.703624e+04	3.024508e+02	3.074153e+01	2020	9	8	12
	2333	1193	148.077783	21.890595	9.962463e+04	2.008105e+01	1.081529e+05	1.077339e+05	5.760579e+04	5.673924e+04	3.023851e+02	2.728124e+01	2020	9	8	18
	2332	1202	147.937158	22.734343	9.969327e+04	2.000248e+01	1.083723e+05	1.078293e+05	5.783170e+04	5.675933e+04	3.024914e+02	2.452569e+01	2020	9	9	0
	2322	1207	146.530910	23.203093	9.939786e+04	1.899642e+01	1.082167e+05	1.076693e+05	5.761984e+04	5.651497e+04	3.025229e+02	2.120629e+01	2020	9	9	6
	2321	1217	146.390285	24.140591	9.943913e+04	1.917043e+01	1.083892e+05	1.078456e+05	5.783584e+04	5.654656e+04	3.024645e+02	2.069980e+01	2020	9	9	12
	2315	1221	145.546536	24.515591	9.921263e+04	1.909913e+01	1.081982e+05	1.077258e+05	5.763616e+04	5.644068e+04	3.025085e+02	1.951204e+01	2020	9	9	18
	2310	1231	144.843411	25.453090	9.932073e+04	1.871008e+01	1.083159e+05	1.078827e+05	5.776091e+04	5.664792e+04	3.025335e+02	2.074879e+01	2020	9	10	0
	2306	1240	144.280912	26.296838	9.907775e+04	1.857308e+01	1.081817e+05	1.076919e+05	5.759698e+04	5.646834e+04	3.025832e+02	2.142962e+01	2020	9	10	6
	2305	1250	144.140287	27.234337	9.909959e+04	2.103555e+01	1.083041e+05	1.076958e+05	5.776469e+04	5.644428e+04	3.023773e+02	2.615686e+01	2020	9	10	12
	2301	1260	143.577788	28.171836	9.873930e+04	2.032485e+01	1.081326e+05	1.074361e+05	5.758598e+04	5.615992e+04	3.021457e+02	2.719131e+01	2020	9	10	18
	2299	1267	143.296538	28.828085	9.875029e+04	2.004109e+01	1.082726e+05	1.075448e+05	5.772182e+04	5.622956e+04	3.020815e+02	2.359149e+01	2020	9	11	0
	2293	1274	142.452789	29.484334	9.851107e+04	2.154125e+01	1.081877e+05	1.074912e+05	5.761605e+04	5.600799e+04	3.022629e+02	2.430949e+01	2020	9	11	6
	2291	1279	142.171539	29.953083	9.850432e+04	2.348393e+01	1.083442e+05	1.076570e+05	5.780993e+04	5.605328e+04	3.020711e+02	2.445480e+01	2020	9	11	12
	2285	1289	141.327790	30.890582	9.841167e+04	2.347138e+01	1.082281e+05	1.075696e+05	5.771200e+04	5.605311e+04	3.017102e+02	2.423378e+01	2020	9	11	18
	2280	1296	140.624666	31.546831	9.860112e+04	2.576991e+01	1.083739e+05	1.076508e+05	5.788082e+04	5.623943e+04	3.014211e+02	2.166733e+01	2020	9	12	0
	2275	1301	139.921542	32.015581	9.859953e+04	2.425407e+01	1.083454e+05	1.076571e+05	5.784123e+04	5.645255e+04	3.017008e+02	1.867500e+01	2020	9	12	6
	2268	1306	138.937168	32.484330	9.897005e+04	2.424204e+01	1.085232e+05	1.078227e+05	5.799529e+04	5.684530e+04	3.018314e+02	1.933421e+01	2020	9	12	12
	2264	1312	138.374668	33.046829	9.899523e+04	2.249348e+01	1.084584e+05	1.077090e+05	5.784344e+04	5.675479e+04	9.999000e+03	2.022121e+01	2020	9	12	18
	2263	1324	138.234043	34.171828	9.911203e+04	2.237320e+01	1.086143e+05	1.077665e+05	5.804023e+04	5.689120e+04	9.999000e+03	1.861325e+01	2020	9	13	0
	2270	1336	139.218417	35.296826	9.965539e+04	2.143496e+01	1.085182e+05	1.073591e+05	5.801248e+04	5.680496e+04	9.999000e+03	1.297995e+01	2020	9	13	6
	2282	1358	140.905916	37.359323	1.000013e+05	1.993361e+01	1.086445e+05	1.069343e+05	5.815359e+04	5.688879e+04	9.999000e+03	1.340685e+01	2020	9	13	12
	2292	1384	142.312164	39.796820	9.957491e+04	2.057311e+01	1.083653e+05	1.054006e+05	5.788512e+04	5.604967e+04	9.999000e+03	1.925150e+01	2020	9	13	18
	2308	1410	144.562162	42.234316	9.926748e+04	2.008381e+01	1.081161e+05	1.034430e+05	5.777271e+04	5.518205e+04	9.999000e+03	2.256590e+01	2020	9	14	0
	2335	1444	148.359033	45.421812	9.862165e+04	2.239620e+01	1.074667e+05	1.021903e+05	5.737052e+04	5.438108e+04	9.999000e+03	2.541862e+01	2020	9	14	6
start	38	2020	9	9	18
	895	1142	-54.140756	17.109351	1.008192e+05	1.466112e+01	1.079598e+05	1.076946e+05	5.789341e+04	5.735513e+04	3.027038e+02	2.459617e+01	2020	9	9	18
	887	1150	-55.265755	17.859350	1.008095e+05	1.587527e+01	1.080395e+05	1.077807e+05	5.801284e+04	5.742479e+04	3.022466e+02	1.985998e+01	2020	9	10	0
	880	1148	-56.250129	17.671850	1.005846e+05	1.545886e+01	1.078946e+05	1.076792e+05	5.784271e+04	5.734680e+04	3.022117e+02	2.121626e+01	2020	9	10	6
	872	1154	-57.375128	18.234350	1.007061e+05	1.752780e+01	1.081211e+05	1.078604e+05	5.800540e+04	5.747379e+04	3.022130e+02	2.338905e+01	2020	9	10	12
	865	1156	-58.359502	18.421849	1.005138e+05	1.845016e+01	1.081202e+05	1.077992e+05	5.796480e+04	5.735054e+04	3.027792e+02	2.421145e+01	2020	9	10	18
	858	1159	-59.343876	18.703099	1.005426e+05	1.901080e+01	1.081604e+05	1.078721e+05	5.807678e+04	5.732383e+04	3.023703e+02	2.665023e+01	2020	9	11	0
	850	1159	-60.468875	18.703099	1.003460e+05	1.953244e+01	1.081268e+05	1.076469e+05	5.797955e+04	5.713637e+04	3.023754e+02	2.601435e+01	2020	9	11	6
	843	1162	-61.453249	18.984349	1.003900e+05	1.986293e+01	1.082432e+05	1.078475e+05	5.810662e+04	5.719275e+04	3.024947e+02	2.871087e+01	2020	9	11	12
	834	1166	-62.718872	19.359348	1.001888e+05	2.154390e+01	1.082121e+05	1.075660e+05	5.807246e+04	5.704891e+04	3.028738e+02	2.959966e+01	2020	9	11	18
	828	1166	-63.562621	19.359348	1.000367e+05	2.241505e+01	1.082387e+05	1.074654e+05	5.810080e+04	5.680779e+04	3.029120e+02	2.585075e+01	2020	9	12	0
	820	1166	-64.687620	19.359348	9.977730e+04	2.248062e+01	1.081839e+05	1.074715e+05	5.803474e+04	5.658740e+04	9.999000e+03	2.916247e+01	2020	9	12	6
	812	1168	-65.812619	19.546848	9.968923e+04	2.464685e+01	1.082677e+05	1.075405e+05	5.811849e+04	5.656681e+04	9.999000e+03	3.046399e+01	2020	9	12	12
	803	1171	-67.078243	19.828097	9.933516e+04	2.435441e+01	1.082151e+05	1.072923e+05	5.801672e+04	5.625307e+04	9.999000e+03	2.784389e+01	2020	9	12	18
	794	1171	-68.343866	19.828097	9.913827e+04	2.349993e+01	1.081391e+05	1.072835e+05	5.804447e+04	5.618683e+04	9.999000e+03	2.740064e+01	2020	9	13	0
	786	1171	-69.468865	19.828097	9.901889e+04	2.847555e+01	1.081574e+05	1.073232e+05	5.793924e+04	5.617891e+04	9.999000e+03	3.463000e+01	2020	9	13	6
	773	1176	-71.296988	20.296847	9.909795e+04	2.719982e+01	1.081125e+05	1.073278e+05	5.799012e+04	5.629748e+04	9.999000e+03	3.105892e+01	2020	9	13	12
	764	1175	-72.562612	20.203097	9.923016e+04	2.401206e+01	1.080935e+05	1.073469e+05	5.792626e+04	5.643226e+04	9.999000e+03	2.916362e+01	2020	9	13	18
	756	1175	-73.687611	20.203097	9.891805e+04	2.561210e+01	1.080625e+05	1.073910e+05	5.791352e+04	5.636729e+04	9.999000e+03	3.221714e+01	2020	9	14	0
	749	1178	-74.671985	20.484347	9.890474e+04	3.061318e+01	1.080313e+05	1.073786e+05	5.787582e+04	5.608041e+04	9.999000e+03	3.186496e+01	2020	9	14	6
	735	1178	-76.640733	20.484347	9.921179e+04	2.369132e+01	1.080014e+05	1.073307e+05	5.787427e+04	5.637554e+04	9.999000e+03	3.114786e+01	2020	9	14	12
	726	1178	-77.906356	20.484347	9.914273e+04	2.271881e+01	1.080477e+05	1.074809e+05	5.788550e+04	5.649097e+04	9.999000e+03	3.052108e+01	2020	9	14	18
	718	1178	-79.031355	20.484347	9.881055e+04	2.846684e+01	1.079981e+05	1.074356e+05	5.783274e+04	5.630084e+04	9.999000e+03	3.157664e+01	2020	9	15	0
	710	1181	-80.156354	20.765596	9.870148e+04	3.043586e+01	1.080315e+05	1.075025e+05	5.792968e+04	5.641913e+04	9.999000e+03	3.795465e+01	2020	9	15	6
	700	1183	-81.562603	20.953096	9.857900e+04	3.158371e+01	1.080640e+05	1.075335e+05	5.793084e+04	5.635368e+04	9.999000e+03	3.756380e+01	2020	9	15	12
	690	1185	-82.968851	21.140596	9.848755e+04	2.975029e+01	1.081515e+05	1.072233e+05	5.799148e+04	5.606975e+04	9.999000e+03	3.747101e+01	2020	9	15	18
	682	1190	-84.093850	21.609345	9.843205e+04	2.694160e+01	1.082098e+05	1.072238e+05	5.795053e+04	5.599916e+04	9.999000e+03	3.511769e+01	2020	9	16	0
	670	1197	-85.781348	22.265594	9.843540e+04	2.697359e+01	1.083512e+05	1.073040e+05	5.806268e+04	5.599089e+04	9.999000e+03	4.048055e+01	2020	9	16	6
	660	1200	-87.187597	22.546844	9.813513e+04	2.709885e+01	1.083299e+05	1.069471e+05	5.803735e+04	5.553913e+04	9.999000e+03	3.721565e+01	2020	9	16	12
	647	1205	-89.015720	23.015593	9.796483e+04	2.626366e+01	1.084676e+05	1.072088e+05	5.809910e+04	5.551717e+04	9.999000e+03	3.596375e+01	2020	9	16	18
	636	1207	-90.562593	23.203093	9.775966e+04	2.645891e+01	1.084277e+05	1.070798e+05	5.799016e+04	5.542458e+04	3.037421e+02	3.150172e+01	2020	9	17	0
	626	1212	-91.968842	23.671842	9.785311e+04	2.827499e+01	1.085347e+05	1.073181e+05	5.807744e+04	5.565870e+04	3.034579e+02	4.019089e+01	2020	9	17	6
	617	1214	-93.234465	23.859342	9.777357e+04	2.830019e+01	1.084676e+05	1.072922e+05	5.801241e+04	5.568545e+04	3.035062e+02	4.217970e+01	2020	9	17	12
	606	1213	-94.781339	23.765592	9.774665e+04	2.989874e+01	1.085262e+05	1.074635e+05	5.810254e+04	5.575711e+04	3.035254e+02	4.107321e+01	2020	9	17	18
	600	1213	-95.625088	23.765592	9.724761e+04	2.960297e+01	1.083900e+05	1.072406e+05	5.798954e+04	5.542962e+04	9.999000e+03	4.282130e+01	2020	9	18	0
	594	1211	-96.468837	23.578092	9.714806e+04	3.276435e+01	1.084140e+05	1.071328e+05	5.798612e+04	5.542130e+04	9.999000e+03	5.583956e+01	2020	9	18	6
	589	1212	-97.171961	23.671842	9.710241e+04	3.464357e+01	1.082408e+05	1.071450e+05	5.787770e+04	5.548104e+04	9.999000e+03	5.343842e+01	2020	9	18	12
	579	1209	-98.578210	23.390592	9.830511e+04	2.219178e+01	1.083335e+05	1.075783e+05	5.797055e+04	5.600892e+04	9.999000e+03	4.501844e+01	2020	9	18	18
	575	1201	-99.140709	22.640594	9.973205e+04	1.930607e+01	1.081803e+05	1.076710e+05	5.774859e+04	5.645818e+04	9.999000e+03	3.780630e+01	2020	9	19	0
start	12	2020	9	12	0
	1060	1085	-30.937655	11.765609	1.010394e+05	1.301400e+01	1.078914e+05	1.076699e+05	5.799608e+04	5.759739e+04	3.023432e+02	2.005550e+01	2020	9	12	0
	1046	1085	-32.906403	11.765609	1.007497e+05	1.434693e+01	1.076147e+05	1.073830e+05	5.770652e+04	5.729312e+04	3.022365e+02	1.960225e+01	2020	9	12	6
	1035	1089	-34.453277	12.140608	1.009281e+05	1.518533e+01	1.078005e+05	1.075532e+05	5.791271e+04	5.743371e+04	3.021152e+02	1.665449e+01	2020	9	12	12
	1025	1084	-35.859525	11.671859	1.006234e+05	1.556042e+01	1.076156e+05	1.073094e+05	5.765294e+04	5.721086e+04	3.029279e+02	1.836457e+01	2020	9	12	18
	1015	1089	-37.265774	12.140608	1.008245e+05	1.590284e+01	1.077843e+05	1.074368e+05	5.786186e+04	5.741388e+04	3.022160e+02	2.140093e+01	2020	9	13	0
	1005	1095	-38.672022	12.703107	1.004971e+05	1.689055e+01	1.075592e+05	1.071927e+05	5.761832e+04	5.720040e+04	3.020492e+02	2.345405e+01	2020	9	13	6
	991	1097	-40.640770	12.890607	1.006578e+05	1.732353e+01	1.078077e+05	1.074298e+05	5.778918e+04	5.738543e+04	3.019706e+02	1.660114e+01	2020	9	13	12
	980	1102	-42.187644	13.359356	1.004552e+05	1.689532e+01	1.077032e+05	1.072959e+05	5.763162e+04	5.727429e+04	3.026332e+02	1.697465e+01	2020	9	13	18
	967	1111	-44.015767	14.203105	1.006310e+05	1.915146e+01	1.079223e+05	1.074308e+05	5.783850e+04	5.743645e+04	3.016669e+02	2.294734e+01	2020	9	14	0
	955	1114	-45.703265	14.484355	1.004372e+05	1.726878e+01	1.076918e+05	1.071841e+05	5.764169e+04	5.736223e+04	3.016818e+02	1.642361e+01	2020	9	14	6
	942	1122	-47.531388	15.234354	1.007464e+05	1.764227e+01	1.079169e+05	1.072212e+05	5.788505e+04	5.759601e+04	3.017612e+02	9.919885e+00	2020	9	14	12
	928	1128	-49.500136	15.796853	1.006429e+05	1.632998e+01	1.078618e+05	1.069342e+05	5.780323e+04	5.751619e+04	3.025363e+02	1.333508e+01	2020	9	14	18
start	37	2020	9	18	18
	2228	1142	133.312174	17.109351	1.000197e+05	1.377287e+01	1.081983e+05	1.078683e+05	5.767647e+04	5.710162e+04	3.024121e+02	2.767616e+01	2020	9	18	18
	2218	1150	131.905925	17.859350	1.001468e+05	1.499257e+01	1.084506e+05	1.080300e+05	5.789092e+04	5.726340e+04	3.024654e+02	2.794381e+01	2020	9	19	0
	2212	1150	131.062176	17.859350	9.983364e+04	1.438768e+01	1.082713e+05	1.078691e+05	5.764861e+04	5.699154e+04	3.027944e+02	3.524718e+01	2020	9	19	6
	2209	1152	130.640301	18.046850	9.997527e+04	1.500172e+01	1.084505e+05	1.080870e+05	5.779369e+04	5.717932e+04	3.024633e+02	3.655309e+01	2020	9	19	12
	2203	1163	129.796552	19.078098	9.970296e+04	1.629338e+01	1.082982e+05	1.078928e+05	5.771783e+04	5.696802e+04	3.024146e+02	3.178473e+01	2020	9	19	18
	2192	1166	128.249679	19.359348	9.988576e+04	1.727579e+01	1.084499e+05	1.080552e+05	5.785980e+04	5.719130e+04	3.026057e+02	3.020996e+01	2020	9	20	0
	2188	1166	127.687179	19.359348	9.961704e+04	1.439307e+01	1.083424e+05	1.079635e+05	5.769105e+04	5.702375e+04	3.030012e+02	3.755710e+01	2020	9	20	6
	2188	1176	127.687179	20.296847	9.972259e+04	1.610441e+01	1.085235e+05	1.081343e+05	5.781748e+04	5.708927e+04	3.026250e+02	4.121135e+01	2020	9	20	12
	2178	1178	126.280931	20.484347	9.946540e+04	1.773768e+01	1.083376e+05	1.079880e+05	5.768214e+04	5.684648e+04	3.027248e+02	3.478831e+01	2020	9	20	18
	2175	1181	125.859056	20.765596	9.953388e+04	1.587802e+01	1.084511e+05	1.080708e+05	5.772974e+04	5.703481e+04	3.027469e+02	3.596957e+01	2020	9	21	0
	2174	1183	125.718431	20.953096	9.921740e+04	1.781528e+01	1.083483e+05	1.079153e+05	5.753099e+04	5.676290e+04	3.032507e+02	4.310422e+01	2020	9	21	6
	2170	1190	125.155932	21.609345	9.920477e+04	1.863261e+01	1.084456e+05	1.079496e+05	5.761630e+04	5.676475e+04	3.027962e+02	4.089985e+01	2020	9	21	12
	2167	1193	124.734057	21.890595	9.897971e+04	1.813741e+01	1.082959e+05	1.076598e+05	5.747751e+04	5.652398e+04	3.027339e+02	3.758399e+01	2020	9	21	18
	2167	1193	124.734057	21.890595	9.891552e+04	2.247568e+01	1.084252e+05	1.077748e+05	5.753636e+04	5.655445e+04	3.026694e+02	4.120105e+01	2020	9	22	0
	2165	1200	124.452808	22.546844	9.865953e+04	2.301309e+01	1.082625e+05	1.077320e+05	5.736731e+04	5.642990e+04	3.027279e+02	3.945721e+01	2020	9	22	6
	2162	1204	124.030933	22.921843	9.878035e+04	2.130190e+01	1.083596e+05	1.078577e+05	5.751548e+04	5.657787e+04	3.026324e+02	3.147001e+01	2020	9	22	12
	2157	1209	123.327809	23.390592	9.877047e+04	1.906326e+01	1.082436e+05	1.078038e+05	5.740770e+04	5.656491e+04	9.999000e+03	2.797074e+01	2020	9	22	18
	2154	1209	122.905934	23.390592	9.885756e+04	1.829331e+01	1.083295e+05	1.078833e+05	5.756710e+04	5.666186e+04	9.999000e+03	3.436999e+01	2020	9	23	0
	2152	1209	122.624685	23.390592	9.877247e+04	1.877787e+01	1.082357e+05	1.078999e+05	5.744725e+04	5.654383e+04	9.999000e+03	3.726172e+01	2020	9	23	6
	2152	1206	122.624685	23.109343	9.888234e+04	1.979817e+01	1.084834e+05	1.080668e+05	5.767332e+04	5.660171e+04	9.999000e+03	2.975862e+01	2020	9	23	12
	2153	1209	122.765309	23.390592	9.895601e+04	1.928158e+01	1.083972e+05	1.079356e+05	5.761040e+04	5.653593e+04	9.999000e+03	2.953891e+01	2020	9	23	18
	2151	1223	122.484060	24.703091	9.921355e+04	2.041382e+01	1.085900e+05	1.081128e+05	5.781112e+04	5.675625e+04	9.999000e+03	3.064566e+01	2020	9	24	0
	2144	1228	121.499686	25.171840	9.916757e+04	2.063736e+01	1.085037e+05	1.081324e+05	5.764535e+04	5.671364e+04	9.999000e+03	3.692595e+01	2020	9	24	6
	2143	1231	121.359061	25.453090	9.929208e+04	2.117177e+01	1.086241e+05	1.082009e+05	5.782463e+04	5.675744e+04	9.999000e+03	3.168376e+01	2020	9	24	12
	2138	1238	120.655937	26.109339	9.920342e+04	1.949921e+01	1.085320e+05	1.080855e+05	5.776882e+04	5.664680e+04	9.999000e+03	2.670418e+01	2020	9	24	18
	2135	1243	120.234062	26.578088	9.941687e+04	1.709384e+01	1.086155e+05	1.081545e+05	5.783554e+04	5.683153e+04	9.999000e+03	3.010267e+01	2020	9	25	0
	2136	1245	120.374687	26.765588	9.951366e+04	1.710866e+01	1.085453e+05	1.081145e+05	5.767120e+04	5.683564e+04	9.999000e+03	3.093791e+01	2020	9	25	6
	2138	1248	120.655937	27.046837	9.979356e+04	1.616458e+01	1.086666e+05	1.081357e+05	5.786741e+04	5.714361e+04	9.999000e+03	2.760629e+01	2020	9	25	12
	2140	1252	120.937186	27.421837	9.979138e+04	1.536763e+01	1.085937e+05	1.079558e+05	5.770295e+04	5.713884e+04	9.999000e+03	2.953523e+01	2020	9	25	18
	2140	1255	120.937186	27.703087	1.000343e+05	1.508329e+01	1.086136e+05	1.079591e+05	5.776887e+04	5.727192e+04	9.999000e+03	2.259774e+01	2020	9	26	0
	2140	1255	120.937186	27.703087	9.998295e+04	1.238126e+01	1.084763e+05	1.078051e+05	5.770154e+04	5.721344e+04	9.999000e+03	1.467785e+01	2020	9	26	6
	2146	1252	121.780936	27.421837	1.002254e+05	1.200353e+01	1.086017e+05	1.079385e+05	5.788409e+04	5.745177e+04	9.999000e+03	1.207815e+01	2020	9	26	12
	2150	1252	122.343435	27.421837	1.001959e+05	1.683833e+01	1.084786e+05	1.077827e+05	5.774312e+04	5.731589e+04	9.999000e+03	1.002206e+01	2020	9	26	18
	2155	1252	123.046559	27.421837	1.003722e+05	1.861076e+01	1.085378e+05	1.077170e+05	5.787767e+04	5.731971e+04	9.999000e+03	9.518150e+00	2020	9	27	0
	2158	1249	123.468434	27.140587	1.001805e+05	1.883373e+01	1.083346e+05	1.077109e+05	5.772368e+04	5.722546e+04	3.021186e+02	7.909273e+00	2020	9	27	6
	2162	1242	124.030933	26.484338	1.003704e+05	1.752176e+01	1.084418e+05	1.079722e+05	5.787408e+04	5.743269e+04	3.021962e+02	6.396766e+00	2020	9	27	12
	2167	1237	124.734057	26.015589	1.002852e+05	1.535663e+01	1.082447e+05	1.079118e+05	5.771168e+04	5.738998e+04	3.023345e+02	4.564479e+00	2020	9	27	18
start	21	2020	9	25	12
	481	1123	-112.359445	15.328104	1.002194e+05	1.314575e+01	1.082518e+05	1.078423e+05	5.770838e+04	5.714507e+04	3.037814e+02	4.709832e+01	2020	9	25	12
	483	1123	-112.078196	15.328104	1.003634e+05	1.207169e+01	1.084860e+05	1.080867e+05	5.783334e+04	5.726391e+04	3.038638e+02	4.399038e+01	2020	9	25	18
	470	1110	-113.906319	14.109355	9.998909e+04	1.505023e+01	1.082012e+05	1.077816e+05	5.746799e+04	5.699537e+04	3.041512e+02	3.677395e+01	2020	9	26	0
	468	1128	-114.187569	15.796853	1.001344e+05	1.506570e+01	1.083451e+05	1.079462e+05	5.775539e+04	5.714447e+04	3.035752e+02	4.026820e+01	2020	9	26	6
	467	1125	-114.328193	15.515603	9.980468e+04	1.796335e+01	1.080818e+05	1.076179e+05	5.745884e+04	5.682429e+04	3.035177e+02	4.418240e+01	2020	9	26	12
	461	1133	-115.171943	16.265602	9.995220e+04	1.894865e+01	1.082576e+05	1.078632e+05	5.763942e+04	5.697440e+04	3.033258e+02	3.718990e+01	2020	9	26	18
	454	1140	-116.156317	16.921851	9.954633e+04	1.893602e+01	1.080648e+05	1.076423e+05	5.741586e+04	5.663682e+04	3.029086e+02	3.488899e+01	2020	9	27	0
	455	1137	-116.015692	16.640602	9.971386e+04	1.888543e+01	1.081878e+05	1.077921e+05	5.764236e+04	5.680182e+04	3.027539e+02	3.581475e+01	2020	9	27	6
	455	1159	-116.015692	18.703099	9.943092e+04	2.034813e+01	1.079605e+05	1.075297e+05	5.743714e+04	5.657419e+04	3.024376e+02	2.397877e+01	2020	9	27	12
	447	1169	-117.140691	19.640598	9.972911e+04	2.035503e+01	1.082099e+05	1.078544e+05	5.767605e+04	5.684752e+04	3.019409e+02	1.857819e+01	2020	9	27	18
	440	1165	-118.125064	19.265598	9.950125e+04	2.081943e+01	1.080973e+05	1.076412e+05	5.747384e+04	5.665266e+04	3.020510e+02	1.518096e+01	2020	9	28	0
	442	1176	-117.843815	20.296847	9.980678e+04	2.052785e+01	1.083088e+05	1.079011e+05	5.779728e+04	5.693967e+04	3.016265e+02	1.123423e+01	2020	9	28	6
	438	1188	-118.406314	21.421845	9.968656e+04	1.890923e+01	1.081280e+05	1.077695e+05	5.769479e+04	5.683724e+04	3.013968e+02	6.189459e+00	2020	9	28	12
	434	1197	-118.968814	22.265594	1.001075e+05	1.696579e+01	1.084443e+05	1.081170e+05	5.795911e+04	5.715677e+04	3.009951e+02	4.242527e+00	2020	9	28	18
	426	1207	-120.093812	23.203093	9.996501e+04	1.466966e+01	1.082513e+05	1.078978e+05	5.784061e+04	5.701704e+04	3.006367e+02	5.397468e+00	2020	9	29	0
	421	1217	-120.796937	24.140591	1.002919e+05	1.399195e+01	1.084418e+05	1.079417e+05	5.807226e+04	5.722050e+04	2.993366e+02	4.503552e+00	2020	9	29	6
	416	1224	-121.500061	24.796841	1.002276e+05	1.475530e+01	1.082251e+05	1.077111e+05	5.791811e+04	5.712975e+04	2.990724e+02	4.454550e+00	2020	9	29	12
	413	1229	-121.921936	25.265590	1.005234e+05	1.449254e+01	1.085194e+05	1.079317e+05	5.816921e+04	5.745825e+04	2.989060e+02	2.871418e+00	2020	9	29	18
	404	1233	-123.187559	25.640589	1.003875e+05	1.395218e+01	1.083158e+05	1.076384e+05	5.797315e+04	5.739873e+04	2.982458e+02	3.634130e+00	2020	9	30	0
	398	1234	-124.031308	25.734339	1.006625e+05	1.366757e+01	1.084244e+05	1.076167e+05	5.809300e+04	5.767766e+04	2.980719e+02	2.205459e+00	2020	9	30	6
	395	1236	-124.453183	25.921839	1.005907e+05	1.244604e+01	1.081617e+05	1.073612e+05	5.789330e+04	5.759480e+04	2.979626e+02	1.279757e+00	2020	9	30	12
start	41	2020	9	26	12
	2317	1176	145.827785	20.296847	1.003282e+05	1.061447e+01	1.086684e+05	1.082376e+05	5.805991e+04	5.742707e+04	3.028340e+02	2.563262e+01	2020	9	26	12
	2315	1175	145.546536	20.203097	1.001224e+05	1.204401e+01	1.085279e+05	1.079866e+05	5.788477e+04	5.719377e+04	3.026398e+02	2.034391e+01	2020	9	26	18
	2301	1183	143.577788	20.953096	1.002112e+05	1.361867e+01	1.087051e+05	1.082181e+05	5.807702e+04	5.731091e+04	3.024152e+02	8.565637e+00	2020	9	27	0
	2296	1185	142.874664	21.140596	9.995750e+04	1.209814e+01	1.085079e+05	1.080230e+05	5.786386e+04	5.707359e+04	3.025615e+02	1.885821e+01	2020	9	27	6
	2290	1185	142.030914	21.140596	1.001286e+05	1.294795e+01	1.086404e+05	1.082192e+05	5.792957e+04	5.721268e+04	3.024695e+02	2.661133e+01	2020	9	27	12
	2281	1188	140.765291	21.421845	9.981109e+04	1.254053e+01	1.084448e+05	1.080066e+05	5.768657e+04	5.690105e+04	3.024806e+02	1.849697e+01	2020	9	27	18
	2276	1190	140.062166	21.609345	9.988403e+04	1.310370e+01	1.085876e+05	1.081129e+05	5.783279e+04	5.700738e+04	3.024645e+02	1.740407e+01	2020	9	28	0
	2271	1198	139.359042	22.359344	9.953442e+04	1.303224e+01	1.084260e+05	1.078821e+05	5.768810e+04	5.670857e+04	3.025740e+02	2.040652e+01	2020	9	28	6
	2263	1198	138.234043	22.359344	9.957202e+04	1.387378e+01	1.084892e+05	1.079717e+05	5.771820e+04	5.671237e+04	3.025174e+02	2.194299e+01	2020	9	28	12
	2259	1203	137.671544	22.828093	9.921829e+04	1.453043e+01	1.083248e+05	1.078013e+05	5.754321e+04	5.646185e+04	3.024753e+02	1.854687e+01	2020	9	28	18
	2251	1205	136.546545	23.015593	9.929977e+04	1.563425e+01	1.084555e+05	1.079656e+05	5.766442e+04	5.662118e+04	3.024637e+02	1.868516e+01	2020	9	29	0
	2245	1210	135.702796	23.484342	9.892117e+04	1.598945e+01	1.083213e+05	1.077613e+05	5.747556e+04	5.637269e+04	3.024712e+02	1.860837e+01	2020	9	29	6
	2241	1210	135.140297	23.484342	9.894608e+04	1.736491e+01	1.083760e+05	1.077469e+05	5.754761e+04	5.640619e+04	3.024360e+02	1.716552e+01	2020	9	29	12
	2235	1212	134.296547	23.671842	9.862489e+04	1.855314e+01	1.081561e+05	1.075886e+05	5.737677e+04	5.614525e+04	3.024058e+02	1.592518e+01	2020	9	29	18
	2231	1212	133.734048	23.671842	9.872984e+04	1.910860e+01	1.082968e+05	1.076669e+05	5.750380e+04	5.613676e+04	3.023665e+02	1.865959e+01	2020	9	30	0
	2228	1215	133.312174	23.953092	9.829436e+04	2.194899e+01	1.080875e+05	1.073169e+05	5.734074e+04	5.571516e+04	3.023664e+02	1.864458e+01	2020	9	30	6
	2223	1215	132.609049	23.953092	9.837241e+04	2.117660e+01	1.080643e+05	1.073178e+05	5.750422e+04	5.576649e+04	3.022880e+02	1.682008e+01	2020	9	30	12
	2218	1213	131.905925	23.765592	9.821171e+04	2.213707e+01	1.079049e+05	1.073331e+05	5.734842e+04	5.568770e+04	3.022895e+02	2.160432e+01	2020	9	30	18
	2214	1213	131.343426	23.765592	9.829741e+04	2.425447e+01	1.080438e+05	1.074628e+05	5.749307e+04	5.575887e+04	3.022104e+02	2.232106e+01	2020	10	1	0
	2209	1210	130.640301	23.484342	9.796749e+04	2.472143e+01	1.079907e+05	1.071367e+05	5.736956e+04	5.547108e+04	3.023304e+02	2.138183e+01	2020	10	1	6
	2202	1206	129.655927	23.109343	9.799415e+04	2.488174e+01	1.081419e+05	1.071824e+05	5.752744e+04	5.552857e+04	3.024612e+02	1.887324e+01	2020	10	1	12
	2195	1204	128.671553	22.921843	9.775159e+04	2.525607e+01	1.080937e+05	1.070557e+05	5.742098e+04	5.550439e+04	3.023735e+02	1.945654e+01	2020	10	1	18
	2188	1201	127.687179	22.640594	9.778920e+04	2.506414e+01	1.082421e+05	1.072032e+05	5.757855e+04	5.562709e+04	3.022475e+02	2.239655e+01	2020	10	2	0
	2177	1201	126.140306	22.640594	9.730657e+04	2.682765e+01	1.082176e+05	1.069471e+05	5.750046e+04	5.517124e+04	3.022244e+02	2.144681e+01	2020	10	2	6
	2168	1199	124.874682	22.453094	9.735254e+04	3.127488e+01	1.084359e+05	1.071258e+05	5.770150e+04	5.528395e+04	3.022299e+02	2.081328e+01	2020	10	2	12
	2159	1196	123.609059	22.171844	9.738075e+04	2.633099e+01	1.083258e+05	1.071317e+05	5.757414e+04	5.540464e+04	3.022813e+02	2.547451e+01	2020	10	2	18
	2151	1197	122.484060	22.265594	9.770162e+04	3.090869e+01	1.083465e+05	1.074864e+05	5.771256e+04	5.572627e+04	9.999000e+03	3.292865e+01	2020	10	3	0
	2136	1209	120.374687	23.390592	9.830069e+04	2.599486e+01	1.082514e+05	1.075813e+05	5.765648e+04	5.596693e+04	9.999000e+03	2.486251e+01	2020	10	3	6
	2133	1201	119.952812	22.640594	9.881041e+04	2.455969e+01	1.082691e+05	1.077499e+05	5.772217e+04	5.633403e+04	9.999000e+03	2.631383e+01	2020	10	3	12
	2125	1202	118.827814	22.734343	9.868095e+04	2.385815e+01	1.081146e+05	1.076870e+05	5.759977e+04	5.628094e+04	9.999000e+03	3.547930e+01	2020	10	3	18
	2120	1205	118.124689	23.015593	9.873261e+04	2.398828e+01	1.082071e+05	1.077771e+05	5.765407e+04	5.637315e+04	9.999000e+03	3.345974e+01	2020	10	4	0
	2113	1203	117.140315	22.828093	9.879940e+04	2.145486e+01	1.081304e+05	1.078108e+05	5.748645e+04	5.641559e+04	9.999000e+03	2.736894e+01	2020	10	4	6
	2107	1199	116.296566	22.453094	9.933990e+04	2.188254e+01	1.082204e+05	1.079816e+05	5.762561e+04	5.675402e+04	9.999000e+03	1.933400e+01	2020	10	4	12
	2098	1194	115.030943	21.984344	9.974858e+04	1.913837e+01	1.081060e+05	1.079550e+05	5.757565e+04	5.687263e+04	9.999000e+03	1.575812e+01	2020	10	4	18
	2095	1189	114.609068	21.515595	1.001487e+05	1.904657e+01	1.081970e+05	1.080257e+05	5.765712e+04	5.705963e+04	9.999000e+03	1.207279e+01	2020	10	5	0
	2090	1187	113.905944	21.328095	1.001518e+05	1.728608e+01	1.081632e+05	1.079667e+05	5.759590e+04	5.704586e+04	9.999000e+03	7.489495e+00	2020	10	5	6
	2085	1184	113.202819	21.046846	1.004253e+05	1.759540e+01	1.082833e+05	1.080864e+05	5.769872e+04	5.725638e+04	9.999000e+03	6.383924e+00	2020	10	5	12
	2078	1182	112.218445	20.859346	1.005472e+05	1.759340e+01	1.081483e+05	1.079369e+05	5.766858e+04	5.731002e+04	9.999000e+03	7.275332e+00	2020	10	5	18
	2076	1180	111.937196	20.671846	1.008038e+05	1.600587e+01	1.082602e+05	1.080655e+05	5.783748e+04	5.750789e+04	9.999000e+03	5.013563e+00	2020	10	6	0
	2073	1177	111.515321	20.390597	1.007629e+05	1.473876e+01	1.081949e+05	1.079757e+05	5.780244e+04	5.748652e+04	9.999000e+03	4.419818e+00	2020	10	6	6
	2069	1177	110.952822	20.390597	1.009774e+05	1.548808e+01	1.083442e+05	1.081174e+05	5.791097e+04	5.763491e+04	9.999000e+03	5.218577e+00	2020	10	6	12
start	38	2020	9	28	18
	552	1085	-102.375081	11.765609	1.009171e+05	1.339210e+01	1.082953e+05	1.080275e+05	5.796899e+04	5.759459e+04	3.032524e+02	1.756397e+01	2020	9	28	18
	546	1087	-103.218830	11.953108	1.006411e+05	1.129926e+01	1.081300e+05	1.078488e+05	5.780200e+04	5.736616e+04	3.033691e+02	1.217923e+01	2020	9	29	0
	536	1090	-104.625079	12.234358	1.008336e+05	1.200602e+01	1.083076e+05	1.080454e+05	5.798778e+04	5.747201e+04	3.033784e+02	2.309452e+01	2020	9	29	6
	523	1092	-106.453202	12.421858	1.005222e+05	1.279110e+01	1.081203e+05	1.078370e+05	5.780723e+04	5.711455e+04	3.033031e+02	2.227995e+01	2020	9	29	12
	514	1095	-107.718825	12.703107	1.006559e+05	1.330517e+01	1.083902e+05	1.081198e+05	5.806616e+04	5.733587e+04	3.032552e+02	2.001805e+01	2020	9	29	18
	504	1097	-109.125074	12.890607	1.002342e+05	1.399535e+01	1.081792e+05	1.078256e+05	5.779455e+04	5.701636e+04	3.029861e+02	1.742825e+01	2020	9	30	0
	491	1096	-110.953197	12.796857	1.003783e+05	1.557446e+01	1.083245e+05	1.080382e+05	5.796695e+04	5.721682e+04	3.029469e+02	2.544715e+01	2020	9	30	6
	480	1096	-112.500070	12.796857	9.998979e+04	1.633327e+01	1.081279e+05	1.076372e+05	5.771968e+04	5.689939e+04	3.028920e+02	2.760310e+01	2020	9	30	12
	470	1093	-113.906319	12.515608	1.002461e+05	1.740237e+01	1.083242e+05	1.078405e+05	5.796713e+04	5.707882e+04	3.028725e+02	2.403543e+01	2020	9	30	18
	461	1093	-115.171943	12.515608	9.986746e+04	1.701435e+01	1.081306e+05	1.075377e+05	5.776351e+04	5.677246e+04	3.027609e+02	1.667186e+01	2020	10	1	0
	451	1094	-116.578191	12.609357	1.000690e+05	1.826083e+01	1.082755e+05	1.077194e+05	5.795004e+04	5.697082e+04	3.027946e+02	2.581588e+01	2020	10	1	6
	441	1097	-117.984440	12.890607	9.964998e+04	1.912800e+01	1.080985e+05	1.074345e+05	5.770461e+04	5.662166e+04	3.028191e+02	3.175977e+01	2020	10	1	12
	432	1097	-119.250063	12.890607	9.979941e+04	1.992430e+01	1.083222e+05	1.075749e+05	5.793344e+04	5.670473e+04	3.028796e+02	3.648127e+01	2020	10	1	18
	424	1099	-120.375062	13.078107	9.940597e+04	2.010564e+01	1.080794e+05	1.072983e+05	5.768321e+04	5.640455e+04	3.028642e+02	3.119004e+01	2020	10	2	0
	415	1104	-121.640686	13.546856	9.953044e+04	2.116134e+01	1.082672e+05	1.076137e+05	5.789234e+04	5.651636e+04	3.027865e+02	3.356311e+01	2020	10	2	6
	405	1109	-123.046934	14.015606	9.904217e+04	2.248208e+01	1.079936e+05	1.074114e+05	5.765212e+04	5.621279e+04	3.026705e+02	3.398799e+01	2020	10	2	12
	396	1114	-124.312558	14.484355	9.921365e+04	2.289650e+01	1.082577e+05	1.076318e+05	5.788775e+04	5.635114e+04	3.025590e+02	3.385978e+01	2020	10	2	18
	389	1119	-125.296932	14.953104	9.867073e+04	2.364923e+01	1.080694e+05	1.073169e+05	5.766227e+04	5.592793e+04	3.025036e+02	3.548817e+01	2020	10	3	0
	380	1123	-126.562556	15.328104	9.882053e+04	2.555492e+01	1.082907e+05	1.073638e+05	5.788123e+04	5.602839e+04	3.024647e+02	3.731704e+01	2020	10	3	6
	372	1128	-127.687555	15.796853	9.856855e+04	2.401642e+01	1.080194e+05	1.071403e+05	5.765632e+04	5.589639e+04	3.022906e+02	2.870225e+01	2020	10	3	12
	367	1133	-128.390679	16.265602	9.894916e+04	2.426043e+01	1.082664e+05	1.075231e+05	5.787423e+04	5.629830e+04	3.020196e+02	2.450510e+01	2020	10	3	18
	362	1140	-129.093803	16.921851	9.873459e+04	2.510005e+01	1.080469e+05	1.074041e+05	5.765970e+04	5.609945e+04	3.015236e+02	2.778376e+01	2020	10	4	0
	356	1147	-129.937552	17.578101	9.890472e+04	2.674131e+01	1.082612e+05	1.076567e+05	5.789927e+04	5.636849e+04	3.013567e+02	2.866561e+01	2020	10	4	6
	352	1152	-130.500052	18.046850	9.859987e+04	2.562813e+01	1.080329e+05	1.073685e+05	5.765989e+04	5.616475e+04	3.012743e+02	2.443303e+01	2020	10	4	12
	347	1159	-131.203176	18.703099	9.911610e+04	2.526755e+01	1.082305e+05	1.076311e+05	5.787245e+04	5.648247e+04	3.008546e+02	2.359107e+01	2020	10	4	18
	342	1164	-131.906300	19.171848	9.858395e+04	2.706030e+01	1.080670e+05	1.075487e+05	5.773148e+04	5.643665e+04	3.006498e+02	1.925843e+01	2020	10	5	0
	339	1167	-132.328175	19.453098	9.909413e+04	2.337628e+01	1.081698e+05	1.077199e+05	5.795850e+04	5.665014e+04	3.004759e+02	1.542116e+01	2020	10	5	6
	331	1171	-133.453174	19.828097	9.897309e+04	2.511625e+01	1.079626e+05	1.075910e+05	5.775366e+04	5.660543e+04	3.003861e+02	1.653106e+01	2020	10	5	12
	325	1171	-134.296923	19.828097	9.922442e+04	2.393982e+01	1.081610e+05	1.077572e+05	5.786482e+04	5.677484e+04	3.003459e+02	1.149298e+01	2020	10	5	18
	320	1174	-135.000047	20.109347	9.919034e+04	2.201688e+01	1.078985e+05	1.074691e+05	5.764432e+04	5.656614e+04	3.000456e+02	8.491537e+00	2020	10	6	0
	315	1174	-135.703171	20.109347	9.953893e+04	2.092626e+01	1.080343e+05	1.075347e+05	5.774725e+04	5.687038e+04	2.997972e+02	1.063900e+01	2020	10	6	6
	314	1176	-135.843796	20.296847	9.943661e+04	2.090585e+01	1.077957e+05	1.072227e+05	5.747369e+04	5.673308e+04	2.996001e+02	1.256466e+01	2020	10	6	12
	312	1180	-136.125046	20.671846	9.971546e+04	1.844458e+01	1.080067e+05	1.073256e+05	5.766309e+04	5.694595e+04	2.992552e+02	1.247148e+01	2020	10	6	18
	309	1188	-136.546920	21.421845	9.949779e+04	1.909721e+01	1.077989e+05	1.071736e+05	5.746236e+04	5.670125e+04	2.991016e+02	1.410565e+01	2020	10	7	0
	308	1190	-136.687545	21.609345	9.976407e+04	1.898420e+01	1.080052e+05	1.072988e+05	5.766377e+04	5.684191e+04	2.989370e+02	8.301099e+00	2020	10	7	6
	308	1195	-136.687545	22.078094	9.976559e+04	1.804496e+01	1.077666e+05	1.069648e+05	5.751312e+04	5.677303e+04	2.984433e+02	7.261369e+00	2020	10	7	12
	308	1197	-136.687545	22.265594	1.001070e+05	1.689821e+01	1.080116e+05	1.070397e+05	5.776094e+04	5.708149e+04	2.981655e+02	9.365956e+00	2020	10	7	18
	311	1200	-136.265671	22.546844	1.000245e+05	1.589676e+01	1.078675e+05	1.068305e+05	5.756056e+04	5.697244e+04	2.980684e+02	1.115762e+01	2020	10	8	0
start	26	2020	10	10	12
	566	1097	-100.406333	12.890607	1.005329e+05	1.155703e+01	1.080990e+05	1.078255e+05	5.768153e+04	5.730834e+04	3.036754e+02	2.716462e+01	2020	10	10	12
	565	1097	-100.546958	12.890607	1.007168e+05	1.158826e+01	1.083253e+05	1.079958e+05	5.784717e+04	5.744343e+04	3.035784e+02	2.688570e+01	2020	10	10	18
	559	1097	-101.390707	12.890607	1.004504e+05	1.103307e+01	1.082024e+05	1.078411e+05	5.769464e+04	5.719041e+04	3.034799e+02	2.907225e+01	2020	10	11	0
	557	1104	-101.671957	13.546856	1.005837e+05	1.332667e+01	1.082776e+05	1.080319e+05	5.783791e+04	5.723295e+04	3.034216e+02	3.936338e+01	2020	10	11	6
	548	1118	-102.937580	14.859354	1.002509e+05	1.520306e+01	1.081386e+05	1.077968e+05	5.768375e+04	5.698135e+04	3.037161e+02	3.850132e+01	2020	10	11	12
	538	1117	-104.343829	14.765604	1.002711e+05	1.554855e+01	1.082531e+05	1.079772e+05	5.783496e+04	5.707691e+04	3.037897e+02	4.182371e+01	2020	10	11	18
	532	1121	-105.187578	15.140604	9.994752e+04	1.547192e+01	1.081038e+05	1.077474e+05	5.770168e+04	5.678140e+04	3.038073e+02	4.210331e+01	2020	10	12	0
	528	1123	-105.750077	15.328104	9.994638e+04	1.668695e+01	1.082371e+05	1.078173e+05	5.779404e+04	5.682118e+04	3.037130e+02	4.325573e+01	2020	10	12	6
	524	1128	-106.312577	15.796853	9.961081e+04	1.788596e+01	1.080891e+05	1.076027e+05	5.767506e+04	5.660856e+04	3.035693e+02	4.735675e+01	2020	10	12	12
	518	1128	-107.156326	15.796853	9.964166e+04	1.939879e+01	1.082918e+05	1.077605e+05	5.782638e+04	5.672267e+04	3.034010e+02	4.315662e+01	2020	10	12	18
	514	1128	-107.718825	15.796853	9.941112e+04	1.990579e+01	1.081291e+05	1.075248e+05	5.767697e+04	5.651918e+04	3.032223e+02	4.489532e+01	2020	10	13	0
	510	1128	-108.281325	15.796853	9.946662e+04	2.191312e+01	1.082781e+05	1.076297e+05	5.785579e+04	5.644864e+04	3.029942e+02	4.875962e+01	2020	10	13	6
	505	1127	-108.984449	15.703103	9.910825e+04	2.310335e+01	1.080927e+05	1.072911e+05	5.770053e+04	5.610041e+04	3.028736e+02	4.692015e+01	2020	10	13	12
	503	1125	-109.265699	15.515603	9.914288e+04	2.460921e+01	1.083048e+05	1.075235e+05	5.787090e+04	5.620320e+04	3.027945e+02	4.576394e+01	2020	10	13	18
	501	1126	-109.546948	15.609353	9.881006e+04	2.255484e+01	1.080661e+05	1.070947e+05	5.765251e+04	5.593646e+04	3.027186e+02	3.795224e+01	2020	10	14	0
	500	1130	-109.687573	15.984353	9.890948e+04	2.391415e+01	1.082047e+05	1.073275e+05	5.779701e+04	5.614073e+04	3.025982e+02	3.621381e+01	2020	10	14	6
	499	1135	-109.828198	16.453102	9.865584e+04	2.643257e+01	1.079866e+05	1.071512e+05	5.764223e+04	5.602434e+04	3.024320e+02	3.539925e+01	2020	10	14	12
	497	1140	-110.109448	16.921851	9.870669e+04	2.592734e+01	1.081850e+05	1.072973e+05	5.780645e+04	5.600305e+04	3.022984e+02	3.822010e+01	2020	10	14	18
	497	1147	-110.109448	17.578101	9.809729e+04	2.691489e+01	1.079108e+05	1.068568e+05	5.755388e+04	5.548954e+04	3.022887e+02	3.290855e+01	2020	10	15	0
	497	1152	-110.109448	18.046850	9.835995e+04	2.662234e+01	1.080526e+05	1.071133e+05	5.774249e+04	5.581511e+04	3.023980e+02	3.144698e+01	2020	10	15	6
	500	1157	-109.687573	18.515599	9.829210e+04	2.751255e+01	1.078360e+05	1.070961e+05	5.751887e+04	5.590670e+04	3.024726e+02	3.219387e+01	2020	10	15	12
	504	1161	-109.125074	18.890599	9.840805e+04	2.956980e+01	1.080393e+05	1.073311e+05	5.774181e+04	5.621626e+04	3.029236e+02	3.043489e+01	2020	10	15	18
	509	1166	-108.421950	19.359348	9.811942e+04	3.011179e+01	1.078644e+05	1.070094e+05	5.756925e+04	5.608229e+04	3.032765e+02	2.645609e+01	2020	10	16	0
	512	1171	-108.000075	19.828097	9.850977e+04	2.617494e+01	1.080689e+05	1.068465e+05	5.775243e+04	5.657484e+04	3.036949e+02	2.647484e+01	2020	10	16	6
	521	1181	-106.734451	20.765596	9.886149e+04	2.842776e+01	1.078916e+05	1.065703e+05	5.760857e+04	5.645352e+04	9.999000e+03	3.122100e+01	2020	10	16	12
	529	1192	-105.609453	21.796845	9.967634e+04	2.176675e+01	1.081250e+05	1.066163e+05	5.780910e+04	5.684543e+04	9.999000e+03	2.260041e+01	2020	10	16	18
start	24	2020	10	11	18
	2326	1166	147.093409	19.359348	9.961034e+04	1.344197e+01	1.080629e+05	1.077584e+05	5.740744e+04	5.680856e+04	3.027655e+02	1.316106e+01	2020	10	11	18
	2320	1169	146.249660	19.640598	9.974881e+04	1.394585e+01	1.082244e+05	1.079323e+05	5.756921e+04	5.699062e+04	3.028701e+02	1.048718e+01	2020	10	12	0
	2313	1174	145.265286	20.109347	9.949862e+04	1.069226e+01	1.081241e+05	1.077733e+05	5.736577e+04	5.680946e+04	3.032206e+02	1.890525e+01	2020	10	12	6
	2309	1174	144.702787	20.109347	9.966173e+04	1.035798e+01	1.082622e+05	1.079168e+05	5.743271e+04	5.694931e+04	3.027968e+02	2.014880e+01	2020	10	12	12
	2306	1176	144.280912	20.296847	9.940820e+04	1.017671e+01	1.080221e+05	1.077037e+05	5.724131e+04	5.673805e+04	3.026627e+02	1.491211e+01	2020	10	12	18
	2304	1176	143.999662	20.296847	9.960699e+04	1.000689e+01	1.082305e+05	1.079288e+05	5.739325e+04	5.693295e+04	3.026416e+02	1.570908e+01	2020	10	13	0
	2301	1178	143.577788	20.484347	9.934736e+04	1.038024e+01	1.080944e+05	1.077411e+05	5.723010e+04	5.672607e+04	3.025708e+02	2.202198e+01	2020	10	13	6
	2300	1181	143.437163	20.765596	9.954441e+04	1.028926e+01	1.083022e+05	1.079569e+05	5.746866e+04	5.688262e+04	3.024149e+02	2.269654e+01	2020	10	13	12
	2296	1185	142.874664	21.140596	9.931448e+04	1.035298e+01	1.080917e+05	1.077840e+05	5.722727e+04	5.667415e+04	3.022605e+02	1.766187e+01	2020	10	13	18
	2294	1185	142.593414	21.140596	9.949456e+04	1.049907e+01	1.083081e+05	1.079395e+05	5.745512e+04	5.681036e+04	3.022475e+02	2.122700e+01	2020	10	14	0
	2292	1190	142.312164	21.609345	9.920653e+04	1.162764e+01	1.082275e+05	1.078157e+05	5.722488e+04	5.659700e+04	3.022749e+02	1.912822e+01	2020	10	14	6
	2290	1190	142.030914	21.609345	9.935854e+04	1.248505e+01	1.083072e+05	1.079853e+05	5.740304e+04	5.671515e+04	3.022577e+02	2.101845e+01	2020	10	14	12
	2290	1195	142.030914	22.078094	9.915229e+04	1.271595e+01	1.081167e+05	1.077545e+05	5.724400e+04	5.657062e+04	3.022278e+02	1.779324e+01	2020	10	14	18
	2290	1200	142.030914	22.546844	9.934173e+04	1.323699e+01	1.083590e+05	1.079825e+05	5.748054e+04	5.680626e+04	3.021890e+02	1.979256e+01	2020	10	15	0
	2291	1204	142.171539	22.921843	9.909603e+04	1.264723e+01	1.083356e+05	1.077956e+05	5.731662e+04	5.662962e+04	3.023331e+02	2.121735e+01	2020	10	15	6
	2289	1209	141.890290	23.390592	9.934155e+04	1.354380e+01	1.085126e+05	1.079454e+05	5.752124e+04	5.686717e+04	3.021755e+02	1.658500e+01	2020	10	15	12
	2290	1217	142.030914	24.140591	9.926460e+04	1.407332e+01	1.083539e+05	1.076895e+05	5.746920e+04	5.676723e+04	3.021544e+02	1.427930e+01	2020	10	15	18
	2293	1226	142.452789	24.984340	9.962371e+04	1.647913e+01	1.087341e+05	1.078724e+05	5.780298e+04	5.705502e+04	3.021329e+02	1.251207e+01	2020	10	16	0
	2298	1236	143.155913	25.921839	9.956167e+04	1.835004e+01	1.087404e+05	1.076487e+05	5.777684e+04	5.692112e+04	3.022102e+02	1.221715e+01	2020	10	16	6
	2304	1243	143.999662	26.578088	9.994093e+04	1.962204e+01	1.089072e+05	1.077453e+05	5.799763e+04	5.705088e+04	3.020952e+02	1.197557e+01	2020	10	16	12
	2313	1255	145.265286	27.703087	1.000291e+05	1.737964e+01	1.088221e+05	1.075336e+05	5.799618e+04	5.686107e+04	3.014601e+02	1.042734e+01	2020	10	16	18
	2324	1277	146.812159	29.765584	1.004352e+05	1.947008e+01	1.090621e+05	1.072663e+05	5.829274e+04	5.667494e+04	3.011656e+02	1.222423e+01	2020	10	17	0
	2337	1286	148.640283	30.609332	1.005009e+05	2.039745e+01	1.089934e+05	1.072169e+05	5.824957e+04	5.666752e+04	3.009508e+02	1.160207e+01	2020	10	17	6
	2347	1286	150.046531	30.609332	1.009225e+05	1.938099e+01	1.090734e+05	1.073844e+05	5.839948e+04	5.697418e+04	3.006314e+02	6.545149e+00	2020	10	17	12
start	29	2020	10	26	18
	2326	1087	147.093409	11.953108	1.001337e+05	1.017382e+01	1.078482e+05	1.077125e+05	5.747968e+04	5.717531e+04	3.029457e+02	2.122976e+01	2020	10	26	18
	2311	1092	144.984036	12.421858	1.003805e+05	1.238523e+01	1.080476e+05	1.078990e+05	5.766320e+04	5.734645e+04	9.999000e+03	2.271376e+01	2020	10	27	0
	2308	1086	144.562162	11.859359	1.000263e+05	1.202010e+01	1.078590e+05	1.076586e+05	5.745478e+04	5.710606e+04	9.999000e+03	2.467137e+01	2020	10	27	6
	2307	1082	144.421537	11.484359	1.002020e+05	1.051012e+01	1.080735e+05	1.078713e+05	5.758397e+04	5.723982e+04	9.999000e+03	3.013386e+01	2020	10	27	12
	2296	1087	142.874664	11.953108	9.997955e+04	1.029957e+01	1.078733e+05	1.076234e+05	5.743009e+04	5.696885e+04	3.026886e+02	3.298645e+01	2020	10	27	18
	2290	1099	142.030914	13.078107	1.002215e+05	1.357978e+01	1.081419e+05	1.078359e+05	5.770304e+04	5.716027e+04	3.025682e+02	3.559065e+01	2020	10	28	0
	2287	1099	141.609040	13.078107	9.989892e+04	1.381212e+01	1.079524e+05	1.076125e+05	5.748142e+04	5.686586e+04	3.027398e+02	3.632068e+01	2020	10	28	6
	2277	1106	140.202791	13.734356	1.000929e+05	1.443321e+01	1.081192e+05	1.078587e+05	5.769981e+04	5.706232e+04	3.025688e+02	3.493614e+01	2020	10	28	12
	2269	1109	139.077792	14.015606	9.980329e+04	1.477013e+01	1.079864e+05	1.076183e+05	5.750330e+04	5.683514e+04	3.025464e+02	3.287881e+01	2020	10	28	18
	2267	1114	138.796543	14.484355	1.000143e+05	1.580100e+01	1.081450e+05	1.078602e+05	5.769492e+04	5.704265e+04	3.025371e+02	3.006731e+01	2020	10	29	0
	2260	1120	137.812169	15.046854	9.967444e+04	1.544192e+01	1.079822e+05	1.077249e+05	5.751477e+04	5.682507e+04	3.026745e+02	3.058424e+01	2020	10	29	6
	2258	1123	137.530919	15.328104	9.985501e+04	1.862893e+01	1.082250e+05	1.079163e+05	5.774574e+04	5.699298e+04	3.026255e+02	3.618111e+01	2020	10	29	12
	2249	1130	136.265295	15.984353	9.953026e+04	2.191826e+01	1.080326e+05	1.077227e+05	5.755871e+04	5.676234e+04	3.026619e+02	3.809623e+01	2020	10	29	18
	2240	1132	134.999672	16.171853	9.963309e+04	2.411609e+01	1.081589e+05	1.078296e+05	5.771289e+04	5.684872e+04	3.026462e+02	3.221995e+01	2020	10	30	0
	2239	1129	134.859047	15.890603	9.934993e+04	2.179841e+01	1.079639e+05	1.076144e+05	5.751507e+04	5.660719e+04	3.027429e+02	3.036782e+01	2020	10	30	6
	2232	1135	133.874673	16.453102	9.943081e+04	2.385080e+01	1.081634e+05	1.077178e+05	5.772151e+04	5.673157e+04	3.026473e+02	3.101241e+01	2020	10	30	12
	2229	1138	133.452798	16.734352	9.917307e+04	2.403116e+01	1.079222e+05	1.074231e+05	5.750706e+04	5.657807e+04	3.025889e+02	2.648306e+01	2020	10	30	18
	2222	1140	132.468424	16.921851	9.941366e+04	2.230479e+01	1.081218e+05	1.077118e+05	5.766482e+04	5.685588e+04	3.025465e+02	2.137829e+01	2020	10	31	0
	2219	1147	132.046550	17.578101	9.905056e+04	2.370398e+01	1.078653e+05	1.075618e+05	5.748301e+04	5.652098e+04	3.025401e+02	1.988993e+01	2020	10	31	6
	2215	1144	131.484050	17.296851	9.923962e+04	2.011734e+01	1.080702e+05	1.077610e+05	5.759221e+04	5.677251e+04	3.024706e+02	1.973921e+01	2020	10	31	12
	2211	1147	130.921551	17.578101	9.903453e+04	2.120952e+01	1.078338e+05	1.075723e+05	5.741912e+04	5.655589e+04	3.022419e+02	2.199599e+01	2020	10	31	18
	2210	1149	130.780926	17.765600	9.909458e+04	2.361463e+01	1.080218e+05	1.076231e+05	5.755964e+04	5.654063e+04	3.020707e+02	1.954083e+01	2020	11	1	0
	2210	1149	130.780926	17.765600	9.876691e+04	2.260082e+01	1.078040e+05	1.074463e+05	5.741680e+04	5.636087e+04	3.021005e+02	1.924961e+01	2020	11	1	6
	2210	1152	130.780926	18.046850	9.896851e+04	2.395701e+01	1.080079e+05	1.076700e+05	5.764010e+04	5.661385e+04	3.018362e+02	2.014581e+01	2020	11	1	12
	2210	1154	130.780926	18.234350	9.868921e+04	2.619323e+01	1.077999e+05	1.074068e+05	5.744159e+04	5.640655e+04	3.016560e+02	1.218531e+01	2020	11	1	18
	2209	1153	130.640301	18.140600	9.926179e+04	1.935243e+01	1.080631e+05	1.075432e+05	5.770241e+04	5.704562e+04	3.017264e+02	8.963326e+00	2020	11	2	0
	2208	1151	130.499676	17.953100	9.930051e+04	1.856641e+01	1.079484e+05	1.075238e+05	5.757759e+04	5.717566e+04	3.018032e+02	1.153002e+01	2020	11	2	6
	2205	1149	130.077802	17.765600	9.974579e+04	1.698153e+01	1.081354e+05	1.077367e+05	5.776662e+04	5.752478e+04	3.018833e+02	1.359822e+01	2020	11	2	12
	2202	1146	129.655927	17.484351	9.975122e+04	1.543423e+01	1.079639e+05	1.075967e+05	5.762177e+04	5.738718e+04	3.021022e+02	8.745334e+00	2020	11	2	18
start	22	2020	11	22	6
	2233	1051	134.015298	8.578113	1.001843e+05	1.155502e+01	1.078695e+05	1.075796e+05	5.742769e+04	5.709507e+04	3.031509e+02	2.068208e+01	2020	11	22	6
	2232	1058	133.874673	9.234362	1.003453e+05	1.365330e+01	1.080353e+05	1.077980e+05	5.765196e+04	5.717783e+04	3.029207e+02	2.244647e+01	2020	11	22	12
	2224	1059	132.749674	9.328112	1.000769e+05	1.392722e+01	1.078770e+05	1.076131e+05	5.746510e+04	5.698014e+04	3.030030e+02	2.099313e+01	2020	11	22	18
	2216	1057	131.624675	9.140612	1.003261e+05	1.478874e+01	1.080861e+05	1.078620e+05	5.768173e+04	5.720945e+04	3.030403e+02	2.956135e+01	2020	11	23	0
	2207	1057	130.359052	9.140612	9.992927e+04	1.531631e+01	1.078772e+05	1.076552e+05	5.745012e+04	5.690126e+04	3.031018e+02	3.318865e+01	2020	11	23	6
	2200	1057	129.374678	9.140612	1.001534e+05	1.503231e+01	1.081310e+05	1.077895e+05	5.764555e+04	5.716620e+04	3.029899e+02	2.675977e+01	2020	11	23	12
	2195	1057	128.671553	9.140612	9.993534e+04	1.430871e+01	1.079006e+05	1.076123e+05	5.744057e+04	5.698192e+04	3.029252e+02	2.571437e+01	2020	11	23	18
	2188	1058	127.687179	9.234362	1.002039e+05	1.542274e+01	1.081472e+05	1.078252e+05	5.767995e+04	5.721197e+04	9.999000e+03	2.992638e+01	2020	11	24	0
	2181	1063	126.702805	9.703112	9.991109e+04	1.683833e+01	1.079171e+05	1.076735e+05	5.750973e+04	5.702601e+04	9.999000e+03	2.539714e+01	2020	11	24	6
	2173	1072	125.577807	10.546860	1.002667e+05	1.688978e+01	1.081223e+05	1.078525e+05	5.774792e+04	5.718749e+04	9.999000e+03	2.167383e+01	2020	11	24	12
	2161	1073	123.890308	10.640610	1.001011e+05	1.552475e+01	1.079305e+05	1.076850e+05	5.755625e+04	5.704262e+04	9.999000e+03	2.747707e+01	2020	11	24	18
	2146	1073	121.780936	10.640610	1.003013e+05	1.859988e+01	1.081060e+05	1.078581e+05	5.778062e+04	5.720846e+04	9.999000e+03	3.040706e+01	2020	11	25	0
	2141	1073	121.077811	10.640610	9.994786e+04	1.747340e+01	1.079045e+05	1.076963e+05	5.754942e+04	5.696765e+04	9.999000e+03	2.369906e+01	2020	11	25	6
	2137	1078	120.515312	11.109360	1.000991e+05	1.753633e+01	1.081788e+05	1.079185e+05	5.781071e+04	5.713147e+04	9.999000e+03	2.563838e+01	2020	11	25	12
	2130	1085	119.530938	11.765609	9.989856e+04	1.900844e+01	1.079623e+05	1.076840e+05	5.763353e+04	5.703598e+04	9.999000e+03	2.868629e+01	2020	11	25	18
	2122	1090	118.405939	12.234358	9.991484e+04	2.249843e+01	1.081309e+05	1.078960e+05	5.777687e+04	5.716241e+04	9.999000e+03	2.507410e+01	2020	11	26	0
	2117	1094	117.702815	12.609357	9.975984e+04	2.107457e+01	1.079689e+05	1.078013e+05	5.756092e+04	5.709652e+04	3.027806e+02	2.178262e+01	2020	11	26	6
	2114	1095	117.280940	12.703107	9.992111e+04	2.125068e+01	1.081556e+05	1.079800e+05	5.775330e+04	5.725619e+04	3.026587e+02	2.230888e+01	2020	11	26	12
	2110	1097	116.718441	12.890607	9.991940e+04	1.783714e+01	1.079821e+05	1.078076e+05	5.764754e+04	5.723485e+04	3.025248e+02	2.312239e+01	2020	11	26	18
	2110	1099	116.718441	13.078107	9.995669e+04	2.295468e+01	1.081589e+05	1.078678e+05	5.773701e+04	5.725676e+04	3.024373e+02	2.155639e+01	2020	11	27	0
	2107	1099	116.296566	13.078107	9.974854e+04	2.121391e+01	1.079273e+05	1.077099e+05	5.756635e+04	5.714688e+04	3.023527e+02	9.591959e+00	2020	11	27	6
	2106	1101	116.155941	13.265607	1.000080e+05	1.660165e+01	1.080998e+05	1.078504e+05	5.770773e+04	5.750964e+04	3.022271e+02	1.004219e+01	2020	11	27	12
start	32	2021	1	3	12
	1817	838	75.515359	-11.390609	1.002057e+05	1.486700e+01	1.079456e+05	1.076376e+05	5.742179e+04	5.708978e+04	3.031051e+02	3.034874e+01	2021	1	3	12
	1812	825	74.812234	-12.609357	1.004366e+05	1.053213e+01	1.081389e+05	1.078939e+05	5.760322e+04	5.733267e+04	3.025680e+02	3.833619e+01	2021	1	3	18
	1818	825	75.655984	-12.609357	1.001390e+05	1.095889e+01	1.078917e+05	1.075482e+05	5.742821e+04	5.704180e+04	3.025211e+02	3.318862e+01	2021	1	4	0
	1818	828	75.655984	-12.328108	1.002744e+05	1.266409e+01	1.081181e+05	1.078020e+05	5.757820e+04	5.720208e+04	3.025026e+02	2.637992e+01	2021	1	4	6
	1819	810	75.796608	-14.015606	1.000455e+05	1.340283e+01	1.080077e+05	1.076926e+05	5.753113e+04	5.703200e+04	3.025542e+02	2.600541e+01	2021	1	4	12
	1814	811	75.093484	-13.921856	1.002515e+05	1.382664e+01	1.081807e+05	1.078795e+05	5.769795e+04	5.717034e+04	3.022354e+02	3.183589e+01	2021	1	4	18
	1815	811	75.234109	-13.921856	9.998762e+04	1.497482e+01	1.080471e+05	1.076788e+05	5.748519e+04	5.692159e+04	3.022153e+02	2.508224e+01	2021	1	5	0
	1818	803	75.655984	-14.671855	1.001143e+05	1.512436e+01	1.082667e+05	1.078953e+05	5.772661e+04	5.708724e+04	3.020245e+02	1.883801e+01	2021	1	5	6
	1808	796	74.249735	-15.328104	9.989722e+04	1.636210e+01	1.081507e+05	1.077587e+05	5.759612e+04	5.690797e+04	3.018655e+02	1.480764e+01	2021	1	5	12
	1797	797	72.702862	-15.234354	1.001277e+05	1.594368e+01	1.083231e+05	1.079666e+05	5.776168e+04	5.714944e+04	3.016870e+02	2.325827e+01	2021	1	5	18
	1791	796	71.859113	-15.328104	9.978152e+04	1.759983e+01	1.080931e+05	1.076867e+05	5.750294e+04	5.691372e+04	3.015742e+02	2.531655e+01	2021	1	6	0
	1792	794	71.999737	-15.515603	9.985651e+04	1.663794e+01	1.082558e+05	1.078682e+05	5.767988e+04	5.700427e+04	3.016104e+02	1.983868e+01	2021	1	6	6
	1783	781	70.734114	-16.734352	9.955894e+04	1.885402e+01	1.081561e+05	1.077325e+05	5.757788e+04	5.677306e+04	3.015253e+02	2.117888e+01	2021	1	6	12
	1778	787	70.030989	-16.171853	9.976058e+04	1.877320e+01	1.082548e+05	1.078701e+05	5.773575e+04	5.691748e+04	3.012255e+02	2.155784e+01	2021	1	6	18
	1772	774	69.187240	-17.390601	9.954002e+04	1.906846e+01	1.080317e+05	1.075410e+05	5.756789e+04	5.665469e+04	3.007548e+02	1.278026e+01	2021	1	7	0
	1763	780	67.921617	-16.828102	9.969918e+04	1.870764e+01	1.082027e+05	1.078165e+05	5.768453e+04	5.678181e+04	3.006419e+02	8.802539e+00	2021	1	7	6
	1760	774	67.499742	-17.390601	9.949561e+04	1.859677e+01	1.080706e+05	1.076189e+05	5.756295e+04	5.658465e+04	3.006142e+02	1.480771e+01	2021	1	7	12
	1747	775	65.671619	-17.296851	9.966262e+04	1.876218e+01	1.081091e+05	1.076654e+05	5.772020e+04	5.670523e+04	3.011365e+02	1.877790e+01	2021	1	7	18
	1744	772	65.249744	-17.578101	9.931646e+04	1.818879e+01	1.079127e+05	1.073717e+05	5.750173e+04	5.640382e+04	3.010621e+02	9.687759e+00	2021	1	8	0
	1734	772	63.843496	-17.578101	9.949898e+04	1.819966e+01	1.080924e+05	1.075800e+05	5.767657e+04	5.659870e+04	3.011354e+02	9.768878e+00	2021	1	8	6
	1725	767	62.577872	-18.046850	9.929203e+04	2.023189e+01	1.079338e+05	1.073682e+05	5.754156e+04	5.633627e+04	3.008148e+02	1.956171e+01	2021	1	8	12
	1717	760	61.452873	-18.703099	9.940535e+04	2.069458e+01	1.080629e+05	1.075397e+05	5.773077e+04	5.637707e+04	3.006663e+02	2.168873e+01	2021	1	8	18
	1708	755	60.187250	-19.171848	9.906441e+04	2.201782e+01	1.078814e+05	1.072934e+05	5.756486e+04	5.611840e+04	3.008292e+02	1.555504e+01	2021	1	9	0
	1704	748	59.624750	-19.828097	9.939755e+04	2.196657e+01	1.081390e+05	1.076203e+05	5.777175e+04	5.650568e+04	9.999000e+03	1.707768e+01	2021	1	9	6
	1698	736	58.781001	-20.953096	9.928200e+04	2.236254e+01	1.080281e+05	1.074050e+05	5.765179e+04	5.658893e+04	9.999000e+03	2.184445e+01	2021	1	9	12
	1694	729	58.218502	-21.609345	9.932822e+04	2.285839e+01	1.082275e+05	1.075109e+05	5.788461e+04	5.685256e+04	9.999000e+03	1.869009e+01	2021	1	9	18
	1693	719	58.077877	-22.546844	9.929207e+04	2.019976e+01	1.080622e+05	1.073414e+05	5.774637e+04	5.699172e+04	2.999072e+02	1.309152e+01	2021	1	10	0
	1691	705	57.796627	-23.859342	9.972652e+04	2.061521e+01	1.083271e+05	1.073947e+05	5.797889e+04	5.728720e+04	2.988691e+02	1.362613e+01	2021	1	10	6
	1689	693	57.515377	-24.984340	9.970735e+04	1.799384e+01	1.082217e+05	1.073190e+05	5.784866e+04	5.710879e+04	2.986502e+02	1.833218e+01	2021	1	10	12
	1688	679	57.374753	-26.296838	9.992473e+04	1.970027e+01	1.083888e+05	1.071871e+05	5.803109e+04	5.723364e+04	2.984229e+02	1.018340e+01	2021	1	10	18
	1695	667	58.359127	-27.421837	9.994516e+04	1.741540e+01	1.081345e+05	1.068384e+05	5.790941e+04	5.710284e+04	2.980417e+02	3.925906e+00	2021	1	11	0
	1700	652	59.062251	-28.828085	1.002139e+05	1.656876e+01	1.082429e+05	1.065325e+05	5.805449e+04	5.713782e+04	2.973310e+02	4.473110e+00	2021	1	11	6
start	33	2021	1	13	0
	2142	813	121.218436	-13.734356	1.001005e+05	1.113764e+01	1.082177e+05	1.079260e+05	5.763002e+04	5.706206e+04	3.055593e+02	3.523920e+01	2021	1	13	0
	2133	821	119.952812	-12.984357	9.977493e+04	1.551360e+01	1.081135e+05	1.078131e+05	5.757741e+04	5.674233e+04	3.054670e+02	4.472689e+01	2021	1	13	6
	2128	826	119.249688	-12.515608	9.982815e+04	1.553486e+01	1.082724e+05	1.079026e+05	5.760653e+04	5.679398e+04	3.053504e+02	4.900123e+01	2021	1	13	12
	2124	820	118.687189	-13.078107	9.952641e+04	1.622934e+01	1.081315e+05	1.076133e+05	5.743413e+04	5.651759e+04	3.052308e+02	5.762109e+01	2021	1	13	18
	2111	813	116.859066	-13.734356	9.955366e+04	1.639229e+01	1.082914e+05	1.075400e+05	5.759686e+04	5.653833e+04	3.051425e+02	5.163990e+01	2021	1	14	0
	2107	813	116.296566	-13.734356	9.902820e+04	2.216606e+01	1.081639e+05	1.074128e+05	5.747743e+04	5.637084e+04	3.049885e+02	4.120615e+01	2021	1	14	6
	2096	803	114.749693	-14.671855	9.913374e+04	1.984631e+01	1.083378e+05	1.076390e+05	5.765104e+04	5.659887e+04	3.047919e+02	3.702429e+01	2021	1	14	12
	2096	796	114.749693	-15.328104	9.904304e+04	2.153101e+01	1.082600e+05	1.076219e+05	5.740140e+04	5.658009e+04	3.047021e+02	3.866086e+01	2021	1	14	18
	2087	793	113.484069	-15.609353	9.908259e+04	2.319573e+01	1.082449e+05	1.077322e+05	5.744218e+04	5.673548e+04	3.043527e+02	2.641908e+01	2021	1	15	0
	2085	782	113.202819	-16.640602	9.893770e+04	2.057088e+01	1.082029e+05	1.077619e+05	5.740689e+04	5.664658e+04	3.040734e+02	1.661580e+01	2021	1	15	6
	2085	782	113.202819	-16.640602	9.912023e+04	2.082161e+01	1.083002e+05	1.078833e+05	5.760225e+04	5.680650e+04	3.039253e+02	1.526560e+01	2021	1	15	12
	2085	772	113.202819	-17.578101	9.920783e+04	1.779891e+01	1.081511e+05	1.078712e+05	5.747642e+04	5.689534e+04	3.034822e+02	1.628915e+01	2021	1	15	18
	2083	765	112.921570	-18.234350	9.938412e+04	1.621847e+01	1.082978e+05	1.079409e+05	5.761886e+04	5.705511e+04	3.028782e+02	1.217346e+01	2021	1	16	0
	2080	758	112.499695	-18.890599	9.930330e+04	1.612911e+01	1.082573e+05	1.079983e+05	5.750566e+04	5.704304e+04	3.024441e+02	8.009518e+00	2021	1	16	6
	2080	751	112.499695	-19.546848	9.948725e+04	1.373445e+01	1.083867e+05	1.081336e+05	5.764669e+04	5.717807e+04	3.024380e+02	1.144271e+01	2021	1	16	12
	2078	751	112.218445	-19.546848	9.946727e+04	1.444817e+01	1.082521e+05	1.080091e+05	5.750895e+04	5.708524e+04	3.021944e+02	1.259802e+01	2021	1	16	18
	2074	748	111.655946	-19.828097	9.958009e+04	1.391079e+01	1.082559e+05	1.080240e+05	5.759251e+04	5.712761e+04	3.019616e+02	9.102901e+00	2021	1	17	0
	2075	746	111.796571	-20.015597	9.956977e+04	1.393291e+01	1.082702e+05	1.079822e+05	5.754112e+04	5.701450e+04	3.019561e+02	8.956410e+00	2021	1	17	6
	2071	743	111.234072	-20.296847	9.961349e+04	1.473492e+01	1.083325e+05	1.081265e+05	5.755804e+04	5.701919e+04	3.016164e+02	1.035180e+01	2021	1	17	12
	2071	749	111.234072	-19.734348	9.955138e+04	1.529439e+01	1.082247e+05	1.079265e+05	5.741870e+04	5.692961e+04	3.015455e+02	1.384797e+01	2021	1	17	18
	2069	743	110.952822	-20.296847	9.968977e+04	1.532944e+01	1.082402e+05	1.079797e+05	5.754055e+04	5.697030e+04	3.011058e+02	6.406591e+00	2021	1	18	0
	2067	743	110.671572	-20.296847	9.961437e+04	1.449930e+01	1.083183e+05	1.079730e+05	5.749969e+04	5.689261e+04	3.012423e+02	4.271371e+00	2021	1	18	6
	2068	739	110.812197	-20.671846	9.968462e+04	1.254690e+01	1.084048e+05	1.080856e+05	5.759008e+04	5.704970e+04	3.011819e+02	9.458781e+00	2021	1	18	12
	2067	736	110.671572	-20.953096	9.965413e+04	1.224105e+01	1.082925e+05	1.079947e+05	5.747246e+04	5.703902e+04	3.011198e+02	1.299033e+01	2021	1	18	18
	2063	736	110.109073	-20.953096	9.973173e+04	1.510125e+01	1.083663e+05	1.080273e+05	5.762221e+04	5.715084e+04	3.010699e+02	5.062418e+00	2021	1	19	0
	2062	727	109.968448	-21.796845	9.973957e+04	1.268578e+01	1.083855e+05	1.080357e+05	5.758098e+04	5.719073e+04	3.010048e+02	4.393031e+00	2021	1	19	6
	2061	722	109.827823	-22.265594	9.990624e+04	1.251292e+01	1.085206e+05	1.080980e+05	5.771023e+04	5.726368e+04	3.007059e+02	6.933637e+00	2021	1	19	12
	2060	719	109.687198	-22.546844	9.995492e+04	1.142935e+01	1.083571e+05	1.079953e+05	5.762021e+04	5.725807e+04	3.004353e+02	6.607952e+00	2021	1	19	18
	2060	714	109.687198	-23.015593	1.001231e+05	1.269461e+01	1.084600e+05	1.079427e+05	5.771974e+04	5.737295e+04	2.997867e+02	4.075924e+00	2021	1	20	0
	2061	710	109.827823	-23.390592	1.001192e+05	1.279485e+01	1.084630e+05	1.079227e+05	5.770760e+04	5.737561e+04	2.998753e+02	4.338538e+00	2021	1	20	6
	2061	707	109.827823	-23.671842	1.002425e+05	1.450953e+01	1.086048e+05	1.079747e+05	5.783899e+04	5.747733e+04	2.996974e+02	4.023264e+00	2021	1	20	12
	2063	707	110.109073	-23.671842	1.002938e+05	1.274477e+01	1.083907e+05	1.079326e+05	5.776120e+04	5.746684e+04	3.000062e+02	4.067340e+00	2021	1	20	18
	2063	707	110.109073	-23.671842	1.005126e+05	1.371944e+01	1.084939e+05	1.079058e+05	5.789441e+04	5.758396e+04	2.998703e+02	3.416405e+00	2021	1	21	0
start	55	2021	1	14	12
	2298	849	143.155913	-10.359361	1.004602e+05	1.257336e+01	1.082714e+05	1.080491e+05	5.770438e+04	5.729509e+04	9.999000e+03	2.129805e+01	2021	1	14	12
	2302	849	143.718413	-10.359361	1.000854e+05	1.410577e+01	1.080017e+05	1.077508e+05	5.747946e+04	5.695773e+04	9.999000e+03	2.671858e+01	2021	1	14	18
	2299	849	143.296538	-10.359361	1.002899e+05	1.531720e+01	1.082508e+05	1.079951e+05	5.767095e+04	5.709547e+04	9.999000e+03	2.588292e+01	2021	1	15	0
	2306	849	144.280912	-10.359361	9.990301e+04	1.614620e+01	1.080618e+05	1.078233e+05	5.740222e+04	5.689225e+04	9.999000e+03	2.109480e+01	2021	1	15	6
	2307	841	144.421537	-11.109360	1.001058e+05	1.538453e+01	1.082520e+05	1.080133e+05	5.766358e+04	5.715326e+04	9.999000e+03	2.784578e+01	2021	1	15	12
	2308	837	144.562162	-11.484359	9.968783e+04	1.771054e+01	1.079724e+05	1.075776e+05	5.737168e+04	5.669488e+04	9.999000e+03	2.983685e+01	2021	1	15	18
	2309	830	144.702787	-12.140608	9.995878e+04	1.797658e+01	1.081333e+05	1.077302e+05	5.761972e+04	5.676472e+04	9.999000e+03	2.604512e+01	2021	1	16	0
	2312	827	145.124661	-12.421858	9.955191e+04	1.760358e+01	1.079367e+05	1.074924e+05	5.737526e+04	5.643175e+04	9.999000e+03	2.007711e+01	2021	1	16	6
	2316	827	145.687161	-12.421858	9.977223e+04	1.753248e+01	1.081209e+05	1.077444e+05	5.761666e+04	5.666462e+04	3.029346e+02	2.341818e+01	2021	1	16	12
	2323	820	146.671535	-13.078107	9.925619e+04	1.911270e+01	1.078140e+05	1.073673e+05	5.740575e+04	5.620850e+04	3.031010e+02	2.772678e+01	2021	1	16	18
	2329	815	147.515284	-13.546856	9.938601e+04	2.108410e+01	1.080772e+05	1.075852e+05	5.768260e+04	5.631663e+04	3.031630e+02	2.895343e+01	2021	1	17	0
	2335	810	148.359033	-14.015606	9.898243e+04	2.407397e+01	1.078469e+05	1.072407e+05	5.735375e+04	5.595559e+04	3.031957e+02	2.206211e+01	2021	1	17	6
	2343	806	149.484032	-14.390605	9.914912e+04	2.311575e+01	1.080983e+05	1.074319e+05	5.764623e+04	5.615398e+04	3.032470e+02	2.639630e+01	2021	1	17	12
	2352	803	150.749655	-14.671855	9.880359e+04	2.267796e+01	1.078515e+05	1.072059e+05	5.737477e+04	5.594025e+04	3.033048e+02	3.627149e+01	2021	1	17	18
	2360	798	151.874654	-15.140604	9.904467e+04	2.324051e+01	1.080895e+05	1.074240e+05	5.763242e+04	5.615435e+04	3.032069e+02	3.248775e+01	2021	1	18	0
	2372	798	153.562152	-15.140604	9.881583e+04	2.355550e+01	1.079617e+05	1.072590e+05	5.739943e+04	5.602308e+04	3.029957e+02	2.499206e+01	2021	1	18	6
	2381	798	154.827776	-15.140604	9.902473e+04	2.160675e+01	1.081518e+05	1.075420e+05	5.764005e+04	5.637041e+04	3.030753e+02	2.764888e+01	2021	1	18	12
	2387	798	155.671525	-15.140604	9.861098e+04	2.455115e+01	1.079195e+05	1.074164e+05	5.740382e+04	5.621077e+04	3.031068e+02	2.474949e+01	2021	1	18	18
	2393	799	156.515274	-15.046854	9.881818e+04	2.420904e+01	1.081432e+05	1.076571e+05	5.758439e+04	5.646788e+04	3.030850e+02	2.117661e+01	2021	1	19	0
	2398	798	157.218399	-15.140604	9.845031e+04	2.654314e+01	1.079762e+05	1.074882e+05	5.732738e+04	5.622480e+04	3.031411e+02	1.757069e+01	2021	1	19	6
	2402	800	157.780898	-14.953104	9.871788e+04	2.548207e+01	1.081450e+05	1.076660e+05	5.756390e+04	5.645645e+04	3.031458e+02	1.575964e+01	2021	1	19	12
	2405	802	158.202773	-14.765604	9.867141e+04	2.036466e+01	1.078911e+05	1.073757e+05	5.732324e+04	5.649177e+04	3.031975e+02	1.531883e+01	2021	1	19	18
	2410	801	158.905897	-14.859354	9.867682e+04	2.345305e+01	1.081283e+05	1.075546e+05	5.751925e+04	5.658789e+04	3.029265e+02	1.756031e+01	2021	1	20	0
	2410	802	158.905897	-14.765604	9.848828e+04	2.212106e+01	1.078860e+05	1.074096e+05	5.726318e+04	5.661835e+04	3.029892e+02	1.739381e+01	2021	1	20	6
	2414	802	159.468396	-14.765604	9.904504e+04	1.840209e+01	1.080790e+05	1.076382e+05	5.750849e+04	5.699948e+04	3.029334e+02	2.081683e+01	2021	1	20	12
	2416	801	159.749646	-14.859354	9.880252e+04	2.069364e+01	1.079701e+05	1.073289e+05	5.730127e+04	5.664987e+04	3.028810e+02	1.982169e+01	2021	1	20	18
	2416	798	159.749646	-15.140604	9.882004e+04	2.294182e+01	1.080588e+05	1.074477e+05	5.748664e+04	5.667666e+04	3.028010e+02	1.323722e+01	2021	1	21	0
	2417	798	159.890271	-15.140604	9.892621e+04	1.705149e+01	1.078299e+05	1.072662e+05	5.726981e+04	5.690192e+04	3.028676e+02	1.716138e+01	2021	1	21	6
	2417	798	159.890271	-15.140604	9.933935e+04	1.770530e+01	1.080724e+05	1.075862e+05	5.751680e+04	5.711548e+04	3.027797e+02	1.564413e+01	2021	1	21	12
	2416	799	159.749646	-15.046854	9.925290e+04	1.670561e+01	1.078758e+05	1.073882e+05	5.731298e+04	5.700442e+04	3.027195e+02	1.193045e+01	2021	1	21	18
	2415	799	159.609021	-15.046854	9.960699e+04	1.508893e+01	1.081799e+05	1.077726e+05	5.755766e+04	5.731557e+04	3.027393e+02	1.802741e+01	2021	1	22	0
	2415	796	159.609021	-15.328104	9.943158e+04	1.563155e+01	1.080613e+05	1.075861e+05	5.736376e+04	5.711636e+04	3.027500e+02	2.366301e+01	2021	1	22	6
	2410	796	158.905897	-15.328104	9.971334e+04	1.637419e+01	1.082653e+05	1.078437e+05	5.761543e+04	5.724611e+04	3.024276e+02	2.019354e+01	2021	1	22	12
	2410	797	158.905897	-15.234354	9.947446e+04	1.680214e+01	1.080336e+05	1.075843e+05	5.730573e+04	5.703764e+04	3.023098e+02	1.552058e+01	2021	1	22	18
	2410	797	158.905897	-15.234354	9.973427e+04	1.482631e+01	1.082079e+05	1.078242e+05	5.755601e+04	5.723636e+04	3.023368e+02	1.205012e+01	2021	1	23	0
	2410	799	158.905897	-15.046854	9.952853e+04	1.409321e+01	1.080460e+05	1.077545e+05	5.732948e+04	5.703219e+04	3.024992e+02	1.534288e+01	2021	1	23	6
	2410	799	158.905897	-15.046854	9.980866e+04	1.487615e+01	1.082466e+05	1.079635e+05	5.757629e+04	5.719886e+04	3.023042e+02	1.843592e+01	2021	1	23	12
	2413	804	159.327771	-14.578105	9.953845e+04	1.501765e+01	1.080158e+05	1.077458e+05	5.733920e+04	5.695937e+04	3.027309e+02	1.338440e+01	2021	1	23	18
	2416	809	159.749646	-14.109355	9.979062e+04	1.482774e+01	1.082028e+05	1.079920e+05	5.756386e+04	5.716961e+04	3.029647e+02	1.887880e+01	2021	1	24	0
	2426	816	161.155894	-13.453106	9.952744e+04	1.607989e+01	1.080249e+05	1.078095e+05	5.735971e+04	5.697480e+04	3.032934e+02	2.221875e+01	2021	1	24	6
	2432	821	161.999644	-12.984357	9.949051e+04	1.839255e+01	1.082497e+05	1.078837e+05	5.765066e+04	5.695081e+04	3.035281e+02	2.593878e+01	2021	1	24	12
	2443	831	163.546517	-12.046858	9.922573e+04	1.893987e+01	1.080442e+05	1.076546e+05	5.738512e+04	5.669086e+04	9.999000e+03	3.100331e+01	2021	1	24	18
	2452	833	164.812141	-11.859359	9.933941e+04	1.835163e+01	1.082474e+05	1.078875e+05	5.750355e+04	5.678641e+04	3.031206e+02	2.954899e+01	2021	1	25	0
	2462	840	166.218389	-11.203109	9.907524e+04	2.063405e+01	1.081526e+05	1.077508e+05	5.729368e+04	5.666404e+04	3.032277e+02	3.762657e+01	2021	1	25	6
	2474	845	167.905887	-10.734360	9.915584e+04	2.342951e+01	1.082452e+05	1.079036e+05	5.747570e+04	5.674161e+04	3.032017e+02	4.787302e+01	2021	1	25	12
	2483	845	169.171511	-10.734360	9.887773e+04	2.164980e+01	1.080974e+05	1.074810e+05	5.730750e+04	5.644862e+04	3.031515e+02	3.566451e+01	2021	1	25	18
	2497	845	171.140259	-10.734360	9.901025e+04	2.407848e+01	1.082685e+05	1.077386e+05	5.740302e+04	5.667509e+04	3.030867e+02	3.229868e+01	2021	1	26	0
	2511	842	173.109007	-11.015610	9.886790e+04	2.380507e+01	1.082838e+05	1.078172e+05	5.733774e+04	5.662134e+04	3.029909e+02	3.961608e+01	2021	1	26	6
	2521	832	174.515256	-11.953108	9.906880e+04	2.238570e+01	1.083303e+05	1.079512e+05	5.745445e+04	5.679067e+04	3.026887e+02	3.722576e+01	2021	1	26	12
	2532	825	176.062129	-12.609357	9.899270e+04	2.065946e+01	1.082627e+05	1.078820e+05	5.744268e+04	5.671169e+04	3.022343e+02	2.571434e+01	2021	1	26	18
	2543	813	177.609002	-13.734356	9.916209e+04	2.153328e+01	1.085107e+05	1.081492e+05	5.752656e+04	5.693206e+04	3.017871e+02	2.095146e+01	2021	1	27	0
	2552	798	178.874626	-15.140604	9.913723e+04	2.337190e+01	1.085702e+05	1.080681e+05	5.753438e+04	5.690329e+04	9.999000e+03	1.575107e+01	2021	1	27	6
	1	784	-179.859375	-16.453102	9.950655e+04	2.098783e+01	1.086476e+05	1.082477e+05	5.767905e+04	5.707645e+04	9.999000e+03	9.605547e+00	2021	1	27	12
	11	767	-178.453127	-18.046850	9.964941e+04	1.778907e+01	1.086188e+05	1.082514e+05	5.768914e+04	5.696867e+04	3.007784e+02	4.097793e+00	2021	1	27	18
	20	746	-177.187503	-20.015597	9.984239e+04	1.806920e+01	1.086236e+05	1.083149e+05	5.772397e+04	5.699057e+04	3.004384e+02	4.221414e+00	2021	1	28	0
start	50	2021	1	16	12
	2541	835	177.327753	-11.671859	1.001862e+05	1.268585e+01	1.083478e+05	1.080950e+05	5.748237e+04	5.724880e+04	3.034875e+02	4.029206e+01	2021	1	16	12
	2540	835	177.187128	-11.671859	1.000233e+05	1.350977e+01	1.082669e+05	1.079542e+05	5.738073e+04	5.710119e+04	3.034980e+02	3.688241e+01	2021	1	16	18
	2544	832	177.749627	-11.953108	1.000287e+05	1.431493e+01	1.083562e+05	1.080529e+05	5.743534e+04	5.717802e+04	3.033826e+02	4.288506e+01	2021	1	17	0
	2518	862	174.093381	-9.140612	9.977321e+04	1.890643e+01	1.082614e+05	1.078971e+05	5.734030e+04	5.695551e+04	3.040045e+02	4.318213e+01	2021	1	17	6
	2543	818	177.609002	-13.265607	9.983696e+04	1.556955e+01	1.083079e+05	1.080065e+05	5.741657e+04	5.699927e+04	3.030422e+02	4.606528e+01	2021	1	17	12
	2536	815	176.624628	-13.546856	9.954445e+04	1.859668e+01	1.082730e+05	1.077918e+05	5.726393e+04	5.683212e+04	3.029362e+02	3.599041e+01	2021	1	17	18
	2533	818	176.202754	-13.265607	9.963206e+04	1.569262e+01	1.082303e+05	1.079811e+05	5.737236e+04	5.697007e+04	3.031526e+02	3.534769e+01	2021	1	18	0
	2533	823	176.202754	-12.796857	9.946559e+04	1.727483e+01	1.082140e+05	1.078985e+05	5.722858e+04	5.684773e+04	3.033259e+02	3.970727e+01	2021	1	18	6
	2538	826	176.905878	-12.515608	9.943800e+04	1.718149e+01	1.083127e+05	1.079190e+05	5.740013e+04	5.690620e+04	3.031932e+02	4.937168e+01	2021	1	18	12
	2541	820	177.327753	-13.078107	9.927647e+04	1.672093e+01	1.082094e+05	1.077528e+05	5.720046e+04	5.675725e+04	3.029317e+02	3.992059e+01	2021	1	18	18
	2543	823	177.609002	-12.796857	9.925591e+04	1.740111e+01	1.082255e+05	1.078272e+05	5.732612e+04	5.673357e+04	3.029584e+02	3.625256e+01	2021	1	19	0
	2550	815	178.593376	-13.546856	9.910237e+04	1.740096e+01	1.081636e+05	1.077042e+05	5.718124e+04	5.657441e+04	3.027935e+02	4.666919e+01	2021	1	19	6
	2554	806	179.155876	-14.390605	9.916052e+04	1.781998e+01	1.081863e+05	1.076924e+05	5.724552e+04	5.659146e+04	9.999000e+03	5.504346e+01	2021	1	19	12
	2553	801	179.015251	-14.859354	9.892785e+04	1.883424e+01	1.080571e+05	1.075566e+05	5.714866e+04	5.635839e+04	9.999000e+03	4.504305e+01	2021	1	19	18
	2551	801	178.734001	-14.859354	9.876923e+04	1.820478e+01	1.080276e+05	1.075750e+05	5.714931e+04	5.633388e+04	9.999000e+03	4.136132e+01	2021	1	20	0
	2552	798	178.874626	-15.140604	9.854723e+04	2.022793e+01	1.079226e+05	1.074116e+05	5.700581e+04	5.611341e+04	9.999000e+03	3.799634e+01	2021	1	20	6
	2551	798	178.734001	-15.140604	9.855726e+04	2.052679e+01	1.079764e+05	1.075134e+05	5.717229e+04	5.617195e+04	9.999000e+03	3.566160e+01	2021	1	20	12
	2556	798	179.437125	-15.140604	9.841067e+04	1.872852e+01	1.078776e+05	1.074077e+05	5.703007e+04	5.604195e+04	9.999000e+03	2.893307e+01	2021	1	20	18
	2556	796	179.437125	-15.328104	9.840355e+04	1.870511e+01	1.079400e+05	1.074925e+05	5.707640e+04	5.609199e+04	9.999000e+03	3.074139e+01	2021	1	21	0
	2556	797	179.437125	-15.234354	9.822483e+04	1.908057e+01	1.078636e+05	1.074106e+05	5.694684e+04	5.599391e+04	9.999000e+03	3.552650e+01	2021	1	21	6
	2556	796	179.437125	-15.328104	9.828208e+04	2.031603e+01	1.079460e+05	1.074510e+05	5.702570e+04	5.604870e+04	9.999000e+03	4.257399e+01	2021	1	21	12
	2555	799	179.296501	-15.046854	9.809269e+04	1.996405e+01	1.078525e+05	1.073237e+05	5.692945e+04	5.590961e+04	9.999000e+03	3.577786e+01	2021	1	21	18
	2556	802	179.437125	-14.765604	9.812218e+04	1.965205e+01	1.079527e+05	1.074367e+05	5.706546e+04	5.596562e+04	9.999000e+03	3.686685e+01	2021	1	22	0
	0	804	-180.000000	-14.578105	9.795638e+04	2.049090e+01	1.078898e+05	1.073396e+05	5.694172e+04	5.583323e+04	9.999000e+03	4.103622e+01	2021	1	22	6
	0	803	-180.000000	-14.671855	9.791979e+04	2.076877e+01	1.080176e+05	1.073617e+05	5.703273e+04	5.580795e+04	9.999000e+03	3.866423e+01	2021	1	22	12
	1	806	-179.859375	-14.390605	9.772929e+04	2.190531e+01	1.079329e+05	1.072453e+05	5.693020e+04	5.562788e+04	9.999000e+03	3.522270e+01	2021	1	22	18
	0	803	-180.000000	-14.671855	9.767877e+04	2.272427e+01	1.079732e+05	1.073294e+05	5.698855e+04	5.562582e+04	9.999000e+03	3.726833e+01	2021	1	23	0
	1	803	-179.859375	-14.671855	9.739051e+04	2.379526e+01	1.079372e+05	1.072155e+05	5.690990e+04	5.543419e+04	9.999000e+03	4.087049e+01	2021	1	23	6
	1	798	-179.859375	-15.140604	9.740277e+04	2.500945e+01	1.080032e+05	1.072927e+05	5.700633e+04	5.544772e+04	9.999000e+03	4.031493e+01	2021	1	23	12
	2	794	-179.718750	-15.515603	9.720549e+04	2.481237e+01	1.080042e+05	1.071693e+05	5.699304e+04	5.532287e+04	9.999000e+03	3.599987e+01	2021	1	23	18
	2	789	-179.718750	-15.984353	9.723989e+04	2.430449e+01	1.080304e+05	1.072456e+05	5.701078e+04	5.537479e+04	9.999000e+03	3.951634e+01	2021	1	24	0
	2	779	-179.718750	-16.921851	9.721936e+04	2.449921e+01	1.079476e+05	1.071113e+05	5.695564e+04	5.532160e+04	9.999000e+03	4.031144e+01	2021	1	24	6
	3	777	-179.578125	-17.109351	9.739539e+04	2.462647e+01	1.079986e+05	1.071676e+05	5.704251e+04	5.545168e+04	9.999000e+03	3.790304e+01	2021	1	24	12
	3	770	-179.578125	-17.765600	9.741158e+04	2.250277e+01	1.079649e+05	1.071299e+05	5.698828e+04	5.545895e+04	9.999000e+03	3.362273e+01	2021	1	24	18
	6	758	-179.156251	-18.890599	9.752877e+04	2.441741e+01	1.080030e+05	1.072255e+05	5.703139e+04	5.553898e+04	3.006472e+02	4.375895e+01	2021	1	25	0
	8	746	-178.875001	-20.015597	9.738023e+04	2.492166e+01	1.079905e+05	1.072255e+05	5.699724e+04	5.545900e+04	3.004593e+02	5.699625e+01	2021	1	25	6
	8	734	-178.875001	-21.140596	9.729183e+04	2.556837e+01	1.079791e+05	1.072099e+05	5.702871e+04	5.546403e+04	3.002767e+02	5.539740e+01	2021	1	25	12
	8	724	-178.875001	-22.078094	9.718430e+04	2.498549e+01	1.079682e+05	1.070318e+05	5.698913e+04	5.544573e+04	2.998543e+02	4.927683e+01	2021	1	25	18
	8	710	-178.875001	-23.390592	9.725130e+04	2.759689e+01	1.080167e+05	1.070616e+05	5.697663e+04	5.546070e+04	2.998047e+02	4.801138e+01	2021	1	26	0
	5	705	-179.296876	-23.859342	9.705189e+04	2.790435e+01	1.080005e+05	1.070432e+05	5.685401e+04	5.529137e+04	2.996600e+02	2.728416e+01	2021	1	26	6
	6	695	-179.156251	-24.796841	9.743002e+04	2.506234e+01	1.080362e+05	1.069620e+05	5.693722e+04	5.544095e+04	2.994463e+02	1.601298e+01	2021	1	26	12
	5	686	-179.296876	-25.640589	9.771900e+04	2.164492e+01	1.080360e+05	1.068518e+05	5.695598e+04	5.561205e+04	2.991291e+02	1.223336e+01	2021	1	26	18
	1	676	-179.859375	-26.578088	9.800580e+04	2.164361e+01	1.081353e+05	1.070131e+05	5.697271e+04	5.574590e+04	2.988722e+02	1.085369e+01	2021	1	27	0
	2558	669	179.718375	-27.234337	9.813056e+04	2.036818e+01	1.081262e+05	1.069421e+05	5.696251e+04	5.590765e+04	2.986715e+02	1.145768e+01	2021	1	27	6
	2554	664	179.155876	-27.703087	9.850938e+04	2.015590e+01	1.082418e+05	1.070375e+05	5.712348e+04	5.617757e+04	2.986512e+02	1.096500e+01	2021	1	27	12
	2551	657	178.734001	-28.359336	9.869462e+04	1.839013e+01	1.082310e+05	1.070020e+05	5.712336e+04	5.630898e+04	2.984586e+02	7.217536e+00	2021	1	27	18
	2547	652	178.171502	-28.828085	9.894461e+04	1.635048e+01	1.083497e+05	1.072110e+05	5.716620e+04	5.652706e+04	2.984725e+02	4.154820e+00	2021	1	28	0
	2542	650	177.468377	-29.015585	9.900518e+04	1.662311e+01	1.083478e+05	1.071813e+05	5.705043e+04	5.657148e+04	2.984023e+02	3.641177e+00	2021	1	28	6
	2537	647	176.765253	-29.296834	9.928623e+04	1.402340e+01	1.084727e+05	1.071725e+05	5.714149e+04	5.674748e+04	2.984473e+02	3.915482e+00	2021	1	28	12
	2535	645	176.484004	-29.484334	9.938902e+04	1.105740e+01	1.083625e+05	1.068981e+05	5.711008e+04	5.671843e+04	2.984343e+02	3.623943e+00	2021	1	28	18
start	85	2021	1	23	12
	1711	847	60.609124	-10.546860	1.006495e+05	9.525484e+00	1.082407e+05	1.080394e+05	5.773551e+04	5.748822e+04	3.036916e+02	2.849504e+01	2021	1	23	12
	1709	842	60.327875	-11.015610	1.009802e+05	1.077809e+01	1.084310e+05	1.082748e+05	5.795416e+04	5.776855e+04	3.029180e+02	2.651120e+01	2021	1	23	18
	1702	847	59.343501	-10.546860	1.006197e+05	1.041485e+01	1.080982e+05	1.079023e+05	5.768596e+04	5.747800e+04	3.028517e+02	2.245387e+01	2021	1	24	0
	1701	848	59.202876	-10.453110	1.008764e+05	1.151242e+01	1.083583e+05	1.082143e+05	5.791512e+04	5.768802e+04	3.028224e+02	2.785521e+01	2021	1	24	6
	1695	848	58.359127	-10.453110	1.005138e+05	1.308218e+01	1.082049e+05	1.080074e+05	5.770081e+04	5.739767e+04	3.028558e+02	3.281562e+01	2021	1	24	12
	1685	844	56.952878	-10.828110	1.007701e+05	1.295521e+01	1.084058e+05	1.082197e+05	5.790416e+04	5.760070e+04	3.027119e+02	3.315356e+01	2021	1	24	18
	1684	847	56.812253	-10.546860	1.004802e+05	1.411674e+01	1.081423e+05	1.079025e+05	5.767469e+04	5.731154e+04	3.025976e+02	3.355784e+01	2021	1	25	0
	1675	852	55.546630	-10.078111	1.006655e+05	1.466219e+01	1.083566e+05	1.081456e+05	5.789955e+04	5.750129e+04	3.025587e+02	2.968514e+01	2021	1	25	6
	1673	851	55.265380	-10.171861	1.002991e+05	1.502511e+01	1.082006e+05	1.079687e+05	5.767600e+04	5.721070e+04	3.027769e+02	2.847902e+01	2021	1	25	12
	1671	844	54.984130	-10.828110	1.005107e+05	1.602231e+01	1.083877e+05	1.081639e+05	5.793225e+04	5.736645e+04	3.024950e+02	3.266858e+01	2021	1	25	18
	1665	847	54.140381	-10.546860	1.000998e+05	1.737561e+01	1.081297e+05	1.079029e+05	5.767755e+04	5.704949e+04	3.023620e+02	4.371933e+01	2021	1	26	0
	1656	844	52.874757	-10.828110	1.002810e+05	1.892874e+01	1.083777e+05	1.081483e+05	5.789906e+04	5.722618e+04	3.022188e+02	4.935204e+01	2021	1	26	6
	1652	841	52.312258	-11.109360	9.974564e+04	1.951553e+01	1.082543e+05	1.078309e+05	5.774861e+04	5.677040e+04	3.021384e+02	4.882232e+01	2021	1	26	12
	1646	841	51.468509	-11.109360	9.979232e+04	2.080953e+01	1.084718e+05	1.078934e+05	5.795399e+04	5.684702e+04	3.020500e+02	5.093347e+01	2021	1	26	18
	1641	837	50.765385	-11.484359	9.939300e+04	2.166686e+01	1.081969e+05	1.076906e+05	5.770480e+04	5.658651e+04	9.999000e+03	5.310441e+01	2021	1	27	0
	1635	830	49.921635	-12.140608	9.939562e+04	2.530893e+01	1.084010e+05	1.077777e+05	5.792144e+04	5.669720e+04	9.999000e+03	4.682716e+01	2021	1	27	6
	1628	820	48.937261	-13.078107	9.948582e+04	1.751060e+01	1.082557e+05	1.076797e+05	5.772689e+04	5.676477e+04	9.999000e+03	3.955983e+01	2021	1	27	12
	1621	815	47.952887	-13.546856	9.992903e+04	1.718689e+01	1.083196e+05	1.077698e+05	5.784305e+04	5.683945e+04	9.999000e+03	3.594370e+01	2021	1	27	18
	1615	811	47.109138	-13.921856	9.966443e+04	1.754963e+01	1.080787e+05	1.074281e+05	5.760721e+04	5.656515e+04	9.999000e+03	3.457932e+01	2021	1	28	0
	1613	803	46.827889	-14.671855	9.992349e+04	1.837503e+01	1.082024e+05	1.076613e+05	5.780153e+04	5.673755e+04	9.999000e+03	3.752248e+01	2021	1	28	6
	1612	794	46.687264	-15.515603	9.978793e+04	1.598512e+01	1.080428e+05	1.075788e+05	5.754890e+04	5.658412e+04	9.999000e+03	3.991098e+01	2021	1	28	12
	1612	789	46.687264	-15.984353	1.001677e+05	1.434077e+01	1.082309e+05	1.077545e+05	5.776204e+04	5.698942e+04	9.999000e+03	3.514673e+01	2021	1	28	18
	1612	784	46.687264	-16.453102	1.000918e+05	1.281025e+01	1.079632e+05	1.076325e+05	5.756136e+04	5.699433e+04	9.999000e+03	3.445185e+01	2021	1	29	0
	1611	779	46.546639	-16.921851	1.005292e+05	1.145151e+01	1.081472e+05	1.076871e+05	5.775009e+04	5.731318e+04	9.999000e+03	3.209642e+01	2021	1	29	6
	1613	780	46.827889	-16.828102	1.001983e+05	1.148055e+01	1.079742e+05	1.075777e+05	5.757283e+04	5.716247e+04	9.999000e+03	2.835606e+01	2021	1	29	12
	1613	780	46.827889	-16.828102	1.005788e+05	9.909769e+00	1.081633e+05	1.076164e+05	5.774496e+04	5.735043e+04	9.999000e+03	1.976404e+01	2021	1	29	18
	1632	780	49.499761	-16.828102	1.002616e+05	1.302718e+01	1.078940e+05	1.075028e+05	5.753021e+04	5.711828e+04	9.999000e+03	2.736509e+01	2021	1	30	0
	1636	780	50.062260	-16.828102	1.004408e+05	1.379734e+01	1.081003e+05	1.075999e+05	5.775132e+04	5.728917e+04	9.999000e+03	3.095072e+01	2021	1	30	6
	1646	776	51.468509	-17.203101	1.000612e+05	1.487111e+01	1.079686e+05	1.074819e+05	5.752355e+04	5.707081e+04	9.999000e+03	3.205883e+01	2021	1	30	12
	1648	776	51.749758	-17.203101	1.003523e+05	1.407430e+01	1.081487e+05	1.076045e+05	5.777393e+04	5.726130e+04	9.999000e+03	2.603373e+01	2021	1	30	18
	1652	780	52.312258	-16.828102	1.001360e+05	1.491130e+01	1.079532e+05	1.075433e+05	5.754238e+04	5.707085e+04	3.014653e+02	2.208448e+01	2021	1	31	0
	1654	780	52.593508	-16.828102	1.004058e+05	1.485667e+01	1.081124e+05	1.076574e+05	5.780292e+04	5.737201e+04	3.015109e+02	2.122314e+01	2021	1	31	6
	1654	785	52.593508	-16.359352	1.002315e+05	1.466868e+01	1.080024e+05	1.075828e+05	5.760717e+04	5.730385e+04	3.020688e+02	2.022885e+01	2021	1	31	12
	1657	787	53.015382	-16.171853	1.005286e+05	1.378729e+01	1.082574e+05	1.077583e+05	5.783122e+04	5.759527e+04	3.016587e+02	2.428901e+01	2021	1	31	18
	1659	790	53.296632	-15.890603	1.002872e+05	1.478582e+01	1.079989e+05	1.076036e+05	5.759529e+04	5.734978e+04	3.017222e+02	2.385674e+01	2021	2	1	0
	1659	792	53.296632	-15.703103	1.005568e+05	1.410851e+01	1.082225e+05	1.077343e+05	5.784054e+04	5.756545e+04	3.017548e+02	2.446669e+01	2021	2	1	6
	1658	797	53.156007	-15.234354	1.002939e+05	1.404766e+01	1.080725e+05	1.076840e+05	5.763328e+04	5.738184e+04	3.026710e+02	2.957042e+01	2021	2	1	12
	1658	796	53.156007	-15.328104	1.005496e+05	1.318915e+01	1.082805e+05	1.078847e+05	5.783662e+04	5.760923e+04	3.019645e+02	3.340434e+01	2021	2	1	18
	1656	801	52.874757	-14.859354	1.003117e+05	1.343902e+01	1.080200e+05	1.077184e+05	5.757125e+04	5.736658e+04	3.017272e+02	2.849078e+01	2021	2	2	0
	1658	801	53.156007	-14.859354	1.005738e+05	1.256599e+01	1.082223e+05	1.079114e+05	5.780202e+04	5.755881e+04	3.017171e+02	2.927138e+01	2021	2	2	6
	1658	802	53.156007	-14.765604	1.002751e+05	1.300911e+01	1.080563e+05	1.078343e+05	5.760668e+04	5.728139e+04	3.022203e+02	3.094526e+01	2021	2	2	12
	1659	796	53.296632	-15.328104	1.004589e+05	1.487398e+01	1.082080e+05	1.079460e+05	5.778968e+04	5.736814e+04	3.016904e+02	3.347979e+01	2021	2	2	18
	1652	796	52.312258	-15.328104	1.002056e+05	1.685648e+01	1.079392e+05	1.076898e+05	5.755947e+04	5.708989e+04	9.999000e+03	2.690912e+01	2021	2	3	0
	1651	797	52.171633	-15.234354	1.003971e+05	1.574855e+01	1.081229e+05	1.079224e+05	5.774831e+04	5.728596e+04	9.999000e+03	2.669939e+01	2021	2	3	6
	1651	797	52.171633	-15.234354	1.001067e+05	1.671241e+01	1.080544e+05	1.078268e+05	5.761495e+04	5.710747e+04	9.999000e+03	2.807792e+01	2021	2	3	12
	1651	796	52.171633	-15.328104	1.003419e+05	1.486671e+01	1.082616e+05	1.079834e+05	5.777954e+04	5.719886e+04	9.999000e+03	2.822019e+01	2021	2	3	18
	1651	796	52.171633	-15.328104	1.000919e+05	1.614504e+01	1.081264e+05	1.076270e+05	5.761605e+04	5.685437e+04	9.999000e+03	2.168672e+01	2021	2	4	0
	1650	796	52.031008	-15.328104	1.002322e+05	1.667297e+01	1.083199e+05	1.078648e+05	5.786519e+04	5.699352e+04	9.999000e+03	2.602046e+01	2021	2	4	6
	1649	794	51.890383	-15.515603	9.987537e+04	1.510265e+01	1.082048e+05	1.076571e+05	5.764888e+04	5.674382e+04	9.999000e+03	3.014702e+01	2021	2	4	12
	1646	791	51.468509	-15.796853	1.001161e+05	1.752150e+01	1.083317e+05	1.078538e+05	5.785517e+04	5.697971e+04	9.999000e+03	2.919061e+01	2021	2	4	18
	1641	786	50.765385	-16.265602	9.988252e+04	1.696317e+01	1.081337e+05	1.076698e+05	5.767863e+04	5.686974e+04	9.999000e+03	2.311212e+01	2021	2	5	0
	1635	786	49.921635	-16.265602	1.002731e+05	1.560679e+01	1.083344e+05	1.079414e+05	5.787702e+04	5.715709e+04	9.999000e+03	3.058011e+01	2021	2	5	6
	1634	787	49.781011	-16.171853	1.002242e+05	1.278133e+01	1.082884e+05	1.079278e+05	5.772830e+04	5.709114e+04	9.999000e+03	3.644546e+01	2021	2	5	12
	1627	787	48.796637	-16.171853	1.004803e+05	1.448127e+01	1.083631e+05	1.080829e+05	5.788747e+04	5.734041e+04	9.999000e+03	2.782127e+01	2021	2	5	18
	1613	779	46.827889	-16.921851	1.000349e+05	1.042672e+01	1.082066e+05	1.079157e+05	5.770200e+04	5.716671e+04	9.999000e+03	2.539495e+01	2021	2	6	0
	1594	779	44.156016	-16.921851	1.004475e+05	7.780090e+00	1.083491e+05	1.081037e+05	5.784438e+04	5.742578e+04	9.999000e+03	2.838495e+01	2021	2	6	6
	1593	780	44.015392	-16.828102	1.001347e+05	1.020133e+01	1.082948e+05	1.079130e+05	5.769327e+04	5.721210e+04	9.999000e+03	3.447100e+01	2021	2	6	12
	1589	780	43.452892	-16.828102	1.000948e+05	1.499684e+01	1.083935e+05	1.080944e+05	5.781441e+04	5.721770e+04	9.999000e+03	3.718313e+01	2021	2	6	18
	1582	779	42.468518	-16.921851	9.980355e+04	1.610045e+01	1.081800e+05	1.079664e+05	5.764353e+04	5.694303e+04	9.999000e+03	3.832546e+01	2021	2	7	0
	1576	782	41.624769	-16.640602	9.993145e+04	1.524050e+01	1.084854e+05	1.079566e+05	5.780074e+04	5.697380e+04	9.999000e+03	4.335675e+01	2021	2	7	6
	1572	782	41.062270	-16.640602	9.960260e+04	1.705021e+01	1.083874e+05	1.077832e+05	5.764562e+04	5.664341e+04	9.999000e+03	3.782219e+01	2021	2	7	12
	1568	781	40.499770	-16.734352	9.970719e+04	1.716523e+01	1.084386e+05	1.078712e+05	5.783906e+04	5.671730e+04	9.999000e+03	4.634720e+01	2021	2	7	18
	1561	779	39.515396	-16.921851	9.948291e+04	1.679896e+01	1.083020e+05	1.077138e+05	5.769162e+04	5.655329e+04	9.999000e+03	4.229891e+01	2021	2	8	0
	1556	776	38.812272	-17.203101	9.971104e+04	1.663257e+01	1.084803e+05	1.079798e+05	5.776436e+04	5.685228e+04	9.999000e+03	3.980516e+01	2021	2	8	6
	1553	774	38.390397	-17.390601	9.950351e+04	1.681674e+01	1.083805e+05	1.079141e+05	5.764455e+04	5.684960e+04	9.999000e+03	3.540746e+01	2021	2	8	12
	1548	770	37.687273	-17.765600	9.974141e+04	1.629274e+01	1.084569e+05	1.080416e+05	5.778918e+04	5.709815e+04	9.999000e+03	3.260948e+01	2021	2	8	18
	1543	767	36.984149	-18.046850	9.963023e+04	1.598247e+01	1.082529e+05	1.078232e+05	5.761895e+04	5.699611e+04	9.999000e+03	2.692202e+01	2021	2	9	0
	1542	765	36.843524	-18.234350	9.984322e+04	1.525128e+01	1.083564e+05	1.079422e+05	5.774192e+04	5.713036e+04	9.999000e+03	2.636670e+01	2021	2	9	6
	1538	765	36.281025	-18.234350	9.962415e+04	1.371699e+01	1.082426e+05	1.078322e+05	5.754992e+04	5.698647e+04	9.999000e+03	2.654844e+01	2021	2	9	12
	1538	765	36.281025	-18.234350	9.989791e+04	1.220889e+01	1.083041e+05	1.080012e+05	5.761453e+04	5.712843e+04	9.999000e+03	3.256054e+01	2021	2	9	18
	1538	766	36.281025	-18.140600	9.980869e+04	1.228921e+01	1.081128e+05	1.078050e+05	5.748539e+04	5.698976e+04	9.999000e+03	3.818870e+01	2021	2	10	0
	1538	762	36.281025	-18.515599	9.997685e+04	1.483640e+01	1.082306e+05	1.078913e+05	5.764573e+04	5.711177e+04	9.999000e+03	3.861192e+01	2021	2	10	6
	1535	762	35.859150	-18.515599	9.975967e+04	1.379915e+01	1.082400e+05	1.078203e+05	5.753823e+04	5.698720e+04	9.999000e+03	3.717751e+01	2021	2	10	12
	1537	763	36.140400	-18.421849	1.000429e+05	1.340834e+01	1.082997e+05	1.079952e+05	5.766169e+04	5.717617e+04	9.999000e+03	3.425077e+01	2021	2	10	18
	1537	760	36.140400	-18.703099	9.998574e+04	1.245995e+01	1.081711e+05	1.078009e+05	5.754434e+04	5.710845e+04	9.999000e+03	3.967744e+01	2021	2	11	0
	1534	753	35.718525	-19.359348	1.001051e+05	1.300672e+01	1.083794e+05	1.079305e+05	5.774773e+04	5.725536e+04	9.999000e+03	4.161858e+01	2021	2	11	6
	1533	754	35.577900	-19.265598	9.996934e+04	1.278247e+01	1.081911e+05	1.078478e+05	5.758405e+04	5.715755e+04	9.999000e+03	3.573134e+01	2021	2	11	12
	1532	753	35.437275	-19.359348	1.002143e+05	1.142368e+01	1.083094e+05	1.079996e+05	5.776964e+04	5.729047e+04	9.999000e+03	3.348553e+01	2021	2	11	18
	1526	753	34.593526	-19.359348	1.002352e+05	1.097029e+01	1.082355e+05	1.078050e+05	5.766073e+04	5.718755e+04	9.999000e+03	3.060921e+01	2021	2	12	0
	1524	753	34.312277	-19.359348	1.005025e+05	9.221142e+00	1.083202e+05	1.079483e+05	5.777436e+04	5.733914e+04	9.999000e+03	2.289537e+01	2021	2	12	6
	1524	754	34.312277	-19.265598	1.003334e+05	8.181541e+00	1.082117e+05	1.079510e+05	5.771242e+04	5.727271e+04	9.999000e+03	2.135420e+01	2021	2	12	12
	1525	758	34.452902	-18.890599	1.005539e+05	9.689993e+00	1.083887e+05	1.080700e+05	5.792311e+04	5.742916e+04	9.999000e+03	1.723603e+01	2021	2	12	18
	1529	748	35.015401	-19.828097	1.005527e+05	1.140498e+01	1.082386e+05	1.078925e+05	5.775855e+04	5.735572e+04	9.999000e+03	1.768928e+01	2021	2	13	0
	1527	743	34.734151	-20.296847	1.007671e+05	8.283401e+00	1.083512e+05	1.080799e+05	5.790955e+04	5.753910e+04	9.999000e+03	1.622901e+01	2021	2	13	6
	1525	758	34.452902	-18.890599	1.004722e+05	7.532772e+00	1.082914e+05	1.079688e+05	5.783298e+04	5.748009e+04	9.999000e+03	1.365686e+01	2021	2	13	12
start	55	2021	1	30	12
	2324	821	146.812159	-12.984357	1.007007e+05	1.270821e+01	1.083604e+05	1.081519e+05	5.781982e+04	5.760691e+04	3.035468e+02	2.441653e+01	2021	1	30	12
	2324	818	146.812159	-13.265607	1.003903e+05	1.387012e+01	1.081291e+05	1.078540e+05	5.761122e+04	5.732196e+04	3.036493e+02	2.655541e+01	2021	1	30	18
	2315	821	145.546536	-12.984357	1.006790e+05	1.512909e+01	1.083530e+05	1.081243e+05	5.790860e+04	5.760188e+04	9.999000e+03	2.057988e+01	2021	1	31	0
	2313	833	145.265286	-11.859359	1.003518e+05	1.429028e+01	1.081638e+05	1.080171e+05	5.766284e+04	5.735454e+04	3.047017e+02	1.928894e+01	2021	1	31	6
	2313	832	145.265286	-11.953108	1.006177e+05	1.513894e+01	1.084267e+05	1.081842e+05	5.786243e+04	5.762642e+04	3.046861e+02	2.350018e+01	2021	1	31	12
	2310	829	144.843411	-12.234358	1.003222e+05	1.348663e+01	1.081185e+05	1.078983e+05	5.762259e+04	5.733115e+04	9.999000e+03	2.791660e+01	2021	1	31	18
	2312	830	145.124661	-12.140608	1.005242e+05	1.363508e+01	1.084196e+05	1.081116e+05	5.778993e+04	5.748080e+04	9.999000e+03	3.066979e+01	2021	2	1	0
	2311	827	144.984036	-12.421858	1.002052e+05	1.515761e+01	1.081754e+05	1.079633e+05	5.757762e+04	5.716341e+04	9.999000e+03	2.049279e+01	2021	2	1	6
	2303	825	143.859038	-12.609357	1.004808e+05	1.643022e+01	1.083460e+05	1.081260e+05	5.786014e+04	5.736405e+04	9.999000e+03	1.868324e+01	2021	2	1	12
	2302	822	143.718413	-12.890607	1.002008e+05	1.762930e+01	1.080853e+05	1.078769e+05	5.764341e+04	5.707421e+04	9.999000e+03	1.987895e+01	2021	2	1	18
	2289	822	141.890290	-12.890607	1.004518e+05	1.350454e+01	1.083239e+05	1.081191e+05	5.782873e+04	5.728742e+04	9.999000e+03	1.837640e+01	2021	2	2	0
	2284	822	141.187165	-12.890607	1.000840e+05	1.556195e+01	1.081728e+05	1.079517e+05	5.764595e+04	5.712498e+04	9.999000e+03	1.546111e+01	2021	2	2	6
	2272	820	139.499667	-13.078107	1.002155e+05	1.667619e+01	1.083733e+05	1.080560e+05	5.790948e+04	5.723316e+04	9.999000e+03	2.010946e+01	2021	2	2	12
	2264	820	138.374668	-13.078107	9.990850e+04	1.741631e+01	1.080889e+05	1.077190e+05	5.764500e+04	5.698561e+04	9.999000e+03	2.540382e+01	2021	2	2	18
	2255	820	137.109045	-13.078107	9.999520e+04	1.713008e+01	1.082845e+05	1.079351e+05	5.786167e+04	5.707907e+04	9.999000e+03	2.506150e+01	2021	2	3	0
	2248	820	136.124671	-13.078107	9.971883e+04	1.460628e+01	1.081033e+05	1.076195e+05	5.768619e+04	5.681200e+04	9.999000e+03	2.093507e+01	2021	2	3	6
	2240	826	134.999672	-12.515608	1.001066e+05	1.277254e+01	1.083182e+05	1.079278e+05	5.786561e+04	5.719032e+04	9.999000e+03	3.173044e+01	2021	2	3	12
	2234	826	134.155923	-12.515608	9.992102e+04	1.354123e+01	1.080438e+05	1.077248e+05	5.759282e+04	5.704910e+04	9.999000e+03	3.059766e+01	2021	2	3	18
	2224	825	132.749674	-12.609357	1.000053e+05	1.476616e+01	1.082034e+05	1.079788e+05	5.782693e+04	5.718205e+04	9.999000e+03	2.696322e+01	2021	2	4	0
	2218	825	131.905925	-12.609357	9.961475e+04	1.620583e+01	1.081158e+05	1.078161e+05	5.765757e+04	5.699919e+04	9.999000e+03	2.307019e+01	2021	2	4	6
	2211	820	130.921551	-13.078107	9.964920e+04	1.291340e+01	1.082489e+05	1.079665e+05	5.790950e+04	5.701934e+04	9.999000e+03	2.721565e+01	2021	2	4	12
	2201	815	129.515302	-13.546856	9.912285e+04	2.285219e+01	1.079834e+05	1.075791e+05	5.770854e+04	5.646283e+04	9.999000e+03	2.788714e+01	2021	2	4	18
	2196	815	128.812178	-13.546856	9.914025e+04	2.289727e+01	1.082085e+05	1.075031e+05	5.787341e+04	5.635669e+04	9.999000e+03	3.281765e+01	2021	2	5	0
	2190	810	127.968429	-14.015606	9.907880e+04	2.200089e+01	1.080995e+05	1.073922e+05	5.778762e+04	5.606896e+04	9.999000e+03	3.874186e+01	2021	2	5	6
	2182	806	126.843430	-14.390605	9.960520e+04	1.880323e+01	1.082814e+05	1.075207e+05	5.794386e+04	5.651659e+04	9.999000e+03	3.420569e+01	2021	2	5	12
	2173	803	125.577807	-14.671855	9.945923e+04	1.719882e+01	1.080264e+05	1.074168e+05	5.779868e+04	5.654435e+04	9.999000e+03	3.243644e+01	2021	2	5	18
	2165	799	124.452808	-15.046854	9.958291e+04	1.704663e+01	1.082054e+05	1.077320e+05	5.796673e+04	5.676463e+04	9.999000e+03	3.882326e+01	2021	2	6	0
	2157	794	123.327809	-15.515603	9.928494e+04	2.359830e+01	1.082394e+05	1.077989e+05	5.788420e+04	5.665596e+04	9.999000e+03	5.132856e+01	2021	2	6	6
	2148	791	122.062185	-15.796853	9.922649e+04	2.282977e+01	1.084020e+05	1.078513e+05	5.802547e+04	5.664697e+04	9.999000e+03	5.485342e+01	2021	2	6	12
	2140	792	120.937186	-15.703103	9.882098e+04	2.372940e+01	1.081734e+05	1.074223e+05	5.786416e+04	5.620244e+04	9.999000e+03	6.524436e+01	2021	2	6	18
	2134	792	120.093437	-15.703103	9.857026e+04	2.422282e+01	1.082505e+05	1.075565e+05	5.788532e+04	5.611593e+04	3.046207e+02	6.014259e+01	2021	2	7	0
	2128	789	119.249688	-15.984353	9.819049e+04	2.388935e+01	1.081502e+05	1.073971e+05	5.779818e+04	5.571663e+04	3.040989e+02	5.772728e+01	2021	2	7	6
	2120	790	118.124689	-15.890603	9.789518e+04	2.551962e+01	1.082636e+05	1.072043e+05	5.783242e+04	5.547898e+04	3.038107e+02	6.040840e+01	2021	2	7	12
	2116	790	117.562190	-15.890603	9.731847e+04	2.588779e+01	1.080213e+05	1.068926e+05	5.758713e+04	5.508920e+04	3.037119e+02	6.882568e+01	2021	2	7	18
	2113	789	117.140315	-15.984353	9.699255e+04	2.734528e+01	1.081080e+05	1.066423e+05	5.755374e+04	5.487629e+04	3.034855e+02	6.616589e+01	2021	2	8	0
	2108	784	116.437191	-16.453102	9.653315e+04	2.925823e+01	1.079566e+05	1.066002e+05	5.735229e+04	5.456549e+04	3.032280e+02	5.388959e+01	2021	2	8	6
	2106	777	116.155941	-17.109351	9.649406e+04	2.948426e+01	1.080513e+05	1.066460e+05	5.747020e+04	5.461737e+04	3.031933e+02	5.596117e+01	2021	2	8	12
	2102	774	115.593442	-17.390601	9.624848e+04	3.088779e+01	1.078390e+05	1.065091e+05	5.730377e+04	5.448117e+04	3.030930e+02	5.861952e+01	2021	2	8	18
	2100	767	115.312192	-18.046850	9.641476e+04	3.082676e+01	1.079656e+05	1.066060e+05	5.740392e+04	5.468827e+04	3.031695e+02	5.173169e+01	2021	2	9	0
	2098	758	115.030943	-18.890599	9.631738e+04	3.436468e+01	1.079119e+05	1.066458e+05	5.732129e+04	5.466379e+04	3.047021e+02	4.738477e+01	2021	2	9	6
	2095	746	114.609068	-20.015597	9.642045e+04	3.871904e+01	1.080852e+05	1.068468e+05	5.750879e+04	5.481623e+04	9.999000e+03	4.358123e+01	2021	2	9	12
	2092	734	114.187193	-21.140596	9.630375e+04	3.502658e+01	1.079449e+05	1.067393e+05	5.740103e+04	5.475856e+04	9.999000e+03	3.739224e+01	2021	2	9	18
	2089	719	113.765319	-22.546844	9.658855e+04	3.227783e+01	1.080080e+05	1.069527e+05	5.751815e+04	5.499860e+04	9.999000e+03	3.432069e+01	2021	2	10	0
	2083	709	112.921570	-23.484342	9.672573e+04	2.762978e+01	1.079660e+05	1.070314e+05	5.728485e+04	5.503453e+04	9.999000e+03	2.515510e+01	2021	2	10	6
	2081	700	112.640320	-24.328091	9.712573e+04	2.745825e+01	1.082173e+05	1.072234e+05	5.747541e+04	5.535949e+04	9.999000e+03	2.027019e+01	2021	2	10	12
	2081	690	112.640320	-25.265590	9.737754e+04	2.606307e+01	1.080882e+05	1.073439e+05	5.745300e+04	5.556973e+04	9.999000e+03	1.897704e+01	2021	2	10	18
	2082	681	112.780945	-26.109339	9.783089e+04	2.318592e+01	1.081646e+05	1.074167e+05	5.755368e+04	5.588714e+04	9.999000e+03	1.761198e+01	2021	2	11	0
	2087	669	113.484069	-27.234337	9.807533e+04	2.013175e+01	1.081816e+05	1.072382e+05	5.753734e+04	5.601005e+04	9.999000e+03	2.053610e+01	2021	2	11	6
	2096	652	114.749693	-28.828085	9.842126e+04	2.010222e+01	1.083017e+05	1.070603e+05	5.764880e+04	5.616167e+04	9.999000e+03	1.982610e+01	2021	2	11	12
	2107	638	116.296566	-30.140583	9.874117e+04	1.774609e+01	1.082130e+05	1.066644e+05	5.751116e+04	5.617038e+04	9.999000e+03	1.498028e+01	2021	2	11	18
	2120	626	118.124689	-31.265582	9.924198e+04	1.312839e+01	1.082001e+05	1.064020e+05	5.764730e+04	5.637211e+04	9.999000e+03	1.381639e+01	2021	2	12	0
	2161	611	123.890308	-32.671830	9.938356e+04	1.326313e+01	1.081786e+05	1.064310e+05	5.772662e+04	5.614712e+04	9.999000e+03	1.497481e+01	2021	2	12	6
	2184	604	127.124680	-33.328079	9.958730e+04	1.504552e+01	1.082587e+05	1.064022e+05	5.781047e+04	5.612030e+04	9.999000e+03	1.212991e+01	2021	2	12	12
	2191	590	128.109054	-34.640577	9.959840e+04	1.983863e+01	1.079542e+05	1.050536e+05	5.736604e+04	5.546860e+04	2.945883e+02	8.777730e+00	2021	2	12	18
	2215	587	131.484050	-34.921826	9.998380e+04	1.817667e+01	1.079808e+05	1.047801e+05	5.746318e+04	5.523744e+04	2.936933e+02	4.018030e+00	2021	2	13	0
start	15	2021	2	2	6
	2072	804	111.374696	-14.578105	1.004255e+05	1.080593e+01	1.081667e+05	1.079275e+05	5.783672e+04	5.732891e+04	3.034111e+02	8.872517e+00	2021	2	2	6
	2060	803	109.687198	-14.671855	1.004630e+05	1.171065e+01	1.083282e+05	1.079884e+05	5.796105e+04	5.730645e+04	3.031888e+02	1.375073e+01	2021	2	2	12
	2050	804	108.280950	-14.578105	1.003739e+05	1.283687e+01	1.082117e+05	1.078538e+05	5.785809e+04	5.723906e+04	3.030758e+02	2.527686e+01	2021	2	2	18
	2039	803	106.734076	-14.671855	1.004028e+05	1.395140e+01	1.082119e+05	1.078477e+05	5.785656e+04	5.720980e+04	3.022970e+02	2.312999e+01	2021	2	3	0
	2027	796	105.046578	-15.328104	1.001953e+05	1.465837e+01	1.081452e+05	1.078595e+05	5.779294e+04	5.712390e+04	3.024379e+02	1.413979e+01	2021	2	3	6
	2014	796	103.218455	-15.328104	1.001350e+05	1.664394e+01	1.082047e+05	1.078987e+05	5.782634e+04	5.705386e+04	3.024594e+02	1.564819e+01	2021	2	3	12
	2003	793	101.671581	-15.609353	1.000978e+05	1.687966e+01	1.081910e+05	1.078996e+05	5.781710e+04	5.699890e+04	3.021280e+02	2.782196e+01	2021	2	3	18
	1997	791	100.827832	-15.796853	1.001074e+05	2.011292e+01	1.082121e+05	1.078120e+05	5.778453e+04	5.703257e+04	3.020576e+02	2.420929e+01	2021	2	4	0
	1985	777	99.140334	-17.109351	1.000311e+05	2.035670e+01	1.082375e+05	1.079142e+05	5.783393e+04	5.708316e+04	3.020379e+02	1.672335e+01	2021	2	4	6
	1977	777	98.015335	-17.109351	9.990237e+04	2.040404e+01	1.082245e+05	1.079791e+05	5.782546e+04	5.713792e+04	3.015339e+02	1.463000e+01	2021	2	4	12
	1968	770	96.749712	-17.765600	1.000872e+05	1.775995e+01	1.082177e+05	1.080247e+05	5.785620e+04	5.731725e+04	3.011722e+02	1.569914e+01	2021	2	4	18
	1956	765	95.062213	-18.234350	1.001197e+05	1.692051e+01	1.081434e+05	1.079045e+05	5.777188e+04	5.732218e+04	3.009517e+02	1.068198e+01	2021	2	5	0
	1950	760	94.218464	-18.703099	1.002198e+05	1.877422e+01	1.082261e+05	1.079556e+05	5.779040e+04	5.742222e+04	3.007688e+02	5.529074e+00	2021	2	5	6
	1943	757	93.234090	-18.984349	1.001908e+05	1.631696e+01	1.082055e+05	1.078185e+05	5.774297e+04	5.744275e+04	3.009828e+02	1.040153e+01	2021	2	5	12
	1939	753	92.671591	-19.359348	1.003681e+05	1.527341e+01	1.081751e+05	1.076755e+05	5.778257e+04	5.751734e+04	3.009606e+02	1.857360e+01	2021	2	5	18
start	32	2021	2	16	0
	2401	840	157.640273	-11.203109	1.004112e+05	9.935693e+00	1.083362e+05	1.081648e+05	5.770318e+04	5.727769e+04	3.039492e+02	3.481986e+01	2021	2	16	0
	2395	837	156.796524	-11.484359	1.000981e+05	1.152780e+01	1.081438e+05	1.079023e+05	5.745927e+04	5.709240e+04	3.043237e+02	2.488712e+01	2021	2	16	6
	2398	845	157.218399	-10.734360	1.003701e+05	1.120438e+01	1.082995e+05	1.081558e+05	5.763761e+04	5.732391e+04	3.038211e+02	3.333174e+01	2021	2	16	12
	2402	845	157.780898	-10.734360	9.997741e+04	1.236918e+01	1.080442e+05	1.078056e+05	5.740450e+04	5.699227e+04	3.037335e+02	3.592887e+01	2021	2	16	18
	2402	839	157.780898	-11.296859	1.002212e+05	1.302190e+01	1.082778e+05	1.080389e+05	5.759410e+04	5.715868e+04	3.037086e+02	3.799074e+01	2021	2	17	0
	2399	834	157.359023	-11.765609	9.987813e+04	1.424146e+01	1.080167e+05	1.077643e+05	5.734896e+04	5.691842e+04	3.036952e+02	2.535978e+01	2021	2	17	6
	2393	842	156.515274	-11.015610	1.001554e+05	1.421705e+01	1.083115e+05	1.081169e+05	5.757623e+04	5.716314e+04	3.036494e+02	2.551258e+01	2021	2	17	12
	2401	842	157.640273	-11.015610	9.986209e+04	1.400907e+01	1.080575e+05	1.078238e+05	5.735031e+04	5.689552e+04	3.036056e+02	3.381945e+01	2021	2	17	18
	2404	837	158.062148	-11.484359	1.000761e+05	1.537541e+01	1.083191e+05	1.080429e+05	5.760136e+04	5.720823e+04	9.999000e+03	3.671675e+01	2021	2	18	0
	2397	837	157.077774	-11.484359	9.974737e+04	1.425872e+01	1.081500e+05	1.079036e+05	5.735311e+04	5.695751e+04	3.036477e+02	2.878666e+01	2021	2	18	6
	2401	834	157.640273	-11.765609	1.000332e+05	1.621694e+01	1.084044e+05	1.082056e+05	5.764163e+04	5.721769e+04	3.035701e+02	3.079062e+01	2021	2	18	12
	2402	825	157.780898	-12.609357	9.973945e+04	1.485684e+01	1.082003e+05	1.079665e+05	5.739673e+04	5.698653e+04	3.035166e+02	2.737789e+01	2021	2	18	18
	2400	825	157.499648	-12.609357	9.988378e+04	1.579929e+01	1.084581e+05	1.081964e+05	5.763320e+04	5.717043e+04	3.035225e+02	3.068810e+01	2021	2	19	0
	2406	820	158.343397	-13.078107	9.960646e+04	1.571316e+01	1.082906e+05	1.079246e+05	5.744011e+04	5.690403e+04	3.035123e+02	2.997831e+01	2021	2	19	6
	2403	817	157.921523	-13.359356	9.971122e+04	1.667777e+01	1.085276e+05	1.081618e+05	5.765470e+04	5.710378e+04	3.034032e+02	3.511136e+01	2021	2	19	12
	2404	810	158.062148	-14.015606	9.934662e+04	1.658068e+01	1.082996e+05	1.078326e+05	5.741401e+04	5.675859e+04	3.032715e+02	3.166859e+01	2021	2	19	18
	2401	808	157.640273	-14.203105	9.943560e+04	1.764269e+01	1.084409e+05	1.080523e+05	5.757495e+04	5.686384e+04	3.031871e+02	2.987028e+01	2021	2	20	0
	2402	801	157.780898	-14.859354	9.903773e+04	1.910889e+01	1.082626e+05	1.076918e+05	5.729926e+04	5.656214e+04	3.030617e+02	2.559935e+01	2021	2	20	6
	2406	798	158.343397	-15.140604	9.913750e+04	1.934621e+01	1.084336e+05	1.079302e+05	5.755054e+04	5.674220e+04	3.029826e+02	2.933390e+01	2021	2	20	12
	2407	794	158.484022	-15.515603	9.879424e+04	2.018577e+01	1.081546e+05	1.075848e+05	5.725632e+04	5.644397e+04	3.029103e+02	2.617514e+01	2021	2	20	18
	2412	789	159.187147	-15.984353	9.886061e+04	2.012908e+01	1.083614e+05	1.077387e+05	5.746846e+04	5.647562e+04	3.028958e+02	2.786000e+01	2021	2	21	0
	2416	779	159.749646	-16.921851	9.846935e+04	2.303153e+01	1.082260e+05	1.073139e+05	5.725397e+04	5.605010e+04	3.028130e+02	2.850049e+01	2021	2	21	6
	2424	772	160.874645	-17.578101	9.856868e+04	2.130292e+01	1.083912e+05	1.074094e+05	5.747893e+04	5.604296e+04	3.026343e+02	3.371877e+01	2021	2	21	12
	2430	762	161.718394	-18.515599	9.819409e+04	2.297344e+01	1.081844e+05	1.070960e+05	5.731006e+04	5.558034e+04	3.025100e+02	2.833923e+01	2021	2	21	18
	2436	750	162.562143	-19.640598	9.830289e+04	2.320732e+01	1.084236e+05	1.072735e+05	5.749008e+04	5.567859e+04	9.999000e+03	2.693157e+01	2021	2	22	0
	2443	731	163.546517	-21.421845	9.812304e+04	2.532333e+01	1.083923e+05	1.071067e+05	5.740858e+04	5.545426e+04	9.999000e+03	2.651603e+01	2021	2	22	6
	2451	712	164.671516	-23.203093	9.841133e+04	2.567207e+01	1.086149e+05	1.075736e+05	5.767431e+04	5.578056e+04	9.999000e+03	2.671745e+01	2021	2	22	12
	2458	688	165.655890	-25.453090	9.836272e+04	2.325543e+01	1.084764e+05	1.070957e+05	5.758559e+04	5.581514e+04	3.014101e+02	2.035524e+01	2021	2	22	18
	2468	662	167.062138	-27.890586	9.863884e+04	2.536434e+01	1.086956e+05	1.069529e+05	5.779504e+04	5.613039e+04	3.003451e+02	1.873760e+01	2021	2	23	0
	2480	628	168.749637	-31.078082	9.862980e+04	2.367237e+01	1.086071e+05	1.063657e+05	5.776918e+04	5.610771e+04	2.987329e+02	1.520820e+01	2021	2	23	6
	2496	595	170.999634	-34.171828	9.896658e+04	2.346157e+01	1.086789e+05	1.058671e+05	5.790038e+04	5.600104e+04	9.999000e+03	1.420690e+01	2021	2	23	12
	2513	568	173.390257	-36.703074	9.924332e+04	2.289439e+01	1.085545e+05	1.051693e+05	5.780086e+04	5.564784e+04	9.999000e+03	7.539228e+00	2021	2	23	18
start	13	2021	2	19	18
	1798	771	72.843487	-17.671850	1.003054e+05	1.308056e+01	1.082542e+05	1.080056e+05	5.785290e+04	5.732636e+04	3.022418e+02	3.173387e+01	2021	2	19	18
	1790	765	71.718488	-18.234350	1.000554e+05	1.357021e+01	1.080648e+05	1.077432e+05	5.759127e+04	5.710241e+04	3.018216e+02	2.192336e+01	2021	2	20	0
	1782	755	70.593489	-19.171848	1.002703e+05	1.284249e+01	1.081772e+05	1.079156e+05	5.779053e+04	5.723551e+04	3.016345e+02	1.574817e+01	2021	2	20	6
	1782	746	70.593489	-20.015597	1.000886e+05	1.246481e+01	1.081448e+05	1.077795e+05	5.766178e+04	5.703150e+04	3.014690e+02	2.108673e+01	2021	2	20	12
	1784	736	70.874739	-20.953096	1.003267e+05	1.332113e+01	1.083767e+05	1.079186e+05	5.783415e+04	5.720039e+04	3.009828e+02	2.282267e+01	2021	2	20	18
	1782	727	70.593489	-21.796845	1.000802e+05	1.335700e+01	1.081411e+05	1.076604e+05	5.761791e+04	5.700625e+04	3.006903e+02	1.922258e+01	2021	2	21	0
	1782	719	70.593489	-22.546844	1.002279e+05	1.301341e+01	1.083395e+05	1.076456e+05	5.777584e+04	5.720429e+04	3.006209e+02	1.439622e+01	2021	2	21	6
	1790	712	71.718488	-23.203093	1.000960e+05	1.428507e+01	1.082504e+05	1.074894e+05	5.772114e+04	5.709707e+04	3.004445e+02	1.845221e+01	2021	2	21	12
	1801	700	73.265361	-24.328091	1.002645e+05	1.553852e+01	1.083881e+05	1.074779e+05	5.789042e+04	5.721543e+04	2.999641e+02	2.700566e+01	2021	2	21	18
	1807	688	74.109110	-25.453090	9.995176e+04	1.510956e+01	1.081459e+05	1.070330e+05	5.771673e+04	5.705415e+04	2.994455e+02	2.278214e+01	2021	2	22	0
	1809	688	74.390360	-25.453090	1.001524e+05	1.694144e+01	1.083403e+05	1.070991e+05	5.786752e+04	5.727276e+04	2.995093e+02	1.920421e+01	2021	2	22	6
	1815	683	75.234109	-25.921839	1.000500e+05	1.780088e+01	1.082182e+05	1.069542e+05	5.772412e+04	5.717271e+04	2.997808e+02	2.253392e+01	2021	2	22	12
	1822	681	76.218483	-26.109339	1.002981e+05	1.940374e+01	1.083032e+05	1.069148e+05	5.786779e+04	5.721271e+04	2.993335e+02	2.584625e+01	2021	2	22	18
start	26	2021	3	22	12
	1923	862	90.421593	-9.140612	1.005832e+05	1.227305e+01	1.080909e+05	1.078175e+05	5.783824e+04	5.749590e+04	3.034681e+02	2.246179e+01	2021	3	22	12
	1915	856	89.296594	-9.703112	1.007410e+05	1.508103e+01	1.082279e+05	1.079465e+05	5.791551e+04	5.759416e+04	3.034069e+02	3.087718e+01	2021	3	22	18
	1910	856	88.593470	-9.703112	1.004834e+05	1.436635e+01	1.080124e+05	1.077287e+05	5.770418e+04	5.725123e+04	3.033329e+02	2.648096e+01	2021	3	23	0
	1903	859	87.609096	-9.421862	1.005649e+05	1.440845e+01	1.080596e+05	1.078582e+05	5.776606e+04	5.733020e+04	3.034633e+02	1.552101e+01	2021	3	23	6
	1894	864	86.343472	-8.953113	1.003356e+05	1.419462e+01	1.079437e+05	1.076898e+05	5.766838e+04	5.721717e+04	3.032087e+02	2.170766e+01	2021	3	23	12
	1891	864	85.921598	-8.953113	1.005058e+05	1.385126e+01	1.081469e+05	1.078712e+05	5.774163e+04	5.736850e+04	3.030244e+02	3.346771e+01	2021	3	23	18
	1889	863	85.640348	-9.046862	1.001617e+05	1.466455e+01	1.079023e+05	1.076549e+05	5.747531e+04	5.708370e+04	3.029279e+02	3.530365e+01	2021	3	24	0
	1885	863	85.077849	-9.046862	1.001965e+05	1.516870e+01	1.079369e+05	1.077480e+05	5.754891e+04	5.711768e+04	3.028361e+02	3.351606e+01	2021	3	24	6
	1883	856	84.796599	-9.703112	9.995159e+04	1.600536e+01	1.078119e+05	1.076128e+05	5.739171e+04	5.691633e+04	3.027178e+02	3.058313e+01	2021	3	24	12
	1880	859	84.374725	-9.421862	1.000307e+05	1.619791e+01	1.079394e+05	1.075966e+05	5.757335e+04	5.697661e+04	3.025855e+02	3.044274e+01	2021	3	24	18
	1879	849	84.234100	-10.359361	9.976915e+04	1.682314e+01	1.077752e+05	1.074579e+05	5.744110e+04	5.680163e+04	3.023787e+02	2.758865e+01	2021	3	25	0
	1879	844	84.234100	-10.828110	9.983167e+04	1.724336e+01	1.079533e+05	1.075373e+05	5.758193e+04	5.682159e+04	3.022749e+02	2.820196e+01	2021	3	25	6
	1877	834	83.952850	-11.765609	9.955775e+04	1.761010e+01	1.078436e+05	1.073236e+05	5.746886e+04	5.655181e+04	3.023561e+02	3.314542e+01	2021	3	25	12
	1877	827	83.952850	-12.421858	9.966454e+04	1.806528e+01	1.080724e+05	1.075117e+05	5.766693e+04	5.670546e+04	3.022346e+02	2.803784e+01	2021	3	25	18
	1877	820	83.952850	-13.078107	9.933125e+04	1.888577e+01	1.078734e+05	1.073210e+05	5.746971e+04	5.645049e+04	3.022137e+02	2.734122e+01	2021	3	26	0
	1877	813	83.952850	-13.734356	9.937515e+04	2.068425e+01	1.080545e+05	1.074843e+05	5.763827e+04	5.653368e+04	3.022948e+02	2.979959e+01	2021	3	26	6
	1880	803	84.374725	-14.671855	9.893321e+04	2.254884e+01	1.079899e+05	1.073061e+05	5.757112e+04	5.612851e+04	3.022703e+02	3.432226e+01	2021	3	26	12
	1881	794	84.515349	-15.515603	9.882553e+04	2.180134e+01	1.080830e+05	1.072637e+05	5.765412e+04	5.599230e+04	3.022242e+02	3.484181e+01	2021	3	26	18
	1883	784	84.796599	-16.453102	9.874775e+04	2.368673e+01	1.079250e+05	1.071726e+05	5.749482e+04	5.601154e+04	3.021330e+02	2.729142e+01	2021	3	27	0
	1881	777	84.515349	-17.109351	9.905598e+04	2.463818e+01	1.080496e+05	1.074211e+05	5.761776e+04	5.638838e+04	3.021445e+02	2.455796e+01	2021	3	27	6
	1882	772	84.655974	-17.578101	9.907489e+04	2.290153e+01	1.080028e+05	1.075020e+05	5.748916e+04	5.665313e+04	3.020007e+02	2.354610e+01	2021	3	27	12
	1879	767	84.234100	-18.046850	9.897339e+04	2.694514e+01	1.080478e+05	1.076266e+05	5.765077e+04	5.670448e+04	3.018918e+02	1.597162e+01	2021	3	27	18
	1875	767	83.671600	-18.046850	9.898054e+04	2.067628e+01	1.079213e+05	1.074462e+05	5.743654e+04	5.680905e+04	3.018818e+02	9.193826e+00	2021	3	28	0
	1871	765	83.109101	-18.234350	9.943759e+04	2.000015e+01	1.080554e+05	1.075874e+05	5.757223e+04	5.716747e+04	3.018308e+02	7.698897e+00	2021	3	28	6
	1865	760	82.265352	-18.703099	9.950245e+04	1.986966e+01	1.080132e+05	1.074553e+05	5.747199e+04	5.720624e+04	3.016866e+02	8.675525e+00	2021	3	28	12
	1857	757	81.140353	-18.984349	9.991919e+04	1.854127e+01	1.081238e+05	1.074508e+05	5.762930e+04	5.740752e+04	3.015796e+02	9.390079e+00	2021	3	28	18
start	31	2021	3	24	18
	2079	847	112.359070	-10.546860	1.003915e+05	1.033806e+01	1.080732e+05	1.078531e+05	5.754570e+04	5.727288e+04	3.035692e+02	3.499916e+01	2021	3	24	18
	2071	847	111.234072	-10.546860	1.004738e+05	1.216606e+01	1.082037e+05	1.078938e+05	5.770134e+04	5.734610e+04	3.033806e+02	3.591035e+01	2021	3	25	0
	2074	837	111.655946	-11.484359	1.003429e+05	1.347892e+01	1.081635e+05	1.078589e+05	5.759401e+04	5.719327e+04	3.035088e+02	3.138379e+01	2021	3	25	6
	2058	825	109.405948	-12.609357	1.004139e+05	1.428518e+01	1.082846e+05	1.079732e+05	5.773288e+04	5.728104e+04	3.034860e+02	2.640647e+01	2021	3	25	12
	2048	828	107.999700	-12.328108	1.003888e+05	1.377315e+01	1.082596e+05	1.079636e+05	5.770427e+04	5.723621e+04	3.034662e+02	3.018785e+01	2021	3	25	18
	2044	833	107.437200	-11.859359	1.003233e+05	1.468102e+01	1.082809e+05	1.078848e+05	5.770979e+04	5.725697e+04	3.034778e+02	3.098282e+01	2021	3	26	0
	2043	832	107.296576	-11.953108	1.001382e+05	1.428398e+01	1.082410e+05	1.078956e+05	5.762513e+04	5.708364e+04	3.033853e+02	2.470426e+01	2021	3	26	6
	2033	822	105.890327	-12.890607	1.001218e+05	1.472643e+01	1.082749e+05	1.079228e+05	5.774196e+04	5.697079e+04	3.032950e+02	2.472422e+01	2021	3	26	12
	2026	820	104.905953	-13.078107	1.000112e+05	1.662241e+01	1.082288e+05	1.078292e+05	5.774862e+04	5.687333e+04	3.030901e+02	3.101066e+01	2021	3	26	18
	2015	818	103.359080	-13.265607	9.984235e+04	1.677134e+01	1.082366e+05	1.078348e+05	5.771051e+04	5.680644e+04	3.026380e+02	2.887412e+01	2021	3	27	0
	2006	813	102.093456	-13.734356	9.969147e+04	1.735852e+01	1.081478e+05	1.076325e+05	5.769306e+04	5.673321e+04	3.022408e+02	2.727660e+01	2021	3	27	6
	2000	805	101.249707	-14.484355	9.958009e+04	1.814797e+01	1.082489e+05	1.076407e+05	5.775525e+04	5.668607e+04	3.020575e+02	2.009104e+01	2021	3	27	12
	1991	801	99.984083	-14.859354	9.966289e+04	1.906635e+01	1.082209e+05	1.077387e+05	5.778632e+04	5.682426e+04	3.023260e+02	1.778634e+01	2021	3	27	18
	1981	798	98.577835	-15.140604	9.956130e+04	1.828882e+01	1.081642e+05	1.077279e+05	5.776011e+04	5.680870e+04	3.024924e+02	1.652217e+01	2021	3	28	0
	1976	786	97.874710	-16.265602	9.959097e+04	2.063315e+01	1.082521e+05	1.077884e+05	5.785096e+04	5.685206e+04	3.023264e+02	1.757549e+01	2021	3	28	6
	1969	782	96.890336	-16.640602	9.953103e+04	2.023195e+01	1.083103e+05	1.078340e+05	5.778493e+04	5.680650e+04	3.021752e+02	1.889253e+01	2021	3	28	12
	1960	777	95.624713	-17.109351	9.952639e+04	2.029571e+01	1.082945e+05	1.077070e+05	5.785473e+04	5.666138e+04	3.012500e+02	1.716513e+01	2021	3	28	18
	1954	767	94.780964	-18.046850	9.935538e+04	2.291300e+01	1.082071e+05	1.074529e+05	5.787291e+04	5.638911e+04	3.011126e+02	1.459603e+01	2021	3	29	0
	1948	760	93.937215	-18.703099	9.942443e+04	2.246219e+01	1.082785e+05	1.076809e+05	5.793237e+04	5.655099e+04	3.008310e+02	2.215254e+01	2021	3	29	6
	1941	750	92.952841	-19.640598	9.924919e+04	2.641355e+01	1.082702e+05	1.077400e+05	5.789782e+04	5.650562e+04	3.006816e+02	2.636203e+01	2021	3	29	12
	1935	743	92.109091	-20.296847	9.916504e+04	2.613995e+01	1.082758e+05	1.077556e+05	5.789422e+04	5.653966e+04	3.005013e+02	2.222192e+01	2021	3	29	18
	1927	734	90.984093	-21.140596	9.908132e+04	2.406246e+01	1.081268e+05	1.075632e+05	5.780800e+04	5.649549e+04	3.005194e+02	1.516511e+01	2021	3	30	0
	1923	726	90.421593	-21.890595	9.928659e+04	2.485215e+01	1.082100e+05	1.077974e+05	5.780209e+04	5.677554e+04	3.003353e+02	1.516704e+01	2021	3	30	6
	1918	719	89.718469	-22.546844	9.925929e+04	2.418285e+01	1.081364e+05	1.076229e+05	5.772814e+04	5.688012e+04	3.001015e+02	1.835436e+01	2021	3	30	12
	1916	714	89.437219	-23.015593	9.943126e+04	2.250178e+01	1.081536e+05	1.074031e+05	5.773059e+04	5.692576e+04	2.998791e+02	1.936725e+01	2021	3	30	18
	1914	712	89.155970	-23.203093	9.943598e+04	2.242115e+01	1.079614e+05	1.070828e+05	5.763147e+04	5.685884e+04	2.997657e+02	1.995094e+01	2021	3	31	0
	1914	710	89.155970	-23.390592	9.955427e+04	2.193955e+01	1.080349e+05	1.069903e+05	5.773089e+04	5.693438e+04	2.996379e+02	1.848976e+01	2021	3	31	6
	1912	711	88.874720	-23.296843	9.959795e+04	2.268653e+01	1.080081e+05	1.070130e+05	5.767313e+04	5.704193e+04	2.997885e+02	2.055323e+01	2021	3	31	12
	1908	715	88.312220	-22.921843	9.994683e+04	2.103340e+01	1.080479e+05	1.069399e+05	5.772466e+04	5.715414e+04	2.998756e+02	2.190434e+01	2021	3	31	18
	1908	715	88.312220	-22.921843	9.990738e+04	1.980917e+01	1.078282e+05	1.068095e+05	5.755455e+04	5.697147e+04	2.998369e+02	2.008422e+01	2021	4	1	0
	1904	714	87.749721	-23.015593	9.990515e+04	2.298181e+01	1.079506e+05	1.068154e+05	5.769061e+04	5.707603e+04	2.998396e+02	1.358884e+01	2021	4	1	6
start	30	2021	4	6	0
	1662	828	53.718506	-12.328108	1.003451e+05	1.183656e+01	1.080374e+05	1.078115e+05	5.756266e+04	5.722601e+04	3.028909e+02	1.962559e+01	2021	4	6	0
	1664	828	53.999756	-12.328108	1.006623e+05	1.250391e+01	1.083071e+05	1.081023e+05	5.782081e+04	5.742367e+04	3.028960e+02	1.771766e+01	2021	4	6	6
	1663	828	53.859131	-12.328108	1.003126e+05	1.291248e+01	1.080415e+05	1.077701e+05	5.757774e+04	5.709228e+04	3.033255e+02	1.710733e+01	2021	4	6	12
	1662	827	53.718506	-12.421858	1.006128e+05	1.229923e+01	1.082840e+05	1.081023e+05	5.787315e+04	5.742711e+04	3.028307e+02	2.198755e+01	2021	4	6	18
	1656	835	52.874757	-11.671859	1.003029e+05	1.300689e+01	1.080967e+05	1.078116e+05	5.758644e+04	5.723214e+04	3.026608e+02	1.840989e+01	2021	4	7	0
	1661	832	53.577882	-11.953108	1.006249e+05	1.258866e+01	1.083249e+05	1.081460e+05	5.791513e+04	5.755061e+04	3.027388e+02	1.910351e+01	2021	4	7	6
	1659	829	53.296632	-12.234358	1.002879e+05	1.244547e+01	1.081498e+05	1.079097e+05	5.766384e+04	5.730319e+04	3.034104e+02	2.255116e+01	2021	4	7	12
	1657	825	53.015382	-12.609357	1.005716e+05	1.243309e+01	1.084016e+05	1.081343e+05	5.791386e+04	5.755544e+04	3.025571e+02	2.791234e+01	2021	4	7	18
	1651	831	52.171633	-12.046858	1.003020e+05	1.450816e+01	1.081494e+05	1.078960e+05	5.766656e+04	5.723946e+04	3.023713e+02	2.611628e+01	2021	4	8	0
	1654	827	52.593508	-12.421858	1.005568e+05	1.478432e+01	1.083603e+05	1.081599e+05	5.794561e+04	5.740635e+04	3.023057e+02	2.870144e+01	2021	4	8	6
	1652	820	52.312258	-13.078107	1.002295e+05	1.365179e+01	1.081891e+05	1.078597e+05	5.772755e+04	5.714493e+04	3.025831e+02	3.606718e+01	2021	4	8	12
	1651	826	52.171633	-12.515608	1.004775e+05	1.510977e+01	1.084406e+05	1.080608e+05	5.792717e+04	5.726758e+04	3.022016e+02	4.450899e+01	2021	4	8	18
	1646	822	51.468509	-12.890607	1.001184e+05	1.487512e+01	1.081328e+05	1.077543e+05	5.767422e+04	5.694843e+04	9.999000e+03	3.342201e+01	2021	4	9	0
	1645	820	51.327884	-13.078107	1.002928e+05	1.518463e+01	1.083438e+05	1.079069e+05	5.791521e+04	5.709120e+04	9.999000e+03	3.621378e+01	2021	4	9	6
	1643	815	51.046634	-13.546856	9.985014e+04	1.524210e+01	1.081123e+05	1.076993e+05	5.762301e+04	5.677111e+04	9.999000e+03	4.072289e+01	2021	4	9	12
	1643	811	51.046634	-13.921856	1.000443e+05	1.606131e+01	1.082680e+05	1.078676e+05	5.783075e+04	5.693843e+04	9.999000e+03	4.472075e+01	2021	4	9	18
	1642	801	50.906009	-14.859354	9.976666e+04	1.724290e+01	1.080533e+05	1.076417e+05	5.759541e+04	5.680206e+04	9.999000e+03	3.220114e+01	2021	4	10	0
	1639	791	50.484135	-15.796853	1.001742e+05	1.582602e+01	1.082781e+05	1.078916e+05	5.783315e+04	5.708996e+04	9.999000e+03	3.650967e+01	2021	4	10	6
	1637	791	50.202885	-15.796853	9.998933e+04	1.471590e+01	1.081599e+05	1.078164e+05	5.763887e+04	5.693343e+04	9.999000e+03	4.703379e+01	2021	4	10	12
	1641	792	50.765385	-15.703103	1.003266e+05	1.569048e+01	1.082700e+05	1.079962e+05	5.785965e+04	5.721484e+04	9.999000e+03	4.669808e+01	2021	4	10	18
	1638	779	50.343510	-16.921851	9.996961e+04	1.683095e+01	1.080477e+05	1.078036e+05	5.761328e+04	5.699283e+04	9.999000e+03	3.865630e+01	2021	4	11	0
	1634	772	49.781011	-17.578101	1.002878e+05	1.716571e+01	1.083107e+05	1.080691e+05	5.786584e+04	5.726028e+04	9.999000e+03	4.103646e+01	2021	4	11	6
	1632	772	49.499761	-17.578101	1.001199e+05	1.464823e+01	1.081550e+05	1.079066e+05	5.764631e+04	5.704726e+04	9.999000e+03	4.534312e+01	2021	4	11	12
	1632	765	49.499761	-18.234350	1.004092e+05	1.623380e+01	1.083191e+05	1.080567e+05	5.784356e+04	5.723087e+04	9.999000e+03	4.613640e+01	2021	4	11	18
	1630	758	49.218511	-18.890599	1.002131e+05	1.878861e+01	1.080861e+05	1.078082e+05	5.762495e+04	5.700723e+04	9.999000e+03	3.594647e+01	2021	4	12	0
	1629	751	49.077886	-19.546848	1.005211e+05	1.933296e+01	1.083561e+05	1.079370e+05	5.791379e+04	5.723765e+04	9.999000e+03	3.479043e+01	2021	4	12	6
	1629	743	49.077886	-20.296847	1.003264e+05	1.874286e+01	1.081737e+05	1.077154e+05	5.769701e+04	5.715267e+04	9.999000e+03	3.471644e+01	2021	4	12	12
	1627	734	48.796637	-21.140596	1.005033e+05	2.093545e+01	1.083692e+05	1.077073e+05	5.789269e+04	5.737114e+04	9.999000e+03	2.946316e+01	2021	4	12	18
	1624	731	48.374762	-21.421845	1.003369e+05	1.940177e+01	1.081525e+05	1.074277e+05	5.769348e+04	5.728367e+04	9.999000e+03	1.937842e+01	2021	4	13	0
	1625	729	48.515387	-21.609345	1.006850e+05	1.772549e+01	1.084025e+05	1.076041e+05	5.797823e+04	5.755246e+04	9.999000e+03	1.705498e+01	2021	4	13	6
start	31	2021	4	15	18
	1939	874	92.671591	-8.015614	1.005791e+05	1.454023e+01	1.081070e+05	1.079045e+05	5.773391e+04	5.740077e+04	3.033117e+02	2.062173e+01	2021	4	15	18
	1941	873	92.952841	-8.109364	1.004791e+05	1.319588e+01	1.080278e+05	1.077878e+05	5.757460e+04	5.734209e+04	3.032530e+02	2.668279e+01	2021	4	16	0
	1933	868	91.827842	-8.578113	1.005610e+05	1.315799e+01	1.080779e+05	1.079191e+05	5.772624e+04	5.739423e+04	3.031687e+02	2.476710e+01	2021	4	16	6
	1927	869	90.984093	-8.484363	1.004331e+05	1.543126e+01	1.080564e+05	1.077799e+05	5.761380e+04	5.722992e+04	3.030838e+02	2.479621e+01	2021	4	16	12
	1926	865	90.843468	-8.859363	1.005753e+05	1.557373e+01	1.081388e+05	1.079218e+05	5.774873e+04	5.729627e+04	3.029298e+02	3.023273e+01	2021	4	16	18
	1917	863	89.577844	-9.046862	1.003616e+05	1.644763e+01	1.080603e+05	1.077550e+05	5.766016e+04	5.721325e+04	3.028490e+02	2.770378e+01	2021	4	17	0
	1912	863	88.874720	-9.046862	1.003176e+05	1.652457e+01	1.081404e+05	1.079098e+05	5.777803e+04	5.720823e+04	3.028645e+02	2.759077e+01	2021	4	17	6
	1906	858	88.030971	-9.515612	1.001533e+05	1.642473e+01	1.080809e+05	1.078343e+05	5.772935e+04	5.710163e+04	3.028107e+02	2.482483e+01	2021	4	17	12
	1897	859	86.765347	-9.421862	1.001688e+05	1.815796e+01	1.082437e+05	1.079432e+05	5.783064e+04	5.719394e+04	3.027563e+02	3.243506e+01	2021	4	17	18
	1890	859	85.780973	-9.421862	9.990151e+04	1.797620e+01	1.081491e+05	1.077615e+05	5.766750e+04	5.696945e+04	3.026823e+02	3.271016e+01	2021	4	18	0
	1880	859	84.374725	-9.421862	9.990223e+04	1.891128e+01	1.081924e+05	1.078705e+05	5.777210e+04	5.688873e+04	3.026157e+02	2.830957e+01	2021	4	18	6
	1873	859	83.390351	-9.421862	9.964695e+04	1.825569e+01	1.081258e+05	1.075659e+05	5.767672e+04	5.668411e+04	3.025059e+02	3.082947e+01	2021	4	18	12
	1864	859	82.124727	-9.421862	9.972665e+04	1.825917e+01	1.082464e+05	1.076590e+05	5.779612e+04	5.681083e+04	3.024958e+02	3.567855e+01	2021	4	18	18
	1857	858	81.140353	-9.515612	9.945977e+04	1.844034e+01	1.080346e+05	1.073882e+05	5.761666e+04	5.660614e+04	3.024971e+02	3.280227e+01	2021	4	19	0
	1848	856	79.874729	-9.703112	9.956446e+04	1.954356e+01	1.081492e+05	1.076225e+05	5.775622e+04	5.674171e+04	3.025671e+02	3.192996e+01	2021	4	19	6
	1840	851	78.749730	-10.171861	9.922401e+04	1.963501e+01	1.080394e+05	1.074795e+05	5.756270e+04	5.649145e+04	3.025815e+02	3.087777e+01	2021	4	19	12
	1833	846	77.765356	-10.640610	9.937920e+04	1.954807e+01	1.081622e+05	1.076837e+05	5.775759e+04	5.668239e+04	3.025021e+02	3.260037e+01	2021	4	19	18
	1825	841	76.640358	-11.109360	9.907476e+04	2.052718e+01	1.080198e+05	1.075063e+05	5.756899e+04	5.655508e+04	3.024388e+02	2.676568e+01	2021	4	20	0
	1817	834	75.515359	-11.765609	9.930263e+04	2.066199e+01	1.081944e+05	1.077769e+05	5.780783e+04	5.680261e+04	3.024071e+02	2.670394e+01	2021	4	20	6
	1812	827	74.812234	-12.421858	9.907135e+04	2.036814e+01	1.080682e+05	1.076150e+05	5.766492e+04	5.664254e+04	3.023909e+02	2.677586e+01	2021	4	20	12
	1807	815	74.109110	-13.546856	9.921398e+04	2.217241e+01	1.081949e+05	1.077972e+05	5.782623e+04	5.678017e+04	3.023139e+02	2.526992e+01	2021	4	20	18
	1805	801	73.827860	-14.859354	9.912457e+04	2.163749e+01	1.080329e+05	1.076478e+05	5.767978e+04	5.673808e+04	3.021788e+02	1.820837e+01	2021	4	21	0
	1803	786	73.546611	-16.265602	9.946738e+04	2.201032e+01	1.082892e+05	1.078978e+05	5.788485e+04	5.704437e+04	3.019272e+02	1.583960e+01	2021	4	21	6
	1804	770	73.687236	-17.765600	9.926799e+04	2.177089e+01	1.082105e+05	1.076695e+05	5.781541e+04	5.685699e+04	3.014253e+02	1.367205e+01	2021	4	21	12
	1806	750	73.968485	-19.640598	9.945354e+04	2.176155e+01	1.082884e+05	1.076870e+05	5.792230e+04	5.697093e+04	3.010967e+02	1.736550e+01	2021	4	21	18
	1812	731	74.812234	-21.421845	9.913341e+04	2.282463e+01	1.080605e+05	1.071498e+05	5.767935e+04	5.657238e+04	3.005076e+02	2.122107e+01	2021	4	22	0
	1824	712	76.499733	-23.203093	9.910317e+04	2.480044e+01	1.082440e+05	1.068392e+05	5.778661e+04	5.640877e+04	3.000585e+02	2.050317e+01	2021	4	22	6
	1840	688	78.749730	-25.453090	9.871305e+04	2.627590e+01	1.079920e+05	1.060794e+05	5.764698e+04	5.607759e+04	2.989396e+02	2.443876e+01	2021	4	22	12
	1862	654	81.843477	-28.640585	9.834495e+04	3.037405e+01	1.079418e+05	1.050328e+05	5.753453e+04	5.529177e+04	2.968619e+02	3.018606e+01	2021	4	22	18
	1895	623	86.484097	-31.546831	9.810215e+04	2.868758e+01	1.075864e+05	1.040915e+05	5.734291e+04	5.465615e+04	2.948397e+02	2.060833e+01	2021	4	23	0
	1927	597	90.984093	-33.984328	9.876627e+04	2.469273e+01	1.074751e+05	1.028459e+05	5.729049e+04	5.421664e+04	2.928273e+02	8.669915e+00	2021	4	23	6
start	27	2021	5	24	12
	2230	1041	133.593423	7.640614	1.006871e+05	1.053848e+01	1.082704e+05	1.081047e+05	5.779353e+04	5.762080e+04	3.035883e+02	1.069041e+01	2021	5	24	12
	2227	1044	133.171549	7.921864	1.004885e+05	1.080168e+01	1.080969e+05	1.079329e+05	5.763285e+04	5.746988e+04	3.035390e+02	2.121705e+01	2021	5	24	18
	2227	1048	133.171549	8.296863	1.007217e+05	1.184713e+01	1.083074e+05	1.081553e+05	5.782722e+04	5.763239e+04	3.034555e+02	1.682776e+01	2021	5	25	0
	2222	1049	132.468424	8.390613	1.005108e+05	1.268620e+01	1.081645e+05	1.080397e+05	5.770504e+04	5.749947e+04	3.034932e+02	9.969653e+00	2021	5	25	6
	2219	1049	132.046550	8.390613	1.007137e+05	1.278589e+01	1.083696e+05	1.082328e+05	5.790681e+04	5.769233e+04	3.034525e+02	1.286970e+01	2021	5	25	12
	2215	1053	131.484050	8.765613	1.005222e+05	1.199160e+01	1.081833e+05	1.080784e+05	5.774144e+04	5.747820e+04	3.033675e+02	1.978274e+01	2021	5	25	18
	2212	1056	131.062176	9.046862	1.007020e+05	1.237543e+01	1.083960e+05	1.082729e+05	5.792166e+04	5.760540e+04	3.033327e+02	2.003322e+01	2021	5	26	0
	2207	1061	130.359052	9.515612	1.004707e+05	1.340793e+01	1.082610e+05	1.081013e+05	5.778572e+04	5.739407e+04	3.036145e+02	1.486558e+01	2021	5	26	6
	2202	1063	129.655927	9.703112	1.006665e+05	1.340036e+01	1.084758e+05	1.082926e+05	5.800460e+04	5.760027e+04	3.035438e+02	1.652238e+01	2021	5	26	12
	2197	1068	128.952803	10.171861	1.004513e+05	1.299531e+01	1.083096e+05	1.081247e+05	5.781976e+04	5.725576e+04	3.034667e+02	2.147101e+01	2021	5	26	18
	2192	1075	128.249679	10.828110	1.005776e+05	1.391997e+01	1.084226e+05	1.082082e+05	5.798251e+04	5.741673e+04	3.034168e+02	1.940614e+01	2021	5	27	0
	2186	1080	127.405930	11.296859	1.003648e+05	1.420625e+01	1.083255e+05	1.080320e+05	5.785773e+04	5.724609e+04	9.999000e+03	2.333094e+01	2021	5	27	6
	2182	1084	126.843430	11.671859	1.004709e+05	1.486967e+01	1.084894e+05	1.081656e+05	5.800634e+04	5.737065e+04	9.999000e+03	2.549423e+01	2021	5	27	12
	2176	1089	125.999681	12.140608	1.001934e+05	1.521692e+01	1.083397e+05	1.079308e+05	5.783791e+04	5.703128e+04	9.999000e+03	2.611047e+01	2021	5	27	18
	2169	1096	125.015307	12.796857	1.002686e+05	1.668432e+01	1.083976e+05	1.079242e+05	5.796145e+04	5.702734e+04	9.999000e+03	2.005241e+01	2021	5	28	0
	2163	1101	124.171558	13.265607	1.001941e+05	1.628753e+01	1.083464e+05	1.078022e+05	5.784774e+04	5.702581e+04	9.999000e+03	1.958231e+01	2021	5	28	6
	2156	1107	123.187184	13.828106	1.004211e+05	1.452999e+01	1.084372e+05	1.080273e+05	5.797984e+04	5.727939e+04	9.999000e+03	1.588722e+01	2021	5	28	12
	2151	1111	122.484060	14.203105	1.002222e+05	1.547900e+01	1.083370e+05	1.080050e+05	5.789055e+04	5.720960e+04	9.999000e+03	1.671972e+01	2021	5	28	18
	2141	1114	121.077811	14.484355	1.004650e+05	1.375477e+01	1.083755e+05	1.081455e+05	5.799681e+04	5.731419e+04	9.999000e+03	2.276596e+01	2021	5	29	0
	2140	1118	120.937186	14.859354	1.001497e+05	1.351722e+01	1.083761e+05	1.080541e+05	5.782866e+04	5.717261e+04	9.999000e+03	1.631524e+01	2021	5	29	6
	2139	1121	120.796562	15.140604	1.004140e+05	1.159148e+01	1.083537e+05	1.081411e+05	5.796381e+04	5.743661e+04	9.999000e+03	8.625159e+00	2021	5	29	12
	2136	1145	120.374687	17.390601	1.004298e+05	1.071122e+01	1.082718e+05	1.080385e+05	5.786811e+04	5.741944e+04	9.999000e+03	1.241715e+01	2021	5	29	18
	2136	1145	120.374687	17.390601	1.006087e+05	1.163399e+01	1.083059e+05	1.080929e+05	5.799431e+04	5.752045e+04	9.999000e+03	1.163592e+01	2021	5	30	0
	2137	1159	120.515312	18.703099	1.004557e+05	1.130058e+01	1.082350e+05	1.079750e+05	5.781480e+04	5.747486e+04	9.999000e+03	1.145099e+01	2021	5	30	6
	2131	1151	119.671563	17.953100	1.006433e+05	9.622699e+00	1.083878e+05	1.080444e+05	5.793793e+04	5.759668e+04	9.999000e+03	1.396972e+01	2021	5	30	12
	2133	1146	119.952812	17.484351	1.005732e+05	1.048487e+01	1.082452e+05	1.079727e+05	5.779624e+04	5.748105e+04	9.999000e+03	1.943441e+01	2021	5	30	18
	2133	1152	119.952812	18.046850	1.007124e+05	1.097175e+01	1.082943e+05	1.079766e+05	5.793680e+04	5.752408e+04	9.999000e+03	1.797612e+01	2021	5	31	0
start	15	2021	6	18	12
	667	1157	-86.203223	18.515599	1.005633e+05	1.594002e+01	1.079849e+05	1.073957e+05	5.765071e+04	5.717532e+04	9.999000e+03	3.255099e+01	2021	6	18	12
	670	1171	-85.781348	19.828097	1.004433e+05	1.794278e+01	1.080199e+05	1.074043e+05	5.766425e+04	5.720132e+04	9.999000e+03	3.159655e+01	2021	6	18	18
	663	1173	-86.765722	20.015597	1.002554e+05	1.534778e+01	1.079623e+05	1.072849e+05	5.747888e+04	5.709276e+04	9.999000e+03	2.778769e+01	2021	6	19	0
	663	1176	-86.765722	20.296847	1.003225e+05	1.388802e+01	1.079535e+05	1.071154e+05	5.753064e+04	5.716905e+04	9.999000e+03	2.453138e+01	2021	6	19	6
	666	1181	-86.343848	20.765596	1.002462e+05	1.173288e+01	1.078835e+05	1.069338e+05	5.749840e+04	5.704173e+04	9.999000e+03	2.843348e+01	2021	6	19	12
	672	1183	-85.500098	20.953096	1.002586e+05	1.265787e+01	1.079674e+05	1.070178e+05	5.759033e+04	5.708153e+04	9.999000e+03	2.462405e+01	2021	6	19	18
	676	1197	-84.937599	22.265594	1.001213e+05	1.113913e+01	1.079948e+05	1.068536e+05	5.752709e+04	5.701606e+04	9.999000e+03	2.123281e+01	2021	6	20	0
	684	1210	-83.812600	23.484342	1.002294e+05	1.568736e+01	1.080323e+05	1.067960e+05	5.758982e+04	5.703556e+04	9.999000e+03	2.968175e+01	2021	6	20	6
	694	1229	-82.406352	25.265590	1.000900e+05	1.792685e+01	1.080245e+05	1.066881e+05	5.759674e+04	5.700788e+04	9.999000e+03	3.444292e+01	2021	6	20	12
	694	1233	-82.406352	25.640589	1.001734e+05	1.602866e+01	1.081112e+05	1.067489e+05	5.763696e+04	5.708588e+04	9.999000e+03	2.420535e+01	2021	6	20	18
	702	1252	-81.281353	27.421837	1.001461e+05	1.698185e+01	1.081389e+05	1.065622e+05	5.766835e+04	5.712970e+04	9.999000e+03	2.503336e+01	2021	6	21	0
	713	1281	-79.734479	30.140583	1.001395e+05	1.948243e+01	1.080469e+05	1.060984e+05	5.763523e+04	5.689098e+04	9.999000e+03	3.277000e+01	2021	6	21	6
	722	1301	-78.468856	32.015581	1.000246e+05	2.065707e+01	1.079540e+05	1.056808e+05	5.766270e+04	5.667653e+04	9.999000e+03	3.334422e+01	2021	6	21	12
	734	1327	-76.781358	34.453077	9.960014e+04	2.547480e+01	1.079995e+05	1.054416e+05	5.769664e+04	5.648718e+04	9.999000e+03	2.951507e+01	2021	6	21	18
	742	1349	-75.656359	36.515574	9.944295e+04	2.315867e+01	1.079545e+05	1.049750e+05	5.769856e+04	5.616661e+04	9.999000e+03	2.629177e+01	2021	6	22	0
start	20	2021	6	25	18
	1915	1197	89.296594	22.265594	9.957384e+04	1.299407e+01	1.085515e+05	1.082012e+05	5.762205e+04	5.703700e+04	9.999000e+03	3.714832e+01	2021	6	25	18
	1910	1197	88.593470	22.265594	9.936350e+04	1.116010e+01	1.084464e+05	1.079258e+05	5.744424e+04	5.680177e+04	9.999000e+03	3.259468e+01	2021	6	26	0
	1906	1197	88.030971	22.265594	9.940567e+04	1.242697e+01	1.085940e+05	1.081256e+05	5.751877e+04	5.687905e+04	9.999000e+03	2.315700e+01	2021	6	26	6
	1900	1198	87.187222	22.359344	9.914066e+04	1.219275e+01	1.084961e+05	1.080842e+05	5.736502e+04	5.667921e+04	9.999000e+03	1.871980e+01	2021	6	26	12
	1900	1197	87.187222	22.265594	9.938748e+04	1.431875e+01	1.085110e+05	1.081954e+05	5.747164e+04	5.683085e+04	9.999000e+03	3.145746e+01	2021	6	26	18
	1900	1200	87.187222	22.546844	9.915109e+04	1.203497e+01	1.083884e+05	1.079815e+05	5.730563e+04	5.664396e+04	9.999000e+03	2.389741e+01	2021	6	27	0
	1891	1202	85.921598	22.734343	9.932652e+04	1.140545e+01	1.084379e+05	1.080823e+05	5.739376e+04	5.675727e+04	9.999000e+03	2.606497e+01	2021	6	27	6
	1885	1201	85.077849	22.640594	9.901509e+04	6.649899e+00	1.083339e+05	1.079838e+05	5.720741e+04	5.655255e+04	9.999000e+03	1.886844e+01	2021	6	27	12
	1883	1199	84.796599	22.453094	9.920909e+04	6.336926e+00	1.083554e+05	1.080625e+05	5.734915e+04	5.666346e+04	9.999000e+03	2.287545e+01	2021	6	27	18
	1879	1199	84.234100	22.453094	9.899059e+04	7.123127e+00	1.081573e+05	1.078370e+05	5.720260e+04	5.650300e+04	9.999000e+03	2.337113e+01	2021	6	28	0
	1870	1196	82.968476	22.171844	9.909521e+04	8.289098e+00	1.084064e+05	1.080080e+05	5.741696e+04	5.666689e+04	9.999000e+03	3.046621e+01	2021	6	28	6
	1862	1192	81.843477	21.796845	9.890653e+04	7.534421e+00	1.083581e+05	1.079293e+05	5.732626e+04	5.654694e+04	9.999000e+03	2.838731e+01	2021	6	28	12
	1862	1182	81.843477	20.859346	9.920216e+04	9.297138e+00	1.084190e+05	1.080221e+05	5.745118e+04	5.675388e+04	9.999000e+03	3.958252e+01	2021	6	28	18
	1869	1177	82.827851	20.390597	9.900284e+04	8.463221e+00	1.082037e+05	1.078278e+05	5.723923e+04	5.649665e+04	9.999000e+03	3.365189e+01	2021	6	29	0
	1863	1178	81.984102	20.484347	9.915741e+04	1.013536e+01	1.084733e+05	1.080603e+05	5.745817e+04	5.665480e+04	9.999000e+03	3.081733e+01	2021	6	29	6
	1859	1183	81.421603	20.953096	9.905400e+04	9.104533e+00	1.085103e+05	1.079393e+05	5.744048e+04	5.665881e+04	9.999000e+03	2.364580e+01	2021	6	29	12
	1860	1183	81.562227	20.953096	9.952184e+04	7.596649e+00	1.086105e+05	1.081380e+05	5.765112e+04	5.690952e+04	9.999000e+03	1.786345e+01	2021	6	29	18
	1843	1175	79.171605	20.203097	9.936760e+04	9.021761e+00	1.083482e+05	1.079427e+05	5.743466e+04	5.673562e+04	9.999000e+03	2.404568e+01	2021	6	30	0
	1844	1181	79.312230	20.765596	9.944571e+04	8.153237e+00	1.086669e+05	1.082058e+05	5.769824e+04	5.695672e+04	9.999000e+03	2.260224e+01	2021	6	30	6
	1836	1202	78.187231	22.734343	9.925223e+04	6.898927e+00	1.087530e+05	1.081886e+05	5.769189e+04	5.686398e+04	9.999000e+03	1.947770e+01	2021	6	30	12
start	62	2021	7	3	18
	2342	1039	149.343407	7.453115	1.005683e+05	1.207765e+01	1.081772e+05	1.079287e+05	5.762427e+04	5.739478e+04	3.034857e+02	4.163699e+01	2021	7	3	18
	2335	1049	148.359033	8.390613	1.007288e+05	1.157555e+01	1.083423e+05	1.081382e+05	5.783113e+04	5.747841e+04	3.033843e+02	4.099818e+01	2021	7	4	0
	2332	1049	147.937158	8.390613	1.004171e+05	1.276269e+01	1.082314e+05	1.079697e+05	5.765629e+04	5.722466e+04	3.034131e+02	3.997784e+01	2021	7	4	6
	2329	1054	147.515284	8.859363	1.005884e+05	1.326204e+01	1.084198e+05	1.081072e+05	5.784856e+04	5.741084e+04	3.033071e+02	3.766155e+01	2021	7	4	12
	2325	1054	146.952784	8.859363	1.002838e+05	1.329012e+01	1.081626e+05	1.078253e+05	5.760493e+04	5.714756e+04	3.033309e+02	3.257293e+01	2021	7	4	18
	2320	1061	146.249660	9.515612	1.003875e+05	1.413921e+01	1.083532e+05	1.079966e+05	5.782257e+04	5.733500e+04	3.031739e+02	3.004384e+01	2021	7	5	0
	2311	1073	144.984036	10.640610	1.000692e+05	1.509490e+01	1.082571e+05	1.078652e+05	5.767345e+04	5.717670e+04	3.031629e+02	3.072698e+01	2021	7	5	6
	2305	1072	144.140287	10.546860	1.002077e+05	1.619536e+01	1.084107e+05	1.080429e+05	5.780080e+04	5.734984e+04	3.031888e+02	3.134513e+01	2021	7	5	12
	2300	1075	143.437163	10.828110	9.986411e+04	1.675800e+01	1.082143e+05	1.078587e+05	5.759981e+04	5.706092e+04	3.032529e+02	3.362383e+01	2021	7	5	18
	2293	1080	142.452789	11.296859	1.000060e+05	1.660396e+01	1.083568e+05	1.079763e+05	5.775164e+04	5.726192e+04	3.032431e+02	3.150306e+01	2021	7	6	0
	2293	1082	142.452789	11.484359	9.979030e+04	1.643423e+01	1.082112e+05	1.078948e+05	5.764289e+04	5.720470e+04	3.032620e+02	3.347449e+01	2021	7	6	6
	2289	1092	141.890290	12.421858	1.000155e+05	1.551908e+01	1.083781e+05	1.080835e+05	5.785238e+04	5.736535e+04	3.032311e+02	4.182893e+01	2021	7	6	12
	2284	1091	141.187165	12.328108	9.969495e+04	1.756406e+01	1.081680e+05	1.078266e+05	5.754777e+04	5.700493e+04	3.032023e+02	3.865708e+01	2021	7	6	18
	2286	1099	141.468415	13.078107	9.983571e+04	1.730407e+01	1.082862e+05	1.079722e+05	5.771502e+04	5.727014e+04	3.030916e+02	2.961582e+01	2021	7	7	0
	2282	1101	140.905916	13.265607	9.962107e+04	1.502133e+01	1.082127e+05	1.078955e+05	5.758733e+04	5.712811e+04	3.033578e+02	3.806868e+01	2021	7	7	6
	2279	1107	140.484041	13.828106	9.982262e+04	1.624532e+01	1.083743e+05	1.080617e+05	5.773767e+04	5.726312e+04	3.031920e+02	4.273568e+01	2021	7	7	12
	2278	1109	140.343416	14.015606	9.958395e+04	1.540394e+01	1.081702e+05	1.078449e+05	5.756531e+04	5.696254e+04	3.032023e+02	4.305204e+01	2021	7	7	18
	2272	1113	139.499667	14.390605	9.967500e+04	1.589263e+01	1.083205e+05	1.079558e+05	5.769023e+04	5.710655e+04	3.032829e+02	4.072700e+01	2021	7	8	0
	2267	1114	138.796543	14.484355	9.940825e+04	1.585189e+01	1.082454e+05	1.079211e+05	5.752261e+04	5.692555e+04	3.033207e+02	4.890655e+01	2021	7	8	6
	2265	1114	138.515293	14.484355	9.943970e+04	1.661897e+01	1.084055e+05	1.080506e+05	5.761618e+04	5.698286e+04	3.032806e+02	5.949352e+01	2021	7	8	12
	2263	1114	138.234043	14.484355	9.911574e+04	1.852039e+01	1.082071e+05	1.076795e+05	5.736436e+04	5.651809e+04	3.032303e+02	6.186185e+01	2021	7	8	18
	2261	1118	137.952794	14.859354	9.907092e+04	1.916935e+01	1.084535e+05	1.078458e+05	5.744756e+04	5.657798e+04	3.032612e+02	5.812249e+01	2021	7	9	0
	2258	1123	137.530919	15.328104	9.876575e+04	1.855987e+01	1.082752e+05	1.077649e+05	5.729309e+04	5.636678e+04	3.033969e+02	5.819270e+01	2021	7	9	6
	2256	1128	137.249669	15.796853	9.879739e+04	1.937875e+01	1.083868e+05	1.077907e+05	5.748071e+04	5.640624e+04	3.034528e+02	5.722724e+01	2021	7	9	12
	2253	1135	136.827795	16.453102	9.840818e+04	2.007163e+01	1.082069e+05	1.076492e+05	5.733800e+04	5.618067e+04	3.034981e+02	5.223804e+01	2021	7	9	18
	2247	1140	135.984046	16.921851	9.842117e+04	2.111724e+01	1.083636e+05	1.078116e+05	5.746168e+04	5.622362e+04	3.034745e+02	4.950599e+01	2021	7	10	0
	2243	1149	135.421546	17.765600	9.808748e+04	2.201080e+01	1.082631e+05	1.076564e+05	5.732113e+04	5.598902e+04	3.035500e+02	4.865421e+01	2021	7	10	6
	2240	1151	134.999672	17.953100	9.810988e+04	2.247760e+01	1.083957e+05	1.077350e+05	5.745590e+04	5.602002e+04	3.034589e+02	5.394085e+01	2021	7	10	12
	2239	1163	134.859047	19.078098	9.775794e+04	2.288322e+01	1.082646e+05	1.074549e+05	5.736301e+04	5.572241e+04	3.033432e+02	5.005848e+01	2021	7	10	18
	2231	1173	133.734048	20.015597	9.776833e+04	2.259009e+01	1.083499e+05	1.075765e+05	5.739653e+04	5.579401e+04	3.033813e+02	4.949457e+01	2021	7	11	0
	2228	1180	133.312174	20.671846	9.750302e+04	2.162296e+01	1.082924e+05	1.074012e+05	5.726393e+04	5.562629e+04	3.034686e+02	4.653074e+01	2021	7	11	6
	2225	1188	132.890299	21.421845	9.754607e+04	2.162789e+01	1.084267e+05	1.074898e+05	5.737398e+04	5.558347e+04	3.033804e+02	4.903400e+01	2021	7	11	12
	2222	1195	132.468424	22.078094	9.729570e+04	2.175299e+01	1.082241e+05	1.073191e+05	5.721548e+04	5.542366e+04	3.032536e+02	4.458914e+01	2021	7	11	18
	2220	1207	132.187175	23.203093	9.719631e+04	2.270967e+01	1.083542e+05	1.072645e+05	5.728241e+04	5.534027e+04	3.030556e+02	4.089607e+01	2021	7	12	0
	2220	1217	132.187175	24.140591	9.696704e+04	2.334576e+01	1.083388e+05	1.071839e+05	5.724456e+04	5.516764e+04	3.025010e+02	3.608740e+01	2021	7	12	6
	2218	1228	131.905925	25.171840	9.716904e+04	2.255517e+01	1.084880e+05	1.073168e+05	5.738981e+04	5.534655e+04	3.019421e+02	3.452031e+01	2021	7	12	12
	2212	1240	131.062176	26.296838	9.718945e+04	2.210493e+01	1.083009e+05	1.072943e+05	5.721137e+04	5.534288e+04	3.013038e+02	3.064011e+01	2021	7	12	18
	2210	1250	130.780926	27.234337	9.746727e+04	2.103407e+01	1.084422e+05	1.074953e+05	5.732439e+04	5.561193e+04	9.999000e+03	2.477676e+01	2021	7	13	0
	2208	1257	130.499676	27.890586	9.753075e+04	2.084476e+01	1.085306e+05	1.076783e+05	5.718182e+04	5.570195e+04	9.999000e+03	1.976830e+01	2021	7	13	6
	2207	1264	130.359052	28.546835	9.783673e+04	2.215496e+01	1.085895e+05	1.078234e+05	5.735038e+04	5.593379e+04	9.999000e+03	2.233953e+01	2021	7	13	12
	2204	1269	129.937177	29.015585	9.781392e+04	1.948314e+01	1.083385e+05	1.076898e+05	5.713373e+04	5.585452e+04	9.999000e+03	2.159019e+01	2021	7	13	18
	2206	1274	130.218427	29.484334	9.800204e+04	2.116076e+01	1.083678e+05	1.077156e+05	5.729084e+04	5.599307e+04	9.999000e+03	1.888085e+01	2021	7	14	0
	2210	1284	130.780926	30.421833	9.796089e+04	1.987440e+01	1.083533e+05	1.076753e+05	5.722622e+04	5.596438e+04	9.999000e+03	2.201255e+01	2021	7	14	6
	2212	1289	131.062176	30.890582	9.815990e+04	2.172872e+01	1.084104e+05	1.077858e+05	5.732351e+04	5.613573e+04	9.999000e+03	2.636954e+01	2021	7	14	12
	2218	1300	131.905925	31.921831	9.809845e+04	2.225776e+01	1.082423e+05	1.076680e+05	5.724982e+04	5.603759e+04	9.999000e+03	3.082590e+01	2021	7	14	18
	2216	1317	131.624675	33.515578	9.814289e+04	2.088307e+01	1.083216e+05	1.074331e+05	5.721680e+04	5.608775e+04	9.999000e+03	3.041595e+01	2021	7	15	0
	2218	1336	131.905925	35.296826	9.817887e+04	1.700383e+01	1.082669e+05	1.069391e+05	5.709966e+04	5.608447e+04	9.999000e+03	3.366261e+01	2021	7	15	6
	2221	1358	132.327800	37.359323	9.818715e+04	1.927688e+01	1.083501e+05	1.063355e+05	5.712705e+04	5.592954e+04	9.999000e+03	4.394452e+01	2021	7	15	12
	2233	1379	134.015298	39.328070	9.789188e+04	1.994838e+01	1.082007e+05	1.056455e+05	5.702121e+04	5.537171e+04	2.983224e+02	4.331817e+01	2021	7	15	18
	2248	1387	136.124671	40.078069	9.812586e+04	2.349012e+01	1.081741e+05	1.056359e+05	5.712160e+04	5.511523e+04	2.978659e+02	2.134572e+01	2021	7	16	0
	2267	1404	138.796543	41.671817	9.820930e+04	2.064136e+01	1.083376e+05	1.051790e+05	5.719361e+04	5.486916e+04	9.999000e+03	8.384336e+00	2021	7	16	6
	2294	1437	142.593414	44.765563	9.831584e+04	1.923910e+01	1.084720e+05	1.046568e+05	5.730580e+04	5.477329e+04	9.999000e+03	6.824809e+00	2021	7	16	12
	2307	1466	144.421537	47.484309	9.806780e+04	1.641915e+01	1.079248e+05	1.035426e+05	5.689095e+04	5.444909e+04	9.999000e+03	1.355696e+01	2021	7	16	18
	2322	1482	146.530910	48.984307	9.750117e+04	2.012699e+01	1.076083e+05	1.031380e+05	5.668070e+04	5.393320e+04	9.999000e+03	1.426074e+01	2021	7	17	0
	2341	1499	149.202782	50.578055	9.702976e+04	2.296956e+01	1.071606e+05	1.029949e+05	5.634083e+04	5.349344e+04	2.830995e+02	1.281775e+01	2021	7	17	6
	2353	1519	150.890280	52.453052	9.688641e+04	2.151210e+01	1.062481e+05	1.029396e+05	5.557893e+04	5.289808e+04	2.826050e+02	1.216836e+01	2021	7	17	12
	2359	1530	151.734029	53.484301	9.683306e+04	1.889139e+01	1.048280e+05	1.023561e+05	5.488393e+04	5.251368e+04	2.819305e+02	8.636356e+00	2021	7	17	18
	2366	1531	152.718403	53.578051	9.715753e+04	1.831294e+01	1.043098e+05	1.021514e+05	5.513432e+04	5.249588e+04	9.999000e+03	5.972987e+00	2021	7	18	0
	2381	1531	154.827776	53.578051	9.762906e+04	1.773728e+01	1.048134e+05	1.021395e+05	5.524593e+04	5.266230e+04	9.999000e+03	4.485271e+00	2021	7	18	6
	2392	1525	156.374649	53.015551	9.838361e+04	1.671875e+01	1.050072e+05	1.020310e+05	5.544058e+04	5.289127e+04	9.999000e+03	3.618675e+00	2021	7	18	12
	2425	1526	161.015270	53.109301	9.854830e+04	1.747177e+01	1.042803e+05	1.017331e+05	5.500145e+04	5.289136e+04	9.999000e+03	4.705912e+00	2021	7	18	18
	2440	1528	163.124642	53.296801	9.876690e+04	1.184082e+01	1.038807e+05	1.017643e+05	5.490387e+04	5.303893e+04	9.999000e+03	4.671209e+00	2021	7	19	0
start	41	2021	7	4	12
	2210	1104	130.780926	13.546856	1.007271e+05	1.168174e+01	1.085562e+05	1.081428e+05	5.798915e+04	5.747702e+04	3.039616e+02	2.868250e+01	2021	7	4	12
	2200	1100	129.374678	13.171857	1.004563e+05	1.240636e+01	1.083832e+05	1.079548e+05	5.781888e+04	5.735326e+04	3.039885e+02	3.055166e+01	2021	7	4	18
	2195	1098	128.671553	12.984357	1.005057e+05	1.265036e+01	1.084525e+05	1.080084e+05	5.794178e+04	5.749875e+04	3.040102e+02	2.967606e+01	2021	7	5	0
	2190	1109	127.968429	14.015606	1.002314e+05	1.289386e+01	1.083980e+05	1.079389e+05	5.785716e+04	5.729505e+04	3.040369e+02	3.119591e+01	2021	7	5	6
	2178	1111	126.280931	14.203105	1.003701e+05	1.404254e+01	1.085342e+05	1.080612e+05	5.792472e+04	5.743408e+04	9.999000e+03	2.884323e+01	2021	7	5	12
	2169	1110	125.015307	14.109355	1.001543e+05	1.350151e+01	1.083824e+05	1.078765e+05	5.774386e+04	5.724382e+04	9.999000e+03	2.732888e+01	2021	7	5	18
	2165	1118	124.452808	14.859354	1.002156e+05	1.349034e+01	1.084529e+05	1.080088e+05	5.787732e+04	5.729318e+04	9.999000e+03	2.390231e+01	2021	7	6	0
	2155	1117	123.046559	14.765604	1.000666e+05	1.381018e+01	1.083570e+05	1.079230e+05	5.775161e+04	5.720886e+04	9.999000e+03	2.864681e+01	2021	7	6	6
	2149	1117	122.202810	14.765604	1.001777e+05	1.239237e+01	1.084491e+05	1.080944e+05	5.784561e+04	5.732239e+04	9.999000e+03	3.212194e+01	2021	7	6	12
	2135	1142	120.234062	17.109351	1.000135e+05	1.416658e+01	1.084514e+05	1.079188e+05	5.777479e+04	5.712726e+04	9.999000e+03	2.049342e+01	2021	7	6	18
	2129	1149	119.390313	17.765600	1.000105e+05	1.507503e+01	1.083906e+05	1.079884e+05	5.784052e+04	5.710768e+04	9.999000e+03	1.989243e+01	2021	7	7	0
	2129	1134	119.390313	16.359352	9.987148e+04	1.314225e+01	1.082947e+05	1.078585e+05	5.765915e+04	5.699708e+04	9.999000e+03	2.630496e+01	2021	7	7	6
	2116	1143	117.562190	17.203101	9.995153e+04	1.356768e+01	1.084428e+05	1.080252e+05	5.774350e+04	5.705325e+04	3.042340e+02	1.877494e+01	2021	7	7	12
	2106	1136	116.155941	16.546852	9.981293e+04	1.164444e+01	1.082717e+05	1.079405e+05	5.760900e+04	5.690719e+04	3.036668e+02	2.904847e+01	2021	7	7	18
	2103	1137	115.734067	16.640602	9.975525e+04	1.284064e+01	1.083008e+05	1.078537e+05	5.758752e+04	5.692136e+04	3.036012e+02	3.266572e+01	2021	7	8	0
	2099	1147	115.171567	17.578101	9.958191e+04	1.519735e+01	1.082666e+05	1.078801e+05	5.753170e+04	5.687507e+04	3.039001e+02	2.999632e+01	2021	7	8	6
	2094	1152	114.468443	18.046850	9.960755e+04	1.445578e+01	1.083501e+05	1.079634e+05	5.755184e+04	5.696120e+04	3.036286e+02	2.001367e+01	2021	7	8	12
	2093	1157	114.327818	18.515599	9.955205e+04	1.492105e+01	1.082323e+05	1.079113e+05	5.751023e+04	5.690199e+04	3.035930e+02	2.897715e+01	2021	7	8	18
	2093	1164	114.327818	19.171848	9.952183e+04	1.706654e+01	1.082518e+05	1.078506e+05	5.748519e+04	5.692558e+04	3.036489e+02	2.192209e+01	2021	7	9	0
	2093	1171	114.327818	19.828097	9.942600e+04	1.525397e+01	1.082601e+05	1.079131e+05	5.741152e+04	5.697385e+04	3.044105e+02	1.726552e+01	2021	7	9	6
	2091	1173	114.046569	20.015597	9.939466e+04	1.496169e+01	1.083688e+05	1.080104e+05	5.745243e+04	5.698859e+04	3.040666e+02	1.637322e+01	2021	7	9	12
	2091	1176	114.046569	20.296847	9.940895e+04	1.477032e+01	1.082346e+05	1.079784e+05	5.737093e+04	5.695538e+04	9.999000e+03	2.372810e+01	2021	7	9	18
	2092	1181	114.187193	20.765596	9.940571e+04	1.621566e+01	1.082373e+05	1.079353e+05	5.739734e+04	5.688394e+04	9.999000e+03	2.689502e+01	2021	7	10	0
	2094	1185	114.468443	21.140596	9.930238e+04	1.562035e+01	1.082405e+05	1.079480e+05	5.734473e+04	5.687281e+04	9.999000e+03	1.948814e+01	2021	7	10	6
	2092	1188	114.187193	21.421845	9.937402e+04	1.313179e+01	1.083003e+05	1.080396e+05	5.741617e+04	5.694475e+04	9.999000e+03	1.837877e+01	2021	7	10	12
	2092	1187	114.187193	21.328095	9.929408e+04	1.392339e+01	1.082334e+05	1.079872e+05	5.728579e+04	5.684512e+04	9.999000e+03	3.209241e+01	2021	7	10	18
	2091	1193	114.046569	21.890595	9.933884e+04	1.490247e+01	1.082387e+05	1.079544e+05	5.733226e+04	5.681665e+04	9.999000e+03	2.735274e+01	2021	7	11	0
	2089	1193	113.765319	21.890595	9.929404e+04	1.332122e+01	1.082072e+05	1.080075e+05	5.732545e+04	5.676693e+04	9.999000e+03	2.055554e+01	2021	7	11	6
	2087	1193	113.484069	21.890595	9.936943e+04	1.145768e+01	1.083627e+05	1.081371e+05	5.735781e+04	5.682979e+04	9.999000e+03	2.273527e+01	2021	7	11	12
	2086	1197	113.343444	22.265594	9.948317e+04	1.262748e+01	1.083056e+05	1.080531e+05	5.733359e+04	5.682362e+04	9.999000e+03	3.344041e+01	2021	7	11	18
	2082	1196	112.780945	22.171844	9.941111e+04	1.368245e+01	1.082465e+05	1.080415e+05	5.727855e+04	5.681197e+04	9.999000e+03	2.913065e+01	2021	7	12	0
	2080	1197	112.499695	22.265594	9.935255e+04	1.233097e+01	1.082976e+05	1.080790e+05	5.728909e+04	5.675011e+04	9.999000e+03	2.455211e+01	2021	7	12	6
	2080	1197	112.499695	22.265594	9.944080e+04	1.102585e+01	1.084188e+05	1.082289e+05	5.735857e+04	5.683610e+04	9.999000e+03	2.332524e+01	2021	7	12	12
	2076	1192	111.937196	21.796845	9.950483e+04	1.353951e+01	1.083679e+05	1.081292e+05	5.740545e+04	5.678644e+04	9.999000e+03	3.276772e+01	2021	7	12	18
	2082	1200	112.780945	22.546844	9.946058e+04	1.503375e+01	1.083601e+05	1.078456e+05	5.735111e+04	5.672608e+04	9.999000e+03	2.671670e+01	2021	7	13	0
	2083	1205	112.921570	23.015593	9.928193e+04	1.402041e+01	1.083331e+05	1.077706e+05	5.728507e+04	5.671380e+04	9.999000e+03	2.514777e+01	2021	7	13	6
	2082	1205	112.780945	23.015593	9.941891e+04	1.260717e+01	1.084409e+05	1.078632e+05	5.740731e+04	5.675622e+04	9.999000e+03	2.131143e+01	2021	7	13	12
	2082	1204	112.780945	22.921843	9.944123e+04	1.274794e+01	1.084134e+05	1.076741e+05	5.735862e+04	5.674838e+04	9.999000e+03	2.972114e+01	2021	7	13	18
	2092	1201	114.187193	22.640594	9.942302e+04	1.461773e+01	1.084733e+05	1.077417e+05	5.745849e+04	5.681137e+04	9.999000e+03	2.310563e+01	2021	7	14	0
	2099	1202	115.171567	22.734343	9.934179e+04	1.289612e+01	1.084442e+05	1.077621e+05	5.744078e+04	5.678240e+04	9.999000e+03	1.710581e+01	2021	7	14	6
	2099	1214	115.171567	23.859342	9.942620e+04	1.082517e+01	1.084797e+05	1.078419e+05	5.741791e+04	5.687239e+04	9.999000e+03	1.327313e+01	2021	7	14	12
start	11	2021	7	18	18
	383	1104	-126.140681	13.546856	1.007675e+05	1.113459e+01	1.082250e+05	1.079522e+05	5.798176e+04	5.750539e+04	3.024706e+02	1.136413e+01	2021	7	18	18
	380	1104	-126.562556	13.546856	1.005402e+05	1.412053e+01	1.081047e+05	1.078327e+05	5.784279e+04	5.733895e+04	3.024915e+02	1.277683e+01	2021	7	19	0
	376	1101	-127.125055	13.265607	1.007650e+05	1.734571e+01	1.083061e+05	1.080488e+05	5.802298e+04	5.755986e+04	3.024090e+02	1.525590e+01	2021	7	19	6
	375	1106	-127.265680	13.734356	1.004261e+05	1.816348e+01	1.080598e+05	1.077842e+05	5.784584e+04	5.734097e+04	3.023402e+02	8.153285e+00	2021	7	19	12
	368	1118	-128.250054	14.859354	1.007103e+05	1.487944e+01	1.082676e+05	1.080749e+05	5.808680e+04	5.754618e+04	3.016354e+02	7.023089e+00	2021	7	19	18
	359	1123	-129.515678	15.328104	1.005351e+05	1.365399e+01	1.081482e+05	1.079274e+05	5.793120e+04	5.740229e+04	3.023025e+02	7.936967e+00	2021	7	20	0
	351	1123	-130.640676	15.328104	1.007550e+05	1.268638e+01	1.083236e+05	1.081233e+05	5.808284e+04	5.761170e+04	3.017444e+02	9.149378e+00	2021	7	20	6
	345	1128	-131.484426	15.796853	1.005687e+05	1.195269e+01	1.080992e+05	1.078912e+05	5.785941e+04	5.742670e+04	3.015603e+02	6.770381e+00	2021	7	20	12
	339	1131	-132.328175	16.078103	1.008473e+05	1.195948e+01	1.082755e+05	1.080944e+05	5.803433e+04	5.768468e+04	3.011141e+02	3.925636e+00	2021	7	20	18
	333	1135	-133.171924	16.453102	1.007011e+05	1.016308e+01	1.081634e+05	1.079794e+05	5.788964e+04	5.757734e+04	3.013060e+02	2.917742e+00	2021	7	21	0
	327	1140	-134.015673	16.921851	1.009694e+05	9.481187e+00	1.083537e+05	1.081087e+05	5.808235e+04	5.779732e+04	3.007931e+02	1.729160e+00	2021	7	21	6
start	30	2021	7	24	6
	537	1104	-104.484454	13.546856	1.007903e+05	1.283302e+01	1.081932e+05	1.080163e+05	5.804613e+04	5.753471e+04	3.034230e+02	2.421822e+01	2021	7	24	6
	533	1104	-105.046953	13.546856	1.006050e+05	1.381675e+01	1.080360e+05	1.078616e+05	5.786243e+04	5.735606e+04	3.032557e+02	2.328421e+01	2021	7	24	12
	523	1106	-106.453202	13.734356	1.007776e+05	1.530253e+01	1.082355e+05	1.080103e+05	5.804597e+04	5.751827e+04	3.032172e+02	1.582725e+01	2021	7	24	18
	514	1107	-107.718825	13.828106	1.005566e+05	1.305744e+01	1.081210e+05	1.078851e+05	5.792987e+04	5.742844e+04	3.037291e+02	1.394272e+01	2021	7	25	0
	508	1107	-108.562574	13.828106	1.008108e+05	1.257424e+01	1.082968e+05	1.081192e+05	5.814180e+04	5.766117e+04	3.034178e+02	2.679941e+01	2021	7	25	6
	498	1109	-109.968823	14.015606	1.005291e+05	1.442280e+01	1.081524e+05	1.079164e+05	5.795411e+04	5.737601e+04	3.034472e+02	2.703932e+01	2021	7	25	12
	487	1109	-111.515696	14.015606	1.007076e+05	1.540704e+01	1.082740e+05	1.081250e+05	5.813004e+04	5.749841e+04	3.035423e+02	2.272272e+01	2021	7	25	18
	479	1105	-112.640695	13.640606	1.004244e+05	1.481117e+01	1.081152e+05	1.078838e+05	5.792141e+04	5.720253e+04	3.034541e+02	2.124693e+01	2021	7	26	0
	469	1105	-114.046944	13.640606	1.005697e+05	1.524198e+01	1.083100e+05	1.080495e+05	5.811269e+04	5.735159e+04	3.033227e+02	2.491502e+01	2021	7	26	6
	460	1105	-115.312567	13.640606	1.001522e+05	1.571011e+01	1.080995e+05	1.078112e+05	5.785973e+04	5.704199e+04	3.032366e+02	3.586352e+01	2021	7	26	12
	451	1103	-116.578191	13.453106	1.003232e+05	1.698952e+01	1.083387e+05	1.080230e+05	5.805168e+04	5.724154e+04	3.029472e+02	3.844950e+01	2021	7	26	18
	443	1104	-117.703190	13.546856	9.997024e+04	1.774303e+01	1.081978e+05	1.077984e+05	5.785436e+04	5.694160e+04	3.030109e+02	3.205243e+01	2021	7	27	0
	437	1106	-118.546939	13.734356	1.000428e+05	1.939945e+01	1.084046e+05	1.078056e+05	5.803073e+04	5.691391e+04	3.030216e+02	2.686048e+01	2021	7	27	6
	430	1111	-119.531313	14.203105	9.955491e+04	2.021057e+01	1.081157e+05	1.074381e+05	5.777123e+04	5.638242e+04	3.028367e+02	3.108693e+01	2021	7	27	12
	423	1116	-120.515687	14.671855	9.955098e+04	2.165105e+01	1.082925e+05	1.074753e+05	5.796852e+04	5.634823e+04	3.026852e+02	3.045680e+01	2021	7	27	18
	416	1121	-121.500061	15.140604	9.925223e+04	2.139968e+01	1.081558e+05	1.072594e+05	5.779748e+04	5.611381e+04	3.024952e+02	3.190920e+01	2021	7	28	0
	409	1125	-122.484435	15.515603	9.939003e+04	2.230730e+01	1.083191e+05	1.074512e+05	5.793572e+04	5.631090e+04	3.023907e+02	3.116188e+01	2021	7	28	6
	405	1133	-123.046934	16.265602	9.908205e+04	2.189834e+01	1.079963e+05	1.072895e+05	5.765493e+04	5.611741e+04	3.016740e+02	3.511708e+01	2021	7	28	12
	401	1140	-123.609434	16.921851	9.925464e+04	2.274003e+01	1.081911e+05	1.075106e+05	5.776404e+04	5.626385e+04	3.012339e+02	3.372371e+01	2021	7	28	18
	399	1147	-123.890683	17.578101	9.893498e+04	2.324916e+01	1.079294e+05	1.073302e+05	5.754525e+04	5.603810e+04	3.009449e+02	3.345372e+01	2021	7	29	0
	399	1152	-123.890683	18.046850	9.918959e+04	2.272930e+01	1.081257e+05	1.075430e+05	5.778120e+04	5.646229e+04	3.005013e+02	2.556422e+01	2021	7	29	6
	399	1159	-123.890683	18.703099	9.897061e+04	2.278633e+01	1.078664e+05	1.071734e+05	5.749651e+04	5.629102e+04	2.999914e+02	2.143296e+01	2021	7	29	12
	398	1161	-124.031308	18.890599	9.913147e+04	2.237642e+01	1.080648e+05	1.072956e+05	5.769896e+04	5.659588e+04	2.995551e+02	1.998130e+01	2021	7	29	18
	397	1171	-124.171933	19.828097	9.899171e+04	2.195773e+01	1.079539e+05	1.072784e+05	5.753604e+04	5.652941e+04	2.993203e+02	1.821561e+01	2021	7	30	0
	394	1176	-124.593808	20.296847	9.941484e+04	1.999605e+01	1.081305e+05	1.074489e+05	5.771520e+04	5.680620e+04	2.989059e+02	1.360052e+01	2021	7	30	6
	390	1181	-125.156307	20.765596	9.946705e+04	1.846068e+01	1.079062e+05	1.072466e+05	5.753210e+04	5.669704e+04	2.986811e+02	7.410994e+00	2021	7	30	12
	383	1183	-126.140681	20.953096	9.986127e+04	1.705348e+01	1.080674e+05	1.073437e+05	5.773041e+04	5.693520e+04	2.985053e+02	4.005325e+00	2021	7	30	18
	380	1188	-126.562556	21.421845	9.987189e+04	1.654318e+01	1.079354e+05	1.072288e+05	5.763889e+04	5.689043e+04	2.983194e+02	4.853686e+00	2021	7	31	0
	373	1195	-127.546930	22.078094	1.002149e+05	1.665615e+01	1.080740e+05	1.072842e+05	5.781798e+04	5.714499e+04	2.978834e+02	4.363092e+00	2021	7	31	6
	365	1200	-128.671928	22.546844	1.001817e+05	1.629339e+01	1.077337e+05	1.070028e+05	5.761912e+04	5.700243e+04	2.974527e+02	3.777578e+00	2021	7	31	12
start	28	2021	8	3	6
	2263	1075	138.234043	10.828110	1.002511e+05	1.310066e+01	1.079444e+05	1.077668e+05	5.750716e+04	5.705561e+04	3.036846e+02	2.587261e+01	2021	8	3	6
	2257	1075	137.390294	10.828110	1.004893e+05	1.176605e+01	1.081150e+05	1.079413e+05	5.771976e+04	5.728128e+04	3.030585e+02	2.320765e+01	2021	8	3	12
	2258	1075	137.530919	10.828110	1.002366e+05	1.369876e+01	1.079498e+05	1.077884e+05	5.758928e+04	5.707479e+04	3.028936e+02	2.687547e+01	2021	8	3	18
	2251	1084	136.546545	11.671859	1.004285e+05	1.375362e+01	1.081750e+05	1.079998e+05	5.778437e+04	5.722347e+04	3.028276e+02	2.998379e+01	2021	8	4	0
	2247	1092	135.984046	12.421858	1.001338e+05	1.346129e+01	1.080763e+05	1.077894e+05	5.767510e+04	5.694888e+04	3.028055e+02	2.717491e+01	2021	8	4	6
	2240	1092	134.999672	12.421858	1.002506e+05	1.316519e+01	1.082265e+05	1.079924e+05	5.781769e+04	5.711349e+04	3.027660e+02	3.497228e+01	2021	8	4	12
	2239	1091	134.859047	12.328108	9.996882e+04	1.290061e+01	1.080300e+05	1.078014e+05	5.761419e+04	5.688239e+04	3.027284e+02	4.192450e+01	2021	8	4	18
	2229	1091	133.452798	12.328108	9.998176e+04	1.494645e+01	1.081380e+05	1.078771e+05	5.769590e+04	5.696366e+04	3.027493e+02	3.107259e+01	2021	8	5	0
	2229	1094	133.452798	12.609357	9.966735e+04	1.595285e+01	1.080299e+05	1.077312e+05	5.751357e+04	5.670553e+04	3.027668e+02	3.310923e+01	2021	8	5	6
	2226	1099	133.030924	13.078107	9.965299e+04	1.638599e+01	1.081667e+05	1.078705e+05	5.766166e+04	5.674411e+04	3.027097e+02	3.943355e+01	2021	8	5	12
	2220	1104	132.187175	13.546856	9.933425e+04	1.680616e+01	1.080377e+05	1.076411e+05	5.747332e+04	5.655295e+04	3.027455e+02	3.520557e+01	2021	8	5	18
	2216	1109	131.624675	14.015606	9.936526e+04	1.812947e+01	1.082063e+05	1.078021e+05	5.761227e+04	5.665949e+04	3.028562e+02	3.271223e+01	2021	8	6	0
	2213	1116	131.202801	14.671855	9.903598e+04	1.808656e+01	1.081086e+05	1.077073e+05	5.750930e+04	5.649264e+04	3.029548e+02	3.086729e+01	2021	8	6	6
	2209	1121	130.640301	15.140604	9.906382e+04	2.114297e+01	1.082907e+05	1.078460e+05	5.770175e+04	5.655560e+04	3.029744e+02	3.472293e+01	2021	8	6	12
	2206	1128	130.218427	15.796853	9.879044e+04	2.145393e+01	1.082243e+05	1.076642e+05	5.756890e+04	5.631726e+04	3.029781e+02	3.634525e+01	2021	8	6	18
	2201	1135	129.515302	16.453102	9.869392e+04	2.218412e+01	1.083289e+05	1.077510e+05	5.765406e+04	5.629040e+04	3.030023e+02	3.735067e+01	2021	8	7	0
	2194	1143	128.530928	17.203101	9.834128e+04	2.383654e+01	1.082083e+05	1.074785e+05	5.762130e+04	5.603743e+04	3.030454e+02	3.479086e+01	2021	8	7	6
	2186	1149	127.405930	17.765600	9.823530e+04	2.424137e+01	1.083835e+05	1.074270e+05	5.774789e+04	5.595810e+04	3.030637e+02	3.225578e+01	2021	8	7	12
	2180	1154	126.562181	18.234350	9.792022e+04	2.858881e+01	1.082660e+05	1.072837e+05	5.760102e+04	5.567364e+04	3.029950e+02	3.572831e+01	2021	8	7	18
	2173	1162	125.577807	18.984349	9.798430e+04	2.606803e+01	1.084144e+05	1.073034e+05	5.775201e+04	5.570534e+04	3.029473e+02	3.660840e+01	2021	8	8	0
	2167	1169	124.734057	19.640598	9.770635e+04	2.597479e+01	1.083960e+05	1.071286e+05	5.770260e+04	5.537598e+04	3.029683e+02	4.026517e+01	2021	8	8	6
	2160	1173	123.749683	20.015597	9.760776e+04	2.744975e+01	1.085673e+05	1.072339e+05	5.777229e+04	5.535834e+04	3.030510e+02	3.896797e+01	2021	8	8	12
	2152	1180	122.624685	20.671846	9.732277e+04	2.755775e+01	1.084527e+05	1.072338e+05	5.764244e+04	5.523808e+04	3.028878e+02	4.026619e+01	2021	8	8	18
	2146	1188	121.780936	21.421845	9.744106e+04	3.098082e+01	1.085190e+05	1.074510e+05	5.774564e+04	5.551179e+04	9.999000e+03	4.933995e+01	2021	8	9	0
	2142	1200	121.218436	22.546844	9.807983e+04	2.830457e+01	1.085782e+05	1.075059e+05	5.778290e+04	5.572550e+04	9.999000e+03	4.250148e+01	2021	8	9	6
	2131	1214	119.671563	23.859342	9.896362e+04	2.067034e+01	1.087098e+05	1.077800e+05	5.787934e+04	5.646835e+04	9.999000e+03	2.165747e+01	2021	8	9	12
	2118	1221	117.843440	24.515591	9.943377e+04	1.683821e+01	1.085923e+05	1.078872e+05	5.775211e+04	5.673732e+04	9.999000e+03	2.203004e+01	2021	8	9	18
	2107	1238	116.296566	26.109339	9.973714e+04	6.783251e+00	1.085790e+05	1.080873e+05	5.781116e+04	5.690684e+04	9.999000e+03	1.545597e+01	2021	8	10	0
start	16	2021	8	4	6
	180	1281	-154.687526	30.140583	1.012920e+05	1.592552e+01	1.072948e+05	1.065023e+05	5.799333e+04	5.740908e+04	2.990552e+02	1.077956e+01	2021	8	4	6
	170	1293	-156.093775	31.265582	1.012139e+05	1.735973e+01	1.070585e+05	1.063376e+05	5.787957e+04	5.727010e+04	2.986647e+02	1.437068e+01	2021	8	4	12
	161	1307	-157.359399	32.578080	1.010660e+05	1.872470e+01	1.069744e+05	1.062811e+05	5.783477e+04	5.714264e+04	2.979053e+02	9.669230e+00	2021	8	4	18
	154	1317	-158.343773	33.515578	1.007608e+05	1.895045e+01	1.069391e+05	1.062745e+05	5.777250e+04	5.692952e+04	2.984854e+02	7.023625e+00	2021	8	5	0
	150	1322	-158.906272	33.984328	1.007451e+05	1.645771e+01	1.068420e+05	1.062255e+05	5.769823e+04	5.679061e+04	2.981892e+02	7.844197e+00	2021	8	5	6
	145	1332	-159.609396	34.921826	1.007023e+05	1.633242e+01	1.065722e+05	1.060038e+05	5.753768e+04	5.674060e+04	2.971509e+02	1.108532e+01	2021	8	5	12
	144	1339	-159.750021	35.578076	1.008006e+05	1.635343e+01	1.064925e+05	1.057863e+05	5.751379e+04	5.675251e+04	2.967841e+02	8.431710e+00	2021	8	5	18
	143	1348	-159.890646	36.421824	1.008616e+05	1.554760e+01	1.064678e+05	1.056991e+05	5.753789e+04	5.680258e+04	2.967740e+02	5.423064e+00	2021	8	6	0
	144	1356	-159.750021	37.171823	1.008551e+05	1.489796e+01	1.063852e+05	1.055393e+05	5.752959e+04	5.676439e+04	2.963705e+02	7.003155e+00	2021	8	6	6
	150	1365	-158.906272	38.015572	1.008867e+05	1.525260e+01	1.062374e+05	1.053791e+05	5.749720e+04	5.680774e+04	2.953440e+02	8.155145e+00	2021	8	6	12
	154	1375	-158.343773	38.953071	1.009509e+05	1.592458e+01	1.061874e+05	1.052105e+05	5.754527e+04	5.680102e+04	2.949520e+02	4.493739e+00	2021	8	6	18
	158	1387	-157.781273	40.078069	1.010917e+05	1.536871e+01	1.062992e+05	1.054090e+05	5.763520e+04	5.690574e+04	2.948516e+02	3.666634e+00	2021	8	7	0
	164	1399	-156.937524	41.203068	1.011422e+05	1.549058e+01	1.063479e+05	1.054935e+05	5.768455e+04	5.691484e+04	2.936273e+02	4.110931e+00	2021	8	7	6
	171	1411	-155.953150	42.328066	1.012635e+05	1.461341e+01	1.062971e+05	1.053920e+05	5.767261e+04	5.683164e+04	2.929639e+02	4.578249e+00	2021	8	7	12
	180	1421	-154.687526	43.265565	1.013938e+05	1.471580e+01	1.063241e+05	1.051328e+05	5.772311e+04	5.660800e+04	2.926136e+02	2.861928e+00	2021	8	7	18
	191	1433	-153.140653	44.390563	1.014449e+05	1.417749e+01	1.064279e+05	1.048011e+05	5.777055e+04	5.636901e+04	2.916248e+02	2.639353e+00	2021	8	8	0
start	53	2021	8	8	18
	2297	1051	143.015288	8.578113	1.006089e+05	1.136208e+01	1.079592e+05	1.077800e+05	5.755964e+04	5.728098e+04	3.030346e+02	2.275062e+01	2021	8	8	18
	2299	1056	143.296538	9.046862	1.006983e+05	1.111258e+01	1.081637e+05	1.079738e+05	5.774614e+04	5.746059e+04	3.030135e+02	1.516327e+01	2021	8	9	0
	2295	1056	142.734039	9.046862	1.004385e+05	1.178271e+01	1.080038e+05	1.078405e+05	5.757309e+04	5.724315e+04	3.030287e+02	1.111431e+01	2021	8	9	6
	2292	1055	142.312164	8.953113	1.006921e+05	1.084846e+01	1.082053e+05	1.080065e+05	5.777065e+04	5.749343e+04	3.029908e+02	1.428503e+01	2021	8	9	12
	2294	1056	142.593414	9.046862	1.004066e+05	1.137100e+01	1.079659e+05	1.077790e+05	5.753177e+04	5.733456e+04	3.029513e+02	1.877657e+01	2021	8	9	18
	2292	1058	142.312164	9.234362	1.005768e+05	1.071040e+01	1.081514e+05	1.080260e+05	5.771324e+04	5.754680e+04	3.029241e+02	1.941649e+01	2021	8	10	0
	2291	1059	142.171539	9.328112	1.003119e+05	1.118996e+01	1.080157e+05	1.078575e+05	5.753387e+04	5.733611e+04	3.030547e+02	2.362219e+01	2021	8	10	6
	2291	1066	142.171539	9.984361	1.005211e+05	1.196513e+01	1.082603e+05	1.080643e+05	5.772426e+04	5.747337e+04	3.028806e+02	3.270835e+01	2021	8	10	12
	2289	1068	141.890290	10.171861	1.002581e+05	1.242779e+01	1.079952e+05	1.078397e+05	5.751839e+04	5.726130e+04	3.028488e+02	2.908520e+01	2021	8	10	18
	2290	1068	142.030914	10.171861	1.004590e+05	1.333306e+01	1.081618e+05	1.079997e+05	5.768273e+04	5.743163e+04	3.028506e+02	2.859223e+01	2021	8	11	0
	2290	1075	142.030914	10.828110	1.001922e+05	1.348872e+01	1.080177e+05	1.078371e+05	5.751435e+04	5.718261e+04	3.029377e+02	2.772831e+01	2021	8	11	6
	2290	1078	142.030914	11.109360	1.004424e+05	1.412346e+01	1.082684e+05	1.080428e+05	5.771108e+04	5.740209e+04	3.029415e+02	2.878915e+01	2021	8	11	12
	2291	1082	142.171539	11.484359	1.001672e+05	1.480615e+01	1.079996e+05	1.077682e+05	5.748858e+04	5.722477e+04	3.029411e+02	2.578345e+01	2021	8	11	18
	2292	1092	142.312164	12.421858	1.004248e+05	1.455947e+01	1.082178e+05	1.080040e+05	5.770284e+04	5.743936e+04	3.031072e+02	3.032499e+01	2021	8	12	0
	2292	1097	142.312164	12.890607	1.001834e+05	1.507237e+01	1.080933e+05	1.078913e+05	5.756202e+04	5.721496e+04	3.033639e+02	3.770044e+01	2021	8	12	6
	2295	1106	142.734039	13.734356	1.004137e+05	1.559818e+01	1.082822e+05	1.080598e+05	5.778104e+04	5.740221e+04	9.999000e+03	3.215011e+01	2021	8	12	12
	2294	1106	142.593414	13.734356	1.001726e+05	1.699879e+01	1.081274e+05	1.078363e+05	5.759359e+04	5.709752e+04	3.032635e+02	3.046703e+01	2021	8	12	18
	2292	1111	142.312164	14.203105	1.003557e+05	1.678157e+01	1.082740e+05	1.080331e+05	5.775095e+04	5.720282e+04	3.033068e+02	3.593866e+01	2021	8	13	0
	2292	1116	142.312164	14.671855	1.000924e+05	1.608258e+01	1.081455e+05	1.076254e+05	5.760157e+04	5.686770e+04	3.033789e+02	3.631709e+01	2021	8	13	6
	2292	1120	142.312164	15.046854	1.002040e+05	1.676446e+01	1.082766e+05	1.078336e+05	5.777817e+04	5.697215e+04	3.033372e+02	3.989867e+01	2021	8	13	12
	2292	1123	142.312164	15.328104	9.989531e+04	1.714678e+01	1.080305e+05	1.076061e+05	5.758596e+04	5.671311e+04	3.032837e+02	3.571503e+01	2021	8	13	18
	2292	1128	142.312164	15.796853	9.992628e+04	1.658776e+01	1.081701e+05	1.078038e+05	5.768520e+04	5.681405e+04	3.032721e+02	3.493633e+01	2021	8	14	0
	2290	1135	142.030914	16.453102	9.955444e+04	1.740215e+01	1.080347e+05	1.076199e+05	5.752610e+04	5.659308e+04	3.034507e+02	3.538005e+01	2021	8	14	6
	2288	1140	141.749665	16.921851	9.960549e+04	1.891333e+01	1.081430e+05	1.077478e+05	5.763737e+04	5.668482e+04	3.034097e+02	2.839768e+01	2021	8	14	12
	2285	1142	141.327790	17.109351	9.926638e+04	1.832617e+01	1.078999e+05	1.075576e+05	5.744914e+04	5.637286e+04	3.033061e+02	3.344646e+01	2021	8	14	18
	2285	1142	141.327790	17.109351	9.924849e+04	2.012466e+01	1.080334e+05	1.074737e+05	5.754359e+04	5.638746e+04	3.032046e+02	4.153586e+01	2021	8	15	0
	2284	1147	141.187165	17.578101	9.882228e+04	1.891436e+01	1.078986e+05	1.071769e+05	5.737776e+04	5.601491e+04	3.032635e+02	3.671791e+01	2021	8	15	6
	2283	1150	141.046540	17.859350	9.887675e+04	1.981069e+01	1.080539e+05	1.073037e+05	5.748755e+04	5.609943e+04	3.032452e+02	3.694939e+01	2021	8	15	12
	2281	1150	140.765291	17.859350	9.855729e+04	1.982598e+01	1.078286e+05	1.071809e+05	5.726723e+04	5.595269e+04	3.032445e+02	4.358782e+01	2021	8	15	18
	2281	1152	140.765291	18.046850	9.857498e+04	2.157428e+01	1.079476e+05	1.072606e+05	5.736017e+04	5.603935e+04	3.031603e+02	4.792925e+01	2021	8	16	0
	2282	1154	140.905916	18.234350	9.820979e+04	2.288458e+01	1.078199e+05	1.070626e+05	5.721452e+04	5.578179e+04	3.031038e+02	3.668601e+01	2021	8	16	6
	2286	1159	141.468415	18.703099	9.816598e+04	2.283669e+01	1.080805e+05	1.071859e+05	5.744646e+04	5.574784e+04	3.030016e+02	3.891699e+01	2021	8	16	12
	2289	1169	141.890290	19.640598	9.768220e+04	2.439761e+01	1.079150e+05	1.069503e+05	5.727429e+04	5.532240e+04	3.027744e+02	3.676411e+01	2021	8	16	18
	2292	1183	142.312164	20.953096	9.775106e+04	2.599173e+01	1.081992e+05	1.070804e+05	5.755428e+04	5.551889e+04	3.026714e+02	3.152713e+01	2021	8	17	0
	2291	1200	142.171539	22.546844	9.748357e+04	2.505691e+01	1.082394e+05	1.069849e+05	5.748230e+04	5.529445e+04	3.027393e+02	2.882037e+01	2021	8	17	6
	2286	1216	141.468415	24.046842	9.762369e+04	2.483846e+01	1.084410e+05	1.071473e+05	5.769014e+04	5.551956e+04	3.026752e+02	2.614506e+01	2021	8	17	12
	2279	1236	140.484041	25.921839	9.760429e+04	2.538910e+01	1.083577e+05	1.071279e+05	5.764298e+04	5.547676e+04	3.023208e+02	2.488093e+01	2021	8	17	18
	2267	1251	138.796543	27.328087	9.779081e+04	2.495876e+01	1.084891e+05	1.073809e+05	5.773766e+04	5.573742e+04	3.024827e+02	2.140568e+01	2021	8	18	0
	2252	1262	136.687170	28.359336	9.766345e+04	2.448933e+01	1.084853e+05	1.074241e+05	5.767559e+04	5.562771e+04	3.023661e+02	2.116545e+01	2021	8	18	6
	2237	1274	134.577797	29.484334	9.786645e+04	2.538200e+01	1.086327e+05	1.075534e+05	5.781293e+04	5.585464e+04	3.022880e+02	2.373853e+01	2021	8	18	12
	2222	1282	132.468424	30.234333	9.787191e+04	2.405992e+01	1.085224e+05	1.074760e+05	5.766829e+04	5.584878e+04	9.999000e+03	2.844410e+01	2021	8	18	18
	2209	1291	130.640301	31.078082	9.816158e+04	2.492865e+01	1.084950e+05	1.075461e+05	5.768982e+04	5.604331e+04	9.999000e+03	3.010886e+01	2021	8	19	0
	2198	1303	129.093428	32.203080	9.778429e+04	2.664135e+01	1.084751e+05	1.076325e+05	5.754027e+04	5.597056e+04	9.999000e+03	3.135127e+01	2021	8	19	6
	2191	1317	128.109054	33.515578	9.775505e+04	2.590514e+01	1.086096e+05	1.076734e+05	5.762034e+04	5.601039e+04	9.999000e+03	2.781386e+01	2021	8	19	12
	2189	1327	127.827804	34.453077	9.808850e+04	2.139485e+01	1.084883e+05	1.076545e+05	5.766167e+04	5.607698e+04	9.999000e+03	2.651589e+01	2021	8	19	18
	2187	1346	127.546555	36.234325	9.860299e+04	2.137647e+01	1.086230e+05	1.077182e+05	5.776010e+04	5.631182e+04	9.999000e+03	2.352025e+01	2021	8	20	0
	2187	1360	127.546555	37.546823	9.877173e+04	1.961098e+01	1.086071e+05	1.075095e+05	5.775861e+04	5.640674e+04	9.999000e+03	2.213231e+01	2021	8	20	6
	2196	1372	128.812178	38.671821	9.891334e+04	1.931253e+01	1.086654e+05	1.074254e+05	5.794209e+04	5.658029e+04	9.999000e+03	1.704605e+01	2021	8	20	12
	2204	1380	129.937177	39.421820	9.897089e+04	1.910077e+01	1.084465e+05	1.070089e+05	5.780192e+04	5.644279e+04	9.999000e+03	1.637988e+01	2021	8	20	18
	2219	1392	132.046550	40.546819	9.897414e+04	2.031336e+01	1.084211e+05	1.064582e+05	5.784217e+04	5.639406e+04	9.999000e+03	1.707947e+01	2021	8	21	0
	2238	1399	134.718422	41.203068	9.886703e+04	2.046681e+01	1.083040e+05	1.058146e+05	5.779814e+04	5.609645e+04	9.999000e+03	1.252139e+01	2021	8	21	6
	2262	1402	138.093419	41.484317	9.889227e+04	2.240185e+01	1.083303e+05	1.053702e+05	5.784754e+04	5.581314e+04	9.999000e+03	1.264011e+01	2021	8	21	12
	2290	1404	142.030914	41.671817	9.876398e+04	1.757671e+01	1.081210e+05	1.044846e+05	5.757593e+04	5.533352e+04	9.999000e+03	7.911277e+00	2021	8	21	18
start	39	2021	8	20	18
	464	1118	-114.750068	14.859354	1.007386e+05	1.086900e+01	1.083183e+05	1.079638e+05	5.787659e+04	5.749406e+04	3.028349e+02	2.640692e+01	2021	8	20	18
	459	1118	-115.453192	14.859354	1.003394e+05	1.210135e+01	1.081265e+05	1.078833e+05	5.765504e+04	5.718616e+04	3.030583e+02	2.104303e+01	2021	8	21	0
	455	1118	-116.015692	14.859354	1.005496e+05	1.230322e+01	1.082833e+05	1.080512e+05	5.781630e+04	5.741099e+04	3.028792e+02	1.965046e+01	2021	8	21	6
	451	1121	-116.578191	15.140604	1.001961e+05	1.335642e+01	1.080518e+05	1.077334e+05	5.757659e+04	5.717651e+04	3.027234e+02	2.424699e+01	2021	8	21	12
	443	1128	-117.703190	15.796853	1.003842e+05	1.490346e+01	1.083071e+05	1.079930e+05	5.778232e+04	5.732346e+04	3.026163e+02	2.085379e+01	2021	8	21	18
	438	1127	-118.406314	15.703103	1.000573e+05	1.538445e+01	1.081034e+05	1.078181e+05	5.759753e+04	5.710084e+04	3.027279e+02	1.540332e+01	2021	8	22	0
	427	1130	-119.953188	15.984353	1.002604e+05	1.521341e+01	1.083481e+05	1.079699e+05	5.784714e+04	5.719380e+04	3.024474e+02	1.671515e+01	2021	8	22	6
	422	1130	-120.656312	15.984353	9.994697e+04	1.444648e+01	1.081016e+05	1.077549e+05	5.760013e+04	5.688310e+04	3.023615e+02	1.607182e+01	2021	8	22	12
	413	1127	-121.921936	15.703103	1.001371e+05	1.462859e+01	1.082980e+05	1.079567e+05	5.779772e+04	5.701972e+04	3.023943e+02	1.541968e+01	2021	8	22	18
	407	1128	-122.765685	15.796853	9.982118e+04	1.499258e+01	1.081779e+05	1.077224e+05	5.767062e+04	5.679853e+04	3.023807e+02	1.566334e+01	2021	8	23	0
	399	1128	-123.890683	15.796853	1.000853e+05	1.629291e+01	1.084488e+05	1.079067e+05	5.791136e+04	5.710512e+04	3.023395e+02	1.531889e+01	2021	8	23	6
	389	1131	-125.296932	16.078103	9.985223e+04	1.610978e+01	1.081867e+05	1.077549e+05	5.774511e+04	5.696968e+04	3.021973e+02	1.436345e+01	2021	8	23	12
	380	1133	-126.562556	16.265602	1.001117e+05	1.530005e+01	1.084063e+05	1.079086e+05	5.796886e+04	5.721544e+04	3.021953e+02	1.227486e+01	2021	8	23	18
	372	1135	-127.687555	16.453102	9.988659e+04	1.641365e+01	1.082743e+05	1.077583e+05	5.782634e+04	5.705670e+04	3.021926e+02	1.432227e+01	2021	8	24	0
	364	1135	-128.812553	16.453102	1.000823e+05	1.631098e+01	1.084078e+05	1.079142e+05	5.797915e+04	5.721777e+04	3.020115e+02	1.287607e+01	2021	8	24	6
	355	1140	-130.078177	16.921851	9.987182e+04	1.750813e+01	1.081533e+05	1.076733e+05	5.784100e+04	5.697077e+04	3.016635e+02	1.293589e+01	2021	8	24	12
	345	1140	-131.484426	16.921851	1.000581e+05	1.681497e+01	1.082832e+05	1.078557e+05	5.800836e+04	5.707709e+04	3.017888e+02	1.277751e+01	2021	8	24	18
	336	1142	-132.750049	17.109351	9.973946e+04	1.878872e+01	1.081008e+05	1.074887e+05	5.776912e+04	5.671770e+04	3.018015e+02	1.299897e+01	2021	8	25	0
	327	1144	-134.015673	17.296851	9.983800e+04	1.795548e+01	1.082073e+05	1.077660e+05	5.794973e+04	5.699576e+04	3.015492e+02	1.331427e+01	2021	8	25	6
	320	1145	-135.000047	17.390601	9.956846e+04	1.849954e+01	1.079459e+05	1.074558e+05	5.774558e+04	5.667339e+04	3.014400e+02	1.410032e+01	2021	8	25	12
	311	1147	-136.265671	17.578101	9.977995e+04	1.955622e+01	1.080963e+05	1.076385e+05	5.789841e+04	5.673518e+04	3.012258e+02	1.436724e+01	2021	8	25	18
	302	1150	-137.531294	17.859350	9.961932e+04	1.918800e+01	1.079459e+05	1.074322e+05	5.775399e+04	5.652841e+04	3.008055e+02	1.271853e+01	2021	8	26	0
	296	1150	-138.375043	17.859350	9.979044e+04	2.003556e+01	1.080953e+05	1.076253e+05	5.788931e+04	5.675821e+04	3.004405e+02	1.651114e+01	2021	8	26	6
	293	1152	-138.796918	18.046850	9.953270e+04	2.225698e+01	1.078925e+05	1.075136e+05	5.771172e+04	5.656511e+04	3.001176e+02	1.746455e+01	2021	8	26	12
	288	1154	-139.500042	18.234350	9.962629e+04	2.250503e+01	1.080801e+05	1.076766e+05	5.784382e+04	5.682523e+04	3.000910e+02	1.454889e+01	2021	8	26	18
	285	1157	-139.921917	18.515599	9.944412e+04	2.344099e+01	1.079724e+05	1.075612e+05	5.772109e+04	5.675129e+04	3.002784e+02	1.461156e+01	2021	8	27	0
	281	1162	-140.484416	18.984349	9.953615e+04	2.407044e+01	1.081042e+05	1.076828e+05	5.787340e+04	5.686634e+04	2.999422e+02	1.554821e+01	2021	8	27	6
	275	1163	-141.328165	19.078098	9.929034e+04	2.469960e+01	1.078596e+05	1.075158e+05	5.767237e+04	5.665183e+04	3.000114e+02	1.485936e+01	2021	8	27	12
	266	1166	-142.593789	19.359348	9.934572e+04	2.587050e+01	1.080114e+05	1.076083e+05	5.781395e+04	5.678219e+04	2.999479e+02	9.949342e+00	2021	8	27	18
	259	1169	-143.578163	19.640598	9.924138e+04	2.457681e+01	1.078881e+05	1.074560e+05	5.771650e+04	5.665352e+04	3.002297e+02	8.496140e+00	2021	8	28	0
	252	1171	-144.562537	19.828097	9.965891e+04	2.483667e+01	1.080422e+05	1.075511e+05	5.785780e+04	5.712862e+04	3.001429e+02	1.123816e+01	2021	8	28	6
	244	1171	-145.687536	19.828097	9.970684e+04	2.143875e+01	1.078246e+05	1.073600e+05	5.768056e+04	5.710155e+04	3.001508e+02	1.251135e+01	2021	8	28	12
	236	1178	-146.812535	20.484347	9.983674e+04	2.328545e+01	1.079731e+05	1.074095e+05	5.782219e+04	5.708983e+04	3.001530e+02	1.035389e+01	2021	8	28	18
	228	1180	-147.937533	20.671846	9.965583e+04	2.156910e+01	1.078265e+05	1.073343e+05	5.770641e+04	5.691096e+04	3.003482e+02	5.643447e+00	2021	8	29	0
	221	1183	-148.921907	20.953096	9.992781e+04	2.105245e+01	1.079570e+05	1.073866e+05	5.779288e+04	5.716746e+04	3.003902e+02	6.585748e+00	2021	8	29	6
	213	1185	-150.046906	21.140596	9.993654e+04	2.112693e+01	1.077218e+05	1.072255e+05	5.760658e+04	5.717251e+04	3.003846e+02	8.292888e+00	2021	8	29	12
	206	1188	-151.031280	21.421845	1.001706e+05	2.027070e+01	1.078592e+05	1.072684e+05	5.772159e+04	5.724749e+04	3.003620e+02	6.301840e+00	2021	8	29	18
	197	1188	-152.296904	21.421845	1.001064e+05	1.833917e+01	1.077329e+05	1.072583e+05	5.762262e+04	5.725737e+04	3.007050e+02	5.094468e+00	2021	8	30	0
	192	1190	-153.000028	21.609345	1.003409e+05	1.733282e+01	1.078631e+05	1.073402e+05	5.771808e+04	5.744231e+04	3.006040e+02	8.256148e+00	2021	8	30	6
start	28	2021	8	21	18
	2228	1169	133.312174	19.640598	1.001068e+05	9.760564e+00	1.081892e+05	1.079723e+05	5.764116e+04	5.723062e+04	3.033143e+02	3.043303e+01	2021	8	21	18
	2227	1178	133.171549	20.484347	1.001709e+05	1.100432e+01	1.082707e+05	1.080361e+05	5.776151e+04	5.731193e+04	3.032682e+02	2.729589e+01	2021	8	22	0
	2218	1186	131.905925	21.234345	9.990031e+04	1.097864e+01	1.081090e+05	1.078891e+05	5.761227e+04	5.706837e+04	3.043218e+02	2.707654e+01	2021	8	22	6
	2213	1184	131.202801	21.046846	9.996191e+04	1.221559e+01	1.082377e+05	1.080368e+05	5.769654e+04	5.716054e+04	3.038141e+02	2.876031e+01	2021	8	22	12
	2211	1184	130.921551	21.046846	9.966365e+04	8.577425e+00	1.080140e+05	1.078444e+05	5.744905e+04	5.695496e+04	3.031843e+02	3.511907e+01	2021	8	22	18
	2204	1188	129.937177	21.421845	9.979836e+04	8.984104e+00	1.081614e+05	1.079438e+05	5.753870e+04	5.703702e+04	3.031773e+02	3.432478e+01	2021	8	23	0
	2207	1197	130.359052	22.265594	9.956405e+04	1.262024e+01	1.081259e+05	1.078776e+05	5.744670e+04	5.685309e+04	3.043574e+02	3.283922e+01	2021	8	23	6
	2198	1199	129.093428	22.453094	9.963372e+04	1.121347e+01	1.083333e+05	1.080321e+05	5.751263e+04	5.693962e+04	3.037822e+02	3.325154e+01	2021	8	23	12
	2202	1207	129.655927	23.203093	9.943908e+04	1.514872e+01	1.083088e+05	1.078447e+05	5.742230e+04	5.677339e+04	3.032313e+02	3.755561e+01	2021	8	23	18
	2193	1219	128.390304	24.328091	9.947016e+04	1.323117e+01	1.083613e+05	1.079392e+05	5.744438e+04	5.683096e+04	3.031395e+02	3.216790e+01	2021	8	24	0
	2187	1231	127.546555	25.453090	9.929531e+04	1.374499e+01	1.082900e+05	1.078802e+05	5.744536e+04	5.670229e+04	9.999000e+03	2.668222e+01	2021	8	24	6
	2184	1230	127.124680	25.359340	9.936923e+04	1.172366e+01	1.085036e+05	1.080590e+05	5.749017e+04	5.683442e+04	9.999000e+03	2.206628e+01	2021	8	24	12
	2187	1230	127.546555	25.359340	9.925235e+04	1.373671e+01	1.084112e+05	1.079441e+05	5.752780e+04	5.674883e+04	9.999000e+03	2.458258e+01	2021	8	24	18
	2189	1250	127.827804	27.234337	9.938699e+04	1.644365e+01	1.084975e+05	1.080476e+05	5.768577e+04	5.682844e+04	9.999000e+03	2.903111e+01	2021	8	25	0
	2188	1264	127.687179	28.546835	9.920583e+04	1.517558e+01	1.083934e+05	1.080108e+05	5.753862e+04	5.672288e+04	9.999000e+03	2.642248e+01	2021	8	25	6
	2188	1274	127.687179	29.484334	9.928294e+04	1.578603e+01	1.085263e+05	1.081327e+05	5.762534e+04	5.685720e+04	9.999000e+03	2.724277e+01	2021	8	25	12
	2188	1281	127.687179	30.140583	9.914666e+04	1.410146e+01	1.084102e+05	1.079644e+05	5.740793e+04	5.670691e+04	3.026252e+02	2.513366e+01	2021	8	25	18
	2193	1284	128.390304	30.421833	9.921240e+04	1.357913e+01	1.084874e+05	1.079996e+05	5.748375e+04	5.671728e+04	9.999000e+03	2.161992e+01	2021	8	26	0
	2198	1284	129.093428	30.421833	9.909648e+04	1.419235e+01	1.083325e+05	1.079524e+05	5.739966e+04	5.661470e+04	9.999000e+03	1.796360e+01	2021	8	26	6
	2203	1287	129.796552	30.703082	9.923339e+04	1.698787e+01	1.084503e+05	1.081531e+05	5.751765e+04	5.677647e+04	9.999000e+03	1.722855e+01	2021	8	26	12
	2211	1287	130.921551	30.703082	9.916499e+04	1.702855e+01	1.083250e+05	1.080359e+05	5.744122e+04	5.672512e+04	9.999000e+03	1.734406e+01	2021	8	26	18
	2216	1298	131.624675	31.734331	9.940629e+04	1.501296e+01	1.084917e+05	1.081732e+05	5.763215e+04	5.689754e+04	9.999000e+03	1.739386e+01	2021	8	27	0
	2207	1307	130.359052	32.578080	9.925942e+04	2.043039e+01	1.086150e+05	1.081273e+05	5.764819e+04	5.683157e+04	9.999000e+03	1.151184e+01	2021	8	27	6
	2199	1302	129.234053	32.109330	9.953913e+04	1.774455e+01	1.087639e+05	1.082575e+05	5.776034e+04	5.702004e+04	9.999000e+03	8.038216e+00	2021	8	27	12
	2197	1302	128.952803	32.109330	9.958253e+04	1.464603e+01	1.086704e+05	1.081700e+05	5.769341e+04	5.704200e+04	9.999000e+03	8.743146e+00	2021	8	27	18
	2198	1308	129.093428	32.671830	9.992630e+04	1.480887e+01	1.088320e+05	1.083604e+05	5.795622e+04	5.723645e+04	9.999000e+03	8.077428e+00	2021	8	28	0
	2201	1329	129.515302	34.640577	1.000169e+05	1.339733e+01	1.088333e+05	1.085104e+05	5.795349e+04	5.727430e+04	9.999000e+03	5.672814e+00	2021	8	28	6
	2205	1336	130.077802	35.296826	1.003102e+05	1.362722e+01	1.090047e+05	1.084100e+05	5.817093e+04	5.749736e+04	9.999000e+03	6.538344e+00	2021	8	28	12
start	35	2021	8	29	12
	347	1101	-131.203176	13.265607	1.003456e+05	1.070724e+01	1.078457e+05	1.075389e+05	5.747012e+04	5.715302e+04	3.020847e+02	2.573547e+01	2021	8	29	12
	344	1113	-131.625050	14.390605	1.005654e+05	1.193928e+01	1.080902e+05	1.078211e+05	5.772409e+04	5.737443e+04	3.018405e+02	2.216190e+01	2021	8	29	18
	341	1110	-132.046925	14.109355	1.003126e+05	9.909694e+00	1.079470e+05	1.076660e+05	5.755630e+04	5.714721e+04	3.020666e+02	1.984694e+01	2021	8	30	0
	333	1116	-133.171924	14.671855	1.005581e+05	1.114845e+01	1.081921e+05	1.079173e+05	5.775724e+04	5.738350e+04	3.020236e+02	2.003636e+01	2021	8	30	6
	327	1121	-134.015673	15.140604	1.002759e+05	1.242738e+01	1.079209e+05	1.076619e+05	5.753941e+04	5.713405e+04	3.020286e+02	2.129425e+01	2021	8	30	12
	319	1119	-135.140672	14.953104	1.004953e+05	1.207298e+01	1.080875e+05	1.079038e+05	5.772912e+04	5.730546e+04	3.020217e+02	2.173287e+01	2021	8	30	18
	316	1121	-135.562546	15.140604	1.002207e+05	1.091993e+01	1.079894e+05	1.077300e+05	5.755356e+04	5.709068e+04	3.020391e+02	2.166557e+01	2021	8	31	0
	310	1126	-136.406295	15.609353	1.005180e+05	1.148728e+01	1.081925e+05	1.079617e+05	5.773340e+04	5.732260e+04	3.018752e+02	2.228456e+01	2021	8	31	6
	309	1128	-136.546920	15.796853	1.003203e+05	1.217123e+01	1.079927e+05	1.077363e+05	5.758599e+04	5.711223e+04	3.018267e+02	2.523558e+01	2021	8	31	12
	305	1137	-137.109420	16.640602	1.005484e+05	1.296646e+01	1.082294e+05	1.079129e+05	5.777613e+04	5.731049e+04	3.013661e+02	2.257114e+01	2021	8	31	18
	299	1142	-137.953169	17.109351	1.002882e+05	1.287545e+01	1.081110e+05	1.077872e+05	5.760844e+04	5.714798e+04	3.012148e+02	2.204478e+01	2021	9	1	0
	293	1147	-138.796918	17.578101	1.005028e+05	1.353612e+01	1.082314e+05	1.079785e+05	5.777625e+04	5.730837e+04	3.008010e+02	1.890891e+01	2021	9	1	6
	288	1149	-139.500042	17.765600	1.003279e+05	1.190050e+01	1.080435e+05	1.077719e+05	5.762720e+04	5.713259e+04	3.003370e+02	1.781326e+01	2021	9	1	12
	283	1157	-140.203166	18.515599	1.005404e+05	1.366080e+01	1.081890e+05	1.079867e+05	5.779195e+04	5.733770e+04	3.000740e+02	1.206955e+01	2021	9	1	18
	279	1163	-140.765666	19.078098	1.003376e+05	1.283989e+01	1.080145e+05	1.078598e+05	5.765018e+04	5.719030e+04	2.999871e+02	1.246935e+01	2021	9	2	0
	272	1171	-141.750040	19.828097	1.005380e+05	1.245131e+01	1.081288e+05	1.079225e+05	5.776266e+04	5.737248e+04	2.998741e+02	1.264290e+01	2021	9	2	6
	269	1174	-142.171914	20.109347	1.004224e+05	1.271169e+01	1.079577e+05	1.077149e+05	5.762581e+04	5.725344e+04	2.997703e+02	1.288464e+01	2021	9	2	12
	266	1178	-142.593789	20.484347	1.006313e+05	1.310122e+01	1.080896e+05	1.078155e+05	5.776303e+04	5.743033e+04	2.996188e+02	6.696712e+00	2021	9	2	18
	263	1180	-143.015664	20.671846	1.004208e+05	1.167068e+01	1.079519e+05	1.076715e+05	5.765928e+04	5.730327e+04	3.001353e+02	5.277133e+00	2021	9	3	0
	262	1183	-143.156288	20.953096	1.006006e+05	1.106929e+01	1.080381e+05	1.078125e+05	5.777901e+04	5.744246e+04	2.999210e+02	7.585600e+00	2021	9	3	6
	261	1186	-143.296913	21.234345	1.004478e+05	1.010058e+01	1.078422e+05	1.076317e+05	5.764938e+04	5.725641e+04	2.994499e+02	6.783542e+00	2021	9	3	12
	259	1188	-143.578163	21.421845	1.006149e+05	9.988693e+00	1.079636e+05	1.077524e+05	5.774733e+04	5.740462e+04	2.993556e+02	4.122906e+00	2021	9	3	18
	257	1188	-143.859413	21.421845	1.004418e+05	9.975398e+00	1.078084e+05	1.076323e+05	5.769259e+04	5.722472e+04	3.007368e+02	4.740315e+00	2021	9	4	0
	256	1190	-144.000038	21.609345	1.006005e+05	9.408404e+00	1.079543e+05	1.077340e+05	5.781372e+04	5.730859e+04	3.003873e+02	5.498230e+00	2021	9	4	6
	259	1190	-143.578163	21.609345	1.004717e+05	1.082496e+01	1.077214e+05	1.075169e+05	5.766557e+04	5.716645e+04	2.998113e+02	7.520380e+00	2021	9	4	12
	256	1202	-144.000038	22.734343	1.006697e+05	1.228346e+01	1.078478e+05	1.075713e+05	5.780573e+04	5.728365e+04	2.994665e+02	4.911082e+00	2021	9	4	18
	252	1202	-144.562537	22.734343	1.004449e+05	1.360202e+01	1.076926e+05	1.074139e+05	5.767946e+04	5.707831e+04	3.000255e+02	7.914497e+00	2021	9	5	0
	251	1207	-144.703162	23.203093	1.004947e+05	1.365718e+01	1.078414e+05	1.074950e+05	5.783595e+04	5.714306e+04	2.995873e+02	9.618210e+00	2021	9	5	6
	250	1209	-144.843787	23.390592	1.002501e+05	1.446110e+01	1.076051e+05	1.072210e+05	5.762651e+04	5.688807e+04	2.994337e+02	1.103144e+01	2021	9	5	12
	251	1214	-144.703162	23.859342	1.003056e+05	1.529714e+01	1.077607e+05	1.071740e+05	5.781095e+04	5.691760e+04	2.994026e+02	8.573795e+00	2021	9	5	18
	251	1219	-144.703162	24.328091	1.000990e+05	1.584450e+01	1.076280e+05	1.070209e+05	5.767173e+04	5.682327e+04	2.997084e+02	8.719460e+00	2021	9	6	0
	253	1226	-144.421912	24.984340	1.002470e+05	1.680275e+01	1.077862e+05	1.069779e+05	5.787166e+04	5.710948e+04	2.992425e+02	8.293954e+00	2021	9	6	6
	255	1231	-144.140662	25.453090	1.001522e+05	1.626262e+01	1.076010e+05	1.067064e+05	5.770264e+04	5.707603e+04	2.989663e+02	7.225414e+00	2021	9	6	12
	261	1236	-143.296913	25.921839	1.005366e+05	1.637914e+01	1.077945e+05	1.065785e+05	5.793849e+04	5.727584e+04	2.987880e+02	7.492939e+00	2021	9	6	18
	269	1250	-142.171914	27.234337	1.002930e+05	1.691025e+01	1.076322e+05	1.062682e+05	5.779293e+04	5.704471e+04	2.983504e+02	4.283878e+00	2021	9	7	0
start	11	2021	8	31	12
	469	1135	-114.046944	16.453102	1.005865e+05	1.232244e+01	1.079133e+05	1.075980e+05	5.781632e+04	5.718243e+04	3.025372e+02	1.582271e+01	2021	8	31	12
	465	1140	-114.609443	16.921851	1.007463e+05	1.416170e+01	1.081523e+05	1.079420e+05	5.797823e+04	5.741411e+04	3.028037e+02	1.890172e+01	2021	8	31	18
	458	1147	-115.593817	17.578101	1.004564e+05	1.440486e+01	1.080094e+05	1.077531e+05	5.782208e+04	5.717777e+04	3.034473e+02	1.251297e+01	2021	9	1	0
	449	1152	-116.859441	18.046850	1.006877e+05	1.545004e+01	1.082119e+05	1.079749e+05	5.801609e+04	5.736648e+04	3.023720e+02	1.034274e+01	2021	9	1	6
	440	1157	-118.125064	18.515599	1.004496e+05	1.494819e+01	1.079433e+05	1.077789e+05	5.785352e+04	5.720818e+04	3.018272e+02	1.193925e+01	2021	9	1	12
	433	1159	-119.109438	18.703099	1.006334e+05	1.576632e+01	1.081676e+05	1.080080e+05	5.801716e+04	5.741793e+04	3.018028e+02	1.169185e+01	2021	9	1	18
	425	1162	-120.234437	18.984349	1.003020e+05	1.693912e+01	1.079682e+05	1.078172e+05	5.783534e+04	5.725789e+04	3.017507e+02	1.021879e+01	2021	9	2	0
	419	1162	-121.078186	18.984349	1.005276e+05	1.686723e+01	1.081071e+05	1.079095e+05	5.797337e+04	5.755656e+04	3.016703e+02	1.029164e+01	2021	9	2	6
	412	1164	-122.062560	19.171848	1.003027e+05	1.664078e+01	1.078562e+05	1.076202e+05	5.776464e+04	5.732679e+04	3.016730e+02	1.147142e+01	2021	9	2	12
	407	1166	-122.765685	19.359348	1.004709e+05	1.662967e+01	1.080680e+05	1.078337e+05	5.790895e+04	5.751168e+04	3.016846e+02	9.796990e+00	2021	9	2	18
	404	1169	-123.187559	19.640598	1.001803e+05	1.690735e+01	1.079283e+05	1.076705e+05	5.768449e+04	5.730335e+04	3.017264e+02	1.035701e+01	2021	9	3	0
start	12	2021	9	3	0
	2337	1156	148.640283	18.421849	1.000108e+05	1.369928e+01	1.082149e+05	1.078896e+05	5.759196e+04	5.702688e+04	3.037376e+02	1.960506e+01	2021	9	3	0
	2339	1169	148.921532	19.640598	9.976012e+04	1.244426e+01	1.081305e+05	1.077474e+05	5.747235e+04	5.690825e+04	3.039922e+02	1.704973e+01	2021	9	3	6
	2350	1190	150.468406	21.609345	9.995164e+04	1.215368e+01	1.084569e+05	1.079559e+05	5.766790e+04	5.714448e+04	3.035684e+02	2.634434e+01	2021	9	3	12
	2344	1193	149.624657	21.890595	9.967316e+04	1.173530e+01	1.081975e+05	1.078389e+05	5.745560e+04	5.695632e+04	3.034649e+02	2.054897e+01	2021	9	3	18
	2345	1200	149.765281	22.546844	9.977590e+04	1.263590e+01	1.083961e+05	1.080575e+05	5.760917e+04	5.706474e+04	3.034048e+02	2.056184e+01	2021	9	4	0
	2343	1202	149.484032	22.734343	9.955486e+04	1.278476e+01	1.083014e+05	1.079585e+05	5.747708e+04	5.691478e+04	3.038585e+02	2.071109e+01	2021	9	4	6
	2342	1219	149.343407	24.328091	9.971481e+04	1.179131e+01	1.085005e+05	1.081095e+05	5.756828e+04	5.705205e+04	3.031736e+02	2.295860e+01	2021	9	4	12
	2347	1228	150.046531	25.171840	9.944990e+04	1.412880e+01	1.083155e+05	1.079135e+05	5.756429e+04	5.686246e+04	3.029904e+02	1.811630e+01	2021	9	4	18
	2336	1234	148.499658	25.734339	9.964183e+04	1.095306e+01	1.084003e+05	1.079425e+05	5.755541e+04	5.701047e+04	3.029573e+02	1.658895e+01	2021	9	5	0
	2336	1248	148.499658	27.046837	9.946396e+04	1.180192e+01	1.082791e+05	1.078007e+05	5.749091e+04	5.686420e+04	3.033683e+02	1.719832e+01	2021	9	5	6
	2334	1250	148.218408	27.234337	9.965366e+04	1.185552e+01	1.083913e+05	1.078801e+05	5.754769e+04	5.703815e+04	3.025265e+02	1.481894e+01	2021	9	5	12
	2336	1249	148.499658	27.140587	9.951616e+04	1.367293e+01	1.082493e+05	1.076769e+05	5.740162e+04	5.685948e+04	3.022210e+02	1.350734e+01	2021	9	5	18
start	15	2021	9	10	6
	2325	1202	146.952784	22.734343	1.001154e+05	1.273403e+01	1.082071e+05	1.079918e+05	5.758216e+04	5.720018e+04	3.030693e+02	2.735291e+01	2021	9	10	6
	2326	1207	147.093409	23.203093	1.003437e+05	1.371719e+01	1.083335e+05	1.081481e+05	5.771410e+04	5.727710e+04	3.026970e+02	2.367908e+01	2021	9	10	12
	2328	1214	147.374659	23.859342	1.000709e+05	1.261775e+01	1.080989e+05	1.079169e+05	5.763083e+04	5.704660e+04	3.025999e+02	1.690443e+01	2021	9	10	18
	2324	1217	146.812159	24.140591	1.002114e+05	1.346617e+01	1.082369e+05	1.080226e+05	5.777194e+04	5.724164e+04	3.026146e+02	1.433997e+01	2021	9	11	0
	2316	1219	145.687161	24.328091	9.999234e+04	1.320954e+01	1.081228e+05	1.079421e+05	5.767193e+04	5.706530e+04	3.026211e+02	1.238407e+01	2021	9	11	6
	2311	1221	144.984036	24.515591	1.001123e+05	1.370152e+01	1.082742e+05	1.080697e+05	5.782203e+04	5.720770e+04	3.025824e+02	1.217330e+01	2021	9	11	12
	2302	1224	143.718413	24.796841	9.986803e+04	1.459860e+01	1.080873e+05	1.078736e+05	5.766364e+04	5.702847e+04	3.026194e+02	7.676090e+00	2021	9	11	18
	2294	1226	142.593414	24.984340	9.999380e+04	1.464545e+01	1.082215e+05	1.079385e+05	5.775051e+04	5.721866e+04	3.025779e+02	9.357343e+00	2021	9	12	0
	2288	1231	141.749665	25.453090	9.983205e+04	1.345713e+01	1.081322e+05	1.078098e+05	5.764242e+04	5.709470e+04	3.025657e+02	9.489553e+00	2021	9	12	6
	2280	1230	140.624666	25.359340	1.000268e+05	1.463676e+01	1.083044e+05	1.080288e+05	5.779331e+04	5.729419e+04	3.026625e+02	7.326087e+00	2021	9	12	12
	2269	1230	139.077792	25.359340	9.985489e+04	1.333131e+01	1.081113e+05	1.078061e+05	5.762900e+04	5.714793e+04	3.026052e+02	8.274380e+00	2021	9	12	18
	2263	1230	138.234043	25.359340	1.000387e+05	1.446586e+01	1.082081e+05	1.079396e+05	5.776226e+04	5.734175e+04	3.024839e+02	7.593285e+00	2021	9	13	0
	2253	1227	136.827795	25.078090	9.983657e+04	1.468025e+01	1.080911e+05	1.078544e+05	5.761780e+04	5.717445e+04	3.029125e+02	8.570985e+00	2021	9	13	6
	2243	1225	135.421546	24.890590	1.000685e+05	1.422720e+01	1.082806e+05	1.080511e+05	5.777694e+04	5.738472e+04	3.027720e+02	1.096072e+01	2021	9	13	12
	2233	1223	134.015298	24.703091	9.987909e+04	1.288955e+01	1.081269e+05	1.079014e+05	5.760256e+04	5.721796e+04	3.026705e+02	6.690752e+00	2021	9	13	18
start	22	2021	9	11	12
	2102	1111	115.593442	14.203105	1.001894e+05	1.681528e+01	1.081545e+05	1.079264e+05	5.752036e+04	5.721677e+04	3.026767e+02	3.074168e+01	2021	9	11	12
	2106	1121	116.155941	15.140604	1.000696e+05	1.581637e+01	1.079979e+05	1.078096e+05	5.742211e+04	5.708968e+04	3.026574e+02	2.736349e+01	2021	9	11	18
	2106	1121	116.155941	15.140604	1.000884e+05	1.640429e+01	1.080498e+05	1.077088e+05	5.753566e+04	5.710737e+04	3.025395e+02	3.158658e+01	2021	9	12	0
	2107	1125	116.296566	15.515603	9.982328e+04	1.454150e+01	1.079395e+05	1.077341e+05	5.737746e+04	5.694125e+04	3.024949e+02	2.801023e+01	2021	9	12	6
	2106	1126	116.155941	15.609353	9.985852e+04	1.914743e+01	1.080824e+05	1.078749e+05	5.750717e+04	5.695698e+04	3.024261e+02	2.309833e+01	2021	9	12	12
	2108	1125	116.437191	15.515603	9.973960e+04	1.920292e+01	1.079395e+05	1.077256e+05	5.745893e+04	5.684917e+04	3.023465e+02	2.754566e+01	2021	9	12	18
	2110	1140	116.718441	16.921851	9.970760e+04	1.715968e+01	1.080273e+05	1.076962e+05	5.759618e+04	5.682246e+04	3.022762e+02	2.447212e+01	2021	9	13	0
	2105	1139	116.015317	16.828102	9.944684e+04	1.639453e+01	1.079445e+05	1.076640e+05	5.743753e+04	5.663091e+04	3.023235e+02	1.975722e+01	2021	9	13	6
	2106	1140	116.155941	16.921851	9.942866e+04	1.655057e+01	1.080746e+05	1.077124e+05	5.757201e+04	5.663471e+04	3.022295e+02	1.810048e+01	2021	9	13	12
	2102	1145	115.593442	17.390601	9.930063e+04	1.741324e+01	1.080240e+05	1.076797e+05	5.746093e+04	5.659506e+04	3.021661e+02	2.765031e+01	2021	9	13	18
	2099	1147	115.171567	17.578101	9.932829e+04	1.883980e+01	1.081470e+05	1.077535e+05	5.756339e+04	5.669347e+04	3.020953e+02	2.716063e+01	2021	9	14	0
	2098	1152	115.030943	18.046850	9.921239e+04	1.962868e+01	1.080992e+05	1.077183e+05	5.749737e+04	5.661074e+04	3.022180e+02	2.969645e+01	2021	9	14	6
	2091	1154	114.046569	18.234350	9.919034e+04	2.113392e+01	1.082555e+05	1.078094e+05	5.760401e+04	5.662262e+04	3.022681e+02	2.491900e+01	2021	9	14	12
	2087	1162	113.484069	18.984349	9.905973e+04	2.197779e+01	1.082581e+05	1.077296e+05	5.757001e+04	5.647705e+04	3.020950e+02	2.518406e+01	2021	9	14	18
	2079	1162	112.359070	18.984349	9.910769e+04	2.214233e+01	1.082506e+05	1.077181e+05	5.768513e+04	5.657750e+04	9.999000e+03	2.223839e+01	2021	9	15	0
	2074	1168	111.655946	19.546848	9.908647e+04	2.214995e+01	1.082787e+05	1.078475e+05	5.762810e+04	5.662229e+04	9.999000e+03	2.280434e+01	2021	9	15	6
	2066	1171	110.530947	19.828097	9.930580e+04	2.062676e+01	1.084214e+05	1.079973e+05	5.775185e+04	5.679558e+04	9.999000e+03	1.650743e+01	2021	9	15	12
	2056	1171	109.124699	19.828097	9.953969e+04	1.794105e+01	1.083756e+05	1.078301e+05	5.768485e+04	5.689101e+04	9.999000e+03	1.833973e+01	2021	9	15	18
	2053	1178	108.702824	20.484347	9.969355e+04	1.889360e+01	1.083679e+05	1.078452e+05	5.777629e+04	5.700253e+04	9.999000e+03	1.548571e+01	2021	9	16	0
	2046	1183	107.718450	20.953096	9.974405e+04	1.775146e+01	1.083869e+05	1.078521e+05	5.772391e+04	5.704636e+04	9.999000e+03	1.063846e+01	2021	9	16	6
	2036	1183	106.312202	20.953096	1.000815e+05	1.052090e+01	1.084410e+05	1.079393e+05	5.776954e+04	5.716720e+04	9.999000e+03	8.859922e+00	2021	9	16	12
	2032	1175	105.749702	20.203097	1.005056e+05	1.062201e+01	1.083330e+05	1.078712e+05	5.773092e+04	5.726386e+04	9.999000e+03	1.523651e+01	2021	9	16	18
start	56	2021	9	16	6
	2226	1212	133.030924	23.671842	9.921823e+04	1.574927e+01	1.082171e+05	1.077531e+05	5.750534e+04	5.667142e+04	3.042714e+02	1.252777e+01	2021	9	16	6
	2214	1208	131.343426	23.296843	9.933798e+04	1.695141e+01	1.083491e+05	1.078898e+05	5.765020e+04	5.681475e+04	3.031256e+02	1.692247e+01	2021	9	16	12
	2201	1201	129.515302	22.640594	9.915100e+04	1.603073e+01	1.081082e+05	1.077083e+05	5.741212e+04	5.665108e+04	3.027089e+02	1.855935e+01	2021	9	16	18
	2190	1197	127.968429	22.265594	9.930789e+04	1.552718e+01	1.082371e+05	1.078961e+05	5.751192e+04	5.683578e+04	3.026849e+02	2.482225e+01	2021	9	17	0
	2183	1194	126.984055	21.984344	9.905820e+04	1.515168e+01	1.080981e+05	1.077463e+05	5.730284e+04	5.669057e+04	3.032601e+02	3.054022e+01	2021	9	17	6
	2173	1189	125.577807	21.515595	9.915914e+04	1.712877e+01	1.081909e+05	1.078885e+05	5.734028e+04	5.675485e+04	3.027205e+02	3.132234e+01	2021	9	17	12
	2165	1185	124.452808	21.140596	9.892851e+04	1.527816e+01	1.080770e+05	1.077012e+05	5.718553e+04	5.651859e+04	3.025764e+02	2.570080e+01	2021	9	17	18
	2171	1180	125.296557	20.671846	9.905476e+04	1.601283e+01	1.081986e+05	1.078571e+05	5.718980e+04	5.661985e+04	3.025803e+02	2.798781e+01	2021	9	18	0
	2173	1183	125.577807	20.953096	9.877960e+04	1.599923e+01	1.081439e+05	1.076996e+05	5.703324e+04	5.644755e+04	3.033273e+02	2.563020e+01	2021	9	18	6
	2175	1187	125.859056	21.328095	9.893514e+04	1.688502e+01	1.082912e+05	1.078705e+05	5.727463e+04	5.662126e+04	3.027729e+02	2.150504e+01	2021	9	18	12
	2175	1193	125.859056	21.890595	9.882441e+04	1.654866e+01	1.081892e+05	1.078012e+05	5.717003e+04	5.650963e+04	3.025668e+02	1.811818e+01	2021	9	18	18
	2170	1197	125.155932	22.265594	9.904721e+04	1.512558e+01	1.083461e+05	1.079502e+05	5.731591e+04	5.666474e+04	3.024957e+02	2.123129e+01	2021	9	19	0
	2168	1204	124.874682	22.921843	9.880336e+04	1.352216e+01	1.082330e+05	1.078635e+05	5.719337e+04	5.652308e+04	3.027305e+02	2.531962e+01	2021	9	19	6
	2161	1204	123.890308	22.921843	9.896773e+04	1.507502e+01	1.083871e+05	1.080251e+05	5.731857e+04	5.663910e+04	3.024592e+02	2.373306e+01	2021	9	19	12
	2161	1204	123.890308	22.921843	9.895166e+04	1.578893e+01	1.082648e+05	1.079343e+05	5.720125e+04	5.656310e+04	3.023391e+02	1.913943e+01	2021	9	19	18
	2157	1207	123.327809	23.203093	9.911314e+04	1.393705e+01	1.083081e+05	1.080528e+05	5.734507e+04	5.668257e+04	9.999000e+03	2.121281e+01	2021	9	20	0
	2155	1209	123.046559	23.390592	9.887995e+04	1.453171e+01	1.081677e+05	1.078977e+05	5.717877e+04	5.653218e+04	9.999000e+03	2.615479e+01	2021	9	20	6
	2154	1209	122.905934	23.390592	9.908153e+04	1.474404e+01	1.083259e+05	1.080880e+05	5.731102e+04	5.672735e+04	9.999000e+03	2.824836e+01	2021	9	20	12
	2153	1209	122.765309	23.390592	9.894141e+04	1.572671e+01	1.081586e+05	1.079653e+05	5.717907e+04	5.659722e+04	9.999000e+03	2.762099e+01	2021	9	20	18
	2153	1206	122.765309	23.109343	9.905397e+04	1.598505e+01	1.083899e+05	1.080294e+05	5.732695e+04	5.672210e+04	9.999000e+03	3.124765e+01	2021	9	21	0
	2150	1201	122.343435	22.640594	9.890312e+04	1.810956e+01	1.081870e+05	1.078665e+05	5.712998e+04	5.654898e+04	9.999000e+03	3.375943e+01	2021	9	21	6
	2150	1189	122.343435	21.515595	9.911189e+04	1.973500e+01	1.083438e+05	1.080299e+05	5.731466e+04	5.668071e+04	9.999000e+03	3.694573e+01	2021	9	21	12
	2153	1180	122.765309	20.671846	9.894477e+04	2.163926e+01	1.081473e+05	1.079309e+05	5.729927e+04	5.657202e+04	3.028390e+02	3.623028e+01	2021	9	21	18
	2162	1180	124.030933	20.671846	9.905597e+04	2.044019e+01	1.082622e+05	1.080015e+05	5.743965e+04	5.669166e+04	3.023129e+02	4.002245e+01	2021	9	22	0
	2169	1186	125.015307	21.234345	9.882562e+04	1.999439e+01	1.081298e+05	1.077963e+05	5.722879e+04	5.651693e+04	3.023828e+02	3.302642e+01	2021	9	22	6
	2173	1185	125.577807	21.140596	9.907365e+04	1.876285e+01	1.082311e+05	1.080615e+05	5.742875e+04	5.671622e+04	3.023786e+02	3.303639e+01	2021	9	22	12
	2177	1180	126.140306	20.671846	9.890005e+04	2.057920e+01	1.081414e+05	1.079565e+05	5.736098e+04	5.659672e+04	3.023504e+02	3.101725e+01	2021	9	22	18
	2183	1179	126.984055	20.578096	9.901277e+04	2.184471e+01	1.083641e+05	1.079696e+05	5.754174e+04	5.666959e+04	3.023688e+02	3.381652e+01	2021	9	23	0
	2189	1183	127.827804	20.953096	9.869865e+04	2.133610e+01	1.081385e+05	1.078232e+05	5.737020e+04	5.643111e+04	3.026433e+02	2.605858e+01	2021	9	23	6
	2192	1182	128.249679	20.859346	9.880239e+04	2.120716e+01	1.083655e+05	1.079464e+05	5.756293e+04	5.649501e+04	3.024258e+02	2.159156e+01	2021	9	23	12
	2196	1182	128.812178	20.859346	9.863131e+04	2.104734e+01	1.081934e+05	1.077705e+05	5.738050e+04	5.635131e+04	3.024577e+02	2.178122e+01	2021	9	23	18
	2200	1186	129.374678	21.234345	9.884828e+04	2.038240e+01	1.084003e+05	1.079440e+05	5.762809e+04	5.653731e+04	3.024440e+02	2.730468e+01	2021	9	24	0
	2200	1186	129.374678	21.234345	9.846451e+04	2.038326e+01	1.082478e+05	1.076634e+05	5.743680e+04	5.619814e+04	3.025284e+02	2.232839e+01	2021	9	24	6
	2200	1190	129.374678	21.609345	9.849056e+04	2.162203e+01	1.083879e+05	1.076798e+05	5.759234e+04	5.621534e+04	3.023883e+02	2.330541e+01	2021	9	24	12
	2200	1189	129.374678	21.515595	9.807705e+04	2.381343e+01	1.081828e+05	1.073047e+05	5.740433e+04	5.580682e+04	3.022908e+02	2.316951e+01	2021	9	24	18
	2199	1190	129.234053	21.609345	9.811269e+04	2.299088e+01	1.083592e+05	1.074052e+05	5.760498e+04	5.585579e+04	3.021907e+02	2.063896e+01	2021	9	25	0
	2200	1195	129.374678	22.078094	9.789845e+04	2.342078e+01	1.081040e+05	1.073442e+05	5.741241e+04	5.569457e+04	3.021412e+02	1.821423e+01	2021	9	25	6
	2199	1197	129.234053	22.265594	9.809933e+04	2.132096e+01	1.082912e+05	1.075307e+05	5.760574e+04	5.583173e+04	3.020024e+02	1.719496e+01	2021	9	25	12
	2197	1202	128.952803	22.734343	9.799671e+04	2.152992e+01	1.081317e+05	1.073345e+05	5.739940e+04	5.566043e+04	3.018712e+02	2.222799e+01	2021	9	25	18
	2196	1205	128.812178	23.015593	9.814652e+04	2.247936e+01	1.082652e+05	1.074415e+05	5.759909e+04	5.583166e+04	3.016955e+02	2.541346e+01	2021	9	26	0
	2195	1207	128.671553	23.203093	9.780319e+04	2.416193e+01	1.080939e+05	1.071960e+05	5.744199e+04	5.552845e+04	3.014620e+02	2.538659e+01	2021	9	26	6
	2193	1207	128.390304	23.203093	9.776175e+04	2.425158e+01	1.082436e+05	1.073484e+05	5.766032e+04	5.565327e+04	3.011942e+02	2.051276e+01	2021	9	26	12
	2188	1212	127.687179	23.671842	9.778593e+04	2.577112e+01	1.081485e+05	1.072832e+05	5.752834e+04	5.559275e+04	3.009627e+02	1.534195e+01	2021	9	26	18
	2186	1212	127.405930	23.671842	9.810023e+04	2.557891e+01	1.083422e+05	1.075377e+05	5.769981e+04	5.595617e+04	3.005791e+02	1.809111e+01	2021	9	27	0
	2182	1212	126.843430	23.671842	9.795305e+04	2.742504e+01	1.083026e+05	1.075791e+05	5.761764e+04	5.582054e+04	3.004964e+02	1.717744e+01	2021	9	27	6
	2177	1210	126.140306	23.484342	9.819316e+04	2.641493e+01	1.084686e+05	1.078202e+05	5.782084e+04	5.607525e+04	3.005230e+02	1.504222e+01	2021	9	27	12
	2170	1210	125.155932	23.484342	9.816360e+04	2.489396e+01	1.083692e+05	1.078204e+05	5.771552e+04	5.609959e+04	3.004016e+02	1.642893e+01	2021	9	27	18
	2164	1210	124.312183	23.484342	9.843798e+04	2.514775e+01	1.084921e+05	1.080204e+05	5.787362e+04	5.633152e+04	3.007843e+02	2.415977e+01	2021	9	28	0
	2158	1212	123.468434	23.671842	9.823017e+04	2.776773e+01	1.084020e+05	1.078063e+05	5.775845e+04	5.618451e+04	9.999000e+03	2.198934e+01	2021	9	28	6
	2149	1217	122.202810	24.140591	9.898546e+04	2.685672e+01	1.084214e+05	1.080443e+05	5.790762e+04	5.667474e+04	9.999000e+03	1.617176e+01	2021	9	28	12
	2140	1222	120.937186	24.609341	9.933321e+04	2.364956e+01	1.082805e+05	1.079713e+05	5.780427e+04	5.671174e+04	9.999000e+03	9.270413e+00	2021	9	28	18
	2129	1208	119.390313	23.296843	9.971042e+04	2.025302e+01	1.082860e+05	1.079521e+05	5.778770e+04	5.695982e+04	9.999000e+03	1.220508e+01	2021	9	29	0
	2125	1209	118.827814	23.390592	9.967004e+04	1.722484e+01	1.082020e+05	1.078879e+05	5.764024e+04	5.692727e+04	9.999000e+03	1.294626e+01	2021	9	29	6
	2120	1212	118.124689	23.671842	1.000028e+05	1.427681e+01	1.083513e+05	1.079790e+05	5.775589e+04	5.717916e+04	9.999000e+03	1.251451e+01	2021	9	29	12
	2110	1211	116.718441	23.578092	1.002117e+05	1.168061e+01	1.081818e+05	1.077835e+05	5.760554e+04	5.715887e+04	9.999000e+03	1.160938e+01	2021	9	29	18
	2104	1217	115.874692	24.140591	1.005606e+05	9.484833e+00	1.082849e+05	1.078909e+05	5.774027e+04	5.731291e+04	9.999000e+03	8.475515e+00	2021	9	30	0
start	12	2021	10	2	0
	2131	1149	119.671563	17.765600	1.003985e+05	1.455853e+01	1.083367e+05	1.078499e+05	5.780035e+04	5.732442e+04	9.999000e+03	2.459914e+01	2021	10	2	0
	2124	1152	118.687189	18.046850	1.002228e+05	1.553550e+01	1.082722e+05	1.077447e+05	5.768295e+04	5.714392e+04	9.999000e+03	1.807435e+01	2021	10	2	6
	2107	1148	116.296566	17.671850	1.003042e+05	1.608989e+01	1.084011e+05	1.078608e+05	5.778557e+04	5.725629e+04	3.020725e+02	1.558158e+01	2021	10	2	12
	2095	1146	114.609068	17.484351	1.001890e+05	1.619038e+01	1.083670e+05	1.077426e+05	5.771464e+04	5.722457e+04	3.023594e+02	2.242923e+01	2021	10	2	18
	2086	1141	113.343444	17.015601	1.002309e+05	1.450602e+01	1.083293e+05	1.078005e+05	5.777696e+04	5.723183e+04	3.023262e+02	2.017906e+01	2021	10	3	0
	2079	1144	112.359070	17.296851	1.000538e+05	1.453460e+01	1.082895e+05	1.077678e+05	5.770212e+04	5.711575e+04	3.024420e+02	1.833013e+01	2021	10	3	6
	2068	1147	110.812197	17.578101	1.001210e+05	1.540300e+01	1.084473e+05	1.078481e+05	5.778958e+04	5.724291e+04	9.999000e+03	1.654390e+01	2021	10	3	12
	2062	1147	109.968448	17.578101	1.000877e+05	1.336438e+01	1.082902e+05	1.077527e+05	5.777355e+04	5.723998e+04	9.999000e+03	2.036720e+01	2021	10	3	18
	2052	1149	108.562199	17.765600	1.001886e+05	1.644156e+01	1.082655e+05	1.078175e+05	5.784766e+04	5.716780e+04	9.999000e+03	2.423965e+01	2021	10	4	0
	2044	1157	107.437200	18.515599	1.002189e+05	1.647375e+01	1.082802e+05	1.078333e+05	5.780421e+04	5.724677e+04	9.999000e+03	1.837704e+01	2021	10	4	6
	2038	1159	106.593451	18.703099	1.001477e+05	1.451438e+01	1.084180e+05	1.079145e+05	5.792991e+04	5.737385e+04	9.999000e+03	1.826439e+01	2021	10	4	12
	2033	1162	105.890327	18.984349	1.004564e+05	1.395747e+01	1.083362e+05	1.078685e+05	5.790086e+04	5.739290e+04	9.999000e+03	2.402582e+01	2021	10	4	18
start	36	2021	10	6	6
	2247	1099	135.984046	13.078107	9.980698e+04	1.373674e+01	1.079134e+05	1.076318e+05	5.736339e+04	5.686445e+04	3.031313e+02	2.518294e+01	2021	10	6	6
	2248	1106	136.124671	13.734356	9.999821e+04	1.287093e+01	1.080767e+05	1.078271e+05	5.757186e+04	5.703229e+04	3.025443e+02	2.718385e+01	2021	10	6	12
	2240	1106	134.999672	13.734356	9.978388e+04	1.216660e+01	1.078379e+05	1.076271e+05	5.740495e+04	5.680350e+04	3.023635e+02	2.135378e+01	2021	10	6	18
	2236	1111	134.437172	14.203105	1.000331e+05	1.247616e+01	1.080411e+05	1.078154e+05	5.765586e+04	5.710697e+04	3.024719e+02	2.302734e+01	2021	10	7	0
	2235	1110	134.296547	14.109355	9.978866e+04	1.637934e+01	1.078620e+05	1.076132e+05	5.742098e+04	5.692269e+04	3.033399e+02	2.451450e+01	2021	10	7	6
	2235	1111	134.296547	14.203105	1.000785e+05	1.639412e+01	1.080358e+05	1.078648e+05	5.761043e+04	5.716304e+04	3.027375e+02	2.234893e+01	2021	10	7	12
	2242	1111	135.280921	14.203105	9.988259e+04	1.543639e+01	1.078319e+05	1.076337e+05	5.740666e+04	5.698221e+04	3.024160e+02	2.300290e+01	2021	10	7	18
	2236	1121	134.437172	15.140604	1.001665e+05	1.496272e+01	1.080730e+05	1.077963e+05	5.766636e+04	5.713767e+04	3.024055e+02	2.183958e+01	2021	10	8	0
	2236	1121	134.437172	15.140604	9.985056e+04	1.562378e+01	1.078909e+05	1.075424e+05	5.746582e+04	5.697828e+04	3.033711e+02	2.250302e+01	2021	10	8	6
	2238	1120	134.718422	15.046854	1.000751e+05	1.393107e+01	1.081524e+05	1.078122e+05	5.769761e+04	5.718918e+04	3.027767e+02	2.642772e+01	2021	10	8	12
	2236	1132	134.437172	16.171853	9.984420e+04	1.369962e+01	1.079769e+05	1.076819e+05	5.748109e+04	5.698685e+04	3.023969e+02	3.134888e+01	2021	10	8	18
	2230	1135	133.593423	16.453102	1.000751e+05	1.620578e+01	1.081629e+05	1.078610e+05	5.772432e+04	5.711781e+04	3.024220e+02	2.366920e+01	2021	10	9	0
	2231	1132	133.734048	16.171853	9.975588e+04	1.635399e+01	1.079582e+05	1.076432e+05	5.749568e+04	5.686216e+04	3.027854e+02	2.375031e+01	2021	10	9	6
	2238	1137	134.718422	16.640602	9.989310e+04	1.522387e+01	1.082217e+05	1.079141e+05	5.773155e+04	5.704622e+04	3.024372e+02	2.779740e+01	2021	10	9	12
	2235	1144	134.296547	17.296851	9.964961e+04	1.861098e+01	1.079280e+05	1.077302e+05	5.753674e+04	5.684364e+04	3.023842e+02	2.097865e+01	2021	10	9	18
	2235	1147	134.296547	17.578101	9.986414e+04	1.783522e+01	1.081372e+05	1.079385e+05	5.776400e+04	5.702911e+04	3.023606e+02	1.502596e+01	2021	10	10	0
	2238	1151	134.718422	17.953100	9.957423e+04	1.697659e+01	1.080262e+05	1.077941e+05	5.754012e+04	5.685587e+04	3.026603e+02	1.617799e+01	2021	10	10	6
	2240	1151	134.999672	17.953100	9.981499e+04	1.671219e+01	1.083608e+05	1.080759e+05	5.785080e+04	5.711327e+04	3.023323e+02	1.534230e+01	2021	10	10	12
	2242	1161	135.280921	18.890599	9.963437e+04	1.642937e+01	1.080435e+05	1.078242e+05	5.764691e+04	5.692163e+04	3.022779e+02	1.746131e+01	2021	10	10	18
	2239	1168	134.859047	19.546848	9.974095e+04	1.630624e+01	1.082399e+05	1.079189e+05	5.777299e+04	5.701909e+04	3.022584e+02	2.029196e+01	2021	10	11	0
	2245	1168	135.702796	19.546848	9.951271e+04	1.699471e+01	1.080948e+05	1.077362e+05	5.761717e+04	5.673377e+04	3.022935e+02	1.634808e+01	2021	10	11	6
	2248	1176	136.124671	20.296847	9.966231e+04	1.652542e+01	1.081915e+05	1.078587e+05	5.780116e+04	5.689263e+04	3.021955e+02	1.754072e+01	2021	10	11	12
	2255	1178	137.109045	20.484347	9.934638e+04	1.623490e+01	1.079634e+05	1.076616e+05	5.754454e+04	5.670872e+04	3.020602e+02	1.924519e+01	2021	10	11	18
	2259	1188	137.671544	21.421845	9.941979e+04	1.797058e+01	1.081435e+05	1.076513e+05	5.772754e+04	5.679696e+04	3.019569e+02	1.507015e+01	2021	10	12	0
	2267	1195	138.796543	22.078094	9.911168e+04	1.850428e+01	1.079650e+05	1.074318e+05	5.753609e+04	5.661271e+04	3.020074e+02	1.873368e+01	2021	10	12	6
	2273	1205	139.640292	23.015593	9.920313e+04	2.143465e+01	1.080369e+05	1.074818e+05	5.767462e+04	5.675314e+04	3.018567e+02	2.093299e+01	2021	10	12	12
	2279	1212	140.484041	23.671842	9.890426e+04	2.128280e+01	1.078126e+05	1.071465e+05	5.743134e+04	5.647058e+04	3.015439e+02	1.753576e+01	2021	10	12	18
	2284	1226	141.187165	24.984340	9.898566e+04	1.932868e+01	1.079135e+05	1.070225e+05	5.758829e+04	5.640755e+04	3.011501e+02	1.805666e+01	2021	10	13	0
	2290	1245	142.030914	26.765588	9.885803e+04	2.703799e+01	1.076898e+05	1.064365e+05	5.740178e+04	5.611905e+04	3.002885e+02	2.982480e+01	2021	10	13	6
	2290	1262	142.030914	28.359336	9.884195e+04	2.543310e+01	1.077678e+05	1.058957e+05	5.739043e+04	5.586318e+04	2.999929e+02	2.991957e+01	2021	10	13	12
	2301	1276	143.577788	29.671834	9.891369e+04	2.720386e+01	1.075089e+05	1.054726e+05	5.717696e+04	5.541224e+04	2.998640e+02	2.219411e+01	2021	10	13	18
	2309	1286	144.702787	30.609332	9.904500e+04	2.444773e+01	1.077180e+05	1.048974e+05	5.742473e+04	5.555879e+04	2.996100e+02	1.023284e+01	2021	10	14	0
	2321	1298	146.390285	31.734331	9.906068e+04	2.391323e+01	1.076540e+05	1.045319e+05	5.733533e+04	5.530357e+04	2.991403e+02	7.693865e+00	2021	10	14	6
	2335	1313	148.359033	33.140579	9.929434e+04	2.656152e+01	1.077476e+05	1.042645e+05	5.743725e+04	5.526939e+04	2.989282e+02	6.930905e+00	2021	10	14	12
	2354	1331	151.030905	34.828077	9.917855e+04	2.500060e+01	1.076075e+05	1.035892e+05	5.728829e+04	5.487342e+04	2.981743e+02	6.180750e+00	2021	10	14	18
	2378	1353	154.405902	36.890574	9.933101e+04	2.481259e+01	1.077050e+05	1.029799e+05	5.736109e+04	5.441686e+04	2.976043e+02	6.316504e+00	2021	10	15	0
start	30	2021	10	7	18
	2434	1158	162.280893	18.609349	9.997135e+04	1.353968e+01	1.082070e+05	1.076932e+05	5.755989e+04	5.696760e+04	3.032234e+02	1.624879e+01	2021	10	7	18
	2444	1169	163.687142	19.640598	1.000745e+05	1.421901e+01	1.083436e+05	1.077038e+05	5.768865e+04	5.711453e+04	3.029438e+02	1.313185e+01	2021	10	8	0
	2451	1176	164.671516	20.296847	9.989722e+04	1.315247e+01	1.082569e+05	1.075464e+05	5.760832e+04	5.698685e+04	3.029779e+02	1.623823e+01	2021	10	8	6
	2461	1180	166.077764	20.671846	9.993330e+04	1.419120e+01	1.083026e+05	1.076199e+05	5.770047e+04	5.699975e+04	3.026668e+02	1.595777e+01	2021	10	8	12
	2471	1181	167.484013	20.765596	9.969103e+04	1.438121e+01	1.081752e+05	1.074766e+05	5.753626e+04	5.683397e+04	3.023897e+02	1.938771e+01	2021	10	8	18
	2483	1183	169.171511	20.953096	9.974048e+04	1.552425e+01	1.082613e+05	1.076069e+05	5.760204e+04	5.689630e+04	3.024626e+02	1.819424e+01	2021	10	9	0
	2494	1180	170.718385	20.671846	9.963137e+04	1.645985e+01	1.081736e+05	1.076044e+05	5.757343e+04	5.680516e+04	3.024534e+02	1.906739e+01	2021	10	9	6
	2510	1183	172.968382	20.953096	9.964419e+04	1.663615e+01	1.082678e+05	1.077004e+05	5.762183e+04	5.679522e+04	3.024221e+02	2.131965e+01	2021	10	9	12
	2518	1190	174.093381	21.609345	9.947665e+04	1.691698e+01	1.081536e+05	1.076065e+05	5.751877e+04	5.662749e+04	3.021758e+02	1.932387e+01	2021	10	9	18
	2526	1189	175.218380	21.515595	9.958768e+04	1.666521e+01	1.082361e+05	1.077811e+05	5.766230e+04	5.671725e+04	3.022531e+02	1.790291e+01	2021	10	10	0
	2530	1193	175.780879	21.890595	9.951072e+04	1.643618e+01	1.082322e+05	1.077943e+05	5.761449e+04	5.668412e+04	3.020171e+02	1.282987e+01	2021	10	10	6
	2534	1193	176.343379	21.890595	9.959959e+04	1.602395e+01	1.082897e+05	1.079183e+05	5.775105e+04	5.683177e+04	3.019767e+02	1.452202e+01	2021	10	10	12
	2534	1195	176.343379	22.078094	9.951745e+04	1.655979e+01	1.082096e+05	1.078279e+05	5.767381e+04	5.676168e+04	3.019130e+02	1.044267e+01	2021	10	10	18
	2534	1200	176.343379	22.546844	9.953234e+04	1.695692e+01	1.082903e+05	1.079198e+05	5.780279e+04	5.679175e+04	3.018318e+02	1.013307e+01	2021	10	11	0
	2531	1205	175.921504	23.015593	9.943150e+04	1.791922e+01	1.083063e+05	1.077484e+05	5.789383e+04	5.665520e+04	3.018079e+02	8.966969e+00	2021	10	11	6
	2527	1207	175.359005	23.203093	9.941023e+04	1.815964e+01	1.082761e+05	1.077101e+05	5.796489e+04	5.662058e+04	3.017521e+02	9.245448e+00	2021	10	11	12
	2520	1212	174.374631	23.671842	9.923877e+04	1.930903e+01	1.081550e+05	1.075892e+05	5.791098e+04	5.641525e+04	3.016316e+02	9.706484e+00	2021	10	11	18
	2513	1214	173.390257	23.859342	9.936663e+04	1.968160e+01	1.082446e+05	1.077474e+05	5.801820e+04	5.655902e+04	3.016357e+02	7.745779e+00	2021	10	12	0
	2505	1214	172.265258	23.859342	9.928072e+04	2.090523e+01	1.081504e+05	1.078825e+05	5.799270e+04	5.664923e+04	3.017040e+02	8.876764e+00	2021	10	12	6
	2496	1214	170.999634	23.859342	9.947055e+04	2.221040e+01	1.082144e+05	1.080074e+05	5.805031e+04	5.684926e+04	3.017693e+02	1.131372e+01	2021	10	12	12
	2490	1214	170.155885	23.859342	9.941370e+04	2.351246e+01	1.081199e+05	1.079112e+05	5.791952e+04	5.679964e+04	3.018446e+02	8.598462e+00	2021	10	12	18
	2483	1219	169.171511	24.328091	9.954433e+04	2.091646e+01	1.083265e+05	1.080536e+05	5.807100e+04	5.696102e+04	3.019729e+02	6.392001e+00	2021	10	13	0
	2474	1222	167.905887	24.609341	9.943214e+04	2.248539e+01	1.083759e+05	1.080058e+05	5.801654e+04	5.685672e+04	3.019518e+02	7.313601e+00	2021	10	13	6
	2463	1224	166.359014	24.796841	9.958983e+04	2.298976e+01	1.084373e+05	1.081149e+05	5.810097e+04	5.700632e+04	3.018383e+02	7.273789e+00	2021	10	13	12
	2454	1226	165.093390	24.984340	9.952469e+04	2.109798e+01	1.083458e+05	1.079607e+05	5.792868e+04	5.697591e+04	3.018770e+02	5.777239e+00	2021	10	13	18
	2446	1234	163.968392	25.734339	9.979541e+04	2.097060e+01	1.085109e+05	1.081242e+05	5.807771e+04	5.714967e+04	3.017468e+02	4.616631e+00	2021	10	14	0
	2439	1245	162.984018	26.765588	9.970948e+04	2.080695e+01	1.084676e+05	1.079404e+05	5.804187e+04	5.711721e+04	3.013314e+02	7.509668e+00	2021	10	14	6
	2437	1260	162.702768	28.171836	9.970849e+04	2.175631e+01	1.085584e+05	1.078534e+05	5.813078e+04	5.727622e+04	3.005525e+02	9.474298e+00	2021	10	14	12
	2437	1276	162.702768	29.671834	9.945745e+04	2.264003e+01	1.084020e+05	1.074921e+05	5.802339e+04	5.703127e+04	2.991226e+02	5.154706e+00	2021	10	14	18
	2443	1296	163.546517	31.546831	9.978008e+04	2.139366e+01	1.085335e+05	1.073099e+05	5.814559e+04	5.711143e+04	2.988549e+02	4.276784e+00	2021	10	15	0
start	17	2021	10	18	6
	2372	1085	153.562152	11.765609	1.002853e+05	1.052068e+01	1.080712e+05	1.075889e+05	5.758570e+04	5.710610e+04	3.029007e+02	2.017967e+01	2021	10	18	6
	2372	1097	153.562152	12.890607	1.005301e+05	1.234898e+01	1.083392e+05	1.078174e+05	5.788014e+04	5.731895e+04	3.029671e+02	2.280686e+01	2021	10	18	12
	2360	1102	151.874654	13.359356	1.002307e+05	1.130499e+01	1.080286e+05	1.075438e+05	5.765807e+04	5.704621e+04	3.029617e+02	2.204810e+01	2021	10	18	18
	2356	1121	151.312155	15.140604	1.004736e+05	1.417203e+01	1.082982e+05	1.078526e+05	5.791996e+04	5.726429e+04	3.030046e+02	2.087557e+01	2021	10	19	0
	2342	1128	149.343407	15.796853	1.001515e+05	1.293679e+01	1.081760e+05	1.076510e+05	5.773829e+04	5.707197e+04	3.030398e+02	2.102745e+01	2021	10	19	6
	2330	1130	147.655909	15.984353	1.003558e+05	1.395281e+01	1.083298e+05	1.079371e+05	5.787890e+04	5.729354e+04	3.026294e+02	2.656881e+01	2021	10	19	12
	2323	1135	146.671535	16.453102	1.000490e+05	1.339783e+01	1.080939e+05	1.076470e+05	5.769246e+04	5.706396e+04	3.026133e+02	2.414790e+01	2021	10	19	18
	2312	1152	145.124661	18.046850	1.003015e+05	1.622212e+01	1.082472e+05	1.078790e+05	5.793140e+04	5.721173e+04	3.023391e+02	1.972271e+01	2021	10	20	0
	2293	1159	142.452789	18.703099	9.997438e+04	1.561429e+01	1.081395e+05	1.076854e+05	5.768864e+04	5.691345e+04	3.019696e+02	1.970289e+01	2021	10	20	6
	2283	1166	141.046540	19.359348	1.001207e+05	1.472842e+01	1.082982e+05	1.079407e+05	5.777682e+04	5.706948e+04	3.015588e+02	2.505472e+01	2021	10	20	12
	2276	1178	140.062166	20.484347	9.986441e+04	1.438984e+01	1.080883e+05	1.076189e+05	5.756981e+04	5.681703e+04	3.015461e+02	1.750804e+01	2021	10	20	18
	2270	1191	139.218417	21.703095	1.000928e+05	1.547801e+01	1.082153e+05	1.078494e+05	5.773246e+04	5.706165e+04	3.014532e+02	1.321897e+01	2021	10	21	0
	2265	1202	138.515293	22.734343	9.986892e+04	1.547274e+01	1.080741e+05	1.075966e+05	5.755901e+04	5.688957e+04	3.014908e+02	2.036827e+01	2021	10	21	6
	2265	1212	138.515293	23.671842	1.000697e+05	1.715158e+01	1.082957e+05	1.076193e+05	5.773232e+04	5.708721e+04	3.013716e+02	1.747342e+01	2021	10	21	12
	2265	1221	138.515293	24.515591	9.992030e+04	1.735626e+01	1.080557e+05	1.073402e+05	5.758648e+04	5.690844e+04	3.004626e+02	1.476998e+01	2021	10	21	18
	2269	1231	139.077792	25.453090	1.001170e+05	1.739337e+01	1.082549e+05	1.072620e+05	5.780248e+04	5.709953e+04	3.002234e+02	1.433482e+01	2021	10	22	0
	2274	1236	139.780917	25.921839	9.993323e+04	1.827262e+01	1.081689e+05	1.070302e+05	5.767668e+04	5.694281e+04	2.997325e+02	9.059093e+00	2021	10	22	6
start	23	2021	10	29	6
	22	1039	-176.906253	7.453115	1.003137e+05	1.187222e+01	1.080418e+05	1.077813e+05	5.747284e+04	5.715038e+04	3.040364e+02	2.714695e+01	2021	10	29	6
	31	1044	-175.640630	7.921864	1.003290e+05	1.400354e+01	1.080874e+05	1.078793e+05	5.754271e+04	5.715334e+04	3.040270e+02	3.342601e+01	2021	10	29	12
	16	1063	-177.750002	9.703112	1.002747e+05	1.605018e+01	1.080642e+05	1.078075e+05	5.756184e+04	5.704548e+04	3.030405e+02	2.465535e+01	2021	10	29	18
	8	1070	-178.875001	10.359361	1.001605e+05	1.632224e+01	1.080307e+05	1.077371e+05	5.757296e+04	5.696631e+04	3.031315e+02	1.999840e+01	2021	10	30	0
	0	1082	-180.000000	11.484359	1.001060e+05	1.650510e+01	1.080557e+05	1.077258e+05	5.762907e+04	5.689935e+04	3.028321e+02	2.262103e+01	2021	10	30	6
	2553	1087	179.015251	11.953108	1.000927e+05	1.629654e+01	1.081135e+05	1.077927e+05	5.763838e+04	5.698204e+04	3.030795e+02	2.648567e+01	2021	10	30	12
	2540	1099	177.187128	13.078107	9.990823e+04	1.769341e+01	1.080165e+05	1.077748e+05	5.757416e+04	5.695742e+04	3.029196e+02	1.830210e+01	2021	10	30	18
	2531	1104	175.921504	13.546856	9.985064e+04	1.706266e+01	1.079986e+05	1.078096e+05	5.758763e+04	5.690991e+04	3.027688e+02	1.486440e+01	2021	10	31	0
	2521	1111	174.515256	14.203105	9.973714e+04	1.850438e+01	1.079440e+05	1.077162e+05	5.746957e+04	5.683489e+04	3.028105e+02	1.695440e+01	2021	10	31	6
	2515	1118	173.671506	14.859354	9.979794e+04	2.055629e+01	1.079771e+05	1.076512e+05	5.749151e+04	5.689302e+04	3.027674e+02	2.667919e+01	2021	10	31	12
	2506	1117	172.405883	14.765604	9.977795e+04	1.831466e+01	1.078872e+05	1.075137e+05	5.737141e+04	5.703762e+04	3.028030e+02	2.728605e+01	2021	10	31	18
	2500	1121	171.562134	15.140604	9.983050e+04	1.790913e+01	1.080003e+05	1.076737e+05	5.747838e+04	5.714934e+04	3.028193e+02	2.703226e+01	2021	11	1	0
	2492	1121	170.437135	15.140604	9.964472e+04	1.839237e+01	1.079460e+05	1.075828e+05	5.740125e+04	5.699831e+04	3.026092e+02	3.013908e+01	2021	11	1	6
	2485	1120	169.452761	15.046854	9.970055e+04	1.561353e+01	1.079999e+05	1.076210e+05	5.744552e+04	5.708452e+04	3.025666e+02	3.887837e+01	2021	11	1	12
	2481	1120	168.890261	15.046854	9.946852e+04	1.955887e+01	1.077743e+05	1.075520e+05	5.724992e+04	5.683173e+04	3.025406e+02	3.063190e+01	2021	11	1	18
	2481	1117	168.890261	14.765604	9.962962e+04	1.458849e+01	1.078664e+05	1.076127e+05	5.737312e+04	5.689052e+04	3.025901e+02	2.633080e+01	2021	11	2	0
	2481	1130	168.890261	15.984353	9.955591e+04	1.668801e+01	1.079437e+05	1.075233e+05	5.742424e+04	5.676804e+04	3.024955e+02	2.985809e+01	2021	11	2	6
	2477	1140	168.327762	16.921851	9.963038e+04	1.823156e+01	1.080146e+05	1.075022e+05	5.753415e+04	5.692127e+04	3.024319e+02	3.257935e+01	2021	11	2	12
	2473	1149	167.765263	17.765600	9.947287e+04	1.774034e+01	1.079148e+05	1.073221e+05	5.739556e+04	5.690987e+04	3.022821e+02	2.595550e+01	2021	11	2	18
	2473	1152	167.765263	18.046850	9.969957e+04	1.639061e+01	1.080457e+05	1.075132e+05	5.755032e+04	5.709479e+04	3.023921e+02	2.247896e+01	2021	11	3	0
	2474	1161	167.905887	18.890599	9.969786e+04	1.572321e+01	1.080736e+05	1.073630e+05	5.752105e+04	5.717494e+04	3.022564e+02	1.921627e+01	2021	11	3	6
	2474	1169	167.905887	19.640598	9.991578e+04	1.547999e+01	1.081695e+05	1.073146e+05	5.766283e+04	5.730362e+04	3.021538e+02	1.589809e+01	2021	11	3	12
	2474	1169	167.905887	19.640598	9.987072e+04	1.574129e+01	1.080115e+05	1.071709e+05	5.754075e+04	5.724321e+04	3.021256e+02	1.070969e+01	2021	11	3	18
start	27	2021	10	31	12
	2491	902	170.296510	-5.390618	1.002998e+05	9.977044e+00	1.080496e+05	1.077873e+05	5.754714e+04	5.730707e+04	3.037127e+02	3.816927e+01	2021	10	31	12
	2489	912	170.015260	-4.453119	1.001434e+05	1.018743e+01	1.079118e+05	1.075992e+05	5.737964e+04	5.715668e+04	3.037487e+02	4.453889e+01	2021	10	31	18
	2498	906	171.280884	-5.015618	1.002435e+05	1.198580e+01	1.080374e+05	1.077405e+05	5.745974e+04	5.718741e+04	3.038156e+02	4.512570e+01	2021	11	1	0
	2493	906	170.577760	-5.015618	1.001027e+05	1.190829e+01	1.079690e+05	1.076104e+05	5.734494e+04	5.696336e+04	3.037003e+02	3.872719e+01	2021	11	1	6
	2492	906	170.437135	-5.015618	1.002547e+05	1.270049e+01	1.079874e+05	1.077645e+05	5.746448e+04	5.703808e+04	3.036872e+02	3.864665e+01	2021	11	1	12
	2480	889	168.749637	-6.609366	9.998296e+04	1.355524e+01	1.078260e+05	1.075553e+05	5.729888e+04	5.676466e+04	3.034353e+02	4.254507e+01	2021	11	1	18
	2480	889	168.749637	-6.609366	1.000528e+05	1.361899e+01	1.079764e+05	1.076989e+05	5.743502e+04	5.691092e+04	3.034169e+02	3.963168e+01	2021	11	2	0
	2478	882	168.468387	-7.265615	9.981451e+04	1.556359e+01	1.079636e+05	1.075509e+05	5.738877e+04	5.679026e+04	3.033292e+02	3.963745e+01	2021	11	2	6
	2474	882	167.905887	-7.265615	9.996139e+04	1.715629e+01	1.080793e+05	1.076508e+05	5.751964e+04	5.697336e+04	3.033248e+02	3.288927e+01	2021	11	2	12
	2466	882	166.780889	-7.265615	9.969473e+04	1.667619e+01	1.078776e+05	1.074774e+05	5.738788e+04	5.680929e+04	3.032805e+02	3.162612e+01	2021	11	2	18
	2466	878	166.780889	-7.640614	9.983291e+04	1.783972e+01	1.080503e+05	1.077390e+05	5.752950e+04	5.700896e+04	3.030963e+02	3.362471e+01	2021	11	3	0
	2456	875	165.374640	-7.921864	9.961898e+04	1.763278e+01	1.079403e+05	1.076356e+05	5.740825e+04	5.694381e+04	3.027164e+02	2.999348e+01	2021	11	3	6
	2457	875	165.515265	-7.921864	9.976745e+04	1.865771e+01	1.080931e+05	1.078097e+05	5.763095e+04	5.700609e+04	3.026632e+02	3.267805e+01	2021	11	3	12
	2450	865	164.530891	-8.859363	9.958613e+04	1.853016e+01	1.079153e+05	1.075974e+05	5.744616e+04	5.686744e+04	3.018089e+02	2.678883e+01	2021	11	3	18
	2450	865	164.530891	-8.859363	9.963857e+04	1.805863e+01	1.080048e+05	1.076509e+05	5.755667e+04	5.694348e+04	3.017907e+02	2.547554e+01	2021	11	4	0
	2445	851	163.827767	-10.171861	9.940513e+04	2.019462e+01	1.078437e+05	1.075807e+05	5.744432e+04	5.677829e+04	9.999000e+03	2.782550e+01	2021	11	4	6
	2442	846	163.405892	-10.640610	9.945590e+04	2.002575e+01	1.079347e+05	1.076462e+05	5.758205e+04	5.684454e+04	9.999000e+03	2.616398e+01	2021	11	4	12
	2435	837	162.421518	-11.484359	9.887441e+04	2.036116e+01	1.076895e+05	1.072704e+05	5.737461e+04	5.623940e+04	9.999000e+03	1.797127e+01	2021	11	4	18
	2435	827	162.421518	-12.421858	9.910099e+04	2.213662e+01	1.078059e+05	1.074134e+05	5.757035e+04	5.647359e+04	9.999000e+03	1.813505e+01	2021	11	5	0
	2434	815	162.280893	-13.546856	9.877933e+04	2.222166e+01	1.077267e+05	1.073447e+05	5.740071e+04	5.640700e+04	3.006745e+02	2.895779e+01	2021	11	5	6
	2433	808	162.140268	-14.203105	9.881151e+04	2.373918e+01	1.078817e+05	1.073524e+05	5.754606e+04	5.626352e+04	3.005512e+02	3.142905e+01	2021	11	5	12
	2433	798	162.140268	-15.140604	9.883470e+04	2.281905e+01	1.076396e+05	1.069636e+05	5.736331e+04	5.638025e+04	3.002679e+02	2.594799e+01	2021	11	5	18
	2435	793	162.421518	-15.609353	9.920320e+04	2.502073e+01	1.078777e+05	1.072290e+05	5.758029e+04	5.671901e+04	3.002234e+02	2.536296e+01	2021	11	6	0
	2440	787	163.124642	-16.171853	9.921867e+04	2.256507e+01	1.078220e+05	1.070380e+05	5.746384e+04	5.676885e+04	3.001510e+02	2.234850e+01	2021	11	6	6
	2439	782	162.984018	-16.640602	9.952116e+04	2.402785e+01	1.080293e+05	1.070789e+05	5.766310e+04	5.700705e+04	2.998449e+02	1.837111e+01	2021	11	6	12
	2439	779	162.984018	-16.921851	9.951895e+04	2.241222e+01	1.077906e+05	1.068020e+05	5.745898e+04	5.690931e+04	2.996579e+02	1.147566e+01	2021	11	6	18
	2436	776	162.562143	-17.203101	9.990480e+04	2.008328e+01	1.079526e+05	1.069118e+05	5.766238e+04	5.732587e+04	2.996795e+02	6.877683e+00	2021	11	7	0
start	12	2021	11	10	0
	2003	1044	101.671581	7.921864	1.006505e+05	1.317939e+01	1.078467e+05	1.076505e+05	5.756854e+04	5.716489e+04	9.999000e+03	3.422556e+01	2021	11	10	0
	1999	1046	101.109082	8.109364	1.005982e+05	1.407327e+01	1.079312e+05	1.076564e+05	5.758268e+04	5.717575e+04	9.999000e+03	3.051775e+01	2021	11	10	6
	1994	1051	100.405958	8.578113	1.005914e+05	1.531673e+01	1.079019e+05	1.077187e+05	5.763325e+04	5.718492e+04	9.999000e+03	2.988414e+01	2021	11	10	12
	1985	1056	99.140334	9.046862	1.007839e+05	1.251039e+01	1.078983e+05	1.076507e+05	5.762927e+04	5.726021e+04	9.999000e+03	3.565460e+01	2021	11	10	18
	1975	1052	97.734086	8.671863	1.006004e+05	1.475857e+01	1.077539e+05	1.076052e+05	5.754351e+04	5.715349e+04	9.999000e+03	3.717772e+01	2021	11	11	0
	1968	1056	96.749712	9.046862	1.004965e+05	1.603751e+01	1.077949e+05	1.075457e+05	5.752761e+04	5.714512e+04	9.999000e+03	3.633897e+01	2021	11	11	6
	1963	1056	96.046587	9.046862	1.003952e+05	1.728345e+01	1.077103e+05	1.075926e+05	5.749441e+04	5.700566e+04	3.025937e+02	3.249041e+01	2021	11	11	12
	1957	1058	95.202838	9.234362	1.004629e+05	1.749963e+01	1.077091e+05	1.074681e+05	5.751774e+04	5.701687e+04	3.022734e+02	3.311160e+01	2021	11	11	18
	1952	1063	94.499714	9.703112	1.003851e+05	1.835714e+01	1.076404e+05	1.072660e+05	5.742903e+04	5.709295e+04	3.021618e+02	3.038648e+01	2021	11	12	0
	1942	1065	93.093465	9.890611	1.004711e+05	1.763969e+01	1.077005e+05	1.074386e+05	5.752011e+04	5.718720e+04	9.999000e+03	2.722831e+01	2021	11	12	6
	1933	1066	91.827842	9.984361	1.004248e+05	1.854308e+01	1.076726e+05	1.073867e+05	5.744655e+04	5.724328e+04	9.999000e+03	2.705826e+01	2021	11	12	12
	1924	1068	90.562218	10.171861	1.005201e+05	1.644756e+01	1.077493e+05	1.073463e+05	5.753428e+04	5.727620e+04	9.999000e+03	3.345975e+01	2021	11	12	18
start	15	2021	11	16	12
	2496	1109	170.999634	14.015606	1.004833e+05	1.391172e+01	1.080686e+05	1.077604e+05	5.767484e+04	5.713016e+04	3.025856e+02	4.187284e+01	2021	11	16	12
	2498	1133	171.280884	16.265602	1.003459e+05	1.724669e+01	1.080207e+05	1.075842e+05	5.771302e+04	5.702504e+04	3.019985e+02	4.168593e+01	2021	11	16	18
	2485	1135	169.452761	16.453102	1.003748e+05	1.652372e+01	1.080849e+05	1.077403e+05	5.776787e+04	5.708796e+04	3.020765e+02	3.548629e+01	2021	11	17	0
	2479	1138	168.609012	16.734352	1.002135e+05	1.656229e+01	1.080272e+05	1.076992e+05	5.768471e+04	5.697582e+04	3.021062e+02	3.342127e+01	2021	11	17	6
	2477	1142	168.327762	17.109351	1.002433e+05	1.891614e+01	1.080624e+05	1.076959e+05	5.773424e+04	5.691005e+04	3.020033e+02	3.537954e+01	2021	11	17	12
	2472	1150	167.624638	17.859350	9.998635e+04	1.951919e+01	1.079530e+05	1.074677e+05	5.756099e+04	5.674003e+04	3.019734e+02	3.197882e+01	2021	11	17	18
	2468	1161	167.062138	18.890599	1.000025e+05	1.956802e+01	1.080557e+05	1.077048e+05	5.760821e+04	5.685825e+04	3.020048e+02	3.152925e+01	2021	11	18	0
	2467	1171	166.921513	19.828097	9.980779e+04	2.004869e+01	1.079703e+05	1.075762e+05	5.752545e+04	5.672831e+04	3.016766e+02	3.083698e+01	2021	11	18	6
	2467	1180	166.921513	20.671846	9.978748e+04	2.068951e+01	1.079793e+05	1.073814e+05	5.761714e+04	5.674965e+04	3.014532e+02	2.562137e+01	2021	11	18	12
	2474	1197	167.905887	22.265594	9.954692e+04	2.066805e+01	1.078268e+05	1.067921e+05	5.746034e+04	5.666625e+04	3.010689e+02	2.096576e+01	2021	11	18	18
	2480	1214	168.749637	23.859342	9.955246e+04	2.073443e+01	1.078416e+05	1.063768e+05	5.753277e+04	5.657264e+04	3.005182e+02	1.896529e+01	2021	11	19	0
	2489	1236	170.015260	25.921839	9.931498e+04	2.028419e+01	1.076839e+05	1.055154e+05	5.740067e+04	5.585948e+04	2.999139e+02	2.364012e+01	2021	11	19	6
	2504	1262	172.124633	28.359336	9.898096e+04	2.191751e+01	1.076023e+05	1.048145e+05	5.733282e+04	5.534152e+04	2.989507e+02	2.949634e+01	2021	11	19	12
	2523	1298	174.796505	31.734331	9.835105e+04	2.351643e+01	1.071722e+05	1.040804e+05	5.699116e+04	5.479872e+04	2.959629e+02	4.466497e+01	2021	11	19	18
	2541	1325	177.327753	34.265577	9.825416e+04	2.497084e+01	1.068778e+05	1.035970e+05	5.684488e+04	5.475447e+04	2.945042e+02	3.651435e+01	2021	11	20	0
start	14	2021	12	6	0
	2145	1078	121.640311	11.109360	1.008292e+05	1.336553e+01	1.082801e+05	1.079734e+05	5.788827e+04	5.753448e+04	9.999000e+03	1.977435e+01	2021	12	6	0
	2138	1070	120.655937	10.359361	1.006137e+05	1.111361e+01	1.081284e+05	1.078350e+05	5.766823e+04	5.738409e+04	9.999000e+03	1.762134e+01	2021	12	6	6
	2125	1075	118.827814	10.828110	1.007862e+05	1.267576e+01	1.082195e+05	1.079779e+05	5.781224e+04	5.752809e+04	9.999000e+03	1.879870e+01	2021	12	6	12
	2119	1074	117.984064	10.734360	1.006025e+05	1.303640e+01	1.080570e+05	1.078585e+05	5.771557e+04	5.739516e+04	9.999000e+03	1.962292e+01	2021	12	6	18
	2117	1080	117.702815	11.296859	1.007345e+05	1.454710e+01	1.081798e+05	1.079447e+05	5.786773e+04	5.748715e+04	9.999000e+03	1.990765e+01	2021	12	7	0
	2108	1087	116.437191	11.953108	1.005277e+05	1.492484e+01	1.080434e+05	1.078416e+05	5.769436e+04	5.723018e+04	3.019028e+02	1.454343e+01	2021	12	7	6
	2100	1086	115.312192	11.859359	1.006281e+05	1.475757e+01	1.081873e+05	1.079859e+05	5.786255e+04	5.732968e+04	3.017628e+02	1.424939e+01	2021	12	7	12
	2098	1084	115.030943	11.671859	1.004915e+05	1.377672e+01	1.080168e+05	1.078520e+05	5.772762e+04	5.728156e+04	3.017802e+02	1.460789e+01	2021	12	7	18
	2095	1092	114.609068	12.421858	1.005648e+05	1.509052e+01	1.081379e+05	1.078995e+05	5.785651e+04	5.732784e+04	3.017025e+02	1.082194e+01	2021	12	8	0
	2086	1094	113.343444	12.609357	1.003991e+05	1.362568e+01	1.079960e+05	1.077847e+05	5.768284e+04	5.726385e+04	3.015462e+02	1.190326e+01	2021	12	8	6
	2083	1097	112.921570	12.890607	1.005343e+05	1.357137e+01	1.081465e+05	1.079181e+05	5.782424e+04	5.738487e+04	3.015407e+02	9.539912e+00	2021	12	8	12
	2078	1101	112.218445	13.265607	1.005098e+05	1.360020e+01	1.080195e+05	1.078080e+05	5.772431e+04	5.743952e+04	3.014452e+02	1.196401e+01	2021	12	8	18
	2075	1106	111.796571	13.734356	1.006089e+05	1.385534e+01	1.080721e+05	1.078470e+05	5.779642e+04	5.757360e+04	3.013726e+02	9.281422e+00	2021	12	9	0
	2073	1116	111.515321	14.671855	1.005082e+05	1.389651e+01	1.079965e+05	1.077165e+05	5.768872e+04	5.748291e+04	3.013319e+02	5.916291e+00	2021	12	9	6
start	42	2021	12	9	12
	2472	1049	167.624638	8.390613	1.004852e+05	1.207227e+01	1.081279e+05	1.079435e+05	5.763413e+04	5.748520e+04	3.032306e+02	2.620535e+01	2021	12	9	12
	2463	1045	166.359014	8.015614	1.002634e+05	1.147107e+01	1.079267e+05	1.076962e+05	5.743690e+04	5.725939e+04	3.031272e+02	2.449926e+01	2021	12	9	18
	2460	1053	165.937140	8.765613	1.004330e+05	1.421126e+01	1.080909e+05	1.079249e+05	5.765226e+04	5.740475e+04	3.031575e+02	2.902992e+01	2021	12	10	0
	2450	1053	164.530891	8.765613	1.001938e+05	1.365604e+01	1.079419e+05	1.077399e+05	5.751785e+04	5.720628e+04	3.031681e+02	2.448438e+01	2021	12	10	6
	2449	1058	164.390266	9.234362	1.003949e+05	1.348285e+01	1.081202e+05	1.079080e+05	5.764287e+04	5.724004e+04	3.029650e+02	2.682194e+01	2021	12	10	12
	2443	1053	163.546517	8.765613	1.001017e+05	1.315734e+01	1.079086e+05	1.076366e+05	5.747188e+04	5.694327e+04	3.029824e+02	3.403574e+01	2021	12	10	18
	2432	1059	161.999644	9.328112	1.002905e+05	1.347156e+01	1.080789e+05	1.077940e+05	5.765472e+04	5.709095e+04	3.027929e+02	3.053810e+01	2021	12	11	0
	2428	1061	161.437144	9.515612	1.000547e+05	1.162309e+01	1.079184e+05	1.076252e+05	5.751020e+04	5.681664e+04	3.027619e+02	3.028163e+01	2021	12	11	6
	2420	1066	160.312145	9.984361	1.002375e+05	1.352990e+01	1.081148e+05	1.076655e+05	5.771957e+04	5.707105e+04	3.026336e+02	3.527560e+01	2021	12	11	12
	2412	1070	159.187147	10.359361	9.992155e+04	1.481832e+01	1.078724e+05	1.074880e+05	5.754992e+04	5.684516e+04	3.025668e+02	3.098797e+01	2021	12	11	18
	2403	1070	157.921523	10.359361	1.000631e+05	1.564802e+01	1.081136e+05	1.077849e+05	5.772229e+04	5.698904e+04	3.025736e+02	2.637451e+01	2021	12	12	0
	2398	1071	157.218399	10.453110	9.978550e+04	1.575251e+01	1.079882e+05	1.075382e+05	5.761724e+04	5.684886e+04	3.025183e+02	2.232782e+01	2021	12	12	6
	2389	1071	155.952775	10.453110	9.994020e+04	1.623728e+01	1.081008e+05	1.077939e+05	5.776615e+04	5.699423e+04	3.024430e+02	2.294768e+01	2021	12	12	12
	2380	1071	154.687151	10.453110	9.972881e+04	1.592552e+01	1.079088e+05	1.075940e+05	5.761958e+04	5.674149e+04	3.023264e+02	2.569615e+01	2021	12	12	18
	2374	1071	153.843402	10.453110	9.998338e+04	1.719364e+01	1.082050e+05	1.077016e+05	5.791042e+04	5.692751e+04	3.022447e+02	2.672421e+01	2021	12	13	0
	2366	1070	152.718403	10.359361	9.970402e+04	1.657348e+01	1.079922e+05	1.075075e+05	5.773753e+04	5.676399e+04	3.022543e+02	2.719194e+01	2021	12	13	6
	2359	1070	151.734029	10.359361	9.991241e+04	1.755780e+01	1.081459e+05	1.077208e+05	5.792655e+04	5.689265e+04	3.022299e+02	2.564327e+01	2021	12	13	12
	2350	1070	150.468406	10.359361	9.953476e+04	1.850854e+01	1.079657e+05	1.073696e+05	5.782198e+04	5.649441e+04	3.021576e+02	2.546241e+01	2021	12	13	18
	2339	1070	148.921532	10.359361	9.973526e+04	1.979962e+01	1.082512e+05	1.077328e+05	5.812033e+04	5.670638e+04	3.021830e+02	2.597754e+01	2021	12	14	0
	2330	1071	147.655909	10.453110	9.935573e+04	2.271599e+01	1.080366e+05	1.074582e+05	5.786662e+04	5.638621e+04	3.020843e+02	2.676501e+01	2021	12	14	6
	2320	1069	146.249660	10.265611	9.940527e+04	2.381763e+01	1.081941e+05	1.076216e+05	5.802848e+04	5.653998e+04	3.022032e+02	2.837242e+01	2021	12	14	12
	2311	1069	144.984036	10.265611	9.897783e+04	2.647152e+01	1.079159e+05	1.073705e+05	5.782177e+04	5.627879e+04	3.021664e+02	2.777015e+01	2021	12	14	18
	2302	1069	143.718413	10.265611	9.925731e+04	2.575873e+01	1.081883e+05	1.076740e+05	5.807089e+04	5.656758e+04	3.020924e+02	2.370560e+01	2021	12	15	0
	2292	1070	142.312164	10.359361	9.893925e+04	2.694572e+01	1.080034e+05	1.074292e+05	5.777602e+04	5.626673e+04	3.020918e+02	2.504401e+01	2021	12	15	6
	2282	1075	140.905916	10.828110	9.904448e+04	2.652477e+01	1.082360e+05	1.074796e+05	5.797630e+04	5.642762e+04	3.019214e+02	3.041787e+01	2021	12	15	12
	2269	1080	139.077792	11.296859	9.871720e+04	2.721938e+01	1.080227e+05	1.072486e+05	5.781142e+04	5.621617e+04	3.017649e+02	2.873769e+01	2021	12	15	18
	2258	1083	137.530919	11.578109	9.885764e+04	2.893624e+01	1.082048e+05	1.074146e+05	5.805056e+04	5.624295e+04	3.017204e+02	2.230713e+01	2021	12	16	0
	2245	1087	135.702796	11.953108	9.851243e+04	2.851742e+01	1.080061e+05	1.070830e+05	5.783109e+04	5.577859e+04	3.017173e+02	2.289004e+01	2021	12	16	6
	2236	1092	134.437172	12.421858	9.856460e+04	3.046935e+01	1.082048e+05	1.072305e+05	5.799261e+04	5.589723e+04	3.016657e+02	2.634466e+01	2021	12	16	12
	2226	1099	133.030924	13.078107	9.823939e+04	3.072521e+01	1.079692e+05	1.071021e+05	5.775287e+04	5.576805e+04	3.015548e+02	2.901194e+01	2021	12	16	18
	2216	1104	131.624675	13.546856	9.849219e+04	2.883874e+01	1.081140e+05	1.072997e+05	5.794914e+04	5.600893e+04	3.014526e+02	2.675093e+01	2021	12	17	0
	2208	1111	130.499676	14.203105	9.811362e+04	3.097503e+01	1.078995e+05	1.071666e+05	5.770511e+04	5.577381e+04	3.012517e+02	2.880199e+01	2021	12	17	6
	2202	1116	129.655927	14.671855	9.821084e+04	3.102479e+01	1.080099e+05	1.073276e+05	5.790174e+04	5.601233e+04	3.012661e+02	3.015759e+01	2021	12	17	12
	2199	1123	129.234053	15.328104	9.795027e+04	3.186424e+01	1.078010e+05	1.071567e+05	5.767673e+04	5.584399e+04	3.012482e+02	2.873719e+01	2021	12	17	18
	2196	1128	128.812178	15.796853	9.818474e+04	3.054440e+01	1.079901e+05	1.073335e+05	5.782338e+04	5.609131e+04	3.012014e+02	2.567982e+01	2021	12	18	0
	2195	1135	128.671553	16.453102	9.787695e+04	3.144206e+01	1.078045e+05	1.071930e+05	5.759623e+04	5.585448e+04	3.010227e+02	2.699391e+01	2021	12	18	6
	2195	1142	128.671553	17.109351	9.810445e+04	3.140470e+01	1.079920e+05	1.072991e+05	5.779198e+04	5.613651e+04	3.006869e+02	2.484468e+01	2021	12	18	12
	2195	1147	128.671553	17.578101	9.856582e+04	2.946982e+01	1.077605e+05	1.069486e+05	5.759758e+04	5.649559e+04	3.005284e+02	2.179867e+01	2021	12	18	18
	2192	1149	128.249679	17.765600	9.935905e+04	2.441104e+01	1.080175e+05	1.068798e+05	5.784695e+04	5.706607e+04	3.005128e+02	1.542485e+01	2021	12	19	0
	2191	1157	128.109054	18.515599	9.943171e+04	2.316371e+01	1.078454e+05	1.065963e+05	5.770092e+04	5.709555e+04	3.005305e+02	1.560555e+01	2021	12	19	6
	2191	1163	128.109054	19.078098	1.000417e+05	2.293451e+01	1.080468e+05	1.067363e+05	5.791554e+04	5.722285e+04	3.003664e+02	2.112106e+01	2021	12	19	12
	2194	1169	128.530928	19.640598	9.992361e+04	2.191082e+01	1.078611e+05	1.064242e+05	5.773020e+04	5.705918e+04	3.001779e+02	1.714323e+01	2021	12	19	18
start	29	2022	1	3	6
	1703	845	59.484125	-10.734360	1.006219e+05	1.711635e+01	1.080122e+05	1.077096e+05	5.780375e+04	5.731373e+04	3.019402e+02	2.517213e+01	2022	1	3	6
	1708	839	60.187250	-11.296859	1.002476e+05	1.948505e+01	1.078530e+05	1.075200e+05	5.754920e+04	5.706564e+04	3.020938e+02	2.125448e+01	2022	1	3	12
	1717	832	61.452873	-11.953108	1.004963e+05	1.857643e+01	1.080940e+05	1.078078e+05	5.785064e+04	5.734639e+04	3.019645e+02	2.479000e+01	2022	1	3	18
	1721	818	62.015373	-13.265607	1.001418e+05	1.602020e+01	1.078474e+05	1.075762e+05	5.756886e+04	5.704776e+04	3.018898e+02	2.304087e+01	2022	1	4	0
	1721	813	62.015373	-13.734356	1.003673e+05	1.686615e+01	1.081251e+05	1.078313e+05	5.780488e+04	5.729053e+04	3.018619e+02	2.208222e+01	2022	1	4	6
	1722	808	62.155998	-14.203105	1.000527e+05	1.563808e+01	1.079691e+05	1.077186e+05	5.758849e+04	5.713030e+04	3.019998e+02	2.420073e+01	2022	1	4	12
	1725	801	62.577872	-14.859354	1.003271e+05	1.536506e+01	1.081919e+05	1.079738e+05	5.787627e+04	5.737158e+04	3.017593e+02	2.697652e+01	2022	1	4	18
	1724	800	62.437247	-14.953104	1.000342e+05	1.551086e+01	1.079820e+05	1.076626e+05	5.763623e+04	5.708526e+04	3.016711e+02	1.840366e+01	2022	1	5	0
	1725	796	62.577872	-15.328104	1.001797e+05	1.576894e+01	1.081326e+05	1.078975e+05	5.783482e+04	5.723244e+04	3.016295e+02	2.053608e+01	2022	1	5	6
	1723	787	62.296623	-16.171853	9.994477e+04	1.558965e+01	1.080124e+05	1.077158e+05	5.765280e+04	5.699145e+04	3.015827e+02	3.121502e+01	2022	1	5	12
	1721	784	62.015373	-16.453102	1.001500e+05	1.671416e+01	1.082592e+05	1.079166e+05	5.788866e+04	5.715955e+04	3.014357e+02	3.543999e+01	2022	1	5	18
	1721	779	62.015373	-16.921851	9.987422e+04	1.661584e+01	1.081094e+05	1.076438e+05	5.770738e+04	5.683589e+04	3.012710e+02	3.517962e+01	2022	1	6	0
	1720	775	61.874748	-17.296851	9.996955e+04	1.937549e+01	1.082442e+05	1.078088e+05	5.785802e+04	5.689044e+04	3.012056e+02	3.158230e+01	2022	1	6	6
	1718	765	61.593498	-18.234350	9.956223e+04	2.169696e+01	1.080594e+05	1.074378e+05	5.766745e+04	5.647706e+04	3.012377e+02	3.416727e+01	2022	1	6	12
	1716	758	61.312249	-18.890599	9.971665e+04	2.257581e+01	1.082191e+05	1.076204e+05	5.790436e+04	5.657061e+04	3.011256e+02	3.459028e+01	2022	1	6	18
	1712	755	60.749749	-19.171848	9.951766e+04	2.250792e+01	1.080313e+05	1.074841e+05	5.766739e+04	5.669950e+04	3.010656e+02	2.748304e+01	2022	1	7	0
	1710	755	60.468499	-19.171848	9.977942e+04	2.271441e+01	1.082534e+05	1.077628e+05	5.788519e+04	5.710545e+04	3.011273e+02	2.189319e+01	2022	1	7	6
	1707	753	60.046625	-19.359348	9.966269e+04	2.183568e+01	1.080510e+05	1.076231e+05	5.771160e+04	5.704270e+04	3.013654e+02	2.370295e+01	2022	1	7	12
	1708	751	60.187250	-19.546848	9.991788e+04	2.028487e+01	1.082186e+05	1.078386e+05	5.786423e+04	5.718714e+04	3.010360e+02	2.266035e+01	2022	1	7	18
	1707	746	60.046625	-20.015597	9.965923e+04	1.933186e+01	1.079703e+05	1.075457e+05	5.754109e+04	5.691727e+04	3.009217e+02	1.737256e+01	2022	1	8	0
	1707	743	60.046625	-20.296847	9.988876e+04	1.879951e+01	1.080847e+05	1.074230e+05	5.778285e+04	5.724435e+04	3.008939e+02	1.345874e+01	2022	1	8	6
	1705	738	59.765375	-20.765596	9.972985e+04	1.778166e+01	1.078086e+05	1.072108e+05	5.758756e+04	5.713618e+04	9.999000e+03	2.130751e+01	2022	1	8	12
	1703	727	59.484125	-21.796845	9.990686e+04	1.952859e+01	1.079706e+05	1.072372e+05	5.764672e+04	5.712564e+04	3.007094e+02	2.714984e+01	2022	1	8	18
	1707	712	60.046625	-23.203093	9.939369e+04	2.121618e+01	1.076235e+05	1.067549e+05	5.730545e+04	5.649950e+04	3.003521e+02	2.079492e+01	2022	1	9	0
	1704	707	59.624750	-23.671842	9.935962e+04	2.116268e+01	1.077265e+05	1.064057e+05	5.750230e+04	5.668336e+04	3.003582e+02	1.514833e+01	2022	1	9	6
	1714	693	61.030999	-24.984340	9.927426e+04	1.954438e+01	1.075475e+05	1.061186e+05	5.738347e+04	5.648749e+04	2.998068e+02	2.071461e+01	2022	1	9	12
	1723	671	62.296623	-27.046837	9.947623e+04	2.007195e+01	1.076541e+05	1.056355e+05	5.754643e+04	5.621496e+04	2.993280e+02	2.961852e+01	2022	1	9	18
	1740	640	64.687245	-29.953083	9.893008e+04	2.277974e+01	1.072768e+05	1.048136e+05	5.724145e+04	5.528221e+04	2.976068e+02	3.138761e+01	2022	1	10	0
	1756	602	66.937243	-33.515578	9.830609e+04	2.563570e+01	1.071056e+05	1.031155e+05	5.713179e+04	5.420469e+04	2.950645e+02	1.808706e+01	2022	1	10	6
start	32	2022	1	4	0
	2251	799	136.546545	-15.046854	1.001909e+05	1.101134e+01	1.082364e+05	1.077831e+05	5.756550e+04	5.713266e+04	9.999000e+03	2.186554e+01	2022	1	4	0
	2249	818	136.265295	-13.265607	9.983123e+04	1.612955e+01	1.080972e+05	1.077194e+05	5.741343e+04	5.688083e+04	9.999000e+03	3.168819e+01	2022	1	4	6
	2256	815	137.249669	-13.546856	1.001143e+05	1.422093e+01	1.084190e+05	1.079550e+05	5.766030e+04	5.713037e+04	9.999000e+03	4.668025e+01	2022	1	4	12
	2261	816	137.952794	-13.453106	9.973948e+04	1.731258e+01	1.081884e+05	1.077719e+05	5.740422e+04	5.689180e+04	9.999000e+03	4.864034e+01	2022	1	4	18
	2261	813	137.952794	-13.734356	9.991642e+04	1.509323e+01	1.083170e+05	1.079058e+05	5.764857e+04	5.704075e+04	9.999000e+03	3.825151e+01	2022	1	5	0
	2264	814	138.374668	-13.640606	9.962767e+04	1.729790e+01	1.081369e+05	1.076980e+05	5.745263e+04	5.671008e+04	9.999000e+03	3.629995e+01	2022	1	5	6
	2266	814	138.655918	-13.640606	9.974765e+04	1.749143e+01	1.082794e+05	1.079830e+05	5.765739e+04	5.688119e+04	9.999000e+03	4.119275e+01	2022	1	5	12
	2269	819	139.077792	-13.171857	9.942315e+04	1.894514e+01	1.080076e+05	1.077188e+05	5.742453e+04	5.667083e+04	3.031042e+02	3.660859e+01	2022	1	5	18
	2273	819	139.640292	-13.171857	9.961430e+04	1.767873e+01	1.082872e+05	1.078768e+05	5.768325e+04	5.683378e+04	9.999000e+03	2.880974e+01	2022	1	6	0
	2274	818	139.780917	-13.265607	9.927650e+04	1.763371e+01	1.080836e+05	1.076838e+05	5.744426e+04	5.660423e+04	9.999000e+03	3.000285e+01	2022	1	6	6
	2277	810	140.202791	-14.015606	9.945273e+04	2.030355e+01	1.082829e+05	1.078668e+05	5.762241e+04	5.687684e+04	9.999000e+03	3.305981e+01	2022	1	6	12
	2281	813	140.765291	-13.734356	9.904546e+04	2.015981e+01	1.079463e+05	1.076159e+05	5.736996e+04	5.661199e+04	9.999000e+03	2.659289e+01	2022	1	6	18
	2281	811	140.765291	-13.921856	9.927256e+04	2.041223e+01	1.081444e+05	1.078020e+05	5.757037e+04	5.682561e+04	9.999000e+03	2.205308e+01	2022	1	7	0
	2284	808	141.187165	-14.203105	9.901159e+04	1.889902e+01	1.080415e+05	1.076933e+05	5.737216e+04	5.661508e+04	9.999000e+03	1.768026e+01	2022	1	7	6
	2286	808	141.468415	-14.203105	9.946451e+04	1.763512e+01	1.082614e+05	1.079070e+05	5.761332e+04	5.702626e+04	9.999000e+03	1.894200e+01	2022	1	7	12
	2291	803	142.171539	-14.671855	9.943101e+04	1.665322e+01	1.079378e+05	1.075704e+05	5.735061e+04	5.683462e+04	9.999000e+03	1.915595e+01	2022	1	7	18
	2294	794	142.593414	-15.515603	9.967582e+04	1.277151e+01	1.081925e+05	1.077321e+05	5.753102e+04	5.707743e+04	9.999000e+03	1.453177e+01	2022	1	8	0
	2294	791	142.593414	-15.796853	9.954012e+04	1.275546e+01	1.080625e+05	1.076227e+05	5.731254e+04	5.698317e+04	9.999000e+03	1.680968e+01	2022	1	8	6
	2296	789	142.874664	-15.984353	9.989174e+04	1.027868e+01	1.082728e+05	1.078571e+05	5.758043e+04	5.717169e+04	9.999000e+03	2.542859e+01	2022	1	8	12
	2299	784	143.296538	-16.453102	9.956026e+04	8.186782e+00	1.079001e+05	1.074480e+05	5.731031e+04	5.680334e+04	9.999000e+03	2.091364e+01	2022	1	8	18
	2303	785	143.859038	-16.359352	9.978289e+04	1.266038e+01	1.081501e+05	1.075873e+05	5.752468e+04	5.705189e+04	9.999000e+03	1.754388e+01	2022	1	9	0
	2316	790	145.687161	-15.890603	9.953091e+04	1.614578e+01	1.080317e+05	1.075351e+05	5.732860e+04	5.692956e+04	9.999000e+03	1.893178e+01	2022	1	9	6
	2326	784	147.093409	-16.453102	9.981186e+04	1.606545e+01	1.080980e+05	1.075676e+05	5.755359e+04	5.714276e+04	9.999000e+03	2.736553e+01	2022	1	9	12
	2329	782	147.515284	-16.640602	9.950426e+04	1.771549e+01	1.078501e+05	1.072313e+05	5.723755e+04	5.678541e+04	9.999000e+03	2.577048e+01	2022	1	9	18
	2335	782	148.359033	-16.640602	9.961925e+04	1.681090e+01	1.080815e+05	1.072969e+05	5.742595e+04	5.693015e+04	3.017540e+02	1.593867e+01	2022	1	10	0
	2343	790	149.484032	-15.890603	9.941029e+04	1.909937e+01	1.078244e+05	1.073104e+05	5.719593e+04	5.685059e+04	3.019829e+02	1.473822e+01	2022	1	10	6
	2351	792	150.609030	-15.703103	9.975947e+04	1.799706e+01	1.080565e+05	1.075989e+05	5.751827e+04	5.711573e+04	3.021512e+02	1.650221e+01	2022	1	10	12
	2360	794	151.874654	-15.515603	9.950532e+04	1.767262e+01	1.078701e+05	1.073460e+05	5.721988e+04	5.692196e+04	3.021514e+02	1.575492e+01	2022	1	10	18
	2365	799	152.577778	-15.046854	9.979729e+04	1.677456e+01	1.079950e+05	1.076422e+05	5.744875e+04	5.715286e+04	3.021649e+02	1.474023e+01	2022	1	11	0
	2371	809	153.421528	-14.109355	9.956105e+04	2.052740e+01	1.079059e+05	1.075813e+05	5.723647e+04	5.696592e+04	3.023331e+02	1.472247e+01	2022	1	11	6
	2385	814	155.390275	-13.640606	9.997057e+04	2.113060e+01	1.081543e+05	1.078886e+05	5.754360e+04	5.727623e+04	3.025707e+02	2.178301e+01	2022	1	11	12
	2393	816	156.515274	-13.453106	9.974245e+04	1.968864e+01	1.079425e+05	1.077020e+05	5.734019e+04	5.700285e+04	3.025848e+02	2.632968e+01	2022	1	11	18
start	29	2022	1	10	12
	2456	850	165.374640	-10.265611	9.985542e+04	1.508844e+01	1.083473e+05	1.080425e+05	5.748794e+04	5.705433e+04	3.034327e+02	5.887306e+01	2022	1	10	12
	2460	850	165.937140	-10.265611	9.958705e+04	1.791269e+01	1.082410e+05	1.077612e+05	5.734678e+04	5.680335e+04	3.033647e+02	5.740533e+01	2022	1	10	18
	2464	844	166.499639	-10.828110	9.968580e+04	1.916756e+01	1.083934e+05	1.079345e+05	5.745195e+04	5.693670e+04	3.033572e+02	5.295048e+01	2022	1	11	0
	2461	839	166.077764	-11.296859	9.948019e+04	2.064025e+01	1.082931e+05	1.078509e+05	5.731646e+04	5.670957e+04	3.030573e+02	5.408632e+01	2022	1	11	6
	2466	830	166.780889	-12.140608	9.967041e+04	1.973264e+01	1.083920e+05	1.079795e+05	5.752527e+04	5.695142e+04	3.029385e+02	5.058849e+01	2022	1	11	12
	2473	820	167.765263	-13.078107	9.939455e+04	2.001806e+01	1.082458e+05	1.077625e+05	5.745355e+04	5.673329e+04	3.028102e+02	4.340711e+01	2022	1	11	18
	2475	808	168.046512	-14.203105	9.954689e+04	1.834476e+01	1.083821e+05	1.079444e+05	5.753904e+04	5.691484e+04	9.999000e+03	4.074844e+01	2022	1	12	0
	2470	791	167.343388	-15.796853	9.936580e+04	1.674145e+01	1.082555e+05	1.078792e+05	5.732138e+04	5.672137e+04	9.999000e+03	4.501945e+01	2022	1	12	6
	2467	782	166.921513	-16.640602	9.937508e+04	2.088149e+01	1.083480e+05	1.079224e+05	5.742151e+04	5.682049e+04	9.999000e+03	3.100259e+01	2022	1	12	12
	2463	779	166.359014	-16.921851	9.898054e+04	2.007358e+01	1.080441e+05	1.077252e+05	5.721246e+04	5.655401e+04	9.999000e+03	2.027541e+01	2022	1	12	18
	2458	782	165.655890	-16.640602	9.904573e+04	1.834783e+01	1.081198e+05	1.079356e+05	5.730180e+04	5.665349e+04	9.999000e+03	1.837298e+01	2022	1	13	0
	2460	790	165.937140	-15.890603	9.884237e+04	1.717045e+01	1.080317e+05	1.077826e+05	5.713362e+04	5.650949e+04	9.999000e+03	2.010713e+01	2022	1	13	6
	2462	790	166.218389	-15.890603	9.902956e+04	1.830202e+01	1.081172e+05	1.079269e+05	5.729786e+04	5.669855e+04	9.999000e+03	2.186116e+01	2022	1	13	12
	2471	790	167.484013	-15.890603	9.886794e+04	1.850451e+01	1.078546e+05	1.075811e+05	5.706623e+04	5.642498e+04	9.999000e+03	2.339001e+01	2022	1	13	18
	2474	784	167.905887	-16.453102	9.898562e+04	1.933392e+01	1.079998e+05	1.076729e+05	5.715490e+04	5.648277e+04	9.999000e+03	2.277519e+01	2022	1	14	0
	2480	794	168.749637	-15.515603	9.875936e+04	1.942427e+01	1.079127e+05	1.074207e+05	5.708404e+04	5.630775e+04	9.999000e+03	2.299182e+01	2022	1	14	6
	2491	797	170.296510	-15.234354	9.893505e+04	2.004722e+01	1.080846e+05	1.076446e+05	5.730939e+04	5.648750e+04	3.024482e+02	2.626982e+01	2022	1	14	12
	2504	789	172.124633	-15.984353	9.869112e+04	2.098075e+01	1.079219e+05	1.074325e+05	5.713045e+04	5.627622e+04	3.023848e+02	2.563615e+01	2022	1	14	18
	2517	784	173.952756	-16.453102	9.871597e+04	2.229794e+01	1.080517e+05	1.074204e+05	5.722912e+04	5.637089e+04	3.020003e+02	2.511101e+01	2022	1	15	0
	2532	777	176.062129	-17.109351	9.858827e+04	2.475971e+01	1.079801e+05	1.072541e+05	5.711040e+04	5.617023e+04	9.999000e+03	2.788701e+01	2022	1	15	6
	2544	778	177.749627	-17.015601	9.861847e+04	2.558791e+01	1.081106e+05	1.073863e+05	5.726884e+04	5.630203e+04	9.999000e+03	2.324849e+01	2022	1	15	12
	1	774	-179.859375	-17.390601	9.845463e+04	2.691577e+01	1.080329e+05	1.072733e+05	5.718033e+04	5.619931e+04	9.999000e+03	1.525243e+01	2022	1	15	18
	17	765	-177.609377	-18.234350	9.858811e+04	2.259613e+01	1.081096e+05	1.072548e+05	5.726225e+04	5.626747e+04	3.012868e+02	1.011740e+01	2022	1	16	0
	38	755	-174.656256	-19.171848	9.865145e+04	2.108613e+01	1.081734e+05	1.072279e+05	5.727214e+04	5.631757e+04	3.008065e+02	1.103836e+01	2022	1	16	6
	46	745	-173.531257	-20.109347	9.885138e+04	1.950319e+01	1.081251e+05	1.072618e+05	5.719295e+04	5.642639e+04	3.005474e+02	9.364484e+00	2022	1	16	12
	49	741	-173.109382	-20.484347	9.897457e+04	1.813847e+01	1.081726e+05	1.071474e+05	5.717509e+04	5.647664e+04	3.003196e+02	6.841177e+00	2022	1	16	18
	55	742	-172.265633	-20.390597	9.906666e+04	1.769815e+01	1.081662e+05	1.073882e+05	5.720039e+04	5.658876e+04	3.003517e+02	7.521802e+00	2022	1	17	0
	61	741	-171.421884	-20.484347	9.921034e+04	1.800166e+01	1.082200e+05	1.074391e+05	5.730805e+04	5.664126e+04	3.002632e+02	8.303827e+00	2022	1	17	6
	67	736	-170.578135	-20.953096	9.940488e+04	1.650705e+01	1.082543e+05	1.075228e+05	5.736446e+04	5.675205e+04	3.000307e+02	7.435437e+00	2022	1	17	12
start	24	2022	2	9	18
	1966	821	96.468462	-12.984357	1.005073e+05	1.075224e+01	1.082059e+05	1.080101e+05	5.769370e+04	5.734870e+04	3.029734e+02	2.877627e+01	2022	2	9	18
	1952	820	94.499714	-13.078107	1.003595e+05	1.305688e+01	1.080934e+05	1.078591e+05	5.758952e+04	5.723803e+04	3.025486e+02	2.677093e+01	2022	2	10	0
	1948	820	93.937215	-13.078107	1.003857e+05	1.290168e+01	1.081829e+05	1.079516e+05	5.761999e+04	5.728172e+04	3.026139e+02	2.147500e+01	2022	2	10	6
	1944	820	93.374715	-13.078107	1.001970e+05	1.307619e+01	1.081426e+05	1.078953e+05	5.755388e+04	5.716055e+04	3.025437e+02	1.798996e+01	2022	2	10	12
	1941	813	92.952841	-13.734356	1.002982e+05	1.308369e+01	1.082017e+05	1.080278e+05	5.765029e+04	5.723971e+04	3.021472e+02	2.683756e+01	2022	2	10	18
	1940	818	92.812216	-13.265607	1.000682e+05	1.450402e+01	1.081255e+05	1.078907e+05	5.753215e+04	5.705066e+04	3.022003e+02	2.302963e+01	2022	2	11	0
	1940	813	92.812216	-13.734356	1.000987e+05	1.426340e+01	1.081564e+05	1.079974e+05	5.760722e+04	5.714232e+04	3.023837e+02	1.708554e+01	2022	2	11	6
	1937	808	92.390341	-14.203105	9.995541e+04	1.249814e+01	1.081740e+05	1.079481e+05	5.758523e+04	5.705182e+04	3.021443e+02	1.519438e+01	2022	2	11	12
	1936	805	92.249716	-14.484355	1.000796e+05	1.276184e+01	1.082351e+05	1.080390e+05	5.767352e+04	5.712888e+04	3.019679e+02	1.525058e+01	2022	2	11	18
	1934	801	91.968467	-14.859354	9.996448e+04	1.401269e+01	1.081658e+05	1.079371e+05	5.760081e+04	5.701352e+04	3.018939e+02	1.430231e+01	2022	2	12	0
	1930	794	91.405967	-15.515603	1.000878e+05	1.477645e+01	1.083187e+05	1.081064e+05	5.770583e+04	5.718653e+04	3.018400e+02	1.482032e+01	2022	2	12	6
	1924	789	90.562218	-15.984353	1.000192e+05	1.439819e+01	1.082770e+05	1.080639e+05	5.768796e+04	5.712970e+04	3.015978e+02	1.341664e+01	2022	2	12	12
	1920	784	89.999719	-16.453102	1.001721e+05	1.573933e+01	1.083773e+05	1.081571e+05	5.781889e+04	5.720069e+04	3.015776e+02	1.816621e+01	2022	2	12	18
	1915	787	89.296594	-16.171853	9.999838e+04	1.626180e+01	1.082586e+05	1.080000e+05	5.771506e+04	5.708529e+04	3.017154e+02	1.867979e+01	2022	2	13	0
	1911	787	88.734095	-16.171853	1.000490e+05	1.502253e+01	1.083198e+05	1.081390e+05	5.780530e+04	5.715780e+04	3.017946e+02	2.268110e+01	2022	2	13	6
	1907	784	88.171596	-16.453102	9.981566e+04	1.697411e+01	1.081968e+05	1.078210e+05	5.771040e+04	5.693626e+04	3.017542e+02	2.231571e+01	2022	2	13	12
	1901	779	87.327846	-16.921851	9.986984e+04	1.919095e+01	1.082847e+05	1.078279e+05	5.783842e+04	5.692720e+04	3.017123e+02	2.412340e+01	2022	2	13	18
	1897	779	86.765347	-16.921851	9.959431e+04	2.010074e+01	1.080625e+05	1.077110e+05	5.767852e+04	5.681651e+04	3.017803e+02	1.794487e+01	2022	2	14	0
	1893	777	86.202848	-17.109351	9.969982e+04	2.020856e+01	1.081713e+05	1.079001e+05	5.773095e+04	5.712455e+04	3.019679e+02	1.578028e+01	2022	2	14	6
	1889	769	85.640348	-17.859350	9.967434e+04	2.028478e+01	1.081129e+05	1.076907e+05	5.761929e+04	5.717905e+04	3.019812e+02	2.137460e+01	2022	2	14	12
	1889	765	85.640348	-18.234350	9.992160e+04	2.062111e+01	1.081975e+05	1.078776e+05	5.777259e+04	5.717716e+04	3.018976e+02	2.478462e+01	2022	2	14	18
	1888	753	85.499723	-19.359348	9.961095e+04	2.252843e+01	1.080128e+05	1.074450e+05	5.757140e+04	5.701321e+04	3.015209e+02	1.550255e+01	2022	2	15	0
	1886	753	85.218474	-19.359348	9.968249e+04	2.029361e+01	1.082004e+05	1.076953e+05	5.773641e+04	5.709384e+04	3.015838e+02	7.121269e+00	2022	2	15	6
	1883	746	84.796599	-20.015597	9.966863e+04	1.783200e+01	1.081433e+05	1.077085e+05	5.763624e+04	5.718517e+04	3.015065e+02	6.683670e+00	2022	2	15	12
start	30	2022	2	12	18
	1757	818	67.077868	-13.265607	1.006232e+05	9.981624e+00	1.084994e+05	1.082085e+05	5.781173e+04	5.761528e+04	3.033110e+02	3.851075e+01	2022	2	12	18
	1757	821	67.077868	-12.984357	1.003119e+05	1.105433e+01	1.081641e+05	1.078400e+05	5.760146e+04	5.722192e+04	3.031472e+02	3.846251e+01	2022	2	13	0
	1759	813	67.359117	-13.734356	1.004932e+05	1.257749e+01	1.083303e+05	1.080966e+05	5.785034e+04	5.729512e+04	3.030219e+02	2.235341e+01	2022	2	13	6
	1762	826	67.780992	-12.515608	1.001384e+05	1.341518e+01	1.081233e+05	1.078354e+05	5.761402e+04	5.703916e+04	3.029648e+02	3.210995e+01	2022	2	13	12
	1763	815	67.921617	-13.546856	1.003710e+05	1.468486e+01	1.083903e+05	1.080894e+05	5.784442e+04	5.718135e+04	3.027973e+02	4.821865e+01	2022	2	13	18
	1763	816	67.921617	-13.453106	9.994818e+04	1.557667e+01	1.081324e+05	1.076248e+05	5.755511e+04	5.671793e+04	3.026870e+02	4.277396e+01	2022	2	14	0
	1766	816	68.343491	-13.453106	9.997339e+04	1.703756e+01	1.083706e+05	1.079067e+05	5.773964e+04	5.681414e+04	3.025863e+02	3.844084e+01	2022	2	14	6
	1768	808	68.624741	-14.203105	9.958905e+04	1.710134e+01	1.081613e+05	1.076325e+05	5.752316e+04	5.653836e+04	3.025396e+02	3.346334e+01	2022	2	14	12
	1766	805	68.343491	-14.484355	9.972949e+04	1.803096e+01	1.083682e+05	1.078115e+05	5.775530e+04	5.670830e+04	3.024601e+02	3.595694e+01	2022	2	14	18
	1766	805	68.343491	-14.484355	9.931500e+04	1.866273e+01	1.080988e+05	1.074994e+05	5.750027e+04	5.631046e+04	3.023459e+02	3.874718e+01	2022	2	15	0
	1763	801	67.921617	-14.859354	9.941226e+04	2.033560e+01	1.083054e+05	1.077668e+05	5.763445e+04	5.649635e+04	3.022317e+02	3.193730e+01	2022	2	15	6
	1761	794	67.640367	-15.515603	9.900651e+04	1.994008e+01	1.081623e+05	1.074522e+05	5.745087e+04	5.622773e+04	3.022787e+02	3.451379e+01	2022	2	15	12
	1761	791	67.640367	-15.796853	9.917442e+04	2.202951e+01	1.083191e+05	1.076247e+05	5.764983e+04	5.636270e+04	3.022031e+02	3.834424e+01	2022	2	15	18
	1761	786	67.640367	-16.265602	9.874182e+04	2.104688e+01	1.080422e+05	1.073817e+05	5.737486e+04	5.609014e+04	3.021326e+02	2.957152e+01	2022	2	16	0
	1764	781	68.062242	-16.734352	9.877380e+04	2.177540e+01	1.082562e+05	1.075308e+05	5.757220e+04	5.618922e+04	3.020875e+02	2.900581e+01	2022	2	16	6
	1769	777	68.765366	-17.109351	9.842589e+04	2.153328e+01	1.080629e+05	1.072495e+05	5.737641e+04	5.589744e+04	3.018391e+02	3.187949e+01	2022	2	16	12
	1774	772	69.468490	-17.578101	9.859120e+04	2.392529e+01	1.082521e+05	1.074496e+05	5.761052e+04	5.612941e+04	3.017194e+02	3.469939e+01	2022	2	16	18
	1779	767	70.171614	-18.046850	9.827345e+04	2.356526e+01	1.080009e+05	1.072375e+05	5.735767e+04	5.589181e+04	3.016418e+02	2.985328e+01	2022	2	17	0
	1788	760	71.437238	-18.703099	9.840751e+04	2.355993e+01	1.082163e+05	1.074010e+05	5.757758e+04	5.607965e+04	3.016492e+02	2.925270e+01	2022	2	17	6
	1796	750	72.562237	-19.640598	9.813456e+04	2.388593e+01	1.080820e+05	1.072324e+05	5.738639e+04	5.585466e+04	3.015635e+02	3.288803e+01	2022	2	17	12
	1805	738	73.827860	-20.765596	9.823355e+04	2.598525e+01	1.081927e+05	1.073135e+05	5.757482e+04	5.598942e+04	3.013016e+02	2.882728e+01	2022	2	17	18
	1815	724	75.234109	-22.078094	9.770278e+04	2.809871e+01	1.079890e+05	1.070614e+05	5.732277e+04	5.569277e+04	3.009962e+02	2.821623e+01	2022	2	18	0
	1823	707	76.359108	-23.671842	9.757713e+04	2.784516e+01	1.081127e+05	1.069355e+05	5.740345e+04	5.555082e+04	3.008521e+02	2.812228e+01	2022	2	18	6
	1830	690	77.343482	-25.265590	9.746948e+04	2.794808e+01	1.080071e+05	1.067156e+05	5.727329e+04	5.547048e+04	3.002536e+02	2.978422e+01	2022	2	18	12
	1835	681	78.046606	-26.109339	9.774829e+04	2.710513e+01	1.080962e+05	1.068389e+05	5.742521e+04	5.580083e+04	2.995639e+02	2.971946e+01	2022	2	18	18
	1836	671	78.187231	-27.046837	9.770743e+04	2.620422e+01	1.079209e+05	1.065436e+05	5.723405e+04	5.560536e+04	2.993018e+02	2.172387e+01	2022	2	19	0
	1842	662	79.030980	-27.890586	9.811624e+04	2.502320e+01	1.080645e+05	1.065439e+05	5.738578e+04	5.577893e+04	2.985746e+02	1.910621e+01	2022	2	19	6
	1845	652	79.452855	-28.828085	9.813791e+04	2.493783e+01	1.079601e+05	1.063625e+05	5.730620e+04	5.572144e+04	2.981490e+02	1.456599e+01	2022	2	19	12
	1850	650	80.155979	-29.015585	9.848990e+04	2.185168e+01	1.080610e+05	1.063043e+05	5.745000e+04	5.591198e+04	2.977716e+02	9.181379e+00	2022	2	19	18
	1854	645	80.718478	-29.484334	9.877356e+04	2.024321e+01	1.078944e+05	1.059562e+05	5.731519e+04	5.608262e+04	2.976111e+02	9.759762e+00	2022	2	20	0
start	31	2022	2	24	18
	2214	787	131.343426	-16.171853	1.001545e+05	8.049931e+00	1.083316e+05	1.079819e+05	5.775622e+04	5.711531e+04	9.999000e+03	2.672118e+01	2022	2	24	18
	2207	792	130.359052	-15.703103	1.003030e+05	1.240637e+01	1.084208e+05	1.081548e+05	5.785274e+04	5.724670e+04	9.999000e+03	3.667570e+01	2022	2	25	0
	2192	797	128.249679	-15.234354	9.980830e+04	1.253130e+01	1.083296e+05	1.079613e+05	5.763986e+04	5.702248e+04	9.999000e+03	4.058769e+01	2022	2	25	6
	2192	804	128.249679	-14.578105	9.994055e+04	1.464671e+01	1.084655e+05	1.081989e+05	5.766968e+04	5.715333e+04	9.999000e+03	4.177914e+01	2022	2	25	12
	2193	804	128.390304	-14.578105	9.954108e+04	1.744886e+01	1.081752e+05	1.078630e+05	5.743043e+04	5.683936e+04	9.999000e+03	4.092792e+01	2022	2	25	18
	2194	796	128.530928	-15.328104	9.988572e+04	1.543698e+01	1.084466e+05	1.079765e+05	5.769398e+04	5.701309e+04	9.999000e+03	3.317408e+01	2022	2	26	0
	2166	791	124.593433	-15.796853	9.956995e+04	1.583712e+01	1.082423e+05	1.078403e+05	5.748041e+04	5.678613e+04	9.999000e+03	4.170442e+01	2022	2	26	6
	2164	770	124.312183	-17.765600	9.968543e+04	1.073106e+01	1.084142e+05	1.080414e+05	5.776168e+04	5.695518e+04	9.999000e+03	4.178390e+01	2022	2	26	12
	2155	780	123.046559	-16.828102	9.924878e+04	1.864617e+01	1.081676e+05	1.076962e+05	5.740491e+04	5.658320e+04	9.999000e+03	5.420461e+01	2022	2	26	18
	2157	783	123.327809	-16.546852	9.915992e+04	2.043213e+01	1.084139e+05	1.077565e+05	5.754422e+04	5.654132e+04	9.999000e+03	4.587270e+01	2022	2	27	0
	2160	770	123.749683	-17.765600	9.898952e+04	1.996106e+01	1.083419e+05	1.075852e+05	5.744574e+04	5.629240e+04	9.999000e+03	3.774286e+01	2022	2	27	6
	2154	758	122.905934	-18.890599	9.926566e+04	1.674087e+01	1.085151e+05	1.077521e+05	5.767681e+04	5.650511e+04	9.999000e+03	4.065038e+01	2022	2	27	12
	2146	759	121.780936	-18.796849	9.901359e+04	1.765742e+01	1.081692e+05	1.075479e+05	5.739238e+04	5.630156e+04	9.999000e+03	3.747314e+01	2022	2	27	18
	2150	761	122.343435	-18.609349	9.913389e+04	1.971269e+01	1.083697e+05	1.077295e+05	5.764593e+04	5.647798e+04	9.999000e+03	3.060408e+01	2022	2	28	0
	2150	748	122.343435	-19.828097	9.894561e+04	1.875799e+01	1.083099e+05	1.077050e+05	5.750993e+04	5.645391e+04	9.999000e+03	2.926221e+01	2022	2	28	6
	2145	743	121.640311	-20.296847	9.921672e+04	1.746742e+01	1.084810e+05	1.078429e+05	5.762635e+04	5.661595e+04	9.999000e+03	2.474538e+01	2022	2	28	12
	2145	746	121.640311	-20.015597	9.899851e+04	1.996036e+01	1.081856e+05	1.076377e+05	5.741657e+04	5.642264e+04	9.999000e+03	7.439983e+04	2022	2	28	18
	2143	741	121.359061	-20.484347	9.923776e+04	1.812186e+01	1.083996e+05	1.077634e+05	5.761175e+04	5.653900e+04	9.999000e+03	1.839400e+01	2022	3	1	0
	2142	739	121.218436	-20.671846	9.913623e+04	1.879846e+01	1.083358e+05	1.077705e+05	5.750295e+04	5.644281e+04	9.999000e+03	2.285985e+01	2022	3	1	6
	2142	731	121.218436	-21.421845	9.935794e+04	1.435656e+01	1.085416e+05	1.078953e+05	5.769298e+04	5.655083e+04	9.999000e+03	1.639460e+01	2022	3	1	12
	2137	727	120.515312	-21.796845	9.927152e+04	1.274345e+01	1.082429e+05	1.077859e+05	5.756687e+04	5.653998e+04	9.999000e+03	1.312089e+01	2022	3	1	18
	2132	717	119.812188	-22.734343	9.961041e+04	1.099305e+01	1.084392e+05	1.079588e+05	5.774990e+04	5.680839e+04	9.999000e+03	9.534491e+00	2022	3	2	0
	2123	710	118.546564	-23.390592	9.959720e+04	1.025020e+01	1.083912e+05	1.080413e+05	5.766940e+04	5.687687e+04	9.999000e+03	1.518162e+01	2022	3	2	6
	2122	707	118.405939	-23.671842	9.978193e+04	8.790349e+00	1.085950e+05	1.081860e+05	5.780650e+04	5.700698e+04	9.999000e+03	1.071380e+01	2022	3	2	12
	2120	705	118.124689	-23.859342	9.989812e+04	8.668118e+00	1.084505e+05	1.080796e+05	5.774438e+04	5.700740e+04	9.999000e+03	7.711068e+00	2022	3	2	18
	2119	693	117.984064	-24.984340	1.001532e+05	9.730610e+00	1.085973e+05	1.082232e+05	5.796973e+04	5.717274e+04	9.999000e+03	7.614502e+00	2022	3	3	0
	2102	676	115.593442	-26.578088	1.001062e+05	1.523656e+01	1.085466e+05	1.079574e+05	5.776434e+04	5.719630e+04	9.999000e+03	1.284591e+01	2022	3	3	6
	2107	676	116.296566	-26.578088	1.004140e+05	1.077184e+01	1.087383e+05	1.081689e+05	5.795694e+04	5.737735e+04	9.999000e+03	6.478220e+00	2022	3	3	12
	2115	666	117.421565	-27.515587	1.004439e+05	7.566308e+00	1.086311e+05	1.081684e+05	5.796707e+04	5.736169e+04	9.999000e+03	6.573934e+00	2022	3	3	18
	2113	660	117.140315	-28.078086	1.006579e+05	7.998007e+00	1.087390e+05	1.081565e+05	5.804571e+04	5.753525e+04	9.999000e+03	7.549152e+00	2022	3	4	0
	2113	652	117.140315	-28.828085	1.005622e+05	7.878241e+00	1.086548e+05	1.080004e+05	5.795098e+04	5.752328e+04	9.999000e+03	1.177363e+01	2022	3	4	6
start	54	2022	3	10	6
	15	862	-177.890627	-9.140612	1.004880e+05	1.600000e+01	1.084701e+05	1.082559e+05	5.774911e+04	5.738885e+04	3.036028e+02	3.241926e+01	2022	3	10	6
	4	861	-179.437501	-9.234362	1.006217e+05	1.494611e+01	1.085250e+05	1.083202e+05	5.785544e+04	5.750864e+04	3.034965e+02	3.643361e+01	2022	3	10	12
	4	856	-179.437501	-9.703112	1.004331e+05	1.439991e+01	1.084836e+05	1.081593e+05	5.781100e+04	5.739738e+04	3.034198e+02	3.307570e+01	2022	3	10	18
	4	846	-179.437501	-10.640610	1.004626e+05	1.449366e+01	1.085033e+05	1.082438e+05	5.787245e+04	5.747530e+04	3.037552e+02	2.704025e+01	2022	3	11	0
	2555	837	179.296501	-11.484359	1.002456e+05	1.445117e+01	1.084784e+05	1.082163e+05	5.778098e+04	5.730530e+04	3.034298e+02	3.834819e+01	2022	3	11	6
	2542	834	177.468377	-11.765609	1.002861e+05	1.456873e+01	1.086043e+05	1.082636e+05	5.788005e+04	5.741958e+04	3.033997e+02	4.325536e+01	2022	3	11	12
	2542	832	177.468377	-11.953108	1.001148e+05	1.527463e+01	1.084727e+05	1.081281e+05	5.778852e+04	5.724629e+04	3.033339e+02	3.620200e+01	2022	3	11	18
	2535	827	176.484004	-12.421858	1.001126e+05	1.641052e+01	1.085954e+05	1.082918e+05	5.788057e+04	5.732579e+04	3.035906e+02	2.799431e+01	2022	3	12	0
	2528	828	175.499630	-12.328108	9.985663e+04	1.677970e+01	1.084576e+05	1.081964e+05	5.770717e+04	5.711034e+04	3.033535e+02	2.991159e+01	2022	3	12	6
	2526	827	175.218380	-12.421858	9.999198e+04	1.564764e+01	1.086037e+05	1.083253e+05	5.781929e+04	5.728724e+04	3.032759e+02	3.345114e+01	2022	3	12	12
	2520	822	174.374631	-12.890607	9.980120e+04	1.780230e+01	1.084467e+05	1.081168e+05	5.769368e+04	5.712367e+04	3.031992e+02	2.757004e+01	2022	3	12	18
	2519	818	174.234006	-13.265607	9.992272e+04	1.742924e+01	1.086096e+05	1.083104e+05	5.781487e+04	5.731525e+04	3.032096e+02	2.369136e+01	2022	3	13	0
	2520	813	174.374631	-13.734356	9.970727e+04	1.741133e+01	1.085275e+05	1.082828e+05	5.769509e+04	5.720747e+04	3.033544e+02	3.364844e+01	2022	3	13	6
	2519	808	174.234006	-14.203105	9.985491e+04	1.845490e+01	1.086454e+05	1.083461e+05	5.783141e+04	5.727469e+04	3.030357e+02	3.548429e+01	2022	3	13	12
	2519	801	174.234006	-14.859354	9.961127e+04	1.840546e+01	1.083893e+05	1.081223e+05	5.766218e+04	5.710289e+04	3.030384e+02	2.375624e+01	2022	3	13	18
	2519	801	174.234006	-14.859354	9.971185e+04	1.753866e+01	1.085428e+05	1.082719e+05	5.785447e+04	5.723108e+04	3.030166e+02	2.584752e+01	2022	3	14	0
	2525	798	175.077755	-15.140604	9.950526e+04	1.811987e+01	1.084115e+05	1.080377e+05	5.767588e+04	5.708105e+04	3.030639e+02	3.841547e+01	2022	3	14	6
	2527	794	175.359005	-15.515603	9.961518e+04	2.034354e+01	1.085397e+05	1.079894e+05	5.783315e+04	5.717306e+04	3.028777e+02	4.220783e+01	2022	3	14	12
	2529	799	175.640254	-15.046854	9.937023e+04	1.918019e+01	1.083477e+05	1.078401e+05	5.767846e+04	5.695832e+04	3.027259e+02	4.025055e+01	2022	3	14	18
	2540	794	177.187128	-15.515603	9.932098e+04	2.154630e+01	1.084341e+05	1.078802e+05	5.773640e+04	5.682084e+04	9.999000e+03	4.981263e+01	2022	3	15	0
	2550	791	178.593376	-15.796853	9.881070e+04	2.227237e+01	1.083639e+05	1.075401e+05	5.761984e+04	5.627299e+04	9.999000e+03	5.541753e+01	2022	3	15	6
	2554	792	179.155876	-15.703103	9.869276e+04	2.449003e+01	1.084414e+05	1.076399e+05	5.769759e+04	5.638657e+04	9.999000e+03	5.105061e+01	2022	3	15	12
	0	792	-180.000000	-15.703103	9.847376e+04	2.476721e+01	1.083525e+05	1.075583e+05	5.756091e+04	5.623636e+04	9.999000e+03	3.767191e+01	2022	3	15	18
	1	789	-179.859375	-15.984353	9.854198e+04	2.617101e+01	1.083473e+05	1.077342e+05	5.764144e+04	5.631506e+04	9.999000e+03	2.359462e+01	2022	3	16	0
	1	789	-179.859375	-15.984353	9.852367e+04	2.463496e+01	1.082725e+05	1.077166e+05	5.752765e+04	5.627168e+04	9.999000e+03	2.214608e+01	2022	3	16	6
	1	786	-179.859375	-16.265602	9.857116e+04	2.452346e+01	1.083480e+05	1.078816e+05	5.766222e+04	5.640574e+04	9.999000e+03	2.386569e+01	2022	3	16	12
	3	786	-179.578125	-16.265602	9.834159e+04	2.452921e+01	1.082971e+05	1.076597e+05	5.755946e+04	5.627887e+04	9.999000e+03	1.825777e+01	2022	3	16	18
	9	786	-178.734376	-16.265602	9.849532e+04	2.317207e+01	1.083924e+05	1.076486e+05	5.772279e+04	5.633209e+04	9.999000e+03	2.300319e+01	2022	3	17	0
	13	781	-178.171877	-16.734352	9.808903e+04	2.613791e+01	1.083762e+05	1.074808e+05	5.763511e+04	5.599139e+04	9.999000e+03	2.609193e+01	2022	3	17	6
	17	781	-177.609377	-16.734352	9.787166e+04	2.730838e+01	1.084404e+05	1.075061e+05	5.766004e+04	5.582300e+04	3.022667e+02	1.941634e+01	2022	3	17	12
	21	779	-177.046878	-16.921851	9.791160e+04	2.905708e+01	1.082631e+05	1.074474e+05	5.753036e+04	5.581163e+04	3.022487e+02	2.279511e+01	2022	3	17	18
	23	777	-176.765628	-17.109351	9.764613e+04	2.753807e+01	1.083478e+05	1.074995e+05	5.757200e+04	5.565432e+04	3.021527e+02	1.828085e+01	2022	3	18	0
	25	777	-176.484379	-17.109351	9.767470e+04	2.816720e+01	1.082865e+05	1.073654e+05	5.754876e+04	5.560804e+04	3.021440e+02	1.779920e+01	2022	3	18	6
	24	777	-176.625004	-17.109351	9.774564e+04	2.809089e+01	1.083335e+05	1.074668e+05	5.759338e+04	5.571882e+04	3.020144e+02	2.175548e+01	2022	3	18	12
	22	777	-176.906253	-17.109351	9.765584e+04	2.683576e+01	1.082999e+05	1.074351e+05	5.752593e+04	5.570365e+04	3.017899e+02	1.672773e+01	2022	3	18	18
	18	778	-177.468753	-17.015601	9.767627e+04	2.815065e+01	1.083492e+05	1.075813e+05	5.757483e+04	5.574770e+04	3.020025e+02	1.600685e+01	2022	3	19	0
	14	778	-178.031252	-17.015601	9.756130e+04	2.988391e+01	1.083931e+05	1.074654e+05	5.755295e+04	5.566049e+04	3.021822e+02	1.839368e+01	2022	3	19	6
	10	778	-178.593751	-17.015601	9.730702e+04	2.948635e+01	1.083793e+05	1.075444e+05	5.762922e+04	5.554636e+04	9.999000e+03	2.145042e+01	2022	3	19	12
	4	777	-179.437501	-17.109351	9.725987e+04	2.865419e+01	1.083476e+05	1.074757e+05	5.760131e+04	5.548357e+04	9.999000e+03	1.723202e+01	2022	3	19	18
	2557	772	179.577750	-17.578101	9.717029e+04	2.933619e+01	1.085208e+05	1.075252e+05	5.768352e+04	5.548457e+04	9.999000e+03	1.445703e+01	2022	3	20	0
	2549	767	178.452751	-18.046850	9.755053e+04	2.988788e+01	1.085085e+05	1.074754e+05	5.765884e+04	5.559918e+04	9.999000e+03	1.681728e+01	2022	3	20	6
	2541	765	177.327753	-18.234350	9.745845e+04	2.807380e+01	1.086123e+05	1.076318e+05	5.775146e+04	5.557025e+04	9.999000e+03	1.954981e+01	2022	3	20	12
	2535	757	176.484004	-18.984349	9.751609e+04	3.111187e+01	1.085005e+05	1.073681e+05	5.774812e+04	5.553517e+04	9.999000e+03	1.424223e+01	2022	3	20	18
	2530	750	175.780879	-19.640598	9.773996e+04	3.033377e+01	1.086515e+05	1.076660e+05	5.784425e+04	5.579023e+04	3.026534e+02	1.447980e+01	2022	3	21	0
	2526	741	175.218380	-20.484347	9.748879e+04	2.994802e+01	1.085568e+05	1.076278e+05	5.781038e+04	5.571849e+04	3.026237e+02	1.662211e+01	2022	3	21	6
	2523	729	174.796505	-21.609345	9.758552e+04	3.067961e+01	1.086144e+05	1.078732e+05	5.789912e+04	5.584967e+04	3.018907e+02	1.961382e+01	2022	3	21	12
	2522	714	174.655880	-23.015593	9.732696e+04	3.309791e+01	1.084807e+05	1.078004e+05	5.780024e+04	5.570793e+04	3.011568e+02	1.356302e+01	2022	3	21	18
	2522	700	174.655880	-24.328091	9.791438e+04	2.875853e+01	1.086173e+05	1.079224e+05	5.794850e+04	5.620639e+04	3.003835e+02	1.472367e+01	2022	3	22	0
	2522	686	174.655880	-25.640589	9.791934e+04	2.737072e+01	1.084954e+05	1.075446e+05	5.786831e+04	5.622096e+04	3.000313e+02	1.705878e+01	2022	3	22	6
	2528	674	175.499630	-26.765588	9.817585e+04	2.755776e+01	1.085763e+05	1.073206e+05	5.792394e+04	5.655622e+04	2.997188e+02	1.662532e+01	2022	3	22	12
	2536	659	176.624628	-28.171836	9.825384e+04	2.791726e+01	1.084178e+05	1.067793e+05	5.781804e+04	5.655937e+04	2.987535e+02	1.923251e+01	2022	3	22	18
	2550	647	178.593376	-29.296834	9.849954e+04	2.570127e+01	1.084805e+05	1.068041e+05	5.789538e+04	5.649163e+04	2.984908e+02	1.814606e+01	2022	3	23	0
	2	642	-179.718750	-29.765584	9.866333e+04	2.410789e+01	1.082785e+05	1.066457e+05	5.773032e+04	5.638743e+04	2.984649e+02	7.310606e+00	2022	3	23	6
	13	642	-178.171877	-29.765584	9.939502e+04	2.045838e+01	1.083206e+05	1.065438e+05	5.781451e+04	5.684223e+04	2.986756e+02	6.156784e+00	2022	3	23	12
start	51	2022	3	10	12
	2443	842	163.546517	-11.015610	1.007091e+05	1.066683e+01	1.084832e+05	1.083471e+05	5.795786e+04	5.766506e+04	9.999000e+03	2.533561e+01	2022	3	10	12
	2438	841	162.843393	-11.109360	1.004273e+05	1.226388e+01	1.083311e+05	1.080617e+05	5.774328e+04	5.741645e+04	9.999000e+03	2.379669e+01	2022	3	10	18
	2435	837	162.421518	-11.484359	1.006321e+05	1.118573e+01	1.085303e+05	1.083279e+05	5.800211e+04	5.763127e+04	9.999000e+03	2.818323e+01	2022	3	11	0
	2428	838	161.437144	-11.390609	1.003251e+05	1.096896e+01	1.084007e+05	1.081047e+05	5.773642e+04	5.732682e+04	9.999000e+03	3.516108e+01	2022	3	11	6
	2427	840	161.296519	-11.203109	1.005726e+05	1.156461e+01	1.085879e+05	1.083288e+05	5.795825e+04	5.755292e+04	9.999000e+03	3.986058e+01	2022	3	11	12
	2423	839	160.734020	-11.296859	1.002309e+05	1.243163e+01	1.084108e+05	1.081241e+05	5.773085e+04	5.729236e+04	9.999000e+03	3.595392e+01	2022	3	11	18
	2423	827	160.734020	-12.421858	1.004426e+05	1.437283e+01	1.086241e+05	1.083840e+05	5.797268e+04	5.750101e+04	9.999000e+03	3.682360e+01	2022	3	12	0
	2416	828	159.749646	-12.328108	1.000689e+05	1.466594e+01	1.083733e+05	1.081717e+05	5.772198e+04	5.714650e+04	9.999000e+03	3.989749e+01	2022	3	12	6
	2413	830	159.327771	-12.140608	1.001963e+05	1.548493e+01	1.085503e+05	1.083584e+05	5.789911e+04	5.725819e+04	9.999000e+03	4.523039e+01	2022	3	12	12
	2410	830	158.905897	-12.140608	9.974641e+04	1.850932e+01	1.082873e+05	1.080314e+05	5.760595e+04	5.684043e+04	9.999000e+03	3.832219e+01	2022	3	12	18
	2406	825	158.343397	-12.609357	9.984775e+04	1.808343e+01	1.085616e+05	1.081829e+05	5.785466e+04	5.693048e+04	9.999000e+03	3.914181e+01	2022	3	13	0
	2405	826	158.202773	-12.515608	9.935649e+04	1.788373e+01	1.083745e+05	1.078453e+05	5.759030e+04	5.655826e+04	9.999000e+03	4.575273e+01	2022	3	13	6
	2400	825	157.499648	-12.609357	9.944384e+04	1.923615e+01	1.085946e+05	1.081027e+05	5.782437e+04	5.670716e+04	3.031008e+02	4.816585e+01	2022	3	13	12
	2398	822	157.218399	-12.890607	9.903420e+04	1.980160e+01	1.083266e+05	1.078284e+05	5.755551e+04	5.644294e+04	3.030270e+02	4.041872e+01	2022	3	13	18
	2396	820	156.937149	-13.078107	9.919855e+04	1.999816e+01	1.085869e+05	1.081384e+05	5.779293e+04	5.671132e+04	3.029282e+02	4.245531e+01	2022	3	14	0
	2391	815	156.234025	-13.546856	9.883018e+04	2.036844e+01	1.084549e+05	1.079542e+05	5.758654e+04	5.643839e+04	3.030289e+02	4.321283e+01	2022	3	14	6
	2390	813	156.093400	-13.734356	9.896005e+04	2.125057e+01	1.086301e+05	1.081601e+05	5.782580e+04	5.664908e+04	3.029196e+02	4.956466e+01	2022	3	14	12
	2388	810	155.812150	-14.015606	9.852241e+04	2.288108e+01	1.083951e+05	1.078027e+05	5.757084e+04	5.630218e+04	3.029422e+02	4.667541e+01	2022	3	14	18
	2384	805	155.249651	-14.484355	9.868529e+04	2.497738e+01	1.086509e+05	1.079798e+05	5.778887e+04	5.649785e+04	3.028883e+02	4.120421e+01	2022	3	15	0
	2381	800	154.827776	-14.953104	9.831636e+04	2.458732e+01	1.084372e+05	1.076836e+05	5.756408e+04	5.618064e+04	3.027760e+02	4.086216e+01	2022	3	15	6
	2378	796	154.405902	-15.328104	9.845580e+04	2.491673e+01	1.085931e+05	1.077078e+05	5.782558e+04	5.623781e+04	3.026484e+02	4.363141e+01	2022	3	15	12
	2375	791	153.984027	-15.796853	9.788584e+04	2.808175e+01	1.082938e+05	1.072728e+05	5.757507e+04	5.564825e+04	3.024049e+02	4.296423e+01	2022	3	15	18
	2373	786	153.702777	-16.265602	9.792147e+04	3.049107e+01	1.085354e+05	1.073183e+05	5.781421e+04	5.558459e+04	3.024121e+02	4.214079e+01	2022	3	16	0
	2368	782	152.999653	-16.640602	9.722533e+04	3.100937e+01	1.082971e+05	1.066766e+05	5.748945e+04	5.491016e+04	3.024978e+02	3.714147e+01	2022	3	16	6
	2366	779	152.718403	-16.921851	9.736652e+04	2.942726e+01	1.084712e+05	1.069332e+05	5.767659e+04	5.504384e+04	3.024687e+02	3.788894e+01	2022	3	16	12
	2364	775	152.437154	-17.296851	9.706409e+04	3.031725e+01	1.081660e+05	1.067041e+05	5.745014e+04	5.485984e+04	3.023844e+02	3.624833e+01	2022	3	16	18
	2363	770	152.296529	-17.765600	9.726179e+04	2.698391e+01	1.083877e+05	1.070195e+05	5.765413e+04	5.516204e+04	3.021777e+02	3.756466e+01	2022	3	17	0
	2365	765	152.577778	-18.234350	9.682867e+04	2.842631e+01	1.081654e+05	1.067939e+05	5.735947e+04	5.477421e+04	3.017309e+02	3.619123e+01	2022	3	17	6
	2369	763	153.140278	-18.421849	9.708820e+04	2.792612e+01	1.082959e+05	1.070791e+05	5.763808e+04	5.503675e+04	3.014514e+02	3.557243e+01	2022	3	17	12
	2375	755	153.984027	-19.171848	9.691859e+04	2.943543e+01	1.080492e+05	1.068936e+05	5.730800e+04	5.491931e+04	3.015245e+02	3.469970e+01	2022	3	17	18
	2381	748	154.827776	-19.828097	9.716052e+04	2.870953e+01	1.082779e+05	1.070923e+05	5.757085e+04	5.521290e+04	3.015104e+02	3.169733e+01	2022	3	18	0
	2388	741	155.812150	-20.484347	9.691967e+04	2.898585e+01	1.080755e+05	1.068938e+05	5.730730e+04	5.502475e+04	3.013476e+02	3.129115e+01	2022	3	18	6
	2396	733	156.937149	-21.234345	9.722079e+04	2.985733e+01	1.082491e+05	1.070805e+05	5.752850e+04	5.528906e+04	3.012142e+02	3.385828e+01	2022	3	18	12
	2403	727	157.921523	-21.796845	9.681815e+04	2.848799e+01	1.079690e+05	1.068171e+05	5.719870e+04	5.496598e+04	3.009997e+02	3.466590e+01	2022	3	18	18
	2407	717	158.484022	-22.734343	9.694091e+04	2.967096e+01	1.081164e+05	1.070134e+05	5.733173e+04	5.513073e+04	3.008241e+02	3.632567e+01	2022	3	19	0
	2414	709	159.468396	-23.484342	9.653111e+04	3.034416e+01	1.079225e+05	1.068605e+05	5.711520e+04	5.489127e+04	3.005980e+02	3.602909e+01	2022	3	19	6
	2419	702	160.171521	-24.140591	9.673395e+04	2.817538e+01	1.080811e+05	1.069511e+05	5.726673e+04	5.513650e+04	3.003171e+02	3.422374e+01	2022	3	19	12
	2423	698	160.734020	-24.515591	9.667923e+04	2.726792e+01	1.078675e+05	1.066275e+05	5.704590e+04	5.501785e+04	3.000239e+02	3.105785e+01	2022	3	19	18
	2426	691	161.155894	-25.171840	9.703477e+04	2.589211e+01	1.080893e+05	1.065438e+05	5.723982e+04	5.525827e+04	2.997505e+02	3.247264e+01	2022	3	20	0
	2430	679	161.718394	-26.296838	9.697699e+04	2.664178e+01	1.079192e+05	1.061903e+05	5.707904e+04	5.525313e+04	2.993542e+02	3.698932e+01	2022	3	20	6
	2432	666	161.999644	-27.515587	9.743685e+04	2.850889e+01	1.080267e+05	1.061120e+05	5.730173e+04	5.541091e+04	2.988649e+02	3.702409e+01	2022	3	20	12
	2439	652	162.984018	-28.828085	9.710516e+04	2.701907e+01	1.077769e+05	1.056282e+05	5.713624e+04	5.501674e+04	2.984010e+02	3.647519e+01	2022	3	20	18
	2443	635	163.546517	-30.421833	9.743146e+04	2.691149e+01	1.078791e+05	1.054644e+05	5.725727e+04	5.528975e+04	2.978891e+02	3.969364e+01	2022	3	21	0
	2449	618	164.390266	-32.015581	9.732004e+04	2.770812e+01	1.075968e+05	1.050072e+05	5.713458e+04	5.507028e+04	2.968112e+02	4.012621e+01	2022	3	21	6
	2456	602	165.374640	-33.515578	9.743217e+04	3.031934e+01	1.076365e+05	1.048898e+05	5.715263e+04	5.493973e+04	2.964649e+02	3.938018e+01	2022	3	21	12
	2462	587	166.218389	-34.921826	9.710296e+04	3.055572e+01	1.072366e+05	1.046245e+05	5.682661e+04	5.438480e+04	2.957957e+02	2.944125e+01	2022	3	21	18
	2469	571	167.202763	-36.421824	9.725351e+04	2.750498e+01	1.069482e+05	1.043642e+05	5.679788e+04	5.425205e+04	2.940508e+02	1.868381e+01	2022	3	22	0
	2475	556	168.046512	-37.828072	9.729709e+04	2.276340e+01	1.063466e+05	1.038505e+05	5.648870e+04	5.414325e+04	2.935835e+02	1.690857e+01	2022	3	22	6
	2485	547	169.452761	-38.671821	9.764826e+04	2.126036e+01	1.061315e+05	1.037438e+05	5.651820e+04	5.429358e+04	2.926206e+02	1.481985e+01	2022	3	22	12
	2492	535	170.437135	-39.796820	9.782695e+04	2.121723e+01	1.060144e+05	1.032474e+05	5.643735e+04	5.423298e+04	9.999000e+03	1.239212e+01	2022	3	22	18
	2502	532	171.843383	-40.078069	9.833901e+04	2.017635e+01	1.064431e+05	1.032429e+05	5.675840e+04	5.447469e+04	9.999000e+03	9.649055e+00	2022	3	23	0
start	25	2022	3	24	6
	195	799	-152.578154	-15.046854	9.989332e+04	1.109398e+01	1.085125e+05	1.080756e+05	5.753078e+04	5.720350e+04	3.032325e+02	2.264904e+01	2022	3	24	6
	207	802	-150.890655	-14.765604	9.976005e+04	1.519261e+01	1.084246e+05	1.080172e+05	5.740147e+04	5.705722e+04	3.033788e+02	2.752118e+01	2022	3	24	12
	217	802	-149.484407	-14.765604	9.993113e+04	1.494343e+01	1.086233e+05	1.080630e+05	5.760562e+04	5.721580e+04	3.034496e+02	2.669844e+01	2022	3	24	18
	227	798	-148.078158	-15.140604	9.966571e+04	1.505228e+01	1.084435e+05	1.080118e+05	5.738559e+04	5.699352e+04	3.034633e+02	2.758715e+01	2022	3	25	0
	236	789	-146.812535	-15.984353	9.983514e+04	1.405691e+01	1.086185e+05	1.081523e+05	5.758221e+04	5.710310e+04	3.033740e+02	2.821075e+01	2022	3	25	6
	242	789	-145.968785	-15.984353	9.954473e+04	1.452438e+01	1.083469e+05	1.080425e+05	5.734034e+04	5.691051e+04	3.032381e+02	2.372993e+01	2022	3	25	12
	247	789	-145.265661	-15.984353	9.967668e+04	1.431497e+01	1.085582e+05	1.081577e+05	5.755092e+04	5.711212e+04	3.031664e+02	1.670066e+01	2022	3	25	18
	258	786	-143.718788	-16.265602	9.933495e+04	1.559267e+01	1.083488e+05	1.080028e+05	5.727350e+04	5.686339e+04	3.037510e+02	1.948153e+01	2022	3	26	0
	261	781	-143.296913	-16.734352	9.955288e+04	1.513768e+01	1.085841e+05	1.082092e+05	5.750521e+04	5.707923e+04	3.032772e+02	2.413835e+01	2022	3	26	6
	265	781	-142.734414	-16.734352	9.934062e+04	1.491263e+01	1.083814e+05	1.080828e+05	5.734035e+04	5.689987e+04	3.031559e+02	2.409791e+01	2022	3	26	12
	269	777	-142.171914	-17.109351	9.964272e+04	1.426981e+01	1.086497e+05	1.082958e+05	5.759508e+04	5.715961e+04	3.030505e+02	2.323910e+01	2022	3	26	18
	271	777	-141.890665	-17.109351	9.935848e+04	1.593692e+01	1.084363e+05	1.080420e+05	5.730496e+04	5.690796e+04	3.036352e+02	2.260859e+01	2022	3	27	0
	270	777	-142.031290	-17.109351	9.963967e+04	1.774376e+01	1.086759e+05	1.082629e+05	5.759305e+04	5.712918e+04	3.032106e+02	2.802943e+01	2022	3	27	6
	274	772	-141.468790	-17.578101	9.945277e+04	1.837392e+01	1.084872e+05	1.080689e+05	5.740958e+04	5.695693e+04	3.030479e+02	2.376091e+01	2022	3	27	12
	280	772	-140.625041	-17.578101	9.966814e+04	1.791628e+01	1.087107e+05	1.083144e+05	5.776894e+04	5.721605e+04	3.030145e+02	1.821819e+01	2022	3	27	18
	281	760	-140.484416	-18.703099	9.943672e+04	1.751863e+01	1.085494e+05	1.081711e+05	5.751561e+04	5.699609e+04	3.030870e+02	2.165252e+01	2022	3	28	0
	283	748	-140.203166	-19.828097	9.974375e+04	1.683423e+01	1.087821e+05	1.083355e+05	5.784800e+04	5.721004e+04	3.027805e+02	2.482217e+01	2022	3	28	6
	282	736	-140.343791	-20.953096	9.954968e+04	1.746321e+01	1.085421e+05	1.081506e+05	5.763452e+04	5.699920e+04	3.022814e+02	2.016260e+01	2022	3	28	12
	282	729	-140.343791	-21.609345	9.975408e+04	1.812159e+01	1.087748e+05	1.082385e+05	5.788311e+04	5.710901e+04	3.020417e+02	2.159443e+01	2022	3	28	18
	284	719	-140.062542	-22.546844	9.945838e+04	1.848896e+01	1.085754e+05	1.080346e+05	5.764886e+04	5.681492e+04	3.016213e+02	2.064983e+01	2022	3	29	0
	287	708	-139.640667	-23.578092	9.960841e+04	1.882009e+01	1.086819e+05	1.080464e+05	5.789311e+04	5.694635e+04	3.010241e+02	1.598412e+01	2022	3	29	6
	289	691	-139.359417	-25.171840	9.948099e+04	1.640991e+01	1.084289e+05	1.075490e+05	5.767230e+04	5.689875e+04	3.000629e+02	1.213260e+01	2022	3	29	12
	292	683	-138.937543	-25.921839	9.962428e+04	1.527181e+01	1.086058e+05	1.073082e+05	5.783684e+04	5.709741e+04	2.995396e+02	7.178687e+00	2022	3	29	18
	302	668	-137.531294	-27.328087	9.950553e+04	1.652621e+01	1.083667e+05	1.068699e+05	5.764006e+04	5.671931e+04	2.987390e+02	8.475775e+00	2022	3	30	0
	314	655	-135.843796	-28.546835	9.968581e+04	1.497538e+01	1.084721e+05	1.066643e+05	5.781927e+04	5.656901e+04	2.982169e+02	1.064238e+01	2022	3	30	6
start	25	2022	5	15	6
	657	1049	-87.609471	8.390613	1.009146e+05	1.330094e+01	1.084269e+05	1.081863e+05	5.794598e+04	5.754712e+04	3.043021e+02	3.376479e+01	2022	5	15	6
	657	1048	-87.609471	8.296863	1.008002e+05	1.264005e+01	1.083889e+05	1.081119e+05	5.785911e+04	5.749916e+04	3.043329e+02	3.278213e+01	2022	5	15	12
	657	1056	-87.609471	9.046862	1.008394e+05	1.423327e+01	1.085018e+05	1.082878e+05	5.800016e+04	5.750854e+04	3.042748e+02	4.021380e+01	2022	5	15	18
	649	1056	-88.734470	9.046862	1.006017e+05	1.483557e+01	1.084026e+05	1.080656e+05	5.783979e+04	5.735563e+04	3.039301e+02	3.404176e+01	2022	5	16	0
	650	1053	-88.593845	8.765613	1.006826e+05	1.559563e+01	1.084026e+05	1.081800e+05	5.794539e+04	5.741176e+04	3.039814e+02	4.079864e+01	2022	5	16	6
	644	1061	-89.437594	9.515612	1.004316e+05	1.581766e+01	1.082797e+05	1.079473e+05	5.785448e+04	5.720233e+04	3.040620e+02	4.312333e+01	2022	5	16	12
	640	1061	-90.000094	9.515612	1.004233e+05	1.660152e+01	1.084185e+05	1.081379e+05	5.797473e+04	5.726114e+04	3.040243e+02	4.369368e+01	2022	5	16	18
	637	1066	-90.421968	9.984361	1.000964e+05	1.815094e+01	1.083308e+05	1.079640e+05	5.785738e+04	5.700330e+04	3.040802e+02	3.920495e+01	2022	5	17	0
	631	1070	-91.265717	10.359361	1.001082e+05	2.024887e+01	1.085112e+05	1.080880e+05	5.797723e+04	5.711793e+04	3.041087e+02	4.299208e+01	2022	5	17	6
	624	1075	-92.250091	10.828110	9.966770e+04	2.186162e+01	1.082894e+05	1.077886e+05	5.784746e+04	5.681114e+04	3.041053e+02	3.678069e+01	2022	5	17	12
	619	1078	-92.953216	11.109360	9.958071e+04	2.359798e+01	1.084663e+05	1.078518e+05	5.803898e+04	5.678218e+04	3.041774e+02	2.881287e+01	2022	5	17	18
	615	1080	-93.515715	11.296859	9.923030e+04	2.272438e+01	1.083328e+05	1.076179e+05	5.788543e+04	5.647638e+04	3.040807e+02	2.236962e+01	2022	5	18	0
	613	1085	-93.796965	11.765609	9.910982e+04	2.427797e+01	1.084240e+05	1.074454e+05	5.807163e+04	5.611802e+04	3.043723e+02	3.423512e+01	2022	5	18	6
	609	1090	-94.359464	12.234358	9.902599e+04	2.453691e+01	1.082617e+05	1.074294e+05	5.794343e+04	5.623875e+04	3.045105e+02	3.412847e+01	2022	5	18	12
	607	1092	-94.640714	12.421858	9.931784e+04	2.231115e+01	1.084564e+05	1.078430e+05	5.804647e+04	5.673510e+04	3.043907e+02	2.884225e+01	2022	5	18	18
	606	1092	-94.781339	12.421858	9.926956e+04	2.240999e+01	1.083152e+05	1.077666e+05	5.793123e+04	5.688456e+04	3.042099e+02	2.116620e+01	2022	5	19	0
	604	1094	-95.062589	12.609357	9.957941e+04	2.253287e+01	1.084653e+05	1.079966e+05	5.806784e+04	5.705837e+04	3.042043e+02	2.393037e+01	2022	5	19	6
	602	1094	-95.343838	12.609357	9.949334e+04	2.295835e+01	1.083452e+05	1.079507e+05	5.795805e+04	5.700060e+04	3.039417e+02	2.095195e+01	2022	5	19	12
	600	1093	-95.625088	12.515608	9.982629e+04	2.071410e+01	1.085234e+05	1.082593e+05	5.806809e+04	5.749770e+04	3.038835e+02	2.189493e+01	2022	5	19	18
	598	1093	-95.906338	12.515608	9.974673e+04	2.044557e+01	1.084054e+05	1.080522e+05	5.790555e+04	5.741959e+04	3.038941e+02	2.196350e+01	2022	5	20	0
	596	1094	-96.187587	12.609357	1.000075e+05	2.014138e+01	1.086500e+05	1.081758e+05	5.805109e+04	5.757360e+04	3.037480e+02	2.552990e+01	2022	5	20	6
	593	1093	-96.609462	12.515608	9.977404e+04	2.254710e+01	1.084049e+05	1.078811e+05	5.792905e+04	5.723519e+04	3.038265e+02	1.654671e+01	2022	5	20	12
	591	1091	-96.890712	12.328108	1.002003e+05	1.852778e+01	1.085851e+05	1.080472e+05	5.805389e+04	5.782838e+04	3.038297e+02	9.514162e+00	2022	5	20	18
	589	1089	-97.171961	12.140608	1.001331e+05	1.619002e+01	1.083970e+05	1.078985e+05	5.789269e+04	5.771071e+04	3.039215e+02	1.174048e+01	2022	5	21	0
	588	1088	-97.312586	12.046858	1.004395e+05	1.592242e+01	1.085366e+05	1.080460e+05	5.802234e+04	5.785097e+04	3.038850e+02	1.622371e+01	2022	5	21	6
start	16	2022	7	13	6
	656	1063	-87.750096	9.703112	1.008066e+05	1.155551e+01	1.084096e+05	1.082118e+05	5.788071e+04	5.760372e+04	9.999000e+03	3.382719e+01	2022	7	13	6
	655	1066	-87.890721	9.984361	1.007059e+05	1.148128e+01	1.083399e+05	1.080947e+05	5.779980e+04	5.746553e+04	3.034474e+02	3.345996e+01	2022	7	13	12
	649	1065	-88.734470	9.890611	1.008464e+05	1.216173e+01	1.085213e+05	1.082801e+05	5.790807e+04	5.759615e+04	3.032057e+02	4.018578e+01	2022	7	13	18
	648	1070	-88.875095	10.359361	1.006770e+05	1.208673e+01	1.084015e+05	1.081906e+05	5.785461e+04	5.748421e+04	3.034475e+02	2.827488e+01	2022	7	14	0
	639	1082	-90.140719	11.484359	1.008086e+05	1.279887e+01	1.085047e+05	1.083091e+05	5.797742e+04	5.762541e+04	3.034852e+02	2.674358e+01	2022	7	14	6
	633	1085	-90.984468	11.765609	1.007080e+05	1.387821e+01	1.083865e+05	1.081354e+05	5.789758e+04	5.748933e+04	3.033651e+02	2.250774e+01	2022	7	14	12
	624	1090	-92.250091	12.234358	1.008150e+05	1.448868e+01	1.085703e+05	1.083490e+05	5.802470e+04	5.762259e+04	9.999000e+03	2.461012e+01	2022	7	14	18
	613	1097	-93.796965	12.890607	1.005710e+05	1.425721e+01	1.085083e+05	1.082509e+05	5.791928e+04	5.751208e+04	3.034733e+02	3.194236e+01	2022	7	15	0
	605	1097	-94.921964	12.890607	1.007079e+05	1.339809e+01	1.086288e+05	1.083512e+05	5.802217e+04	5.751034e+04	3.029077e+02	3.916481e+01	2022	7	15	6
	601	1102	-95.484463	13.359356	1.005010e+05	1.442792e+01	1.083976e+05	1.081631e+05	5.790737e+04	5.742710e+04	3.026513e+02	2.817943e+01	2022	7	15	12
	596	1104	-96.187587	13.546856	1.006643e+05	1.433876e+01	1.086052e+05	1.083274e+05	5.806709e+04	5.748399e+04	3.031779e+02	2.941655e+01	2022	7	15	18
	588	1109	-97.312586	14.015606	1.004562e+05	1.621119e+01	1.085418e+05	1.082449e+05	5.791856e+04	5.739079e+04	9.999000e+03	2.553429e+01	2022	7	16	0
	584	1114	-97.875086	14.484355	1.006636e+05	1.551428e+01	1.087044e+05	1.083785e+05	5.804044e+04	5.761410e+04	9.999000e+03	2.870826e+01	2022	7	16	6
	580	1118	-98.437585	14.859354	1.003843e+05	1.664185e+01	1.084480e+05	1.081527e+05	5.791668e+04	5.742555e+04	9.999000e+03	2.192854e+01	2022	7	16	12
	576	1126	-99.000084	15.609353	1.005426e+05	1.993631e+01	1.085900e+05	1.082430e+05	5.801674e+04	5.754352e+04	9.999000e+03	2.311921e+01	2022	7	16	18
	569	1133	-99.984458	16.265602	1.004499e+05	1.707340e+01	1.085047e+05	1.081983e+05	5.784436e+04	5.750894e+04	9.999000e+03	1.890566e+01	2022	7	17	0
start	28	2022	7	30	18
	2087	1111	113.484069	14.203105	9.989542e+04	1.218225e+01	1.085055e+05	1.080938e+05	5.763274e+04	5.711504e+04	3.048311e+02	3.891196e+01	2022	7	30	18
	2087	1111	113.484069	14.203105	9.987427e+04	1.339239e+01	1.084897e+05	1.080501e+05	5.768441e+04	5.708823e+04	3.047283e+02	3.490350e+01	2022	7	31	0
	2086	1123	113.343444	15.328104	9.968516e+04	1.293646e+01	1.085578e+05	1.080675e+05	5.764288e+04	5.698960e+04	3.051906e+02	3.049989e+01	2022	7	31	6
	2078	1128	112.218445	15.796853	9.967205e+04	1.286237e+01	1.086236e+05	1.081843e+05	5.761660e+04	5.700385e+04	3.050266e+02	2.809270e+01	2022	7	31	12
	2075	1127	111.796571	15.703103	9.964147e+04	1.477049e+01	1.084917e+05	1.081006e+05	5.762563e+04	5.700673e+04	3.046625e+02	3.595776e+01	2022	7	31	18
	2067	1115	110.671572	14.578105	9.954995e+04	1.777823e+01	1.084367e+05	1.080110e+05	5.754089e+04	5.687773e+04	9.999000e+03	3.844983e+01	2022	8	1	0
	2078	1116	112.218445	14.671855	9.925679e+04	1.829120e+01	1.084884e+05	1.080400e+05	5.746662e+04	5.690673e+04	3.045888e+02	3.564138e+01	2022	8	1	6
	2078	1120	112.218445	15.046854	9.922511e+04	1.673885e+01	1.084696e+05	1.080881e+05	5.746959e+04	5.698391e+04	3.045940e+02	3.336649e+01	2022	8	1	12
	2078	1119	112.218445	14.953104	9.921299e+04	1.866674e+01	1.084133e+05	1.080919e+05	5.747768e+04	5.694725e+04	3.045404e+02	4.307919e+01	2022	8	1	18
	2084	1119	113.062195	14.953104	9.918237e+04	1.997219e+01	1.084230e+05	1.079983e+05	5.747107e+04	5.677690e+04	3.044909e+02	4.304816e+01	2022	8	2	0
	2084	1130	113.062195	15.984353	9.900670e+04	1.862102e+01	1.084546e+05	1.079588e+05	5.743809e+04	5.655510e+04	3.044627e+02	3.863687e+01	2022	8	2	6
	2081	1135	112.640320	16.453102	9.897027e+04	1.772661e+01	1.085429e+05	1.079914e+05	5.750800e+04	5.653001e+04	3.044291e+02	3.605503e+01	2022	8	2	12
	2080	1140	112.499695	16.921851	9.884170e+04	1.828640e+01	1.084689e+05	1.078160e+05	5.748536e+04	5.643725e+04	3.043860e+02	4.220336e+01	2022	8	2	18
	2074	1149	111.655946	17.765600	9.882573e+04	1.819127e+01	1.085536e+05	1.078070e+05	5.750428e+04	5.647636e+04	9.999000e+03	3.904903e+01	2022	8	3	0
	2070	1157	111.093447	18.515599	9.873844e+04	2.006900e+01	1.086606e+05	1.080221e+05	5.751377e+04	5.655773e+04	9.999000e+03	3.059644e+01	2022	8	3	6
	2068	1157	110.812197	18.515599	9.872277e+04	1.981544e+01	1.086959e+05	1.081311e+05	5.758600e+04	5.660038e+04	9.999000e+03	3.080828e+01	2022	8	3	12
	2066	1161	110.530947	18.890599	9.896106e+04	2.000673e+01	1.086740e+05	1.080215e+05	5.756854e+04	5.668908e+04	9.999000e+03	3.229807e+01	2022	8	3	18
	2056	1171	109.124699	19.828097	9.891086e+04	1.935687e+01	1.086868e+05	1.081037e+05	5.756828e+04	5.673333e+04	9.999000e+03	2.851503e+01	2022	8	4	0
	2047	1168	107.859075	19.546848	9.882087e+04	1.902737e+01	1.087796e+05	1.081401e+05	5.751439e+04	5.673188e+04	9.999000e+03	3.013542e+01	2022	8	4	6
	2045	1163	107.577825	19.078098	9.852772e+04	1.939432e+01	1.088642e+05	1.082390e+05	5.753516e+04	5.670943e+04	9.999000e+03	3.712252e+01	2022	8	4	12
	2041	1166	107.015326	19.359348	9.863159e+04	2.194514e+01	1.087190e+05	1.080831e+05	5.756767e+04	5.669994e+04	9.999000e+03	4.406912e+01	2022	8	4	18
	2035	1165	106.171577	19.265598	9.851196e+04	2.251262e+01	1.087660e+05	1.081459e+05	5.750434e+04	5.656347e+04	9.999000e+03	3.706350e+01	2022	8	5	0
	2031	1163	105.609077	19.078098	9.881666e+04	2.255028e+01	1.088572e+05	1.081746e+05	5.752712e+04	5.672209e+04	9.999000e+03	3.296611e+01	2022	8	5	6
	2021	1153	104.202829	18.140600	9.929916e+04	1.647697e+01	1.087988e+05	1.082635e+05	5.751026e+04	5.689139e+04	9.999000e+03	3.177082e+01	2022	8	5	12
	2020	1154	104.062204	18.234350	9.940348e+04	1.637877e+01	1.087702e+05	1.082622e+05	5.753485e+04	5.683433e+04	9.999000e+03	2.852163e+01	2022	8	5	18
	2018	1154	103.780954	18.234350	9.954457e+04	1.171618e+01	1.087194e+05	1.082741e+05	5.749075e+04	5.689027e+04	9.999000e+03	2.115615e+01	2022	8	6	0
	2018	1154	103.780954	18.234350	9.967647e+04	8.575684e+00	1.088228e+05	1.084005e+05	5.764127e+04	5.714655e+04	9.999000e+03	2.222672e+01	2022	8	6	6
	2013	1151	103.077830	17.953100	9.976620e+04	6.713750e+00	1.088001e+05	1.084156e+05	5.759945e+04	5.719931e+04	9.999000e+03	2.172542e+01	2022	8	6	12
start	15	2022	8	2	18
	1920	1159	89.999719	18.703099	9.913579e+04	1.517548e+01	1.087487e+05	1.082251e+05	5.752173e+04	5.693628e+04	3.042574e+02	4.647949e+01	2022	8	2	18
	1919	1156	89.859094	18.421849	9.889670e+04	1.934263e+01	1.086066e+05	1.079064e+05	5.730995e+04	5.664883e+04	3.040101e+02	4.632186e+01	2022	8	3	0
	1915	1159	89.296594	18.703099	9.896179e+04	1.610288e+01	1.088246e+05	1.080538e+05	5.736703e+04	5.675811e+04	3.043934e+02	3.331166e+01	2022	8	3	6
	1915	1166	89.296594	19.359348	9.880677e+04	1.500012e+01	1.088398e+05	1.079938e+05	5.736287e+04	5.665775e+04	3.045859e+02	2.296039e+01	2022	8	3	12
	1902	1178	87.468471	20.484347	9.903662e+04	1.351097e+01	1.089064e+05	1.081953e+05	5.758633e+04	5.683073e+04	9.999000e+03	3.112681e+01	2022	8	3	18
	1892	1170	86.062223	19.734348	9.869688e+04	1.424732e+01	1.086977e+05	1.079841e+05	5.727603e+04	5.649601e+04	9.999000e+03	2.928416e+01	2022	8	4	0
	1890	1171	85.780973	19.828097	9.870777e+04	1.563266e+01	1.088431e+05	1.081342e+05	5.740880e+04	5.668502e+04	9.999000e+03	2.378396e+01	2022	8	4	6
	1875	1181	83.671600	20.765596	9.867058e+04	1.109099e+01	1.088855e+05	1.080533e+05	5.732357e+04	5.653841e+04	9.999000e+03	2.512246e+01	2022	8	4	12
	1869	1180	82.827851	20.671846	9.901754e+04	6.937831e+00	1.089699e+05	1.081975e+05	5.752313e+04	5.668089e+04	9.999000e+03	3.448384e+01	2022	8	4	18
	1859	1183	81.421603	20.953096	9.888857e+04	7.734176e+00	1.087665e+05	1.080555e+05	5.736363e+04	5.650400e+04	9.999000e+03	3.665849e+01	2022	8	5	0
	1848	1170	79.874729	19.734348	9.890054e+04	1.147076e+01	1.087754e+05	1.082064e+05	5.731834e+04	5.660908e+04	9.999000e+03	4.099467e+01	2022	8	5	6
	1848	1173	79.874729	20.015597	9.870718e+04	1.086214e+01	1.088574e+05	1.081930e+05	5.723772e+04	5.654753e+04	9.999000e+03	3.428016e+01	2022	8	5	12
	1848	1181	79.874729	20.765596	9.912234e+04	8.786973e+00	1.090214e+05	1.084249e+05	5.753244e+04	5.680393e+04	9.999000e+03	2.771955e+01	2022	8	5	18
	1846	1183	79.593479	20.953096	9.906595e+04	8.979143e+00	1.088455e+05	1.082633e+05	5.738415e+04	5.670423e+04	9.999000e+03	2.313691e+01	2022	8	6	0
	1836	1186	78.187231	21.234345	9.940221e+04	8.946881e+00	1.091033e+05	1.085230e+05	5.759717e+04	5.701049e+04	9.999000e+03	2.529499e+01	2022	8	6	6
start	33	2022	8	3	18
	2243	1106	135.421546	13.734356	1.001815e+05	9.160562e+00	1.083556e+05	1.081627e+05	5.766109e+04	5.713742e+04	3.041879e+02	2.827733e+01	2022	8	3	18
	2235	1109	134.296547	14.015606	1.002555e+05	8.062342e+00	1.084976e+05	1.082545e+05	5.775057e+04	5.726800e+04	3.042858e+02	3.031932e+01	2022	8	4	0
	2231	1105	133.734048	13.640606	9.995095e+04	9.672284e+00	1.083706e+05	1.081629e+05	5.757014e+04	5.704337e+04	3.044250e+02	3.816482e+01	2022	8	4	6
	2227	1108	133.171549	13.921856	1.000635e+05	1.044571e+01	1.085456e+05	1.083051e+05	5.774496e+04	5.717648e+04	3.042893e+02	3.785828e+01	2022	8	4	12
	2219	1116	132.046550	14.671855	9.981964e+04	1.208509e+01	1.083436e+05	1.081467e+05	5.759559e+04	5.698390e+04	3.043694e+02	4.079105e+01	2022	8	4	18
	2214	1110	131.343426	14.109355	9.988728e+04	1.239238e+01	1.084650e+05	1.082397e+05	5.769689e+04	5.705280e+04	3.043596e+02	5.032104e+01	2022	8	5	0
	2215	1103	131.484050	13.453106	9.961092e+04	1.484529e+01	1.084357e+05	1.080855e+05	5.749759e+04	5.681549e+04	3.046776e+02	5.859413e+01	2022	8	5	6
	2204	1118	129.937177	14.859354	9.972062e+04	1.564734e+01	1.086139e+05	1.081934e+05	5.768166e+04	5.691066e+04	3.043376e+02	5.638860e+01	2022	8	5	12
	2200	1113	129.374678	14.390605	9.943607e+04	1.777279e+01	1.084443e+05	1.080233e+05	5.747213e+04	5.677529e+04	3.043144e+02	5.895285e+01	2022	8	5	18
	2204	1130	129.937177	15.984353	9.954103e+04	1.763883e+01	1.086517e+05	1.081211e+05	5.768149e+04	5.691506e+04	3.041992e+02	5.805449e+01	2022	8	6	0
	2198	1129	129.093428	15.890603	9.931074e+04	1.999248e+01	1.085550e+05	1.080972e+05	5.747227e+04	5.676952e+04	3.045043e+02	5.010929e+01	2022	8	6	6
	2198	1152	129.093428	18.046850	9.942722e+04	1.672975e+01	1.087622e+05	1.082460e+05	5.776488e+04	5.696792e+04	3.041380e+02	4.836411e+01	2022	8	6	12
	2192	1159	128.249679	18.703099	9.917137e+04	1.847841e+01	1.086335e+05	1.081468e+05	5.761050e+04	5.675893e+04	3.040772e+02	4.622775e+01	2022	8	6	18
	2185	1163	127.265305	19.078098	9.920750e+04	1.882080e+01	1.086965e+05	1.082088e+05	5.773141e+04	5.687039e+04	3.042233e+02	4.651594e+01	2022	8	7	0
	2184	1173	127.124680	20.015597	9.897541e+04	2.004906e+01	1.086656e+05	1.081392e+05	5.768625e+04	5.669184e+04	3.043347e+02	4.488737e+01	2022	8	7	6
	2171	1188	125.296557	21.421845	9.898573e+04	1.566980e+01	1.087873e+05	1.081998e+05	5.774089e+04	5.673355e+04	3.041672e+02	4.531210e+01	2022	8	7	12
	2166	1190	124.593433	21.609345	9.876546e+04	2.182356e+01	1.086572e+05	1.080464e+05	5.761645e+04	5.649882e+04	3.040817e+02	4.672741e+01	2022	8	7	18
	2160	1198	123.749683	22.359344	9.875962e+04	2.311999e+01	1.087132e+05	1.080209e+05	5.767557e+04	5.650995e+04	3.040311e+02	4.450888e+01	2022	8	8	0
	2156	1219	123.187184	24.328091	9.855777e+04	2.241080e+01	1.086856e+05	1.079233e+05	5.762850e+04	5.633475e+04	9.999000e+03	3.662358e+01	2022	8	8	6
	2157	1224	123.327809	24.796841	9.858520e+04	2.191231e+01	1.087950e+05	1.081547e+05	5.778257e+04	5.639402e+04	9.999000e+03	3.607122e+01	2022	8	8	12
	2152	1245	122.624685	26.765588	9.857409e+04	2.103826e+01	1.087158e+05	1.081393e+05	5.765584e+04	5.638643e+04	9.999000e+03	4.445060e+01	2022	8	8	18
	2145	1259	121.640311	28.078086	9.858882e+04	1.996503e+01	1.087500e+05	1.079721e+05	5.756085e+04	5.644001e+04	9.999000e+03	4.402651e+01	2022	8	9	0
	2145	1267	121.640311	28.828085	9.840168e+04	2.081281e+01	1.087487e+05	1.078995e+05	5.734508e+04	5.627978e+04	9.999000e+03	3.803704e+01	2022	8	9	6
	2151	1283	122.484060	30.328083	9.844490e+04	1.918174e+01	1.087835e+05	1.077927e+05	5.752322e+04	5.629228e+04	9.999000e+03	3.208463e+01	2022	8	9	12
	2151	1305	122.484060	32.390580	9.825387e+04	2.168484e+01	1.085895e+05	1.069787e+05	5.724659e+04	5.620389e+04	9.999000e+03	3.580762e+01	2022	8	9	18
	2159	1320	123.609059	33.796828	9.816761e+04	2.088043e+01	1.086241e+05	1.067365e+05	5.732175e+04	5.602531e+04	3.011927e+02	3.390539e+01	2022	8	10	0
	2174	1327	125.718431	34.453077	9.792936e+04	2.209387e+01	1.087403e+05	1.066732e+05	5.745389e+04	5.576525e+04	9.999000e+03	2.435113e+01	2022	8	10	6
	2180	1355	126.562181	37.078073	9.793188e+04	1.921873e+01	1.086684e+05	1.060353e+05	5.731545e+04	5.569739e+04	9.999000e+03	2.809067e+01	2022	8	10	12
	2195	1373	128.671553	38.765571	9.773454e+04	1.833551e+01	1.084084e+05	1.057430e+05	5.701219e+04	5.530438e+04	9.999000e+03	2.631293e+01	2022	8	10	18
	2201	1380	129.515302	39.421820	9.769534e+04	2.012481e+01	1.083092e+05	1.056720e+05	5.699746e+04	5.511471e+04	9.999000e+03	2.124758e+01	2022	8	11	0
	2212	1394	131.062176	40.734318	9.745076e+04	1.922529e+01	1.083114e+05	1.055472e+05	5.694862e+04	5.498241e+04	9.999000e+03	1.759393e+01	2022	8	11	6
	2222	1401	132.468424	41.390567	9.777271e+04	2.026365e+01	1.083027e+05	1.054925e+05	5.716038e+04	5.500459e+04	9.999000e+03	9.538793e+00	2022	8	11	12
	2236	1411	134.437172	42.328066	9.830387e+04	2.106841e+01	1.080224e+05	1.051448e+05	5.710030e+04	5.507856e+04	9.999000e+03	1.346679e+01	2022	8	11	18
start	15	2022	8	10	18
	1913	1178	89.015345	20.484347	9.945787e+04	1.311766e+01	1.087568e+05	1.083932e+05	5.746162e+04	5.702876e+04	9.999000e+03	4.640201e+01	2022	8	10	18
	1910	1178	88.593470	20.484347	9.923937e+04	1.384947e+01	1.085808e+05	1.081121e+05	5.731489e+04	5.679026e+04	9.999000e+03	3.675550e+01	2022	8	11	0
	1917	1181	89.577844	20.765596	9.927772e+04	1.430489e+01	1.088085e+05	1.082487e+05	5.746705e+04	5.683496e+04	9.999000e+03	3.359381e+01	2022	8	11	6
	1914	1200	89.155970	22.546844	9.903136e+04	1.575881e+01	1.087778e+05	1.081692e+05	5.731389e+04	5.669950e+04	9.999000e+03	2.737699e+01	2022	8	11	12
	1906	1202	88.030971	22.734343	9.930021e+04	1.251158e+01	1.088516e+05	1.083290e+05	5.744257e+04	5.686584e+04	9.999000e+03	3.078068e+01	2022	8	11	18
	1906	1202	88.030971	22.734343	9.916756e+04	1.254206e+01	1.087147e+05	1.081546e+05	5.736441e+04	5.671471e+04	9.999000e+03	2.705443e+01	2022	8	12	0
	1899	1207	87.046597	23.203093	9.929402e+04	1.125748e+01	1.088988e+05	1.082772e+05	5.755240e+04	5.687106e+04	9.999000e+03	2.776718e+01	2022	8	12	6
	1886	1221	85.218474	24.515591	9.914588e+04	7.635395e+00	1.089221e+05	1.082575e+05	5.743666e+04	5.676354e+04	9.999000e+03	1.706425e+01	2022	8	12	12
	1877	1218	83.952850	24.234341	9.942649e+04	6.829509e+00	1.090196e+05	1.084422e+05	5.766695e+04	5.695755e+04	9.999000e+03	2.374778e+01	2022	8	12	18
	1865	1218	82.265352	24.234341	9.933470e+04	6.218965e+00	1.088244e+05	1.083188e+05	5.752364e+04	5.683305e+04	9.999000e+03	2.795838e+01	2022	8	13	0
	1858	1213	81.280978	23.765592	9.947268e+04	8.486011e+00	1.090884e+05	1.085340e+05	5.765709e+04	5.706018e+04	9.999000e+03	2.776267e+01	2022	8	13	6
	1853	1204	80.577853	22.921843	9.931629e+04	8.603498e+00	1.090130e+05	1.084574e+05	5.747573e+04	5.692939e+04	9.999000e+03	2.100897e+01	2022	8	13	12
	1852	1196	80.437229	22.171844	9.961202e+04	8.912009e+00	1.090295e+05	1.085166e+05	5.758985e+04	5.709234e+04	9.999000e+03	2.872525e+01	2022	8	13	18
	1859	1194	81.421603	21.984344	9.941562e+04	1.096585e+01	1.089101e+05	1.083072e+05	5.742525e+04	5.691093e+04	9.999000e+03	2.424828e+01	2022	8	14	0
	1853	1202	80.577853	22.734343	9.968424e+04	9.523323e+00	1.091726e+05	1.085230e+05	5.767259e+04	5.712891e+04	9.999000e+03	1.990381e+01	2022	8	14	6
start	37	2022	8	12	6
	2287	1147	141.609040	17.578101	1.002439e+05	1.265073e+01	1.088431e+05	1.083485e+05	5.788018e+04	5.735181e+04	3.042687e+02	2.633184e+01	2022	8	12	6
	2272	1152	139.499667	18.046850	1.003887e+05	8.838260e+00	1.089032e+05	1.085358e+05	5.796811e+04	5.754560e+04	3.040275e+02	2.578623e+01	2022	8	12	12
	2265	1154	138.515293	18.234350	1.001620e+05	9.761772e+00	1.087381e+05	1.083256e+05	5.783561e+04	5.736400e+04	3.039654e+02	2.495037e+01	2022	8	12	18
	2269	1168	139.077792	19.546848	1.003149e+05	1.029297e+01	1.089732e+05	1.085833e+05	5.805375e+04	5.752280e+04	3.040603e+02	2.119763e+01	2022	8	13	0
	2267	1171	138.796543	19.828097	1.000663e+05	1.131880e+01	1.088557e+05	1.084494e+05	5.794561e+04	5.737944e+04	3.047299e+02	2.731486e+01	2022	8	13	6
	2260	1174	137.812169	20.109347	1.002070e+05	1.054395e+01	1.090299e+05	1.085965e+05	5.807058e+04	5.749702e+04	3.041539e+02	2.524771e+01	2022	8	13	12
	2260	1173	137.812169	20.015597	1.000152e+05	1.371227e+01	1.087580e+05	1.083932e+05	5.784825e+04	5.728338e+04	3.039717e+02	2.413227e+01	2022	8	13	18
	2252	1188	136.687170	21.421845	1.000939e+05	1.150526e+01	1.089226e+05	1.085049e+05	5.798470e+04	5.741534e+04	3.038680e+02	2.289136e+01	2022	8	14	0
	2262	1182	138.093419	20.859346	9.989955e+04	1.452728e+01	1.087798e+05	1.084418e+05	5.782310e+04	5.728827e+04	3.048802e+02	1.817361e+01	2022	8	14	6
	2260	1188	137.812169	21.421845	1.000214e+05	1.360742e+01	1.089201e+05	1.086066e+05	5.795913e+04	5.742542e+04	3.044008e+02	2.108010e+01	2022	8	14	12
	2258	1197	137.530919	22.265594	9.977455e+04	1.405613e+01	1.087192e+05	1.084223e+05	5.773216e+04	5.724907e+04	3.038957e+02	1.893604e+01	2022	8	14	18
	2253	1200	136.827795	22.546844	9.987825e+04	1.313973e+01	1.087188e+05	1.084854e+05	5.778206e+04	5.729576e+04	3.039011e+02	1.469106e+01	2022	8	15	0
	2248	1199	136.124671	22.453094	9.966496e+04	1.253030e+01	1.085594e+05	1.083643e+05	5.765725e+04	5.713204e+04	3.050905e+02	1.555143e+01	2022	8	15	6
	2236	1192	134.437172	21.796845	9.977354e+04	1.239259e+01	1.087989e+05	1.085093e+05	5.778268e+04	5.722677e+04	3.044214e+02	2.001055e+01	2022	8	15	12
	2246	1192	135.843421	21.796845	9.954965e+04	1.327917e+01	1.085128e+05	1.082111e+05	5.749788e+04	5.697568e+04	3.038988e+02	2.200153e+01	2022	8	15	18
	2246	1192	135.843421	21.796845	9.957728e+04	1.366284e+01	1.084923e+05	1.082421e+05	5.756160e+04	5.702112e+04	3.038782e+02	2.260181e+01	2022	8	16	0
	2247	1192	135.984046	21.796845	9.929184e+04	1.337919e+01	1.083499e+05	1.080892e+05	5.742240e+04	5.677634e+04	3.046918e+02	2.220058e+01	2022	8	16	6
	2247	1187	135.984046	21.328095	9.935478e+04	1.560793e+01	1.084834e+05	1.081813e+05	5.758244e+04	5.685521e+04	3.041452e+02	2.625837e+01	2022	8	16	12
	2250	1182	136.405920	20.859346	9.912959e+04	1.701340e+01	1.083303e+05	1.079646e+05	5.743671e+04	5.660104e+04	3.038621e+02	2.869871e+01	2022	8	16	18
	2253	1193	136.827795	21.890595	9.920884e+04	1.931352e+01	1.084761e+05	1.080691e+05	5.757027e+04	5.676132e+04	3.039217e+02	2.409184e+01	2022	8	17	0
	2257	1198	137.390294	22.359344	9.899592e+04	2.023328e+01	1.084160e+05	1.080556e+05	5.740561e+04	5.665115e+04	3.043990e+02	1.817576e+01	2022	8	17	6
	2264	1198	138.374668	22.359344	9.913807e+04	1.908467e+01	1.086278e+05	1.081809e+05	5.768173e+04	5.683884e+04	3.038938e+02	1.925353e+01	2022	8	17	12
	2270	1207	139.218417	23.203093	9.893579e+04	1.972124e+01	1.085205e+05	1.079002e+05	5.747265e+04	5.663960e+04	3.037381e+02	2.440752e+01	2022	8	17	18
	2276	1214	140.062166	23.859342	9.903370e+04	1.871015e+01	1.086403e+05	1.080617e+05	5.760365e+04	5.668708e+04	3.036123e+02	2.289206e+01	2022	8	18	0
	2286	1221	141.468415	24.515591	9.876275e+04	2.022300e+01	1.085611e+05	1.080187e+05	5.749045e+04	5.650986e+04	3.035308e+02	1.530890e+01	2022	8	18	6
	2294	1229	142.593414	25.265590	9.889507e+04	2.044747e+01	1.087172e+05	1.081039e+05	5.771988e+04	5.664555e+04	3.032128e+02	1.610166e+01	2022	8	18	12
	2302	1238	143.718413	26.109339	9.870083e+04	2.167793e+01	1.085798e+05	1.078559e+05	5.757374e+04	5.641788e+04	3.030928e+02	2.061564e+01	2022	8	18	18
	2308	1245	144.562162	26.765588	9.880611e+04	2.035912e+01	1.086594e+05	1.078541e+05	5.769954e+04	5.646572e+04	3.025667e+02	1.484941e+01	2022	8	19	0
	2318	1255	145.968410	27.703087	9.855982e+04	2.050198e+01	1.085826e+05	1.077270e+05	5.758946e+04	5.628932e+04	3.018484e+02	1.218286e+01	2022	8	19	6
	2327	1262	147.234034	28.359336	9.869931e+04	2.095514e+01	1.087560e+05	1.076782e+05	5.777745e+04	5.638649e+04	3.015404e+02	2.055156e+01	2022	8	19	12
	2339	1274	148.921532	29.484334	9.830153e+04	2.319381e+01	1.085088e+05	1.073158e+05	5.760148e+04	5.619021e+04	3.012975e+02	2.303032e+01	2022	8	19	18
	2351	1288	150.609030	30.796832	9.827486e+04	2.306957e+01	1.086023e+05	1.069454e+05	5.771746e+04	5.634850e+04	3.010836e+02	1.857087e+01	2022	8	20	0
	2370	1305	153.280903	32.390580	9.811149e+04	2.443763e+01	1.084718e+05	1.064492e+05	5.764945e+04	5.605188e+04	3.002175e+02	2.076786e+01	2022	8	20	6
	2385	1322	155.390275	33.984328	9.800805e+04	2.432172e+01	1.084435e+05	1.056889e+05	5.769946e+04	5.586081e+04	2.989949e+02	2.173374e+01	2022	8	20	12
	2407	1344	158.484022	36.046825	9.824436e+04	2.571815e+01	1.082239e+05	1.052346e+05	5.761737e+04	5.555924e+04	2.968171e+02	3.035270e+01	2022	8	20	18
	2431	1368	161.859019	38.296822	9.849077e+04	2.526196e+01	1.083460e+05	1.050942e+05	5.767480e+04	5.546386e+04	2.958376e+02	3.085257e+01	2022	8	21	0
	2451	1389	164.671516	40.265569	9.863147e+04	2.049630e+01	1.083184e+05	1.045380e+05	5.769663e+04	5.520434e+04	2.944687e+02	2.188570e+01	2022	8	21	6
start	23	2022	8	14	18
	327	1094	-134.015673	12.609357	1.008726e+05	1.152230e+01	1.084556e+05	1.081911e+05	5.789948e+04	5.763877e+04	3.021124e+02	1.735884e+01	2022	8	14	18
	329	1091	-133.734423	12.328108	1.005510e+05	1.215252e+01	1.082556e+05	1.080200e+05	5.769411e+04	5.732819e+04	3.025103e+02	1.783630e+01	2022	8	15	0
	329	1094	-133.734423	12.609357	1.007164e+05	1.100140e+01	1.083425e+05	1.081196e+05	5.786952e+04	5.747264e+04	3.021509e+02	2.079515e+01	2022	8	15	6
	321	1101	-134.859422	13.265607	1.004491e+05	1.367994e+01	1.081206e+05	1.078724e+05	5.764575e+04	5.723864e+04	3.020351e+02	2.017270e+01	2022	8	15	12
	316	1098	-135.562546	12.984357	1.006318e+05	1.348029e+01	1.083334e+05	1.080810e+05	5.781166e+04	5.740584e+04	3.019310e+02	1.581179e+01	2022	8	15	18
	320	1091	-135.000047	12.328108	1.003533e+05	1.437544e+01	1.082499e+05	1.079323e+05	5.765652e+04	5.731638e+04	3.027443e+02	2.158136e+01	2022	8	16	0
	322	1094	-134.718797	12.609357	1.005648e+05	1.495142e+01	1.084456e+05	1.080660e+05	5.786988e+04	5.751993e+04	3.022611e+02	2.015148e+01	2022	8	16	6
	320	1097	-135.000047	12.890607	1.003092e+05	1.501250e+01	1.081643e+05	1.078081e+05	5.765511e+04	5.731507e+04	3.020391e+02	1.847014e+01	2022	8	16	12
	311	1091	-136.265671	12.328108	1.004827e+05	1.514261e+01	1.083121e+05	1.080235e+05	5.780516e+04	5.746392e+04	3.020473e+02	1.756048e+01	2022	8	16	18
	308	1095	-136.687545	12.703107	1.002274e+05	1.602111e+01	1.081972e+05	1.078360e+05	5.763502e+04	5.722276e+04	3.028561e+02	1.753008e+01	2022	8	17	0
	306	1089	-136.968795	12.140608	1.004519e+05	1.557505e+01	1.083242e+05	1.079783e+05	5.775209e+04	5.745912e+04	3.021163e+02	1.813916e+01	2022	8	17	6
	304	1094	-137.250045	12.609357	1.001653e+05	1.534238e+01	1.080932e+05	1.078139e+05	5.762478e+04	5.716779e+04	3.019812e+02	1.560344e+01	2022	8	17	12
	298	1088	-138.093794	12.046858	1.004168e+05	1.433957e+01	1.082049e+05	1.079024e+05	5.777141e+04	5.735947e+04	3.020905e+02	1.025680e+01	2022	8	17	18
	292	1092	-138.937543	12.421858	1.001735e+05	1.566583e+01	1.081007e+05	1.077811e+05	5.762581e+04	5.717646e+04	3.020312e+02	1.306620e+01	2022	8	18	0
	288	1092	-139.500042	12.421858	1.004470e+05	1.537592e+01	1.082775e+05	1.080014e+05	5.776720e+04	5.737443e+04	3.019997e+02	1.544485e+01	2022	8	18	6
	279	1092	-140.765666	12.421858	1.002302e+05	1.612169e+01	1.080742e+05	1.077755e+05	5.757746e+04	5.716451e+04	3.019704e+02	1.492912e+01	2022	8	18	12
	277	1092	-141.046916	12.421858	1.004314e+05	1.580207e+01	1.081878e+05	1.079489e+05	5.783202e+04	5.734453e+04	3.019607e+02	1.180037e+01	2022	8	18	18
	272	1099	-141.750040	13.078107	1.002142e+05	1.481419e+01	1.081402e+05	1.078545e+05	5.763159e+04	5.720140e+04	3.017143e+02	9.043796e+00	2022	8	19	0
	271	1101	-141.890665	13.265607	1.004585e+05	1.615494e+01	1.082573e+05	1.080448e+05	5.784824e+04	5.739819e+04	3.015299e+02	9.551594e+00	2022	8	19	6
	264	1107	-142.875039	13.828106	1.002723e+05	1.839420e+01	1.080660e+05	1.078153e+05	5.762701e+04	5.727663e+04	3.011547e+02	1.395212e+01	2022	8	19	12
	256	1107	-144.000038	13.828106	1.003742e+05	1.699316e+01	1.082286e+05	1.080024e+05	5.783581e+04	5.734295e+04	3.008668e+02	9.061390e+00	2022	8	19	18
	258	1109	-143.718788	14.015606	1.002244e+05	1.578602e+01	1.080737e+05	1.078911e+05	5.769968e+04	5.734032e+04	3.011027e+02	4.501561e+00	2022	8	20	0
	255	1114	-144.140662	14.484355	1.005097e+05	1.426394e+01	1.082251e+05	1.080990e+05	5.790691e+04	5.761800e+04	3.007267e+02	4.746409e+00	2022	8	20	6
start	30	2022	8	17	12
	547	1118	-103.078205	14.859354	1.006172e+05	1.412100e+01	1.082854e+05	1.080317e+05	5.777878e+04	5.740644e+04	3.037305e+02	3.989392e+01	2022	8	17	12
	541	1128	-103.921954	15.796853	1.006596e+05	1.577542e+01	1.085408e+05	1.081501e+05	5.794682e+04	5.751798e+04	3.036938e+02	3.786882e+01	2022	8	17	18
	527	1128	-105.890702	15.796853	1.002471e+05	1.818294e+01	1.082493e+05	1.080563e+05	5.772956e+04	5.726537e+04	3.035818e+02	3.744342e+01	2022	8	18	0
	524	1125	-106.312577	15.515603	1.003168e+05	1.733165e+01	1.083930e+05	1.081343e+05	5.787130e+04	5.734539e+04	3.033459e+02	4.331715e+01	2022	8	18	6
	523	1130	-106.453202	15.984353	9.996095e+04	1.663755e+01	1.081541e+05	1.078728e+05	5.765892e+04	5.701652e+04	3.032153e+02	3.655763e+01	2022	8	18	12
	515	1133	-107.578200	16.265602	1.000304e+05	1.664011e+01	1.083016e+05	1.080486e+05	5.784167e+04	5.714626e+04	3.030435e+02	3.362817e+01	2022	8	18	18
	513	1133	-107.859450	16.265602	9.971070e+04	1.882965e+01	1.082483e+05	1.078893e+05	5.764348e+04	5.686518e+04	3.028725e+02	3.555668e+01	2022	8	19	0
	507	1138	-108.703199	16.734352	9.986452e+04	1.826055e+01	1.083763e+05	1.080617e+05	5.780464e+04	5.704455e+04	3.029589e+02	3.932656e+01	2022	8	19	6
	502	1140	-109.406324	16.921851	9.951577e+04	1.857778e+01	1.081444e+05	1.077803e+05	5.761183e+04	5.671855e+04	3.029734e+02	3.442971e+01	2022	8	19	12
	500	1145	-109.687573	17.390601	9.963438e+04	1.887428e+01	1.084213e+05	1.079325e+05	5.784522e+04	5.685143e+04	3.028513e+02	3.316319e+01	2022	8	19	18
	497	1150	-110.109448	17.859350	9.930174e+04	1.869259e+01	1.084150e+05	1.077936e+05	5.769093e+04	5.660284e+04	3.027325e+02	3.132336e+01	2022	8	20	0
	494	1152	-110.531322	18.046850	9.945030e+04	1.877934e+01	1.085363e+05	1.079982e+05	5.786800e+04	5.679006e+04	3.025384e+02	3.816456e+01	2022	8	20	6
	489	1159	-111.234447	18.703099	9.915066e+04	1.904444e+01	1.083590e+05	1.077692e+05	5.770265e+04	5.655378e+04	3.023781e+02	3.026243e+01	2022	8	20	12
	486	1164	-111.656321	19.171848	9.925788e+04	2.167846e+01	1.084933e+05	1.079036e+05	5.785784e+04	5.664756e+04	3.021788e+02	2.106918e+01	2022	8	20	18
	481	1169	-112.359445	19.640598	9.897901e+04	1.990176e+01	1.084226e+05	1.077119e+05	5.771004e+04	5.642829e+04	3.018412e+02	1.349393e+01	2022	8	21	0
	478	1174	-112.781320	20.109347	9.916198e+04	2.092740e+01	1.085097e+05	1.077733e+05	5.787671e+04	5.652007e+04	3.014774e+02	1.200446e+01	2022	8	21	6
	473	1176	-113.484444	20.296847	9.893170e+04	1.902617e+01	1.082940e+05	1.076611e+05	5.771318e+04	5.636618e+04	3.009009e+02	9.475542e+00	2022	8	21	12
	471	1178	-113.765694	20.484347	9.926355e+04	1.911806e+01	1.084862e+05	1.079585e+05	5.789348e+04	5.666568e+04	3.007916e+02	7.381948e+00	2022	8	21	18
	468	1183	-114.187569	20.953096	9.915185e+04	1.766513e+01	1.084744e+05	1.079108e+05	5.774171e+04	5.660166e+04	3.005055e+02	3.700096e+00	2022	8	22	0
	465	1186	-114.609443	21.234345	9.955798e+04	1.668756e+01	1.084773e+05	1.081242e+05	5.792183e+04	5.690905e+04	3.004016e+02	5.936677e+00	2022	8	22	6
	459	1193	-115.453192	21.890595	9.943388e+04	1.678942e+01	1.082738e+05	1.078998e+05	5.772925e+04	5.680955e+04	2.999416e+02	4.296566e+00	2022	8	22	12
	456	1195	-115.875067	22.078094	9.975675e+04	1.493678e+01	1.085446e+05	1.081386e+05	5.792285e+04	5.711964e+04	2.998607e+02	5.543053e+00	2022	8	22	18
	453	1200	-116.296941	22.546844	9.960961e+04	1.521712e+01	1.084831e+05	1.080722e+05	5.779640e+04	5.702042e+04	2.994503e+02	4.648558e+00	2022	8	23	0
	450	1202	-116.718816	22.734343	9.993425e+04	1.463732e+01	1.085225e+05	1.081552e+05	5.790948e+04	5.726543e+04	2.993150e+02	5.070328e+00	2022	8	23	6
	446	1205	-117.281315	23.015593	9.979030e+04	1.572049e+01	1.082442e+05	1.079487e+05	5.774334e+04	5.709485e+04	2.992063e+02	2.929013e+00	2022	8	23	12
	442	1204	-117.843815	22.921843	1.001251e+05	1.403398e+01	1.085000e+05	1.081436e+05	5.792043e+04	5.738759e+04	2.992003e+02	2.149138e+00	2022	8	23	18
	438	1204	-118.406314	22.921843	9.996813e+04	1.500103e+01	1.083940e+05	1.081073e+05	5.778808e+04	5.728655e+04	2.992104e+02	1.055758e+00	2022	8	24	0
	436	1202	-118.687564	22.734343	1.002868e+05	1.372925e+01	1.084746e+05	1.082381e+05	5.792465e+04	5.750118e+04	2.993230e+02	2.100094e+00	2022	8	24	6
	432	1202	-119.250063	22.734343	1.001156e+05	1.274944e+01	1.081730e+05	1.079461e+05	5.775643e+04	5.728302e+04	2.992495e+02	1.507132e+00	2022	8	24	12
	429	1199	-119.671938	22.453094	1.003755e+05	1.370065e+01	1.083829e+05	1.081068e+05	5.793118e+04	5.751967e+04	2.995504e+02	1.554959e+00	2022	8	24	18
start	11	2022	8	28	6
	514	1169	-107.718825	19.640598	1.003287e+05	1.365333e+01	1.083239e+05	1.080860e+05	5.770289e+04	5.718684e+04	3.037235e+02	1.826407e+01	2022	8	28	6
	512	1173	-108.000075	20.015597	1.000261e+05	1.430801e+01	1.081089e+05	1.077600e+05	5.750230e+04	5.695734e+04	3.035426e+02	1.616771e+01	2022	8	28	12
	509	1181	-108.421950	20.765596	1.001218e+05	1.460730e+01	1.082959e+05	1.079524e+05	5.764255e+04	5.714357e+04	3.037723e+02	1.896986e+01	2022	8	28	18
	508	1185	-108.562574	21.140596	9.981112e+04	1.530631e+01	1.081798e+05	1.077777e+05	5.748532e+04	5.693302e+04	3.038097e+02	2.034568e+01	2022	8	29	0
	506	1197	-108.843824	22.265594	1.000581e+05	1.538634e+01	1.082672e+05	1.079799e+05	5.767964e+04	5.719085e+04	9.999000e+03	2.296533e+01	2022	8	29	6
	503	1209	-109.265699	23.390592	9.981029e+04	1.752499e+01	1.080925e+05	1.077521e+05	5.754599e+04	5.693868e+04	9.999000e+03	1.659246e+01	2022	8	29	12
	497	1221	-110.109448	24.515591	1.000091e+05	1.832923e+01	1.083158e+05	1.079451e+05	5.777512e+04	5.703909e+04	9.999000e+03	1.382422e+01	2022	8	29	18
	494	1226	-110.531322	24.984340	9.991755e+04	1.635511e+01	1.082966e+05	1.079172e+05	5.768402e+04	5.676835e+04	9.999000e+03	1.119815e+01	2022	8	30	0
	485	1229	-111.796946	25.265590	1.003172e+05	1.707631e+01	1.083506e+05	1.080650e+05	5.791132e+04	5.713671e+04	9.999000e+03	9.235557e+00	2022	8	30	6
	477	1243	-112.921945	26.578088	1.003011e+05	1.610685e+01	1.081725e+05	1.078591e+05	5.795465e+04	5.720799e+04	9.999000e+03	4.753864e+00	2022	8	30	12
	474	1245	-113.343819	26.765588	1.005829e+05	1.421287e+01	1.084414e+05	1.081085e+05	5.821390e+04	5.758070e+04	9.999000e+03	3.863060e+00	2022	8	30	18
start	39	2022	8	31	18
	585	1066	-97.734461	9.984361	1.010447e+05	1.223918e+01	1.081548e+05	1.080381e+05	5.795129e+04	5.765409e+04	3.015662e+02	2.239819e+01	2022	8	31	18
	578	1073	-98.718835	10.640610	1.008216e+05	1.318698e+01	1.080841e+05	1.079238e+05	5.780792e+04	5.746543e+04	3.015993e+02	2.352007e+01	2022	9	1	0
	568	1078	-100.125083	11.109360	1.010463e+05	1.310348e+01	1.082317e+05	1.081059e+05	5.797171e+04	5.762530e+04	3.017227e+02	2.661417e+01	2022	9	1	6
	561	1080	-101.109457	11.296859	1.008131e+05	1.199444e+01	1.080672e+05	1.078327e+05	5.782047e+04	5.739989e+04	3.016881e+02	2.702636e+01	2022	9	1	12
	551	1092	-102.515706	12.421858	1.009409e+05	1.322360e+01	1.082790e+05	1.080659e+05	5.803471e+04	5.760998e+04	3.021342e+02	1.844749e+01	2022	9	1	18
	546	1088	-103.218830	12.046858	1.005985e+05	1.196147e+01	1.080877e+05	1.078607e+05	5.776248e+04	5.738430e+04	3.020609e+02	2.246609e+01	2022	9	2	0
	543	1092	-103.640705	12.421858	1.008071e+05	1.141527e+01	1.082776e+05	1.080646e+05	5.794117e+04	5.757204e+04	3.020461e+02	3.165607e+01	2022	9	2	6
	538	1092	-104.343829	12.421858	1.004975e+05	1.299600e+01	1.079899e+05	1.078077e+05	5.768188e+04	5.727345e+04	3.020972e+02	2.922744e+01	2022	9	2	12
	537	1099	-104.484454	13.078107	1.006760e+05	1.327016e+01	1.081916e+05	1.080058e+05	5.791575e+04	5.742135e+04	3.021228e+02	1.665488e+01	2022	9	2	18
	534	1106	-104.906328	13.734356	1.002945e+05	1.409859e+01	1.080478e+05	1.077659e+05	5.768995e+04	5.710979e+04	3.021381e+02	1.733754e+01	2022	9	3	0
	530	1109	-105.468828	14.015606	1.004655e+05	1.352007e+01	1.081544e+05	1.079279e+05	5.785526e+04	5.719810e+04	3.021096e+02	2.788000e+01	2022	9	3	6
	528	1109	-105.750077	14.015606	1.000330e+05	1.567276e+01	1.079325e+05	1.076350e+05	5.763309e+04	5.683422e+04	3.021087e+02	3.046728e+01	2022	9	3	12
	524	1114	-106.312577	14.484355	1.001042e+05	1.719641e+01	1.081613e+05	1.078292e+05	5.787580e+04	5.695987e+04	3.021075e+02	2.208406e+01	2022	9	3	18
	517	1118	-107.296951	14.859354	9.965719e+04	1.789759e+01	1.079997e+05	1.075269e+05	5.769306e+04	5.658760e+04	3.021313e+02	1.797018e+01	2022	9	4	0
	514	1119	-107.718825	14.953104	9.978809e+04	1.986748e+01	1.081902e+05	1.077838e+05	5.788388e+04	5.681280e+04	3.020338e+02	3.075611e+01	2022	9	4	6
	507	1123	-108.703199	15.328104	9.943026e+04	1.909707e+01	1.079708e+05	1.074749e+05	5.768252e+04	5.656232e+04	3.019392e+02	2.768651e+01	2022	9	4	12
	501	1126	-109.546948	15.609353	9.958486e+04	2.071475e+01	1.081826e+05	1.076428e+05	5.789909e+04	5.672312e+04	3.020287e+02	2.069192e+01	2022	9	4	18
	495	1128	-110.390698	15.796853	9.922098e+04	2.172507e+01	1.080854e+05	1.074300e+05	5.775716e+04	5.644669e+04	3.021037e+02	1.683368e+01	2022	9	5	0
	489	1131	-111.234447	16.078103	9.939964e+04	2.352907e+01	1.082416e+05	1.076207e+05	5.792082e+04	5.662627e+04	3.022100e+02	2.379993e+01	2022	9	5	6
	484	1133	-111.937571	16.265602	9.908416e+04	2.361384e+01	1.079665e+05	1.074016e+05	5.774838e+04	5.639924e+04	3.021915e+02	2.317498e+01	2022	9	5	12
	478	1135	-112.781320	16.453102	9.908434e+04	2.508870e+01	1.082063e+05	1.076285e+05	5.787571e+04	5.642586e+04	3.021371e+02	1.993725e+01	2022	9	5	18
	476	1138	-113.062570	16.734352	9.875795e+04	2.505942e+01	1.080163e+05	1.074213e+05	5.770050e+04	5.615423e+04	3.020791e+02	1.762151e+01	2022	9	6	0
	472	1145	-113.625069	17.390601	9.885934e+04	2.529772e+01	1.082181e+05	1.076437e+05	5.789000e+04	5.632604e+04	3.017794e+02	2.205228e+01	2022	9	6	6
	471	1152	-113.765694	18.046850	9.856570e+04	2.497915e+01	1.080108e+05	1.073499e+05	5.768130e+04	5.614053e+04	3.015415e+02	2.218217e+01	2022	9	6	12
	469	1159	-114.046944	18.703099	9.871598e+04	2.527858e+01	1.082395e+05	1.074909e+05	5.788630e+04	5.635795e+04	3.015241e+02	1.874979e+01	2022	9	6	18
	465	1166	-114.609443	19.359348	9.827965e+04	2.468266e+01	1.080862e+05	1.073557e+05	5.765997e+04	5.599230e+04	3.017049e+02	1.075572e+01	2022	9	7	0
	465	1171	-114.609443	19.828097	9.875757e+04	2.347160e+01	1.082463e+05	1.076734e+05	5.790600e+04	5.640784e+04	3.013415e+02	1.348682e+01	2022	9	7	6
	466	1176	-114.468818	20.296847	9.862570e+04	2.342481e+01	1.080828e+05	1.076025e+05	5.771542e+04	5.631481e+04	3.006501e+02	1.436148e+01	2022	9	7	12
	466	1181	-114.468818	20.765596	9.903498e+04	2.283707e+01	1.083157e+05	1.078863e+05	5.796001e+04	5.656833e+04	3.002534e+02	1.010699e+01	2022	9	7	18
	466	1181	-114.468818	20.765596	9.885420e+04	2.262628e+01	1.081256e+05	1.077538e+05	5.781706e+04	5.655222e+04	3.001154e+02	7.638208e+00	2022	9	8	0
	466	1183	-114.468818	20.953096	9.928677e+04	2.077811e+01	1.083582e+05	1.079161e+05	5.797096e+04	5.689762e+04	3.002931e+02	8.321416e+00	2022	9	8	6
	465	1186	-114.609443	21.234345	9.926165e+04	2.086612e+01	1.080573e+05	1.076273e+05	5.780074e+04	5.667777e+04	3.003330e+02	1.072305e+01	2022	9	8	12
	461	1186	-115.171943	21.234345	9.936655e+04	2.255521e+01	1.083085e+05	1.077853e+05	5.793665e+04	5.678565e+04	3.001519e+02	9.557288e+00	2022	9	8	18
	459	1186	-115.453192	21.234345	9.909455e+04	2.299656e+01	1.081362e+05	1.076075e+05	5.779030e+04	5.659847e+04	3.003260e+02	5.848197e+00	2022	9	9	0
	457	1186	-115.734442	21.234345	9.956923e+04	2.021974e+01	1.083271e+05	1.077014e+05	5.794262e+04	5.698801e+04	3.004110e+02	4.752143e+00	2022	9	9	6
	451	1185	-116.578191	21.140596	9.962264e+04	1.937712e+01	1.079991e+05	1.074477e+05	5.773730e+04	5.698573e+04	3.008361e+02	4.860634e+00	2022	9	9	12
	451	1182	-116.578191	20.859346	9.993650e+04	1.718683e+01	1.082614e+05	1.075814e+05	5.788571e+04	5.729481e+04	3.012055e+02	6.704553e+00	2022	9	9	18
	450	1185	-116.718816	21.140596	9.977146e+04	1.848038e+01	1.080481e+05	1.074131e+05	5.772316e+04	5.709950e+04	3.006906e+02	7.334996e+00	2022	9	10	0
	446	1188	-117.281315	21.421845	1.000170e+05	1.811976e+01	1.082290e+05	1.075286e+05	5.786198e+04	5.723177e+04	3.005833e+02	6.859287e+00	2022	9	10	6
start	16	2022	9	1	18
	2110	1147	116.718441	17.578101	9.997505e+04	1.222930e+01	1.083285e+05	1.081239e+05	5.757385e+04	5.733941e+04	3.032186e+02	1.638516e+01	2022	9	1	18
	2111	1149	116.859066	17.765600	1.000761e+05	1.305943e+01	1.083483e+05	1.080992e+05	5.770381e+04	5.736905e+04	3.031219e+02	1.706114e+01	2022	9	2	0
	2116	1154	117.562190	18.234350	9.997179e+04	1.395558e+01	1.083475e+05	1.079693e+05	5.761677e+04	5.732045e+04	3.032054e+02	1.525393e+01	2022	9	2	6
	2121	1159	118.265314	18.703099	1.000622e+05	1.358177e+01	1.084555e+05	1.080484e+05	5.774170e+04	5.735161e+04	3.031732e+02	1.281241e+01	2022	9	2	12
	2123	1166	118.546564	19.359348	9.998301e+04	1.393794e+01	1.082901e+05	1.077566e+05	5.762527e+04	5.717351e+04	3.032228e+02	2.203909e+01	2022	9	2	18
	2127	1173	119.109063	20.015597	9.993476e+04	1.766699e+01	1.084965e+05	1.076842e+05	5.774670e+04	5.721543e+04	3.034058e+02	3.143787e+01	2022	9	3	0
	2129	1176	119.390313	20.296847	9.975116e+04	1.753564e+01	1.083214e+05	1.076595e+05	5.763930e+04	5.694823e+04	3.035340e+02	2.391079e+01	2022	9	3	6
	2137	1181	120.515312	20.765596	9.990427e+04	1.864004e+01	1.084211e+05	1.077664e+05	5.781119e+04	5.705245e+04	9.999000e+03	2.035484e+01	2022	9	3	12
	2142	1186	121.218436	21.234345	9.977543e+04	1.832792e+01	1.083779e+05	1.076000e+05	5.765427e+04	5.702061e+04	9.999000e+03	2.306260e+01	2022	9	3	18
	2146	1190	121.780936	21.609345	9.966230e+04	1.860573e+01	1.084938e+05	1.075239e+05	5.770744e+04	5.710276e+04	9.999000e+03	1.958873e+01	2022	9	4	0
	2151	1193	122.484060	21.890595	9.955237e+04	1.706290e+01	1.083445e+05	1.075850e+05	5.762569e+04	5.708662e+04	9.999000e+03	1.546074e+01	2022	9	4	6
	2154	1198	122.905934	22.359344	9.978901e+04	1.340983e+01	1.084380e+05	1.076647e+05	5.774773e+04	5.711691e+04	9.999000e+03	1.260985e+01	2022	9	4	12
	2155	1207	123.046559	23.203093	9.973555e+04	1.478344e+01	1.083135e+05	1.074570e+05	5.761251e+04	5.707619e+04	9.999000e+03	1.811909e+01	2022	9	4	18
	2156	1221	123.187184	24.515591	9.986915e+04	1.538707e+01	1.083986e+05	1.073518e+05	5.766825e+04	5.702562e+04	9.999000e+03	2.130796e+01	2022	9	5	0
	2156	1233	123.187184	25.640589	9.971835e+04	1.646799e+01	1.083405e+05	1.072832e+05	5.752250e+04	5.699459e+04	9.999000e+03	1.770943e+01	2022	9	5	6
	2156	1241	123.187184	26.390588	9.970934e+04	1.789928e+01	1.084236e+05	1.074392e+05	5.767565e+04	5.703019e+04	9.999000e+03	1.757862e+01	2022	9	5	12
start	11	2022	9	5	18
	723	1217	-78.328231	24.140591	1.010465e+05	1.317054e+01	1.080711e+05	1.076272e+05	5.802968e+04	5.749925e+04	9.999000e+03	1.666782e+01	2022	9	5	18
	719	1221	-78.890730	24.515591	1.007911e+05	1.396757e+01	1.080824e+05	1.075683e+05	5.801138e+04	5.734594e+04	9.999000e+03	1.115086e+01	2022	9	6	0
	715	1229	-79.453230	25.265590	1.005914e+05	1.561766e+01	1.081517e+05	1.076460e+05	5.799617e+04	5.725381e+04	9.999000e+03	1.444763e+01	2022	9	6	6
	712	1240	-79.875104	26.296838	1.005070e+05	1.785977e+01	1.081549e+05	1.074228e+05	5.804257e+04	5.704844e+04	9.999000e+03	1.805321e+01	2022	9	6	12
	711	1250	-80.015729	27.234337	1.005212e+05	1.645365e+01	1.081344e+05	1.074957e+05	5.805134e+04	5.717559e+04	9.999000e+03	1.493206e+01	2022	9	6	18
	709	1260	-80.296979	28.171836	1.003679e+05	1.605141e+01	1.081383e+05	1.072793e+05	5.797255e+04	5.719156e+04	9.999000e+03	1.272239e+01	2022	9	7	0
	708	1269	-80.437604	29.015585	1.004101e+05	1.808736e+01	1.081350e+05	1.072321e+05	5.796649e+04	5.733135e+04	9.999000e+03	1.410581e+01	2022	9	7	6
	710	1279	-80.156354	29.953083	1.005026e+05	1.805003e+01	1.081424e+05	1.071178e+05	5.803100e+04	5.740216e+04	9.999000e+03	1.688517e+01	2022	9	7	12
	711	1291	-80.015729	31.078082	1.005882e+05	1.617138e+01	1.081638e+05	1.071786e+05	5.804835e+04	5.745907e+04	9.999000e+03	1.059075e+01	2022	9	7	18
	716	1305	-79.312605	32.390580	1.004543e+05	1.635362e+01	1.081492e+05	1.070477e+05	5.801277e+04	5.723255e+04	9.999000e+03	1.143220e+01	2022	9	8	0
	722	1320	-78.468856	33.796828	1.004986e+05	1.697663e+01	1.080981e+05	1.067230e+05	5.799949e+04	5.696630e+04	9.999000e+03	1.575830e+01	2022	9	8	6
start	50	2022	9	14	18
	2204	1087	129.937177	11.953108	1.004733e+05	9.777055e+00	1.082373e+05	1.081076e+05	5.769370e+04	5.731669e+04	3.031822e+02	2.913679e+01	2022	9	14	18
	2203	1094	129.796552	12.609357	1.006535e+05	9.650930e+00	1.084307e+05	1.082862e+05	5.790682e+04	5.741660e+04	3.031360e+02	2.688649e+01	2022	9	15	0
	2201	1097	129.515302	12.890607	1.003822e+05	1.149133e+01	1.083272e+05	1.081646e+05	5.775092e+04	5.719293e+04	3.032657e+02	2.627329e+01	2022	9	15	6
	2199	1102	129.234053	13.359356	1.005100e+05	1.214166e+01	1.085011e+05	1.083084e+05	5.791727e+04	5.743235e+04	3.031837e+02	2.195692e+01	2022	9	15	12
	2197	1098	128.952803	12.984357	1.002941e+05	1.146916e+01	1.082925e+05	1.081316e+05	5.771531e+04	5.728850e+04	3.031823e+02	2.599205e+01	2022	9	15	18
	2194	1111	128.530928	14.203105	1.004065e+05	1.227789e+01	1.084741e+05	1.083292e+05	5.793311e+04	5.746977e+04	3.031005e+02	3.046578e+01	2022	9	16	0
	2192	1110	128.249679	14.109355	1.000705e+05	1.330744e+01	1.083594e+05	1.081634e+05	5.773077e+04	5.717893e+04	3.034336e+02	2.704778e+01	2022	9	16	6
	2191	1113	128.109054	14.390605	1.002238e+05	1.372888e+01	1.085715e+05	1.083393e+05	5.788469e+04	5.729460e+04	3.031144e+02	2.868459e+01	2022	9	16	12
	2188	1110	127.687179	14.109355	9.993094e+04	1.511783e+01	1.083286e+05	1.080944e+05	5.770909e+04	5.709411e+04	3.032273e+02	3.477365e+01	2022	9	16	18
	2188	1110	127.687179	14.109355	1.000332e+05	1.683208e+01	1.084794e+05	1.082370e+05	5.782971e+04	5.723303e+04	3.031739e+02	3.442990e+01	2022	9	17	0
	2184	1107	127.124680	13.828106	9.962531e+04	1.847040e+01	1.083105e+05	1.079100e+05	5.764104e+04	5.687363e+04	3.033779e+02	3.340422e+01	2022	9	17	6
	2184	1107	127.124680	13.828106	9.969244e+04	1.843739e+01	1.084392e+05	1.081071e+05	5.777546e+04	5.703345e+04	3.033261e+02	3.997350e+01	2022	9	17	12
	2181	1109	126.702805	14.015606	9.944237e+04	2.134727e+01	1.083096e+05	1.078839e+05	5.764420e+04	5.687426e+04	3.032184e+02	3.836538e+01	2022	9	17	18
	2182	1120	126.843430	15.046854	9.963977e+04	2.105728e+01	1.083675e+05	1.079647e+05	5.776846e+04	5.711560e+04	3.032010e+02	2.790603e+01	2022	9	18	0
	2179	1121	126.421556	15.140604	9.939012e+04	2.055349e+01	1.082581e+05	1.078963e+05	5.762199e+04	5.698321e+04	3.033522e+02	2.741904e+01	2022	9	18	6
	2181	1123	126.702805	15.328104	9.954177e+04	1.943358e+01	1.083425e+05	1.080840e+05	5.772039e+04	5.716467e+04	3.032479e+02	2.952055e+01	2022	9	18	12
	2179	1122	126.421556	15.234354	9.920775e+04	2.386931e+01	1.081512e+05	1.078528e+05	5.751813e+04	5.682392e+04	3.032359e+02	3.407587e+01	2022	9	18	18
	2176	1130	125.999681	15.984353	9.935170e+04	2.201018e+01	1.083319e+05	1.080393e+05	5.764685e+04	5.695439e+04	3.033522e+02	3.151547e+01	2022	9	19	0
	2176	1127	125.999681	15.703103	9.901187e+04	2.351354e+01	1.081242e+05	1.076851e+05	5.752121e+04	5.661938e+04	3.032983e+02	3.303228e+01	2022	9	19	6
	2176	1130	125.999681	15.984353	9.914288e+04	2.007825e+01	1.083260e+05	1.078295e+05	5.773270e+04	5.677821e+04	3.032592e+02	3.152130e+01	2022	9	19	12
	2172	1130	125.437182	15.984353	9.897920e+04	1.919154e+01	1.081520e+05	1.077805e+05	5.748910e+04	5.654132e+04	3.032427e+02	3.553690e+01	2022	9	19	18
	2170	1135	125.155932	16.453102	9.902491e+04	1.991821e+01	1.083254e+05	1.077652e+05	5.766408e+04	5.649959e+04	3.033112e+02	3.646025e+01	2022	9	20	0
	2166	1140	124.593433	16.921851	9.863271e+04	1.934864e+01	1.081702e+05	1.076062e+05	5.753575e+04	5.616063e+04	3.033801e+02	3.371530e+01	2022	9	20	6
	2160	1142	123.749683	17.109351	9.862899e+04	2.020318e+01	1.084204e+05	1.076753e+05	5.769453e+04	5.611148e+04	9.999000e+03	3.829023e+01	2022	9	20	12
	2154	1147	122.905934	17.578101	9.856293e+04	2.131530e+01	1.083285e+05	1.075262e+05	5.759090e+04	5.607591e+04	9.999000e+03	3.428240e+01	2022	9	20	18
	2148	1152	122.062185	18.046850	9.908329e+04	2.081058e+01	1.084775e+05	1.078380e+05	5.776934e+04	5.645872e+04	9.999000e+03	3.776537e+01	2022	9	21	0
	2138	1154	120.655937	18.234350	9.895783e+04	2.121053e+01	1.083373e+05	1.077201e+05	5.756968e+04	5.632929e+04	9.999000e+03	3.987540e+01	2022	9	21	6
	2134	1153	120.093437	18.140600	9.906270e+04	1.943091e+01	1.085792e+05	1.078517e+05	5.767962e+04	5.636877e+04	9.999000e+03	3.609101e+01	2022	9	21	12
	2129	1155	119.390313	18.328100	9.876345e+04	1.916743e+01	1.084140e+05	1.075721e+05	5.760590e+04	5.611224e+04	9.999000e+03	3.718378e+01	2022	9	21	18
	2126	1153	118.968438	18.140600	9.892408e+04	1.806171e+01	1.086010e+05	1.078196e+05	5.766551e+04	5.626924e+04	9.999000e+03	3.829038e+01	2022	9	22	0
	2125	1155	118.827814	18.328100	9.874878e+04	1.976467e+01	1.085383e+05	1.078462e+05	5.749819e+04	5.626189e+04	9.999000e+03	3.641462e+01	2022	9	22	6
	2123	1156	118.546564	18.421849	9.876393e+04	1.859285e+01	1.086259e+05	1.079318e+05	5.764151e+04	5.633254e+04	9.999000e+03	3.317629e+01	2022	9	22	12
	2120	1161	118.124689	18.890599	9.864373e+04	1.956045e+01	1.085000e+05	1.078883e+05	5.754350e+04	5.625295e+04	3.029258e+02	3.413942e+01	2022	9	22	18
	2116	1166	117.562190	19.359348	9.866265e+04	1.894504e+01	1.085987e+05	1.080145e+05	5.767269e+04	5.637856e+04	3.027285e+02	3.448068e+01	2022	9	23	0
	2113	1173	117.140315	20.015597	9.844184e+04	2.076449e+01	1.084858e+05	1.079646e+05	5.751792e+04	5.619838e+04	3.027582e+02	2.881321e+01	2022	9	23	6
	2108	1176	116.437191	20.296847	9.847233e+04	2.233184e+01	1.086238e+05	1.079789e+05	5.759290e+04	5.624014e+04	3.026848e+02	2.383710e+01	2022	9	23	12
	2103	1180	115.734067	20.671846	9.829195e+04	2.339929e+01	1.084661e+05	1.079048e+05	5.753993e+04	5.613059e+04	3.027510e+02	2.763918e+01	2022	9	23	18
	2100	1183	115.312192	20.953096	9.824395e+04	2.238736e+01	1.085780e+05	1.078530e+05	5.764849e+04	5.611467e+04	9.999000e+03	2.535221e+01	2022	9	24	0
	2096	1185	114.749693	21.140596	9.803254e+04	2.458949e+01	1.084922e+05	1.075999e+05	5.754595e+04	5.591499e+04	9.999000e+03	2.554010e+01	2022	9	24	6
	2090	1188	113.905944	21.421845	9.810562e+04	2.418573e+01	1.085351e+05	1.077393e+05	5.763156e+04	5.607314e+04	9.999000e+03	2.964330e+01	2022	9	24	12
	2085	1190	113.202819	21.609345	9.813662e+04	2.544122e+01	1.084529e+05	1.077606e+05	5.757129e+04	5.609514e+04	9.999000e+03	2.994877e+01	2022	9	24	18
	2078	1190	112.218445	21.609345	9.830486e+04	2.280011e+01	1.084363e+05	1.077324e+05	5.759979e+04	5.613210e+04	9.999000e+03	2.553211e+01	2022	9	25	0
	2072	1190	111.374696	21.609345	9.852049e+04	1.921951e+01	1.084445e+05	1.078284e+05	5.755642e+04	5.625447e+04	9.999000e+03	2.334815e+01	2022	9	25	6
	2066	1190	110.530947	21.609345	9.883299e+04	1.718073e+01	1.085543e+05	1.080452e+05	5.767045e+04	5.650954e+04	9.999000e+03	2.334994e+01	2022	9	25	12
	2060	1190	109.687198	21.609345	9.909574e+04	1.772704e+01	1.085539e+05	1.081660e+05	5.765223e+04	5.671134e+04	9.999000e+03	3.182331e+01	2022	9	25	18
	2054	1191	108.843449	21.703095	9.920655e+04	1.896976e+01	1.086014e+05	1.082145e+05	5.772530e+04	5.679375e+04	9.999000e+03	2.721730e+01	2022	9	26	0
	2047	1189	107.859075	21.515595	9.938357e+04	1.637962e+01	1.085459e+05	1.082474e+05	5.769217e+04	5.685021e+04	9.999000e+03	2.208297e+01	2022	9	26	6
	2041	1189	107.015326	21.515595	9.971332e+04	1.511171e+01	1.087101e+05	1.084106e+05	5.779031e+04	5.700148e+04	9.999000e+03	2.334535e+01	2022	9	26	12
	2035	1190	106.171577	21.609345	1.000278e+05	1.131295e+01	1.086770e+05	1.083317e+05	5.776023e+04	5.717789e+04	9.999000e+03	3.136993e+01	2022	9	26	18
	2027	1195	105.046578	22.078094	1.003937e+05	5.920009e+00	1.087020e+05	1.083367e+05	5.782485e+04	5.731330e+04	9.999000e+03	1.962530e+01	2022	9	27	0
start	27	2022	9	14	18
	2094	1097	114.468443	12.890607	1.003839e+05	8.918901e+00	1.082670e+05	1.080877e+05	5.772339e+04	5.733118e+04	3.027607e+02	2.532526e+01	2022	9	14	18
	2090	1081	113.905944	11.390609	1.004855e+05	1.040687e+01	1.083466e+05	1.081719e+05	5.774830e+04	5.746255e+04	3.027927e+02	3.564597e+01	2022	9	15	0
	2094	1092	114.468443	12.421858	1.003127e+05	1.070791e+01	1.083301e+05	1.081202e+05	5.770627e+04	5.733736e+04	3.036891e+02	3.246664e+01	2022	9	15	6
	2094	1081	114.468443	11.390609	1.003839e+05	1.321769e+01	1.084598e+05	1.082083e+05	5.774180e+04	5.741379e+04	3.034663e+02	3.605770e+01	2022	9	15	12
	2094	1089	114.468443	12.140608	1.002511e+05	1.256835e+01	1.083500e+05	1.080947e+05	5.770045e+04	5.726770e+04	3.028496e+02	3.507497e+01	2022	9	15	18
	2087	1092	113.484069	12.421858	1.002540e+05	1.127462e+01	1.084110e+05	1.080840e+05	5.774847e+04	5.727509e+04	3.027108e+02	3.389964e+01	2022	9	16	0
	2083	1099	112.921570	13.078107	1.000948e+05	1.123562e+01	1.083943e+05	1.080752e+05	5.765615e+04	5.714416e+04	3.029098e+02	3.125420e+01	2022	9	16	6
	2081	1098	112.640320	12.984357	1.001325e+05	1.152080e+01	1.084979e+05	1.081443e+05	5.776223e+04	5.724768e+04	3.026122e+02	3.699424e+01	2022	9	16	12
	2080	1099	112.499695	13.078107	1.000072e+05	1.388646e+01	1.084294e+05	1.080725e+05	5.767447e+04	5.715925e+04	3.025452e+02	4.163681e+01	2022	9	16	18
	2075	1104	111.796571	13.546856	9.996712e+04	1.473967e+01	1.084378e+05	1.079930e+05	5.775603e+04	5.704731e+04	3.031650e+02	4.368206e+01	2022	9	17	0
	2076	1104	111.937196	13.546856	9.984458e+04	1.536789e+01	1.084743e+05	1.079707e+05	5.761586e+04	5.702372e+04	3.030686e+02	3.222781e+01	2022	9	17	6
	2067	1111	110.671572	14.203105	9.987045e+04	1.404554e+01	1.084884e+05	1.080541e+05	5.768726e+04	5.709030e+04	9.999000e+03	3.435929e+01	2022	9	17	12
	2059	1118	109.546573	14.859354	9.987740e+04	1.405161e+01	1.085156e+05	1.080542e+05	5.767487e+04	5.709666e+04	9.999000e+03	4.106024e+01	2022	9	17	18
	2057	1121	109.265324	15.140604	9.991037e+04	1.494739e+01	1.084577e+05	1.080537e+05	5.769715e+04	5.712488e+04	9.999000e+03	3.516669e+01	2022	9	18	0
	2059	1113	109.546573	14.390605	9.984922e+04	1.094534e+01	1.083915e+05	1.080342e+05	5.759167e+04	5.707739e+04	9.999000e+03	2.581926e+01	2022	9	18	6
	2032	1116	105.749702	14.671855	9.987816e+04	8.870167e+00	1.085247e+05	1.080973e+05	5.759121e+04	5.712240e+04	9.999000e+03	2.895563e+01	2022	9	18	12
	2031	1110	105.609077	14.109355	9.995127e+04	7.690022e+00	1.083851e+05	1.080329e+05	5.750931e+04	5.710381e+04	9.999000e+03	3.269891e+01	2022	9	18	18
	2027	1110	105.046578	14.109355	1.000133e+05	7.686799e+00	1.083277e+05	1.080448e+05	5.751886e+04	5.711586e+04	9.999000e+03	2.678846e+01	2022	9	19	0
	2024	1116	104.624703	14.671855	1.000229e+05	8.606774e+00	1.084362e+05	1.081224e+05	5.762025e+04	5.719612e+04	9.999000e+03	2.449029e+01	2022	9	19	6
	2020	1112	104.062204	14.296855	1.000874e+05	6.563573e+00	1.084665e+05	1.081264e+05	5.760701e+04	5.724602e+04	9.999000e+03	1.955642e+01	2022	9	19	12
	2018	1110	103.780954	14.109355	1.001266e+05	5.574860e+00	1.083615e+05	1.080697e+05	5.757843e+04	5.724131e+04	9.999000e+03	2.290497e+01	2022	9	19	18
	2014	1108	103.218455	13.921856	1.001461e+05	7.805669e+00	1.082718e+05	1.081035e+05	5.755970e+04	5.723322e+04	9.999000e+03	2.295120e+01	2022	9	20	0
	2012	1105	102.937205	13.640606	1.001491e+05	1.076271e+01	1.083901e+05	1.081271e+05	5.759473e+04	5.724669e+04	9.999000e+03	3.505668e+01	2022	9	20	6
	2001	1106	101.390332	13.734356	1.002011e+05	1.313829e+01	1.084327e+05	1.081756e+05	5.759265e+04	5.731053e+04	9.999000e+03	3.477856e+01	2022	9	20	12
	2001	1105	101.390332	13.640606	1.002931e+05	1.344406e+01	1.084302e+05	1.081258e+05	5.760383e+04	5.731989e+04	9.999000e+03	3.503265e+01	2022	9	20	18
	2000	1105	101.249707	13.640606	1.002430e+05	1.138151e+01	1.083180e+05	1.081041e+05	5.762901e+04	5.726807e+04	9.999000e+03	2.853287e+01	2022	9	21	0
	2000	1106	101.249707	13.734356	1.002088e+05	1.269049e+01	1.084740e+05	1.082155e+05	5.768826e+04	5.732621e+04	9.999000e+03	3.227697e+01	2022	9	21	6
start	13	2022	9	19	18
	1892	1140	86.062223	16.921851	1.000570e+05	1.053146e+01	1.085144e+05	1.082232e+05	5.777479e+04	5.728567e+04	3.034563e+02	2.022505e+01	2022	9	19	18
	1876	1139	83.812225	16.828102	9.986726e+04	9.710331e+00	1.082678e+05	1.079612e+05	5.753623e+04	5.704782e+04	9.999000e+03	1.770538e+01	2022	9	20	0
	1881	1134	84.515349	16.359352	1.000342e+05	1.167000e+01	1.084954e+05	1.081328e+05	5.769285e+04	5.716802e+04	9.999000e+03	1.750814e+01	2022	9	20	6
	1872	1138	83.249726	16.734352	9.979322e+04	8.154418e+00	1.083993e+05	1.080736e+05	5.753756e+04	5.701335e+04	9.999000e+03	1.514268e+01	2022	9	20	12
	1865	1129	82.265352	15.890603	1.000557e+05	1.141441e+01	1.084198e+05	1.081725e+05	5.766366e+04	5.716661e+04	9.999000e+03	1.896550e+01	2022	9	20	18
	1868	1130	82.687226	15.984353	9.985622e+04	9.843374e+00	1.082716e+05	1.079932e+05	5.755426e+04	5.700007e+04	9.999000e+03	1.641049e+01	2022	9	21	0
	1852	1127	80.437229	15.703103	9.999985e+04	9.868583e+00	1.084585e+05	1.081580e+05	5.762016e+04	5.717024e+04	9.999000e+03	2.481894e+01	2022	9	21	6
	1852	1130	80.437229	15.984353	9.965921e+04	9.611334e+00	1.084059e+05	1.080754e+05	5.746698e+04	5.699530e+04	9.999000e+03	2.022027e+01	2022	9	21	12
	1851	1135	80.296604	16.453102	1.000765e+05	1.072114e+01	1.085136e+05	1.081696e+05	5.777300e+04	5.719916e+04	9.999000e+03	1.806830e+01	2022	9	21	18
	1845	1138	79.452855	16.734352	9.998445e+04	9.225956e+00	1.083329e+05	1.081079e+05	5.756979e+04	5.703525e+04	9.999000e+03	1.525538e+01	2022	9	22	0
	1847	1129	79.734104	15.890603	1.001974e+05	7.504169e+00	1.085981e+05	1.082659e+05	5.774681e+04	5.726934e+04	9.999000e+03	2.190244e+01	2022	9	22	6
	1830	1130	77.343482	15.984353	9.989350e+04	7.046864e+00	1.085083e+05	1.081433e+05	5.754836e+04	5.709015e+04	9.999000e+03	2.304138e+01	2022	9	22	12
	1824	1133	76.499733	16.265602	1.002503e+05	8.219090e+00	1.085697e+05	1.083366e+05	5.778555e+04	5.733029e+04	9.999000e+03	2.003960e+01	2022	9	22	18
start	19	2022	9	24	12
	2230	1142	133.593423	17.109351	1.003259e+05	9.002257e+00	1.088709e+05	1.085086e+05	5.798043e+04	5.753143e+04	3.041403e+02	3.132166e+01	2022	9	24	12
	2235	1132	134.296547	16.171853	1.001447e+05	1.275605e+01	1.086670e+05	1.082542e+05	5.777386e+04	5.732233e+04	3.034659e+02	3.312112e+01	2022	9	24	18
	2225	1137	132.890299	16.640602	1.003121e+05	9.978654e+00	1.087824e+05	1.084329e+05	5.791511e+04	5.740185e+04	3.034244e+02	3.190217e+01	2022	9	25	0
	2231	1144	133.734048	17.296851	9.997793e+04	1.191533e+01	1.087092e+05	1.083187e+05	5.780084e+04	5.720745e+04	3.037719e+02	3.035771e+01	2022	9	25	6
	2222	1145	132.468424	17.390601	1.002126e+05	1.103070e+01	1.088902e+05	1.085199e+05	5.790477e+04	5.737288e+04	3.034620e+02	3.433545e+01	2022	9	25	12
	2218	1137	131.905925	16.640602	1.000278e+05	1.348253e+01	1.086918e+05	1.082563e+05	5.776827e+04	5.721312e+04	3.033279e+02	3.941635e+01	2022	9	25	18
	2227	1149	133.171549	17.765600	1.002237e+05	1.470717e+01	1.088995e+05	1.084823e+05	5.801939e+04	5.738170e+04	3.033966e+02	3.500111e+01	2022	9	26	0
	2211	1152	130.921551	18.046850	9.994592e+04	1.389778e+01	1.087992e+05	1.083748e+05	5.777393e+04	5.720177e+04	3.038673e+02	3.023499e+01	2022	9	26	6
	2210	1159	130.780926	18.703099	1.001364e+05	1.363621e+01	1.089815e+05	1.085403e+05	5.801689e+04	5.740592e+04	3.033903e+02	2.815584e+01	2022	9	26	12
	2201	1158	129.515302	18.609349	9.990325e+04	1.412907e+01	1.088162e+05	1.083328e+05	5.788258e+04	5.720694e+04	3.031950e+02	2.486444e+01	2022	9	26	18
	2196	1159	128.812178	18.703099	1.000446e+05	1.533221e+01	1.089881e+05	1.085074e+05	5.812753e+04	5.731330e+04	3.031443e+02	2.695494e+01	2022	9	27	0
	2190	1166	127.968429	19.359348	9.984904e+04	1.579956e+01	1.089292e+05	1.083408e+05	5.801055e+04	5.720954e+04	3.033685e+02	2.328846e+01	2022	9	27	6
	2176	1171	125.999681	19.828097	1.000285e+05	1.633517e+01	1.091087e+05	1.085898e+05	5.820152e+04	5.742836e+04	3.030192e+02	2.136432e+01	2022	9	27	12
	2169	1176	125.015307	20.296847	9.990032e+04	1.738091e+01	1.090030e+05	1.084786e+05	5.807345e+04	5.739071e+04	3.029506e+02	1.997957e+01	2022	9	27	18
	2162	1178	124.030933	20.484347	1.000795e+05	1.952028e+01	1.091341e+05	1.086110e+05	5.824864e+04	5.757625e+04	3.028536e+02	2.148506e+01	2022	9	28	0
	2159	1188	123.609059	21.421845	9.993712e+04	1.829173e+01	1.090385e+05	1.085297e+05	5.814498e+04	5.744814e+04	3.032025e+02	1.675903e+01	2022	9	28	6
	2147	1190	121.921560	21.609345	1.001756e+05	1.643292e+01	1.091667e+05	1.087100e+05	5.827805e+04	5.759782e+04	9.999000e+03	9.200783e+00	2022	9	28	12
	2137	1221	120.515312	24.515591	1.002048e+05	1.671750e+01	1.089711e+05	1.087277e+05	5.816279e+04	5.763677e+04	9.999000e+03	5.241961e+00	2022	9	28	18
	2139	1229	120.796562	25.265590	1.004192e+05	1.597128e+01	1.089869e+05	1.086966e+05	5.822041e+04	5.771024e+04	9.999000e+03	4.271391e+00	2022	9	29	0
start	37	2022	10	6	12
	2304	1111	143.999662	14.203105	1.003201e+05	1.511931e+01	1.086904e+05	1.082675e+05	5.802710e+04	5.743614e+04	9.999000e+03	3.238472e+01	2022	10	6	12
	2293	1113	142.452789	14.390605	9.997671e+04	1.508436e+01	1.084456e+05	1.080260e+05	5.781946e+04	5.704039e+04	3.035854e+02	3.811298e+01	2022	10	6	18
	2283	1112	141.046540	14.296855	1.000454e+05	1.495356e+01	1.086705e+05	1.082012e+05	5.792655e+04	5.711324e+04	3.036493e+02	3.738170e+01	2022	10	7	0
	2273	1112	139.640292	14.296855	9.970435e+04	1.424303e+01	1.084057e+05	1.080211e+05	5.772221e+04	5.679466e+04	3.036465e+02	4.205310e+01	2022	10	7	6
	2265	1114	138.515293	14.484355	9.976595e+04	1.474911e+01	1.085305e+05	1.081384e+05	5.783971e+04	5.688384e+04	3.035956e+02	4.863685e+01	2022	10	7	12
	2257	1110	137.390294	14.109355	9.936352e+04	1.508299e+01	1.083210e+05	1.078570e+05	5.754077e+04	5.662134e+04	3.035669e+02	4.989760e+01	2022	10	7	18
	2251	1111	136.546545	14.203105	9.944888e+04	1.615223e+01	1.084663e+05	1.079363e+05	5.765255e+04	5.674430e+04	3.034486e+02	4.965544e+01	2022	10	8	0
	2244	1110	135.562171	14.109355	9.902604e+04	1.737549e+01	1.082726e+05	1.076988e+05	5.732842e+04	5.640244e+04	3.033814e+02	4.660981e+01	2022	10	8	6
	2244	1113	135.562171	14.390605	9.903304e+04	1.927703e+01	1.083729e+05	1.078652e+05	5.744400e+04	5.649898e+04	3.033137e+02	4.417502e+01	2022	10	8	12
	2240	1121	134.999672	15.140604	9.874016e+04	1.915921e+01	1.082564e+05	1.076587e+05	5.733013e+04	5.628440e+04	3.031704e+02	4.310740e+01	2022	10	8	18
	2235	1128	134.296547	15.796853	9.891853e+04	1.854144e+01	1.085135e+05	1.078243e+05	5.748082e+04	5.642694e+04	3.030117e+02	4.304245e+01	2022	10	9	0
	2227	1133	133.171549	16.265602	9.850435e+04	1.822238e+01	1.082783e+05	1.075873e+05	5.726390e+04	5.612627e+04	3.030460e+02	4.336366e+01	2022	10	9	6
	2219	1133	132.046550	16.265602	9.862848e+04	1.824728e+01	1.083724e+05	1.077302e+05	5.735567e+04	5.630133e+04	3.029386e+02	5.085618e+01	2022	10	9	12
	2216	1135	131.624675	16.453102	9.834664e+04	2.017038e+01	1.082338e+05	1.074661e+05	5.714452e+04	5.600457e+04	3.028921e+02	5.545255e+01	2022	10	9	18
	2214	1140	131.343426	16.921851	9.839406e+04	2.083030e+01	1.083403e+05	1.076180e+05	5.732364e+04	5.607714e+04	3.028518e+02	6.193624e+01	2022	10	10	0
	2210	1145	130.780926	17.390601	9.802613e+04	1.932211e+01	1.081754e+05	1.073463e+05	5.708248e+04	5.572823e+04	3.028846e+02	6.624697e+01	2022	10	10	6
	2210	1144	130.780926	17.296851	9.798219e+04	2.520384e+01	1.082473e+05	1.074272e+05	5.733024e+04	5.569528e+04	3.028181e+02	5.894395e+01	2022	10	10	12
	2212	1152	131.062176	18.046850	9.761806e+04	2.647489e+01	1.080979e+05	1.071667e+05	5.714421e+04	5.537607e+04	3.027625e+02	5.571264e+01	2022	10	10	18
	2214	1161	131.343426	18.890599	9.768271e+04	2.625876e+01	1.083169e+05	1.072617e+05	5.736723e+04	5.546387e+04	3.027597e+02	5.212538e+01	2022	10	11	0
	2216	1166	131.624675	19.359348	9.722652e+04	2.587449e+01	1.080927e+05	1.069627e+05	5.720337e+04	5.510702e+04	3.028847e+02	5.119431e+01	2022	10	11	6
	2219	1173	132.046550	20.015597	9.723032e+04	2.446617e+01	1.083547e+05	1.070631e+05	5.748427e+04	5.514840e+04	3.028242e+02	5.674314e+01	2022	10	11	12
	2219	1183	132.046550	20.953096	9.686445e+04	2.682479e+01	1.080422e+05	1.069177e+05	5.721171e+04	5.493337e+04	3.027239e+02	6.038108e+01	2022	10	11	18
	2222	1192	132.468424	21.796845	9.697599e+04	2.857539e+01	1.082658e+05	1.070250e+05	5.741598e+04	5.505708e+04	3.026447e+02	6.746381e+01	2022	10	12	0
	2228	1197	133.312174	22.265594	9.669277e+04	2.786504e+01	1.079743e+05	1.067846e+05	5.729695e+04	5.482481e+04	3.025718e+02	5.370251e+01	2022	10	12	6
	2236	1212	134.437172	23.671842	9.672518e+04	2.890760e+01	1.081894e+05	1.069851e+05	5.751086e+04	5.497041e+04	3.024987e+02	5.229190e+01	2022	10	12	12
	2244	1228	135.562171	25.171840	9.650902e+04	2.942032e+01	1.079222e+05	1.067668e+05	5.725188e+04	5.479746e+04	3.023513e+02	4.451612e+01	2022	10	12	18
	2255	1238	137.109045	26.109339	9.685482e+04	3.567751e+01	1.081244e+05	1.066017e+05	5.756071e+04	5.508523e+04	3.021897e+02	3.454721e+01	2022	10	13	0
	2271	1269	139.359042	29.015585	9.650112e+04	3.398314e+01	1.078738e+05	1.056599e+05	5.727052e+04	5.482005e+04	3.008398e+02	4.467787e+01	2022	10	13	6
	2287	1286	141.609040	30.609332	9.639553e+04	4.082668e+01	1.079563e+05	1.055717e+05	5.747324e+04	5.471875e+04	2.999086e+02	4.025255e+01	2022	10	13	12
	2304	1317	143.999662	33.515578	9.610604e+04	3.463021e+01	1.075600e+05	1.042635e+05	5.708177e+04	5.424076e+04	2.993053e+02	3.880600e+01	2022	10	13	18
	2325	1339	146.952784	35.578076	9.631278e+04	4.302226e+01	1.076141e+05	1.034813e+05	5.710451e+04	5.388793e+04	2.981137e+02	2.449272e+01	2022	10	14	0
	2349	1366	150.327781	38.109322	9.607823e+04	4.328361e+01	1.072954e+05	1.027407e+05	5.680055e+04	5.330605e+04	2.972225e+02	1.960618e+01	2022	10	14	6
	2379	1392	154.546526	40.546819	9.624309e+04	3.086730e+01	1.071273e+05	1.021210e+05	5.663741e+04	5.310256e+04	2.935760e+02	1.862788e+01	2022	10	14	12
	2405	1420	158.202773	43.171815	9.604474e+04	3.113522e+01	1.064653e+05	1.011045e+05	5.602305e+04	5.262895e+04	2.901052e+02	2.134552e+01	2022	10	14	18
	2422	1435	160.593395	44.578063	9.584900e+04	2.896823e+01	1.060944e+05	1.003990e+05	5.558371e+04	5.217743e+04	2.889474e+02	1.917527e+01	2022	10	15	0
	2443	1439	163.546517	44.953063	9.574858e+04	3.075169e+01	1.059811e+05	1.001324e+05	5.542639e+04	5.175996e+04	2.887066e+02	1.361330e+01	2022	10	15	6
	2477	1444	168.327762	45.421812	9.629586e+04	3.293475e+01	1.059324e+05	1.000955e+05	5.545806e+04	5.178054e+04	2.863641e+02	9.088814e+00	2022	10	15	12
start	18	2022	10	14	18
	471	1092	-113.765694	12.421858	1.008115e+05	1.248548e+01	1.083624e+05	1.080433e+05	5.793308e+04	5.766992e+04	3.026169e+02	4.543137e+01	2022	10	14	18
	464	1094	-114.750068	12.609357	1.004768e+05	1.273243e+01	1.081159e+05	1.078464e+05	5.767040e+04	5.737139e+04	3.028531e+02	4.434545e+01	2022	10	15	0
	457	1102	-115.734442	13.359356	1.007429e+05	1.411920e+01	1.083549e+05	1.080171e+05	5.792956e+04	5.755963e+04	3.025684e+02	4.001633e+01	2022	10	15	6
	447	1111	-117.140691	14.203105	1.004382e+05	1.587138e+01	1.080911e+05	1.076892e+05	5.771355e+04	5.729603e+04	3.025274e+02	3.848821e+01	2022	10	15	12
	437	1121	-118.546939	15.140604	1.007059e+05	1.495927e+01	1.084619e+05	1.079199e+05	5.799284e+04	5.753157e+04	3.023971e+02	3.150822e+01	2022	10	15	18
	427	1123	-119.953188	15.328104	1.003213e+05	1.504257e+01	1.082526e+05	1.077043e+05	5.772470e+04	5.723560e+04	3.025001e+02	2.798645e+01	2022	10	16	0
	422	1128	-120.656312	15.796853	1.006157e+05	1.456049e+01	1.085150e+05	1.079327e+05	5.792790e+04	5.752890e+04	3.022218e+02	2.963764e+01	2022	10	16	6
	421	1137	-120.796937	16.640602	1.003352e+05	1.484444e+01	1.082763e+05	1.076857e+05	5.778903e+04	5.735588e+04	3.016742e+02	2.694100e+01	2022	10	16	12
	419	1147	-121.078186	17.578101	1.005552e+05	1.592769e+01	1.084251e+05	1.079552e+05	5.793739e+04	5.750084e+04	3.012233e+02	2.305630e+01	2022	10	16	18
	413	1152	-121.921936	18.046850	1.001554e+05	1.605968e+01	1.080637e+05	1.075270e+05	5.759640e+04	5.716654e+04	3.012390e+02	1.489706e+01	2022	10	17	0
	411	1152	-122.203185	18.046850	1.004127e+05	1.488451e+01	1.081220e+05	1.076034e+05	5.777569e+04	5.736939e+04	3.010515e+02	1.895469e+01	2022	10	17	6
	409	1156	-122.484435	18.421849	1.001452e+05	1.555060e+01	1.078957e+05	1.072205e+05	5.750312e+04	5.708716e+04	3.008820e+02	2.026911e+01	2022	10	17	12
	409	1169	-122.484435	19.640598	1.003588e+05	1.808685e+01	1.081051e+05	1.074629e+05	5.778172e+04	5.731331e+04	3.006287e+02	1.651760e+01	2022	10	17	18
	403	1174	-123.328184	20.109347	9.996729e+04	1.900995e+01	1.078902e+05	1.073431e+05	5.759553e+04	5.707025e+04	3.007545e+02	1.565783e+01	2022	10	18	0
	397	1178	-124.171933	20.484347	1.003126e+05	1.933180e+01	1.081227e+05	1.075459e+05	5.782851e+04	5.733648e+04	3.003844e+02	1.514246e+01	2022	10	18	6
	389	1186	-125.296932	21.234345	1.000638e+05	2.165178e+01	1.079324e+05	1.071880e+05	5.764074e+04	5.707919e+04	2.998892e+02	1.137983e+01	2022	10	18	12
	381	1185	-126.421931	21.140596	1.004220e+05	1.991347e+01	1.081339e+05	1.073369e+05	5.788626e+04	5.738149e+04	2.999510e+02	5.982165e+00	2022	10	18	18
	375	1188	-127.265680	21.421845	1.003109e+05	1.901966e+01	1.078925e+05	1.072238e+05	5.768533e+04	5.726470e+04	2.997831e+02	4.533160e+00	2022	10	19	0
start	16	2022	10	18	6
	2341	1142	149.202782	17.109351	1.004116e+05	1.433902e+01	1.086077e+05	1.082457e+05	5.784613e+04	5.739039e+04	3.037856e+02	3.004450e+01	2022	10	18	6
	2339	1152	148.921532	18.046850	1.006301e+05	1.575743e+01	1.087220e+05	1.084444e+05	5.811580e+04	5.750205e+04	3.034757e+02	3.731810e+01	2022	10	18	12
	2333	1162	148.077783	18.984349	1.003217e+05	1.547890e+01	1.086393e+05	1.081781e+05	5.793781e+04	5.720725e+04	3.034431e+02	2.842039e+01	2022	10	18	18
	2326	1169	147.093409	19.640598	1.004281e+05	1.852414e+01	1.087763e+05	1.083133e+05	5.810209e+04	5.730798e+04	3.033456e+02	2.416828e+01	2022	10	19	0
	2315	1186	145.546536	21.234345	1.001147e+05	1.667447e+01	1.085202e+05	1.080595e+05	5.788349e+04	5.710626e+04	3.032388e+02	2.412069e+01	2022	10	19	6
	2309	1185	144.702787	21.140596	1.001814e+05	1.721101e+01	1.085868e+05	1.080719e+05	5.790510e+04	5.726446e+04	3.030299e+02	2.521422e+01	2022	10	19	12
	2310	1192	144.843411	21.796845	9.993267e+04	1.712753e+01	1.084204e+05	1.078567e+05	5.775259e+04	5.706505e+04	3.029157e+02	2.420544e+01	2022	10	19	18
	2306	1200	144.280912	22.546844	1.000675e+05	1.746729e+01	1.085491e+05	1.078930e+05	5.787074e+04	5.723145e+04	3.027939e+02	1.855705e+01	2022	10	20	0
	2305	1211	144.140287	23.578092	9.976373e+04	1.874236e+01	1.083067e+05	1.075885e+05	5.765827e+04	5.699164e+04	3.022015e+02	1.500632e+01	2022	10	20	6
	2306	1226	144.280912	24.984340	9.993521e+04	1.892846e+01	1.083748e+05	1.074296e+05	5.781871e+04	5.716362e+04	3.018261e+02	2.173076e+01	2022	10	20	12
	2309	1248	144.702787	27.046837	9.968523e+04	2.039389e+01	1.081192e+05	1.068088e+05	5.759257e+04	5.689755e+04	3.010375e+02	3.303862e+01	2022	10	20	18
	2313	1262	145.265286	28.359336	9.982127e+04	2.059755e+01	1.082338e+05	1.066435e+05	5.776794e+04	5.686759e+04	3.003107e+02	3.545534e+01	2022	10	21	0
	2330	1286	147.655909	30.609332	9.918306e+04	2.773774e+01	1.080597e+05	1.062222e+05	5.764041e+04	5.641857e+04	2.995509e+02	4.365229e+01	2022	10	21	6
	2340	1286	149.062157	30.609332	9.982610e+04	2.790586e+01	1.082142e+05	1.063374e+05	5.780991e+04	5.649760e+04	2.992623e+02	3.383629e+01	2022	10	21	12
	2348	1289	150.187156	30.890582	9.965338e+04	2.428604e+01	1.079774e+05	1.058814e+05	5.769677e+04	5.637833e+04	2.990627e+02	1.905131e+01	2022	10	21	18
	2360	1291	151.874654	31.078082	1.001099e+05	2.242758e+01	1.081677e+05	1.057579e+05	5.794033e+04	5.658670e+04	2.987628e+02	1.031299e+01	2022	10	22	0
start	19	2022	11	2	18
	1720	1013	61.874748	5.015618	1.005979e+05	1.176364e+01	1.080175e+05	1.078662e+05	5.772240e+04	5.728975e+04	3.032665e+02	3.352711e+01	2022	11	2	18
	1715	1029	61.171624	6.515616	1.002497e+05	1.211061e+01	1.078256e+05	1.076384e+05	5.747577e+04	5.694887e+04	3.032066e+02	3.574963e+01	2022	11	3	0
	1703	1032	59.484125	6.796866	1.005172e+05	1.350966e+01	1.080630e+05	1.079151e+05	5.767252e+04	5.709423e+04	3.030774e+02	3.604295e+01	2022	11	3	6
	1701	1035	59.202876	7.078115	1.001492e+05	1.410252e+01	1.078679e+05	1.075569e+05	5.740169e+04	5.675395e+04	3.029386e+02	3.157762e+01	2022	11	3	12
	1700	1044	59.062251	7.921864	1.004398e+05	1.398976e+01	1.081302e+05	1.077889e+05	5.770203e+04	5.711208e+04	3.026120e+02	2.901471e+01	2022	11	3	18
	1692	1053	57.937252	8.765613	1.001505e+05	1.493412e+01	1.078713e+05	1.075536e+05	5.750049e+04	5.683320e+04	3.024235e+02	2.173006e+01	2022	11	4	0
	1685	1061	56.952878	9.515612	1.004246e+05	1.581481e+01	1.081351e+05	1.078889e+05	5.781627e+04	5.698831e+04	3.023109e+02	1.827782e+01	2022	11	4	6
	1679	1066	56.109129	9.984361	1.000602e+05	1.558603e+01	1.078742e+05	1.075688e+05	5.752753e+04	5.669628e+04	3.019732e+02	1.875212e+01	2022	11	4	12
	1673	1073	55.265380	10.640610	1.002656e+05	1.618244e+01	1.080944e+05	1.077944e+05	5.777640e+04	5.703278e+04	3.017905e+02	1.764124e+01	2022	11	4	18
	1671	1075	54.984130	10.828110	1.000685e+05	1.675248e+01	1.078639e+05	1.076141e+05	5.760140e+04	5.688545e+04	9.999000e+03	1.682354e+01	2022	11	5	0
	1663	1082	53.859131	11.484359	1.003250e+05	1.687840e+01	1.081490e+05	1.077672e+05	5.784632e+04	5.727126e+04	9.999000e+03	1.431738e+01	2022	11	5	6
	1661	1082	53.577882	11.484359	1.001276e+05	1.738441e+01	1.079076e+05	1.076751e+05	5.760002e+04	5.713644e+04	9.999000e+03	1.412441e+01	2022	11	5	12
	1655	1085	52.734132	11.765609	1.004868e+05	1.635398e+01	1.081707e+05	1.078301e+05	5.782502e+04	5.751244e+04	9.999000e+03	1.512375e+01	2022	11	5	18
	1652	1087	52.312258	11.953108	1.002810e+05	1.596466e+01	1.079426e+05	1.075910e+05	5.757166e+04	5.726902e+04	9.999000e+03	1.833031e+01	2022	11	6	0
	1649	1087	51.890383	11.953108	1.006692e+05	1.633558e+01	1.081115e+05	1.078352e+05	5.787915e+04	5.768639e+04	9.999000e+03	1.321137e+01	2022	11	6	6
	1645	1092	51.327884	12.421858	1.003843e+05	1.520115e+01	1.078951e+05	1.074821e+05	5.760146e+04	5.743121e+04	9.999000e+03	1.150377e+01	2022	11	6	12
	1644	1092	51.187259	12.421858	1.006851e+05	1.648996e+01	1.081053e+05	1.076440e+05	5.785834e+04	5.762200e+04	9.999000e+03	1.892149e+01	2022	11	6	18
	1643	1095	51.046634	12.703107	1.004844e+05	1.699402e+01	1.078148e+05	1.073718e+05	5.760484e+04	5.732854e+04	9.999000e+03	1.780660e+01	2022	11	7	0
	1638	1093	50.343510	12.515608	1.008834e+05	1.531342e+01	1.080584e+05	1.075397e+05	5.790462e+04	5.764781e+04	9.999000e+03	9.861647e+00	2022	11	7	6
start	46	2022	11	7	6
	2446	1080	163.968392	11.296859	1.004638e+05	1.060859e+01	1.081790e+05	1.080283e+05	5.775080e+04	5.736551e+04	3.038870e+02	1.910213e+01	2022	11	7	6
	2441	1079	163.265267	11.203109	1.005932e+05	1.267809e+01	1.083002e+05	1.081759e+05	5.787620e+04	5.739483e+04	3.039260e+02	2.404963e+01	2022	11	7	12
	2436	1079	162.562143	11.203109	1.003399e+05	1.292675e+01	1.081469e+05	1.079978e+05	5.771287e+04	5.722252e+04	3.038507e+02	2.767654e+01	2022	11	7	18
	2431	1074	161.859019	10.734360	1.005026e+05	1.437788e+01	1.083628e+05	1.080340e+05	5.789881e+04	5.735831e+04	3.039027e+02	3.136309e+01	2022	11	8	0
	2426	1072	161.155894	10.546860	1.002520e+05	1.466163e+01	1.081172e+05	1.077973e+05	5.773747e+04	5.721268e+04	3.038972e+02	2.689787e+01	2022	11	8	6
	2423	1069	160.734020	10.265611	1.004190e+05	1.579239e+01	1.082432e+05	1.079046e+05	5.787829e+04	5.735844e+04	3.039812e+02	3.268161e+01	2022	11	8	12
	2418	1067	160.030896	10.078111	1.001912e+05	1.594735e+01	1.080514e+05	1.078566e+05	5.771298e+04	5.722061e+04	3.039707e+02	3.506360e+01	2022	11	8	18
	2410	1065	158.905897	9.890611	1.003968e+05	1.828586e+01	1.082973e+05	1.080354e+05	5.795271e+04	5.740657e+04	3.038949e+02	3.136247e+01	2022	11	9	0
	2403	1060	157.921523	9.421862	1.001420e+05	1.798519e+01	1.080761e+05	1.078822e+05	5.775645e+04	5.726823e+04	3.039211e+02	2.775419e+01	2022	11	9	6
	2395	1060	156.796524	9.421862	1.003166e+05	1.934184e+01	1.082019e+05	1.079980e+05	5.794155e+04	5.741102e+04	3.038880e+02	2.989834e+01	2022	11	9	12
	2387	1055	155.671525	8.953113	1.000481e+05	1.952477e+01	1.080200e+05	1.078294e+05	5.770121e+04	5.722952e+04	3.038705e+02	3.335533e+01	2022	11	9	18
	2379	1052	154.546526	8.671863	1.002989e+05	1.973553e+01	1.082487e+05	1.080668e+05	5.798115e+04	5.747133e+04	3.038394e+02	3.484325e+01	2022	11	10	0
	2372	1050	153.562152	8.484363	1.000100e+05	2.092119e+01	1.080582e+05	1.079257e+05	5.774424e+04	5.725754e+04	3.038117e+02	3.215958e+01	2022	11	10	6
	2363	1045	152.296529	8.015614	1.001814e+05	2.210770e+01	1.083007e+05	1.081209e+05	5.789009e+04	5.732501e+04	3.038670e+02	3.299287e+01	2022	11	10	12
	2355	1043	151.171530	7.828114	9.990200e+04	2.008042e+01	1.080775e+05	1.078324e+05	5.760812e+04	5.720036e+04	3.038051e+02	3.185397e+01	2022	11	10	18
	2348	1043	150.187156	7.828114	1.001514e+05	1.970171e+01	1.082982e+05	1.081127e+05	5.785294e+04	5.741286e+04	3.037587e+02	3.718365e+01	2022	11	11	0
	2340	1044	149.062157	7.921864	9.973766e+04	1.991924e+01	1.081424e+05	1.079376e+05	5.765321e+04	5.710221e+04	3.038004e+02	3.670821e+01	2022	11	11	6
	2333	1047	148.077783	8.203114	9.994970e+04	2.107885e+01	1.083337e+05	1.080618e+05	5.782813e+04	5.716516e+04	3.038059e+02	4.512590e+01	2022	11	11	12
	2325	1049	146.952784	8.390613	9.957395e+04	1.977248e+01	1.080931e+05	1.076969e+05	5.758216e+04	5.681711e+04	3.037980e+02	4.180318e+01	2022	11	11	18
	2318	1053	145.968410	8.765613	9.986659e+04	1.971346e+01	1.083475e+05	1.078978e+05	5.784877e+04	5.709698e+04	3.037374e+02	3.791885e+01	2022	11	12	0
	2311	1061	144.984036	9.515612	9.948402e+04	2.113337e+01	1.081964e+05	1.076611e+05	5.766456e+04	5.672390e+04	3.037018e+02	4.206620e+01	2022	11	12	6
	2303	1066	143.859038	9.984361	9.966079e+04	2.196082e+01	1.083774e+05	1.077797e+05	5.785738e+04	5.680854e+04	3.037160e+02	4.786682e+01	2022	11	12	12
	2293	1073	142.452789	10.640610	9.938669e+04	2.231108e+01	1.081857e+05	1.075582e+05	5.769369e+04	5.650310e+04	3.036139e+02	4.747330e+01	2022	11	12	18
	2286	1077	141.468415	11.015610	9.960344e+04	2.339220e+01	1.085040e+05	1.079716e+05	5.794088e+04	5.676925e+04	3.035398e+02	4.335211e+01	2022	11	13	0
	2276	1082	140.062166	11.484359	9.921995e+04	2.330486e+01	1.082998e+05	1.077528e+05	5.773447e+04	5.643448e+04	3.035060e+02	4.154867e+01	2022	11	13	6
	2267	1087	138.796543	11.953108	9.932670e+04	2.448940e+01	1.085532e+05	1.078982e+05	5.796665e+04	5.646750e+04	3.035162e+02	4.736920e+01	2022	11	13	12
	2258	1092	137.530919	12.421858	9.897407e+04	2.356043e+01	1.083965e+05	1.077442e+05	5.779906e+04	5.631063e+04	3.034761e+02	5.042009e+01	2022	11	13	18
	2245	1097	135.702796	12.890607	9.909291e+04	2.528384e+01	1.086318e+05	1.079518e+05	5.804013e+04	5.654107e+04	3.034166e+02	4.624562e+01	2022	11	14	0
	2232	1097	133.874673	12.890607	9.854019e+04	2.597170e+01	1.085114e+05	1.076832e+05	5.781832e+04	5.612044e+04	3.033660e+02	3.835115e+01	2022	11	14	6
	2221	1097	132.327800	12.890607	9.861225e+04	2.765008e+01	1.086810e+05	1.078406e+05	5.801685e+04	5.626752e+04	3.032295e+02	4.198821e+01	2022	11	14	12
	2211	1099	130.921551	13.078107	9.826133e+04	2.695951e+01	1.085279e+05	1.077240e+05	5.784405e+04	5.606428e+04	3.030321e+02	4.678086e+01	2022	11	14	18
	2201	1102	129.515302	13.359356	9.851155e+04	2.610332e+01	1.086956e+05	1.079719e+05	5.800247e+04	5.623971e+04	3.029147e+02	5.086283e+01	2022	11	15	0
	2192	1104	128.249679	13.546856	9.808571e+04	2.621330e+01	1.084426e+05	1.077006e+05	5.772326e+04	5.591805e+04	3.028176e+02	4.047125e+01	2022	11	15	6
	2185	1104	127.265305	13.546856	9.802237e+04	2.811417e+01	1.086691e+05	1.075981e+05	5.796045e+04	5.585055e+04	3.027476e+02	3.233275e+01	2022	11	15	12
	2180	1106	126.562181	13.734356	9.767138e+04	2.840588e+01	1.084717e+05	1.070892e+05	5.778208e+04	5.542480e+04	9.999000e+03	3.120343e+01	2022	11	15	18
	2174	1106	125.718431	13.734356	9.760145e+04	3.028720e+01	1.086673e+05	1.071422e+05	5.791872e+04	5.537254e+04	9.999000e+03	3.448128e+01	2022	11	16	0
	2170	1111	125.155932	14.203105	9.717387e+04	3.117300e+01	1.083469e+05	1.068457e+05	5.771795e+04	5.508456e+04	9.999000e+03	2.967531e+01	2022	11	16	6
	2164	1111	124.312183	14.203105	9.748311e+04	3.153018e+01	1.085823e+05	1.072619e+05	5.788831e+04	5.550914e+04	9.999000e+03	2.582495e+01	2022	11	16	12
	2160	1114	123.749683	14.484355	9.766789e+04	2.987332e+01	1.083788e+05	1.072905e+05	5.769126e+04	5.565627e+04	9.999000e+03	2.859652e+01	2022	11	16	18
	2155	1116	123.046559	14.671855	9.837227e+04	2.697515e+01	1.085736e+05	1.078413e+05	5.784185e+04	5.622305e+04	9.999000e+03	3.000045e+01	2022	11	17	0
	2153	1118	122.765309	14.859354	9.841518e+04	2.622915e+01	1.083109e+05	1.077545e+05	5.760651e+04	5.623558e+04	9.999000e+03	2.459893e+01	2022	11	17	6
	2149	1125	122.202810	15.515603	9.893646e+04	2.569645e+01	1.084981e+05	1.080598e+05	5.782907e+04	5.665332e+04	9.999000e+03	1.885611e+01	2022	11	17	12
	2147	1128	121.921560	15.796853	9.959354e+04	1.822787e+01	1.082850e+05	1.079563e+05	5.764442e+04	5.679745e+04	9.999000e+03	1.922720e+01	2022	11	17	18
	2134	1138	120.093437	16.734352	1.002029e+05	2.047896e+01	1.084416e+05	1.079956e+05	5.782934e+04	5.717957e+04	9.999000e+03	2.039221e+01	2022	11	18	0
	2149	1134	122.202810	16.359352	1.001615e+05	1.508963e+01	1.082978e+05	1.079022e+05	5.766131e+04	5.706400e+04	9.999000e+03	1.665295e+01	2022	11	18	6
	2151	1140	122.484060	16.921851	1.004071e+05	1.968412e+01	1.084420e+05	1.079498e+05	5.788448e+04	5.734989e+04	9.999000e+03	1.475897e+01	2022	11	18	12
start	23	2022	12	5	0
	1969	887	96.890336	-6.796866	1.006939e+05	1.107832e+01	1.080247e+05	1.077650e+05	5.763059e+04	5.741604e+04	3.028143e+02	2.930939e+01	2022	12	5	0
	1973	880	97.452836	-7.453115	1.006540e+05	1.069752e+01	1.080355e+05	1.078928e+05	5.765566e+04	5.739659e+04	3.026797e+02	2.365785e+01	2022	12	5	6
	1969	878	96.890336	-7.640614	1.005941e+05	1.067700e+01	1.080723e+05	1.078089e+05	5.763434e+04	5.732106e+04	3.025798e+02	2.557879e+01	2022	12	5	12
	1972	873	97.312211	-8.109364	1.005986e+05	1.048746e+01	1.080441e+05	1.078983e+05	5.764212e+04	5.732623e+04	3.023729e+02	2.552704e+01	2022	12	5	18
	1967	870	96.609087	-8.390613	1.006008e+05	1.136363e+01	1.080277e+05	1.077575e+05	5.765904e+04	5.729978e+04	3.024475e+02	2.123666e+01	2022	12	6	0
	1964	870	96.187212	-8.390613	1.005156e+05	1.397804e+01	1.080940e+05	1.078677e+05	5.767397e+04	5.731944e+04	3.026197e+02	2.531905e+01	2022	12	6	6
	1964	863	96.187212	-9.046862	1.004437e+05	1.412088e+01	1.081224e+05	1.078326e+05	5.767874e+04	5.724851e+04	3.022366e+02	2.557016e+01	2022	12	6	12
	1961	861	95.765338	-9.234362	1.005149e+05	1.470848e+01	1.081383e+05	1.079112e+05	5.769849e+04	5.729207e+04	3.022631e+02	2.100401e+01	2022	12	6	18
	1954	858	94.780964	-9.515612	1.004124e+05	1.509412e+01	1.080560e+05	1.078077e+05	5.770649e+04	5.729355e+04	3.022122e+02	1.972536e+01	2022	12	7	0
	1952	856	94.499714	-9.703112	1.004122e+05	1.515310e+01	1.081412e+05	1.079444e+05	5.773714e+04	5.733994e+04	3.022157e+02	1.678590e+01	2022	12	7	6
	1949	849	94.077839	-10.359361	1.003444e+05	1.612830e+01	1.081870e+05	1.079144e+05	5.778108e+04	5.734998e+04	3.020083e+02	1.635829e+01	2022	12	7	12
	1944	844	93.374715	-10.828110	1.004015e+05	1.770660e+01	1.081914e+05	1.079707e+05	5.782367e+04	5.743424e+04	3.018436e+02	1.632416e+01	2022	12	7	18
	1940	841	92.812216	-11.109360	1.002957e+05	1.734916e+01	1.080819e+05	1.078723e+05	5.775449e+04	5.730288e+04	3.016250e+02	1.244973e+01	2022	12	8	0
	1935	839	92.109091	-11.296859	1.003503e+05	1.600298e+01	1.081699e+05	1.079972e+05	5.779264e+04	5.738519e+04	3.016366e+02	1.426005e+01	2022	12	8	6
	1930	834	91.405967	-11.765609	1.002185e+05	1.810325e+01	1.081276e+05	1.079561e+05	5.773402e+04	5.729307e+04	3.013733e+02	1.629967e+01	2022	12	8	12
	1922	829	90.280968	-12.234358	1.003465e+05	1.996051e+01	1.081976e+05	1.080005e+05	5.781450e+04	5.742727e+04	3.011418e+02	1.943117e+01	2022	12	8	18
	1917	827	89.577844	-12.421858	1.002054e+05	1.983230e+01	1.080473e+05	1.078421e+05	5.767546e+04	5.724660e+04	3.006321e+02	1.163190e+01	2022	12	9	0
	1911	827	88.734095	-12.421858	1.002594e+05	1.881286e+01	1.081046e+05	1.079740e+05	5.782373e+04	5.733951e+04	3.008949e+02	9.932913e+00	2022	12	9	6
	1908	822	88.312220	-12.890607	1.001403e+05	1.883832e+01	1.080615e+05	1.079252e+05	5.769712e+04	5.724760e+04	3.007410e+02	1.317998e+01	2022	12	9	12
	1902	820	87.468471	-13.078107	1.002712e+05	1.959026e+01	1.081701e+05	1.079859e+05	5.782857e+04	5.732708e+04	3.008462e+02	1.644823e+01	2022	12	9	18
	1900	817	87.187222	-13.359356	1.000268e+05	2.118208e+01	1.079530e+05	1.077771e+05	5.766747e+04	5.714842e+04	3.007463e+02	1.089440e+01	2022	12	10	0
	1894	817	86.343472	-13.359356	1.001647e+05	1.996374e+01	1.080266e+05	1.078279e+05	5.778522e+04	5.715660e+04	3.011075e+02	8.976267e+00	2022	12	10	6
	1889	817	85.640348	-13.359356	1.000494e+05	1.808265e+01	1.079235e+05	1.077414e+05	5.760451e+04	5.711433e+04	3.012549e+02	1.032787e+01	2022	12	10	12
start	48	2022	12	23	12
	2274	825	139.780917	-12.609357	1.004730e+05	1.289181e+01	1.083488e+05	1.081819e+05	5.791315e+04	5.736820e+04	9.999000e+03	2.203677e+01	2022	12	23	12
	2266	825	138.655918	-12.609357	1.001192e+05	1.315543e+01	1.081392e+05	1.079402e+05	5.770224e+04	5.714606e+04	9.999000e+03	2.710992e+01	2022	12	23	18
	2259	820	137.671544	-13.078107	1.003379e+05	1.549517e+01	1.084274e+05	1.082184e+05	5.801210e+04	5.728898e+04	9.999000e+03	2.728940e+01	2022	12	24	0
	2254	818	136.968420	-13.265607	1.000240e+05	1.566496e+01	1.082276e+05	1.080196e+05	5.783837e+04	5.695602e+04	9.999000e+03	2.217781e+01	2022	12	24	6
	2247	817	135.984046	-13.359356	1.003187e+05	1.500125e+01	1.084673e+05	1.081208e+05	5.801626e+04	5.706244e+04	9.999000e+03	2.685880e+01	2022	12	24	12
	2240	817	134.999672	-13.359356	1.001429e+05	1.343401e+01	1.082984e+05	1.079255e+05	5.779606e+04	5.698751e+04	9.999000e+03	2.501049e+01	2022	12	24	18
	2231	818	133.734048	-13.265607	1.004489e+05	1.062328e+01	1.084629e+05	1.081945e+05	5.802884e+04	5.734293e+04	9.999000e+03	1.983014e+01	2022	12	25	0
	2222	819	132.468424	-13.171857	1.000348e+05	1.013903e+01	1.083192e+05	1.081062e+05	5.789242e+04	5.716580e+04	9.999000e+03	1.888670e+01	2022	12	25	6
	2217	824	131.765300	-12.703107	1.002081e+05	1.208513e+01	1.084659e+05	1.082356e+05	5.805831e+04	5.735499e+04	9.999000e+03	2.865897e+01	2022	12	25	12
	2207	824	130.359052	-12.703107	9.987909e+04	1.596476e+01	1.082053e+05	1.079587e+05	5.778719e+04	5.701177e+04	9.999000e+03	3.297905e+01	2022	12	25	18
	2197	825	128.952803	-12.609357	9.963520e+04	2.249510e+01	1.084454e+05	1.080551e+05	5.795955e+04	5.698616e+04	9.999000e+03	2.933377e+01	2022	12	26	0
	2193	828	128.390304	-12.328108	9.926492e+04	2.147004e+01	1.082445e+05	1.078154e+05	5.778815e+04	5.668299e+04	9.999000e+03	3.201942e+01	2022	12	26	6
	2184	828	127.124680	-12.328108	9.924107e+04	2.279837e+01	1.083611e+05	1.075069e+05	5.798466e+04	5.650895e+04	9.999000e+03	3.647535e+01	2022	12	26	12
	2176	828	125.999681	-12.328108	9.864018e+04	2.437157e+01	1.080706e+05	1.072755e+05	5.770810e+04	5.598019e+04	9.999000e+03	3.808593e+01	2022	12	26	18
	2168	830	124.874682	-12.140608	9.827692e+04	2.632509e+01	1.082871e+05	1.069394e+05	5.780021e+04	5.576099e+04	3.043013e+02	3.969422e+01	2022	12	27	0
	2159	830	123.609059	-12.140608	9.794667e+04	2.889045e+01	1.081038e+05	1.070962e+05	5.767151e+04	5.546391e+04	9.999000e+03	3.114137e+01	2022	12	27	6
	2151	829	122.484060	-12.234358	9.796923e+04	2.929923e+01	1.082639e+05	1.067836e+05	5.787877e+04	5.543257e+04	9.999000e+03	2.624556e+01	2022	12	27	12
	2142	827	121.218436	-12.421858	9.772492e+04	2.892685e+01	1.079915e+05	1.065709e+05	5.767195e+04	5.532332e+04	3.044987e+02	2.755553e+01	2022	12	27	18
	2133	827	119.952812	-12.421858	9.760728e+04	3.044954e+01	1.081695e+05	1.068593e+05	5.779086e+04	5.554777e+04	3.044126e+02	3.068682e+01	2022	12	28	0
	2125	824	118.827814	-12.703107	9.731297e+04	3.435041e+01	1.080467e+05	1.069434e+05	5.769616e+04	5.533878e+04	3.043225e+02	2.607816e+01	2022	12	28	6
	2116	822	117.562190	-12.890607	9.705526e+04	3.410053e+01	1.081378e+05	1.069244e+05	5.783189e+04	5.527050e+04	3.041261e+02	2.403241e+01	2022	12	28	12
	2107	820	116.296566	-13.078107	9.695236e+04	3.246775e+01	1.080084e+05	1.068879e+05	5.768923e+04	5.526180e+04	3.041006e+02	2.917905e+01	2022	12	28	18
	2100	818	115.312192	-13.265607	9.698012e+04	3.300764e+01	1.080519e+05	1.068311e+05	5.774580e+04	5.517076e+04	3.040221e+02	2.633232e+01	2022	12	29	0
	2090	813	113.905944	-13.734356	9.683743e+04	3.159768e+01	1.079210e+05	1.067099e+05	5.766235e+04	5.507389e+04	3.037267e+02	2.406365e+01	2022	12	29	6
	2083	813	112.921570	-13.734356	9.659900e+04	3.396730e+01	1.079878e+05	1.066090e+05	5.766179e+04	5.477585e+04	3.034341e+02	2.075860e+01	2022	12	29	12
	2075	813	111.796571	-13.734356	9.684262e+04	3.149578e+01	1.077837e+05	1.067856e+05	5.748304e+04	5.505044e+04	3.030242e+02	2.597597e+01	2022	12	29	18
	2070	810	111.093447	-14.015606	9.718860e+04	2.961303e+01	1.078552e+05	1.071051e+05	5.749087e+04	5.548628e+04	3.028235e+02	2.468789e+01	2022	12	30	0
	2065	806	110.390322	-14.390605	9.690098e+04	3.096010e+01	1.078364e+05	1.069530e+05	5.743005e+04	5.525149e+04	3.025920e+02	2.373598e+01	2022	12	30	6
	2060	803	109.687198	-14.671855	9.689870e+04	3.119080e+01	1.079737e+05	1.070092e+05	5.751477e+04	5.518883e+04	3.023406e+02	2.253249e+01	2022	12	30	12
	2057	801	109.265324	-14.859354	9.715320e+04	3.186603e+01	1.078419e+05	1.070915e+05	5.746498e+04	5.533486e+04	3.021244e+02	2.281787e+01	2022	12	30	18
	2054	796	108.843449	-15.328104	9.736404e+04	2.837147e+01	1.078848e+05	1.071435e+05	5.749581e+04	5.547501e+04	3.020135e+02	1.978991e+01	2022	12	31	0
	2051	789	108.421574	-15.984353	9.748479e+04	2.778065e+01	1.079334e+05	1.072111e+05	5.743877e+04	5.563747e+04	3.020011e+02	1.807792e+01	2022	12	31	6
	2050	784	108.280950	-16.453102	9.767406e+04	2.684745e+01	1.080341e+05	1.073879e+05	5.755427e+04	5.587664e+04	3.019392e+02	1.796639e+01	2022	12	31	12
	2047	779	107.859075	-16.921851	9.758420e+04	2.933892e+01	1.078277e+05	1.072262e+05	5.743229e+04	5.572307e+04	3.018258e+02	1.934371e+01	2022	12	31	18
	2042	775	107.155951	-17.296851	9.750857e+04	2.974307e+01	1.078595e+05	1.070532e+05	5.748381e+04	5.561430e+04	3.015242e+02	1.806629e+01	2023	1	1	0
	2036	775	106.312202	-17.296851	9.803190e+04	2.641776e+01	1.078913e+05	1.072886e+05	5.743588e+04	5.601590e+04	3.013968e+02	1.956008e+01	2023	1	1	6
	2028	772	105.187203	-17.578101	9.813450e+04	2.604860e+01	1.079292e+05	1.074899e+05	5.754258e+04	5.603343e+04	3.010205e+02	1.374337e+01	2023	1	1	12
	2021	770	104.202829	-17.765600	9.854041e+04	2.537998e+01	1.077547e+05	1.075084e+05	5.751012e+04	5.627057e+04	3.001113e+02	1.732327e+01	2023	1	1	18
	2009	767	102.515331	-18.046850	9.879916e+04	2.653589e+01	1.077875e+05	1.075847e+05	5.752573e+04	5.645463e+04	2.996174e+02	1.131957e+01	2023	1	2	0
	2000	767	101.249707	-18.046850	9.902303e+04	2.271830e+01	1.078239e+05	1.076804e+05	5.755408e+04	5.659529e+04	3.002177e+02	9.926364e+00	2023	1	2	6
	1990	765	99.843458	-18.234350	9.921461e+04	2.204465e+01	1.078855e+05	1.077236e+05	5.755762e+04	5.668791e+04	2.998750e+02	8.248640e+00	2023	1	2	12
	1978	765	98.155960	-18.234350	9.954130e+04	2.211535e+01	1.078222e+05	1.077163e+05	5.754201e+04	5.681339e+04	2.996102e+02	8.592714e+00	2023	1	2	18
	1968	765	96.749712	-18.234350	9.982750e+04	2.019432e+01	1.078436e+05	1.076870e+05	5.756670e+04	5.690019e+04	2.992681e+02	4.987155e+00	2023	1	3	0
	1956	765	95.062213	-18.234350	1.000165e+05	1.798184e+01	1.079114e+05	1.077744e+05	5.765995e+04	5.705556e+04	2.997961e+02	2.707763e+00	2023	1	3	6
	1944	766	93.374715	-18.140600	1.001010e+05	1.792509e+01	1.079684e+05	1.077689e+05	5.766800e+04	5.713222e+04	2.999608e+02	3.183654e+00	2023	1	3	12
	1936	768	92.249716	-17.953100	1.003536e+05	1.672509e+01	1.079547e+05	1.078196e+05	5.772302e+04	5.725256e+04	3.002533e+02	6.711979e+00	2023	1	3	18
	1924	767	90.562218	-18.046850	1.004290e+05	1.761605e+01	1.078653e+05	1.076407e+05	5.771445e+04	5.726768e+04	3.004407e+02	5.193140e+00	2023	1	4	0
	1915	768	89.296594	-17.953100	1.004868e+05	1.628509e+01	1.079416e+05	1.077095e+05	5.775784e+04	5.737428e+04	3.007053e+02	3.568965e+00	2023	1	4	6
start	20	2023	1	8	0
	1650	859	52.031008	-9.421862	1.005688e+05	1.148384e+01	1.077146e+05	1.075630e+05	5.751423e+04	5.735320e+04	3.027676e+02	2.969605e+01	2023	1	8	0
	1649	859	51.890383	-9.421862	1.008499e+05	1.399261e+01	1.079279e+05	1.077855e+05	5.773911e+04	5.751168e+04	3.027354e+02	2.783506e+01	2023	1	8	6
	1650	851	52.031008	-10.171861	1.005521e+05	1.424997e+01	1.077374e+05	1.075864e+05	5.753977e+04	5.732054e+04	3.027531e+02	2.114912e+01	2023	1	8	12
	1646	846	51.468509	-10.640610	1.007742e+05	1.372969e+01	1.079593e+05	1.077396e+05	5.778173e+04	5.748258e+04	3.026279e+02	1.973627e+01	2023	1	8	18
	1650	847	52.031008	-10.546860	1.004692e+05	1.426678e+01	1.077328e+05	1.075744e+05	5.749962e+04	5.718295e+04	3.026277e+02	2.576933e+01	2023	1	9	0
	1644	846	51.187259	-10.640610	1.006784e+05	1.504545e+01	1.079298e+05	1.077637e+05	5.772507e+04	5.731389e+04	3.023737e+02	3.079256e+01	2023	1	9	6
	1646	842	51.468509	-11.015610	1.003591e+05	1.504243e+01	1.077964e+05	1.075217e+05	5.750535e+04	5.708639e+04	3.024210e+02	2.511225e+01	2023	1	9	12
	1646	834	51.468509	-11.765609	1.005663e+05	1.605082e+01	1.079896e+05	1.076328e+05	5.775727e+04	5.716811e+04	9.999000e+03	3.016389e+01	2023	1	9	18
	1646	834	51.468509	-11.765609	1.002542e+05	1.535532e+01	1.077869e+05	1.075024e+05	5.754496e+04	5.688906e+04	9.999000e+03	3.309007e+01	2023	1	10	0
	1644	830	51.187259	-12.140608	1.004735e+05	1.657357e+01	1.080629e+05	1.077314e+05	5.777181e+04	5.700984e+04	9.999000e+03	2.861960e+01	2023	1	10	6
	1644	822	51.187259	-12.890607	1.001296e+05	1.657052e+01	1.079432e+05	1.075247e+05	5.762002e+04	5.681004e+04	9.999000e+03	2.062399e+01	2023	1	10	12
	1641	815	50.765385	-13.546856	1.003825e+05	1.732690e+01	1.081177e+05	1.077830e+05	5.787663e+04	5.721051e+04	9.999000e+03	2.336165e+01	2023	1	10	18
	1641	808	50.765385	-14.203105	1.002935e+05	1.532939e+01	1.079049e+05	1.076424e+05	5.765341e+04	5.712523e+04	9.999000e+03	1.975849e+01	2023	1	11	0
	1638	806	50.343510	-14.390605	1.008166e+05	1.443837e+01	1.080983e+05	1.078776e+05	5.784375e+04	5.743648e+04	9.999000e+03	1.959659e+01	2023	1	11	6
	1618	791	47.531013	-15.796853	1.005072e+05	1.099101e+01	1.080875e+05	1.077589e+05	5.763354e+04	5.727382e+04	9.999000e+03	2.998088e+01	2023	1	11	12
	1637	804	50.202885	-14.578105	1.008226e+05	1.448561e+01	1.080862e+05	1.079525e+05	5.782029e+04	5.746900e+04	9.999000e+03	3.328245e+01	2023	1	11	18
	1624	794	48.374762	-15.515603	1.005941e+05	1.232167e+01	1.078505e+05	1.076765e+05	5.754980e+04	5.724304e+04	9.999000e+03	2.433764e+01	2023	1	12	0
	1624	791	48.374762	-15.796853	1.008394e+05	1.383879e+01	1.079958e+05	1.078037e+05	5.774825e+04	5.741842e+04	9.999000e+03	2.449241e+01	2023	1	12	6
	1612	782	46.687264	-16.640602	1.003514e+05	9.429014e+00	1.079509e+05	1.076288e+05	5.755525e+04	5.724423e+04	9.999000e+03	3.314068e+01	2023	1	12	12
	1622	782	48.093512	-16.640602	1.007985e+05	1.102553e+01	1.081370e+05	1.076742e+05	5.776098e+04	5.739120e+04	9.999000e+03	3.597256e+01	2023	1	12	18
start	23	2023	1	8	12
	2167	801	124.734057	-14.859354	9.992502e+04	1.498564e+01	1.082946e+05	1.079489e+05	5.753885e+04	5.695395e+04	9.999000e+03	3.258385e+01	2023	1	8	12
	2170	809	125.155932	-14.109355	9.966693e+04	1.640486e+01	1.079690e+05	1.076906e+05	5.730147e+04	5.671274e+04	9.999000e+03	3.301474e+01	2023	1	8	18
	2166	801	124.593433	-14.859354	9.988405e+04	1.490054e+01	1.081687e+05	1.077492e+05	5.742647e+04	5.673805e+04	9.999000e+03	3.465841e+01	2023	1	9	0
	2158	791	123.468434	-15.796853	9.944629e+04	1.883067e+01	1.080565e+05	1.075447e+05	5.728179e+04	5.650039e+04	9.999000e+03	3.137593e+01	2023	1	9	6
	2164	789	124.312183	-15.984353	9.959430e+04	1.740278e+01	1.081607e+05	1.077870e+05	5.744939e+04	5.684386e+04	9.999000e+03	3.046136e+01	2023	1	9	12
	2147	777	121.921560	-17.109351	9.928821e+04	2.302550e+01	1.079508e+05	1.075487e+05	5.726675e+04	5.641036e+04	9.999000e+03	2.468012e+01	2023	1	9	18
	2157	772	123.327809	-17.578101	9.937634e+04	1.831505e+01	1.081199e+05	1.076772e+05	5.741318e+04	5.661657e+04	9.999000e+03	2.089149e+01	2023	1	10	0
	2150	765	122.343435	-18.234350	9.925175e+04	1.739476e+01	1.080868e+05	1.076632e+05	5.734729e+04	5.651073e+04	9.999000e+03	2.269072e+01	2023	1	10	6
	2146	758	121.780936	-18.890599	9.942615e+04	1.688309e+01	1.082245e+05	1.078080e+05	5.746948e+04	5.678866e+04	9.999000e+03	2.060731e+01	2023	1	10	12
	2143	756	121.359061	-19.078098	9.916402e+04	1.936149e+01	1.080339e+05	1.076417e+05	5.724619e+04	5.639609e+04	9.999000e+03	1.747103e+01	2023	1	10	18
	2142	753	121.218436	-19.359348	9.933246e+04	2.003712e+01	1.082073e+05	1.078385e+05	5.743757e+04	5.660286e+04	9.999000e+03	1.504812e+01	2023	1	11	0
	2139	748	120.796562	-19.828097	9.928820e+04	1.686389e+01	1.081851e+05	1.077974e+05	5.740251e+04	5.669039e+04	9.999000e+03	1.750035e+01	2023	1	11	6
	2136	746	120.374687	-20.015597	9.950576e+04	1.599575e+01	1.083844e+05	1.079900e+05	5.756030e+04	5.697141e+04	9.999000e+03	1.569290e+01	2023	1	11	12
	2136	746	120.374687	-20.015597	9.954159e+04	1.704194e+01	1.082258e+05	1.079312e+05	5.751589e+04	5.694952e+04	9.999000e+03	1.588046e+01	2023	1	11	18
	2127	741	119.109063	-20.484347	9.982562e+04	1.548646e+01	1.084492e+05	1.081328e+05	5.776967e+04	5.720451e+04	9.999000e+03	1.567483e+01	2023	1	12	0
	2122	738	118.405939	-20.765596	9.978498e+04	1.425781e+01	1.084775e+05	1.080973e+05	5.779298e+04	5.723220e+04	9.999000e+03	2.023901e+01	2023	1	12	6
	2117	738	117.702815	-20.765596	1.000282e+05	1.296441e+01	1.085386e+05	1.081226e+05	5.791028e+04	5.735055e+04	9.999000e+03	1.796650e+01	2023	1	12	12
	2112	736	116.999691	-20.953096	9.992401e+04	1.343461e+01	1.082816e+05	1.079215e+05	5.774616e+04	5.729928e+04	9.999000e+03	1.238669e+01	2023	1	12	18
	2104	736	115.874692	-20.953096	1.001531e+05	1.145181e+01	1.085008e+05	1.081339e+05	5.795719e+04	5.758229e+04	9.999000e+03	7.272536e+00	2023	1	13	0
	2097	737	114.890318	-20.859346	1.001491e+05	1.198596e+01	1.083763e+05	1.080627e+05	5.797452e+04	5.752083e+04	9.999000e+03	5.565731e+00	2023	1	13	6
	2090	739	113.905944	-20.671846	1.002544e+05	1.231101e+01	1.083838e+05	1.081315e+05	5.803427e+04	5.764890e+04	9.999000e+03	4.602057e+00	2023	1	13	12
	2084	742	113.062195	-20.390597	1.001498e+05	1.296567e+01	1.082883e+05	1.078913e+05	5.790479e+04	5.748234e+04	9.999000e+03	5.931081e+00	2023	1	13	18
	2075	744	111.796571	-20.203097	1.003748e+05	1.225918e+01	1.082644e+05	1.079842e+05	5.795018e+04	5.761638e+04	3.013794e+02	7.814956e-01	2023	1	14	0
start	14	2023	1	12	6
	215	823	-149.765657	-12.796857	1.003646e+05	1.215505e+01	1.081225e+05	1.078107e+05	5.756008e+04	5.725556e+04	3.034093e+02	2.620614e+01	2023	1	12	6
	217	822	-149.484407	-12.890607	1.001476e+05	1.258221e+01	1.079680e+05	1.076101e+05	5.741953e+04	5.705927e+04	3.033189e+02	3.290067e+01	2023	1	12	12
	220	825	-149.062532	-12.609357	1.003537e+05	1.270529e+01	1.082273e+05	1.078168e+05	5.755045e+04	5.726216e+04	3.033663e+02	3.193816e+01	2023	1	12	18
	230	828	-147.656284	-12.328108	1.000606e+05	1.565325e+01	1.080212e+05	1.076587e+05	5.735190e+04	5.700287e+04	3.039186e+02	2.567403e+01	2023	1	13	0
	231	833	-147.515659	-11.859359	1.002340e+05	1.414769e+01	1.081745e+05	1.078783e+05	5.754698e+04	5.719427e+04	3.033641e+02	2.553242e+01	2023	1	13	6
	239	840	-146.390660	-11.203109	9.997639e+04	1.682096e+01	1.080155e+05	1.075954e+05	5.738582e+04	5.701430e+04	3.032983e+02	3.635429e+01	2023	1	13	12
	248	832	-145.125036	-11.953108	1.000945e+05	1.847975e+01	1.081942e+05	1.077009e+05	5.753530e+04	5.719401e+04	3.031339e+02	3.576061e+01	2023	1	13	18
	252	829	-144.562537	-12.234358	9.985287e+04	1.977567e+01	1.080495e+05	1.075518e+05	5.736747e+04	5.689355e+04	3.031367e+02	3.051217e+01	2023	1	14	0
	257	830	-143.859413	-12.140608	1.001296e+05	1.855044e+01	1.081395e+05	1.077389e+05	5.756474e+04	5.715075e+04	3.030317e+02	2.133512e+01	2023	1	14	6
	264	827	-142.875039	-12.421858	9.988075e+04	1.810165e+01	1.079373e+05	1.074432e+05	5.738518e+04	5.688622e+04	3.028935e+02	2.621412e+01	2023	1	14	12
	270	813	-142.031290	-13.734356	1.000701e+05	1.883097e+01	1.081514e+05	1.075032e+05	5.756707e+04	5.705530e+04	3.026561e+02	2.496316e+01	2023	1	14	18
	274	813	-141.468790	-13.734356	9.982084e+04	1.817360e+01	1.079748e+05	1.075715e+05	5.737527e+04	5.681366e+04	3.026178e+02	2.239361e+01	2023	1	15	0
	278	810	-140.906291	-14.015606	1.000050e+05	1.833211e+01	1.081092e+05	1.077589e+05	5.758814e+04	5.709073e+04	3.026000e+02	2.140777e+01	2023	1	15	6
	280	801	-140.625041	-14.859354	9.966859e+04	1.925620e+01	1.078697e+05	1.073754e+05	5.727251e+04	5.687604e+04	3.025555e+02	2.162519e+01	2023	1	15	12
start	19	2023	1	14	6
	80	734	-168.750012	-21.140596	9.932275e+04	2.197994e+01	1.076894e+05	1.064274e+05	5.726875e+04	5.641805e+04	3.015509e+02	3.304904e+01	2023	1	14	6
	85	726	-168.046887	-21.890595	9.903155e+04	2.325043e+01	1.075337e+05	1.063884e+05	5.720283e+04	5.622091e+04	3.007757e+02	3.736722e+01	2023	1	14	12
	85	719	-168.046887	-22.546844	9.859987e+04	2.277323e+01	1.074584e+05	1.062186e+05	5.716235e+04	5.578124e+04	3.002879e+02	3.162022e+01	2023	1	14	18
	85	707	-168.046887	-23.671842	9.853305e+04	2.200398e+01	1.074015e+05	1.062226e+05	5.701110e+04	5.572294e+04	2.998567e+02	2.551015e+01	2023	1	15	0
	81	700	-168.609387	-24.328091	9.863859e+04	2.083877e+01	1.074793e+05	1.063674e+05	5.704710e+04	5.595634e+04	2.995273e+02	2.267248e+01	2023	1	15	6
	75	695	-169.453136	-24.796841	9.878816e+04	2.077153e+01	1.072248e+05	1.062196e+05	5.699286e+04	5.594157e+04	2.992877e+02	1.989995e+01	2023	1	15	12
	71	688	-170.015635	-25.453090	9.894961e+04	2.111570e+01	1.071563e+05	1.062010e+05	5.704066e+04	5.596921e+04	2.987477e+02	1.483445e+01	2023	1	15	18
	65	683	-170.859385	-25.921839	9.900520e+04	1.936506e+01	1.070570e+05	1.062718e+05	5.704612e+04	5.601186e+04	2.987957e+02	1.325699e+01	2023	1	16	0
	57	676	-171.984383	-26.578088	9.908515e+04	2.014846e+01	1.071896e+05	1.063005e+05	5.711241e+04	5.607702e+04	2.988837e+02	1.446176e+01	2023	1	16	6
	48	666	-173.250007	-27.515587	9.915614e+04	2.176520e+01	1.071163e+05	1.061185e+05	5.719754e+04	5.606007e+04	2.986831e+02	1.495521e+01	2023	1	16	12
	37	662	-174.796880	-27.890586	9.909697e+04	2.132971e+01	1.070484e+05	1.057953e+05	5.712077e+04	5.591150e+04	2.985472e+02	1.692008e+01	2023	1	16	18
	26	650	-176.343754	-29.015585	9.898460e+04	2.218741e+01	1.068172e+05	1.057722e+05	5.721257e+04	5.572958e+04	2.981795e+02	2.148840e+01	2023	1	17	0
	12	642	-178.312502	-29.765584	9.867202e+04	2.333511e+01	1.067120e+05	1.056386e+05	5.710172e+04	5.548153e+04	2.979209e+02	2.358945e+01	2023	1	17	6
	2556	635	179.437125	-30.421833	9.866402e+04	2.267422e+01	1.067056e+05	1.056401e+05	5.714846e+04	5.547016e+04	2.977620e+02	2.247524e+01	2023	1	17	12
	2544	630	177.749627	-30.890582	9.868360e+04	2.125820e+01	1.065734e+05	1.055070e+05	5.710682e+04	5.544564e+04	2.972682e+02	1.507875e+01	2023	1	17	18
	2529	628	175.640254	-31.078082	9.884222e+04	2.184531e+01	1.065842e+05	1.056807e+05	5.713050e+04	5.561774e+04	2.975244e+02	8.761497e+00	2023	1	18	0
	2517	626	173.952756	-31.265582	9.886710e+04	2.132469e+01	1.064531e+05	1.056672e+05	5.702379e+04	5.560866e+04	2.974938e+02	6.222146e+00	2023	1	18	6
	2507	623	172.546508	-31.546831	9.922430e+04	2.090103e+01	1.068656e+05	1.058621e+05	5.714326e+04	5.588552e+04	2.970979e+02	6.138421e+00	2023	1	18	12
	2495	621	170.859009	-31.734331	9.936224e+04	1.835549e+01	1.070018e+05	1.058540e+05	5.704694e+04	5.600383e+04	2.965893e+02	3.468097e+00	2023	1	18	18
start	27	2023	1	23	18
	1813	838	74.952859	-11.390609	1.006935e+05	1.221179e+01	1.079768e+05	1.078365e+05	5.773747e+04	5.755900e+04	3.030555e+02	3.403998e+01	2023	1	23	18
	1813	834	74.952859	-11.765609	1.004143e+05	1.281326e+01	1.077532e+05	1.075229e+05	5.751548e+04	5.723913e+04	3.029351e+02	3.216648e+01	2023	1	24	0
	1813	832	74.952859	-11.953108	1.005665e+05	1.225722e+01	1.079811e+05	1.077295e+05	5.770671e+04	5.731413e+04	3.028727e+02	2.878204e+01	2023	1	24	6
	1812	830	74.812234	-12.140608	1.002794e+05	1.246414e+01	1.078588e+05	1.075356e+05	5.750609e+04	5.716294e+04	3.028012e+02	3.346222e+01	2023	1	24	12
	1810	825	74.530985	-12.609357	1.005707e+05	1.488459e+01	1.080141e+05	1.077965e+05	5.774796e+04	5.742330e+04	3.025712e+02	3.845619e+01	2023	1	24	18
	1806	822	73.968485	-12.890607	1.002273e+05	1.400961e+01	1.077904e+05	1.075375e+05	5.755577e+04	5.713678e+04	3.023700e+02	2.779176e+01	2023	1	25	0
	1802	820	73.405986	-13.078107	1.003949e+05	1.480529e+01	1.079875e+05	1.077986e+05	5.771184e+04	5.729983e+04	3.021478e+02	2.466554e+01	2023	1	25	6
	1796	817	72.562237	-13.359356	1.000518e+05	1.522734e+01	1.078147e+05	1.076503e+05	5.753521e+04	5.699314e+04	3.022728e+02	3.349242e+01	2023	1	25	12
	1794	815	72.280987	-13.546856	1.002984e+05	1.484468e+01	1.080292e+05	1.077991e+05	5.774923e+04	5.723870e+04	3.023257e+02	3.985298e+01	2023	1	25	18
	1793	813	72.140362	-13.734356	9.992795e+04	1.759252e+01	1.077879e+05	1.075822e+05	5.753555e+04	5.685034e+04	3.022785e+02	3.693597e+01	2023	1	26	0
	1792	803	71.999737	-14.671855	1.000506e+05	1.796235e+01	1.080262e+05	1.078137e+05	5.771063e+04	5.698130e+04	3.020886e+02	3.235561e+01	2023	1	26	6
	1789	796	71.577863	-15.328104	9.974856e+04	1.823632e+01	1.078581e+05	1.076170e+05	5.753127e+04	5.680618e+04	3.019370e+02	3.807967e+01	2023	1	26	12
	1784	791	70.874739	-15.796853	9.991740e+04	2.035159e+01	1.080484e+05	1.076442e+05	5.767855e+04	5.698629e+04	3.018246e+02	4.633234e+01	2023	1	26	18
	1784	789	70.874739	-15.984353	9.961213e+04	1.902827e+01	1.077791e+05	1.073458e+05	5.744167e+04	5.671409e+04	3.017149e+02	4.968724e+01	2023	1	27	0
	1780	782	70.312239	-16.640602	9.972018e+04	2.175583e+01	1.079359e+05	1.074150e+05	5.754088e+04	5.683781e+04	3.015412e+02	4.781913e+01	2023	1	27	6
	1780	777	70.312239	-17.109351	9.947377e+04	2.201724e+01	1.077968e+05	1.072402e+05	5.740252e+04	5.675404e+04	3.013826e+02	4.461834e+01	2023	1	27	12
	1780	772	70.312239	-17.578101	9.972425e+04	2.332274e+01	1.079520e+05	1.072888e+05	5.758820e+04	5.696014e+04	3.011455e+02	5.045074e+01	2023	1	27	18
	1781	765	70.452864	-18.234350	9.926147e+04	2.450745e+01	1.076941e+05	1.070892e+05	5.734123e+04	5.670277e+04	3.007127e+02	4.770401e+01	2023	1	28	0
	1781	765	70.452864	-18.234350	9.925390e+04	2.439250e+01	1.078576e+05	1.073657e+05	5.752101e+04	5.675657e+04	3.006064e+02	3.571951e+01	2023	1	28	6
	1781	760	70.452864	-18.703099	9.895324e+04	2.467052e+01	1.077226e+05	1.071936e+05	5.735675e+04	5.643475e+04	3.003377e+02	2.105252e+01	2023	1	28	12
	1779	750	70.171614	-19.640598	9.936175e+04	2.095220e+01	1.079051e+05	1.073607e+05	5.760907e+04	5.662219e+04	3.001920e+02	1.534180e+01	2023	1	28	18
	1776	743	69.749740	-20.296847	9.938669e+04	2.226041e+01	1.077056e+05	1.071959e+05	5.743226e+04	5.659861e+04	3.001557e+02	1.319988e+01	2023	1	29	0
	1770	736	68.905991	-20.953096	9.965089e+04	2.134389e+01	1.079690e+05	1.074594e+05	5.762099e+04	5.686057e+04	3.002523e+02	8.432413e+00	2023	1	29	6
	1764	726	68.062242	-21.890595	9.963996e+04	2.108664e+01	1.078594e+05	1.073179e+05	5.759880e+04	5.686973e+04	3.003474e+02	1.027560e+01	2023	1	29	12
	1760	714	67.499742	-23.015593	9.999634e+04	2.273734e+01	1.081644e+05	1.075246e+05	5.780795e+04	5.713262e+04	3.003372e+02	1.185142e+01	2023	1	29	18
	1749	707	65.952869	-23.671842	9.989179e+04	2.153228e+01	1.080741e+05	1.074117e+05	5.768861e+04	5.701277e+04	3.003923e+02	8.696177e+00	2023	1	30	0
	1737	700	64.265370	-24.328091	1.001829e+05	2.008344e+01	1.082712e+05	1.077296e+05	5.789019e+04	5.732401e+04	3.004966e+02	5.662887e+00	2023	1	30	6
start	42	2023	1	24	18
	1727	823	62.859122	-12.796857	1.007119e+05	1.321572e+01	1.079134e+05	1.077320e+05	5.772045e+04	5.731562e+04	3.026829e+02	2.450614e+01	2023	1	24	18
	1725	830	62.577872	-12.140608	1.003298e+05	1.302393e+01	1.076892e+05	1.075094e+05	5.744598e+04	5.707238e+04	3.025740e+02	2.396460e+01	2023	1	25	0
	1723	829	62.296623	-12.234358	1.005222e+05	1.334858e+01	1.079637e+05	1.077647e+05	5.763966e+04	5.730798e+04	3.025464e+02	2.500130e+01	2023	1	25	6
	1724	829	62.437247	-12.234358	1.001847e+05	1.250125e+01	1.077567e+05	1.075341e+05	5.746798e+04	5.706729e+04	3.032889e+02	3.008771e+01	2023	1	25	12
	1719	829	61.734123	-12.234358	1.004380e+05	1.381084e+01	1.080061e+05	1.077922e+05	5.769435e+04	5.733043e+04	3.026558e+02	2.934277e+01	2023	1	25	18
	1716	836	61.312249	-11.578109	1.001196e+05	1.348156e+01	1.077431e+05	1.075342e+05	5.743048e+04	5.704035e+04	3.023722e+02	2.695326e+01	2023	1	26	0
	1715	830	61.171624	-12.140608	1.002893e+05	1.458627e+01	1.079580e+05	1.077819e+05	5.765576e+04	5.724084e+04	3.025457e+02	3.153402e+01	2023	1	26	6
	1711	827	60.609124	-12.421858	9.995688e+04	1.593408e+01	1.078321e+05	1.075530e+05	5.744766e+04	5.690958e+04	3.032191e+02	3.126699e+01	2023	1	26	12
	1710	822	60.468499	-12.890607	1.001730e+05	1.550941e+01	1.079595e+05	1.077252e+05	5.761044e+04	5.706660e+04	3.024612e+02	3.474393e+01	2023	1	26	18
	1708	828	60.187250	-12.328108	9.973190e+04	1.754796e+01	1.077821e+05	1.074366e+05	5.735540e+04	5.674164e+04	3.023177e+02	3.287974e+01	2023	1	27	0
	1701	822	59.202876	-12.890607	9.991024e+04	1.703039e+01	1.079416e+05	1.076333e+05	5.756448e+04	5.702838e+04	3.023233e+02	2.436627e+01	2023	1	27	6
	1697	828	58.640376	-12.328108	9.955285e+04	1.888153e+01	1.077672e+05	1.073886e+05	5.734801e+04	5.671038e+04	3.027247e+02	2.656390e+01	2023	1	27	12
	1701	827	59.202876	-12.421858	9.982030e+04	1.901230e+01	1.079231e+05	1.076137e+05	5.756709e+04	5.699704e+04	3.022972e+02	3.425015e+01	2023	1	27	18
	1697	820	58.640376	-13.078107	9.949828e+04	2.106327e+01	1.077112e+05	1.073845e+05	5.733152e+04	5.675620e+04	3.021321e+02	2.557773e+01	2023	1	28	0
	1700	813	59.062251	-13.734356	9.970638e+04	1.889812e+01	1.078859e+05	1.076357e+05	5.753675e+04	5.694803e+04	3.021966e+02	1.997530e+01	2023	1	28	6
	1697	812	58.640376	-13.828106	9.945545e+04	1.914654e+01	1.077979e+05	1.074186e+05	5.735334e+04	5.679156e+04	3.031764e+02	1.998129e+01	2023	1	28	12
	1697	808	58.640376	-14.203105	9.976180e+04	1.873351e+01	1.079915e+05	1.077410e+05	5.756988e+04	5.703728e+04	3.024665e+02	2.553666e+01	2023	1	28	18
	1701	803	59.202876	-14.671855	9.959602e+04	1.877423e+01	1.078001e+05	1.074662e+05	5.738084e+04	5.685456e+04	3.020194e+02	1.779372e+01	2023	1	29	0
	1700	803	59.062251	-14.671855	9.978966e+04	1.753461e+01	1.080070e+05	1.076248e+05	5.756358e+04	5.717352e+04	3.018843e+02	1.329320e+01	2023	1	29	6
	1701	798	59.202876	-15.140604	9.957802e+04	1.758164e+01	1.078924e+05	1.074436e+05	5.738436e+04	5.695979e+04	3.029287e+02	1.966397e+01	2023	1	29	12
	1700	794	59.062251	-15.515603	9.989067e+04	1.811525e+01	1.081720e+05	1.076580e+05	5.763833e+04	5.714423e+04	3.022637e+02	2.743991e+01	2023	1	29	18
	1702	794	59.343501	-15.515603	9.966068e+04	1.839281e+01	1.078801e+05	1.075071e+05	5.741181e+04	5.685384e+04	3.017489e+02	1.650294e+01	2023	1	30	0
	1704	787	59.624750	-16.171853	9.983865e+04	1.829956e+01	1.081346e+05	1.077540e+05	5.769000e+04	5.710955e+04	3.016377e+02	1.174502e+01	2023	1	30	6
	1705	784	59.765375	-16.453102	9.969673e+04	1.881238e+01	1.079477e+05	1.075869e+05	5.753527e+04	5.704697e+04	3.017863e+02	1.217799e+01	2023	1	30	12
	1706	774	59.906000	-17.390601	1.000012e+05	1.764853e+01	1.081451e+05	1.077959e+05	5.782548e+04	5.720647e+04	3.014664e+02	1.884942e+01	2023	1	30	18
	1708	767	60.187250	-18.046850	9.973609e+04	1.746671e+01	1.080098e+05	1.075694e+05	5.762045e+04	5.689966e+04	3.013160e+02	1.685488e+01	2023	1	31	0
	1708	751	60.187250	-19.546848	9.983674e+04	1.988229e+01	1.082262e+05	1.077786e+05	5.783251e+04	5.703502e+04	3.010501e+02	1.385389e+01	2023	1	31	6
	1703	738	59.484125	-20.765596	9.953009e+04	1.806726e+01	1.081274e+05	1.076791e+05	5.775074e+04	5.681107e+04	9.999000e+03	1.628959e+01	2023	1	31	12
	1700	729	59.062251	-21.609345	9.970270e+04	1.893187e+01	1.082880e+05	1.077701e+05	5.790853e+04	5.685355e+04	9.999000e+03	1.907765e+01	2023	1	31	18
	1694	721	58.218502	-22.359344	9.946877e+04	1.915448e+01	1.081572e+05	1.076079e+05	5.770000e+04	5.664024e+04	9.999000e+03	1.191735e+01	2023	2	1	0
	1691	715	57.796627	-22.921843	9.965112e+04	1.844809e+01	1.083187e+05	1.077828e+05	5.785535e+04	5.684258e+04	3.011238e+02	1.137831e+01	2023	2	1	6
	1687	707	57.234128	-23.671842	9.947415e+04	2.049168e+01	1.081854e+05	1.077166e+05	5.774026e+04	5.669403e+04	3.010430e+02	1.232040e+01	2023	2	1	12
	1682	705	56.531004	-23.859342	9.962526e+04	2.190239e+01	1.083143e+05	1.078622e+05	5.785217e+04	5.692261e+04	3.011990e+02	1.409964e+01	2023	2	1	18
	1679	702	56.109129	-24.140591	9.926091e+04	2.145658e+01	1.081112e+05	1.075297e+05	5.765449e+04	5.674731e+04	3.012017e+02	1.185969e+01	2023	2	2	0
	1676	700	55.687254	-24.328091	9.940408e+04	2.133757e+01	1.082000e+05	1.074944e+05	5.776857e+04	5.703462e+04	3.012927e+02	9.620384e+00	2023	2	2	6
	1675	698	55.546630	-24.515591	9.939538e+04	1.753511e+01	1.080789e+05	1.072642e+05	5.759677e+04	5.711612e+04	3.013605e+02	1.166675e+01	2023	2	2	12
	1676	696	55.687254	-24.703091	9.976134e+04	1.780298e+01	1.081631e+05	1.073195e+05	5.777091e+04	5.737019e+04	3.010805e+02	1.284196e+01	2023	2	2	18
	1676	690	55.687254	-25.265590	9.961779e+04	1.794355e+01	1.078559e+05	1.069699e+05	5.752644e+04	5.702982e+04	3.005966e+02	1.894429e+01	2023	2	3	0
	1680	688	56.249754	-25.453090	9.969145e+04	1.887268e+01	1.079942e+05	1.070421e+05	5.766154e+04	5.708275e+04	3.003824e+02	1.192262e+01	2023	2	3	6
	1682	688	56.531004	-25.453090	9.946436e+04	1.886834e+01	1.078065e+05	1.068952e+05	5.749470e+04	5.694321e+04	3.003182e+02	7.427747e+00	2023	2	3	12
	1680	689	56.249754	-25.359340	9.971749e+04	1.822018e+01	1.078877e+05	1.069410e+05	5.763723e+04	5.707807e+04	3.003689e+02	7.389055e+00	2023	2	3	18
	1676	691	55.687254	-25.171840	9.968523e+04	1.756958e+01	1.075766e+05	1.067084e+05	5.745105e+04	5.693370e+04	3.006406e+02	8.261879e+00	2023	2	4	0
start	19	2023	2	11	6
	2168	761	124.874682	-18.609349	9.939674e+04	9.814688e+00	1.083160e+05	1.077149e+05	5.746505e+04	5.664837e+04	9.999000e+03	3.953462e+01	2023	2	11	6
	2164	753	124.312183	-19.359348	9.961111e+04	1.004560e+01	1.084814e+05	1.078936e+05	5.763471e+04	5.676865e+04	9.999000e+03	3.669997e+01	2023	2	11	12
	2153	750	122.765309	-19.640598	9.933527e+04	1.772062e+01	1.082468e+05	1.077266e+05	5.742298e+04	5.656414e+04	9.999000e+03	4.214397e+01	2023	2	11	18
	2151	761	122.484060	-18.609349	9.933712e+04	1.743553e+01	1.084269e+05	1.076492e+05	5.761388e+04	5.647062e+04	9.999000e+03	4.579884e+01	2023	2	12	0
	2143	756	121.359061	-19.078098	9.901434e+04	1.805063e+01	1.083841e+05	1.075140e+05	5.750339e+04	5.624402e+04	9.999000e+03	4.121943e+01	2023	2	12	6
	2138	753	120.655937	-19.359348	9.908242e+04	1.763374e+01	1.085401e+05	1.076479e+05	5.772914e+04	5.631032e+04	9.999000e+03	3.977254e+01	2023	2	12	12
	2130	753	119.530938	-19.359348	9.897260e+04	1.693670e+01	1.084177e+05	1.076772e+05	5.759930e+04	5.630068e+04	9.999000e+03	3.132164e+01	2023	2	12	18
	2123	741	118.546564	-20.484347	9.934885e+04	1.551907e+01	1.085730e+05	1.078634e+05	5.783887e+04	5.657937e+04	9.999000e+03	1.958432e+01	2023	2	13	0
	2109	731	116.577816	-21.421845	9.947529e+04	1.470094e+01	1.085812e+05	1.080302e+05	5.785021e+04	5.675332e+04	9.999000e+03	1.478849e+01	2023	2	13	6
	2098	726	115.030943	-21.890595	9.971273e+04	1.323996e+01	1.087218e+05	1.081862e+05	5.798720e+04	5.694042e+04	9.999000e+03	6.712524e+00	2023	2	13	12
	2090	724	113.905944	-22.078094	9.977012e+04	1.287887e+01	1.086195e+05	1.082071e+05	5.791471e+04	5.702205e+04	9.999000e+03	3.618370e+00	2023	2	13	18
	2082	714	112.780945	-23.015593	9.998874e+04	1.719981e+01	1.086508e+05	1.082336e+05	5.804562e+04	5.715779e+04	9.999000e+03	3.271248e+00	2023	2	14	0
	2069	705	110.952822	-23.859342	1.000155e+05	1.617085e+01	1.085892e+05	1.082791e+05	5.800703e+04	5.719971e+04	3.008808e+02	3.918365e+00	2023	2	14	6
	2061	700	109.827823	-24.328091	1.001326e+05	1.317800e+01	1.086781e+05	1.083743e+05	5.800483e+04	5.731838e+04	3.004032e+02	2.645654e+00	2023	2	14	12
	2054	693	108.843449	-24.984340	1.002136e+05	1.199049e+01	1.085691e+05	1.083243e+05	5.795511e+04	5.735730e+04	2.999976e+02	3.872230e+00	2023	2	14	18
	2045	683	107.577825	-25.921839	1.003206e+05	1.341381e+01	1.085169e+05	1.081338e+05	5.797415e+04	5.740293e+04	2.987511e+02	4.074387e+00	2023	2	15	0
	2037	674	106.452826	-26.765588	1.003386e+05	1.178158e+01	1.085111e+05	1.079885e+05	5.786952e+04	5.744886e+04	2.980020e+02	4.342033e+00	2023	2	15	6
	2033	671	105.890327	-27.046837	1.004213e+05	1.107191e+01	1.085725e+05	1.079413e+05	5.786051e+04	5.751115e+04	2.979391e+02	3.241337e+00	2023	2	15	12
	2029	671	105.327828	-27.046837	1.005309e+05	1.193966e+01	1.085232e+05	1.078438e+05	5.780632e+04	5.755680e+04	2.974677e+02	3.066291e+00	2023	2	15	18
start	39	2023	2	13	18
	1665	804	54.140381	-14.578105	1.009105e+05	1.245610e+01	1.082684e+05	1.079912e+05	5.797137e+04	5.761514e+04	3.035914e+02	3.182311e+01	2023	2	13	18
	1666	811	54.281006	-13.921856	1.006155e+05	1.053669e+01	1.080471e+05	1.077967e+05	5.769569e+04	5.738408e+04	3.032008e+02	2.694984e+01	2023	2	14	0
	1661	816	53.577882	-13.453106	1.008349e+05	1.133462e+01	1.081885e+05	1.079960e+05	5.788758e+04	5.754417e+04	3.030605e+02	3.314614e+01	2023	2	14	6
	1661	823	53.577882	-12.796857	1.005413e+05	1.246163e+01	1.080348e+05	1.077316e+05	5.760698e+04	5.727368e+04	3.037664e+02	3.704586e+01	2023	2	14	12
	1658	815	53.156007	-13.546856	1.007672e+05	1.282900e+01	1.081870e+05	1.078851e+05	5.777251e+04	5.741429e+04	3.031323e+02	2.875209e+01	2023	2	14	18
	1659	823	53.296632	-12.796857	1.004370e+05	1.404229e+01	1.079699e+05	1.076615e+05	5.761753e+04	5.717361e+04	3.027842e+02	2.349263e+01	2023	2	15	0
	1659	820	53.296632	-13.078107	1.006408e+05	1.389713e+01	1.081062e+05	1.079159e+05	5.781902e+04	5.738182e+04	3.027101e+02	2.214350e+01	2023	2	15	6
	1667	817	54.421631	-13.359356	1.002406e+05	1.347102e+01	1.079703e+05	1.076927e+05	5.752892e+04	5.711330e+04	3.035451e+02	3.086359e+01	2023	2	15	12
	1668	813	54.562256	-13.734356	1.003985e+05	1.273174e+01	1.081520e+05	1.078405e+05	5.771396e+04	5.730493e+04	3.027796e+02	2.925304e+01	2023	2	15	18
	1669	811	54.702880	-13.921856	1.001056e+05	1.256398e+01	1.078586e+05	1.076174e+05	5.747649e+04	5.706661e+04	3.025442e+02	2.548514e+01	2023	2	16	0
	1663	808	53.859131	-14.203105	1.002669e+05	1.539232e+01	1.080498e+05	1.078386e+05	5.773847e+04	5.722082e+04	3.025085e+02	2.706458e+01	2023	2	16	6
	1663	808	53.859131	-14.203105	9.993638e+04	1.715742e+01	1.079226e+05	1.076775e+05	5.747904e+04	5.700024e+04	3.029747e+02	3.091120e+01	2023	2	16	12
	1663	808	53.859131	-14.203105	1.001532e+05	1.799522e+01	1.080948e+05	1.078792e+05	5.770106e+04	5.711777e+04	3.024753e+02	3.042813e+01	2023	2	16	18
	1660	809	53.437257	-14.109355	9.985803e+04	1.746268e+01	1.078893e+05	1.076306e+05	5.748301e+04	5.691479e+04	3.023456e+02	2.757516e+01	2023	2	17	0
	1660	803	53.437257	-14.671855	1.000352e+05	1.670104e+01	1.081325e+05	1.078757e+05	5.771459e+04	5.713272e+04	3.023372e+02	2.629381e+01	2023	2	17	6
	1658	799	53.156007	-15.046854	9.975488e+04	1.701184e+01	1.080281e+05	1.076643e+05	5.755348e+04	5.693351e+04	3.026825e+02	2.916346e+01	2023	2	17	12
	1651	798	52.171633	-15.140604	9.996705e+04	1.774245e+01	1.081990e+05	1.078577e+05	5.772132e+04	5.715240e+04	9.999000e+03	3.296276e+01	2023	2	17	18
	1651	796	52.171633	-15.328104	9.967676e+04	1.814773e+01	1.079574e+05	1.076093e+05	5.748066e+04	5.691346e+04	9.999000e+03	3.284033e+01	2023	2	18	0
	1643	797	51.046634	-15.234354	9.991168e+04	1.757046e+01	1.081216e+05	1.078701e+05	5.768368e+04	5.710034e+04	9.999000e+03	3.146906e+01	2023	2	18	6
	1638	804	50.343510	-14.578105	9.985802e+04	1.607296e+01	1.079380e+05	1.077070e+05	5.753741e+04	5.690546e+04	9.999000e+03	3.504454e+01	2023	2	18	12
	1639	809	50.484135	-14.109355	1.002019e+05	1.483137e+01	1.081078e+05	1.078537e+05	5.768476e+04	5.713378e+04	9.999000e+03	3.444206e+01	2023	2	18	18
	1640	803	50.624760	-14.671855	9.995443e+04	1.600166e+01	1.079125e+05	1.076281e+05	5.749241e+04	5.699271e+04	9.999000e+03	3.025664e+01	2023	2	19	0
	1641	801	50.765385	-14.859354	1.003029e+05	1.703782e+01	1.080894e+05	1.078689e+05	5.774430e+04	5.723885e+04	9.999000e+03	3.076767e+01	2023	2	19	6
	1638	809	50.343510	-14.109355	9.995109e+04	1.683467e+01	1.079322e+05	1.076655e+05	5.754847e+04	5.703596e+04	9.999000e+03	3.633473e+01	2023	2	19	12
	1622	803	48.093512	-14.671855	1.002407e+05	1.577832e+01	1.080755e+05	1.079067e+05	5.769248e+04	5.721905e+04	9.999000e+03	3.832647e+01	2023	2	19	18
	1622	801	48.093512	-14.859354	1.000009e+05	1.509997e+01	1.079307e+05	1.076467e+05	5.749457e+04	5.696435e+04	9.999000e+03	3.108543e+01	2023	2	20	0
	1619	801	47.671638	-14.859354	1.003535e+05	1.483567e+01	1.080550e+05	1.079144e+05	5.772102e+04	5.724142e+04	9.999000e+03	3.052243e+01	2023	2	20	6
	1619	801	47.671638	-14.859354	9.992033e+04	1.653212e+01	1.079269e+05	1.077272e+05	5.752486e+04	5.688920e+04	9.999000e+03	3.772540e+01	2023	2	20	12
	1620	799	47.812263	-15.046854	1.003214e+05	1.257824e+01	1.081039e+05	1.079479e+05	5.774066e+04	5.716403e+04	9.999000e+03	3.365958e+01	2023	2	20	18
	1618	791	47.531013	-15.796853	1.001205e+05	1.125343e+01	1.078991e+05	1.077292e+05	5.749257e+04	5.703493e+04	9.999000e+03	2.447157e+01	2023	2	21	0
	1609	792	46.265389	-15.703103	1.004891e+05	1.103524e+01	1.080745e+05	1.078844e+05	5.766970e+04	5.731198e+04	9.999000e+03	2.921012e+01	2023	2	21	6
	1606	799	45.843515	-15.046854	1.002263e+05	1.087409e+01	1.079163e+05	1.077135e+05	5.747855e+04	5.707377e+04	9.999000e+03	3.354920e+01	2023	2	21	12
	1607	804	45.984140	-14.578105	1.004266e+05	1.083791e+01	1.080583e+05	1.079099e+05	5.763525e+04	5.727495e+04	9.999000e+03	2.737243e+01	2023	2	21	18
	1610	803	46.406014	-14.671855	1.002107e+05	1.164018e+01	1.078550e+05	1.076632e+05	5.748148e+04	5.713357e+04	9.999000e+03	2.104606e+01	2023	2	22	0
	1608	801	46.124764	-14.859354	1.004615e+05	1.058642e+01	1.080413e+05	1.078633e+05	5.768786e+04	5.736047e+04	9.999000e+03	2.350579e+01	2023	2	22	6
	1608	798	46.124764	-15.140604	1.002294e+05	1.105624e+01	1.079324e+05	1.077298e+05	5.748176e+04	5.716832e+04	9.999000e+03	2.222165e+01	2023	2	22	12
	1607	798	45.984140	-15.140604	1.005024e+05	1.128299e+01	1.080158e+05	1.078844e+05	5.766324e+04	5.733493e+04	9.999000e+03	1.395694e+01	2023	2	22	18
	1596	793	44.437266	-15.609353	1.002767e+05	1.268264e+01	1.078151e+05	1.076854e+05	5.746014e+04	5.719467e+04	9.999000e+03	9.156160e+00	2023	2	23	0
	1593	795	44.015392	-15.421854	1.004421e+05	1.283903e+01	1.080015e+05	1.077944e+05	5.767355e+04	5.738903e+04	9.999000e+03	1.198652e+01	2023	2	23	6
start	66	2023	2	16	12
	1768	821	68.624741	-12.984357	1.004329e+05	1.457624e+01	1.079803e+05	1.077721e+05	5.747400e+04	5.719277e+04	3.022433e+02	2.645978e+01	2023	2	16	12
	1779	818	70.171614	-13.265607	1.006556e+05	1.486628e+01	1.081498e+05	1.078989e+05	5.772296e+04	5.744209e+04	3.023693e+02	3.200116e+01	2023	2	16	18
	1773	821	69.327865	-12.984357	1.003365e+05	1.497880e+01	1.079162e+05	1.077024e+05	5.747312e+04	5.710808e+04	3.020410e+02	3.246778e+01	2023	2	17	0
	1777	826	69.890365	-12.515608	1.004914e+05	1.606064e+01	1.081879e+05	1.079252e+05	5.768672e+04	5.722723e+04	3.023295e+02	2.808768e+01	2023	2	17	6
	1778	826	70.030989	-12.515608	1.001756e+05	1.522907e+01	1.079968e+05	1.077316e+05	5.746986e+04	5.700545e+04	3.023809e+02	2.198366e+01	2023	2	17	12
	1780	825	70.312239	-12.609357	1.004247e+05	1.462842e+01	1.081517e+05	1.078900e+05	5.773666e+04	5.724608e+04	3.023783e+02	2.762431e+01	2023	2	17	18
	1778	820	70.030989	-13.078107	1.000533e+05	1.581141e+01	1.078440e+05	1.075873e+05	5.748577e+04	5.700459e+04	3.023497e+02	2.674890e+01	2023	2	18	0
	1777	821	69.890365	-12.984357	1.001705e+05	1.549945e+01	1.080485e+05	1.078143e+05	5.769071e+04	5.712728e+04	3.023589e+02	2.454887e+01	2023	2	18	6
	1773	815	69.327865	-13.546856	9.983559e+04	1.672519e+01	1.079151e+05	1.075814e+05	5.749187e+04	5.688596e+04	3.018586e+02	2.399344e+01	2023	2	18	12
	1770	815	68.905991	-13.546856	1.000434e+05	1.745864e+01	1.081185e+05	1.077686e+05	5.769751e+04	5.701770e+04	3.018818e+02	2.962777e+01	2023	2	18	18
	1767	813	68.484116	-13.734356	9.964384e+04	1.900594e+01	1.078337e+05	1.074967e+05	5.752099e+04	5.665142e+04	3.019450e+02	2.521520e+01	2023	2	19	0
	1763	808	67.921617	-14.203105	9.976285e+04	1.804832e+01	1.081025e+05	1.077090e+05	5.770514e+04	5.687862e+04	3.019403e+02	2.268123e+01	2023	2	19	6
	1760	806	67.499742	-14.390605	9.947420e+04	1.922269e+01	1.079497e+05	1.075731e+05	5.753193e+04	5.662344e+04	3.019531e+02	2.384550e+01	2023	2	19	12
	1756	803	66.937243	-14.671855	9.963018e+04	2.011703e+01	1.081557e+05	1.077458e+05	5.771715e+04	5.677805e+04	3.019352e+02	2.968889e+01	2023	2	19	18
	1750	801	66.093494	-14.859354	9.925031e+04	2.004010e+01	1.078763e+05	1.074198e+05	5.748859e+04	5.643700e+04	3.019872e+02	2.742887e+01	2023	2	20	0
	1743	796	65.109120	-15.328104	9.938038e+04	2.093539e+01	1.081113e+05	1.075510e+05	5.767668e+04	5.653618e+04	3.019531e+02	2.379352e+01	2023	2	20	6
	1738	791	64.405995	-15.796853	9.901635e+04	2.237168e+01	1.079867e+05	1.073242e+05	5.749331e+04	5.622121e+04	3.017003e+02	2.588189e+01	2023	2	20	12
	1730	789	63.280996	-15.984353	9.913034e+04	2.334143e+01	1.081395e+05	1.075464e+05	5.771661e+04	5.629427e+04	3.017011e+02	3.097834e+01	2023	2	20	18
	1722	786	62.155998	-16.265602	9.869440e+04	2.220552e+01	1.078572e+05	1.071986e+05	5.748816e+04	5.590966e+04	3.018334e+02	2.791127e+01	2023	2	21	0
	1714	784	61.030999	-16.453102	9.888645e+04	2.365466e+01	1.080745e+05	1.072903e+05	5.768018e+04	5.614151e+04	3.018416e+02	2.227933e+01	2023	2	21	6
	1707	782	60.046625	-16.640602	9.851271e+04	2.392103e+01	1.079278e+05	1.071357e+05	5.748755e+04	5.584904e+04	3.018119e+02	2.390101e+01	2023	2	21	12
	1701	782	59.202876	-16.640602	9.876061e+04	2.338658e+01	1.081174e+05	1.073968e+05	5.770875e+04	5.617991e+04	3.017853e+02	2.544125e+01	2023	2	21	18
	1696	781	58.499751	-16.734352	9.860497e+04	2.359073e+01	1.078945e+05	1.072483e+05	5.748627e+04	5.603564e+04	3.018298e+02	2.248941e+01	2023	2	22	0
	1690	781	57.656002	-16.734352	9.880390e+04	2.358922e+01	1.081472e+05	1.074969e+05	5.768429e+04	5.631778e+04	3.018471e+02	2.327759e+01	2023	2	22	6
	1688	777	57.374753	-17.109351	9.854239e+04	2.346654e+01	1.080206e+05	1.072529e+05	5.758433e+04	5.605420e+04	3.016403e+02	2.905551e+01	2023	2	22	12
	1686	774	57.093503	-17.390601	9.863013e+04	2.470078e+01	1.081233e+05	1.073821e+05	5.778005e+04	5.607379e+04	3.014634e+02	3.787496e+01	2023	2	22	18
	1682	770	56.531004	-17.765600	9.829564e+04	2.729509e+01	1.079019e+05	1.071064e+05	5.755264e+04	5.575377e+04	3.011904e+02	3.445729e+01	2023	2	23	0
	1677	765	55.827879	-18.234350	9.834801e+04	2.661703e+01	1.080510e+05	1.073472e+05	5.769859e+04	5.583748e+04	3.013436e+02	3.277678e+01	2023	2	23	6
	1675	760	55.546630	-18.703099	9.784613e+04	2.726232e+01	1.078840e+05	1.071175e+05	5.753327e+04	5.543407e+04	3.017245e+02	3.617274e+01	2023	2	23	12
	1672	755	55.124755	-19.171848	9.813996e+04	2.794536e+01	1.081097e+05	1.073863e+05	5.773134e+04	5.572324e+04	9.999000e+03	4.039252e+01	2023	2	23	18
	1669	748	54.702880	-19.828097	9.789952e+04	3.038082e+01	1.078479e+05	1.071531e+05	5.748449e+04	5.558361e+04	9.999000e+03	3.828616e+01	2023	2	24	0
	1667	741	54.421631	-20.484347	9.812102e+04	2.809674e+01	1.080564e+05	1.073607e+05	5.768218e+04	5.585198e+04	9.999000e+03	3.122631e+01	2023	2	24	6
	1663	741	53.859131	-20.484347	9.798548e+04	2.679641e+01	1.079007e+05	1.071877e+05	5.747007e+04	5.572855e+04	9.999000e+03	3.170915e+01	2023	2	24	12
	1662	738	53.718506	-20.765596	9.798777e+04	2.668513e+01	1.080687e+05	1.073518e+05	5.767848e+04	5.584014e+04	9.999000e+03	3.234119e+01	2023	2	24	18
	1662	738	53.718506	-20.765596	9.789334e+04	2.731582e+01	1.078266e+05	1.071278e+05	5.745973e+04	5.568511e+04	9.999000e+03	2.940535e+01	2023	2	25	0
	1658	738	53.156007	-20.765596	9.808974e+04	2.651177e+01	1.080433e+05	1.072754e+05	5.761633e+04	5.588132e+04	9.999000e+03	2.735762e+01	2023	2	25	6
	1658	738	53.156007	-20.765596	9.791779e+04	2.545102e+01	1.079097e+05	1.070988e+05	5.747118e+04	5.572859e+04	9.999000e+03	3.373701e+01	2023	2	25	12
	1657	740	53.015382	-20.578096	9.814581e+04	2.431719e+01	1.080962e+05	1.071984e+05	5.763358e+04	5.585111e+04	3.014437e+02	3.381345e+01	2023	2	25	18
	1654	738	52.593508	-20.765596	9.792227e+04	2.604203e+01	1.078640e+05	1.071112e+05	5.749653e+04	5.563440e+04	3.013856e+02	3.351133e+01	2023	2	26	0
	1651	740	52.171633	-20.578096	9.808405e+04	2.718641e+01	1.080104e+05	1.072483e+05	5.761279e+04	5.582334e+04	3.013470e+02	4.088345e+01	2023	2	26	6
	1649	741	51.890383	-20.484347	9.763620e+04	2.970570e+01	1.078944e+05	1.069639e+05	5.747111e+04	5.544188e+04	3.013377e+02	3.878340e+01	2023	2	26	12
	1647	746	51.609134	-20.015597	9.775362e+04	3.080245e+01	1.079722e+05	1.069917e+05	5.757236e+04	5.549403e+04	3.012531e+02	3.711166e+01	2023	2	26	18
	1644	749	51.187259	-19.734348	9.738415e+04	3.051584e+01	1.076534e+05	1.067170e+05	5.731125e+04	5.511558e+04	3.011990e+02	2.844603e+01	2023	2	27	0
	1644	754	51.187259	-19.265598	9.754912e+04	2.829161e+01	1.078469e+05	1.068448e+05	5.746670e+04	5.533087e+04	9.999000e+03	2.916560e+01	2023	2	27	6
	1646	756	51.468509	-19.078098	9.757390e+04	2.900487e+01	1.077252e+05	1.067819e+05	5.726269e+04	5.532896e+04	3.012155e+02	3.405362e+01	2023	2	27	12
	1647	758	51.609134	-18.890599	9.810782e+04	2.754820e+01	1.078881e+05	1.072719e+05	5.746721e+04	5.578263e+04	3.011755e+02	2.996697e+01	2023	2	27	18
	1650	758	52.031008	-18.890599	9.772013e+04	2.755295e+01	1.076723e+05	1.070023e+05	5.725394e+04	5.549870e+04	3.011023e+02	1.827960e+01	2023	2	28	0
	1650	758	52.031008	-18.890599	9.802042e+04	2.526590e+01	1.078713e+05	1.070965e+05	5.749590e+04	5.575606e+04	3.010704e+02	1.635077e+01	2023	2	28	6
	1651	756	52.171633	-19.078098	9.781834e+04	2.700710e+01	1.077186e+05	1.071487e+05	5.727907e+04	5.571216e+04	3.010622e+02	2.277591e+01	2023	2	28	12
	1653	756	52.452883	-19.078098	9.772082e+04	2.574452e+01	1.079571e+05	1.072341e+05	5.752472e+04	5.560323e+04	3.010096e+02	1.983985e+01	2023	2	28	18
	1655	750	52.734132	-19.640598	9.787988e+04	2.380167e+01	1.077123e+05	1.071135e+05	5.730564e+04	5.573886e+04	3.009372e+02	1.513503e+01	2023	3	1	0
	1656	748	52.874757	-19.828097	9.814958e+04	2.415973e+01	1.079508e+05	1.073633e+05	5.752334e+04	5.608553e+04	3.009004e+02	1.298743e+01	2023	3	1	6
	1660	741	53.437257	-20.484347	9.805286e+04	2.266451e+01	1.078090e+05	1.072730e+05	5.738269e+04	5.599938e+04	9.999000e+03	1.561125e+01	2023	3	1	12
	1666	734	54.281006	-21.140596	9.818988e+04	2.608512e+01	1.079592e+05	1.074797e+05	5.759647e+04	5.609173e+04	9.999000e+03	1.602994e+01	2023	3	1	18
	1671	726	54.984130	-21.890595	9.829245e+04	2.333352e+01	1.077566e+05	1.071700e+05	5.734445e+04	5.603315e+04	9.999000e+03	1.508694e+01	2023	3	2	0
	1678	722	55.968504	-22.265594	9.836048e+04	2.295627e+01	1.080253e+05	1.072225e+05	5.759643e+04	5.619630e+04	9.999000e+03	1.914282e+01	2023	3	2	6
	1688	712	57.374753	-23.203093	9.798974e+04	2.452688e+01	1.079013e+05	1.068766e+05	5.742802e+04	5.580580e+04	3.003304e+02	2.097315e+01	2023	3	2	12
	1700	703	59.062251	-24.046842	9.835188e+04	2.445744e+01	1.080589e+05	1.066792e+05	5.759775e+04	5.615466e+04	3.001254e+02	1.909386e+01	2023	3	2	18
	1709	691	60.327875	-25.171840	9.774451e+04	2.555106e+01	1.078673e+05	1.059501e+05	5.740609e+04	5.582267e+04	2.998635e+02	1.820216e+01	2023	3	3	0
	1725	676	62.577872	-26.578088	9.847316e+04	2.507085e+01	1.081372e+05	1.052511e+05	5.766188e+04	5.582132e+04	2.994376e+02	1.758416e+01	2023	3	3	6
	1745	650	65.390369	-29.015585	9.867540e+04	2.686153e+01	1.080242e+05	1.041640e+05	5.764608e+04	5.494821e+04	2.987006e+02	2.133664e+01	2023	3	3	12
	1777	614	69.890365	-32.390580	9.874167e+04	2.865129e+01	1.081469e+05	1.036115e+05	5.779093e+04	5.434468e+04	2.969937e+02	1.511680e+01	2023	3	3	18
	1802	568	73.405986	-36.703074	9.837477e+04	2.511179e+01	1.078179e+05	1.024720e+05	5.749330e+04	5.392543e+04	2.935245e+02	1.490956e+01	2023	3	4	0
	1826	535	76.780982	-39.796820	9.854434e+04	2.004199e+01	1.076556e+05	1.021105e+05	5.737798e+04	5.390402e+04	2.904265e+02	1.031121e+01	2023	3	4	6
	1846	518	79.593479	-41.390567	9.819134e+04	2.234794e+01	1.072651e+05	1.012381e+05	5.710391e+04	5.359096e+04	2.886370e+02	8.564791e+00	2023	3	4	12
	1877	501	83.952850	-42.984315	9.800384e+04	2.655241e+01	1.067330e+05	1.007564e+05	5.676539e+04	5.297661e+04	2.890771e+02	8.279447e+00	2023	3	4	18
start	37	2023	2	19	18
	1900	847	87.187222	-10.546860	1.007998e+05	1.051150e+01	1.082095e+05	1.079736e+05	5.782043e+04	5.756585e+04	3.031125e+02	3.170321e+01	2023	2	19	18
	1894	857	86.343472	-9.609362	1.005638e+05	1.277892e+01	1.079776e+05	1.077851e+05	5.760744e+04	5.731998e+04	3.030014e+02	3.012774e+01	2023	2	20	0
	1894	853	86.343472	-9.984361	1.006537e+05	1.187701e+01	1.081747e+05	1.079421e+05	5.775824e+04	5.735350e+04	3.029633e+02	2.118173e+01	2023	2	20	6
	1892	853	86.062223	-9.984361	1.004296e+05	1.171938e+01	1.080319e+05	1.077836e+05	5.761964e+04	5.717605e+04	3.028552e+02	2.311511e+01	2023	2	20	12
	1890	853	85.780973	-9.984361	1.006248e+05	1.262397e+01	1.082103e+05	1.079460e+05	5.777250e+04	5.734596e+04	3.027609e+02	3.798108e+01	2023	2	20	18
	1886	849	85.218474	-10.359361	1.003889e+05	1.352194e+01	1.080339e+05	1.076935e+05	5.760533e+04	5.714364e+04	3.027182e+02	2.754728e+01	2023	2	21	0
	1875	844	83.671600	-10.828110	1.005100e+05	1.478356e+01	1.081609e+05	1.078690e+05	5.776024e+04	5.733207e+04	3.028347e+02	1.987768e+01	2023	2	21	6
	1872	841	83.249726	-11.109360	1.002653e+05	1.464680e+01	1.080327e+05	1.077171e+05	5.763008e+04	5.719355e+04	3.028513e+02	1.495402e+01	2023	2	21	12
	1866	837	82.405977	-11.484359	1.005053e+05	1.438026e+01	1.081888e+05	1.079181e+05	5.782772e+04	5.741191e+04	3.027136e+02	2.050395e+01	2023	2	21	18
	1861	838	81.702852	-11.390609	1.002689e+05	1.549617e+01	1.079869e+05	1.077098e+05	5.761630e+04	5.728703e+04	3.026461e+02	1.784654e+01	2023	2	22	0
	1857	834	81.140353	-11.765609	1.004426e+05	1.556748e+01	1.081631e+05	1.079351e+05	5.779602e+04	5.743459e+04	3.027287e+02	1.455428e+01	2023	2	22	6
	1853	832	80.577853	-11.953108	1.002272e+05	1.579320e+01	1.080038e+05	1.077289e+05	5.762377e+04	5.730168e+04	3.028767e+02	1.523282e+01	2023	2	22	12
	1847	832	79.734104	-11.953108	1.004368e+05	1.594733e+01	1.081346e+05	1.079055e+05	5.779430e+04	5.751467e+04	3.028455e+02	1.797915e+01	2023	2	22	18
	1842	829	79.030980	-12.234358	1.001795e+05	1.761539e+01	1.078735e+05	1.076488e+05	5.756158e+04	5.728427e+04	3.027355e+02	1.469410e+01	2023	2	23	0
	1838	827	78.468481	-12.421858	1.003642e+05	1.612156e+01	1.080676e+05	1.078392e+05	5.772689e+04	5.749589e+04	3.026904e+02	1.333910e+01	2023	2	23	6
	1830	825	77.343482	-12.609357	1.001361e+05	1.695698e+01	1.078889e+05	1.076449e+05	5.757530e+04	5.726806e+04	3.027876e+02	1.611176e+01	2023	2	23	12
	1825	825	76.640358	-12.609357	1.004403e+05	1.741246e+01	1.080888e+05	1.078365e+05	5.778628e+04	5.750209e+04	3.027018e+02	2.406715e+01	2023	2	23	18
	1817	820	75.515359	-13.078107	1.001720e+05	1.753738e+01	1.078359e+05	1.075847e+05	5.759397e+04	5.714284e+04	3.023951e+02	1.794045e+01	2023	2	24	0
	1814	813	75.093484	-13.734356	1.004352e+05	1.713198e+01	1.080943e+05	1.077949e+05	5.779090e+04	5.731513e+04	3.024880e+02	1.477450e+01	2023	2	24	6
	1804	805	73.687236	-14.484355	1.001585e+05	1.602842e+01	1.079395e+05	1.075850e+05	5.761821e+04	5.709995e+04	3.025192e+02	1.978323e+01	2023	2	24	12
	1802	805	73.405986	-14.484355	1.003423e+05	1.536451e+01	1.081112e+05	1.078811e+05	5.779154e+04	5.728143e+04	3.024815e+02	1.937264e+01	2023	2	24	18
	1799	798	72.984111	-15.140604	1.000603e+05	1.417298e+01	1.078520e+05	1.076137e+05	5.756770e+04	5.707139e+04	3.024416e+02	1.405320e+01	2023	2	25	0
	1795	798	72.421612	-15.140604	1.002287e+05	1.482062e+01	1.080749e+05	1.078368e+05	5.773975e+04	5.720593e+04	3.024117e+02	1.195654e+01	2023	2	25	6
	1794	794	72.280987	-15.515603	9.991623e+04	1.495983e+01	1.078821e+05	1.076625e+05	5.752869e+04	5.698014e+04	3.024332e+02	1.743518e+01	2023	2	25	12
	1794	791	72.280987	-15.796853	1.001425e+05	1.490111e+01	1.080582e+05	1.077983e+05	5.771140e+04	5.729821e+04	3.023110e+02	1.558846e+01	2023	2	25	18
	1792	791	71.999737	-15.796853	9.988378e+04	1.439004e+01	1.077866e+05	1.075535e+05	5.745942e+04	5.703491e+04	3.021112e+02	9.574192e+00	2023	2	26	0
	1793	789	72.140362	-15.984353	1.000463e+05	1.485652e+01	1.080051e+05	1.076240e+05	5.767645e+04	5.726404e+04	3.019187e+02	1.075214e+01	2023	2	26	6
	1794	786	72.280987	-16.265602	9.973180e+04	1.447875e+01	1.077745e+05	1.073832e+05	5.738942e+04	5.707187e+04	3.017673e+02	1.311508e+01	2023	2	26	12
	1797	787	72.702862	-16.171853	9.997502e+04	1.550207e+01	1.079335e+05	1.074906e+05	5.761667e+04	5.721254e+04	3.018737e+02	1.583479e+01	2023	2	26	18
	1802	786	73.405986	-16.265602	9.968627e+04	1.558169e+01	1.077328e+05	1.072875e+05	5.737741e+04	5.692643e+04	3.018636e+02	9.784159e+00	2023	2	27	0
	1806	786	73.968485	-16.265602	9.991986e+04	1.541351e+01	1.079588e+05	1.075097e+05	5.766763e+04	5.705015e+04	3.019228e+02	1.083164e+01	2023	2	27	6
	1811	784	74.671610	-16.453102	9.978748e+04	1.542266e+01	1.078261e+05	1.074039e+05	5.743482e+04	5.699807e+04	3.018733e+02	1.285355e+01	2023	2	27	12
	1817	784	75.515359	-16.453102	1.000431e+05	1.642706e+01	1.080528e+05	1.076305e+05	5.770732e+04	5.723616e+04	3.017503e+02	1.202370e+01	2023	2	27	18
	1821	784	76.077858	-16.453102	9.985398e+04	1.675713e+01	1.078722e+05	1.074646e+05	5.749638e+04	5.703943e+04	3.015592e+02	9.471157e+00	2023	2	28	0
	1825	782	76.640358	-16.640602	1.000469e+05	1.645326e+01	1.080861e+05	1.077121e+05	5.773694e+04	5.720340e+04	3.013727e+02	1.160244e+01	2023	2	28	6
	1826	781	76.780982	-16.734352	9.972359e+04	1.723713e+01	1.079752e+05	1.075965e+05	5.758767e+04	5.714343e+04	3.014457e+02	7.548224e+00	2023	2	28	12
	1826	781	76.780982	-16.734352	1.001742e+05	1.481311e+01	1.082083e+05	1.077894e+05	5.783461e+04	5.755125e+04	3.013695e+02	7.601513e+00	2023	2	28	18
start	17	2023	3	6	0
	2313	758	145.265286	-18.890599	1.001945e+05	1.164353e+01	1.082252e+05	1.075005e+05	5.767392e+04	5.709516e+04	9.999000e+03	1.934178e+01	2023	3	6	0
	2324	758	146.812159	-18.890599	9.973433e+04	1.428308e+01	1.080685e+05	1.075015e+05	5.744691e+04	5.684631e+04	9.999000e+03	2.263877e+01	2023	3	6	6
	2336	753	148.499658	-19.359348	9.999562e+04	1.526781e+01	1.083025e+05	1.077795e+05	5.772265e+04	5.703300e+04	9.999000e+03	2.778208e+01	2023	3	6	12
	2350	743	150.468406	-20.296847	9.967045e+04	1.504751e+01	1.080229e+05	1.073900e+05	5.749306e+04	5.665449e+04	9.999000e+03	3.597920e+01	2023	3	6	18
	2363	739	152.296529	-20.671846	9.979337e+04	1.629694e+01	1.082855e+05	1.076545e+05	5.763802e+04	5.667681e+04	3.024022e+02	4.053135e+01	2023	3	7	0
	2372	736	153.562152	-20.953096	9.948789e+04	1.545872e+01	1.080526e+05	1.074528e+05	5.738005e+04	5.647777e+04	3.022831e+02	3.029355e+01	2023	3	7	6
	2378	734	154.405902	-21.140596	9.976845e+04	1.583383e+01	1.082473e+05	1.074700e+05	5.756674e+04	5.676402e+04	3.021390e+02	2.866240e+01	2023	3	7	12
	2382	739	154.968401	-20.671846	9.950188e+04	1.454789e+01	1.079650e+05	1.071701e+05	5.732765e+04	5.661029e+04	3.022655e+02	2.497946e+01	2023	3	7	18
	2388	742	155.812150	-20.390597	9.967245e+04	1.617299e+01	1.081321e+05	1.072729e+05	5.752691e+04	5.692417e+04	3.023776e+02	1.917064e+01	2023	3	8	0
	2392	749	156.374649	-19.734348	9.947330e+04	1.430477e+01	1.079270e+05	1.071035e+05	5.731923e+04	5.681657e+04	3.025853e+02	1.902915e+01	2023	3	8	6
	2397	754	157.077774	-19.265598	9.975414e+04	1.472585e+01	1.082440e+05	1.073492e+05	5.757275e+04	5.705286e+04	3.025676e+02	1.870687e+01	2023	3	8	12
	2402	759	157.780898	-18.796849	9.956560e+04	1.377176e+01	1.080428e+05	1.072453e+05	5.737940e+04	5.681851e+04	3.025356e+02	1.584571e+01	2023	3	8	18
	2408	759	158.624647	-18.796849	9.982031e+04	1.401152e+01	1.082255e+05	1.075402e+05	5.753261e+04	5.707927e+04	3.025381e+02	1.772851e+01	2023	3	9	0
	2414	758	159.468396	-18.890599	9.963263e+04	1.406123e+01	1.080113e+05	1.073835e+05	5.740982e+04	5.700007e+04	3.027087e+02	1.926275e+01	2023	3	9	6
	2421	755	160.452770	-19.171848	9.989336e+04	1.400886e+01	1.082451e+05	1.074917e+05	5.763521e+04	5.716241e+04	3.025291e+02	1.975771e+01	2023	3	9	12
	2427	753	161.296519	-19.359348	9.969116e+04	1.269818e+01	1.080477e+05	1.073109e+05	5.743912e+04	5.696506e+04	3.024728e+02	1.883101e+01	2023	3	9	18
	2431	748	161.859019	-19.828097	9.992887e+04	1.274207e+01	1.081939e+05	1.073759e+05	5.758566e+04	5.722005e+04	3.024277e+02	1.506293e+01	2023	3	10	0
start	27	2023	3	23	12
	2222	871	132.468424	-8.296863	1.005475e+05	1.255409e+01	1.082915e+05	1.080991e+05	5.777943e+04	5.742807e+04	9.999000e+03	2.696227e+01	2023	3	23	12
	2219	874	132.046550	-8.015614	1.002019e+05	1.501072e+01	1.079889e+05	1.077381e+05	5.746293e+04	5.708495e+04	9.999000e+03	2.895089e+01	2023	3	23	18
	2221	873	132.327800	-8.109364	1.003912e+05	1.370380e+01	1.082155e+05	1.079635e+05	5.768258e+04	5.735097e+04	9.999000e+03	1.384260e+01	2023	3	24	0
	2220	871	132.187175	-8.296863	1.000351e+05	1.255703e+01	1.080101e+05	1.078016e+05	5.750269e+04	5.707276e+04	9.999000e+03	1.148743e+01	2023	3	24	6
	2220	866	132.187175	-8.765613	1.004134e+05	1.331087e+01	1.082580e+05	1.080354e+05	5.775334e+04	5.741752e+04	9.999000e+03	2.171489e+01	2023	3	24	12
	2213	861	131.202801	-9.234362	1.001471e+05	1.452525e+01	1.079935e+05	1.078269e+05	5.750988e+04	5.719846e+04	9.999000e+03	2.029366e+01	2023	3	24	18
	2213	861	131.202801	-9.234362	1.002763e+05	1.445603e+01	1.082260e+05	1.079937e+05	5.771239e+04	5.738923e+04	9.999000e+03	1.442132e+01	2023	3	25	0
	2208	854	130.499676	-9.890611	1.000358e+05	1.575248e+01	1.080133e+05	1.078641e+05	5.755880e+04	5.726427e+04	9.999000e+03	9.060169e+00	2023	3	25	6
	2202	851	129.655927	-10.171861	1.002644e+05	1.465760e+01	1.082159e+05	1.080596e+05	5.772641e+04	5.750173e+04	9.999000e+03	1.536262e+01	2023	3	25	12
	2196	849	128.812178	-10.359361	1.000285e+05	1.483968e+01	1.079881e+05	1.078487e+05	5.753372e+04	5.722253e+04	9.999000e+03	1.910086e+01	2023	3	25	18
	2189	848	127.827804	-10.453110	1.002278e+05	1.649394e+01	1.081859e+05	1.080149e+05	5.769611e+04	5.735946e+04	9.999000e+03	1.379525e+01	2023	3	26	0
	2183	848	126.984055	-10.453110	9.996002e+04	1.509377e+01	1.079538e+05	1.078285e+05	5.751826e+04	5.709671e+04	9.999000e+03	8.577417e+00	2023	3	26	6
	2177	846	126.140306	-10.640610	1.001657e+05	1.424854e+01	1.081807e+05	1.079991e+05	5.766078e+04	5.728619e+04	9.999000e+03	1.720744e+01	2023	3	26	12
	2171	846	125.296557	-10.640610	9.992270e+04	1.644608e+01	1.079573e+05	1.078283e+05	5.745762e+04	5.704621e+04	9.999000e+03	2.683626e+01	2023	3	26	18
	2167	847	124.734057	-10.546860	1.001171e+05	1.621883e+01	1.080774e+05	1.078794e+05	5.752437e+04	5.714591e+04	9.999000e+03	2.142855e+01	2023	3	27	0
	2166	849	124.593433	-10.359361	9.985116e+04	1.614169e+01	1.078041e+05	1.076399e+05	5.738766e+04	5.687236e+04	9.999000e+03	1.185532e+01	2023	3	27	6
	2162	849	124.030933	-10.359361	1.001484e+05	1.476563e+01	1.079882e+05	1.077804e+05	5.753666e+04	5.701641e+04	9.999000e+03	1.823099e+01	2023	3	27	12
	2163	849	124.171558	-10.359361	9.994030e+04	1.452398e+01	1.078356e+05	1.075880e+05	5.736263e+04	5.680363e+04	9.999000e+03	3.197684e+01	2023	3	27	18
	2162	849	124.030933	-10.359361	1.001297e+05	1.539807e+01	1.079882e+05	1.076289e+05	5.748420e+04	5.690820e+04	9.999000e+03	2.248978e+01	2023	3	28	0
	2160	844	123.749683	-10.828110	9.982813e+04	1.608116e+01	1.078081e+05	1.073859e+05	5.728140e+04	5.661294e+04	9.999000e+03	1.773533e+01	2023	3	28	6
	2155	839	123.046559	-11.296859	1.000401e+05	1.591414e+01	1.079901e+05	1.075117e+05	5.749506e+04	5.678738e+04	9.999000e+03	1.694840e+01	2023	3	28	12
	2152	839	122.624685	-11.296859	9.988004e+04	1.516082e+01	1.077845e+05	1.074834e+05	5.734880e+04	5.669666e+04	9.999000e+03	2.458653e+01	2023	3	28	18
	2151	837	122.484060	-11.484359	1.000501e+05	1.676982e+01	1.080097e+05	1.077329e+05	5.757614e+04	5.698153e+04	9.999000e+03	1.916549e+01	2023	3	29	0
	2147	832	121.921560	-11.953108	9.984824e+04	1.744255e+01	1.078591e+05	1.074875e+05	5.738792e+04	5.674652e+04	9.999000e+03	1.737340e+01	2023	3	29	6
	2143	832	121.359061	-11.953108	1.000999e+05	1.708132e+01	1.080869e+05	1.076830e+05	5.760689e+04	5.707009e+04	9.999000e+03	1.616695e+01	2023	3	29	12
	2139	832	120.796562	-11.953108	1.000392e+05	1.665372e+01	1.078720e+05	1.076456e+05	5.746557e+04	5.708756e+04	9.999000e+03	1.702631e+01	2023	3	29	18
	2136	832	120.374687	-11.953108	1.002378e+05	1.795938e+01	1.080614e+05	1.078227e+05	5.762339e+04	5.729802e+04	9.999000e+03	1.072914e+01	2023	3	30	0
start	20	2023	3	30	12
	2124	828	118.687189	-12.328108	1.002321e+05	1.636554e+01	1.081110e+05	1.079496e+05	5.763095e+04	5.747275e+04	3.032035e+02	1.148790e+01	2023	3	30	12
	2119	830	117.984064	-12.140608	1.001529e+05	1.648439e+01	1.079821e+05	1.077774e+05	5.748934e+04	5.730965e+04	3.031896e+02	1.282085e+01	2023	3	30	18
	2116	831	117.562190	-12.046858	1.002114e+05	1.611770e+01	1.080090e+05	1.078924e+05	5.757918e+04	5.736137e+04	3.031437e+02	1.322491e+01	2023	3	31	0
	2111	829	116.859066	-12.234358	1.000407e+05	1.727015e+01	1.078918e+05	1.077451e+05	5.746291e+04	5.712961e+04	3.031638e+02	1.274784e+01	2023	3	31	6
	2103	831	115.734067	-12.046858	1.001885e+05	1.563332e+01	1.080018e+05	1.078376e+05	5.759774e+04	5.727252e+04	3.031281e+02	1.425014e+01	2023	3	31	12
	2099	833	115.171567	-11.859359	1.000703e+05	1.568673e+01	1.079256e+05	1.077415e+05	5.750680e+04	5.716858e+04	3.030499e+02	2.055418e+01	2023	3	31	18
	2095	833	114.609068	-11.859359	1.001816e+05	1.556115e+01	1.079706e+05	1.077166e+05	5.757796e+04	5.721262e+04	3.030575e+02	1.695829e+01	2023	4	1	0
	2092	832	114.187193	-11.953108	9.997380e+04	1.746806e+01	1.078288e+05	1.075907e+05	5.745438e+04	5.701899e+04	3.030633e+02	1.578483e+01	2023	4	1	6
	2085	827	113.202819	-12.421858	1.000649e+05	1.675134e+01	1.079783e+05	1.076836e+05	5.762555e+04	5.700692e+04	3.030239e+02	1.737101e+01	2023	4	1	12
	2080	825	112.499695	-12.609357	9.999855e+04	1.626709e+01	1.078889e+05	1.075571e+05	5.754920e+04	5.694155e+04	3.029212e+02	2.439545e+01	2023	4	1	18
	2076	820	111.937196	-13.078107	1.001011e+05	1.936688e+01	1.079481e+05	1.076144e+05	5.766057e+04	5.712971e+04	3.028271e+02	1.918533e+01	2023	4	2	0
	2074	818	111.655946	-13.265607	9.999892e+04	1.719002e+01	1.078905e+05	1.076310e+05	5.757032e+04	5.706893e+04	3.029575e+02	1.468118e+01	2023	4	2	6
	2072	813	111.374696	-13.734356	1.001849e+05	1.595215e+01	1.080631e+05	1.078277e+05	5.772971e+04	5.735646e+04	3.028647e+02	1.919595e+01	2023	4	2	12
	2068	810	110.812197	-14.015606	1.001184e+05	1.703601e+01	1.080289e+05	1.078318e+05	5.766408e+04	5.728230e+04	3.029843e+02	2.310068e+01	2023	4	2	18
	2065	810	110.390322	-14.015606	1.002017e+05	1.677366e+01	1.080582e+05	1.078270e+05	5.770851e+04	5.742054e+04	3.030042e+02	1.813070e+01	2023	4	3	0
	2062	805	109.968448	-14.484355	1.000962e+05	1.712584e+01	1.079686e+05	1.076860e+05	5.762587e+04	5.734941e+04	3.030412e+02	1.463860e+01	2023	4	3	6
	2058	805	109.405948	-14.484355	1.002440e+05	1.802906e+01	1.081220e+05	1.077066e+05	5.774008e+04	5.751867e+04	3.030591e+02	1.655125e+01	2023	4	3	12
	2054	803	108.843449	-14.671855	1.002391e+05	1.622356e+01	1.080772e+05	1.075485e+05	5.766989e+04	5.743064e+04	3.030405e+02	1.914375e+01	2023	4	3	18
	2051	798	108.421574	-15.140604	1.002531e+05	1.685006e+01	1.080351e+05	1.074348e+05	5.767414e+04	5.744855e+04	3.029614e+02	1.624278e+01	2023	4	4	0
	2050	796	108.280950	-15.328104	1.001988e+05	1.562588e+01	1.079642e+05	1.073630e+05	5.763712e+04	5.737023e+04	3.030967e+02	1.456824e+01	2023	4	4	6
start	27	2023	4	1	6
	1879	847	84.234100	-10.546860	1.005836e+05	1.414727e+01	1.079441e+05	1.077887e+05	5.766870e+04	5.731352e+04	3.035843e+02	1.950180e+01	2023	4	1	6
	1872	852	83.249726	-10.078111	1.004005e+05	1.443558e+01	1.078676e+05	1.076450e+05	5.754215e+04	5.726205e+04	3.035223e+02	1.780305e+01	2023	4	1	12
	1869	851	82.827851	-10.171861	1.005634e+05	1.473333e+01	1.080285e+05	1.078580e+05	5.771412e+04	5.739644e+04	3.033492e+02	2.164814e+01	2023	4	1	18
	1861	849	81.702852	-10.359361	1.003960e+05	1.562974e+01	1.079550e+05	1.076700e+05	5.758796e+04	5.728718e+04	3.031032e+02	1.961592e+01	2023	4	2	0
	1850	846	80.155979	-10.640610	1.005594e+05	1.637580e+01	1.081512e+05	1.079359e+05	5.779265e+04	5.744750e+04	3.030249e+02	2.006093e+01	2023	4	2	6
	1845	847	79.452855	-10.546860	1.003675e+05	1.604231e+01	1.080193e+05	1.077937e+05	5.764699e+04	5.732752e+04	3.030028e+02	1.809899e+01	2023	4	2	12
	1836	846	78.187231	-10.640610	1.006310e+05	1.633176e+01	1.081740e+05	1.079735e+05	5.789780e+04	5.759401e+04	3.030002e+02	1.919849e+01	2023	4	2	18
	1827	847	76.921607	-10.546860	1.004166e+05	1.747909e+01	1.080372e+05	1.078058e+05	5.776886e+04	5.738070e+04	3.031497e+02	2.020394e+01	2023	4	3	0
	1818	841	75.655984	-11.109360	1.006306e+05	1.925059e+01	1.082472e+05	1.080895e+05	5.800800e+04	5.761581e+04	3.031891e+02	1.525701e+01	2023	4	3	6
	1813	843	74.952859	-10.921860	1.003817e+05	1.663119e+01	1.080811e+05	1.078616e+05	5.783014e+04	5.750224e+04	3.033203e+02	1.500094e+01	2023	4	3	12
	1802	843	73.405986	-10.921860	1.006276e+05	1.785364e+01	1.082908e+05	1.080182e+05	5.802159e+04	5.763380e+04	3.032226e+02	2.160749e+01	2023	4	3	18
	1794	841	72.280987	-11.109360	1.003111e+05	1.763912e+01	1.080785e+05	1.077164e+05	5.779588e+04	5.740974e+04	3.030799e+02	1.697707e+01	2023	4	4	0
	1785	841	71.015363	-11.109360	1.005492e+05	1.742562e+01	1.082842e+05	1.079406e+05	5.799506e+04	5.769526e+04	3.030299e+02	1.729831e+01	2023	4	4	6
	1780	841	70.312239	-11.109360	1.002643e+05	1.605600e+01	1.081205e+05	1.077525e+05	5.775947e+04	5.742575e+04	3.030362e+02	2.374324e+01	2023	4	4	12
	1774	839	69.468490	-11.296859	1.004625e+05	1.777069e+01	1.082293e+05	1.079174e+05	5.794149e+04	5.760700e+04	3.028885e+02	2.698607e+01	2023	4	4	18
	1769	839	68.765366	-11.296859	1.001098e+05	1.672349e+01	1.079253e+05	1.076352e+05	5.764460e+04	5.727106e+04	3.027312e+02	2.496548e+01	2023	4	5	0
	1764	840	68.062242	-11.203109	1.003345e+05	1.688927e+01	1.081243e+05	1.078446e+05	5.785744e+04	5.743528e+04	3.028276e+02	2.017269e+01	2023	4	5	6
	1760	839	67.499742	-11.296859	1.000690e+05	1.603854e+01	1.079314e+05	1.076396e+05	5.761190e+04	5.732688e+04	3.028701e+02	1.815336e+01	2023	4	5	12
	1759	834	67.359117	-11.765609	1.002968e+05	1.703515e+01	1.081465e+05	1.077405e+05	5.781202e+04	5.751249e+04	3.026531e+02	2.563890e+01	2023	4	5	18
	1758	832	67.218492	-11.953108	9.992374e+04	1.648827e+01	1.078105e+05	1.074480e+05	5.755739e+04	5.716430e+04	3.024793e+02	1.814136e+01	2023	4	6	0
	1756	832	66.937243	-11.953108	1.001734e+05	1.611960e+01	1.080769e+05	1.076712e+05	5.782186e+04	5.741362e+04	3.024434e+02	1.294496e+01	2023	4	6	6
	1756	832	66.937243	-11.953108	9.994003e+04	1.503281e+01	1.078914e+05	1.075014e+05	5.758316e+04	5.721379e+04	3.024261e+02	1.427001e+01	2023	4	6	12
	1756	832	66.937243	-11.953108	1.002048e+05	1.615765e+01	1.081518e+05	1.076598e+05	5.785436e+04	5.745918e+04	3.023340e+02	1.890451e+01	2023	4	6	18
	1756	832	66.937243	-11.953108	9.996138e+04	1.794079e+01	1.079085e+05	1.074394e+05	5.762953e+04	5.733510e+04	3.022515e+02	1.377796e+01	2023	4	7	0
	1755	833	66.796618	-11.859359	1.003063e+05	1.734907e+01	1.081657e+05	1.077579e+05	5.790531e+04	5.759327e+04	3.023833e+02	1.453235e+01	2023	4	7	6
	1754	835	66.655993	-11.671859	9.989950e+04	2.063641e+01	1.080001e+05	1.077016e+05	5.766982e+04	5.724073e+04	3.024736e+02	1.747202e+01	2023	4	7	12
	1749	838	65.952869	-11.390609	1.003290e+05	1.614293e+01	1.081293e+05	1.079189e+05	5.791205e+04	5.764046e+04	3.025966e+02	1.498308e+01	2023	4	7	18
start	28	2023	4	27	6
	212	703	-150.187531	-24.046842	9.936213e+04	2.681748e+01	1.070911e+05	1.046463e+05	5.701124e+04	5.554448e+04	2.997355e+02	2.063978e+01	2023	4	27	6
	213	706	-150.046906	-23.765592	9.881224e+04	2.123719e+01	1.070797e+05	1.046914e+05	5.687114e+04	5.518876e+04	3.000467e+02	1.161278e+01	2023	4	27	12
	216	704	-149.625032	-23.953092	9.890988e+04	2.091624e+01	1.070563e+05	1.049570e+05	5.696853e+04	5.536896e+04	2.997790e+02	1.098304e+01	2023	4	27	18
	219	702	-149.203157	-24.140591	9.879102e+04	1.892428e+01	1.069402e+05	1.049064e+05	5.676310e+04	5.526615e+04	2.997594e+02	8.240961e+00	2023	4	28	0
	224	702	-148.500033	-24.140591	9.903809e+04	1.731193e+01	1.071896e+05	1.050475e+05	5.696087e+04	5.554352e+04	3.000342e+02	6.177725e+00	2023	4	28	6
	227	697	-148.078158	-24.609341	9.907653e+04	1.618363e+01	1.069376e+05	1.049312e+05	5.687639e+04	5.556841e+04	2.997139e+02	6.702960e+00	2023	4	28	12
	234	690	-147.093784	-25.265590	9.916415e+04	1.606128e+01	1.069812e+05	1.049828e+05	5.702247e+04	5.564999e+04	2.993550e+02	6.850799e+00	2023	4	28	18
	241	683	-146.109410	-25.921839	9.896889e+04	1.674907e+01	1.066066e+05	1.048968e+05	5.669981e+04	5.539450e+04	2.991492e+02	7.191679e+00	2023	4	29	0
	248	676	-145.125036	-26.578088	9.912562e+04	1.699324e+01	1.065253e+05	1.050214e+05	5.683799e+04	5.553474e+04	2.986567e+02	7.039021e+00	2023	4	29	6
	252	667	-144.562537	-27.421837	9.900109e+04	1.636052e+01	1.059988e+05	1.049660e+05	5.658333e+04	5.541412e+04	2.978868e+02	6.322824e+00	2023	4	29	12
	255	661	-144.140662	-27.984336	9.919171e+04	1.582634e+01	1.059976e+05	1.049635e+05	5.665427e+04	5.554783e+04	2.976432e+02	5.858455e+00	2023	4	29	18
	259	656	-143.578163	-28.453085	9.906868e+04	1.510239e+01	1.057298e+05	1.047972e+05	5.653002e+04	5.544075e+04	2.975028e+02	6.197764e+00	2023	4	30	0
	265	654	-142.734414	-28.640585	9.930819e+04	1.473801e+01	1.058918e+05	1.048098e+05	5.676923e+04	5.568138e+04	2.971677e+02	7.614377e+00	2023	4	30	6
	269	649	-142.171914	-29.109335	9.923051e+04	1.501880e+01	1.058476e+05	1.044678e+05	5.673910e+04	5.556421e+04	2.971694e+02	1.038415e+01	2023	4	30	12
	274	645	-141.468790	-29.484334	9.930483e+04	1.626495e+01	1.060838e+05	1.043898e+05	5.695415e+04	5.566632e+04	2.971541e+02	1.105702e+01	2023	4	30	18
	280	635	-140.625041	-30.421833	9.911128e+04	1.672088e+01	1.059243e+05	1.041358e+05	5.670816e+04	5.551204e+04	2.969697e+02	1.196498e+01	2023	5	1	0
	287	626	-139.640667	-31.265582	9.929910e+04	1.855461e+01	1.060096e+05	1.039751e+05	5.685845e+04	5.566229e+04	2.959355e+02	1.618916e+01	2023	5	1	6
	292	604	-138.937543	-33.328079	9.894982e+04	2.063490e+01	1.055190e+05	1.034949e+05	5.658673e+04	5.527154e+04	2.949425e+02	2.032017e+01	2023	5	1	12
	297	573	-138.234419	-36.234325	9.870442e+04	2.312661e+01	1.051405e+05	1.030435e+05	5.650221e+04	5.491207e+04	2.923064e+02	1.850066e+01	2023	5	1	18
	299	540	-137.953169	-39.328070	9.810790e+04	2.329217e+01	1.046182e+05	1.021881e+05	5.608771e+04	5.418836e+04	2.905054e+02	1.380218e+01	2023	5	2	0
	304	511	-137.250045	-42.046817	9.784034e+04	2.303979e+01	1.041330e+05	1.014589e+05	5.582874e+04	5.368167e+04	2.887130e+02	1.100560e+01	2023	5	2	6
	315	482	-135.703171	-44.765563	9.749524e+04	2.194278e+01	1.036245e+05	1.007290e+05	5.543673e+04	5.312229e+04	2.870365e+02	9.362437e+00	2023	5	2	12
	330	456	-133.593798	-47.203059	9.748800e+04	2.221218e+01	1.032299e+05	1.002007e+05	5.530220e+04	5.284068e+04	2.853131e+02	7.648284e+00	2023	5	2	18
	348	427	-131.062551	-49.921806	9.743170e+04	2.021297e+01	1.027921e+05	9.975759e+04	5.490764e+04	5.257077e+04	2.839424e+02	7.195126e+00	2023	5	3	0
	365	400	-128.671928	-52.453052	9.735902e+04	1.841448e+01	1.021174e+05	9.919401e+04	5.453901e+04	5.224121e+04	2.828972e+02	6.593268e+00	2023	5	3	6
	389	377	-125.296932	-54.609299	9.717827e+04	1.848379e+01	1.013433e+05	9.857074e+04	5.411622e+04	5.187371e+04	2.824791e+02	7.891053e+00	2023	5	3	12
	418	359	-121.218811	-56.296797	9.705902e+04	1.939019e+01	1.010457e+05	9.773620e+04	5.396332e+04	5.137291e+04	2.819343e+02	9.034040e+00	2023	5	3	18
	455	342	-116.015692	-57.890545	9.686628e+04	2.109098e+01	1.004796e+05	9.661178e+04	5.351592e+04	5.046321e+04	2.813100e+02	7.914909e+00	2023	5	4	0
start	36	2023	4	27	12
	2309	1010	144.702787	4.734368	1.005165e+05	1.264086e+01	1.083037e+05	1.081342e+05	5.773599e+04	5.740526e+04	3.039412e+02	2.952719e+01	2023	4	27	12
	2308	1005	144.562162	4.265619	1.002025e+05	1.118592e+01	1.080635e+05	1.078693e+05	5.746702e+04	5.708584e+04	3.039262e+02	3.598180e+01	2023	4	27	18
	2305	1008	144.140287	4.546869	1.004218e+05	1.245707e+01	1.082660e+05	1.080249e+05	5.768298e+04	5.727191e+04	3.037611e+02	3.408271e+01	2023	4	28	0
	2306	1020	144.280912	5.671867	1.001110e+05	1.227598e+01	1.080850e+05	1.078557e+05	5.747830e+04	5.707781e+04	3.036695e+02	3.133600e+01	2023	4	28	6
	2302	1025	143.718413	6.140616	1.003476e+05	1.313177e+01	1.083164e+05	1.080810e+05	5.769840e+04	5.731136e+04	3.036450e+02	3.334578e+01	2023	4	28	12
	2299	1034	143.296538	6.984365	1.000437e+05	1.411359e+01	1.080784e+05	1.078281e+05	5.749211e+04	5.708818e+04	3.034830e+02	3.579945e+01	2023	4	28	18
	2290	1037	142.030914	7.265615	1.001839e+05	1.492676e+01	1.082807e+05	1.080408e+05	5.766075e+04	5.723262e+04	3.033650e+02	3.499104e+01	2023	4	29	0
	2288	1041	141.749665	7.640614	9.981491e+04	1.538561e+01	1.081184e+05	1.077736e+05	5.741108e+04	5.700234e+04	3.033372e+02	3.275825e+01	2023	4	29	6
	2283	1049	141.046540	8.390613	1.000220e+05	1.624809e+01	1.083139e+05	1.079982e+05	5.764284e+04	5.723196e+04	3.032777e+02	2.887358e+01	2023	4	29	12
	2274	1049	139.780917	8.390613	9.968088e+04	1.614549e+01	1.080199e+05	1.077318e+05	5.744201e+04	5.694445e+04	3.032051e+02	3.263366e+01	2023	4	29	18
	2270	1056	139.218417	9.046862	9.990634e+04	1.636634e+01	1.082306e+05	1.079112e+05	5.768605e+04	5.723081e+04	3.031092e+02	3.561015e+01	2023	4	30	0
	2266	1063	138.655918	9.703112	9.956907e+04	1.636169e+01	1.080912e+05	1.077375e+05	5.747985e+04	5.695699e+04	3.030500e+02	3.724473e+01	2023	4	30	6
	2260	1066	137.812169	9.984361	9.977153e+04	1.640305e+01	1.082871e+05	1.079622e+05	5.768943e+04	5.710080e+04	3.030317e+02	3.648457e+01	2023	4	30	12
	2253	1070	136.827795	10.359361	9.945544e+04	1.734502e+01	1.080133e+05	1.076561e+05	5.744810e+04	5.675475e+04	3.028913e+02	3.513550e+01	2023	4	30	18
	2245	1073	135.702796	10.640610	9.952270e+04	1.835786e+01	1.082132e+05	1.077357e+05	5.766354e+04	5.676208e+04	3.027469e+02	4.000788e+01	2023	5	1	0
	2242	1075	135.280921	10.828110	9.920497e+04	2.037896e+01	1.080599e+05	1.074448e+05	5.750818e+04	5.650194e+04	3.027017e+02	4.044094e+01	2023	5	1	6
	2234	1082	134.155923	11.484359	9.931802e+04	2.073996e+01	1.082444e+05	1.075904e+05	5.769249e+04	5.659135e+04	3.025956e+02	3.978202e+01	2023	5	1	12
	2226	1085	133.030924	11.765609	9.893307e+04	2.009707e+01	1.080178e+05	1.072708e+05	5.749648e+04	5.620020e+04	3.025873e+02	4.207454e+01	2023	5	1	18
	2221	1087	132.327800	11.953108	9.890993e+04	2.043343e+01	1.081521e+05	1.074202e+05	5.764716e+04	5.619240e+04	3.026317e+02	4.480397e+01	2023	5	2	0
	2217	1092	131.765300	12.421858	9.843545e+04	2.178240e+01	1.079620e+05	1.071059e+05	5.741205e+04	5.583240e+04	3.025957e+02	3.785659e+01	2023	5	2	6
	2214	1097	131.343426	12.890607	9.830803e+04	2.281139e+01	1.081244e+05	1.072566e+05	5.758021e+04	5.581694e+04	3.025478e+02	3.685509e+01	2023	5	2	12
	2211	1099	130.921551	13.078107	9.791016e+04	2.378030e+01	1.079038e+05	1.070507e+05	5.736424e+04	5.554717e+04	3.025061e+02	4.133727e+01	2023	5	2	18
	2209	1106	130.640301	13.734356	9.805005e+04	2.655253e+01	1.081327e+05	1.071620e+05	5.748524e+04	5.576335e+04	3.024042e+02	4.134259e+01	2023	5	3	0
	2209	1116	130.640301	14.671855	9.765438e+04	2.900687e+01	1.079072e+05	1.069769e+05	5.733611e+04	5.543560e+04	3.021846e+02	3.657972e+01	2023	5	3	6
	2209	1123	130.640301	15.328104	9.762327e+04	2.971780e+01	1.081202e+05	1.071348e+05	5.756869e+04	5.557672e+04	3.021918e+02	4.034371e+01	2023	5	3	12
	2210	1135	130.780926	16.453102	9.734738e+04	3.044530e+01	1.079899e+05	1.070189e+05	5.735943e+04	5.544029e+04	3.021061e+02	4.015990e+01	2023	5	3	18
	2214	1147	131.343426	17.578101	9.742794e+04	3.023819e+01	1.080994e+05	1.070990e+05	5.756662e+04	5.548566e+04	3.018338e+02	4.181672e+01	2023	5	4	0
	2219	1159	132.046550	18.703099	9.706066e+04	2.834174e+01	1.079376e+05	1.067445e+05	5.741034e+04	5.519667e+04	3.012931e+02	3.459256e+01	2023	5	4	6
	2223	1171	132.609049	19.828097	9.718379e+04	2.829649e+01	1.081560e+05	1.068965e+05	5.760930e+04	5.532437e+04	3.006839e+02	3.479824e+01	2023	5	4	12
	2228	1183	133.312174	20.953096	9.677031e+04	3.034980e+01	1.079066e+05	1.068436e+05	5.733295e+04	5.511938e+04	3.003718e+02	3.634349e+01	2023	5	4	18
	2235	1191	134.296547	21.703095	9.716047e+04	2.972634e+01	1.080183e+05	1.068631e+05	5.753007e+04	5.538441e+04	3.003208e+02	3.484779e+01	2023	5	5	0
	2241	1197	135.140297	22.265594	9.721395e+04	2.946771e+01	1.079328e+05	1.067593e+05	5.741886e+04	5.544998e+04	3.001960e+02	2.870249e+01	2023	5	5	6
	2246	1200	135.843421	22.546844	9.814031e+04	2.699031e+01	1.081373e+05	1.067098e+05	5.757557e+04	5.628965e+04	3.000203e+02	3.174954e+01	2023	5	5	12
	2251	1207	136.546545	23.203093	9.842574e+04	2.358238e+01	1.078983e+05	1.063434e+05	5.739640e+04	5.645652e+04	2.995244e+02	3.686344e+01	2023	5	5	18
	2255	1212	137.109045	23.671842	9.892394e+04	2.362683e+01	1.080645e+05	1.062658e+05	5.755744e+04	5.651889e+04	2.988807e+02	3.663500e+01	2023	5	6	0
	2263	1211	138.234043	23.578092	9.907379e+04	2.533327e+01	1.079308e+05	1.062003e+05	5.745843e+04	5.629002e+04	2.995237e+02	2.715769e+01	2023	5	6	6
start	18	2023	5	19	6
	95	612	-166.640639	-32.578080	9.758793e+04	2.424007e+01	1.050076e+05	1.018470e+05	5.595707e+04	5.373075e+04	2.945844e+02	3.143076e+01	2023	5	19	6
	106	594	-165.093766	-34.265577	9.736895e+04	2.291815e+01	1.042323e+05	1.018993e+05	5.558202e+04	5.357433e+04	2.933091e+02	2.651543e+01	2023	5	19	12
	106	587	-165.093766	-34.921826	9.731012e+04	2.933825e+01	1.035863e+05	1.018613e+05	5.523460e+04	5.319979e+04	2.928612e+02	1.322021e+01	2023	5	19	18
	108	595	-164.812516	-34.171828	9.720209e+04	2.685754e+01	1.033991e+05	1.013606e+05	5.492762e+04	5.315508e+04	2.931525e+02	7.782772e+00	2023	5	20	0
	122	602	-162.843768	-33.515578	9.777527e+04	2.293595e+01	1.038230e+05	1.010133e+05	5.524772e+04	5.341331e+04	2.937288e+02	5.509581e+00	2023	5	20	6
	141	594	-160.171896	-34.265577	9.794910e+04	2.129723e+01	1.038316e+05	1.006833e+05	5.529862e+04	5.312041e+04	2.934141e+02	8.165600e+00	2023	5	20	12
	155	573	-158.203148	-36.234325	9.798996e+04	1.815180e+01	1.035459e+05	1.004697e+05	5.521201e+04	5.296743e+04	2.919605e+02	1.460184e+01	2023	5	20	18
	155	554	-158.203148	-38.015572	9.799668e+04	2.190337e+01	1.027697e+05	1.004344e+05	5.471067e+04	5.264736e+04	2.907363e+02	1.865675e+01	2023	5	21	0
	142	586	-160.031271	-35.015576	9.802903e+04	2.238919e+01	1.028016e+05	1.003920e+05	5.466115e+04	5.249379e+04	2.920887e+02	9.412016e+00	2023	5	21	6
	154	575	-158.343773	-36.046825	9.781898e+04	2.113912e+01	1.023427e+05	1.001991e+05	5.437590e+04	5.237186e+04	2.920435e+02	8.569331e+00	2023	5	21	12
	160	566	-157.500023	-36.890574	9.781383e+04	1.990302e+01	1.020649e+05	1.001100e+05	5.414920e+04	5.235959e+04	2.912673e+02	7.781437e+00	2023	5	21	18
	168	563	-156.375025	-37.171823	9.779407e+04	1.863453e+01	1.020124e+05	9.998534e+04	5.421430e+04	5.235291e+04	2.911512e+02	7.024823e+00	2023	5	22	0
	174	551	-155.531275	-38.296822	9.796520e+04	1.749339e+01	1.016575e+05	1.000261e+05	5.414169e+04	5.249137e+04	2.905114e+02	7.012919e+00	2023	5	22	6
	178	546	-154.968776	-38.765571	9.805529e+04	1.648249e+01	1.013843e+05	9.991678e+04	5.400779e+04	5.253208e+04	2.903306e+02	6.905418e+00	2023	5	22	12
	184	546	-154.125027	-38.765571	9.823703e+04	1.719359e+01	1.014424e+05	9.992712e+04	5.406806e+04	5.266570e+04	2.903852e+02	6.256485e+00	2023	5	22	18
	191	541	-153.140653	-39.234320	9.826946e+04	1.475344e+01	1.014261e+05	9.989864e+04	5.405089e+04	5.267857e+04	2.901444e+02	5.639479e+00	2023	5	23	0
	194	541	-152.718778	-39.234320	9.855580e+04	1.347508e+01	1.017326e+05	1.000341e+05	5.435088e+04	5.288159e+04	2.901507e+02	6.200014e+00	2023	5	23	6
	201	543	-151.734404	-39.046821	9.870732e+04	1.432204e+01	1.018758e+05	1.000510e+05	5.439423e+04	5.297754e+04	2.902975e+02	5.286325e+00	2023	5	23	12
start	11	2023	6	20	18
	2179	1175	126.421556	20.203097	9.975726e+04	1.771375e+01	1.083496e+05	1.081213e+05	5.741289e+04	5.699293e+04	3.041052e+02	3.697810e+01	2023	6	20	18
	2191	1183	128.109054	20.953096	9.984466e+04	1.873853e+01	1.084949e+05	1.081964e+05	5.764072e+04	5.705140e+04	3.035139e+02	4.306283e+01	2023	6	21	0
	2199	1197	129.234053	22.265594	9.945088e+04	1.886962e+01	1.084320e+05	1.080724e+05	5.753305e+04	5.678991e+04	3.034822e+02	3.468554e+01	2023	6	21	6
	2205	1202	130.077802	22.734343	9.947671e+04	1.919467e+01	1.084990e+05	1.081168e+05	5.770751e+04	5.673009e+04	3.028388e+02	3.423899e+01	2023	6	21	12
	2216	1214	131.624675	23.859342	9.920427e+04	1.946698e+01	1.082800e+05	1.078690e+05	5.750109e+04	5.659562e+04	3.024509e+02	3.087978e+01	2023	6	21	18
	2223	1226	132.609049	24.984340	9.929051e+04	1.768308e+01	1.083611e+05	1.076173e+05	5.755941e+04	5.669136e+04	3.011943e+02	2.701920e+01	2023	6	22	0
	2232	1236	133.874673	25.921839	9.912796e+04	1.718953e+01	1.082310e+05	1.074054e+05	5.742260e+04	5.656283e+04	3.009224e+02	2.471171e+01	2023	6	22	6
	2239	1243	134.859047	26.578088	9.923718e+04	1.805361e+01	1.083051e+05	1.072232e+05	5.748259e+04	5.660536e+04	3.004048e+02	2.067006e+01	2023	6	22	12
	2251	1257	136.546545	27.890586	9.909727e+04	1.735523e+01	1.080734e+05	1.066493e+05	5.731902e+04	5.627963e+04	3.000082e+02	2.543601e+01	2023	6	22	18
	2263	1272	138.234043	29.296834	9.924117e+04	1.988915e+01	1.081652e+05	1.062174e+05	5.740012e+04	5.620845e+04	2.994129e+02	2.749924e+01	2023	6	23	0
	2271	1284	139.359042	30.421833	9.923145e+04	2.324357e+01	1.082103e+05	1.059454e+05	5.734849e+04	5.603736e+04	2.980727e+02	2.115234e+01	2023	6	23	6
start	16	2023	6	21	12
	2116	1161	117.562190	18.890599	9.997134e+04	1.249247e+01	1.085187e+05	1.081874e+05	5.757113e+04	5.712614e+04	3.036813e+02	1.892991e+01	2023	6	21	12
	2116	1161	117.562190	18.890599	9.983313e+04	1.269412e+01	1.083260e+05	1.080987e+05	5.750411e+04	5.702168e+04	3.035466e+02	2.293846e+01	2023	6	21	18
	2124	1171	118.687189	19.828097	9.989476e+04	1.408450e+01	1.082907e+05	1.081016e+05	5.758482e+04	5.712619e+04	3.036058e+02	2.265549e+01	2023	6	22	0
	2125	1176	118.827814	20.296847	9.969665e+04	1.367117e+01	1.083018e+05	1.079719e+05	5.746061e+04	5.703539e+04	3.036461e+02	2.330946e+01	2023	6	22	6
	2127	1176	119.109063	20.296847	9.971823e+04	1.544528e+01	1.083296e+05	1.079626e+05	5.755046e+04	5.709344e+04	3.035737e+02	1.918706e+01	2023	6	22	12
	2134	1178	120.093437	20.484347	9.957695e+04	1.548677e+01	1.082319e+05	1.076770e+05	5.743807e+04	5.693321e+04	9.999000e+03	2.563136e+01	2023	6	22	18
	2140	1183	120.937186	20.953096	9.965151e+04	1.526004e+01	1.082672e+05	1.076632e+05	5.748760e+04	5.694768e+04	9.999000e+03	2.867668e+01	2023	6	23	0
	2147	1193	121.921560	21.890595	9.952699e+04	1.547328e+01	1.082196e+05	1.075099e+05	5.734718e+04	5.686005e+04	9.999000e+03	2.440916e+01	2023	6	23	6
	2151	1193	122.484060	21.890595	9.960429e+04	1.665074e+01	1.083548e+05	1.076306e+05	5.751054e+04	5.698084e+04	9.999000e+03	2.259617e+01	2023	6	23	12
	2159	1197	123.609059	22.265594	9.950684e+04	1.669978e+01	1.083129e+05	1.074035e+05	5.744746e+04	5.691740e+04	3.031392e+02	2.589474e+01	2023	6	23	18
	2167	1202	124.734057	22.734343	9.958018e+04	1.681951e+01	1.083720e+05	1.074244e+05	5.762266e+04	5.690077e+04	3.029928e+02	2.686327e+01	2023	6	24	0
	2175	1210	125.859056	23.484342	9.951509e+04	1.773699e+01	1.084178e+05	1.073901e+05	5.753313e+04	5.694593e+04	3.027310e+02	1.718902e+01	2023	6	24	6
	2181	1215	126.702805	23.953092	9.973798e+04	1.636022e+01	1.085363e+05	1.074558e+05	5.771363e+04	5.706415e+04	3.025703e+02	1.464615e+01	2023	6	24	12
	2183	1219	126.984055	24.328091	9.963507e+04	1.651353e+01	1.084566e+05	1.072473e+05	5.760407e+04	5.706983e+04	3.020464e+02	1.758551e+01	2023	6	24	18
	2188	1219	127.687179	24.328091	9.999575e+04	1.676023e+01	1.085133e+05	1.074779e+05	5.780648e+04	5.722276e+04	3.016812e+02	1.649932e+01	2023	6	25	0
	2198	1225	129.093428	24.890590	1.000421e+05	1.818196e+01	1.085227e+05	1.075561e+05	5.779431e+04	5.724836e+04	9.999000e+03	9.327510e+00	2023	6	25	6
start	21	2023	6	26	6
	492	1096	-110.812572	12.796857	1.007131e+05	1.407365e+01	1.082122e+05	1.079362e+05	5.779928e+04	5.739006e+04	3.029280e+02	3.643351e+01	2023	6	26	6
	477	1104	-112.921945	13.546856	1.004098e+05	1.445362e+01	1.079775e+05	1.076869e+05	5.758411e+04	5.712920e+04	3.027855e+02	3.697804e+01	2023	6	26	12
	488	1108	-111.375072	13.921856	1.005930e+05	1.750388e+01	1.082189e+05	1.079066e+05	5.778831e+04	5.729151e+04	3.028598e+02	2.593288e+01	2023	6	26	18
	474	1118	-113.343819	14.859354	1.003111e+05	1.217474e+01	1.081197e+05	1.077316e+05	5.763807e+04	5.700600e+04	3.025796e+02	1.821838e+01	2023	6	27	0
	468	1113	-114.187569	14.390605	1.004701e+05	1.537375e+01	1.082384e+05	1.079301e+05	5.790091e+04	5.724875e+04	3.024146e+02	2.415778e+01	2023	6	27	6
	466	1113	-114.468818	14.390605	1.001755e+05	1.381317e+01	1.080084e+05	1.077042e+05	5.765799e+04	5.700684e+04	3.024218e+02	2.398898e+01	2023	6	27	12
	462	1118	-115.031318	14.859354	1.003976e+05	1.380479e+01	1.082374e+05	1.079322e+05	5.788290e+04	5.728030e+04	3.022956e+02	1.834735e+01	2023	6	27	18
	454	1123	-116.156317	15.328104	1.001444e+05	1.426828e+01	1.081382e+05	1.078044e+05	5.775929e+04	5.713538e+04	3.023401e+02	1.848405e+01	2023	6	28	0
	446	1126	-117.281315	15.609353	1.004658e+05	1.475979e+01	1.083201e+05	1.080436e+05	5.801384e+04	5.737275e+04	3.023967e+02	1.929874e+01	2023	6	28	6
	440	1120	-118.125064	15.046854	1.000983e+05	1.506344e+01	1.079580e+05	1.076941e+05	5.769042e+04	5.696086e+04	3.024030e+02	2.185887e+01	2023	6	28	12
	433	1123	-119.109438	15.328104	1.003086e+05	1.523911e+01	1.081481e+05	1.078679e+05	5.788525e+04	5.720493e+04	3.020587e+02	1.473838e+01	2023	6	28	18
	432	1133	-119.250063	16.265602	1.001209e+05	1.552848e+01	1.080784e+05	1.077748e+05	5.782482e+04	5.709859e+04	3.009700e+02	1.460172e+01	2023	6	29	0
	423	1133	-120.515687	16.265602	1.003799e+05	1.673389e+01	1.082322e+05	1.079969e+05	5.801136e+04	5.741406e+04	3.009404e+02	1.258454e+01	2023	6	29	6
	418	1135	-121.218811	16.453102	1.001829e+05	1.459763e+01	1.079184e+05	1.077146e+05	5.778276e+04	5.719519e+04	3.010567e+02	9.995219e+00	2023	6	29	12
	415	1147	-121.640686	17.578101	1.004839e+05	1.483800e+01	1.081485e+05	1.079491e+05	5.806462e+04	5.743325e+04	3.005155e+02	4.627384e+00	2023	6	29	18
	404	1149	-123.187559	17.765600	1.003505e+05	1.411806e+01	1.080275e+05	1.077850e+05	5.792791e+04	5.733570e+04	3.003598e+02	4.094019e+00	2023	6	30	0
	403	1152	-123.328184	18.046850	1.007036e+05	1.234133e+01	1.082012e+05	1.079337e+05	5.812181e+04	5.756918e+04	3.001832e+02	2.834947e+00	2023	6	30	6
	399	1159	-123.890683	18.703099	1.005741e+05	1.249765e+01	1.079121e+05	1.076795e+05	5.796644e+04	5.737505e+04	2.995648e+02	2.323498e+00	2023	6	30	12
	390	1158	-125.156307	18.609349	1.008409e+05	1.174790e+01	1.080689e+05	1.078155e+05	5.808256e+04	5.760434e+04	2.991865e+02	9.609177e-01	2023	6	30	18
	389	1166	-125.296932	19.359348	1.006619e+05	1.166395e+01	1.080210e+05	1.077351e+05	5.798936e+04	5.748998e+04	2.991917e+02	7.246952e-01	2023	7	1	0
	383	1166	-126.140681	19.359348	1.009687e+05	1.048253e+01	1.081956e+05	1.078851e+05	5.813068e+04	5.773554e+04	2.988501e+02	1.243514e+00	2023	7	1	6
start	45	2023	6	30	6
	2321	1048	146.390285	8.296863	1.004657e+05	1.196498e+01	1.079390e+05	1.078000e+05	5.761274e+04	5.727709e+04	3.039666e+02	2.663762e+01	2023	6	30	6
	2314	1048	145.405911	8.296863	1.006670e+05	1.133552e+01	1.081314e+05	1.079843e+05	5.775661e+04	5.747258e+04	3.039390e+02	3.049991e+01	2023	6	30	12
	2313	1049	145.265286	8.390613	1.003999e+05	1.063059e+01	1.079283e+05	1.077766e+05	5.757860e+04	5.719486e+04	3.038658e+02	3.620963e+01	2023	6	30	18
	2313	1049	145.265286	8.390613	1.004849e+05	1.201514e+01	1.081007e+05	1.079314e+05	5.770266e+04	5.726268e+04	3.038194e+02	3.833234e+01	2023	7	1	0
	2306	1053	144.280912	8.765613	1.002377e+05	1.425800e+01	1.079479e+05	1.077872e+05	5.758376e+04	5.704263e+04	3.037881e+02	3.893592e+01	2023	7	1	6
	2303	1058	143.859038	9.234362	1.003889e+05	1.445638e+01	1.081561e+05	1.079764e+05	5.774552e+04	5.718528e+04	3.037609e+02	3.749846e+01	2023	7	1	12
	2297	1061	143.015288	9.515612	1.000789e+05	1.433438e+01	1.079890e+05	1.077741e+05	5.755070e+04	5.697698e+04	3.036217e+02	4.333360e+01	2023	7	1	18
	2293	1063	142.452789	9.703112	1.001569e+05	1.495578e+01	1.081540e+05	1.079528e+05	5.767170e+04	5.711014e+04	3.035493e+02	4.574975e+01	2023	7	2	0
	2289	1068	141.890290	10.171861	9.982869e+04	1.725857e+01	1.080457e+05	1.078332e+05	5.753259e+04	5.690402e+04	3.033708e+02	4.641855e+01	2023	7	2	6
	2284	1075	141.187165	10.828110	9.994212e+04	1.882634e+01	1.082202e+05	1.079579e+05	5.767183e+04	5.704249e+04	3.033241e+02	4.677428e+01	2023	7	2	12
	2279	1082	140.484041	11.484359	9.958310e+04	1.994104e+01	1.079724e+05	1.076249e+05	5.746545e+04	5.674963e+04	3.032283e+02	4.660068e+01	2023	7	2	18
	2274	1087	139.780917	11.953108	9.968952e+04	2.214720e+01	1.081272e+05	1.078118e+05	5.760060e+04	5.686114e+04	3.030960e+02	4.702682e+01	2023	7	3	0
	2270	1090	139.218417	12.234358	9.941623e+04	2.198673e+01	1.079723e+05	1.077117e+05	5.747838e+04	5.684052e+04	3.030478e+02	3.342121e+01	2023	7	3	6
	2264	1094	138.374668	12.609357	9.959182e+04	2.263262e+01	1.082152e+05	1.079162e+05	5.765859e+04	5.706582e+04	3.029834e+02	2.584845e+01	2023	7	3	12
	2259	1094	137.671544	12.609357	9.939104e+04	2.204862e+01	1.080345e+05	1.077611e+05	5.744579e+04	5.683078e+04	3.029449e+02	3.151289e+01	2023	7	3	18
	2257	1099	137.390294	13.078107	9.956338e+04	1.868722e+01	1.082436e+05	1.079409e+05	5.761945e+04	5.709979e+04	3.028984e+02	2.968166e+01	2023	7	4	0
	2253	1104	136.827795	13.546856	9.937315e+04	2.077915e+01	1.082019e+05	1.078165e+05	5.751239e+04	5.692510e+04	3.028149e+02	2.363668e+01	2023	7	4	6
	2249	1106	136.265295	13.734356	9.956828e+04	1.959967e+01	1.083742e+05	1.080327e+05	5.771439e+04	5.716260e+04	3.026089e+02	2.541975e+01	2023	7	4	12
	2245	1111	135.702796	14.203105	9.926834e+04	1.981769e+01	1.082384e+05	1.077763e+05	5.754398e+04	5.688808e+04	3.024264e+02	3.142615e+01	2023	7	4	18
	2241	1116	135.140297	14.671855	9.922639e+04	1.972973e+01	1.082855e+05	1.078994e+05	5.769684e+04	5.681950e+04	3.023606e+02	2.580125e+01	2023	7	5	0
	2235	1123	134.296547	15.328104	9.887609e+04	2.201822e+01	1.082175e+05	1.076446e+05	5.760638e+04	5.656582e+04	3.023362e+02	2.551056e+01	2023	7	5	6
	2231	1128	133.734048	15.796853	9.890887e+04	2.207522e+01	1.083996e+05	1.078606e+05	5.777782e+04	5.682560e+04	3.022719e+02	1.780808e+01	2023	7	5	12
	2223	1133	132.609049	16.265602	9.885341e+04	2.085857e+01	1.082407e+05	1.078004e+05	5.761167e+04	5.673667e+04	3.023956e+02	2.285647e+01	2023	7	5	18
	2216	1140	131.624675	16.921851	9.865054e+04	2.201821e+01	1.083697e+05	1.077291e+05	5.772672e+04	5.648754e+04	3.024976e+02	2.045112e+01	2023	7	6	0
	2210	1149	130.780926	17.765600	9.872228e+04	2.066840e+01	1.082839e+05	1.078164e+05	5.766734e+04	5.669126e+04	3.026010e+02	1.638847e+01	2023	7	6	6
	2204	1154	129.937177	18.234350	9.860559e+04	2.381987e+01	1.084568e+05	1.078224e+05	5.780364e+04	5.650340e+04	3.025233e+02	1.390168e+01	2023	7	6	12
	2199	1162	129.234053	18.984349	9.879066e+04	1.999166e+01	1.082532e+05	1.078816e+05	5.763580e+04	5.664438e+04	3.024754e+02	1.664581e+01	2023	7	6	18
	2193	1169	128.390304	19.640598	9.876838e+04	2.091167e+01	1.083300e+05	1.076977e+05	5.769036e+04	5.651752e+04	3.024845e+02	1.731352e+01	2023	7	7	0
	2190	1176	127.968429	20.296847	9.839916e+04	2.341883e+01	1.081738e+05	1.075148e+05	5.762988e+04	5.619965e+04	3.023808e+02	1.271542e+01	2023	7	7	6
	2186	1183	127.405930	20.953096	9.865130e+04	2.036865e+01	1.082927e+05	1.076496e+05	5.768619e+04	5.640155e+04	3.022364e+02	1.301978e+01	2023	7	7	12
	2182	1190	126.843430	21.609345	9.848262e+04	2.245992e+01	1.081172e+05	1.075839e+05	5.749798e+04	5.624430e+04	3.020869e+02	1.629955e+01	2023	7	7	18
	2182	1195	126.843430	22.078094	9.838339e+04	2.381596e+01	1.081593e+05	1.074940e+05	5.759054e+04	5.605650e+04	3.019345e+02	1.620005e+01	2023	7	8	0
	2184	1202	127.124680	22.734343	9.811734e+04	2.615655e+01	1.080618e+05	1.072429e+05	5.753945e+04	5.583671e+04	3.018106e+02	1.251095e+01	2023	7	8	6
	2185	1212	127.265305	23.671842	9.823618e+04	2.563154e+01	1.082524e+05	1.075252e+05	5.769027e+04	5.601044e+04	3.015643e+02	1.480492e+01	2023	7	8	12
	2187	1221	127.546555	24.515591	9.803781e+04	2.736572e+01	1.081768e+05	1.074551e+05	5.763535e+04	5.583030e+04	3.016128e+02	1.527189e+01	2023	7	8	18
	2187	1233	127.546555	25.640589	9.822835e+04	2.688196e+01	1.082289e+05	1.074293e+05	5.780168e+04	5.597001e+04	9.999000e+03	1.154403e+01	2023	7	9	0
	2189	1245	127.827804	26.765588	9.819895e+04	2.728559e+01	1.083261e+05	1.075430e+05	5.782283e+04	5.596969e+04	9.999000e+03	8.714078e+00	2023	7	9	6
	2191	1259	128.109054	28.078086	9.852627e+04	2.824123e+01	1.085390e+05	1.079299e+05	5.799348e+04	5.639372e+04	9.999000e+03	1.351334e+01	2023	7	9	12
	2191	1271	128.109054	29.203084	9.844545e+04	2.695659e+01	1.084615e+05	1.080145e+05	5.792546e+04	5.639932e+04	9.999000e+03	1.405278e+01	2023	7	9	18
	2193	1284	128.390304	30.421833	9.863831e+04	2.684778e+01	1.086191e+05	1.080585e+05	5.808396e+04	5.669312e+04	9.999000e+03	1.504122e+01	2023	7	10	0
	2195	1298	128.671553	31.734331	9.867412e+04	2.813903e+01	1.086422e+05	1.082322e+05	5.805519e+04	5.660298e+04	9.999000e+03	9.271561e+00	2023	7	10	6
	2199	1312	129.234053	33.046829	9.943102e+04	2.095612e+01	1.087929e+05	1.081670e+05	5.812583e+04	5.725277e+04	9.999000e+03	1.021706e+01	2023	7	10	12
	2203	1331	129.796552	34.828077	9.967820e+04	1.989688e+01	1.086123e+05	1.076166e+05	5.790444e+04	5.705115e+04	9.999000e+03	2.113631e+01	2023	7	10	18
	2212	1346	131.062176	36.234325	9.974284e+04	1.870437e+01	1.085459e+05	1.073116e+05	5.785326e+04	5.690678e+04	9.999000e+03	2.160846e+01	2023	7	11	0
	2220	1360	132.187175	37.546823	9.949504e+04	1.794962e+01	1.084176e+05	1.070401e+05	5.764238e+04	5.676408e+04	2.986403e+02	1.839053e+01	2023	7	11	6
start	16	2023	6	30	12
	532	1089	-105.187578	12.140608	1.006316e+05	1.054356e+01	1.078798e+05	1.076746e+05	5.758844e+04	5.736235e+04	3.030877e+02	3.124646e+01	2023	6	30	12
	537	1089	-104.484454	12.140608	1.007703e+05	1.129193e+01	1.080430e+05	1.078960e+05	5.773499e+04	5.751052e+04	3.031527e+02	2.692800e+01	2023	6	30	18
	537	1089	-104.484454	12.140608	1.004799e+05	1.134595e+01	1.079371e+05	1.076871e+05	5.755401e+04	5.725080e+04	3.030470e+02	1.838906e+01	2023	7	1	0
	534	1092	-104.906328	12.421858	1.007280e+05	1.127674e+01	1.081043e+05	1.078903e+05	5.777567e+04	5.745876e+04	3.030873e+02	3.030272e+01	2023	7	1	6
	532	1101	-105.187578	13.265607	1.004219e+05	1.126570e+01	1.078853e+05	1.076652e+05	5.760413e+04	5.719483e+04	3.030981e+02	3.608436e+01	2023	7	1	12
	534	1101	-104.906328	13.265607	1.005929e+05	1.337619e+01	1.081282e+05	1.079009e+05	5.777193e+04	5.732887e+04	3.030415e+02	3.204646e+01	2023	7	1	18
	530	1111	-105.468828	14.203105	1.003064e+05	1.573628e+01	1.080913e+05	1.077490e+05	5.765601e+04	5.710208e+04	3.030128e+02	2.320003e+01	2023	7	2	0
	527	1121	-105.890702	15.140604	1.005581e+05	1.623805e+01	1.082537e+05	1.079947e+05	5.789814e+04	5.734595e+04	3.029578e+02	3.393578e+01	2023	7	2	6
	523	1133	-106.453202	16.265602	1.002421e+05	1.558696e+01	1.080821e+05	1.076991e+05	5.770759e+04	5.708137e+04	3.029269e+02	3.167909e+01	2023	7	2	12
	520	1140	-106.875076	16.921851	1.003506e+05	1.813285e+01	1.082652e+05	1.078778e+05	5.792100e+04	5.720149e+04	3.025791e+02	2.864540e+01	2023	7	2	18
	518	1152	-107.156326	18.046850	1.000622e+05	1.915710e+01	1.082360e+05	1.077365e+05	5.775324e+04	5.702989e+04	3.026822e+02	2.478992e+01	2023	7	3	0
	514	1164	-107.718825	19.171848	1.002239e+05	1.884450e+01	1.083284e+05	1.078027e+05	5.792189e+04	5.714789e+04	3.032140e+02	3.384005e+01	2023	7	3	6
	514	1173	-107.718825	20.015597	9.991543e+04	2.019284e+01	1.081077e+05	1.075960e+05	5.771338e+04	5.688104e+04	3.031396e+02	2.722438e+01	2023	7	3	12
	513	1181	-107.859450	20.765596	1.000630e+05	2.183069e+01	1.083011e+05	1.077742e+05	5.789958e+04	5.712319e+04	3.030572e+02	1.812410e+01	2023	7	3	18
	514	1193	-107.718825	21.890595	9.986959e+04	2.101976e+01	1.082555e+05	1.075376e+05	5.773507e+04	5.706968e+04	9.999000e+03	1.371168e+01	2023	7	4	0
	516	1207	-107.437576	23.203093	9.999688e+04	2.059825e+01	1.083305e+05	1.075685e+05	5.793162e+04	5.729151e+04	9.999000e+03	1.868295e+01	2023	7	4	6
start	25	2023	8	2	18
	2413	1152	159.327771	18.046850	1.004533e+05	1.348965e+01	1.081708e+05	1.079149e+05	5.772972e+04	5.728384e+04	3.035889e+02	2.999718e+01	2023	8	2	18
	2412	1152	159.187147	18.046850	1.005031e+05	1.431859e+01	1.082657e+05	1.080080e+05	5.784205e+04	5.738225e+04	3.036299e+02	2.490788e+01	2023	8	3	0
	2405	1151	158.202773	17.953100	1.002496e+05	1.394874e+01	1.081677e+05	1.079188e+05	5.771434e+04	5.719484e+04	3.037919e+02	2.945100e+01	2023	8	3	6
	2405	1149	158.202773	17.765600	1.003350e+05	1.494323e+01	1.082875e+05	1.079499e+05	5.775371e+04	5.723042e+04	3.036868e+02	4.129655e+01	2023	8	3	12
	2403	1149	157.921523	17.765600	9.999059e+04	1.489593e+01	1.079939e+05	1.076987e+05	5.752876e+04	5.696111e+04	3.036258e+02	3.956436e+01	2023	8	3	18
	2401	1142	157.640273	17.109351	9.999023e+04	1.448916e+01	1.081453e+05	1.079070e+05	5.755790e+04	5.703230e+04	3.036115e+02	4.092456e+01	2023	8	4	0
	2398	1145	157.218399	17.390601	9.964768e+04	1.408333e+01	1.080436e+05	1.077733e+05	5.743968e+04	5.682254e+04	3.036051e+02	4.425328e+01	2023	8	4	6
	2399	1147	157.359023	17.578101	9.973898e+04	1.625244e+01	1.082418e+05	1.080062e+05	5.764787e+04	5.691662e+04	3.035271e+02	5.065266e+01	2023	8	4	12
	2400	1161	157.499648	18.890599	9.946567e+04	1.803376e+01	1.081131e+05	1.077670e+05	5.752242e+04	5.672108e+04	3.034679e+02	4.586774e+01	2023	8	4	18
	2397	1166	157.077774	19.359348	9.950887e+04	1.989988e+01	1.082683e+05	1.079087e+05	5.760929e+04	5.687590e+04	3.035027e+02	4.978882e+01	2023	8	5	0
	2393	1176	156.515274	20.296847	9.923380e+04	2.051964e+01	1.082165e+05	1.076430e+05	5.755736e+04	5.667853e+04	3.035371e+02	4.679057e+01	2023	8	5	6
	2388	1183	155.812150	20.953096	9.934658e+04	2.103773e+01	1.084075e+05	1.076073e+05	5.771866e+04	5.682309e+04	3.034831e+02	4.226001e+01	2023	8	5	12
	2387	1188	155.671525	21.421845	9.912812e+04	2.032668e+01	1.083514e+05	1.073988e+05	5.763573e+04	5.673649e+04	3.033891e+02	3.968151e+01	2023	8	5	18
	2378	1205	154.405902	23.015593	9.923752e+04	2.083854e+01	1.085001e+05	1.073413e+05	5.779798e+04	5.692300e+04	3.031248e+02	3.384194e+01	2023	8	6	0
	2368	1219	152.999653	24.328091	9.897624e+04	2.241365e+01	1.084247e+05	1.073429e+05	5.767236e+04	5.670507e+04	3.031055e+02	2.743519e+01	2023	8	6	6
	2355	1226	151.171530	24.984340	9.895059e+04	2.166907e+01	1.084805e+05	1.074727e+05	5.771823e+04	5.661856e+04	3.029742e+02	1.987279e+01	2023	8	6	12
	2346	1229	149.905906	25.265590	9.866837e+04	1.939985e+01	1.082749e+05	1.074555e+05	5.745335e+04	5.630717e+04	3.029671e+02	1.743974e+01	2023	8	6	18
	2341	1239	149.202782	26.203089	9.879409e+04	2.138606e+01	1.084210e+05	1.076503e+05	5.761417e+04	5.643562e+04	3.025515e+02	1.313587e+01	2023	8	7	0
	2337	1243	148.640283	26.578088	9.859196e+04	2.101736e+01	1.083320e+05	1.076777e+05	5.746042e+04	5.626410e+04	3.022219e+02	1.168538e+01	2023	8	7	6
	2331	1253	147.796533	27.515587	9.879036e+04	2.180952e+01	1.083920e+05	1.078743e+05	5.755487e+04	5.643805e+04	3.020658e+02	1.166951e+01	2023	8	7	12
	2328	1262	147.374659	28.359336	9.862968e+04	2.022834e+01	1.081570e+05	1.076536e+05	5.732366e+04	5.630401e+04	3.019531e+02	8.967684e+00	2023	8	7	18
	2325	1269	146.952784	29.015585	9.882119e+04	1.853903e+01	1.083566e+05	1.075499e+05	5.744972e+04	5.645443e+04	3.017535e+02	1.152815e+01	2023	8	8	0
	2325	1281	146.952784	30.140583	9.875767e+04	1.900702e+01	1.083392e+05	1.074120e+05	5.738376e+04	5.647936e+04	3.012866e+02	1.267662e+01	2023	8	8	6
	2321	1293	146.390285	31.265582	9.885093e+04	1.844968e+01	1.084779e+05	1.072050e+05	5.749559e+04	5.663196e+04	3.011923e+02	1.219934e+01	2023	8	8	12
	2325	1303	146.952784	32.203080	9.888098e+04	1.740157e+01	1.083679e+05	1.068260e+05	5.738630e+04	5.662750e+04	3.010326e+02	1.155072e+01	2023	8	8	18
start	39	2023	8	3	0
	2276	1111	140.062166	14.203105	1.003704e+05	9.929235e+00	1.084155e+05	1.081020e+05	5.780842e+04	5.738930e+04	3.034511e+02	2.896071e+01	2023	8	3	0
	2276	1113	140.062166	14.390605	1.001319e+05	1.265023e+01	1.083298e+05	1.080006e+05	5.766303e+04	5.716811e+04	3.037213e+02	3.297280e+01	2023	8	3	6
	2273	1123	139.640292	15.328104	1.002234e+05	1.172701e+01	1.084403e+05	1.081692e+05	5.778590e+04	5.723644e+04	3.033697e+02	3.745682e+01	2023	8	3	12
	2269	1123	139.077792	15.328104	9.992638e+04	1.415845e+01	1.082251e+05	1.078862e+05	5.758271e+04	5.700666e+04	3.032964e+02	3.406573e+01	2023	8	3	18
	2263	1135	138.234043	16.453102	9.994613e+04	1.306605e+01	1.083217e+05	1.080519e+05	5.766860e+04	5.709416e+04	3.032566e+02	3.427114e+01	2023	8	4	0
	2263	1140	138.234043	16.921851	9.968837e+04	1.512346e+01	1.082407e+05	1.078351e+05	5.753368e+04	5.684172e+04	3.036574e+02	3.146307e+01	2023	8	4	6
	2252	1142	136.687170	17.109351	9.978744e+04	1.461265e+01	1.083361e+05	1.080022e+05	5.763510e+04	5.694951e+04	3.032466e+02	3.456514e+01	2023	8	4	12
	2251	1144	136.546545	17.296851	9.950998e+04	1.712280e+01	1.081938e+05	1.077717e+05	5.747335e+04	5.665880e+04	3.032050e+02	3.580062e+01	2023	8	4	18
	2253	1144	136.827795	17.296851	9.957014e+04	1.671421e+01	1.083206e+05	1.078677e+05	5.754947e+04	5.673320e+04	3.031429e+02	3.555197e+01	2023	8	5	0
	2252	1152	136.687170	18.046850	9.929036e+04	1.700113e+01	1.082479e+05	1.078331e+05	5.743838e+04	5.660781e+04	3.035259e+02	3.541291e+01	2023	8	5	6
	2246	1156	135.843421	18.421849	9.940721e+04	1.778250e+01	1.083843e+05	1.080537e+05	5.757151e+04	5.673478e+04	3.031027e+02	3.262998e+01	2023	8	5	12
	2246	1155	135.843421	18.328100	9.921545e+04	1.866288e+01	1.082302e+05	1.077877e+05	5.736648e+04	5.655077e+04	3.030034e+02	3.505331e+01	2023	8	5	18
	2244	1161	135.562171	18.890599	9.935172e+04	1.976598e+01	1.084183e+05	1.079126e+05	5.751984e+04	5.673270e+04	3.030241e+02	3.581704e+01	2023	8	6	0
	2246	1161	135.843421	18.890599	9.904317e+04	1.993948e+01	1.082896e+05	1.079317e+05	5.735204e+04	5.655216e+04	3.038588e+02	3.849388e+01	2023	8	6	6
	2248	1166	136.124671	19.359348	9.916880e+04	2.021234e+01	1.084873e+05	1.080602e+05	5.750566e+04	5.668130e+04	3.032971e+02	3.459736e+01	2023	8	6	12
	2250	1171	136.405920	19.828097	9.896844e+04	2.123255e+01	1.082318e+05	1.077532e+05	5.734041e+04	5.649716e+04	3.030113e+02	3.209408e+01	2023	8	6	18
	2252	1171	136.687170	19.828097	9.906366e+04	2.000954e+01	1.083888e+05	1.080205e+05	5.753656e+04	5.667505e+04	3.030378e+02	3.676223e+01	2023	8	7	0
	2255	1183	137.109045	20.953096	9.879380e+04	2.182503e+01	1.082812e+05	1.078875e+05	5.726511e+04	5.643467e+04	3.041313e+02	3.678609e+01	2023	8	7	6
	2254	1180	136.968420	20.671846	9.893583e+04	2.223405e+01	1.084181e+05	1.079668e+05	5.744788e+04	5.657399e+04	3.034393e+02	3.757473e+01	2023	8	7	12
	2263	1180	138.234043	20.671846	9.868151e+04	2.221722e+01	1.082489e+05	1.076851e+05	5.731434e+04	5.628092e+04	3.030597e+02	3.700101e+01	2023	8	7	18
	2263	1188	138.234043	21.421845	9.875006e+04	2.338963e+01	1.084019e+05	1.078522e+05	5.739465e+04	5.639121e+04	3.029171e+02	3.488016e+01	2023	8	8	0
	2271	1190	139.359042	21.609345	9.842866e+04	2.343379e+01	1.083441e+05	1.077665e+05	5.726243e+04	5.617365e+04	3.031348e+02	2.847090e+01	2023	8	8	6
	2283	1187	141.046540	21.328095	9.852366e+04	2.544357e+01	1.084907e+05	1.078954e+05	5.755798e+04	5.630623e+04	3.029876e+02	2.669516e+01	2023	8	8	12
	2289	1197	141.890290	22.265594	9.833613e+04	2.546088e+01	1.083016e+05	1.077098e+05	5.729859e+04	5.617634e+04	3.030244e+02	2.461526e+01	2023	8	8	18
	2298	1207	143.155913	23.203093	9.848735e+04	2.340343e+01	1.085083e+05	1.078122e+05	5.745117e+04	5.641162e+04	3.030435e+02	1.971921e+01	2023	8	9	0
	2304	1214	143.999662	23.859342	9.833898e+04	2.384061e+01	1.084650e+05	1.077411e+05	5.736952e+04	5.634060e+04	3.031944e+02	1.471899e+01	2023	8	9	6
	2307	1224	144.421537	24.796841	9.856720e+04	2.210112e+01	1.086101e+05	1.079600e+05	5.756975e+04	5.655030e+04	3.030164e+02	1.792175e+01	2023	8	9	12
	2307	1236	144.421537	25.921839	9.848225e+04	2.185694e+01	1.084181e+05	1.076803e+05	5.745408e+04	5.645767e+04	3.028756e+02	1.674262e+01	2023	8	9	18
	2305	1250	144.140287	27.234337	9.856859e+04	2.163457e+01	1.086159e+05	1.078300e+05	5.762926e+04	5.645748e+04	3.023132e+02	1.230867e+01	2023	8	10	0
	2303	1262	143.859038	28.359336	9.854588e+04	2.209492e+01	1.086376e+05	1.077880e+05	5.762945e+04	5.646591e+04	3.018212e+02	1.106431e+01	2023	8	10	6
	2302	1281	143.718413	30.140583	9.875948e+04	2.111900e+01	1.088031e+05	1.079911e+05	5.788041e+04	5.663777e+04	3.008186e+02	1.264692e+01	2023	8	10	12
	2298	1298	143.155913	31.734331	9.861502e+04	2.073836e+01	1.085566e+05	1.078499e+05	5.773100e+04	5.646109e+04	3.007783e+02	1.224618e+01	2023	8	10	18
	2294	1317	142.593414	33.515578	9.871978e+04	1.975549e+01	1.086259e+05	1.075871e+05	5.780150e+04	5.647053e+04	3.016968e+02	1.668729e+01	2023	8	11	0
	2296	1336	142.874664	35.296826	9.853660e+04	2.135929e+01	1.085780e+05	1.071482e+05	5.770433e+04	5.630946e+04	9.999000e+03	1.827944e+01	2023	8	11	6
	2301	1360	143.577788	37.546823	9.835383e+04	2.134174e+01	1.086017e+05	1.063971e+05	5.775787e+04	5.633949e+04	9.999000e+03	2.439503e+01	2023	8	11	12
	2309	1389	144.702787	40.265569	9.791585e+04	2.361325e+01	1.083050e+05	1.051933e+05	5.752607e+04	5.574029e+04	2.974847e+02	3.087710e+01	2023	8	11	18
	2328	1411	147.374659	42.328066	9.771182e+04	2.334720e+01	1.082610e+05	1.051460e+05	5.757395e+04	5.552634e+04	9.999000e+03	2.527386e+01	2023	8	12	0
	2350	1437	150.468406	44.765563	9.813764e+04	2.078939e+01	1.081396e+05	1.049422e+05	5.746646e+04	5.550788e+04	9.999000e+03	2.072655e+01	2023	8	12	6
	2364	1456	152.437154	46.546810	9.867955e+04	2.035633e+01	1.080479e+05	1.044815e+05	5.740517e+04	5.545532e+04	2.857643e+02	1.179552e+01	2023	8	12	12
start	13	2023	8	8	6
	2153	1144	122.765309	17.296851	9.978944e+04	1.577813e+01	1.081931e+05	1.080455e+05	5.731056e+04	5.697588e+04	9.999000e+03	3.421505e+01	2023	8	8	6
	2154	1145	122.905934	17.390601	9.984555e+04	1.690098e+01	1.083078e+05	1.081498e+05	5.751433e+04	5.712842e+04	9.999000e+03	1.899710e+01	2023	8	8	12
	2165	1154	124.452808	18.234350	9.968941e+04	1.616609e+01	1.081971e+05	1.079613e+05	5.740172e+04	5.704600e+04	3.031513e+02	1.428779e+01	2023	8	8	18
	2171	1166	125.296557	19.359348	9.985994e+04	1.395003e+01	1.082970e+05	1.079105e+05	5.752207e+04	5.717953e+04	3.032066e+02	1.394974e+01	2023	8	9	0
	2173	1171	125.577807	19.828097	9.968818e+04	1.416434e+01	1.082510e+05	1.077860e+05	5.739311e+04	5.705410e+04	3.041335e+02	1.302834e+01	2023	8	9	6
	2172	1171	125.437182	19.828097	9.980423e+04	1.274266e+01	1.083509e+05	1.079857e+05	5.756843e+04	5.718041e+04	3.034651e+02	1.275573e+01	2023	8	9	12
	2171	1165	125.296557	19.265598	9.964205e+04	1.446172e+01	1.082218e+05	1.078376e+05	5.743112e+04	5.700295e+04	3.032096e+02	1.434797e+01	2023	8	9	18
	2175	1161	125.859056	18.890599	9.972438e+04	1.497400e+01	1.083140e+05	1.079544e+05	5.758791e+04	5.702276e+04	3.031612e+02	1.249475e+01	2023	8	10	0
	2186	1161	127.405930	18.890599	9.961023e+04	1.651382e+01	1.082094e+05	1.077780e+05	5.750808e+04	5.694500e+04	3.041432e+02	2.053184e+01	2023	8	10	6
	2196	1169	128.812178	19.640598	9.980519e+04	1.643660e+01	1.083868e+05	1.077330e+05	5.768249e+04	5.713672e+04	3.033561e+02	2.015764e+01	2023	8	10	12
	2207	1171	130.359052	19.828097	9.967415e+04	1.751830e+01	1.082771e+05	1.075599e+05	5.756762e+04	5.705095e+04	3.030369e+02	1.730849e+01	2023	8	10	18
	2215	1176	131.484050	20.296847	9.980667e+04	1.691159e+01	1.084356e+05	1.076940e+05	5.770221e+04	5.713641e+04	3.030010e+02	1.405681e+01	2023	8	11	0
	2224	1178	132.749674	20.484347	9.968416e+04	1.816993e+01	1.083018e+05	1.076431e+05	5.755731e+04	5.704451e+04	3.034099e+02	1.342714e+01	2023	8	11	6
start	50	2023	8	16	12
	187	1082	-153.703152	11.484359	1.007846e+05	9.317201e+00	1.080622e+05	1.078165e+05	5.777530e+04	5.757735e+04	3.020717e+02	2.441311e+01	2023	8	16	12
	177	1075	-155.109401	10.828110	1.009304e+05	1.041135e+01	1.081546e+05	1.078832e+05	5.784003e+04	5.765171e+04	3.022566e+02	2.553211e+01	2023	8	16	18
	172	1080	-155.812525	11.296859	1.007205e+05	1.016309e+01	1.080339e+05	1.077944e+05	5.777867e+04	5.748188e+04	3.023044e+02	2.314479e+01	2023	8	17	0
	172	1080	-155.812525	11.296859	1.007518e+05	1.026956e+01	1.080793e+05	1.078746e+05	5.779714e+04	5.745840e+04	3.021726e+02	1.965650e+01	2023	8	17	6
	166	1079	-156.656274	11.203109	1.006334e+05	1.084015e+01	1.079627e+05	1.077194e+05	5.767462e+04	5.728143e+04	3.025876e+02	2.874331e+01	2023	8	17	12
	167	1089	-156.515649	12.140608	1.007417e+05	1.109054e+01	1.080048e+05	1.077918e+05	5.769531e+04	5.724758e+04	3.019974e+02	2.266818e+01	2023	8	17	18
	149	1090	-159.046897	12.234358	1.005758e+05	1.151199e+01	1.078950e+05	1.076397e+05	5.768814e+04	5.713674e+04	3.024971e+02	1.896370e+01	2023	8	18	0
	145	1090	-159.609396	12.234358	1.006167e+05	1.240518e+01	1.079453e+05	1.076807e+05	5.766220e+04	5.722905e+04	3.024215e+02	1.935220e+01	2023	8	18	6
	141	1101	-160.171896	13.265607	1.005610e+05	1.138754e+01	1.078652e+05	1.075720e+05	5.760168e+04	5.719345e+04	3.021356e+02	1.993559e+01	2023	8	18	12
	134	1100	-161.156270	13.171857	1.005753e+05	1.262470e+01	1.078794e+05	1.077190e+05	5.766450e+04	5.726084e+04	3.019519e+02	2.287002e+01	2023	8	18	18
	128	1109	-162.000019	14.015606	1.004623e+05	1.344793e+01	1.078442e+05	1.076811e+05	5.763916e+04	5.714663e+04	3.016666e+02	2.387721e+01	2023	8	19	0
	120	1109	-163.125018	14.015606	1.004713e+05	1.276858e+01	1.078902e+05	1.077435e+05	5.765914e+04	5.716882e+04	3.018854e+02	2.394777e+01	2023	8	19	6
	117	1111	-163.546892	14.203105	1.003657e+05	1.380684e+01	1.078290e+05	1.075363e+05	5.758193e+04	5.706060e+04	3.017989e+02	2.316705e+01	2023	8	19	12
	112	1114	-164.250016	14.484355	1.004014e+05	1.466984e+01	1.078306e+05	1.076327e+05	5.763939e+04	5.713616e+04	3.018453e+02	2.177740e+01	2023	8	19	18
	112	1116	-164.250016	14.671855	1.002698e+05	1.470062e+01	1.078721e+05	1.076218e+05	5.763176e+04	5.711213e+04	3.018982e+02	2.277617e+01	2023	8	20	0
	110	1116	-164.531266	14.671855	1.002682e+05	1.586722e+01	1.078911e+05	1.076597e+05	5.760768e+04	5.714466e+04	3.019022e+02	2.383091e+01	2023	8	20	6
	110	1118	-164.531266	14.859354	1.001767e+05	1.686525e+01	1.078289e+05	1.075525e+05	5.757405e+04	5.708873e+04	3.018116e+02	2.282572e+01	2023	8	20	12
	110	1121	-164.531266	15.140604	1.001623e+05	1.646542e+01	1.078160e+05	1.075156e+05	5.761079e+04	5.715891e+04	3.018057e+02	2.266205e+01	2023	8	20	18
	112	1121	-164.250016	15.140604	1.000396e+05	1.634900e+01	1.078016e+05	1.074890e+05	5.759084e+04	5.704883e+04	3.018533e+02	2.667715e+01	2023	8	21	0
	112	1123	-164.250016	15.328104	9.994625e+04	1.805116e+01	1.078125e+05	1.074655e+05	5.757177e+04	5.701915e+04	3.017631e+02	3.009807e+01	2023	8	21	6
	114	1123	-163.968767	15.328104	9.976657e+04	1.822968e+01	1.076920e+05	1.073703e+05	5.752062e+04	5.685931e+04	3.016278e+02	3.254926e+01	2023	8	21	12
	116	1123	-163.687517	15.328104	9.956666e+04	2.080330e+01	1.076781e+05	1.073100e+05	5.752436e+04	5.662905e+04	3.014608e+02	2.488983e+01	2023	8	21	18
	117	1125	-163.546892	15.515603	9.929068e+04	2.387502e+01	1.076425e+05	1.072372e+05	5.747626e+04	5.635680e+04	3.014774e+02	2.314255e+01	2023	8	22	0
	115	1128	-163.828142	15.796853	9.933066e+04	2.333560e+01	1.076809e+05	1.072294e+05	5.748923e+04	5.642077e+04	3.014662e+02	2.344724e+01	2023	8	22	6
	114	1128	-163.968767	15.796853	9.929548e+04	2.091999e+01	1.076150e+05	1.071088e+05	5.740798e+04	5.654177e+04	3.014684e+02	2.479098e+01	2023	8	22	12
	112	1133	-164.250016	16.265602	9.917412e+04	2.360010e+01	1.076342e+05	1.072110e+05	5.746297e+04	5.654068e+04	3.015782e+02	1.982790e+01	2023	8	22	18
	109	1137	-164.671891	16.640602	9.908625e+04	2.181577e+01	1.076120e+05	1.072489e+05	5.744262e+04	5.665301e+04	3.016412e+02	1.803279e+01	2023	8	23	0
	106	1145	-165.093766	17.390601	9.926529e+04	2.377271e+01	1.077318e+05	1.071914e+05	5.752885e+04	5.677507e+04	3.018460e+02	1.969232e+01	2023	8	23	6
	101	1149	-165.796890	17.765600	9.937423e+04	2.407161e+01	1.076972e+05	1.070768e+05	5.750968e+04	5.689932e+04	3.018877e+02	2.313590e+01	2023	8	23	12
	96	1159	-166.500014	18.703099	9.962510e+04	2.371867e+01	1.078230e+05	1.068982e+05	5.762042e+04	5.711575e+04	3.019271e+02	2.271275e+01	2023	8	23	18
	89	1169	-167.484388	19.640598	9.968908e+04	2.335835e+01	1.078118e+05	1.068194e+05	5.758281e+04	5.707458e+04	3.020713e+02	2.476683e+01	2023	8	24	0
	85	1181	-168.046887	20.765596	9.965254e+04	2.482855e+01	1.079542e+05	1.067362e+05	5.771716e+04	5.711145e+04	3.020755e+02	2.736409e+01	2023	8	24	6
	80	1195	-168.750012	22.078094	9.960420e+04	2.527844e+01	1.078660e+05	1.066661e+05	5.777395e+04	5.714660e+04	3.020011e+02	2.302481e+01	2023	8	24	12
	71	1207	-170.015635	23.203093	9.946843e+04	2.599032e+01	1.079912e+05	1.066576e+05	5.787175e+04	5.705853e+04	3.018845e+02	2.221885e+01	2023	8	24	18
	61	1221	-171.421884	24.515591	9.908522e+04	2.705699e+01	1.080888e+05	1.066446e+05	5.794668e+04	5.677734e+04	3.018050e+02	1.690562e+01	2023	8	25	0
	50	1238	-172.968757	26.109339	9.917589e+04	2.439015e+01	1.080212e+05	1.066524e+05	5.801762e+04	5.670481e+04	3.012015e+02	1.580238e+01	2023	8	25	6
	37	1253	-174.796880	27.515587	9.921738e+04	2.334413e+01	1.080305e+05	1.066767e+05	5.793929e+04	5.669086e+04	3.005204e+02	1.805976e+01	2023	8	25	12
	26	1267	-176.343754	28.828085	9.934481e+04	2.392161e+01	1.078596e+05	1.067326e+05	5.788890e+04	5.652234e+04	3.001017e+02	6.507317e+00	2023	8	25	18
	17	1279	-177.609377	29.953083	9.951282e+04	2.171629e+01	1.078593e+05	1.070377e+05	5.792937e+04	5.655976e+04	2.999350e+02	3.083437e+00	2023	8	26	0
	13	1298	-178.171877	31.734331	9.956177e+04	2.199188e+01	1.077731e+05	1.065627e+05	5.782446e+04	5.655038e+04	2.987669e+02	4.128459e+00	2023	8	26	6
	11	1315	-178.453127	33.328079	9.974936e+04	2.188697e+01	1.077405e+05	1.058622e+05	5.781506e+04	5.659531e+04	2.979315e+02	9.062291e+00	2023	8	26	12
	15	1341	-177.890627	35.765575	9.961791e+04	2.242967e+01	1.076562e+05	1.050310e+05	5.783896e+04	5.621059e+04	2.963781e+02	1.389480e+01	2023	8	26	18
	26	1372	-176.343754	38.671821	9.943370e+04	2.432544e+01	1.077256e+05	1.046985e+05	5.792056e+04	5.604989e+04	2.936757e+02	1.709437e+01	2023	8	27	0
	37	1406	-174.796880	41.859317	9.948211e+04	2.313654e+01	1.075332e+05	1.041604e+05	5.778138e+04	5.578544e+04	2.902650e+02	1.888813e+01	2023	8	27	6
	49	1440	-173.109382	45.046812	9.944580e+04	2.023413e+01	1.069726e+05	1.035812e+05	5.753766e+04	5.534840e+04	2.869277e+02	1.952275e+01	2023	8	27	12
	62	1464	-171.281259	47.296809	9.920538e+04	1.971663e+01	1.063710e+05	1.029097e+05	5.716485e+04	5.482672e+04	2.859013e+02	1.392897e+01	2023	8	27	18
	81	1481	-168.609387	48.890557	9.927506e+04	1.876431e+01	1.061310e+05	1.027308e+05	5.700535e+04	5.466998e+04	2.852966e+02	8.250805e+00	2023	8	28	0
	104	1493	-165.375015	50.015555	9.930091e+04	1.779225e+01	1.058261e+05	1.025640e+05	5.690614e+04	5.448655e+04	2.850081e+02	6.434140e+00	2023	8	28	6
	128	1502	-162.000019	50.859304	9.943864e+04	1.747432e+01	1.056141e+05	1.022039e+05	5.678613e+04	5.434601e+04	2.850675e+02	4.919333e+00	2023	8	28	12
	160	1509	-157.500023	51.515553	9.952122e+04	1.706574e+01	1.055394e+05	1.015519e+05	5.672656e+04	5.417039e+04	2.852643e+02	3.139488e+00	2023	8	28	18
start	36	2023	8	26	0
	2203	1133	129.796552	16.265602	1.001703e+05	1.207911e+01	1.081650e+05	1.078784e+05	5.769196e+04	5.713197e+04	3.025454e+02	2.540697e+01	2023	8	26	0
	2192	1137	128.249679	16.640602	9.985345e+04	1.189677e+01	1.080888e+05	1.077692e+05	5.756773e+04	5.694858e+04	3.031790e+02	3.081660e+01	2023	8	26	6
	2188	1134	127.687179	16.359352	9.995775e+04	1.040252e+01	1.081885e+05	1.079012e+05	5.760402e+04	5.706253e+04	3.025780e+02	3.674505e+01	2023	8	26	12
	2185	1135	127.265305	16.453102	9.971868e+04	1.142994e+01	1.080290e+05	1.077282e+05	5.740709e+04	5.688282e+04	3.025186e+02	3.249155e+01	2023	8	26	18
	2185	1140	127.265305	16.921851	9.982569e+04	1.269720e+01	1.082151e+05	1.078125e+05	5.750080e+04	5.696954e+04	3.025377e+02	3.442893e+01	2023	8	27	0
	2182	1149	126.843430	17.765600	9.961573e+04	1.554630e+01	1.081715e+05	1.077495e+05	5.738161e+04	5.685575e+04	3.034560e+02	4.110064e+01	2023	8	27	6
	2175	1157	125.859056	18.515599	9.974531e+04	1.470229e+01	1.083098e+05	1.079317e+05	5.750863e+04	5.697345e+04	3.029278e+02	3.858847e+01	2023	8	27	12
	2170	1159	125.155932	18.703099	9.957762e+04	1.696995e+01	1.081555e+05	1.077689e+05	5.736781e+04	5.679701e+04	3.028784e+02	3.397561e+01	2023	8	27	18
	2165	1169	124.452808	19.640598	9.965178e+04	1.541777e+01	1.082235e+05	1.078157e+05	5.752296e+04	5.689590e+04	3.028584e+02	3.359694e+01	2023	8	28	0
	2164	1173	124.312183	20.015597	9.944152e+04	1.558784e+01	1.081444e+05	1.077587e+05	5.736225e+04	5.673029e+04	3.033527e+02	3.818301e+01	2023	8	28	6
	2162	1180	124.030933	20.671846	9.947682e+04	1.481676e+01	1.082226e+05	1.078928e+05	5.746518e+04	5.674233e+04	3.029302e+02	3.534295e+01	2023	8	28	12
	2166	1192	124.593433	21.796845	9.918948e+04	1.614262e+01	1.081379e+05	1.077255e+05	5.733457e+04	5.656907e+04	3.028436e+02	3.269063e+01	2023	8	28	18
	2166	1200	124.593433	22.546844	9.922296e+04	1.777570e+01	1.082404e+05	1.077335e+05	5.741008e+04	5.662602e+04	3.027868e+02	3.492715e+01	2023	8	29	0
	2170	1212	125.155932	23.671842	9.897577e+04	1.839395e+01	1.081471e+05	1.075932e+05	5.729886e+04	5.642598e+04	3.029757e+02	2.962315e+01	2023	8	29	6
	2177	1226	126.140306	24.984340	9.904284e+04	1.894265e+01	1.082518e+05	1.076885e+05	5.744698e+04	5.650265e+04	3.028475e+02	2.890438e+01	2023	8	29	12
	2180	1238	126.562181	26.109339	9.889542e+04	1.888605e+01	1.081390e+05	1.074702e+05	5.735375e+04	5.640540e+04	9.999000e+03	3.103376e+01	2023	8	29	18
	2180	1250	126.562181	27.234337	9.886518e+04	1.669144e+01	1.083052e+05	1.074487e+05	5.732784e+04	5.638679e+04	9.999000e+03	2.673561e+01	2023	8	30	0
	2184	1262	127.124680	28.359336	9.862027e+04	1.553456e+01	1.082461e+05	1.073599e+05	5.720820e+04	5.627042e+04	9.999000e+03	2.564543e+01	2023	8	30	6
	2191	1288	128.109054	30.796832	9.870709e+04	1.865514e+01	1.083153e+05	1.069630e+05	5.739803e+04	5.632184e+04	9.999000e+03	4.100059e+01	2023	8	30	12
	2191	1303	128.109054	32.203080	9.839681e+04	1.860867e+01	1.082143e+05	1.062354e+05	5.708800e+04	5.604207e+04	9.999000e+03	4.152689e+01	2023	8	30	18
	2209	1329	130.640301	34.640577	9.838799e+04	2.183838e+01	1.082932e+05	1.060221e+05	5.729988e+04	5.603697e+04	9.999000e+03	5.296392e+01	2023	8	31	0
	2222	1351	132.468424	36.703074	9.809698e+04	2.440182e+01	1.082164e+05	1.057176e+05	5.716541e+04	5.573006e+04	9.999000e+03	5.237809e+01	2023	8	31	6
	2241	1370	135.140297	38.484322	9.797270e+04	2.379052e+01	1.083893e+05	1.053236e+05	5.733326e+04	5.554642e+04	9.999000e+03	3.947031e+01	2023	8	31	12
	2267	1399	138.796543	41.203068	9.747593e+04	2.402847e+01	1.080860e+05	1.044719e+05	5.697101e+04	5.493636e+04	9.999000e+03	3.311526e+01	2023	8	31	18
	2291	1425	142.171539	43.640564	9.743229e+04	2.275380e+01	1.078545e+05	1.038737e+05	5.678869e+04	5.443677e+04	9.999000e+03	3.707599e+01	2023	9	1	0
	2310	1442	144.843411	45.234312	9.659882e+04	2.763913e+01	1.076779e+05	1.036377e+05	5.665737e+04	5.398509e+04	9.999000e+03	2.542831e+01	2023	9	1	6
	2335	1456	148.359033	46.546810	9.672804e+04	2.596186e+01	1.075694e+05	1.034512e+05	5.657339e+04	5.357725e+04	9.999000e+03	1.554625e+01	2023	9	1	12
	2371	1463	153.421528	47.203059	9.700673e+04	2.148205e+01	1.072417e+05	1.032486e+05	5.650395e+04	5.324616e+04	2.856377e+02	1.730979e+01	2023	9	1	18
	2389	1478	155.952775	48.609307	9.704662e+04	1.956411e+01	1.064408e+05	1.030631e+05	5.615726e+04	5.316384e+04	9.999000e+03	1.389242e+01	2023	9	2	0
	2404	1483	158.062148	49.078057	9.722580e+04	1.948212e+01	1.063125e+05	1.029745e+05	5.618224e+04	5.312945e+04	9.999000e+03	9.498434e+00	2023	9	2	6
	2428	1484	161.437144	49.171807	9.779051e+04	1.892311e+01	1.061934e+05	1.030193e+05	5.620512e+04	5.328510e+04	2.859734e+02	8.115426e+00	2023	9	2	12
	2448	1485	164.249641	49.265557	9.809001e+04	1.804290e+01	1.058999e+05	1.027090e+05	5.608802e+04	5.334200e+04	2.856800e+02	6.950377e+00	2023	9	2	18
	2467	1493	166.921513	50.015555	9.853373e+04	1.496710e+01	1.055191e+05	1.026610e+05	5.600959e+04	5.366385e+04	2.845549e+02	4.975135e+00	2023	9	3	0
	2480	1499	168.749637	50.578055	9.886794e+04	1.375844e+01	1.055156e+05	1.027294e+05	5.612470e+04	5.383763e+04	2.845020e+02	4.095319e+00	2023	9	3	6
	2490	1504	170.155885	51.046804	9.919880e+04	1.327209e+01	1.056110e+05	1.025060e+05	5.622377e+04	5.395288e+04	2.844430e+02	4.390809e+00	2023	9	3	12
	2503	1514	171.984008	51.984303	9.941859e+04	1.314219e+01	1.050808e+05	1.018193e+05	5.600577e+04	5.399012e+04	9.999000e+03	4.558201e+00	2023	9	3	18
start	11	2023	9	5	0
	1179	1106	-14.203298	13.734356	1.003819e+05	1.359396e+01	1.078998e+05	1.077056e+05	5.804325e+04	5.719397e+04	9.999000e+03	1.681607e+01	2023	9	5	0
	1173	1111	-15.047047	14.203105	1.001758e+05	1.357947e+01	1.076508e+05	1.074819e+05	5.786719e+04	5.696927e+04	9.999000e+03	1.354383e+01	2023	9	5	6
	1160	1116	-16.875170	14.671855	1.004247e+05	1.536778e+01	1.079166e+05	1.076868e+05	5.806755e+04	5.731698e+04	9.999000e+03	9.082726e+00	2023	9	5	12
	1149	1121	-18.422043	15.140604	1.001154e+05	1.831095e+01	1.078160e+05	1.075538e+05	5.792450e+04	5.714663e+04	9.999000e+03	5.374200e+00	2023	9	5	18
	1140	1123	-19.687667	15.328104	1.004269e+05	1.612627e+01	1.078661e+05	1.076497e+05	5.807198e+04	5.743356e+04	3.012086e+02	4.574665e+00	2023	9	6	0
	1130	1126	-21.093916	15.609353	1.002629e+05	1.725588e+01	1.076104e+05	1.073175e+05	5.789211e+04	5.728938e+04	9.999000e+03	4.944105e+00	2023	9	6	6
	1121	1128	-22.359539	15.796853	1.005173e+05	1.887616e+01	1.078730e+05	1.075284e+05	5.805881e+04	5.753238e+04	9.999000e+03	4.179879e+00	2023	9	6	12
	1113	1130	-23.484538	15.984353	1.002924e+05	1.871565e+01	1.078205e+05	1.074666e+05	5.791597e+04	5.737579e+04	9.999000e+03	5.356903e+00	2023	9	6	18
	1106	1131	-24.468912	16.078103	1.004709e+05	2.029302e+01	1.080092e+05	1.075346e+05	5.804751e+04	5.750086e+04	9.999000e+03	6.349913e+00	2023	9	7	0
	1098	1131	-25.593911	16.078103	1.002541e+05	1.794380e+01	1.076225e+05	1.072221e+05	5.779512e+04	5.722862e+04	9.999000e+03	3.543032e+00	2023	9	7	6
	1089	1129	-26.859535	15.890603	1.006025e+05	1.840854e+01	1.078986e+05	1.073983e+05	5.797141e+04	5.765634e+04	9.999000e+03	1.549716e+00	2023	9	7	12
start	22	2023	9	6	0
	1922	1161	90.280968	18.890599	9.992531e+04	1.207247e+01	1.080537e+05	1.078511e+05	5.747595e+04	5.701239e+04	3.029297e+02	3.575116e+01	2023	9	6	0
	1919	1161	89.859094	18.890599	9.995627e+04	1.230020e+01	1.082889e+05	1.079048e+05	5.761389e+04	5.711444e+04	3.029584e+02	2.910922e+01	2023	9	6	6
	1914	1169	89.155970	19.640598	9.972851e+04	1.214747e+01	1.082545e+05	1.078004e+05	5.746912e+04	5.694230e+04	9.999000e+03	1.982609e+01	2023	9	6	12
	1912	1171	88.874720	19.828097	9.994784e+04	1.295063e+01	1.083314e+05	1.080224e+05	5.763255e+04	5.712232e+04	9.999000e+03	3.469366e+01	2023	9	6	18
	1906	1173	88.030971	20.015597	9.974601e+04	1.269894e+01	1.082217e+05	1.078147e+05	5.747402e+04	5.698425e+04	9.999000e+03	3.391043e+01	2023	9	7	0
	1906	1176	88.030971	20.296847	9.985612e+04	1.384296e+01	1.085109e+05	1.080232e+05	5.761591e+04	5.709211e+04	9.999000e+03	3.090152e+01	2023	9	7	6
	1902	1183	87.468471	20.953096	9.961202e+04	1.321369e+01	1.083694e+05	1.079199e+05	5.747956e+04	5.690334e+04	9.999000e+03	1.756605e+01	2023	9	7	12
	1902	1185	87.468471	21.140596	9.989341e+04	1.277155e+01	1.084135e+05	1.080379e+05	5.767663e+04	5.710236e+04	9.999000e+03	2.897022e+01	2023	9	7	18
	1892	1182	86.062223	20.859346	9.976659e+04	1.313543e+01	1.082049e+05	1.077970e+05	5.746435e+04	5.689694e+04	9.999000e+03	2.243843e+01	2023	9	8	0
	1885	1195	85.077849	22.078094	9.997089e+04	7.942431e+00	1.084711e+05	1.079980e+05	5.760374e+04	5.710300e+04	9.999000e+03	2.405403e+01	2023	9	8	6
	1881	1195	84.515349	22.078094	9.970209e+04	6.533903e+00	1.082985e+05	1.079069e+05	5.745247e+04	5.693650e+04	9.999000e+03	1.405231e+01	2023	9	8	12
	1877	1195	83.952850	22.078094	1.000233e+05	6.861012e+00	1.083340e+05	1.080140e+05	5.759449e+04	5.712399e+04	9.999000e+03	1.905297e+01	2023	9	8	18
	1868	1198	82.687226	22.359344	9.985483e+04	6.138243e+00	1.081274e+05	1.077482e+05	5.736834e+04	5.695141e+04	9.999000e+03	1.732181e+01	2023	9	9	0
	1862	1194	81.843477	21.984344	9.995951e+04	6.629768e+00	1.083752e+05	1.079276e+05	5.752155e+04	5.714287e+04	9.999000e+03	2.622626e+01	2023	9	9	6
	1860	1194	81.562227	21.984344	9.967273e+04	5.196751e+00	1.081973e+05	1.078121e+05	5.734174e+04	5.692471e+04	9.999000e+03	1.212530e+01	2023	9	9	12
	1858	1194	81.280978	21.984344	9.999366e+04	5.403211e+00	1.082912e+05	1.079611e+05	5.752945e+04	5.713019e+04	9.999000e+03	1.685967e+01	2023	9	9	18
	1852	1189	80.437229	21.515595	9.968911e+04	7.009179e+00	1.080712e+05	1.077189e+05	5.731179e+04	5.684321e+04	9.999000e+03	1.807789e+01	2023	9	10	0
	1848	1190	79.874729	21.609345	9.994234e+04	7.742450e+00	1.083511e+05	1.079204e+05	5.755129e+04	5.708209e+04	9.999000e+03	2.387953e+01	2023	9	10	6
	1844	1189	79.312230	21.515595	9.972998e+04	6.936886e+00	1.082089e+05	1.078087e+05	5.739519e+04	5.695805e+04	9.999000e+03	1.434840e+01	2023	9	10	12
	1847	1184	79.734104	21.046846	9.993476e+04	8.453146e+00	1.083158e+05	1.080330e+05	5.767085e+04	5.711602e+04	9.999000e+03	1.544207e+01	2023	9	10	18
	1849	1190	80.015354	21.609345	9.982019e+04	7.842771e+00	1.081139e+05	1.078078e+05	5.753237e+04	5.688127e+04	9.999000e+03	1.263344e+01	2023	9	11	0
	1842	1202	79.030980	22.734343	1.001985e+05	8.251604e+00	1.083393e+05	1.080430e+05	5.772043e+04	5.715152e+04	9.999000e+03	1.885380e+01	2023	9	11	6
start	53	2023	9	20	0
	2371	1085	153.421528	11.765609	1.007164e+05	8.791549e+00	1.082409e+05	1.080698e+05	5.782952e+04	5.740416e+04	3.036533e+02	2.226373e+01	2023	9	20	0
	2369	1081	153.140278	11.390609	1.003973e+05	1.084394e+01	1.081995e+05	1.078558e+05	5.762338e+04	5.717592e+04	3.040328e+02	2.481775e+01	2023	9	20	6
	2366	1089	152.718403	12.140608	1.005924e+05	1.004342e+01	1.082862e+05	1.080664e+05	5.781550e+04	5.737746e+04	3.035183e+02	2.585850e+01	2023	9	20	12
	2362	1088	152.155904	12.046858	1.003073e+05	1.042175e+01	1.080726e+05	1.078183e+05	5.758902e+04	5.710143e+04	3.034507e+02	3.109055e+01	2023	9	20	18
	2358	1101	151.593404	13.265607	1.004797e+05	1.055934e+01	1.083199e+05	1.080093e+05	5.775907e+04	5.727910e+04	3.034215e+02	2.284600e+01	2023	9	21	0
	2357	1106	151.452780	13.734356	1.001668e+05	1.091422e+01	1.081257e+05	1.078415e+05	5.761914e+04	5.709941e+04	3.036300e+02	2.304581e+01	2023	9	21	6
	2350	1114	150.468406	14.484355	1.003382e+05	1.033999e+01	1.082899e+05	1.079894e+05	5.772493e+04	5.720037e+04	3.033575e+02	3.655226e+01	2023	9	21	12
	2347	1120	150.046531	15.046854	1.000491e+05	1.171422e+01	1.081079e+05	1.077120e+05	5.750273e+04	5.702318e+04	3.032894e+02	3.140629e+01	2023	9	21	18
	2346	1115	149.905906	14.578105	1.001335e+05	1.203768e+01	1.082279e+05	1.078370e+05	5.763978e+04	5.716420e+04	3.032873e+02	2.815728e+01	2023	9	22	0
	2345	1120	149.765281	15.046854	9.985988e+04	1.329713e+01	1.080849e+05	1.077308e+05	5.750672e+04	5.699154e+04	3.040571e+02	3.235838e+01	2023	9	22	6
	2341	1126	149.202782	15.609353	1.000519e+05	1.467678e+01	1.083256e+05	1.079416e+05	5.763313e+04	5.711145e+04	3.032622e+02	3.424710e+01	2023	9	22	12
	2344	1120	149.624657	15.046854	9.985834e+04	1.467164e+01	1.079983e+05	1.076606e+05	5.739830e+04	5.692376e+04	3.031945e+02	2.762736e+01	2023	9	22	18
	2344	1130	149.624657	15.984353	1.000256e+05	1.477074e+01	1.082644e+05	1.078581e+05	5.761559e+04	5.713934e+04	3.031977e+02	2.404889e+01	2023	9	23	0
	2346	1140	149.905906	16.921851	9.969127e+04	1.379200e+01	1.081836e+05	1.077873e+05	5.749760e+04	5.697197e+04	3.036922e+02	2.629446e+01	2023	9	23	6
	2347	1147	150.046531	17.578101	9.984730e+04	1.412261e+01	1.082935e+05	1.079696e+05	5.762888e+04	5.707391e+04	3.032360e+02	3.167202e+01	2023	9	23	12
	2337	1147	148.640283	17.578101	9.955652e+04	1.402330e+01	1.081074e+05	1.076615e+05	5.739549e+04	5.684361e+04	3.030450e+02	2.688245e+01	2023	9	23	18
	2333	1152	148.077783	18.046850	9.968303e+04	1.423532e+01	1.082645e+05	1.078342e+05	5.756602e+04	5.696227e+04	3.030106e+02	2.321241e+01	2023	9	24	0
	2325	1152	146.952784	18.046850	9.937266e+04	1.474269e+01	1.081524e+05	1.076976e+05	5.738295e+04	5.671086e+04	3.031584e+02	2.914661e+01	2023	9	24	6
	2318	1157	145.968410	18.515599	9.954196e+04	1.460382e+01	1.082986e+05	1.078907e+05	5.755452e+04	5.680208e+04	3.026505e+02	3.087082e+01	2023	9	24	12
	2316	1157	145.687161	18.515599	9.929881e+04	1.643726e+01	1.081835e+05	1.076004e+05	5.737754e+04	5.657014e+04	3.025656e+02	2.197311e+01	2023	9	24	18
	2307	1162	144.421537	18.984349	9.942738e+04	1.597241e+01	1.082902e+05	1.077561e+05	5.758083e+04	5.668251e+04	3.024124e+02	2.303412e+01	2023	9	25	0
	2298	1164	143.155913	19.171848	9.903946e+04	1.555384e+01	1.081606e+05	1.076179e+05	5.738907e+04	5.643623e+04	3.024638e+02	2.760751e+01	2023	9	25	6
	2290	1164	142.030914	19.171848	9.911433e+04	1.636044e+01	1.083338e+05	1.077572e+05	5.747458e+04	5.649446e+04	3.023648e+02	2.959824e+01	2023	9	25	12
	2283	1166	141.046540	19.359348	9.880055e+04	1.560566e+01	1.081195e+05	1.075137e+05	5.729482e+04	5.616273e+04	3.024086e+02	2.750082e+01	2023	9	25	18
	2275	1167	139.921542	19.453098	9.882537e+04	1.688639e+01	1.082429e+05	1.076024e+05	5.743511e+04	5.620326e+04	3.023489e+02	2.817959e+01	2023	9	26	0
	2273	1171	139.640292	19.828097	9.846016e+04	1.798084e+01	1.081182e+05	1.074107e+05	5.724093e+04	5.596195e+04	3.023062e+02	2.817783e+01	2023	9	26	6
	2269	1171	139.077792	19.828097	9.857731e+04	1.816168e+01	1.082800e+05	1.075576e+05	5.739988e+04	5.613069e+04	3.023228e+02	2.612504e+01	2023	9	26	12
	2267	1176	138.796543	20.296847	9.834078e+04	1.956126e+01	1.081190e+05	1.074097e+05	5.724271e+04	5.595296e+04	3.024518e+02	2.693355e+01	2023	9	26	18
	2265	1176	138.515293	20.296847	9.847166e+04	1.975597e+01	1.082715e+05	1.075767e+05	5.735258e+04	5.613179e+04	3.024285e+02	2.863102e+01	2023	9	27	0
	2264	1178	138.374668	20.484347	9.811127e+04	2.207860e+01	1.081392e+05	1.072676e+05	5.716579e+04	5.589287e+04	3.026427e+02	2.675396e+01	2023	9	27	6
	2263	1181	138.234043	20.765596	9.821480e+04	2.190443e+01	1.082520e+05	1.073859e+05	5.728612e+04	5.598825e+04	3.024406e+02	2.705158e+01	2023	9	27	12
	2263	1185	138.234043	21.140596	9.797127e+04	2.321697e+01	1.080624e+05	1.071419e+05	5.707163e+04	5.580953e+04	3.025495e+02	2.446371e+01	2023	9	27	18
	2262	1192	138.093419	21.796845	9.808247e+04	2.394193e+01	1.082451e+05	1.072297e+05	5.725444e+04	5.587283e+04	3.026592e+02	2.146846e+01	2023	9	28	0
	2260	1202	137.812169	22.734343	9.774054e+04	2.346598e+01	1.080404e+05	1.070138e+05	5.711333e+04	5.557742e+04	3.028383e+02	1.882555e+01	2023	9	28	6
	2262	1212	138.093419	23.671842	9.773023e+04	2.428818e+01	1.081908e+05	1.071670e+05	5.725904e+04	5.547820e+04	3.026888e+02	2.088847e+01	2023	9	28	12
	2255	1226	137.109045	24.984340	9.743334e+04	2.322762e+01	1.080171e+05	1.070556e+05	5.705614e+04	5.532702e+04	3.027291e+02	2.453543e+01	2023	9	28	18
	2248	1240	136.124671	26.296838	9.740039e+04	2.374445e+01	1.081328e+05	1.070635e+05	5.711907e+04	5.525264e+04	3.025623e+02	2.822310e+01	2023	9	29	0
	2242	1250	135.280921	27.234337	9.700788e+04	2.616011e+01	1.079479e+05	1.067430e+05	5.690234e+04	5.485376e+04	3.024572e+02	2.880409e+01	2023	9	29	6
	2240	1257	134.999672	27.890586	9.710253e+04	2.344145e+01	1.080697e+05	1.069636e+05	5.701732e+04	5.497061e+04	3.021671e+02	2.418420e+01	2023	9	29	12
	2239	1264	134.859047	28.546835	9.704312e+04	2.347587e+01	1.079923e+05	1.069793e+05	5.680163e+04	5.514918e+04	3.017016e+02	2.486218e+01	2023	9	29	18
	2242	1267	135.280921	28.828085	9.721798e+04	2.426794e+01	1.081745e+05	1.069025e+05	5.695040e+04	5.550015e+04	3.013322e+02	2.298967e+01	2023	9	30	0
	2243	1274	135.421546	29.484334	9.711756e+04	2.573466e+01	1.079921e+05	1.066469e+05	5.672157e+04	5.543828e+04	3.011112e+02	2.180714e+01	2023	9	30	6
	2245	1274	135.702796	29.484334	9.735835e+04	2.645925e+01	1.080661e+05	1.069042e+05	5.688632e+04	5.565124e+04	3.010140e+02	1.595939e+01	2023	9	30	12
	2249	1276	136.265295	29.671834	9.745802e+04	2.499964e+01	1.078941e+05	1.067278e+05	5.666488e+04	5.564577e+04	3.009091e+02	1.106576e+01	2023	9	30	18
	2255	1276	137.109045	29.671834	9.790667e+04	2.291460e+01	1.079940e+05	1.066878e+05	5.689653e+04	5.586886e+04	3.008996e+02	6.236433e+00	2023	10	1	0
	2262	1279	138.093419	29.953083	9.809713e+04	2.094100e+01	1.079251e+05	1.066388e+05	5.688368e+04	5.568933e+04	3.010167e+02	9.340325e+00	2023	10	1	6
	2267	1289	138.796543	30.890582	9.840009e+04	2.337921e+01	1.080163e+05	1.065273e+05	5.712214e+04	5.557586e+04	3.009243e+02	1.358183e+01	2023	10	1	12
	2274	1300	139.780917	31.921831	9.827566e+04	2.400774e+01	1.078394e+05	1.061633e+05	5.711534e+04	5.537154e+04	3.007664e+02	1.927783e+01	2023	10	1	18
	2279	1322	140.484041	33.984328	9.810002e+04	2.448601e+01	1.079084e+05	1.056430e+05	5.721511e+04	5.526876e+04	9.999000e+03	2.868560e+01	2023	10	2	0
	2284	1344	141.187165	36.046825	9.765894e+04	2.627606e+01	1.077616e+05	1.050525e+05	5.709664e+04	5.498784e+04	9.999000e+03	2.704409e+01	2023	10	2	6
	2290	1365	142.030914	38.015572	9.792668e+04	2.613605e+01	1.077576e+05	1.043528e+05	5.718197e+04	5.474830e+04	9.999000e+03	1.780135e+01	2023	10	2	12
	2290	1389	142.030914	40.265569	9.825123e+04	2.754260e+01	1.073779e+05	1.033648e+05	5.692822e+04	5.432551e+04	9.999000e+03	1.788450e+01	2023	10	2	18
	2290	1410	142.030914	42.234316	9.907680e+04	2.297218e+01	1.071984e+05	1.027347e+05	5.698912e+04	5.404392e+04	9.999000e+03	1.637039e+01	2023	10	3	0
start	26	2023	9	25	6
	2434	1133	162.280893	16.265602	1.001907e+05	1.379054e+01	1.080999e+05	1.079320e+05	5.753620e+04	5.707027e+04	3.041936e+02	3.975211e+01	2023	9	25	6
	2438	1131	162.843393	16.078103	1.002764e+05	1.342584e+01	1.082713e+05	1.080824e+05	5.769096e+04	5.717195e+04	3.037735e+02	4.576310e+01	2023	9	25	12
	2440	1135	163.124642	16.453102	9.997829e+04	1.640175e+01	1.081545e+05	1.079157e+05	5.755806e+04	5.700380e+04	3.037406e+02	4.573901e+01	2023	9	25	18
	2438	1140	162.843393	16.921851	1.000169e+05	1.435391e+01	1.082573e+05	1.080979e+05	5.769552e+04	5.713371e+04	3.038742e+02	4.845138e+01	2023	9	26	0
	2434	1140	162.280893	16.921851	9.968659e+04	1.481195e+01	1.081942e+05	1.079182e+05	5.749959e+04	5.691496e+04	3.038336e+02	4.759191e+01	2023	9	26	6
	2432	1142	161.999644	17.109351	9.977997e+04	1.525858e+01	1.082815e+05	1.080343e+05	5.765049e+04	5.702872e+04	3.037011e+02	4.698849e+01	2023	9	26	12
	2428	1142	161.437144	17.109351	9.944333e+04	1.676031e+01	1.081170e+05	1.077826e+05	5.750316e+04	5.673688e+04	3.036404e+02	4.681750e+01	2023	9	26	18
	2424	1154	160.874645	18.234350	9.948983e+04	1.702619e+01	1.082979e+05	1.079021e+05	5.765427e+04	5.682339e+04	3.035938e+02	4.061621e+01	2023	9	27	0
	2413	1157	159.327771	18.515599	9.913920e+04	1.748607e+01	1.082445e+05	1.077582e+05	5.750302e+04	5.658314e+04	3.035397e+02	3.734290e+01	2023	9	27	6
	2407	1162	158.484022	18.984349	9.920259e+04	1.770168e+01	1.083631e+05	1.078672e+05	5.760682e+04	5.671366e+04	3.033037e+02	3.755682e+01	2023	9	27	12
	2402	1164	157.780898	19.171848	9.892860e+04	1.565685e+01	1.082418e+05	1.076705e+05	5.736387e+04	5.649138e+04	3.032444e+02	3.274074e+01	2023	9	27	18
	2395	1176	156.796524	20.296847	9.910351e+04	1.796616e+01	1.085129e+05	1.078541e+05	5.757228e+04	5.664395e+04	3.033782e+02	3.001167e+01	2023	9	28	0
	2385	1176	155.390275	20.296847	9.883796e+04	1.672453e+01	1.084205e+05	1.077315e+05	5.735941e+04	5.645933e+04	3.034838e+02	3.195296e+01	2023	9	28	6
	2381	1179	154.827776	20.578096	9.893927e+04	1.787895e+01	1.084973e+05	1.078229e+05	5.747235e+04	5.657220e+04	3.031942e+02	4.103224e+01	2023	9	28	12
	2374	1181	153.843402	20.765596	9.866172e+04	1.958875e+01	1.083065e+05	1.075774e+05	5.725533e+04	5.623016e+04	3.030830e+02	3.692205e+01	2023	9	28	18
	2371	1190	153.421528	21.609345	9.877040e+04	2.038210e+01	1.085285e+05	1.077789e+05	5.743856e+04	5.640655e+04	3.029670e+02	2.988465e+01	2023	9	29	0
	2359	1198	151.734029	22.359344	9.847423e+04	2.227646e+01	1.084372e+05	1.076490e+05	5.730745e+04	5.620323e+04	3.026995e+02	2.953975e+01	2023	9	29	6
	2358	1202	151.593404	22.734343	9.865770e+04	2.295088e+01	1.085747e+05	1.078106e+05	5.745169e+04	5.638099e+04	3.024829e+02	2.932157e+01	2023	9	29	12
	2351	1216	150.609030	24.046842	9.849646e+04	2.325336e+01	1.084020e+05	1.076628e+05	5.738129e+04	5.623306e+04	3.023915e+02	2.367916e+01	2023	9	29	18
	2348	1240	150.187156	26.296838	9.870023e+04	2.204819e+01	1.087100e+05	1.078825e+05	5.768081e+04	5.646229e+04	3.023169e+02	1.625171e+01	2023	9	30	0
	2338	1257	148.780907	27.890586	9.856375e+04	1.772194e+01	1.086422e+05	1.078224e+05	5.744523e+04	5.644234e+04	3.019751e+02	1.194954e+01	2023	9	30	6
	2333	1274	148.077783	29.484334	9.885195e+04	1.745356e+01	1.087407e+05	1.079835e+05	5.757565e+04	5.665403e+04	3.016566e+02	1.091212e+01	2023	9	30	12
	2325	1307	146.952784	32.578080	9.886330e+04	1.290328e+01	1.085395e+05	1.075759e+05	5.740558e+04	5.637478e+04	3.013067e+02	1.041034e+01	2023	9	30	18
	2325	1334	146.952784	35.109326	9.906023e+04	1.890158e+01	1.086530e+05	1.071343e+05	5.751837e+04	5.633691e+04	3.005808e+02	1.465446e+01	2023	10	1	0
	2328	1351	147.374659	36.703074	9.908706e+04	2.295315e+01	1.086103e+05	1.067656e+05	5.750928e+04	5.608538e+04	3.003532e+02	1.732903e+01	2023	10	1	6
	2345	1363	149.765281	37.828072	9.965327e+04	2.121870e+01	1.088004e+05	1.068388e+05	5.781623e+04	5.627068e+04	2.992722e+02	1.516949e+01	2023	10	1	12
start	18	2023	9	29	0
	387	1109	-125.578182	14.015606	1.004167e+05	1.100866e+01	1.080427e+05	1.077064e+05	5.770303e+04	5.730466e+04	3.040200e+02	2.157495e+01	2023	9	29	0
	383	1111	-126.140681	14.203105	1.006909e+05	1.218656e+01	1.082752e+05	1.079040e+05	5.786012e+04	5.752044e+04	3.030937e+02	2.764989e+01	2023	9	29	6
	382	1113	-126.281306	14.390605	1.003442e+05	1.188296e+01	1.079954e+05	1.077097e+05	5.761694e+04	5.717848e+04	3.027897e+02	2.485483e+01	2023	9	29	12
	381	1118	-126.421931	14.859354	1.005491e+05	1.384840e+01	1.082453e+05	1.079189e+05	5.781298e+04	5.741697e+04	3.027222e+02	2.706878e+01	2023	9	29	18
	381	1123	-126.421931	15.328104	1.001468e+05	1.318074e+01	1.080257e+05	1.076788e+05	5.752593e+04	5.710062e+04	3.027230e+02	2.834310e+01	2023	9	30	0
	382	1130	-126.281306	15.984353	1.003270e+05	1.427424e+01	1.082137e+05	1.078963e+05	5.775115e+04	5.726334e+04	3.025811e+02	2.604199e+01	2023	9	30	6
	385	1140	-125.859431	16.921851	1.000206e+05	1.574267e+01	1.079679e+05	1.076500e+05	5.749413e+04	5.693948e+04	3.022834e+02	1.812561e+01	2023	9	30	12
	387	1145	-125.578182	17.390601	1.002284e+05	1.521738e+01	1.081839e+05	1.078571e+05	5.776667e+04	5.710227e+04	3.020208e+02	1.687475e+01	2023	9	30	18
	391	1152	-125.015682	18.046850	9.986384e+04	1.599375e+01	1.079951e+05	1.076686e+05	5.749908e+04	5.680618e+04	3.021246e+02	1.588779e+01	2023	10	1	0
	397	1157	-124.171933	18.515599	1.001161e+05	1.518642e+01	1.082086e+05	1.079036e+05	5.780092e+04	5.706478e+04	3.021519e+02	1.355709e+01	2023	10	1	6
	403	1163	-123.328184	19.078098	9.987477e+04	1.500738e+01	1.079842e+05	1.076752e+05	5.761017e+04	5.691294e+04	3.020430e+02	1.122399e+01	2023	10	1	12
	408	1173	-122.625060	20.015597	1.001399e+05	1.424881e+01	1.082480e+05	1.078348e+05	5.787449e+04	5.712790e+04	3.017367e+02	1.362354e+01	2023	10	1	18
	414	1180	-121.781311	20.671846	9.986361e+04	1.465505e+01	1.080870e+05	1.076598e+05	5.765088e+04	5.683640e+04	3.015180e+02	1.375147e+01	2023	10	2	0
	418	1188	-121.218811	21.421845	1.001178e+05	1.438968e+01	1.082867e+05	1.077363e+05	5.789831e+04	5.711791e+04	3.013453e+02	1.575138e+01	2023	10	2	6
	423	1190	-120.515687	21.609345	9.986673e+04	1.607221e+01	1.081020e+05	1.075709e+05	5.769727e+04	5.700874e+04	3.012433e+02	1.827172e+01	2023	10	2	12
	428	1195	-119.812563	22.078094	1.000625e+05	1.621238e+01	1.083544e+05	1.076990e+05	5.786770e+04	5.730691e+04	3.011676e+02	1.494192e+01	2023	10	2	18
	431	1200	-119.390688	22.546844	9.986794e+04	1.484062e+01	1.081278e+05	1.074757e+05	5.761327e+04	5.714431e+04	3.011450e+02	1.416875e+01	2023	10	3	0
	432	1203	-119.250063	22.828093	1.001736e+05	1.573127e+01	1.083231e+05	1.074897e+05	5.779960e+04	5.739269e+04	3.009576e+02	1.082048e+01	2023	10	3	6
start	13	2023	10	3	12
	992	1257	-40.500145	27.890586	1.009771e+05	1.377923e+01	1.064856e+05	1.059493e+05	5.749183e+04	5.688823e+04	2.999436e+02	8.688740e+00	2023	10	3	12
	988	1257	-41.062645	27.890586	1.008830e+05	1.146814e+01	1.065182e+05	1.059933e+05	5.748492e+04	5.683838e+04	3.005114e+02	8.721662e+00	2023	10	3	18
	977	1258	-42.609518	27.984336	1.011041e+05	1.283047e+01	1.067517e+05	1.061931e+05	5.773783e+04	5.700402e+04	3.001052e+02	1.384678e+01	2023	10	4	0
	969	1256	-43.734517	27.796836	1.009195e+05	1.291381e+01	1.066380e+05	1.060730e+05	5.760798e+04	5.683273e+04	3.002726e+02	1.156892e+01	2023	10	4	6
	961	1258	-44.859516	27.984336	1.011049e+05	1.249306e+01	1.068208e+05	1.062576e+05	5.776102e+04	5.702489e+04	3.003966e+02	6.236171e+00	2023	10	4	12
	956	1258	-45.562640	27.984336	1.009775e+05	1.028553e+01	1.067766e+05	1.062360e+05	5.768291e+04	5.698475e+04	3.005808e+02	7.484602e+00	2023	10	4	18
	950	1264	-46.406389	28.546835	1.011740e+05	1.166774e+01	1.069396e+05	1.063959e+05	5.780069e+04	5.713380e+04	3.003792e+02	1.163194e+01	2023	10	5	0
	945	1279	-47.109513	29.953083	1.010482e+05	1.259385e+01	1.068663e+05	1.062988e+05	5.776388e+04	5.701146e+04	3.001613e+02	8.678214e+00	2023	10	5	6
	938	1284	-48.093887	30.421833	1.012352e+05	1.240068e+01	1.069720e+05	1.064991e+05	5.786905e+04	5.719115e+04	2.999301e+02	5.178895e+00	2023	10	5	12
	933	1289	-48.797012	30.890582	1.011168e+05	1.156142e+01	1.069199e+05	1.065511e+05	5.782285e+04	5.716504e+04	3.001891e+02	7.445492e+00	2023	10	5	18
	928	1293	-49.500136	31.265582	1.013037e+05	1.153326e+01	1.070717e+05	1.067376e+05	5.787638e+04	5.732857e+04	2.997358e+02	8.172934e+00	2023	10	6	0
	926	1295	-49.781386	31.453081	1.012557e+05	1.141891e+01	1.069156e+05	1.065964e+05	5.773955e+04	5.726305e+04	2.996162e+02	7.997675e+00	2023	10	6	6
	925	1308	-49.922011	32.671830	1.014487e+05	1.198061e+01	1.072435e+05	1.068481e+05	5.794146e+04	5.744466e+04	2.992235e+02	3.229506e+00	2023	10	6	12
start	12	2023	10	4	12
	2342	1166	149.343407	19.359348	1.003999e+05	1.217965e+01	1.084947e+05	1.081579e+05	5.787193e+04	5.753629e+04	3.027300e+02	1.609472e+01	2023	10	4	12
	2343	1176	149.484032	20.296847	1.002569e+05	1.323214e+01	1.083674e+05	1.079861e+05	5.777671e+04	5.740572e+04	3.026759e+02	1.153991e+01	2023	10	4	18
	2341	1185	149.202782	21.140596	1.004717e+05	1.267867e+01	1.085538e+05	1.082594e+05	5.798619e+04	5.762445e+04	3.026040e+02	9.492415e+00	2023	10	5	0
	2341	1195	149.202782	22.078094	1.002752e+05	1.297473e+01	1.084532e+05	1.081211e+05	5.787188e+04	5.745159e+04	3.026288e+02	1.425593e+01	2023	10	5	6
	2341	1207	149.202782	23.203093	1.004833e+05	1.380380e+01	1.085842e+05	1.081893e+05	5.796572e+04	5.754038e+04	3.021234e+02	1.635520e+01	2023	10	5	12
	2341	1214	149.202782	23.859342	1.002474e+05	1.400338e+01	1.082944e+05	1.078964e+05	5.774378e+04	5.722540e+04	3.020612e+02	1.491017e+01	2023	10	5	18
	2343	1228	149.484032	25.171840	1.003201e+05	1.537501e+01	1.084485e+05	1.078122e+05	5.791903e+04	5.724870e+04	3.021015e+02	1.262727e+01	2023	10	6	0
	2348	1238	150.187156	26.109339	1.000762e+05	1.459436e+01	1.082555e+05	1.075686e+05	5.773164e+04	5.701087e+04	3.020565e+02	1.326549e+01	2023	10	6	6
	2352	1240	150.749655	26.296838	1.001749e+05	1.556679e+01	1.083781e+05	1.075899e+05	5.787665e+04	5.724491e+04	3.019134e+02	1.630729e+01	2023	10	6	12
	2356	1243	151.312155	26.578088	9.998418e+04	1.554475e+01	1.081670e+05	1.073680e+05	5.766250e+04	5.710996e+04	3.017299e+02	1.383276e+01	2023	10	6	18
	2363	1248	152.296529	27.046837	1.001464e+05	1.527047e+01	1.083080e+05	1.073336e+05	5.783432e+04	5.724214e+04	3.015250e+02	1.141151e+01	2023	10	7	0
	2369	1251	153.140278	27.328087	1.000267e+05	1.522001e+01	1.081257e+05	1.071749e+05	5.769677e+04	5.705485e+04	3.015131e+02	1.181790e+01	2023	10	7	6
start	39	2023	10	10	18
	618	1085	-93.093841	11.765609	1.007733e+05	1.275857e+01	1.081757e+05	1.080099e+05	5.774630e+04	5.746373e+04	3.037044e+02	1.591421e+01	2023	10	10	18
	611	1090	-94.078215	12.234358	1.005762e+05	1.399551e+01	1.080598e+05	1.079116e+05	5.763358e+04	5.726752e+04	3.036356e+02	1.421963e+01	2023	10	11	0
	612	1099	-93.937590	13.078107	1.005844e+05	1.474569e+01	1.081631e+05	1.079460e+05	5.772578e+04	5.733324e+04	3.038400e+02	1.893305e+01	2023	10	11	6
	607	1099	-94.640714	13.078107	1.004403e+05	1.520973e+01	1.079608e+05	1.077569e+05	5.761383e+04	5.709491e+04	3.036731e+02	1.539801e+01	2023	10	11	12
	603	1104	-95.203213	13.546856	1.005281e+05	1.542986e+01	1.080884e+05	1.077913e+05	5.774800e+04	5.710623e+04	3.040007e+02	1.397990e+01	2023	10	11	18
	601	1106	-95.484463	13.734356	1.004108e+05	1.452170e+01	1.080847e+05	1.077007e+05	5.770769e+04	5.703370e+04	3.041716e+02	1.342753e+01	2023	10	12	0
	597	1111	-96.046962	14.203105	1.005874e+05	1.519770e+01	1.081914e+05	1.078974e+05	5.780259e+04	5.718773e+04	9.999000e+03	1.976889e+01	2023	10	12	6
	598	1113	-95.906338	14.390605	1.004838e+05	1.487834e+01	1.080867e+05	1.078208e+05	5.779913e+04	5.714282e+04	9.999000e+03	1.549411e+01	2023	10	12	12
	597	1114	-96.046962	14.484355	1.006827e+05	1.527350e+01	1.083157e+05	1.079549e+05	5.797462e+04	5.739585e+04	9.999000e+03	1.579535e+01	2023	10	12	18
	595	1114	-96.328212	14.484355	1.005693e+05	1.469150e+01	1.082193e+05	1.078713e+05	5.789476e+04	5.725169e+04	9.999000e+03	1.588464e+01	2023	10	13	0
	595	1114	-96.328212	14.484355	1.008203e+05	1.434987e+01	1.083125e+05	1.080600e+05	5.799092e+04	5.740336e+04	9.999000e+03	2.402339e+01	2023	10	13	6
	594	1112	-96.468837	14.296855	1.007103e+05	1.422835e+01	1.081426e+05	1.078575e+05	5.785088e+04	5.730654e+04	9.999000e+03	1.520290e+01	2023	10	13	12
	590	1110	-97.031336	14.109355	1.008242e+05	1.606369e+01	1.083150e+05	1.079085e+05	5.801809e+04	5.739213e+04	9.999000e+03	1.592251e+01	2023	10	13	18
	586	1108	-97.593836	13.921856	1.006538e+05	1.562741e+01	1.081054e+05	1.078433e+05	5.783365e+04	5.723722e+04	9.999000e+03	1.863741e+01	2023	10	14	0
	583	1108	-98.015710	13.921856	1.008456e+05	1.613578e+01	1.082454e+05	1.079430e+05	5.791887e+04	5.738764e+04	3.040258e+02	2.233070e+01	2023	10	14	6
	579	1103	-98.578210	13.453106	1.006549e+05	1.362581e+01	1.080128e+05	1.077818e+05	5.771954e+04	5.727581e+04	3.038344e+02	1.623030e+01	2023	10	14	12
	578	1096	-98.718835	12.796857	1.007906e+05	1.343631e+01	1.081799e+05	1.079864e+05	5.789317e+04	5.745044e+04	3.038083e+02	1.596057e+01	2023	10	14	18
	574	1093	-99.281334	12.515608	1.005108e+05	1.256577e+01	1.079610e+05	1.077211e+05	5.769324e+04	5.725027e+04	3.038653e+02	1.297691e+01	2023	10	15	0
	575	1089	-99.140709	12.140608	1.005824e+05	1.258669e+01	1.080283e+05	1.078474e+05	5.778732e+04	5.728177e+04	3.037729e+02	2.002573e+01	2023	10	15	6
	575	1084	-99.140709	11.671859	1.002950e+05	1.415637e+01	1.078415e+05	1.075509e+05	5.755662e+04	5.701543e+04	3.036978e+02	1.665128e+01	2023	10	15	12
	574	1081	-99.281334	11.390609	1.004607e+05	1.494120e+01	1.080540e+05	1.077544e+05	5.779024e+04	5.709885e+04	3.036591e+02	1.364379e+01	2023	10	15	18
	570	1079	-99.843834	11.203109	1.001779e+05	1.567965e+01	1.078466e+05	1.076240e+05	5.762336e+04	5.680196e+04	3.036687e+02	1.722807e+01	2023	10	16	0
	565	1079	-100.546958	11.203109	1.002602e+05	1.555952e+01	1.080395e+05	1.077935e+05	5.775281e+04	5.695265e+04	3.036493e+02	2.113239e+01	2023	10	16	6
	559	1079	-101.390707	11.203109	1.000065e+05	1.541573e+01	1.079030e+05	1.076438e+05	5.759459e+04	5.675890e+04	3.036628e+02	1.888989e+01	2023	10	16	12
	554	1079	-102.093831	11.203109	1.002277e+05	1.661063e+01	1.081278e+05	1.078162e+05	5.784109e+04	5.703832e+04	3.036483e+02	1.891776e+01	2023	10	16	18
	548	1082	-102.937580	11.484359	1.001062e+05	1.591481e+01	1.079587e+05	1.076484e+05	5.770942e+04	5.695309e+04	3.035990e+02	1.789974e+01	2023	10	17	0
	542	1087	-103.781329	11.953108	1.003734e+05	1.569683e+01	1.081683e+05	1.078968e+05	5.787640e+04	5.729863e+04	3.035312e+02	2.326946e+01	2023	10	17	6
	536	1092	-104.625079	12.421858	9.993004e+04	1.942328e+01	1.080815e+05	1.077587e+05	5.777105e+04	5.700954e+04	3.035781e+02	2.530001e+01	2023	10	17	12
	530	1097	-105.468828	12.890607	1.001936e+05	1.855577e+01	1.083212e+05	1.080557e+05	5.802598e+04	5.725612e+04	3.038005e+02	2.952542e+01	2023	10	17	18
	525	1101	-106.171952	13.265607	9.990026e+04	1.814237e+01	1.081119e+05	1.077680e+05	5.779262e+04	5.690080e+04	3.037765e+02	3.003809e+01	2023	10	18	0
	521	1106	-106.734451	13.734356	1.001005e+05	1.973544e+01	1.082876e+05	1.079723e+05	5.793119e+04	5.710088e+04	3.037118e+02	3.770269e+01	2023	10	18	6
	518	1111	-107.156326	14.203105	9.978124e+04	1.929907e+01	1.080877e+05	1.077209e+05	5.770393e+04	5.671280e+04	3.036180e+02	3.794338e+01	2023	10	18	12
	517	1118	-107.296951	14.859354	9.993005e+04	2.007340e+01	1.083194e+05	1.078572e+05	5.787415e+04	5.688672e+04	3.035791e+02	3.630620e+01	2023	10	18	18
	517	1125	-107.296951	15.515603	9.956323e+04	2.198910e+01	1.080116e+05	1.074449e+05	5.761310e+04	5.647239e+04	3.035560e+02	3.401675e+01	2023	10	19	0
	520	1135	-106.875076	16.453102	9.957525e+04	2.288365e+01	1.081534e+05	1.075117e+05	5.775715e+04	5.651743e+04	3.035763e+02	3.520024e+01	2023	10	19	6
	522	1142	-106.593826	17.109351	9.915445e+04	2.316833e+01	1.078760e+05	1.070452e+05	5.749696e+04	5.606148e+04	3.035186e+02	3.814906e+01	2023	10	19	12
	527	1149	-105.890702	17.765600	9.949074e+04	2.261781e+01	1.080886e+05	1.073837e+05	5.768340e+04	5.673143e+04	9.999000e+03	3.759517e+01	2023	10	19	18
	531	1152	-105.328203	18.046850	9.938280e+04	2.246639e+01	1.078271e+05	1.073628e+05	5.746438e+04	5.684563e+04	9.999000e+03	3.427845e+01	2023	10	20	0
	538	1156	-104.343829	18.421849	9.987359e+04	2.082397e+01	1.079733e+05	1.073509e+05	5.761612e+04	5.707994e+04	9.999000e+03	3.532705e+01	2023	10	20	6
start	25	2023	10	18	0
	83	1080	-168.328137	11.296859	1.006043e+05	1.298755e+01	1.079779e+05	1.074104e+05	5.762826e+04	5.737481e+04	3.036524e+02	1.664467e+01	2023	10	18	0
	76	1080	-169.312511	11.296859	1.007498e+05	1.191613e+01	1.081047e+05	1.075564e+05	5.779748e+04	5.752978e+04	3.034562e+02	1.706358e+01	2023	10	18	6
	73	1087	-169.734386	11.953108	1.007330e+05	1.239505e+01	1.081428e+05	1.076968e+05	5.778858e+04	5.755537e+04	3.030089e+02	2.452388e+01	2023	10	18	12
	65	1092	-170.859385	12.421858	1.007538e+05	1.257032e+01	1.081967e+05	1.077286e+05	5.782944e+04	5.758001e+04	3.029042e+02	1.863150e+01	2023	10	18	18
	60	1099	-171.562509	13.078107	1.006619e+05	1.295189e+01	1.081517e+05	1.078571e+05	5.783592e+04	5.753525e+04	3.034170e+02	1.366167e+01	2023	10	19	0
	51	1102	-172.828132	13.359356	1.007040e+05	1.171925e+01	1.082045e+05	1.078910e+05	5.789388e+04	5.760707e+04	3.032092e+02	1.627733e+01	2023	10	19	6
	45	1106	-173.671882	13.734356	1.006842e+05	1.117646e+01	1.082313e+05	1.078876e+05	5.789282e+04	5.765794e+04	3.029057e+02	2.042543e+01	2023	10	19	12
	34	1113	-175.218755	14.390605	1.006795e+05	1.180098e+01	1.081936e+05	1.078490e+05	5.790488e+04	5.755003e+04	3.029163e+02	1.668715e+01	2023	10	19	18
	29	1110	-175.921879	14.109355	1.005631e+05	1.175924e+01	1.081753e+05	1.078800e+05	5.783720e+04	5.750652e+04	3.030726e+02	1.417919e+01	2023	10	20	0
	23	1110	-176.765628	14.109355	1.005461e+05	1.171746e+01	1.081909e+05	1.078783e+05	5.784834e+04	5.749647e+04	3.031821e+02	1.842998e+01	2023	10	20	6
	21	1111	-177.046878	14.203105	1.005809e+05	1.188928e+01	1.081871e+05	1.078920e+05	5.781745e+04	5.743212e+04	3.030867e+02	2.318169e+01	2023	10	20	12
	14	1118	-178.031252	14.859354	1.004611e+05	1.307666e+01	1.081089e+05	1.078203e+05	5.775522e+04	5.729404e+04	3.030544e+02	1.838756e+01	2023	10	20	18
	8	1123	-178.875001	15.328104	1.003647e+05	1.274829e+01	1.080731e+05	1.078120e+05	5.774886e+04	5.722272e+04	3.031620e+02	1.431433e+01	2023	10	21	0
	2	1128	-179.718750	15.796853	1.002911e+05	1.365083e+01	1.080682e+05	1.078001e+05	5.775314e+04	5.716467e+04	3.031375e+02	2.441998e+01	2023	10	21	6
	2557	1133	179.577750	16.265602	1.002854e+05	1.501211e+01	1.081269e+05	1.078245e+05	5.768782e+04	5.711357e+04	3.031609e+02	3.323152e+01	2023	10	21	12
	2547	1140	178.171502	16.921851	1.001038e+05	1.498417e+01	1.079883e+05	1.075676e+05	5.762997e+04	5.691745e+04	3.032605e+02	2.459679e+01	2023	10	21	18
	2541	1145	177.327753	17.390601	1.000154e+05	1.585743e+01	1.080421e+05	1.076306e+05	5.764259e+04	5.680140e+04	3.032219e+02	2.509933e+01	2023	10	22	0
	2537	1157	176.765253	18.515599	9.987358e+04	1.671730e+01	1.080425e+05	1.076310e+05	5.765795e+04	5.661868e+04	3.029390e+02	2.776766e+01	2023	10	22	6
	2530	1166	175.780879	19.359348	9.981415e+04	1.673352e+01	1.080639e+05	1.075613e+05	5.762438e+04	5.653504e+04	3.028474e+02	3.088482e+01	2023	10	22	12
	2530	1176	175.780879	20.296847	9.964113e+04	1.721981e+01	1.080805e+05	1.075528e+05	5.760227e+04	5.655276e+04	3.027520e+02	2.758958e+01	2023	10	22	18
	2529	1188	175.640254	21.421845	9.969163e+04	1.775693e+01	1.080962e+05	1.076635e+05	5.763828e+04	5.668770e+04	3.026868e+02	2.507908e+01	2023	10	23	0
	2527	1197	175.359005	22.265594	9.954466e+04	1.727575e+01	1.082120e+05	1.075307e+05	5.763508e+04	5.677005e+04	3.025539e+02	2.880462e+01	2023	10	23	6
	2527	1205	175.359005	23.015593	9.967683e+04	1.675492e+01	1.082919e+05	1.075057e+05	5.768116e+04	5.706851e+04	3.021568e+02	3.113462e+01	2023	10	23	12
	2527	1212	175.359005	23.671842	9.974832e+04	1.615031e+01	1.081960e+05	1.072306e+05	5.765166e+04	5.709473e+04	3.019922e+02	2.445949e+01	2023	10	23	18
	2531	1221	175.921504	24.515591	9.993291e+04	1.650039e+01	1.082703e+05	1.072406e+05	5.775509e+04	5.719073e+04	3.018643e+02	2.792715e+01	2023	10	24	0
start	38	2023	10	18	12
	2199	1108	129.234053	13.921856	1.009055e+05	9.891962e+00	1.081164e+05	1.078583e+05	5.796997e+04	5.743226e+04	3.022488e+02	1.508975e+01	2023	10	18	12
	2193	1111	128.390304	14.203105	1.007043e+05	9.873465e+00	1.079797e+05	1.077216e+05	5.773998e+04	5.719724e+04	3.021679e+02	1.937844e+01	2023	10	18	18
	2189	1128	127.827804	15.796853	1.009102e+05	1.359587e+01	1.081522e+05	1.078294e+05	5.795393e+04	5.733010e+04	3.020125e+02	1.979505e+01	2023	10	19	0
	2187	1120	127.546555	15.046854	1.006515e+05	1.327560e+01	1.079752e+05	1.077169e+05	5.776596e+04	5.713125e+04	3.025449e+02	1.597065e+01	2023	10	19	6
	2186	1120	127.405930	15.046854	1.008953e+05	1.336182e+01	1.081650e+05	1.079391e+05	5.801916e+04	5.735975e+04	3.021757e+02	1.865136e+01	2023	10	19	12
	2182	1125	126.843430	15.515603	1.006492e+05	1.350563e+01	1.080424e+05	1.077711e+05	5.778232e+04	5.719830e+04	3.021227e+02	1.997033e+01	2023	10	19	18
	2175	1126	125.859056	15.609353	1.008408e+05	1.473892e+01	1.081859e+05	1.078739e+05	5.794609e+04	5.738970e+04	3.021407e+02	1.964036e+01	2023	10	20	0
	2172	1124	125.437182	15.421854	1.005448e+05	1.421295e+01	1.080313e+05	1.077108e+05	5.775875e+04	5.723361e+04	9.999000e+03	1.717216e+01	2023	10	20	6
	2169	1126	125.015307	15.609353	1.007540e+05	1.344089e+01	1.081362e+05	1.079222e+05	5.792059e+04	5.743182e+04	9.999000e+03	1.806478e+01	2023	10	20	12
	2163	1126	124.171558	15.609353	1.005478e+05	1.534654e+01	1.079914e+05	1.077093e+05	5.777587e+04	5.725998e+04	9.999000e+03	2.271430e+01	2023	10	20	18
	2159	1126	123.609059	15.609353	1.007106e+05	1.486670e+01	1.080790e+05	1.078819e+05	5.789052e+04	5.743875e+04	9.999000e+03	2.527121e+01	2023	10	21	0
	2159	1126	123.609059	15.609353	1.004421e+05	1.576847e+01	1.079237e+05	1.076614e+05	5.771415e+04	5.716195e+04	9.999000e+03	2.376033e+01	2023	10	21	6
	2155	1126	123.046559	15.609353	1.006011e+05	1.519363e+01	1.080178e+05	1.077812e+05	5.779568e+04	5.737021e+04	9.999000e+03	2.234871e+01	2023	10	21	12
	2155	1126	123.046559	15.609353	1.002506e+05	1.625358e+01	1.078339e+05	1.075838e+05	5.766829e+04	5.704878e+04	9.999000e+03	2.334311e+01	2023	10	21	18
	2154	1126	122.905934	15.609353	1.003507e+05	1.528931e+01	1.079358e+05	1.076836e+05	5.776374e+04	5.717482e+04	9.999000e+03	2.411496e+01	2023	10	22	0
	2150	1126	122.343435	15.609353	1.000647e+05	1.712367e+01	1.078080e+05	1.074989e+05	5.757524e+04	5.684088e+04	9.999000e+03	2.237982e+01	2023	10	22	6
	2147	1125	121.921560	15.515603	1.004271e+05	1.569827e+01	1.079620e+05	1.076215e+05	5.777078e+04	5.700401e+04	9.999000e+03	1.968965e+01	2023	10	22	12
	2147	1125	121.921560	15.515603	1.003814e+05	1.529412e+01	1.077702e+05	1.075475e+05	5.763444e+04	5.701229e+04	9.999000e+03	2.259278e+01	2023	10	22	18
	2129	1126	119.390313	15.609353	1.005812e+05	1.195361e+01	1.079040e+05	1.076850e+05	5.773824e+04	5.724494e+04	9.999000e+03	2.223245e+01	2023	10	23	0
	2130	1135	119.530938	16.453102	1.002630e+05	1.399004e+01	1.077438e+05	1.075656e+05	5.762527e+04	5.695686e+04	9.999000e+03	1.748884e+01	2023	10	23	6
	2126	1137	118.968438	16.640602	1.004343e+05	1.510005e+01	1.079201e+05	1.076575e+05	5.779079e+04	5.705527e+04	9.999000e+03	1.459007e+01	2023	10	23	12
	2124	1132	118.687189	16.171853	1.002707e+05	1.461623e+01	1.077631e+05	1.075179e+05	5.769848e+04	5.683554e+04	9.999000e+03	2.047119e+01	2023	10	23	18
	2123	1130	118.546564	15.984353	1.003323e+05	1.510084e+01	1.079212e+05	1.076344e+05	5.777620e+04	5.696486e+04	9.999000e+03	1.684183e+01	2023	10	24	0
	2123	1131	118.546564	16.078103	1.000905e+05	1.558778e+01	1.078168e+05	1.075950e+05	5.767206e+04	5.687421e+04	9.999000e+03	1.602269e+01	2023	10	24	6
	2124	1133	118.687189	16.265602	1.003008e+05	1.634643e+01	1.080213e+05	1.078015e+05	5.786573e+04	5.713661e+04	9.999000e+03	1.961424e+01	2023	10	24	12
	2123	1133	118.546564	16.265602	1.001703e+05	1.648001e+01	1.078866e+05	1.076941e+05	5.776397e+04	5.703870e+04	9.999000e+03	2.401200e+01	2023	10	24	18
	2123	1133	118.546564	16.265602	1.002518e+05	1.875612e+01	1.080366e+05	1.077940e+05	5.786588e+04	5.715421e+04	9.999000e+03	2.261630e+01	2023	10	25	0
	2122	1132	118.405939	16.171853	1.000334e+05	1.795092e+01	1.079153e+05	1.076676e+05	5.771273e+04	5.705268e+04	9.999000e+03	2.112172e+01	2023	10	25	6
	2122	1132	118.405939	16.171853	1.001858e+05	1.996180e+01	1.080555e+05	1.078079e+05	5.790829e+04	5.708989e+04	9.999000e+03	1.658517e+01	2023	10	25	12
	2115	1132	117.421565	16.171853	1.000766e+05	1.930303e+01	1.079159e+05	1.076225e+05	5.775363e+04	5.715888e+04	3.025387e+02	1.580453e+01	2023	10	25	18
	2109	1133	116.577816	16.265602	1.003610e+05	1.859236e+01	1.080134e+05	1.077910e+05	5.787721e+04	5.755811e+04	3.025198e+02	1.636805e+01	2023	10	26	0
	2104	1133	115.874692	16.265602	1.002139e+05	1.951583e+01	1.079521e+05	1.077207e+05	5.774898e+04	5.734397e+04	3.029684e+02	1.470927e+01	2023	10	26	6
	2097	1132	114.890318	16.171853	1.004547e+05	1.821573e+01	1.080924e+05	1.078264e+05	5.789359e+04	5.755378e+04	3.025658e+02	1.380237e+01	2023	10	26	12
	2091	1129	114.046569	15.890603	1.004618e+05	1.748249e+01	1.079676e+05	1.077535e+05	5.783821e+04	5.753170e+04	3.024252e+02	1.631176e+01	2023	10	26	18
	2081	1129	112.640320	15.890603	1.006553e+05	1.773565e+01	1.080044e+05	1.077487e+05	5.793442e+04	5.766208e+04	3.022289e+02	1.316120e+01	2023	10	27	0
	2073	1124	111.515321	15.421854	1.006043e+05	1.629960e+01	1.079540e+05	1.077454e+05	5.785369e+04	5.759507e+04	3.021775e+02	1.329335e+01	2023	10	27	6
	2066	1120	110.530947	15.046854	1.008002e+05	1.595341e+01	1.081053e+05	1.078789e+05	5.799380e+04	5.775793e+04	9.999000e+03	1.620556e+01	2023	10	27	12
	2060	1117	109.687198	14.765604	1.008517e+05	1.490842e+01	1.080410e+05	1.078718e+05	5.798131e+04	5.771071e+04	9.999000e+03	1.992481e+01	2023	10	27	18
start	11	2023	11	10	6
	2321	1125	146.390285	15.515603	1.003819e+05	1.259580e+01	1.079358e+05	1.077438e+05	5.757295e+04	5.721438e+04	3.034031e+02	1.468903e+01	2023	11	10	6
	2315	1128	145.546536	15.796853	1.005936e+05	1.323527e+01	1.081278e+05	1.079513e+05	5.775685e+04	5.737644e+04	3.027842e+02	1.926371e+01	2023	11	10	12
	2307	1135	144.421537	16.453102	1.003849e+05	1.395516e+01	1.079399e+05	1.077078e+05	5.761173e+04	5.715368e+04	3.026427e+02	1.561693e+01	2023	11	10	18
	2300	1134	143.437163	16.359352	1.006125e+05	1.405691e+01	1.081791e+05	1.080041e+05	5.784196e+04	5.749516e+04	3.027320e+02	1.179802e+01	2023	11	11	0
	2294	1135	142.593414	16.453102	1.003739e+05	1.384834e+01	1.080512e+05	1.077674e+05	5.770570e+04	5.731896e+04	3.032657e+02	1.338166e+01	2023	11	11	6
	2287	1138	141.609040	16.734352	1.006527e+05	1.305672e+01	1.082408e+05	1.080319e+05	5.791013e+04	5.757689e+04	3.026547e+02	1.884592e+01	2023	11	11	12
	2279	1138	140.484041	16.734352	1.005133e+05	1.425722e+01	1.081087e+05	1.077911e+05	5.777514e+04	5.740546e+04	3.025125e+02	1.622764e+01	2023	11	11	18
	2272	1143	139.499667	17.203101	1.007490e+05	1.448180e+01	1.083457e+05	1.081272e+05	5.800367e+04	5.764152e+04	3.023753e+02	1.170522e+01	2023	11	12	0
	2264	1143	138.374668	17.203101	1.005094e+05	1.405365e+01	1.081377e+05	1.078702e+05	5.780146e+04	5.751565e+04	3.032089e+02	1.221271e+01	2023	11	12	6
	2255	1145	137.109045	17.390601	1.007486e+05	1.455322e+01	1.083021e+05	1.080556e+05	5.798024e+04	5.774262e+04	3.024207e+02	1.422225e+01	2023	11	12	12
	2248	1144	136.124671	17.296851	1.005632e+05	1.550612e+01	1.081577e+05	1.078009e+05	5.777857e+04	5.748842e+04	3.023661e+02	1.204008e+01	2023	11	12	18
start	26	2023	11	15	12
	1955	1030	94.921589	6.609366	1.006518e+05	1.364988e+01	1.079683e+05	1.077826e+05	5.766025e+04	5.728260e+04	9.999000e+03	2.811345e+01	2023	11	15	12
	1944	1029	93.374715	6.515616	1.007739e+05	1.428025e+01	1.080137e+05	1.078290e+05	5.770121e+04	5.734327e+04	9.999000e+03	2.925938e+01	2023	11	15	18
	1936	1024	92.249716	6.046867	1.005430e+05	1.353816e+01	1.079518e+05	1.076832e+05	5.757365e+04	5.726798e+04	9.999000e+03	3.146191e+01	2023	11	16	0
	1932	1019	91.687217	5.578117	1.005787e+05	1.425101e+01	1.079908e+05	1.077853e+05	5.765627e+04	5.723457e+04	3.026806e+02	3.074184e+01	2023	11	16	6
	1931	1022	91.546592	5.859367	1.005074e+05	1.325626e+01	1.079241e+05	1.076960e+05	5.763980e+04	5.717582e+04	3.025701e+02	2.119955e+01	2023	11	16	12
	1922	1027	90.280968	6.328116	1.005883e+05	1.469952e+01	1.079984e+05	1.078131e+05	5.770229e+04	5.731976e+04	3.025304e+02	2.699668e+01	2023	11	16	18
	1914	1032	89.155970	6.796866	1.004488e+05	1.477750e+01	1.079281e+05	1.077415e+05	5.764782e+04	5.720764e+04	3.023994e+02	2.893997e+01	2023	11	17	0
	1905	1034	87.890346	6.984365	1.005052e+05	1.546166e+01	1.080806e+05	1.078662e+05	5.776509e+04	5.731130e+04	3.024886e+02	2.499117e+01	2023	11	17	6
	1900	1034	87.187222	6.984365	1.004279e+05	1.535972e+01	1.079996e+05	1.077824e+05	5.769720e+04	5.725720e+04	3.025539e+02	2.178303e+01	2023	11	17	12
	1891	1039	85.921598	7.453115	1.005046e+05	1.531987e+01	1.081526e+05	1.078560e+05	5.782934e+04	5.742356e+04	3.023138e+02	3.032605e+01	2023	11	17	18
	1886	1039	85.218474	7.453115	1.003346e+05	1.638313e+01	1.079540e+05	1.077277e+05	5.764165e+04	5.727389e+04	3.022370e+02	3.296676e+01	2023	11	18	0
	1879	1042	84.234100	7.734364	1.004522e+05	1.594701e+01	1.080252e+05	1.078242e+05	5.775107e+04	5.734420e+04	3.022031e+02	2.798526e+01	2023	11	18	6
	1874	1042	83.530975	7.734364	1.001844e+05	1.636364e+01	1.079392e+05	1.077257e+05	5.761564e+04	5.715390e+04	9.999000e+03	2.483115e+01	2023	11	18	12
	1868	1042	82.687226	7.734364	1.003064e+05	1.630641e+01	1.080499e+05	1.078263e+05	5.771637e+04	5.733356e+04	9.999000e+03	3.242133e+01	2023	11	18	18
	1867	1044	82.546601	7.921864	1.001242e+05	1.704666e+01	1.078798e+05	1.076377e+05	5.753391e+04	5.719628e+04	9.999000e+03	3.590669e+01	2023	11	19	0
	1863	1044	81.984102	7.921864	1.002630e+05	1.687508e+01	1.079282e+05	1.077704e+05	5.765504e+04	5.735632e+04	9.999000e+03	3.678758e+01	2023	11	19	6
	1858	1043	81.280978	7.828114	1.000553e+05	1.569884e+01	1.077840e+05	1.075969e+05	5.747015e+04	5.706237e+04	9.999000e+03	3.498278e+01	2023	11	19	12
	1857	1040	81.140353	7.546865	1.000361e+05	1.633363e+01	1.079015e+05	1.076414e+05	5.760819e+04	5.688586e+04	9.999000e+03	2.799243e+01	2023	11	19	18
	1857	1041	81.140353	7.640614	1.003446e+05	1.566414e+01	1.077050e+05	1.074627e+05	5.746882e+04	5.697199e+04	9.999000e+03	1.907326e+01	2023	11	20	0
	1859	1041	81.421603	7.640614	1.006075e+05	1.664806e+01	1.078353e+05	1.076444e+05	5.759566e+04	5.734780e+04	9.999000e+03	2.257319e+01	2023	11	20	6
	1849	1049	80.015354	8.390613	1.003588e+05	1.609592e+01	1.077150e+05	1.075564e+05	5.749427e+04	5.715289e+04	9.999000e+03	2.494483e+01	2023	11	20	12
	1847	1049	79.734104	8.390613	1.005268e+05	1.741241e+01	1.078567e+05	1.077320e+05	5.765788e+04	5.736886e+04	9.999000e+03	2.488972e+01	2023	11	20	18
	1847	1051	79.734104	8.578113	1.004392e+05	1.496456e+01	1.077140e+05	1.075652e+05	5.755601e+04	5.721596e+04	9.999000e+03	2.272113e+01	2023	11	21	0
	1847	1063	79.734104	9.703112	1.006939e+05	1.430097e+01	1.079364e+05	1.077569e+05	5.770911e+04	5.744526e+04	9.999000e+03	2.307780e+01	2023	11	21	6
	1846	1066	79.593479	9.984361	1.005229e+05	1.451461e+01	1.078005e+05	1.075823e+05	5.761079e+04	5.734621e+04	9.999000e+03	2.003641e+01	2023	11	21	12
	1844	1070	79.312230	10.359361	1.008117e+05	1.436891e+01	1.079542e+05	1.077507e+05	5.776012e+04	5.753469e+04	9.999000e+03	1.739600e+01	2023	11	21	18
start	30	2023	12	2	6
	2267	996	138.796543	3.421870	1.003374e+05	1.151100e+01	1.077640e+05	1.075929e+05	5.735466e+04	5.700754e+04	3.036966e+02	2.444776e+01	2023	12	2	6
	2266	998	138.655918	3.609370	1.005685e+05	1.426780e+01	1.079518e+05	1.077197e+05	5.760078e+04	5.718105e+04	3.036556e+02	1.864857e+01	2023	12	2	12
	2266	1003	138.655918	4.078119	1.002713e+05	1.411159e+01	1.076719e+05	1.073944e+05	5.738034e+04	5.691946e+04	3.036249e+02	2.321769e+01	2023	12	2	18
	2267	1010	138.796543	4.734368	1.005316e+05	1.306914e+01	1.079626e+05	1.076161e+05	5.765274e+04	5.725737e+04	3.035909e+02	2.097234e+01	2023	12	3	0
	2267	1017	138.796543	5.390618	1.001787e+05	1.405894e+01	1.077594e+05	1.074327e+05	5.743803e+04	5.708170e+04	3.036450e+02	1.560691e+01	2023	12	3	6
	2265	1022	138.515293	5.859367	1.004758e+05	1.370735e+01	1.079737e+05	1.076841e+05	5.767539e+04	5.736808e+04	3.035685e+02	2.125886e+01	2023	12	3	12
	2264	1027	138.374668	6.328116	1.000892e+05	1.494382e+01	1.077035e+05	1.074527e+05	5.738799e+04	5.710152e+04	3.035055e+02	2.039375e+01	2023	12	3	18
	2263	1029	138.234043	6.515616	1.003774e+05	1.378061e+01	1.080277e+05	1.077997e+05	5.765275e+04	5.737404e+04	3.035348e+02	1.614893e+01	2023	12	4	0
	2260	1034	137.812169	6.984365	1.000415e+05	1.344761e+01	1.078021e+05	1.076485e+05	5.739529e+04	5.713952e+04	3.034826e+02	1.625828e+01	2023	12	4	6
	2258	1037	137.530919	7.265615	1.003778e+05	1.376132e+01	1.080996e+05	1.078957e+05	5.769305e+04	5.743463e+04	3.033546e+02	1.959722e+01	2023	12	4	12
	2256	1042	137.249669	7.734364	1.000688e+05	1.319792e+01	1.078415e+05	1.076673e+05	5.741605e+04	5.720840e+04	3.032736e+02	2.573855e+01	2023	12	4	18
	2253	1048	136.827795	8.296863	1.003216e+05	1.540888e+01	1.081220e+05	1.079513e+05	5.766508e+04	5.739677e+04	3.031223e+02	3.005614e+01	2023	12	5	0
	2250	1049	136.405920	8.390613	9.995634e+04	1.507434e+01	1.078980e+05	1.077267e+05	5.742086e+04	5.709566e+04	3.031670e+02	2.730089e+01	2023	12	5	6
	2247	1054	135.984046	8.859363	1.001863e+05	1.710556e+01	1.081180e+05	1.079108e+05	5.762577e+04	5.730665e+04	3.031034e+02	3.012367e+01	2023	12	5	12
	2245	1054	135.702796	8.859363	9.986850e+04	1.648442e+01	1.078598e+05	1.076531e+05	5.736923e+04	5.702172e+04	3.030596e+02	3.052176e+01	2023	12	5	18
	2240	1054	134.999672	8.859363	1.001180e+05	1.634969e+01	1.081311e+05	1.078949e+05	5.761389e+04	5.722021e+04	3.030397e+02	3.577065e+01	2023	12	6	0
	2236	1054	134.437172	8.859363	9.975368e+04	1.516588e+01	1.078769e+05	1.075422e+05	5.732385e+04	5.687025e+04	3.030359e+02	3.262235e+01	2023	12	6	6
	2235	1061	134.296547	9.515612	9.999192e+04	1.507358e+01	1.081170e+05	1.077590e+05	5.761567e+04	5.696190e+04	3.028397e+02	3.190553e+01	2023	12	6	12
	2231	1068	133.734048	10.171861	9.964362e+04	1.482837e+01	1.078736e+05	1.074577e+05	5.738588e+04	5.656454e+04	3.027325e+02	3.417633e+01	2023	12	6	18
	2227	1078	133.171549	11.109360	9.978814e+04	1.691879e+01	1.081373e+05	1.076769e+05	5.764193e+04	5.669387e+04	3.025042e+02	4.331721e+01	2023	12	7	0
	2224	1085	132.749674	11.765609	9.939391e+04	1.772467e+01	1.078698e+05	1.073570e+05	5.739384e+04	5.636690e+04	3.024852e+02	3.645767e+01	2023	12	7	6
	2220	1094	132.187175	12.609357	9.956009e+04	1.815536e+01	1.081541e+05	1.075914e+05	5.764928e+04	5.660859e+04	3.024128e+02	3.276332e+01	2023	12	7	12
	2220	1104	132.187175	13.546856	9.924052e+04	1.860708e+01	1.079284e+05	1.074749e+05	5.748371e+04	5.639626e+04	3.023116e+02	3.636760e+01	2023	12	7	18
	2219	1113	132.046550	14.390605	9.946052e+04	2.082053e+01	1.082167e+05	1.076826e+05	5.777368e+04	5.668287e+04	3.021999e+02	3.818768e+01	2023	12	8	0
	2222	1123	132.468424	15.328104	9.924436e+04	1.878041e+01	1.080158e+05	1.074896e+05	5.752568e+04	5.654461e+04	3.021171e+02	4.002389e+01	2023	12	8	6
	2227	1130	133.171549	15.984353	9.952797e+04	2.081644e+01	1.082689e+05	1.075868e+05	5.777411e+04	5.684353e+04	3.020772e+02	3.609478e+01	2023	12	8	12
	2235	1135	134.296547	16.453102	9.941281e+04	2.514426e+01	1.079963e+05	1.072312e+05	5.763999e+04	5.676121e+04	3.020527e+02	3.059464e+01	2023	12	8	18
	2242	1140	135.280921	16.921851	9.975159e+04	2.631947e+01	1.082963e+05	1.073127e+05	5.789133e+04	5.728364e+04	3.019674e+02	2.038615e+01	2023	12	9	0
	2250	1140	136.405920	16.921851	9.980837e+04	2.517792e+01	1.080734e+05	1.073835e+05	5.765765e+04	5.713772e+04	3.018808e+02	1.863514e+01	2023	12	9	6
	2254	1140	136.968420	16.921851	1.002970e+05	2.331290e+01	1.082796e+05	1.076054e+05	5.783160e+04	5.732827e+04	3.018281e+02	1.472686e+01	2023	12	9	12
start	15	2023	12	18	12
	2163	1051	124.171558	8.578113	1.007078e+05	1.396323e+01	1.080021e+05	1.078637e+05	5.780718e+04	5.741688e+04	9.999000e+03	1.414716e+01	2023	12	18	12
	2156	1051	123.187184	8.578113	1.005041e+05	1.560768e+01	1.078798e+05	1.077077e+05	5.763866e+04	5.725580e+04	9.999000e+03	1.558474e+01	2023	12	18	18
	2151	1050	122.484060	8.484363	1.007194e+05	1.387648e+01	1.079811e+05	1.078416e+05	5.781417e+04	5.733006e+04	9.999000e+03	1.727356e+01	2023	12	19	0
	2141	1051	121.077811	8.578113	1.004914e+05	1.265503e+01	1.077685e+05	1.075435e+05	5.759048e+04	5.712437e+04	9.999000e+03	1.455058e+01	2023	12	19	6
	2133	1054	119.952812	8.859363	1.006334e+05	1.409940e+01	1.079645e+05	1.077952e+05	5.776685e+04	5.731539e+04	9.999000e+03	1.231878e+01	2023	12	19	12
	2127	1054	119.109063	8.859363	1.004965e+05	1.413029e+01	1.078015e+05	1.076208e+05	5.759788e+04	5.719054e+04	9.999000e+03	1.473480e+01	2023	12	19	18
	2117	1061	117.702815	9.515612	1.007259e+05	1.313865e+01	1.079138e+05	1.077748e+05	5.780100e+04	5.732647e+04	9.999000e+03	1.286544e+01	2023	12	20	0
	2107	1063	116.296566	9.703112	1.005278e+05	1.216166e+01	1.078269e+05	1.076519e+05	5.759763e+04	5.719931e+04	9.999000e+03	1.270782e+01	2023	12	20	6
	2101	1063	115.452817	9.703112	1.006217e+05	1.277619e+01	1.079475e+05	1.077481e+05	5.773761e+04	5.727976e+04	3.025336e+02	1.455601e+01	2023	12	20	12
	2093	1068	114.327818	10.171861	1.004456e+05	1.420505e+01	1.078606e+05	1.076469e+05	5.763488e+04	5.708537e+04	3.023434e+02	2.066113e+01	2023	12	20	18
	2085	1070	113.202819	10.359361	1.005407e+05	1.568430e+01	1.079504e+05	1.076005e+05	5.772088e+04	5.709564e+04	3.018159e+02	1.400554e+01	2023	12	21	0
	2076	1073	111.937196	10.640610	1.004992e+05	1.539029e+01	1.078207e+05	1.074488e+05	5.765488e+04	5.704248e+04	3.014958e+02	1.044904e+01	2023	12	21	6
	2069	1072	110.952822	10.546860	1.006427e+05	1.620275e+01	1.080079e+05	1.076379e+05	5.781664e+04	5.716788e+04	3.016414e+02	1.016880e+01	2023	12	21	12
	2061	1067	109.827823	10.078111	1.007018e+05	1.642134e+01	1.078955e+05	1.076290e+05	5.770459e+04	5.730874e+04	9.999000e+03	1.191701e+01	2023	12	21	18
	2056	1067	109.124699	10.078111	1.007531e+05	1.742835e+01	1.078309e+05	1.076860e+05	5.773888e+04	5.734523e+04	9.999000e+03	5.111652e+00	2023	12	22	0
start	33	2023	12	22	12
	2377	864	154.265277	-8.953113	1.005513e+05	1.219403e+01	1.081715e+05	1.079309e+05	5.776039e+04	5.730875e+04	9.999000e+03	2.912590e+01	2023	12	22	12
	2376	869	154.124652	-8.484363	1.002308e+05	1.227970e+01	1.078687e+05	1.076938e+05	5.745134e+04	5.712472e+04	9.999000e+03	3.122366e+01	2023	12	22	18
	2380	868	154.687151	-8.578113	1.004439e+05	1.213217e+01	1.080785e+05	1.079645e+05	5.769079e+04	5.727057e+04	9.999000e+03	3.135038e+01	2023	12	23	0
	2379	866	154.546526	-8.765613	1.000830e+05	1.323385e+01	1.078868e+05	1.075879e+05	5.737441e+04	5.691504e+04	9.999000e+03	2.424487e+01	2023	12	23	6
	2380	873	154.687151	-8.109364	1.003432e+05	1.393305e+01	1.080674e+05	1.076887e+05	5.759912e+04	5.708565e+04	9.999000e+03	2.852820e+01	2023	12	23	12
	2383	876	155.109026	-7.828114	1.000420e+05	1.405055e+01	1.077820e+05	1.074920e+05	5.737282e+04	5.691355e+04	9.999000e+03	3.456087e+01	2023	12	23	18
	2387	872	155.671525	-8.203114	1.003289e+05	1.320334e+01	1.081053e+05	1.078361e+05	5.756647e+04	5.713665e+04	9.999000e+03	3.040942e+01	2023	12	24	0
	2396	870	156.937149	-8.390613	9.995677e+04	1.561260e+01	1.078775e+05	1.075838e+05	5.730616e+04	5.687136e+04	9.999000e+03	2.780799e+01	2023	12	24	6
	2400	878	157.499648	-7.640614	1.001932e+05	1.453351e+01	1.080746e+05	1.077854e+05	5.753256e+04	5.707149e+04	9.999000e+03	3.107856e+01	2023	12	24	12
	2407	873	158.484022	-8.109364	9.972289e+04	1.840639e+01	1.077698e+05	1.074709e+05	5.728011e+04	5.679678e+04	9.999000e+03	3.111664e+01	2023	12	24	18
	2414	874	159.468396	-8.015614	9.972330e+04	1.833429e+01	1.080009e+05	1.077310e+05	5.747262e+04	5.696117e+04	9.999000e+03	2.473553e+01	2023	12	25	0
	2421	874	160.452770	-8.015614	9.950152e+04	1.715308e+01	1.078733e+05	1.075784e+05	5.728688e+04	5.689471e+04	9.999000e+03	2.844876e+01	2023	12	25	6
	2427	872	161.296519	-8.203114	9.968859e+04	1.752480e+01	1.080667e+05	1.077766e+05	5.752051e+04	5.700630e+04	9.999000e+03	3.462785e+01	2023	12	25	12
	2434	870	162.280893	-8.390613	9.932188e+04	1.978309e+01	1.078944e+05	1.075646e+05	5.732947e+04	5.688213e+04	9.999000e+03	2.340740e+01	2023	12	25	18
	2441	868	163.265267	-8.578113	9.967890e+04	1.736908e+01	1.080217e+05	1.078159e+05	5.749177e+04	5.714721e+04	3.035613e+02	2.494680e+01	2023	12	26	0
	2444	866	163.687142	-8.765613	9.937637e+04	1.862809e+01	1.079263e+05	1.076119e+05	5.728240e+04	5.692495e+04	3.034942e+02	3.548540e+01	2023	12	26	6
	2451	866	164.671516	-8.765613	9.945324e+04	2.046041e+01	1.081063e+05	1.077783e+05	5.748118e+04	5.692502e+04	3.033381e+02	3.578289e+01	2023	12	26	12
	2456	867	165.374640	-8.671863	9.926025e+04	1.900791e+01	1.079001e+05	1.075946e+05	5.729582e+04	5.687703e+04	3.031135e+02	1.646529e+01	2023	12	26	18
	2462	869	166.218389	-8.484363	9.959083e+04	1.643227e+01	1.081038e+05	1.078287e+05	5.747743e+04	5.717389e+04	3.032696e+02	1.891721e+01	2023	12	27	0
	2466	871	166.780889	-8.296863	9.934248e+04	1.673236e+01	1.080390e+05	1.076532e+05	5.738059e+04	5.698636e+04	3.033171e+02	3.083428e+01	2023	12	27	6
	2469	871	167.202763	-8.296863	9.937529e+04	1.931079e+01	1.081516e+05	1.078096e+05	5.755077e+04	5.699298e+04	3.033602e+02	3.038410e+01	2023	12	27	12
	2474	868	167.905887	-8.578113	9.929533e+04	1.597587e+01	1.079727e+05	1.076093e+05	5.734576e+04	5.682851e+04	3.033778e+02	2.892448e+01	2023	12	27	18
	2474	866	167.905887	-8.765613	9.940120e+04	1.731179e+01	1.080999e+05	1.077394e+05	5.750669e+04	5.689347e+04	3.032865e+02	2.995201e+01	2023	12	28	0
	2476	856	168.187137	-9.703112	9.927369e+04	1.792140e+01	1.080616e+05	1.075883e+05	5.745106e+04	5.658698e+04	3.028946e+02	2.955993e+01	2023	12	28	6
	2476	844	168.187137	-10.828110	9.934622e+04	2.097499e+01	1.081967e+05	1.076023e+05	5.760111e+04	5.663106e+04	3.026226e+02	3.523227e+01	2023	12	28	12
	2472	827	167.624638	-12.421858	9.908638e+04	2.164260e+01	1.080624e+05	1.073116e+05	5.746541e+04	5.643468e+04	3.021559e+02	3.460196e+01	2023	12	28	18
	2467	813	166.921513	-13.734356	9.916514e+04	2.170104e+01	1.081532e+05	1.074184e+05	5.756563e+04	5.634382e+04	9.999000e+03	3.018484e+01	2023	12	29	0
	2462	798	166.218389	-15.140604	9.928643e+04	1.974441e+01	1.080598e+05	1.073752e+05	5.745726e+04	5.630469e+04	9.999000e+03	2.869557e+01	2023	12	29	6
	2457	789	165.515265	-15.984353	9.945396e+04	1.938125e+01	1.081662e+05	1.076091e+05	5.766157e+04	5.648897e+04	9.999000e+03	2.810991e+01	2023	12	29	12
	2455	777	165.234015	-17.109351	9.925318e+04	2.050484e+01	1.079681e+05	1.075005e+05	5.754590e+04	5.640325e+04	3.013120e+02	2.519318e+01	2023	12	29	18
	2454	767	165.093390	-18.046850	9.965269e+04	1.843087e+01	1.081534e+05	1.077184e+05	5.769218e+04	5.683441e+04	3.010526e+02	2.633845e+01	2023	12	30	0
	2452	758	164.812141	-18.890599	9.968255e+04	1.773727e+01	1.080241e+05	1.074638e+05	5.758886e+04	5.705630e+04	9.999000e+03	2.347247e+01	2023	12	30	6
	2452	753	164.812141	-19.359348	1.001447e+05	1.734145e+01	1.082256e+05	1.075241e+05	5.781465e+04	5.730862e+04	9.999000e+03	1.781805e+01	2023	12	30	12
start	19	2023	12	30	12
	2328	1087	147.374659	11.953108	1.004598e+05	1.768961e+01	1.081991e+05	1.078806e+05	5.788060e+04	5.743330e+04	3.020494e+02	3.030963e+01	2023	12	30	12
	2312	1079	145.124661	11.203109	1.001867e+05	1.747256e+01	1.079554e+05	1.076246e+05	5.759838e+04	5.724668e+04	3.021798e+02	2.576830e+01	2023	12	30	18
	2303	1072	143.859038	10.546860	1.003916e+05	1.431053e+01	1.082594e+05	1.079079e+05	5.773773e+04	5.740275e+04	3.023681e+02	2.686084e+01	2023	12	31	0
	2285	1072	141.327790	10.546860	1.000875e+05	1.692627e+01	1.079610e+05	1.076886e+05	5.748426e+04	5.701209e+04	3.024271e+02	2.531461e+01	2023	12	31	6
	2282	1080	140.905916	11.296859	1.002505e+05	1.499019e+01	1.081820e+05	1.078844e+05	5.772489e+04	5.734066e+04	3.020829e+02	2.972923e+01	2023	12	31	12
	2270	1087	139.218417	11.953108	1.000125e+05	1.615801e+01	1.079705e+05	1.076663e+05	5.747820e+04	5.700834e+04	3.020486e+02	3.315930e+01	2023	12	31	18
	2257	1094	137.390294	12.609357	1.002095e+05	1.753394e+01	1.081527e+05	1.079198e+05	5.769212e+04	5.717632e+04	3.020344e+02	2.950433e+01	2024	1	1	0
	2246	1094	135.843421	12.609357	9.988449e+04	1.833491e+01	1.078715e+05	1.075453e+05	5.742524e+04	5.684959e+04	3.021240e+02	2.984431e+01	2024	1	1	6
	2244	1104	135.562171	13.546856	1.000687e+05	1.893476e+01	1.080408e+05	1.076819e+05	5.767695e+04	5.699315e+04	3.016684e+02	3.261361e+01	2024	1	1	12
	2234	1121	134.155923	15.140604	9.972854e+04	1.933135e+01	1.077766e+05	1.074485e+05	5.744289e+04	5.670038e+04	3.013735e+02	3.421937e+01	2024	1	1	18
	2226	1121	133.030924	15.140604	9.991623e+04	1.728472e+01	1.080328e+05	1.076397e+05	5.762623e+04	5.686739e+04	3.013107e+02	3.112516e+01	2024	1	2	0
	2225	1128	132.890299	15.796853	9.963170e+04	1.719319e+01	1.078190e+05	1.073763e+05	5.738426e+04	5.669549e+04	3.012195e+02	2.734705e+01	2024	1	2	6
	2226	1137	133.030924	16.640602	9.987430e+04	1.757644e+01	1.079602e+05	1.074216e+05	5.760234e+04	5.693256e+04	3.010452e+02	2.434862e+01	2024	1	2	12
	2226	1147	133.030924	17.578101	9.976198e+04	1.815752e+01	1.077613e+05	1.070815e+05	5.738927e+04	5.689473e+04	3.006024e+02	2.366403e+01	2024	1	2	18
	2231	1168	133.734048	19.546848	1.000059e+05	1.971930e+01	1.079837e+05	1.067847e+05	5.762686e+04	5.697744e+04	2.998259e+02	3.071631e+01	2024	1	3	0
	2238	1179	134.718422	20.578096	9.959077e+04	1.896946e+01	1.077333e+05	1.063072e+05	5.739075e+04	5.660692e+04	2.996548e+02	3.293548e+01	2024	1	3	6
	2248	1179	136.124671	20.578096	9.986619e+04	2.182607e+01	1.079680e+05	1.064387e+05	5.757266e+04	5.663012e+04	2.996909e+02	3.099303e+01	2024	1	3	12
	2266	1192	138.655918	21.796845	9.990245e+04	2.271687e+01	1.076796e+05	1.059275e+05	5.744266e+04	5.621250e+04	2.996116e+02	2.837789e+01	2024	1	3	18
	2283	1207	141.046540	23.203093	1.003075e+05	1.994572e+01	1.078871e+05	1.053482e+05	5.763096e+04	5.603634e+04	2.991313e+02	2.618464e+01	2024	1	4	0
start	28	2024	1	13	6
	1671	835	54.984130	-11.671859	1.006722e+05	1.063517e+01	1.080208e+05	1.078762e+05	5.768254e+04	5.738685e+04	3.028141e+02	3.408888e+01	2024	1	13	6
	1667	836	54.421631	-11.578109	1.002886e+05	1.198650e+01	1.078430e+05	1.075996e+05	5.745096e+04	5.709382e+04	3.034052e+02	3.627683e+01	2024	1	13	12
	1667	837	54.421631	-11.484359	1.005186e+05	1.065994e+01	1.080326e+05	1.078296e+05	5.761512e+04	5.723870e+04	3.028385e+02	3.857215e+01	2024	1	13	18
	1667	837	54.421631	-11.484359	1.001741e+05	1.218792e+01	1.077735e+05	1.075774e+05	5.738730e+04	5.698090e+04	3.027701e+02	3.872310e+01	2024	1	14	0
	1671	837	54.984130	-11.484359	1.003342e+05	1.478085e+01	1.079516e+05	1.077224e+05	5.761914e+04	5.716675e+04	3.027451e+02	3.749952e+01	2024	1	14	6
	1671	827	54.984130	-12.421858	9.993296e+04	1.481324e+01	1.077444e+05	1.075342e+05	5.734127e+04	5.685662e+04	3.028411e+02	4.044574e+01	2024	1	14	12
	1674	827	55.406005	-12.421858	1.001010e+05	1.663166e+01	1.079970e+05	1.076736e+05	5.760284e+04	5.704047e+04	3.025256e+02	4.205929e+01	2024	1	14	18
	1675	820	55.546630	-13.078107	9.976124e+04	1.620606e+01	1.076863e+05	1.073973e+05	5.739536e+04	5.677501e+04	3.024633e+02	2.960736e+01	2024	1	15	0
	1676	815	55.687254	-13.546856	9.990958e+04	1.615458e+01	1.078781e+05	1.076675e+05	5.764095e+04	5.692253e+04	3.024264e+02	2.874712e+01	2024	1	15	6
	1678	810	55.968504	-14.015606	9.951694e+04	1.700785e+01	1.076816e+05	1.074177e+05	5.738155e+04	5.661070e+04	3.024554e+02	3.402087e+01	2024	1	15	12
	1681	808	56.390379	-14.203105	9.967712e+04	1.994790e+01	1.079107e+05	1.075148e+05	5.762574e+04	5.667705e+04	3.023126e+02	3.711230e+01	2024	1	15	18
	1683	808	56.671628	-14.203105	9.921021e+04	2.040042e+01	1.076384e+05	1.070528e+05	5.737088e+04	5.620178e+04	3.021846e+02	3.065712e+01	2024	1	16	0
	1685	808	56.952878	-14.203105	9.930444e+04	1.943748e+01	1.078683e+05	1.071896e+05	5.758439e+04	5.630483e+04	3.020771e+02	2.901867e+01	2024	1	16	6
	1690	806	57.656002	-14.390605	9.893289e+04	1.938583e+01	1.076256e+05	1.070353e+05	5.736157e+04	5.601986e+04	3.019065e+02	3.908207e+01	2024	1	16	12
	1695	803	58.359127	-14.671855	9.908883e+04	1.997550e+01	1.078676e+05	1.072188e+05	5.763033e+04	5.621787e+04	3.018129e+02	4.628947e+01	2024	1	16	18
	1699	798	58.921626	-15.140604	9.866317e+04	2.174167e+01	1.075910e+05	1.069140e+05	5.731301e+04	5.586760e+04	3.016807e+02	3.463918e+01	2024	1	17	0
	1706	794	59.906000	-15.515603	9.872949e+04	2.276279e+01	1.078155e+05	1.070437e+05	5.757572e+04	5.592721e+04	3.015031e+02	3.386799e+01	2024	1	17	6
	1715	784	61.171624	-16.453102	9.813743e+04	2.660844e+01	1.075569e+05	1.065748e+05	5.728598e+04	5.528135e+04	3.015491e+02	3.426180e+01	2024	1	17	12
	1722	782	62.155998	-16.640602	9.843762e+04	2.722199e+01	1.078846e+05	1.069790e+05	5.753515e+04	5.590293e+04	3.016803e+02	2.802179e+01	2024	1	17	18
	1728	775	62.999747	-17.296851	9.834705e+04	2.700611e+01	1.076128e+05	1.067255e+05	5.730189e+04	5.597243e+04	3.013407e+02	1.823079e+01	2024	1	18	0
	1735	765	63.984121	-18.234350	9.886932e+04	2.243315e+01	1.078267e+05	1.070176e+05	5.753892e+04	5.639401e+04	3.012286e+02	1.776161e+01	2024	1	18	6
	1738	753	64.405995	-19.359348	9.839065e+04	2.306713e+01	1.076881e+05	1.068522e+05	5.733401e+04	5.611953e+04	3.010767e+02	2.157827e+01	2024	1	18	12
	1743	746	65.109120	-20.015597	9.865648e+04	2.232957e+01	1.078087e+05	1.071465e+05	5.743497e+04	5.621655e+04	3.009327e+02	1.292336e+01	2024	1	18	18
	1745	736	65.390369	-20.953096	9.851546e+04	2.097644e+01	1.076245e+05	1.069032e+05	5.718588e+04	5.609540e+04	3.005695e+02	7.648102e+00	2024	1	19	0
	1745	729	65.390369	-21.609345	9.894247e+04	1.957603e+01	1.079663e+05	1.070604e+05	5.738870e+04	5.656265e+04	3.004960e+02	8.778687e+00	2024	1	19	6
	1745	719	65.390369	-22.546844	9.894348e+04	1.931982e+01	1.079121e+05	1.068824e+05	5.721034e+04	5.660298e+04	3.005069e+02	1.107047e+01	2024	1	19	12
	1744	715	65.249744	-22.921843	9.933101e+04	1.958111e+01	1.080930e+05	1.069461e+05	5.745426e+04	5.689932e+04	3.002094e+02	6.950787e+00	2024	1	19	18
	1746	705	65.530994	-23.859342	9.929341e+04	1.813632e+01	1.078662e+05	1.065781e+05	5.724353e+04	5.672516e+04	2.998761e+02	3.391876e+00	2024	1	20	0
start	29	2024	1	27	18
	2390	821	156.093400	-12.984357	1.002605e+05	1.145757e+01	1.081009e+05	1.078639e+05	5.745816e+04	5.712538e+04	3.032614e+02	2.049681e+01	2024	1	27	18
	2393	826	156.515274	-12.515608	1.004824e+05	1.305733e+01	1.083450e+05	1.081536e+05	5.766929e+04	5.739968e+04	3.032414e+02	2.460724e+01	2024	1	28	0
	2389	818	155.952775	-13.265607	1.001015e+05	1.453305e+01	1.080947e+05	1.079180e+05	5.748693e+04	5.714195e+04	3.032141e+02	2.835064e+01	2024	1	28	6
	2382	821	154.968401	-12.984357	1.003245e+05	1.467579e+01	1.083666e+05	1.081798e+05	5.768746e+04	5.728953e+04	9.999000e+03	3.246187e+01	2024	1	28	12
	2385	830	155.390275	-12.140608	9.996991e+04	1.457664e+01	1.081227e+05	1.078014e+05	5.738193e+04	5.701861e+04	9.999000e+03	2.806859e+01	2024	1	28	18
	2393	827	156.515274	-12.421858	1.002407e+05	1.288773e+01	1.083439e+05	1.080811e+05	5.768877e+04	5.724493e+04	3.033008e+02	3.030633e+01	2024	1	29	0
	2393	822	156.515274	-12.890607	9.992844e+04	1.366608e+01	1.081624e+05	1.078835e+05	5.744327e+04	5.705841e+04	3.039576e+02	3.246458e+01	2024	1	29	6
	2385	820	155.390275	-13.078107	1.001363e+05	1.547527e+01	1.083847e+05	1.081173e+05	5.769122e+04	5.727445e+04	3.032117e+02	3.294970e+01	2024	1	29	12
	2382	831	154.968401	-12.046858	9.978892e+04	1.553040e+01	1.080701e+05	1.077957e+05	5.733119e+04	5.703145e+04	9.999000e+03	3.112531e+01	2024	1	29	18
	2388	830	155.812150	-12.140608	9.998228e+04	1.701778e+01	1.083034e+05	1.080160e+05	5.755754e+04	5.723245e+04	3.033596e+02	3.213001e+01	2024	1	30	0
	2388	823	155.812150	-12.796857	9.968648e+04	1.763415e+01	1.081719e+05	1.078684e+05	5.738844e+04	5.698651e+04	3.040918e+02	3.447017e+01	2024	1	30	6
	2395	822	156.796524	-12.890607	9.994481e+04	1.793537e+01	1.084268e+05	1.080538e+05	5.764640e+04	5.717952e+04	3.032000e+02	3.038471e+01	2024	1	30	12
	2401	810	157.640273	-14.015606	9.969652e+04	2.035981e+01	1.081929e+05	1.077970e+05	5.747138e+04	5.697100e+04	3.026409e+02	2.081525e+01	2024	1	30	18
	2400	799	157.499648	-15.046854	9.997599e+04	1.580454e+01	1.083992e+05	1.080846e+05	5.768009e+04	5.726797e+04	3.024454e+02	1.718158e+01	2024	1	31	0
	2397	782	157.077774	-16.640602	9.972170e+04	1.635918e+01	1.083010e+05	1.079833e+05	5.757262e+04	5.704041e+04	3.019176e+02	2.865773e+01	2024	1	31	6
	2387	779	155.671525	-16.921851	9.995683e+04	1.667889e+01	1.084519e+05	1.082064e+05	5.770828e+04	5.723836e+04	3.019082e+02	2.720701e+01	2024	1	31	12
	2380	774	154.687151	-17.390601	9.961653e+04	1.711033e+01	1.081671e+05	1.079327e+05	5.741859e+04	5.691512e+04	3.018527e+02	2.262958e+01	2024	1	31	18
	2371	767	153.421528	-18.046850	9.982172e+04	1.733219e+01	1.083387e+05	1.080690e+05	5.759661e+04	5.709185e+04	3.017303e+02	2.319833e+01	2024	2	1	0
	2365	767	152.577778	-18.046850	9.959639e+04	1.620273e+01	1.081473e+05	1.078656e+05	5.736341e+04	5.687298e+04	3.016522e+02	2.254466e+01	2024	2	1	6
	2369	768	153.140278	-17.953100	9.986984e+04	1.467726e+01	1.084124e+05	1.080119e+05	5.769299e+04	5.713778e+04	3.016922e+02	1.937874e+01	2024	2	1	12
	2375	763	153.984027	-18.421849	9.952349e+04	1.618618e+01	1.081416e+05	1.076981e+05	5.743936e+04	5.688690e+04	3.013873e+02	1.902545e+01	2024	2	1	18
	2378	753	154.405902	-19.359348	9.976779e+04	1.742309e+01	1.084281e+05	1.077700e+05	5.765501e+04	5.711971e+04	3.008881e+02	1.853781e+01	2024	2	2	0
	2383	746	155.109026	-20.015597	9.950353e+04	1.748953e+01	1.082579e+05	1.076222e+05	5.746912e+04	5.692342e+04	3.011862e+02	1.830693e+01	2024	2	2	6
	2386	743	155.530900	-20.296847	9.987309e+04	1.757622e+01	1.085029e+05	1.077664e+05	5.775648e+04	5.723681e+04	3.009263e+02	1.430095e+01	2024	2	2	12
	2393	738	156.515274	-20.765596	9.975240e+04	1.693022e+01	1.083052e+05	1.074782e+05	5.757359e+04	5.703783e+04	3.009396e+02	1.396073e+01	2024	2	2	18
	2397	736	157.077774	-20.953096	1.000105e+05	1.837316e+01	1.086031e+05	1.076461e+05	5.784905e+04	5.718188e+04	3.009909e+02	5.883276e+00	2024	2	3	0
	2406	735	158.343397	-21.046846	9.983394e+04	1.860835e+01	1.084038e+05	1.074535e+05	5.769333e+04	5.707955e+04	3.011483e+02	4.747435e+00	2024	2	3	6
	2417	722	159.890271	-22.265594	1.000909e+05	1.951689e+01	1.086641e+05	1.073636e+05	5.790153e+04	5.725949e+04	3.003536e+02	1.219963e+01	2024	2	3	12
	2417	730	159.890271	-21.515595	9.994844e+04	1.768334e+01	1.084073e+05	1.072294e+05	5.775363e+04	5.712217e+04	3.005609e+02	4.836449e+00	2024	2	3	18
start	62	2024	1	29	0
	2261	835	137.952794	-11.671859	1.004449e+05	1.242538e+01	1.081556e+05	1.078830e+05	5.763218e+04	5.720027e+04	9.999000e+03	2.388966e+01	2024	1	29	0
	2267	850	138.796543	-10.265611	1.000564e+05	1.509148e+01	1.079959e+05	1.076259e+05	5.736468e+04	5.693433e+04	9.999000e+03	2.680683e+01	2024	1	29	6
	2266	842	138.655918	-11.015610	1.002669e+05	1.495440e+01	1.082124e+05	1.079401e+05	5.760348e+04	5.719962e+04	3.045274e+02	3.021165e+01	2024	1	29	12
	2267	834	138.796543	-11.765609	9.993158e+04	1.683471e+01	1.079406e+05	1.076630e+05	5.737664e+04	5.690823e+04	9.999000e+03	3.044544e+01	2024	1	29	18
	2274	838	139.780917	-11.390609	1.001356e+05	1.691594e+01	1.081502e+05	1.078365e+05	5.758273e+04	5.718052e+04	3.040609e+02	2.461645e+01	2024	1	30	0
	2271	838	139.359042	-11.390609	9.975575e+04	1.705132e+01	1.080154e+05	1.077043e+05	5.742315e+04	5.703323e+04	3.044621e+02	2.407941e+01	2024	1	30	6
	2274	834	139.780917	-11.765609	9.992218e+04	1.794354e+01	1.083151e+05	1.079559e+05	5.763643e+04	5.709750e+04	3.040979e+02	2.966793e+01	2024	1	30	12
	2269	832	139.077792	-11.953108	9.968940e+04	1.804116e+01	1.080423e+05	1.077260e+05	5.742200e+04	5.688941e+04	3.040608e+02	2.720900e+01	2024	1	30	18
	2272	833	139.499667	-11.859359	9.993712e+04	1.879861e+01	1.082536e+05	1.079861e+05	5.766542e+04	5.705258e+04	3.040426e+02	2.466117e+01	2024	1	31	0
	2269	832	139.077792	-11.953108	9.950883e+04	1.965108e+01	1.081301e+05	1.078397e+05	5.745346e+04	5.693195e+04	3.042440e+02	2.271619e+01	2024	1	31	6
	2274	833	139.780917	-11.859359	9.983873e+04	1.721524e+01	1.083310e+05	1.080358e+05	5.766763e+04	5.727400e+04	3.040612e+02	2.496124e+01	2024	1	31	12
	2269	832	139.077792	-11.953108	9.952108e+04	1.842860e+01	1.080905e+05	1.078021e+05	5.744117e+04	5.696026e+04	3.040264e+02	2.824354e+01	2024	1	31	18
	2271	832	139.359042	-11.953108	9.969692e+04	2.056283e+01	1.082828e+05	1.080283e+05	5.764255e+04	5.720529e+04	3.040101e+02	2.369799e+01	2024	2	1	0
	2270	829	139.218417	-12.234358	9.937666e+04	2.032147e+01	1.081282e+05	1.079056e+05	5.746396e+04	5.695321e+04	3.042065e+02	2.124854e+01	2024	2	1	6
	2269	827	139.077792	-12.421858	9.955427e+04	1.924362e+01	1.083326e+05	1.081074e+05	5.770888e+04	5.712953e+04	3.040348e+02	2.695903e+01	2024	2	1	12
	2269	825	139.077792	-12.609357	9.898574e+04	2.186287e+01	1.080518e+05	1.078325e+05	5.744873e+04	5.672552e+04	3.039783e+02	3.162952e+01	2024	2	1	18
	2269	822	139.077792	-12.890607	9.879738e+04	2.270033e+01	1.083223e+05	1.078293e+05	5.768198e+04	5.652690e+04	3.039091e+02	3.279954e+01	2024	2	2	0
	2269	818	139.077792	-13.265607	9.822731e+04	2.329953e+01	1.080991e+05	1.075451e+05	5.743172e+04	5.625705e+04	3.039017e+02	2.373397e+01	2024	2	2	6
	2269	815	139.077792	-13.546856	9.861671e+04	2.367078e+01	1.083817e+05	1.078526e+05	5.774566e+04	5.654685e+04	3.038522e+02	3.387901e+01	2024	2	2	12
	2270	812	139.218417	-13.828106	9.818564e+04	2.576026e+01	1.081542e+05	1.076928e+05	5.746818e+04	5.619639e+04	3.037872e+02	3.082641e+01	2024	2	2	18
	2271	808	139.359042	-14.203105	9.798023e+04	2.933932e+01	1.084152e+05	1.075849e+05	5.769889e+04	5.596584e+04	3.039079e+02	3.747980e+01	2024	2	3	0
	2270	803	139.218417	-14.671855	9.771477e+04	2.668253e+01	1.082792e+05	1.075772e+05	5.751007e+04	5.586191e+04	9.999000e+03	2.851271e+01	2024	2	3	6
	2268	798	138.937168	-15.140604	9.797490e+04	2.905373e+01	1.084929e+05	1.077258e+05	5.781360e+04	5.607670e+04	9.999000e+03	2.828169e+01	2024	2	3	12
	2263	791	138.234043	-15.796853	9.728654e+04	3.122075e+01	1.082020e+05	1.072125e+05	5.758185e+04	5.540963e+04	9.999000e+03	2.542393e+01	2024	2	3	18
	2258	786	137.530919	-16.265602	9.766013e+04	3.061631e+01	1.084555e+05	1.074219e+05	5.784445e+04	5.587132e+04	9.999000e+03	2.794359e+01	2024	2	4	0
	2252	782	136.687170	-16.640602	9.794448e+04	1.848994e+01	1.083946e+05	1.074012e+05	5.767398e+04	5.579355e+04	9.999000e+03	2.512573e+01	2024	2	4	6
	2245	775	135.702796	-17.296851	9.864150e+04	1.770281e+01	1.084611e+05	1.078634e+05	5.788555e+04	5.639294e+04	9.999000e+03	2.502281e+01	2024	2	4	12
	2239	767	134.859047	-18.046850	9.833597e+04	2.030866e+01	1.082287e+05	1.077129e+05	5.767733e+04	5.617966e+04	9.999000e+03	1.980354e+01	2024	2	4	18
	2231	762	133.734048	-18.515599	9.856296e+04	2.171759e+01	1.084296e+05	1.079371e+05	5.789677e+04	5.643840e+04	9.999000e+03	1.776401e+01	2024	2	5	0
	2222	760	132.468424	-18.703099	9.846200e+04	2.125410e+01	1.083417e+05	1.078840e+05	5.779385e+04	5.630197e+04	9.999000e+03	2.561958e+01	2024	2	5	6
	2215	761	131.484050	-18.609349	9.895878e+04	2.037314e+01	1.084274e+05	1.079838e+05	5.791652e+04	5.662680e+04	9.999000e+03	2.584230e+01	2024	2	5	12
	2205	761	130.077802	-18.609349	9.877091e+04	1.761928e+01	1.081433e+05	1.077012e+05	5.773395e+04	5.638029e+04	9.999000e+03	1.964070e+01	2024	2	5	18
	2194	763	128.530928	-18.421849	9.906277e+04	1.609261e+01	1.083447e+05	1.080190e+05	5.784944e+04	5.664541e+04	9.999000e+03	3.105480e+01	2024	2	6	0
	2182	763	126.843430	-18.421849	9.885804e+04	1.837776e+01	1.083331e+05	1.080025e+05	5.781266e+04	5.662826e+04	9.999000e+03	3.682066e+01	2024	2	6	6
	2171	766	125.296557	-18.140600	9.880398e+04	1.887271e+01	1.084371e+05	1.080639e+05	5.796545e+04	5.659624e+04	9.999000e+03	3.609662e+01	2024	2	6	12
	2163	773	124.171558	-17.484351	9.794255e+04	2.141596e+01	1.082509e+05	1.075622e+05	5.765803e+04	5.598862e+04	9.999000e+03	4.296774e+01	2024	2	6	18
	2155	773	123.046559	-17.484351	9.802985e+04	2.379657e+01	1.083431e+05	1.075039e+05	5.777086e+04	5.587853e+04	9.999000e+03	4.392068e+01	2024	2	7	0
	2144	773	121.499686	-17.484351	9.723499e+04	2.974629e+01	1.083030e+05	1.071643e+05	5.767174e+04	5.528905e+04	9.999000e+03	3.914066e+01	2024	2	7	6
	2134	773	120.093437	-17.484351	9.690544e+04	3.241954e+01	1.084277e+05	1.068469e+05	5.787182e+04	5.517819e+04	9.999000e+03	4.084062e+01	2024	2	7	12
	2126	773	118.968438	-17.484351	9.609047e+04	3.636986e+01	1.082717e+05	1.065992e+05	5.765496e+04	5.467528e+04	3.040055e+02	4.402247e+01	2024	2	7	18
	2119	770	117.984064	-17.765600	9.597551e+04	3.830006e+01	1.084109e+05	1.065400e+05	5.775445e+04	5.443368e+04	3.037416e+02	3.722462e+01	2024	2	8	0
	2111	765	116.859066	-18.234350	9.592076e+04	3.450784e+01	1.083089e+05	1.063266e+05	5.761728e+04	5.428214e+04	3.032382e+02	3.356595e+01	2024	2	8	6
	2107	757	116.296566	-18.984349	9.596870e+04	3.431171e+01	1.084082e+05	1.065093e+05	5.775592e+04	5.453574e+04	9.999000e+03	3.316217e+01	2024	2	8	12
	2101	748	115.452817	-19.828097	9.628023e+04	3.171726e+01	1.081877e+05	1.066239e+05	5.754580e+04	5.471325e+04	9.999000e+03	3.092983e+01	2024	2	8	18
	2096	741	114.749693	-20.484347	9.662133e+04	3.031193e+01	1.082355e+05	1.070243e+05	5.760884e+04	5.513471e+04	9.999000e+03	2.520581e+01	2024	2	9	0
	2093	736	114.327818	-20.953096	9.705618e+04	2.849956e+01	1.081856e+05	1.071339e+05	5.747813e+04	5.539956e+04	9.999000e+03	2.586841e+01	2024	2	9	6
	2093	731	114.327818	-21.421845	9.748605e+04	2.557940e+01	1.082551e+05	1.075427e+05	5.755639e+04	5.571601e+04	9.999000e+03	2.587033e+01	2024	2	9	12
	2094	729	114.468443	-21.609345	9.769355e+04	2.807626e+01	1.079893e+05	1.073722e+05	5.747186e+04	5.569102e+04	9.999000e+03	2.329436e+01	2024	2	9	18
	2102	729	115.593442	-21.609345	9.799478e+04	2.748582e+01	1.081309e+05	1.074415e+05	5.753329e+04	5.581407e+04	9.999000e+03	1.812067e+01	2024	2	10	0
	2106	728	116.155941	-21.703095	9.820527e+04	2.469995e+01	1.080619e+05	1.074870e+05	5.742476e+04	5.586243e+04	9.999000e+03	1.974270e+01	2024	2	10	6
	2109	726	116.577816	-21.890595	9.856403e+04	1.939364e+01	1.081335e+05	1.076445e+05	5.743770e+04	5.610258e+04	9.999000e+03	1.682120e+01	2024	2	10	12
	2112	717	116.999691	-22.734343	9.859459e+04	1.492584e+01	1.078672e+05	1.075176e+05	5.726432e+04	5.610788e+04	9.999000e+03	1.478688e+01	2024	2	10	18
	2111	707	116.859066	-23.671842	9.903041e+04	1.590454e+01	1.079332e+05	1.076289e+05	5.736745e+04	5.634969e+04	9.999000e+03	1.014792e+01	2024	2	11	0
	2105	698	116.015317	-24.515591	9.907705e+04	1.815279e+01	1.078542e+05	1.075227e+05	5.722490e+04	5.643135e+04	9.999000e+03	9.384374e+00	2024	2	11	6
	2102	693	115.593442	-24.984340	9.933603e+04	1.505327e+01	1.079044e+05	1.075646e+05	5.732816e+04	5.661057e+04	9.999000e+03	6.029771e+00	2024	2	11	12
	2095	686	114.609068	-25.640589	9.947673e+04	1.519618e+01	1.077860e+05	1.072487e+05	5.727566e+04	5.657045e+04	9.999000e+03	5.041558e+00	2024	2	11	18
	2093	683	114.327818	-25.921839	9.973149e+04	1.428596e+01	1.078554e+05	1.071855e+05	5.731319e+04	5.671572e+04	9.999000e+03	3.666915e+00	2024	2	12	0
	2093	676	114.327818	-26.578088	9.978481e+04	1.250014e+01	1.078376e+05	1.070610e+05	5.730552e+04	5.675765e+04	9.999000e+03	5.623347e+00	2024	2	12	6
	2091	674	114.046569	-26.765588	1.000001e+05	1.374605e+01	1.079250e+05	1.069801e+05	5.738959e+04	5.686460e+04	9.999000e+03	5.127186e+00	2024	2	12	12
	2091	671	114.046569	-27.046837	1.001636e+05	1.420712e+01	1.078369e+05	1.067797e+05	5.740574e+04	5.688870e+04	9.999000e+03	6.720188e+00	2024	2	12	18
	2093	667	114.327818	-27.421837	1.004598e+05	1.296291e+01	1.079113e+05	1.065489e+05	5.750195e+04	5.702520e+04	9.999000e+03	3.980835e+00	2024	2	13	0
	2093	667	114.327818	-27.421837	1.005202e+05	1.420752e+01	1.079333e+05	1.064716e+05	5.758143e+04	5.710773e+04	9.999000e+03	2.246585e+00	2024	2	13	6
start	31	2024	2	11	18
	1655	766	52.734132	-18.140600	1.008037e+05	1.086614e+01	1.083937e+05	1.080891e+05	5.803003e+04	5.762077e+04	3.026884e+02	2.886212e+01	2024	2	11	18
	1650	771	52.031008	-17.671850	1.005459e+05	1.113728e+01	1.081770e+05	1.078092e+05	5.778140e+04	5.731512e+04	3.027227e+02	2.686389e+01	2024	2	12	0
	1648	771	51.749758	-17.671850	1.007069e+05	1.171191e+01	1.083528e+05	1.079912e+05	5.794332e+04	5.751086e+04	3.027116e+02	2.724705e+01	2024	2	12	6
	1648	773	51.749758	-17.484351	1.004038e+05	1.178990e+01	1.082542e+05	1.078973e+05	5.776836e+04	5.731131e+04	3.028300e+02	2.788578e+01	2024	2	12	12
	1649	772	51.890383	-17.578101	1.005906e+05	1.256288e+01	1.083707e+05	1.080879e+05	5.792498e+04	5.744902e+04	3.026320e+02	3.440240e+01	2024	2	12	18
	1648	767	51.749758	-18.046850	1.002728e+05	1.323245e+01	1.081509e+05	1.077790e+05	5.767522e+04	5.714101e+04	3.025703e+02	3.003516e+01	2024	2	13	0
	1648	768	51.749758	-17.953100	1.004794e+05	1.357993e+01	1.082930e+05	1.079767e+05	5.779888e+04	5.730350e+04	3.025493e+02	3.201234e+01	2024	2	13	6
	1650	765	52.031008	-18.234350	1.001172e+05	1.497354e+01	1.081572e+05	1.078191e+05	5.761428e+04	5.702887e+04	3.024970e+02	3.571349e+01	2024	2	13	12
	1647	756	51.609134	-19.078098	1.003025e+05	1.636059e+01	1.082652e+05	1.079684e+05	5.778157e+04	5.719235e+04	3.023979e+02	3.635678e+01	2024	2	13	18
	1645	753	51.327884	-19.359348	9.997200e+04	1.610186e+01	1.080581e+05	1.077257e+05	5.760046e+04	5.691503e+04	3.024980e+02	3.134447e+01	2024	2	14	0
	1645	750	51.327884	-19.640598	1.000897e+05	1.861076e+01	1.082470e+05	1.079018e+05	5.774711e+04	5.705930e+04	3.024232e+02	3.233052e+01	2024	2	14	6
	1644	746	51.187259	-20.015597	9.975303e+04	1.756813e+01	1.081388e+05	1.077417e+05	5.758791e+04	5.678939e+04	3.025514e+02	3.426914e+01	2024	2	14	12
	1641	739	50.765385	-20.671846	9.992822e+04	1.900416e+01	1.082376e+05	1.079595e+05	5.775728e+04	5.698548e+04	9.999000e+03	3.312668e+01	2024	2	14	18
	1639	734	50.484135	-21.140596	9.964933e+04	1.742890e+01	1.080695e+05	1.077836e+05	5.758431e+04	5.676004e+04	9.999000e+03	2.713950e+01	2024	2	15	0
	1638	724	50.343510	-22.078094	9.980976e+04	2.016307e+01	1.083866e+05	1.079979e+05	5.781600e+04	5.699596e+04	3.022397e+02	2.903917e+01	2024	2	15	6
	1636	712	50.062260	-23.203093	9.957655e+04	1.940901e+01	1.082636e+05	1.078469e+05	5.773950e+04	5.689284e+04	9.999000e+03	2.714032e+01	2024	2	15	12
	1631	704	49.359136	-23.953092	9.979229e+04	1.905705e+01	1.084099e+05	1.080540e+05	5.789869e+04	5.710224e+04	9.999000e+03	2.306401e+01	2024	2	15	18
	1628	702	48.937261	-24.140591	9.956682e+04	1.720501e+01	1.082361e+05	1.078587e+05	5.769035e+04	5.694829e+04	9.999000e+03	1.782079e+01	2024	2	16	0
	1626	696	48.656012	-24.703091	9.975576e+04	1.769652e+01	1.084486e+05	1.080191e+05	5.785213e+04	5.708309e+04	9.999000e+03	1.833064e+01	2024	2	16	6
	1624	688	48.374762	-25.453090	9.958432e+04	1.682246e+01	1.083280e+05	1.079335e+05	5.775091e+04	5.702446e+04	9.999000e+03	1.949417e+01	2024	2	16	12
	1624	683	48.374762	-25.921839	9.979152e+04	1.733883e+01	1.085050e+05	1.079765e+05	5.782195e+04	5.712348e+04	9.999000e+03	1.595386e+01	2024	2	16	18
	1625	678	48.515387	-26.390588	9.960916e+04	1.498215e+01	1.082654e+05	1.077207e+05	5.764788e+04	5.696046e+04	9.999000e+03	1.361665e+01	2024	2	17	0
	1628	676	48.937261	-26.578088	9.970444e+04	1.608718e+01	1.084276e+05	1.077412e+05	5.777646e+04	5.706846e+04	3.014814e+02	1.365207e+01	2024	2	17	6
	1632	674	49.499761	-26.765588	9.963188e+04	1.497872e+01	1.083282e+05	1.077032e+05	5.767605e+04	5.692946e+04	3.012715e+02	1.401521e+01	2024	2	17	12
	1638	671	50.343510	-27.046837	9.980355e+04	1.615619e+01	1.084970e+05	1.077367e+05	5.783336e+04	5.698163e+04	3.009917e+02	1.623151e+01	2024	2	17	18
	1642	671	50.906009	-27.046837	9.964508e+04	1.691396e+01	1.083155e+05	1.075810e+05	5.771876e+04	5.687873e+04	3.008240e+02	1.468504e+01	2024	2	18	0
	1643	668	51.046634	-27.328087	9.992058e+04	1.939318e+01	1.084500e+05	1.075996e+05	5.794248e+04	5.721536e+04	3.007140e+02	1.545412e+01	2024	2	18	6
	1643	669	51.046634	-27.234337	9.993137e+04	2.020129e+01	1.083443e+05	1.076545e+05	5.786069e+04	5.738523e+04	3.008991e+02	1.523349e+01	2024	2	18	12
	1642	672	50.906009	-26.953088	1.002871e+05	1.831983e+01	1.085101e+05	1.079230e+05	5.807163e+04	5.775056e+04	3.007380e+02	1.362509e+01	2024	2	18	18
	1639	671	50.484135	-27.046837	1.002587e+05	1.788958e+01	1.083377e+05	1.077534e+05	5.790768e+04	5.757515e+04	3.007583e+02	9.850260e+00	2024	2	19	0
	1633	661	49.640386	-27.984336	1.005860e+05	1.551535e+01	1.084717e+05	1.075761e+05	5.812950e+04	5.783126e+04	3.005650e+02	6.893911e+00	2024	2	19	6
start	12	2024	2	15	12
	422	662	-120.656312	-27.890586	1.001441e+05	1.603016e+01	1.068394e+05	1.051936e+05	5.735445e+04	5.642949e+04	2.973537e+02	1.143253e+01	2024	2	15	12
	418	652	-121.218811	-28.828085	1.003191e+05	1.589561e+01	1.067880e+05	1.054192e+05	5.747539e+04	5.647790e+04	2.969956e+02	5.808839e+00	2024	2	15	18
	415	638	-121.640686	-30.140583	1.001876e+05	1.525484e+01	1.064911e+05	1.054777e+05	5.727642e+04	5.629902e+04	2.965639e+02	5.378362e+00	2024	2	16	0
	420	626	-120.937562	-31.265582	1.004033e+05	1.619771e+01	1.064502e+05	1.057787e+05	5.746946e+04	5.643223e+04	2.956750e+02	4.160713e+00	2024	2	16	6
	427	612	-119.953188	-32.578080	1.002415e+05	1.736943e+01	1.061827e+05	1.049058e+05	5.723123e+04	5.608379e+04	2.948346e+02	7.285184e+00	2024	2	16	12
	439	597	-118.265689	-33.984328	1.002431e+05	1.887312e+01	1.062793e+05	1.041694e+05	5.727448e+04	5.560751e+04	2.943526e+02	8.638664e+00	2024	2	16	18
	457	580	-115.734442	-35.578076	9.988603e+04	1.885957e+01	1.060738e+05	1.037587e+05	5.703139e+04	5.520533e+04	2.934763e+02	1.058007e+01	2024	2	17	0
	476	564	-113.062570	-37.078073	9.976976e+04	2.094996e+01	1.058738e+05	1.036618e+05	5.695390e+04	5.522330e+04	2.926888e+02	7.785261e+00	2024	2	17	6
	494	551	-110.531322	-38.296822	9.970277e+04	1.846510e+01	1.054591e+05	1.034501e+05	5.665091e+04	5.519372e+04	2.922188e+02	3.984423e+00	2024	2	17	12
	512	544	-108.000075	-38.953071	1.000274e+05	1.674950e+01	1.055092e+05	1.034291e+05	5.674639e+04	5.526491e+04	2.923227e+02	1.861637e+00	2024	2	17	18
	530	537	-105.468828	-39.609320	1.000814e+05	1.594368e+01	1.054475e+05	1.033707e+05	5.667712e+04	5.528613e+04	2.918801e+02	1.649920e+00	2024	2	18	0
	540	534	-104.062579	-39.890570	1.003481e+05	1.432028e+01	1.053950e+05	1.034410e+05	5.669159e+04	5.544475e+04	2.916242e+02	1.631218e+00	2024	2	18	6
start	37	2024	2	20	0
	2430	797	161.718394	-15.234354	1.003753e+05	1.207307e+01	1.084444e+05	1.081563e+05	5.783595e+04	5.751234e+04	3.026321e+02	1.174610e+01	2024	2	20	0
	2425	796	161.015270	-15.328104	1.000402e+05	1.337119e+01	1.082169e+05	1.079379e+05	5.757204e+04	5.726102e+04	3.026612e+02	1.291930e+01	2024	2	20	6
	2420	796	160.312145	-15.328104	1.003247e+05	1.634070e+01	1.083746e+05	1.081752e+05	5.777919e+04	5.752930e+04	3.025675e+02	1.199125e+01	2024	2	20	12
	2412	797	159.187147	-15.234354	1.000703e+05	1.347552e+01	1.081319e+05	1.079163e+05	5.757710e+04	5.727568e+04	3.025244e+02	1.168063e+01	2024	2	20	18
	2409	799	158.765272	-15.046854	1.002957e+05	1.209378e+01	1.083490e+05	1.081623e+05	5.777575e+04	5.748217e+04	3.025366e+02	1.378105e+01	2024	2	21	0
	2410	802	158.905897	-14.765604	1.000519e+05	1.173650e+01	1.081755e+05	1.079844e+05	5.757978e+04	5.724320e+04	3.030175e+02	1.827678e+01	2024	2	21	6
	2407	801	158.484022	-14.859354	1.003372e+05	1.297819e+01	1.083806e+05	1.081880e+05	5.776848e+04	5.745296e+04	3.025265e+02	1.810975e+01	2024	2	21	12
	2400	804	157.499648	-14.578105	1.000401e+05	1.471294e+01	1.081361e+05	1.079105e+05	5.754636e+04	5.715202e+04	3.024328e+02	1.118701e+01	2024	2	21	18
	2405	803	158.202773	-14.671855	1.002767e+05	1.298840e+01	1.083713e+05	1.081569e+05	5.781804e+04	5.736041e+04	3.025659e+02	1.361065e+01	2024	2	22	0
	2401	798	157.640273	-15.140604	1.000332e+05	1.468605e+01	1.081870e+05	1.079777e+05	5.760661e+04	5.717185e+04	3.032018e+02	2.501003e+01	2024	2	22	6
	2391	798	156.234025	-15.140604	1.002479e+05	1.583607e+01	1.083684e+05	1.081399e+05	5.777155e+04	5.736580e+04	3.023535e+02	2.340602e+01	2024	2	22	12
	2393	802	156.515274	-14.765604	1.000226e+05	1.557867e+01	1.081152e+05	1.078743e+05	5.755440e+04	5.712623e+04	3.023023e+02	1.942297e+01	2024	2	22	18
	2393	796	156.515274	-15.328104	1.002210e+05	1.682637e+01	1.082757e+05	1.079830e+05	5.776471e+04	5.731023e+04	3.023026e+02	1.676003e+01	2024	2	23	0
	2381	800	154.827776	-14.953104	9.987101e+04	1.878486e+01	1.081077e+05	1.078363e+05	5.756334e+04	5.706781e+04	3.023347e+02	1.525132e+01	2024	2	23	6
	2382	802	154.968401	-14.765604	1.001709e+05	1.846835e+01	1.082979e+05	1.081554e+05	5.779448e+04	5.744266e+04	3.020565e+02	1.933842e+01	2024	2	23	12
	2375	807	153.984027	-14.296855	9.993921e+04	1.736036e+01	1.080487e+05	1.078215e+05	5.752371e+04	5.721249e+04	3.017870e+02	1.821594e+01	2024	2	23	18
	2372	811	153.562152	-13.921856	1.001723e+05	1.743210e+01	1.082800e+05	1.080635e+05	5.775434e+04	5.741892e+04	3.017944e+02	1.381445e+01	2024	2	24	0
	2373	811	153.702777	-13.921856	9.990002e+04	1.413300e+01	1.080999e+05	1.078933e+05	5.755828e+04	5.722803e+04	3.023660e+02	1.745564e+01	2024	2	24	6
	2372	811	153.562152	-13.921856	1.002498e+05	1.488585e+01	1.082841e+05	1.080849e+05	5.779643e+04	5.751367e+04	3.018154e+02	2.534898e+01	2024	2	24	12
	2368	811	152.999653	-13.921856	9.995152e+04	1.622675e+01	1.080373e+05	1.077694e+05	5.754808e+04	5.721137e+04	3.017838e+02	2.084797e+01	2024	2	24	18
	2367	814	152.859028	-13.640606	1.002535e+05	1.519923e+01	1.082992e+05	1.080621e+05	5.781278e+04	5.747893e+04	3.018866e+02	1.431817e+01	2024	2	25	0
	2365	814	152.577778	-13.640606	9.997737e+04	1.582821e+01	1.080263e+05	1.078571e+05	5.761475e+04	5.723396e+04	3.021255e+02	1.690708e+01	2024	2	25	6
	2363	819	152.296529	-13.171857	1.002616e+05	1.590110e+01	1.083210e+05	1.080618e+05	5.783361e+04	5.749108e+04	9.999000e+03	2.552529e+01	2024	2	25	12
	2362	817	152.155904	-13.359356	9.988971e+04	1.564374e+01	1.079912e+05	1.077486e+05	5.753976e+04	5.713393e+04	3.020150e+02	2.655476e+01	2024	2	25	18
	2358	821	151.593404	-12.984357	1.001847e+05	1.606743e+01	1.082943e+05	1.080347e+05	5.779505e+04	5.727757e+04	3.020863e+02	2.361448e+01	2024	2	26	0
	2357	820	151.452780	-13.078107	9.986082e+04	1.521086e+01	1.080267e+05	1.078330e+05	5.755127e+04	5.698980e+04	3.020913e+02	2.314527e+01	2024	2	26	6
	2354	821	151.030905	-12.984357	1.001410e+05	1.587498e+01	1.083141e+05	1.079547e+05	5.780295e+04	5.723497e+04	3.020794e+02	2.596325e+01	2024	2	26	12
	2351	820	150.609030	-13.078107	9.983684e+04	1.621919e+01	1.080195e+05	1.077749e+05	5.757854e+04	5.700690e+04	3.020370e+02	2.119748e+01	2024	2	26	18
	2350	818	150.468406	-13.265607	1.001269e+05	1.605291e+01	1.083395e+05	1.080468e+05	5.782845e+04	5.725323e+04	3.019809e+02	1.992206e+01	2024	2	27	0
	2348	815	150.187156	-13.546856	9.990738e+04	1.525297e+01	1.082152e+05	1.079842e+05	5.767829e+04	5.713019e+04	3.019988e+02	1.891103e+01	2024	2	27	6
	2346	813	149.905906	-13.734356	1.002744e+05	1.585889e+01	1.084658e+05	1.082344e+05	5.796155e+04	5.749389e+04	3.019956e+02	1.950073e+01	2024	2	27	12
	2345	808	149.765281	-14.203105	1.000853e+05	1.493246e+01	1.081956e+05	1.079553e+05	5.773857e+04	5.729843e+04	3.019513e+02	1.468503e+01	2024	2	27	18
	2345	806	149.765281	-14.390605	1.004135e+05	1.458136e+01	1.084851e+05	1.082841e+05	5.796332e+04	5.758023e+04	3.019124e+02	9.649414e+00	2024	2	28	0
	2342	801	149.343407	-14.859354	1.001082e+05	1.454811e+01	1.083033e+05	1.081480e+05	5.775495e+04	5.735902e+04	3.020526e+02	8.102507e+00	2024	2	28	6
	2342	802	149.343407	-14.765604	1.004317e+05	1.442250e+01	1.085248e+05	1.083570e+05	5.802439e+04	5.766212e+04	3.019677e+02	8.296961e+00	2024	2	28	12
	2343	804	149.484032	-14.578105	1.002243e+05	1.492246e+01	1.082033e+05	1.080860e+05	5.771941e+04	5.746668e+04	3.018858e+02	7.262873e+00	2024	2	28	18
	2344	801	149.624657	-14.859354	1.004954e+05	1.468462e+01	1.084467e+05	1.082862e+05	5.794997e+04	5.772907e+04	3.017161e+02	5.477182e+00	2024	2	29	0
start	46	2024	2	24	18
	2513	830	173.390257	-12.140608	1.002227e+05	1.434067e+01	1.082475e+05	1.080291e+05	5.760186e+04	5.732754e+04	3.034286e+02	1.667635e+01	2024	2	24	18
	2514	835	173.530882	-11.671859	1.002555e+05	1.293955e+01	1.083943e+05	1.082002e+05	5.769722e+04	5.742322e+04	3.035121e+02	1.943634e+01	2024	2	25	0
	2516	827	173.812131	-12.421858	9.999273e+04	1.482188e+01	1.082970e+05	1.080863e+05	5.753131e+04	5.727841e+04	3.039846e+02	1.896226e+01	2024	2	25	6
	2511	825	173.109007	-12.609357	1.001895e+05	1.284808e+01	1.083631e+05	1.081914e+05	5.767772e+04	5.741542e+04	3.034057e+02	2.008938e+01	2024	2	25	12
	2505	825	172.265258	-12.609357	9.997520e+04	1.265445e+01	1.082144e+05	1.079574e+05	5.748809e+04	5.715440e+04	3.032855e+02	1.583495e+01	2024	2	25	18
	2504	828	172.124633	-12.328108	1.001492e+05	1.177416e+01	1.083269e+05	1.081290e+05	5.764206e+04	5.730855e+04	3.033380e+02	1.052371e+01	2024	2	26	0
	2504	828	172.124633	-12.328108	9.994098e+04	1.201805e+01	1.082462e+05	1.080122e+05	5.751491e+04	5.719249e+04	3.033177e+02	1.536622e+01	2024	2	26	6
	2501	822	171.702758	-12.890607	1.002255e+05	1.265198e+01	1.084192e+05	1.082033e+05	5.770240e+04	5.747273e+04	3.031131e+02	1.884651e+01	2024	2	26	12
	2498	820	171.280884	-13.078107	1.000525e+05	1.198321e+01	1.083223e+05	1.080107e+05	5.759038e+04	5.736061e+04	3.029392e+02	1.039822e+01	2024	2	26	18
	2500	818	171.562134	-13.265607	1.002516e+05	1.142146e+01	1.084800e+05	1.082261e+05	5.773817e+04	5.754818e+04	3.032375e+02	8.557570e+00	2024	2	27	0
	2500	810	171.562134	-14.015606	1.001011e+05	1.042626e+01	1.084429e+05	1.081326e+05	5.767939e+04	5.740689e+04	3.033456e+02	1.419004e+01	2024	2	27	6
	2496	806	170.999634	-14.390605	1.004140e+05	1.243380e+01	1.086039e+05	1.083364e+05	5.787786e+04	5.765696e+04	3.029625e+02	1.587381e+01	2024	2	27	12
	2492	801	170.437135	-14.859354	1.002051e+05	1.226205e+01	1.084575e+05	1.081638e+05	5.774551e+04	5.746343e+04	3.029124e+02	1.368875e+01	2024	2	27	18
	2487	802	169.734011	-14.765604	1.003225e+05	1.120612e+01	1.085620e+05	1.083674e+05	5.786193e+04	5.760264e+04	3.029748e+02	1.558432e+01	2024	2	28	0
	2485	802	169.452761	-14.765604	1.001326e+05	1.115398e+01	1.083998e+05	1.081627e+05	5.768770e+04	5.744019e+04	9.999000e+03	1.811759e+01	2024	2	28	6
	2479	801	168.609012	-14.859354	1.002968e+05	1.120503e+01	1.085441e+05	1.083453e+05	5.781229e+04	5.758826e+04	9.999000e+03	2.884390e+01	2024	2	28	12
	2476	804	168.187137	-14.578105	1.000518e+05	1.219231e+01	1.083693e+05	1.081108e+05	5.758888e+04	5.733249e+04	9.999000e+03	2.318552e+01	2024	2	28	18
	2474	803	167.905887	-14.671855	1.001889e+05	1.161256e+01	1.084514e+05	1.082067e+05	5.773036e+04	5.743815e+04	9.999000e+03	2.075692e+01	2024	2	29	0
	2472	803	167.624638	-14.671855	9.992927e+04	1.145527e+01	1.083253e+05	1.080111e+05	5.754153e+04	5.718607e+04	9.999000e+03	1.936071e+01	2024	2	29	6
	2472	803	167.624638	-14.671855	1.001709e+05	1.092416e+01	1.084261e+05	1.081934e+05	5.771446e+04	5.737270e+04	9.999000e+03	2.928620e+01	2024	2	29	12
	2470	804	167.343388	-14.578105	9.992962e+04	1.148650e+01	1.082052e+05	1.079323e+05	5.753310e+04	5.708863e+04	9.999000e+03	2.636137e+01	2024	2	29	18
	2471	801	167.484013	-14.859354	1.000445e+05	1.204093e+01	1.083483e+05	1.081072e+05	5.765834e+04	5.719123e+04	9.999000e+03	2.119012e+01	2024	3	1	0
	2470	801	167.343388	-14.859354	9.980509e+04	1.260113e+01	1.081900e+05	1.079591e+05	5.752917e+04	5.697934e+04	9.999000e+03	2.537000e+01	2024	3	1	6
	2463	791	166.359014	-15.796853	9.994104e+04	1.437070e+01	1.083886e+05	1.080991e+05	5.767875e+04	5.703489e+04	9.999000e+03	2.992329e+01	2024	3	1	12
	2463	792	166.359014	-15.703103	9.963782e+04	1.433586e+01	1.081701e+05	1.078244e+05	5.749492e+04	5.674420e+04	9.999000e+03	2.339535e+01	2024	3	1	18
	2463	791	166.359014	-15.796853	9.976373e+04	1.410340e+01	1.083488e+05	1.080327e+05	5.770480e+04	5.690436e+04	9.999000e+03	2.245451e+01	2024	3	2	0
	2463	786	166.359014	-16.265602	9.954902e+04	1.532520e+01	1.083186e+05	1.079912e+05	5.751311e+04	5.677916e+04	9.999000e+03	3.062634e+01	2024	3	2	6
	2463	782	166.359014	-16.640602	9.973500e+04	1.818163e+01	1.084779e+05	1.081679e+05	5.772363e+04	5.702057e+04	9.999000e+03	3.509542e+01	2024	3	2	12
	2464	777	166.499639	-17.109351	9.949105e+04	1.975513e+01	1.083199e+05	1.079196e+05	5.758170e+04	5.687033e+04	9.999000e+03	2.974925e+01	2024	3	2	18
	2463	777	166.359014	-17.109351	9.963398e+04	1.956290e+01	1.084248e+05	1.080558e+05	5.779417e+04	5.706795e+04	9.999000e+03	2.426136e+01	2024	3	3	0
	2465	772	166.640264	-17.578101	9.949201e+04	1.976881e+01	1.083574e+05	1.079785e+05	5.762937e+04	5.704687e+04	9.999000e+03	2.705185e+01	2024	3	3	6
	2462	769	166.218389	-17.859350	9.968845e+04	2.009567e+01	1.085222e+05	1.082081e+05	5.781133e+04	5.722378e+04	9.999000e+03	2.457489e+01	2024	3	3	12
	2464	773	166.499639	-17.484351	9.953682e+04	1.821017e+01	1.083425e+05	1.079541e+05	5.761262e+04	5.716532e+04	9.999000e+03	1.613425e+01	2024	3	3	18
	2463	773	166.359014	-17.484351	9.981349e+04	1.648050e+01	1.084740e+05	1.081678e+05	5.781734e+04	5.746489e+04	9.999000e+03	1.095862e+01	2024	3	4	0
	2461	775	166.077764	-17.296851	9.968554e+04	1.475475e+01	1.083135e+05	1.080038e+05	5.766016e+04	5.736826e+04	9.999000e+03	1.098276e+01	2024	3	4	6
	2461	775	166.077764	-17.296851	1.000055e+05	1.541996e+01	1.084361e+05	1.081566e+05	5.781409e+04	5.756100e+04	9.999000e+03	1.193245e+01	2024	3	4	12
	2457	778	165.515265	-17.015601	9.989214e+04	1.596615e+01	1.081969e+05	1.079688e+05	5.761368e+04	5.736756e+04	9.999000e+03	8.993422e+00	2024	3	4	18
	2455	778	165.234015	-17.015601	1.001501e+05	1.565546e+01	1.083693e+05	1.081332e+05	5.781908e+04	5.760024e+04	3.025701e+02	7.887217e+00	2024	3	5	0
	2450	782	164.530891	-16.640602	1.000123e+05	1.566909e+01	1.082205e+05	1.080244e+05	5.767548e+04	5.740138e+04	3.032532e+02	1.174989e+01	2024	3	5	6
	2444	782	163.687142	-16.640602	1.003090e+05	1.414657e+01	1.084066e+05	1.081695e+05	5.785717e+04	5.760544e+04	3.022691e+02	1.144487e+01	2024	3	5	12
	2441	785	163.265267	-16.359352	1.001008e+05	1.332256e+01	1.081583e+05	1.079225e+05	5.763822e+04	5.742018e+04	3.023442e+02	1.073680e+01	2024	3	5	18
	2441	790	163.265267	-15.890603	1.003589e+05	1.127833e+01	1.083746e+05	1.081986e+05	5.784668e+04	5.763272e+04	3.025541e+02	1.520932e+01	2024	3	6	0
	2439	789	162.984018	-15.984353	1.000843e+05	1.148303e+01	1.082289e+05	1.079803e+05	5.762491e+04	5.742554e+04	3.032659e+02	1.772430e+01	2024	3	6	6
	2437	784	162.702768	-16.453102	1.003964e+05	1.338976e+01	1.083898e+05	1.080458e+05	5.784119e+04	5.760217e+04	3.026061e+02	1.840543e+01	2024	3	6	12
	2435	784	162.421518	-16.453102	1.001675e+05	1.494097e+01	1.081092e+05	1.077986e+05	5.762416e+04	5.737414e+04	3.024677e+02	1.542874e+01	2024	3	6	18
	2433	784	162.140268	-16.453102	1.003808e+05	1.373763e+01	1.083531e+05	1.079609e+05	5.778868e+04	5.754609e+04	3.026300e+02	1.492690e+01	2024	3	7	0
start	16	2024	3	4	12
	1778	806	70.030989	-14.390605	1.004941e+05	1.001942e+01	1.083116e+05	1.080116e+05	5.768457e+04	5.731522e+04	3.032592e+02	2.359110e+01	2024	3	4	12
	1778	809	70.030989	-14.109355	1.007642e+05	9.930581e+00	1.084778e+05	1.082141e+05	5.796050e+04	5.757753e+04	3.031969e+02	2.590612e+01	2024	3	4	18
	1784	806	70.874739	-14.390605	1.004245e+05	1.329602e+01	1.082322e+05	1.079669e+05	5.779469e+04	5.731706e+04	3.032147e+02	2.420374e+01	2024	3	5	0
	1786	796	71.155988	-15.328104	1.005997e+05	1.314201e+01	1.084916e+05	1.082009e+05	5.798587e+04	5.751309e+04	3.030789e+02	1.634720e+01	2024	3	5	6
	1786	786	71.155988	-16.265602	1.002803e+05	1.109285e+01	1.083026e+05	1.079326e+05	5.779645e+04	5.730830e+04	3.030722e+02	2.599792e+01	2024	3	5	12
	1790	784	71.718488	-16.453102	1.005291e+05	1.261455e+01	1.085407e+05	1.082057e+05	5.799805e+04	5.748452e+04	3.029551e+02	3.660839e+01	2024	3	5	18
	1796	772	72.562237	-17.578101	1.001709e+05	1.338921e+01	1.083126e+05	1.079515e+05	5.776783e+04	5.721848e+04	3.024472e+02	3.439222e+01	2024	3	6	0
	1798	758	72.843487	-18.890599	1.003226e+05	1.659618e+01	1.085168e+05	1.080422e+05	5.795546e+04	5.737385e+04	3.021158e+02	3.878844e+01	2024	3	6	6
	1797	748	72.702862	-19.828097	1.000410e+05	1.707974e+01	1.083212e+05	1.078191e+05	5.773476e+04	5.712536e+04	3.018484e+02	4.016796e+01	2024	3	6	12
	1796	741	72.562237	-20.484347	1.002198e+05	2.006838e+01	1.085177e+05	1.079263e+05	5.795898e+04	5.728773e+04	3.012821e+02	3.847553e+01	2024	3	6	18
	1796	731	72.562237	-21.421845	9.989537e+04	1.974786e+01	1.082646e+05	1.075913e+05	5.767052e+04	5.702614e+04	3.008385e+02	3.140729e+01	2024	3	7	0
	1795	726	72.421612	-21.890595	9.995609e+04	1.766618e+01	1.084782e+05	1.076813e+05	5.787556e+04	5.721248e+04	3.006655e+02	2.940903e+01	2024	3	7	6
	1798	722	72.843487	-22.265594	9.986054e+04	1.999902e+01	1.083734e+05	1.076352e+05	5.776891e+04	5.715798e+04	3.005406e+02	2.879535e+01	2024	3	7	12
	1799	714	72.984111	-23.015593	1.001597e+05	1.910199e+01	1.085670e+05	1.076262e+05	5.794264e+04	5.741744e+04	3.003112e+02	2.161532e+01	2024	3	7	18
	1798	718	72.843487	-22.640594	1.001015e+05	1.620491e+01	1.083107e+05	1.075070e+05	5.773205e+04	5.736762e+04	3.003180e+02	1.424921e+01	2024	3	8	0
	1799	718	72.984111	-22.640594	1.003620e+05	1.773190e+01	1.084957e+05	1.077304e+05	5.797278e+04	5.746589e+04	3.004166e+02	9.994261e+00	2024	3	8	6
start	27	2024	3	31	0
	207	802	-150.890655	-14.765604	1.001266e+05	1.461469e+01	1.081604e+05	1.078557e+05	5.755404e+04	5.720286e+04	3.035526e+02	2.018543e+01	2024	3	31	0
	206	809	-151.031280	-14.109355	1.002609e+05	1.491804e+01	1.083382e+05	1.079994e+05	5.764229e+04	5.734739e+04	3.035171e+02	2.190369e+01	2024	3	31	6
	207	809	-150.890655	-14.109355	1.000398e+05	1.442883e+01	1.081863e+05	1.078654e+05	5.749962e+04	5.722685e+04	3.034635e+02	2.438066e+01	2024	3	31	12
	207	809	-150.890655	-14.109355	1.002242e+05	1.473951e+01	1.083552e+05	1.080239e+05	5.769362e+04	5.738211e+04	3.034393e+02	2.350757e+01	2024	3	31	18
	209	809	-150.609406	-14.109355	9.995384e+04	1.122976e+01	1.082211e+05	1.078524e+05	5.747229e+04	5.716402e+04	3.036794e+02	2.583324e+01	2024	4	1	0
	212	808	-150.187531	-14.203105	1.001493e+05	1.240097e+01	1.084195e+05	1.080199e+05	5.767719e+04	5.731658e+04	3.034063e+02	2.497714e+01	2024	4	1	6
	213	806	-150.046906	-14.390605	1.000417e+05	1.289144e+01	1.083366e+05	1.079702e+05	5.758825e+04	5.719577e+04	3.033470e+02	1.956463e+01	2024	4	1	12
	214	805	-149.906281	-14.484355	1.002808e+05	1.325141e+01	1.085905e+05	1.082200e+05	5.784249e+04	5.744352e+04	3.033109e+02	1.960724e+01	2024	4	1	18
	217	803	-149.484407	-14.671855	1.000332e+05	1.399149e+01	1.083963e+05	1.081189e+05	5.765563e+04	5.726055e+04	3.035820e+02	1.960641e+01	2024	4	2	0
	222	803	-148.781283	-14.671855	1.002331e+05	1.532672e+01	1.086460e+05	1.082760e+05	5.790409e+04	5.752705e+04	3.032799e+02	1.999481e+01	2024	4	2	6
	227	804	-148.078158	-14.578105	1.000875e+05	1.613221e+01	1.084526e+05	1.081454e+05	5.782795e+04	5.727455e+04	3.033771e+02	2.091333e+01	2024	4	2	12
	234	807	-147.093784	-14.296855	1.002516e+05	1.751182e+01	1.087067e+05	1.083012e+05	5.800445e+04	5.739998e+04	3.034042e+02	1.912083e+01	2024	4	2	18
	240	811	-146.250035	-13.921856	9.992893e+04	1.957278e+01	1.084885e+05	1.080193e+05	5.779445e+04	5.723079e+04	3.034916e+02	2.435805e+01	2024	4	3	0
	246	816	-145.406286	-13.453106	9.994730e+04	2.012641e+01	1.087096e+05	1.081481e+05	5.798971e+04	5.741052e+04	3.035274e+02	3.126474e+01	2024	4	3	6
	256	821	-144.000038	-12.984357	9.968262e+04	2.091410e+01	1.084936e+05	1.078577e+05	5.779871e+04	5.712966e+04	3.035113e+02	3.181346e+01	2024	4	3	12
	266	823	-142.593789	-12.796857	9.985346e+04	2.194137e+01	1.086636e+05	1.079401e+05	5.796419e+04	5.722466e+04	3.035069e+02	3.274974e+01	2024	4	3	18
	278	826	-140.906291	-12.515608	9.948815e+04	1.963813e+01	1.084052e+05	1.077112e+05	5.765850e+04	5.694589e+04	3.035789e+02	4.001366e+01	2024	4	4	0
	290	825	-139.218792	-12.609357	9.963677e+04	2.104712e+01	1.085951e+05	1.077693e+05	5.784718e+04	5.707613e+04	3.035901e+02	4.259456e+01	2024	4	4	6
	301	825	-137.671919	-12.609357	9.936942e+04	2.199553e+01	1.083055e+05	1.074362e+05	5.758634e+04	5.698565e+04	3.034940e+02	3.826242e+01	2024	4	4	12
	311	826	-136.265671	-12.515608	9.971474e+04	2.001564e+01	1.085402e+05	1.076064e+05	5.779422e+04	5.737514e+04	3.034251e+02	3.425593e+01	2024	4	4	18
	320	828	-135.000047	-12.328108	9.927564e+04	2.227195e+01	1.082816e+05	1.074408e+05	5.746225e+04	5.699299e+04	3.035580e+02	3.096578e+01	2024	4	5	0
	327	828	-134.015673	-12.328108	9.977435e+04	1.974632e+01	1.084766e+05	1.076334e+05	5.775489e+04	5.734745e+04	3.034864e+02	2.437984e+01	2024	4	5	6
	332	824	-133.312549	-12.703107	9.975703e+04	1.693036e+01	1.082098e+05	1.074103e+05	5.749146e+04	5.717152e+04	3.033016e+02	2.004179e+01	2024	4	5	12
	338	824	-132.468800	-12.703107	1.002103e+05	1.456960e+01	1.084691e+05	1.077589e+05	5.782905e+04	5.745297e+04	3.033596e+02	2.498759e+01	2024	4	5	18
	344	820	-131.625050	-13.078107	9.996506e+04	1.366288e+01	1.082591e+05	1.076333e+05	5.755850e+04	5.724727e+04	3.033067e+02	3.239565e+01	2024	4	6	0
	346	811	-131.343801	-13.921856	1.003164e+05	1.534761e+01	1.085574e+05	1.077911e+05	5.784636e+04	5.743789e+04	3.030375e+02	3.243441e+01	2024	4	6	6
	343	806	-131.765675	-14.390605	1.001698e+05	1.722412e+01	1.083480e+05	1.074907e+05	5.760388e+04	5.720369e+04	3.029932e+02	2.826640e+01	2024	4	6	12
start	31	2024	4	12	18
	1746	857	65.530994	-9.609362	1.005315e+05	1.123475e+01	1.084044e+05	1.080870e+05	5.786936e+04	5.737478e+04	3.039500e+02	3.626017e+01	2024	4	12	18
	1748	849	65.812244	-10.359361	1.002771e+05	1.236183e+01	1.081790e+05	1.078992e+05	5.767411e+04	5.715933e+04	3.039072e+02	3.900848e+01	2024	4	13	0
	1745	846	65.390369	-10.640610	1.005409e+05	1.407778e+01	1.084571e+05	1.081902e+05	5.793417e+04	5.737635e+04	3.038893e+02	3.652394e+01	2024	4	13	6
	1739	846	64.546620	-10.640610	1.001943e+05	1.501154e+01	1.082189e+05	1.079194e+05	5.769152e+04	5.712364e+04	3.039085e+02	3.845737e+01	2024	4	13	12
	1736	835	64.124746	-11.671859	1.004592e+05	1.738958e+01	1.085295e+05	1.081216e+05	5.795503e+04	5.738912e+04	3.038702e+02	3.799986e+01	2024	4	13	18
	1729	838	63.140372	-11.390609	1.001625e+05	1.518466e+01	1.082253e+05	1.079246e+05	5.770164e+04	5.712920e+04	3.038172e+02	3.606639e+01	2024	4	14	0
	1723	829	62.296623	-12.234358	1.004323e+05	1.542559e+01	1.084885e+05	1.082397e+05	5.797050e+04	5.740281e+04	3.037557e+02	3.680716e+01	2024	4	14	6
	1716	829	61.312249	-12.234358	1.000753e+05	1.610581e+01	1.083015e+05	1.080962e+05	5.773498e+04	5.705863e+04	3.036810e+02	3.824648e+01	2024	4	14	12
	1712	822	60.749749	-12.890607	1.002646e+05	1.740461e+01	1.085205e+05	1.079953e+05	5.794253e+04	5.713345e+04	3.033932e+02	4.435681e+01	2024	4	14	18
	1705	822	59.765375	-12.890607	9.984171e+04	1.834362e+01	1.082554e+05	1.077715e+05	5.769662e+04	5.680691e+04	3.033214e+02	4.454472e+01	2024	4	15	0
	1702	824	59.343501	-12.703107	1.000508e+05	1.903988e+01	1.085291e+05	1.080169e+05	5.789213e+04	5.698868e+04	3.033796e+02	4.264636e+01	2024	4	15	6
	1696	817	58.499751	-13.359356	9.961995e+04	2.007400e+01	1.082822e+05	1.076576e+05	5.766096e+04	5.659659e+04	3.031800e+02	3.733749e+01	2024	4	15	12
	1692	815	57.937252	-13.546856	9.972748e+04	1.996975e+01	1.084984e+05	1.078247e+05	5.785581e+04	5.676081e+04	3.030375e+02	4.550410e+01	2024	4	15	18
	1687	805	57.234128	-14.484355	9.936234e+04	2.213998e+01	1.082148e+05	1.075399e+05	5.759194e+04	5.641698e+04	3.028223e+02	4.323917e+01	2024	4	16	0
	1680	801	56.249754	-14.859354	9.953395e+04	2.363454e+01	1.084438e+05	1.077911e+05	5.780091e+04	5.654352e+04	3.028941e+02	4.303277e+01	2024	4	16	6
	1674	798	55.406005	-15.140604	9.916960e+04	2.378026e+01	1.081894e+05	1.074990e+05	5.754468e+04	5.627891e+04	3.029416e+02	4.734415e+01	2024	4	16	12
	1671	796	54.984130	-15.328104	9.938828e+04	2.297440e+01	1.083994e+05	1.077227e+05	5.775271e+04	5.657257e+04	3.028442e+02	5.435942e+01	2024	4	16	18
	1668	797	54.562256	-15.234354	9.907559e+04	2.298449e+01	1.080855e+05	1.075485e+05	5.748291e+04	5.629252e+04	3.028364e+02	4.449799e+01	2024	4	17	0
	1666	791	54.281006	-15.796853	9.928454e+04	2.344632e+01	1.083552e+05	1.078166e+05	5.775589e+04	5.651852e+04	3.024925e+02	3.838900e+01	2024	4	17	6
	1667	786	54.421631	-16.265602	9.884309e+04	2.606581e+01	1.081366e+05	1.076500e+05	5.753532e+04	5.626482e+04	3.022411e+02	3.552761e+01	2024	4	17	12
	1667	786	54.421631	-16.265602	9.928758e+04	2.121871e+01	1.084266e+05	1.078941e+05	5.780878e+04	5.679024e+04	3.020956e+02	3.785465e+01	2024	4	17	18
	1667	787	54.421631	-16.171853	9.890049e+04	2.484874e+01	1.081816e+05	1.076465e+05	5.761398e+04	5.642076e+04	3.019283e+02	3.100190e+01	2024	4	18	0
	1664	786	53.999756	-16.265602	9.916012e+04	2.551204e+01	1.084137e+05	1.079132e+05	5.789301e+04	5.669626e+04	3.017800e+02	2.824997e+01	2024	4	18	6
	1664	787	53.999756	-16.171853	9.886973e+04	2.550707e+01	1.082340e+05	1.076154e+05	5.770142e+04	5.652019e+04	3.017187e+02	3.211005e+01	2024	4	18	12
	1661	787	53.577882	-16.171853	9.895373e+04	2.758858e+01	1.084004e+05	1.078129e+05	5.787058e+04	5.655061e+04	3.016002e+02	2.922709e+01	2024	4	18	18
	1657	792	53.015382	-15.703103	9.906956e+04	2.214834e+01	1.081369e+05	1.078169e+05	5.765575e+04	5.700125e+04	3.017292e+02	1.979730e+01	2024	4	19	0
	1656	795	52.874757	-15.421854	9.964945e+04	1.939407e+01	1.084688e+05	1.081361e+05	5.799030e+04	5.739841e+04	3.018611e+02	2.011526e+01	2024	4	19	6
	1652	795	52.312258	-15.421854	9.955327e+04	1.923108e+01	1.083465e+05	1.080025e+05	5.777881e+04	5.724895e+04	9.999000e+03	2.920783e+01	2024	4	19	12
	1653	795	52.452883	-15.421854	9.982602e+04	2.202693e+01	1.085313e+05	1.080474e+05	5.793109e+04	5.722517e+04	9.999000e+03	3.511235e+01	2024	4	19	18
	1651	794	52.171633	-15.515603	9.961973e+04	2.155757e+01	1.081015e+05	1.077935e+05	5.765662e+04	5.708080e+04	9.999000e+03	2.421153e+01	2024	4	20	0
	1650	794	52.031008	-15.515603	1.000614e+05	1.788894e+01	1.083900e+05	1.080784e+05	5.794199e+04	5.756205e+04	9.999000e+03	1.483569e+01	2024	4	20	6
start	28	2024	4	24	6
	1944	857	93.374715	-9.609362	1.005676e+05	1.100021e+01	1.084644e+05	1.082888e+05	5.782809e+04	5.748077e+04	3.043817e+02	3.439349e+01	2024	4	24	6
	1948	849	93.937215	-10.359361	1.004967e+05	1.269713e+01	1.084928e+05	1.082721e+05	5.787871e+04	5.740565e+04	3.042732e+02	3.415904e+01	2024	4	24	12
	1948	846	93.937215	-10.640610	1.005725e+05	1.449465e+01	1.085920e+05	1.083804e+05	5.796872e+04	5.758755e+04	3.041710e+02	3.636267e+01	2024	4	24	18
	1937	842	92.390341	-11.015610	1.004121e+05	1.640561e+01	1.084553e+05	1.082401e+05	5.776914e+04	5.747006e+04	3.035430e+02	2.454628e+01	2024	4	25	0
	1939	852	92.671591	-10.078111	1.004243e+05	1.357096e+01	1.085113e+05	1.083558e+05	5.787916e+04	5.752531e+04	3.040563e+02	2.810331e+01	2024	4	25	6
	1943	844	93.234090	-10.828110	1.003135e+05	1.267926e+01	1.084786e+05	1.082714e+05	5.784818e+04	5.745810e+04	3.038660e+02	3.512765e+01	2024	4	25	12
	1940	839	92.812216	-11.296859	1.003605e+05	1.760028e+01	1.085410e+05	1.083456e+05	5.785963e+04	5.748528e+04	3.034030e+02	3.841281e+01	2024	4	25	18
	1938	842	92.530966	-11.015610	1.001616e+05	1.907552e+01	1.084155e+05	1.082307e+05	5.774408e+04	5.734901e+04	3.032691e+02	3.481284e+01	2024	4	26	0
	1939	842	92.671591	-11.015610	1.001244e+05	1.951593e+01	1.084755e+05	1.082282e+05	5.774502e+04	5.733143e+04	3.032800e+02	3.347681e+01	2024	4	26	6
	1939	837	92.671591	-11.484359	1.000344e+05	2.037682e+01	1.084352e+05	1.081693e+05	5.769781e+04	5.724466e+04	3.032553e+02	3.016498e+01	2024	4	26	12
	1926	845	90.843468	-10.734360	1.001536e+05	1.665602e+01	1.084509e+05	1.082336e+05	5.777922e+04	5.723838e+04	3.029868e+02	1.829376e+01	2024	4	26	18
	1934	847	91.968467	-10.546860	9.999372e+04	1.414732e+01	1.083668e+05	1.080897e+05	5.764544e+04	5.712720e+04	3.028745e+02	1.926810e+01	2024	4	27	0
	1938	839	92.530966	-11.296859	1.000527e+05	1.394263e+01	1.083907e+05	1.081549e+05	5.768749e+04	5.720298e+04	3.032816e+02	2.608653e+01	2024	4	27	6
	1933	834	91.827842	-11.765609	9.991235e+04	1.550568e+01	1.083565e+05	1.080741e+05	5.766617e+04	5.718539e+04	3.030517e+02	2.150581e+01	2024	4	27	12
	1933	834	91.827842	-11.765609	1.000265e+05	1.754698e+01	1.084470e+05	1.081928e+05	5.771002e+04	5.728071e+04	3.027396e+02	2.317975e+01	2024	4	27	18
	1933	827	91.827842	-12.421858	9.987591e+04	1.824415e+01	1.082708e+05	1.080122e+05	5.754261e+04	5.714076e+04	3.024785e+02	1.672021e+01	2024	4	28	0
	1930	825	91.405967	-12.609357	9.997962e+04	1.641973e+01	1.083358e+05	1.081294e+05	5.765099e+04	5.723559e+04	3.024333e+02	1.812358e+01	2024	4	28	6
	1924	826	90.562218	-12.515608	9.995858e+04	1.480708e+01	1.083275e+05	1.080197e+05	5.765020e+04	5.720179e+04	3.017918e+02	1.738013e+01	2024	4	28	12
	1924	820	90.562218	-13.078107	1.001319e+05	1.662210e+01	1.083420e+05	1.080908e+05	5.773954e+04	5.732643e+04	3.013764e+02	2.033981e+01	2024	4	28	18
	1913	815	89.015345	-13.546856	1.000122e+05	1.727229e+01	1.082692e+05	1.079443e+05	5.759202e+04	5.721593e+04	3.011301e+02	1.801847e+01	2024	4	29	0
	1913	810	89.015345	-14.015606	1.001874e+05	1.815334e+01	1.084000e+05	1.081070e+05	5.768596e+04	5.738882e+04	3.014449e+02	1.813035e+01	2024	4	29	6
	1905	808	87.890346	-14.203105	1.000945e+05	2.096318e+01	1.083445e+05	1.080356e+05	5.763811e+04	5.729973e+04	3.014706e+02	2.072188e+01	2024	4	29	12
	1898	805	86.905972	-14.484355	1.001112e+05	1.742560e+01	1.083523e+05	1.080248e+05	5.769813e+04	5.730338e+04	3.012326e+02	1.796712e+01	2024	4	29	18
	1892	806	86.062223	-14.390605	9.999652e+04	1.721555e+01	1.082249e+05	1.077791e+05	5.761259e+04	5.731982e+04	3.014104e+02	1.338384e+01	2024	4	30	0
	1890	803	85.780973	-14.671855	1.001615e+05	1.545076e+01	1.083381e+05	1.078922e+05	5.773809e+04	5.747079e+04	3.013867e+02	1.459749e+01	2024	4	30	6
	1888	796	85.499723	-15.328104	1.001292e+05	1.689727e+01	1.083132e+05	1.077583e+05	5.768858e+04	5.744106e+04	3.012084e+02	1.673914e+01	2024	4	30	12
	1886	784	85.218474	-16.453102	1.001932e+05	1.913084e+01	1.083761e+05	1.076386e+05	5.773864e+04	5.743343e+04	3.009719e+02	2.326770e+01	2024	4	30	18
	1880	770	84.374725	-17.765600	9.998056e+04	2.217085e+01	1.082688e+05	1.073907e+05	5.762826e+04	5.721976e+04	3.006952e+02	2.687147e+01	2024	5	1	0
start	49	2024	4	26	18
	2102	821	115.593442	-12.984357	1.004077e+05	1.221636e+01	1.085155e+05	1.083517e+05	5.782692e+04	5.762312e+04	3.038913e+02	2.003411e+01	2024	4	26	18
	2096	821	114.749693	-12.984357	1.005708e+05	1.249532e+01	1.085886e+05	1.083988e+05	5.794590e+04	5.764694e+04	3.037715e+02	2.176623e+01	2024	4	27	0
	2090	824	113.905944	-12.703107	1.003423e+05	1.305031e+01	1.083916e+05	1.082228e+05	5.781298e+04	5.738749e+04	3.037865e+02	1.335270e+01	2024	4	27	6
	2084	817	113.062195	-13.359356	1.004790e+05	1.298988e+01	1.085358e+05	1.083443e+05	5.791585e+04	5.754274e+04	3.037766e+02	1.953923e+01	2024	4	27	12
	2082	817	112.780945	-13.359356	1.004276e+05	1.332722e+01	1.085145e+05	1.083028e+05	5.780607e+04	5.741177e+04	3.036433e+02	2.841230e+01	2024	4	27	18
	2073	815	111.515321	-13.546856	1.004384e+05	1.372259e+01	1.085252e+05	1.082626e+05	5.790976e+04	5.736886e+04	3.036074e+02	1.761704e+01	2024	4	28	0
	2073	816	111.515321	-13.453106	1.002901e+05	1.340911e+01	1.083966e+05	1.081857e+05	5.782406e+04	5.724800e+04	3.035553e+02	1.732779e+01	2024	4	28	6
	2069	816	110.952822	-13.453106	1.003836e+05	1.384198e+01	1.085821e+05	1.083516e+05	5.792690e+04	5.733522e+04	3.035336e+02	2.627898e+01	2024	4	28	12
	2066	813	110.530947	-13.734356	1.002440e+05	1.611710e+01	1.085699e+05	1.083330e+05	5.786664e+04	5.728252e+04	3.034937e+02	2.698710e+01	2024	4	28	18
	2064	814	110.249698	-13.640606	1.001902e+05	1.675894e+01	1.085857e+05	1.082800e+05	5.789475e+04	5.719243e+04	3.034171e+02	2.275237e+01	2024	4	29	0
	2062	813	109.968448	-13.734356	9.988482e+04	1.715881e+01	1.084640e+05	1.081426e+05	5.779689e+04	5.710302e+04	3.034355e+02	2.486207e+01	2024	4	29	6
	2061	810	109.827823	-14.015606	9.994362e+04	1.802761e+01	1.085391e+05	1.082492e+05	5.788525e+04	5.719890e+04	3.033846e+02	2.496362e+01	2024	4	29	12
	2059	810	109.546573	-14.015606	9.978424e+04	1.874743e+01	1.084499e+05	1.082002e+05	5.785997e+04	5.717043e+04	3.032995e+02	2.748795e+01	2024	4	29	18
	2059	810	109.546573	-14.015606	9.984645e+04	1.939104e+01	1.085273e+05	1.082261e+05	5.786808e+04	5.720775e+04	3.032695e+02	2.840507e+01	2024	4	30	0
	2056	808	109.124699	-14.203105	9.963608e+04	2.015810e+01	1.084358e+05	1.082211e+05	5.778296e+04	5.707704e+04	3.032983e+02	3.038882e+01	2024	4	30	6
	2054	808	108.843449	-14.203105	9.968290e+04	2.257125e+01	1.085552e+05	1.083026e+05	5.786871e+04	5.715147e+04	3.032695e+02	2.768085e+01	2024	4	30	12
	2050	809	108.280950	-14.109355	9.960893e+04	2.272066e+01	1.084386e+05	1.082045e+05	5.781361e+04	5.717896e+04	3.033243e+02	2.400052e+01	2024	4	30	18
	2045	811	107.577825	-13.921856	9.967303e+04	2.395823e+01	1.085163e+05	1.082445e+05	5.783923e+04	5.725695e+04	3.033899e+02	2.344056e+01	2024	5	1	0
	2040	814	106.874701	-13.640606	9.951368e+04	2.357762e+01	1.084406e+05	1.082379e+05	5.779847e+04	5.724624e+04	3.036926e+02	1.779059e+01	2024	5	1	6
	2034	816	106.030952	-13.453106	9.978391e+04	2.068266e+01	1.085794e+05	1.083839e+05	5.787392e+04	5.759724e+04	3.037737e+02	1.762208e+01	2024	5	1	12
	2029	821	105.327828	-12.984357	9.983555e+04	1.820061e+01	1.085227e+05	1.083206e+05	5.786683e+04	5.755176e+04	3.037528e+02	2.898361e+01	2024	5	1	18
	2027	823	105.046578	-12.796857	9.982194e+04	1.868636e+01	1.085385e+05	1.083219e+05	5.784262e+04	5.742388e+04	3.036981e+02	2.677491e+01	2024	5	2	0
	2023	826	104.484079	-12.515608	9.972075e+04	1.931021e+01	1.084692e+05	1.081744e+05	5.783388e+04	5.718616e+04	3.036974e+02	1.978654e+01	2024	5	2	6
	2019	826	103.921579	-12.515608	9.986130e+04	2.025069e+01	1.085729e+05	1.082884e+05	5.787558e+04	5.730347e+04	3.036477e+02	2.451492e+01	2024	5	2	12
	2016	828	103.499705	-12.328108	9.980191e+04	1.882537e+01	1.085460e+05	1.082229e+05	5.787682e+04	5.715779e+04	3.035753e+02	3.488745e+01	2024	5	2	18
	2014	828	103.218455	-12.328108	9.976466e+04	1.815265e+01	1.084801e+05	1.079707e+05	5.778310e+04	5.710200e+04	3.034554e+02	3.035763e+01	2024	5	3	0
	2012	828	102.937205	-12.328108	9.947702e+04	1.961311e+01	1.084122e+05	1.079589e+05	5.776147e+04	5.685468e+04	3.033723e+02	3.118666e+01	2024	5	3	6
	2009	825	102.515331	-12.609357	9.945767e+04	2.078992e+01	1.084834e+05	1.080001e+05	5.781866e+04	5.680700e+04	3.030664e+02	3.019626e+01	2024	5	3	12
	2002	820	101.530957	-13.078107	9.955236e+04	1.992146e+01	1.084172e+05	1.079735e+05	5.783316e+04	5.682966e+04	3.026776e+02	3.141193e+01	2024	5	3	18
	1996	821	100.687208	-12.984357	9.941499e+04	1.986211e+01	1.083659e+05	1.080297e+05	5.777527e+04	5.670829e+04	3.027126e+02	2.936224e+01	2024	5	4	0
	1994	821	100.405958	-12.984357	9.925555e+04	2.075410e+01	1.083490e+05	1.078247e+05	5.777380e+04	5.658863e+04	3.026870e+02	3.249791e+01	2024	5	4	6
	1991	821	99.984083	-12.984357	9.919766e+04	2.196809e+01	1.083242e+05	1.077745e+05	5.781902e+04	5.651601e+04	3.026203e+02	3.094290e+01	2024	5	4	12
	1987	821	99.421584	-12.984357	9.916090e+04	2.223332e+01	1.083413e+05	1.078181e+05	5.780871e+04	5.656055e+04	3.024830e+02	3.318951e+01	2024	5	4	18
	1985	820	99.140334	-13.078107	9.916248e+04	2.335639e+01	1.082423e+05	1.078325e+05	5.776625e+04	5.658650e+04	3.022950e+02	3.049969e+01	2024	5	5	0
	1981	821	98.577835	-12.984357	9.906352e+04	2.296309e+01	1.082350e+05	1.077882e+05	5.775504e+04	5.660203e+04	3.023015e+02	3.194911e+01	2024	5	5	6
	1981	821	98.577835	-12.984357	9.896636e+04	2.417286e+01	1.081909e+05	1.077391e+05	5.772225e+04	5.664460e+04	3.022162e+02	3.103624e+01	2024	5	5	12
	1981	820	98.577835	-13.078107	9.856685e+04	2.680743e+01	1.082038e+05	1.076124e+05	5.774253e+04	5.630392e+04	3.020614e+02	3.112610e+01	2024	5	5	18
	1980	818	98.437210	-13.265607	9.835338e+04	2.699026e+01	1.081217e+05	1.074589e+05	5.767087e+04	5.620600e+04	3.017798e+02	2.749706e+01	2024	5	6	0
	1980	813	98.437210	-13.734356	9.803225e+04	3.081281e+01	1.081520e+05	1.073277e+05	5.771778e+04	5.579004e+04	3.013344e+02	2.708306e+01	2024	5	6	6
	1979	808	98.296585	-14.203105	9.842415e+04	2.582911e+01	1.081164e+05	1.074820e+05	5.769145e+04	5.615975e+04	3.013013e+02	2.587530e+01	2024	5	6	12
	1977	803	98.015335	-14.671855	9.849137e+04	2.670716e+01	1.082075e+05	1.076225e+05	5.769347e+04	5.622691e+04	3.012564e+02	2.816117e+01	2024	5	6	18
	1978	801	98.155960	-14.859354	9.855846e+04	2.650559e+01	1.080760e+05	1.076251e+05	5.764304e+04	5.638268e+04	3.012081e+02	2.701371e+01	2024	5	7	0
	1981	796	98.577835	-15.328104	9.818709e+04	3.006735e+01	1.080810e+05	1.074766e+05	5.769326e+04	5.608851e+04	3.012462e+02	2.028700e+01	2024	5	7	6
	1982	796	98.718460	-15.328104	9.891251e+04	2.159344e+01	1.081606e+05	1.075600e+05	5.774257e+04	5.671679e+04	3.012278e+02	1.956417e+01	2024	5	7	12
	1985	794	99.140334	-15.515603	9.882720e+04	2.442486e+01	1.082600e+05	1.076496e+05	5.781082e+04	5.662932e+04	3.012907e+02	2.270042e+01	2024	5	7	18
	1986	793	99.280959	-15.609353	9.905557e+04	2.062863e+01	1.081766e+05	1.075482e+05	5.770870e+04	5.701082e+04	3.013407e+02	1.739075e+01	2024	5	8	0
	1989	789	99.702834	-15.984353	9.944432e+04	1.949711e+01	1.081195e+05	1.073858e+05	5.777059e+04	5.728466e+04	3.013929e+02	1.606349e+01	2024	5	8	6
	1991	786	99.984083	-16.265602	9.961366e+04	2.070011e+01	1.082448e+05	1.072707e+05	5.776714e+04	5.721712e+04	3.014410e+02	1.605703e+01	2024	5	8	12
	1991	784	99.984083	-16.453102	9.971052e+04	1.849818e+01	1.082458e+05	1.072771e+05	5.781982e+04	5.744118e+04	3.013854e+02	1.171071e+01	2024	5	8	18
start	11	2024	5	6	0
	2524	859	174.937130	-9.421862	1.001580e+05	1.753439e+01	1.085314e+05	1.082719e+05	5.770280e+04	5.724121e+04	3.035415e+02	3.046449e+01	2024	5	6	0
	2534	844	176.343379	-10.828110	9.998168e+04	1.681978e+01	1.084490e+05	1.081053e+05	5.763475e+04	5.706136e+04	3.033671e+02	2.537715e+01	2024	5	6	6
	2541	830	177.327753	-12.140608	9.982957e+04	1.509865e+01	1.085003e+05	1.081894e+05	5.772314e+04	5.711478e+04	3.028509e+02	3.044380e+01	2024	5	6	12
	2549	829	178.452751	-12.234358	9.975741e+04	1.714240e+01	1.083997e+05	1.079664e+05	5.766982e+04	5.708967e+04	3.028054e+02	2.778619e+01	2024	5	6	18
	0	822	-180.000000	-12.890607	9.979598e+04	1.814878e+01	1.084690e+05	1.080778e+05	5.769819e+04	5.718382e+04	3.025722e+02	2.675779e+01	2024	5	7	0
	9	820	-178.734376	-13.078107	9.974008e+04	1.818066e+01	1.084524e+05	1.081041e+05	5.769871e+04	5.709177e+04	3.024449e+02	2.095919e+01	2024	5	7	6
	20	815	-177.187503	-13.546856	9.980830e+04	1.785550e+01	1.084400e+05	1.080724e+05	5.776226e+04	5.714027e+04	3.021623e+02	1.883692e+01	2024	5	7	12
	33	813	-175.359380	-13.734356	9.978952e+04	1.684790e+01	1.083724e+05	1.078876e+05	5.771404e+04	5.701153e+04	3.021341e+02	1.945346e+01	2024	5	7	18
	50	781	-172.968757	-16.734352	9.964627e+04	1.936883e+01	1.084814e+05	1.076058e+05	5.765016e+04	5.684195e+04	3.016186e+02	2.803436e+01	2024	5	8	0
	56	779	-172.125008	-16.921851	9.939162e+04	2.175116e+01	1.084330e+05	1.074870e+05	5.765235e+04	5.680821e+04	3.016592e+02	2.350299e+01	2024	5	8	6
	65	785	-170.859385	-16.359352	9.933379e+04	1.984713e+01	1.083753e+05	1.074297e+05	5.767497e+04	5.673514e+04	3.020858e+02	1.277414e+01	2024	5	8	12
start	35	2024	7	19	18
	2201	1068	129.515302	10.171861	1.003904e+05	1.154757e+01	1.082134e+05	1.080442e+05	5.766375e+04	5.733462e+04	3.035413e+02	2.229499e+01	2024	7	19	18
	2198	1077	129.093428	11.015610	1.004736e+05	1.094859e+01	1.083844e+05	1.082045e+05	5.783324e+04	5.746926e+04	3.034714e+02	2.743752e+01	2024	7	20	0
	2193	1080	128.390304	11.296859	1.002703e+05	1.096082e+01	1.083925e+05	1.081214e+05	5.776879e+04	5.732471e+04	3.036031e+02	3.275345e+01	2024	7	20	6
	2185	1082	127.265305	11.484359	1.004355e+05	1.211107e+01	1.084766e+05	1.082800e+05	5.789759e+04	5.738918e+04	9.999000e+03	2.986966e+01	2024	7	20	12
	2181	1087	126.702805	11.953108	1.002546e+05	1.429378e+01	1.083393e+05	1.080315e+05	5.775388e+04	5.722486e+04	9.999000e+03	2.498840e+01	2024	7	20	18
	2171	1102	125.296557	13.359356	1.003355e+05	1.360264e+01	1.084161e+05	1.082321e+05	5.788023e+04	5.736095e+04	9.999000e+03	3.278650e+01	2024	7	21	0
	2166	1104	124.593433	13.546856	1.001207e+05	1.618931e+01	1.084249e+05	1.081734e+05	5.780902e+04	5.721395e+04	9.999000e+03	3.720214e+01	2024	7	21	6
	2158	1114	123.468434	14.484355	1.002174e+05	1.550274e+01	1.086015e+05	1.082616e+05	5.795910e+04	5.729441e+04	9.999000e+03	2.634140e+01	2024	7	21	12
	2148	1112	122.062185	14.296855	1.000808e+05	1.473086e+01	1.084798e+05	1.081943e+05	5.785100e+04	5.722691e+04	9.999000e+03	3.622746e+01	2024	7	21	18
	2141	1116	121.077811	14.671855	1.002866e+05	1.333062e+01	1.085625e+05	1.082293e+05	5.793233e+04	5.731503e+04	9.999000e+03	4.619002e+01	2024	7	22	0
	2131	1133	119.671563	16.265602	1.001067e+05	1.269097e+01	1.084946e+05	1.081335e+05	5.794191e+04	5.723067e+04	9.999000e+03	3.449817e+01	2024	7	22	6
	2131	1133	119.671563	16.265602	1.000523e+05	1.768521e+01	1.086083e+05	1.082487e+05	5.796771e+04	5.720173e+04	9.999000e+03	2.939292e+01	2024	7	22	12
	2120	1144	118.124689	17.296851	9.991992e+04	1.712653e+01	1.085032e+05	1.080978e+05	5.784709e+04	5.710625e+04	9.999000e+03	3.012486e+01	2024	7	22	18
	2113	1147	117.140315	17.578101	9.993713e+04	1.551031e+01	1.085207e+05	1.080899e+05	5.791377e+04	5.715230e+04	3.034645e+02	2.868926e+01	2024	7	23	0
	2106	1146	116.155941	17.484351	9.962136e+04	1.701376e+01	1.084748e+05	1.080264e+05	5.780943e+04	5.679981e+04	3.034596e+02	2.131742e+01	2024	7	23	6
	2100	1144	115.312192	17.296851	9.962733e+04	1.609187e+01	1.085403e+05	1.080356e+05	5.779639e+04	5.682500e+04	3.035722e+02	1.909405e+01	2024	7	23	12
	2099	1145	115.171567	17.390601	9.945491e+04	1.502031e+01	1.083791e+05	1.080873e+05	5.768465e+04	5.678327e+04	3.034346e+02	3.776464e+01	2024	7	23	18
	2095	1147	114.609068	17.578101	9.938753e+04	1.509822e+01	1.084130e+05	1.080565e+05	5.763809e+04	5.674557e+04	3.033899e+02	3.171882e+01	2024	7	24	0
	2091	1147	114.046569	17.578101	9.913588e+04	1.533165e+01	1.083785e+05	1.079959e+05	5.757918e+04	5.656846e+04	3.034398e+02	2.116647e+01	2024	7	24	6
	2089	1147	113.765319	17.578101	9.898611e+04	1.702428e+01	1.083945e+05	1.080200e+05	5.757916e+04	5.655776e+04	3.034697e+02	2.921698e+01	2024	7	24	12
	2086	1149	113.343444	17.765600	9.884622e+04	1.791077e+01	1.082843e+05	1.079011e+05	5.749184e+04	5.642601e+04	3.034535e+02	3.811813e+01	2024	7	24	18
	2084	1149	113.062195	17.765600	9.865394e+04	1.970727e+01	1.083434e+05	1.078058e+05	5.741665e+04	5.630214e+04	3.033653e+02	3.309343e+01	2024	7	25	0
	2079	1152	112.359070	18.046850	9.848138e+04	2.031269e+01	1.083225e+05	1.076319e+05	5.737981e+04	5.613705e+04	9.999000e+03	2.881690e+01	2024	7	25	6
	2077	1152	112.077821	18.046850	9.839502e+04	2.132182e+01	1.083959e+05	1.076129e+05	5.743539e+04	5.608463e+04	9.999000e+03	3.104551e+01	2024	7	25	12
	2071	1154	111.234072	18.234350	9.813877e+04	2.407168e+01	1.083384e+05	1.076161e+05	5.740793e+04	5.601988e+04	9.999000e+03	4.003497e+01	2024	7	25	18
	2066	1157	110.530947	18.515599	9.828160e+04	2.596499e+01	1.084522e+05	1.075217e+05	5.748716e+04	5.590439e+04	9.999000e+03	3.710151e+01	2024	7	26	0
	2058	1157	109.405948	18.515599	9.850998e+04	2.358017e+01	1.084274e+05	1.074919e+05	5.749199e+04	5.592088e+04	9.999000e+03	3.157547e+01	2024	7	26	6
	2051	1164	108.421574	19.171848	9.844684e+04	2.126914e+01	1.085249e+05	1.075802e+05	5.755678e+04	5.607131e+04	9.999000e+03	3.896642e+01	2024	7	26	12
	2047	1166	107.859075	19.359348	9.853784e+04	2.260611e+01	1.084757e+05	1.076346e+05	5.760538e+04	5.614159e+04	9.999000e+03	4.332088e+01	2024	7	26	18
	2042	1169	107.155951	19.640598	9.836463e+04	2.596221e+01	1.084937e+05	1.077475e+05	5.761358e+04	5.608529e+04	9.999000e+03	3.870658e+01	2024	7	27	0
	2038	1173	106.593451	20.015597	9.838433e+04	2.510484e+01	1.085081e+05	1.077735e+05	5.765304e+04	5.622002e+04	9.999000e+03	3.036537e+01	2024	7	27	6
	2035	1178	106.171577	20.484347	9.875641e+04	1.848377e+01	1.086722e+05	1.079560e+05	5.766729e+04	5.648086e+04	9.999000e+03	2.910699e+01	2024	7	27	12
	2030	1185	105.468453	21.140596	9.926409e+04	1.460025e+01	1.085428e+05	1.081014e+05	5.766004e+04	5.678857e+04	9.999000e+03	2.555215e+01	2024	7	27	18
	2027	1190	105.046578	21.609345	9.984931e+04	1.124894e+01	1.085466e+05	1.082115e+05	5.767015e+04	5.696812e+04	9.999000e+03	1.920929e+01	2024	7	28	0
	2027	1192	105.046578	21.796845	1.000457e+05	6.396063e+00	1.086725e+05	1.084350e+05	5.772611e+04	5.722673e+04	9.999000e+03	1.513880e+01	2024	7	28	6
start	43	2024	7	26	18
	2341	1094	149.202782	12.609357	1.003848e+05	1.396375e+01	1.085058e+05	1.082717e+05	5.780714e+04	5.737543e+04	3.035011e+02	2.435844e+01	2024	7	26	18
	2334	1097	148.218408	12.890607	1.004957e+05	1.320030e+01	1.085953e+05	1.084523e+05	5.796898e+04	5.745013e+04	3.034389e+02	2.139999e+01	2024	7	27	0
	2330	1104	147.655909	13.546856	1.002229e+05	1.269987e+01	1.085075e+05	1.082934e+05	5.783582e+04	5.724010e+04	3.033734e+02	2.795852e+01	2024	7	27	6
	2323	1109	146.671535	14.015606	1.003477e+05	1.516913e+01	1.086583e+05	1.084309e+05	5.794593e+04	5.741201e+04	9.999000e+03	3.266074e+01	2024	7	27	12
	2316	1114	145.687161	14.484355	9.996604e+04	1.700287e+01	1.084868e+05	1.081644e+05	5.773262e+04	5.705221e+04	9.999000e+03	2.468308e+01	2024	7	27	18
	2311	1116	144.984036	14.671855	1.000269e+05	1.794531e+01	1.085689e+05	1.083446e+05	5.783887e+04	5.709742e+04	9.999000e+03	3.453559e+01	2024	7	28	0
	2306	1121	144.280912	15.140604	9.974848e+04	1.670187e+01	1.084460e+05	1.078578e+05	5.766932e+04	5.666359e+04	9.999000e+03	2.719177e+01	2024	7	28	6
	2303	1126	143.859038	15.609353	9.988966e+04	1.830843e+01	1.086105e+05	1.081339e+05	5.783258e+04	5.693663e+04	3.034279e+02	2.251492e+01	2024	7	28	12
	2297	1130	143.015288	15.984353	9.958500e+04	1.620894e+01	1.083755e+05	1.079554e+05	5.762529e+04	5.677308e+04	3.035368e+02	2.264776e+01	2024	7	28	18
	2294	1135	142.593414	16.453102	9.964175e+04	1.852378e+01	1.085165e+05	1.080836e+05	5.771765e+04	5.687439e+04	3.035229e+02	3.340177e+01	2024	7	29	0
	2291	1142	142.171539	17.109351	9.929543e+04	1.898755e+01	1.083753e+05	1.078298e+05	5.758325e+04	5.641840e+04	3.035505e+02	3.304465e+01	2024	7	29	6
	2290	1147	142.030914	17.578101	9.935649e+04	1.936811e+01	1.085207e+05	1.077092e+05	5.773958e+04	5.641299e+04	3.035262e+02	3.005170e+01	2024	7	29	12
	2285	1154	141.327790	18.234350	9.903905e+04	1.978062e+01	1.082933e+05	1.077023e+05	5.753962e+04	5.632402e+04	3.034884e+02	3.354057e+01	2024	7	29	18
	2283	1159	141.046540	18.703099	9.913502e+04	2.008149e+01	1.084906e+05	1.078028e+05	5.762057e+04	5.647747e+04	3.034774e+02	4.148270e+01	2024	7	30	0
	2281	1166	140.765291	19.359348	9.888256e+04	1.915896e+01	1.083134e+05	1.075479e+05	5.746594e+04	5.615570e+04	3.034489e+02	3.788067e+01	2024	7	30	6
	2280	1173	140.624666	20.015597	9.892372e+04	1.992402e+01	1.084743e+05	1.076385e+05	5.759841e+04	5.630118e+04	3.033279e+02	3.189331e+01	2024	7	30	12
	2274	1178	139.780917	20.484347	9.866216e+04	2.082826e+01	1.082245e+05	1.076202e+05	5.736508e+04	5.624777e+04	3.033831e+02	3.158737e+01	2024	7	30	18
	2269	1185	139.077792	21.140596	9.878672e+04	2.041697e+01	1.083808e+05	1.076620e+05	5.748817e+04	5.631488e+04	3.033502e+02	2.936299e+01	2024	7	31	0
	2266	1188	138.655918	21.421845	9.856179e+04	2.036070e+01	1.082782e+05	1.076421e+05	5.738402e+04	5.620971e+04	3.034098e+02	2.652613e+01	2024	7	31	6
	2260	1188	137.812169	21.421845	9.867609e+04	2.071473e+01	1.084353e+05	1.077698e+05	5.750156e+04	5.639046e+04	3.034723e+02	1.961877e+01	2024	7	31	12
	2253	1190	136.827795	21.609345	9.841610e+04	1.950656e+01	1.083115e+05	1.077344e+05	5.735349e+04	5.618160e+04	3.034514e+02	2.130509e+01	2024	7	31	18
	2249	1195	136.265295	22.078094	9.851973e+04	1.853885e+01	1.084458e+05	1.078948e+05	5.746072e+04	5.630569e+04	3.033976e+02	2.357496e+01	2024	8	1	0
	2245	1200	135.702796	22.546844	9.836410e+04	1.899112e+01	1.083875e+05	1.076148e+05	5.738745e+04	5.614415e+04	3.033939e+02	1.920383e+01	2024	8	1	6
	2237	1202	134.577797	22.734343	9.841613e+04	2.048013e+01	1.085063e+05	1.076899e+05	5.750286e+04	5.625577e+04	3.032613e+02	1.519077e+01	2024	8	1	12
	2230	1205	133.593423	23.015593	9.822634e+04	1.916320e+01	1.084048e+05	1.077454e+05	5.740176e+04	5.610533e+04	3.030862e+02	2.307070e+01	2024	8	1	18
	2221	1209	132.327800	23.390592	9.825111e+04	1.937260e+01	1.084842e+05	1.074902e+05	5.748350e+04	5.596165e+04	3.031240e+02	2.537573e+01	2024	8	2	0
	2215	1214	131.484050	23.859342	9.793893e+04	1.988177e+01	1.083922e+05	1.073036e+05	5.741688e+04	5.562393e+04	3.029786e+02	1.757520e+01	2024	8	2	6
	2207	1216	130.359052	24.046842	9.781330e+04	2.035025e+01	1.084503e+05	1.072585e+05	5.751911e+04	5.547591e+04	3.028435e+02	1.843111e+01	2024	8	2	12
	2200	1221	129.374678	24.515591	9.771174e+04	2.231552e+01	1.083411e+05	1.073315e+05	5.738905e+04	5.549752e+04	3.026739e+02	2.685105e+01	2024	8	2	18
	2198	1226	129.093428	24.984340	9.783888e+04	2.250113e+01	1.084110e+05	1.074772e+05	5.745657e+04	5.566141e+04	9.999000e+03	2.096581e+01	2024	8	3	0
	2193	1231	128.390304	25.453090	9.761956e+04	2.273986e+01	1.082805e+05	1.074349e+05	5.740389e+04	5.553761e+04	9.999000e+03	1.906243e+01	2024	8	3	6
	2189	1238	127.827804	26.109339	9.760451e+04	2.424300e+01	1.084320e+05	1.076309e+05	5.754552e+04	5.555546e+04	9.999000e+03	2.535596e+01	2024	8	3	12
	2185	1245	127.265305	26.765588	9.754431e+04	2.430273e+01	1.083334e+05	1.075142e+05	5.738432e+04	5.550159e+04	9.999000e+03	2.480547e+01	2024	8	3	18
	2180	1255	126.562181	27.703087	9.738994e+04	2.567166e+01	1.083357e+05	1.074817e+05	5.743369e+04	5.545446e+04	9.999000e+03	1.971124e+01	2024	8	4	0
	2177	1259	126.140306	28.078086	9.734392e+04	2.503611e+01	1.083203e+05	1.073606e+05	5.735246e+04	5.539414e+04	3.026123e+02	1.840487e+01	2024	8	4	6
	2176	1269	125.999681	29.015585	9.738908e+04	2.571251e+01	1.084707e+05	1.076022e+05	5.751720e+04	5.545071e+04	3.024007e+02	2.211728e+01	2024	8	4	12
	2176	1281	125.999681	30.140583	9.717694e+04	2.772281e+01	1.083584e+05	1.075686e+05	5.742405e+04	5.532136e+04	3.022803e+02	2.781831e+01	2024	8	4	18
	2180	1298	126.562181	31.734331	9.717112e+04	3.077284e+01	1.084573e+05	1.076118e+05	5.759636e+04	5.543047e+04	9.999000e+03	3.395824e+01	2024	8	5	0
	2183	1317	126.984055	33.515578	9.723345e+04	3.076079e+01	1.084840e+05	1.074380e+05	5.759069e+04	5.554356e+04	9.999000e+03	2.907477e+01	2024	8	5	6
	2188	1334	127.687179	35.109326	9.816230e+04	2.616451e+01	1.086815e+05	1.071609e+05	5.776525e+04	5.618491e+04	9.999000e+03	2.971192e+01	2024	8	5	12
	2197	1365	128.952803	38.015572	9.833024e+04	2.382464e+01	1.085231e+05	1.065616e+05	5.761555e+04	5.631188e+04	9.999000e+03	3.916728e+01	2024	8	5	18
	2202	1384	129.655927	39.796820	9.831171e+04	2.095192e+01	1.085632e+05	1.061648e+05	5.754005e+04	5.624568e+04	9.999000e+03	3.429816e+01	2024	8	6	0
	2212	1408	131.062176	42.046817	9.851505e+04	1.882308e+01	1.085730e+05	1.059829e+05	5.745393e+04	5.596604e+04	9.999000e+03	3.602896e+01	2024	8	6	6
start	15	2024	8	2	6
	2440	1054	163.124642	8.859363	1.001671e+05	1.223020e+01	1.082170e+05	1.078598e+05	5.743012e+04	5.715552e+04	3.034155e+02	3.211935e+01	2024	8	2	6
	2440	1056	163.124642	9.046862	1.003554e+05	1.120725e+01	1.083572e+05	1.080285e+05	5.759736e+04	5.727962e+04	3.031093e+02	2.977749e+01	2024	8	2	12
	2440	1053	163.124642	8.765613	1.000428e+05	1.199084e+01	1.081144e+05	1.077925e+05	5.737174e+04	5.700908e+04	3.031389e+02	2.023086e+01	2024	8	2	18
	2446	1053	163.968392	8.765613	1.002269e+05	1.327429e+01	1.083317e+05	1.080306e+05	5.756789e+04	5.717386e+04	3.031586e+02	2.935690e+01	2024	8	3	0
	2449	1066	164.390266	9.984361	9.996605e+04	1.322733e+01	1.082004e+05	1.078495e+05	5.742933e+04	5.707191e+04	3.031852e+02	3.088513e+01	2024	8	3	6
	2449	1085	164.390266	11.765609	1.000902e+05	1.423373e+01	1.083444e+05	1.079640e+05	5.761118e+04	5.717023e+04	3.027055e+02	3.239293e+01	2024	8	3	12
	2450	1089	164.530891	12.140608	9.983247e+04	1.358156e+01	1.082130e+05	1.077823e+05	5.741302e+04	5.704808e+04	3.026790e+02	2.266841e+01	2024	8	3	18
	2452	1099	164.812141	13.078107	9.999052e+04	1.619731e+01	1.083341e+05	1.078613e+05	5.764365e+04	5.713610e+04	3.027067e+02	2.271407e+01	2024	8	4	0
	2452	1109	164.812141	14.015606	9.989181e+04	1.294975e+01	1.082904e+05	1.077619e+05	5.750539e+04	5.712990e+04	3.028086e+02	2.086074e+01	2024	8	4	6
	2452	1116	164.812141	14.671855	1.001497e+05	1.456429e+01	1.084986e+05	1.080186e+05	5.769952e+04	5.727169e+04	3.026497e+02	2.380050e+01	2024	8	4	12
	2448	1123	164.249641	15.328104	9.998688e+04	1.409997e+01	1.083113e+05	1.079246e+05	5.759734e+04	5.711762e+04	3.026978e+02	1.576234e+01	2024	8	4	18
	2450	1128	164.530891	15.796853	1.002577e+05	1.354860e+01	1.085537e+05	1.081974e+05	5.785293e+04	5.745011e+04	3.028276e+02	1.502840e+01	2024	8	5	0
	2447	1137	164.109016	16.640602	1.001210e+05	1.452859e+01	1.085209e+05	1.082012e+05	5.771753e+04	5.744835e+04	3.034403e+02	1.472662e+01	2024	8	5	6
	2446	1152	163.968392	18.046850	1.003367e+05	1.529085e+01	1.087143e+05	1.083167e+05	5.788606e+04	5.752214e+04	3.034014e+02	1.938011e+01	2024	8	5	12
	2442	1161	163.405892	18.890599	1.001407e+05	1.460454e+01	1.085303e+05	1.080948e+05	5.775189e+04	5.741898e+04	3.035163e+02	1.243267e+01	2024	8	5	18
start	33	2024	8	3	18
	2322	1101	146.530910	13.265607	9.961238e+04	1.495619e+01	1.080125e+05	1.078465e+05	5.723661e+04	5.686261e+04	9.999000e+03	4.216064e+01	2024	8	3	18
	2332	1096	147.937158	12.796857	9.970365e+04	1.662958e+01	1.081761e+05	1.079383e+05	5.743033e+04	5.693206e+04	3.029197e+02	4.580212e+01	2024	8	4	0
	2337	1096	148.640283	12.796857	9.938486e+04	1.833542e+01	1.080237e+05	1.077770e+05	5.722108e+04	5.670979e+04	3.029810e+02	3.873466e+01	2024	8	4	6
	2344	1104	149.624657	13.546856	9.955382e+04	1.730304e+01	1.082561e+05	1.078730e+05	5.750223e+04	5.690199e+04	3.029285e+02	4.644785e+01	2024	8	4	12
	2346	1109	149.905906	14.015606	9.923262e+04	1.573038e+01	1.080910e+05	1.077168e+05	5.730457e+04	5.667966e+04	3.028310e+02	4.403539e+01	2024	8	4	18
	2351	1113	150.609030	14.390605	9.939052e+04	1.583474e+01	1.083508e+05	1.078743e+05	5.757298e+04	5.676967e+04	3.028189e+02	4.521976e+01	2024	8	5	0
	2354	1121	151.030905	15.140604	9.911055e+04	1.812982e+01	1.082889e+05	1.077665e+05	5.738985e+04	5.656103e+04	3.030530e+02	3.547566e+01	2024	8	5	6
	2362	1135	152.155904	16.453102	9.926476e+04	1.851744e+01	1.084937e+05	1.079246e+05	5.766597e+04	5.669319e+04	3.032552e+02	3.726183e+01	2024	8	5	12
	2366	1144	152.718403	17.296851	9.885011e+04	2.042935e+01	1.082625e+05	1.076367e+05	5.754377e+04	5.631246e+04	3.032657e+02	3.707317e+01	2024	8	5	18
	2368	1152	152.999653	18.046850	9.890716e+04	1.935266e+01	1.085261e+05	1.078040e+05	5.767677e+04	5.657043e+04	3.033145e+02	2.983377e+01	2024	8	6	0
	2376	1161	154.124652	18.890599	9.872268e+04	2.004579e+01	1.084154e+05	1.077044e+05	5.754434e+04	5.650018e+04	3.034322e+02	2.693637e+01	2024	8	6	6
	2380	1176	154.687151	20.296847	9.892571e+04	1.850019e+01	1.085726e+05	1.079084e+05	5.774457e+04	5.666993e+04	3.034628e+02	2.863894e+01	2024	8	6	12
	2388	1185	155.812150	21.140596	9.866113e+04	1.953395e+01	1.083303e+05	1.075878e+05	5.751424e+04	5.642444e+04	3.033889e+02	2.510390e+01	2024	8	6	18
	2396	1207	156.937149	23.203093	9.865939e+04	1.965844e+01	1.084882e+05	1.076632e+05	5.754523e+04	5.651991e+04	3.033494e+02	2.477760e+01	2024	8	7	0
	2404	1219	158.062148	24.328091	9.836267e+04	1.994118e+01	1.083605e+05	1.075798e+05	5.740865e+04	5.619428e+04	3.033831e+02	2.390643e+01	2024	8	7	6
	2416	1231	159.749646	25.453090	9.836421e+04	2.328838e+01	1.084474e+05	1.072840e+05	5.764486e+04	5.632570e+04	3.031402e+02	2.136356e+01	2024	8	7	12
	2433	1250	162.140268	27.234337	9.793911e+04	2.261135e+01	1.082962e+05	1.060312e+05	5.734342e+04	5.605804e+04	3.025702e+02	2.603524e+01	2024	8	7	18
	2450	1269	164.530891	29.015585	9.757400e+04	2.339872e+01	1.083376e+05	1.052726e+05	5.737402e+04	5.573004e+04	3.004871e+02	3.662647e+01	2024	8	8	0
	2468	1291	167.062138	31.078082	9.705977e+04	2.486973e+01	1.080683e+05	1.048777e+05	5.714823e+04	5.528714e+04	2.982856e+02	5.261550e+01	2024	8	8	6
	2477	1312	168.327762	33.046829	9.650976e+04	2.788740e+01	1.077864e+05	1.048450e+05	5.685891e+04	5.431651e+04	2.968102e+02	3.865197e+01	2024	8	8	12
	2486	1322	169.593386	33.984328	9.594455e+04	2.709721e+01	1.074383e+05	1.042527e+05	5.654631e+04	5.354875e+04	2.954383e+02	1.727125e+01	2024	8	8	18
	2492	1332	170.437135	34.921826	9.603348e+04	2.540263e+01	1.071751e+05	1.039078e+05	5.629239e+04	5.336033e+04	2.940680e+02	9.266851e+00	2024	8	9	0
	2507	1344	172.546508	36.046825	9.622202e+04	2.288842e+01	1.069483e+05	1.037679e+05	5.626091e+04	5.339332e+04	2.935163e+02	1.051012e+01	2024	8	9	6
	2513	1358	173.390257	37.359323	9.658727e+04	2.129048e+01	1.063781e+05	1.037926e+05	5.601483e+04	5.357342e+04	2.929311e+02	1.001848e+01	2024	8	9	12
	2521	1370	174.515256	38.484322	9.677739e+04	2.061028e+01	1.058958e+05	1.035519e+05	5.582756e+04	5.352163e+04	2.925590e+02	9.172804e+00	2024	8	9	18
	2525	1382	175.077755	39.609320	9.699859e+04	1.940373e+01	1.055241e+05	1.035134e+05	5.588155e+04	5.365068e+04	2.917791e+02	8.183290e+00	2024	8	10	0
	2525	1394	175.077755	40.734318	9.709700e+04	1.739458e+01	1.049697e+05	1.035368e+05	5.557259e+04	5.364674e+04	2.901075e+02	7.549216e+00	2024	8	10	6
	2527	1401	175.359005	41.390567	9.738846e+04	1.650901e+01	1.045432e+05	1.034744e+05	5.548086e+04	5.375224e+04	2.894132e+02	6.696019e+00	2024	8	10	12
	2530	1408	175.780879	42.046817	9.765684e+04	1.583358e+01	1.044444e+05	1.033938e+05	5.542078e+04	5.381980e+04	2.890779e+02	4.050414e+00	2024	8	10	18
	2530	1411	175.780879	42.328066	9.797911e+04	1.512931e+01	1.049622e+05	1.035538e+05	5.563503e+04	5.398941e+04	2.889401e+02	2.288159e+00	2024	8	11	0
	2538	1413	176.905878	42.515566	9.829241e+04	1.501283e+01	1.056238e+05	1.036519e+05	5.596417e+04	5.413554e+04	2.887263e+02	2.854614e+00	2024	8	11	6
	2547	1420	178.171502	43.171815	9.863320e+04	1.486621e+01	1.059432e+05	1.035674e+05	5.611493e+04	5.432068e+04	2.870869e+02	3.965242e+00	2024	8	11	12
	2556	1430	179.437125	44.109314	9.886452e+04	1.401249e+01	1.058807e+05	1.034475e+05	5.611839e+04	5.439082e+04	2.867068e+02	2.871282e+00	2024	8	11	18
start	48	2024	8	12	12
	626	1054	-91.968842	8.859363	1.007000e+05	1.459616e+01	1.081169e+05	1.078477e+05	5.769371e+04	5.738196e+04	3.024688e+02	3.929427e+01	2024	8	12	12
	627	1056	-91.828217	9.046862	1.008509e+05	1.383995e+01	1.082992e+05	1.079891e+05	5.783993e+04	5.742840e+04	3.025841e+02	3.892810e+01	2024	8	12	18
	619	1060	-92.953216	9.421862	1.006277e+05	1.424306e+01	1.081421e+05	1.079165e+05	5.768589e+04	5.726355e+04	3.027010e+02	3.240569e+01	2024	8	13	0
	617	1061	-93.234465	9.515612	1.007532e+05	1.383422e+01	1.082380e+05	1.080719e+05	5.776706e+04	5.744758e+04	3.028168e+02	4.071018e+01	2024	8	13	6
	610	1070	-94.218839	10.359361	1.005425e+05	1.501236e+01	1.080569e+05	1.078237e+05	5.762701e+04	5.732291e+04	3.031228e+02	4.847091e+01	2024	8	13	12
	599	1078	-95.765713	11.109360	1.006574e+05	1.553796e+01	1.082657e+05	1.080304e+05	5.782809e+04	5.742331e+04	3.030488e+02	5.023114e+01	2024	8	13	18
	594	1074	-96.468837	10.734360	1.003969e+05	1.591152e+01	1.080705e+05	1.078887e+05	5.762757e+04	5.720583e+04	3.030444e+02	4.225229e+01	2024	8	14	0
	593	1080	-96.609462	11.296859	1.004856e+05	1.831471e+01	1.082032e+05	1.080597e+05	5.778817e+04	5.731181e+04	3.032272e+02	4.021214e+01	2024	8	14	6
	587	1092	-97.453211	12.421858	1.002132e+05	1.934706e+01	1.080252e+05	1.077076e+05	5.765141e+04	5.698523e+04	3.040602e+02	4.310661e+01	2024	8	14	12
	582	1091	-98.156335	12.328108	1.003832e+05	1.870389e+01	1.082273e+05	1.079709e+05	5.782187e+04	5.726139e+04	3.040199e+02	4.147507e+01	2024	8	14	18
	580	1094	-98.437585	12.609357	1.001282e+05	1.827892e+01	1.081727e+05	1.078875e+05	5.765503e+04	5.710153e+04	3.040321e+02	3.515627e+01	2024	8	15	0
	577	1102	-98.859460	13.359356	1.002951e+05	2.020001e+01	1.082860e+05	1.079992e+05	5.787385e+04	5.729350e+04	3.043695e+02	3.925372e+01	2024	8	15	6
	574	1102	-99.281334	13.359356	1.000503e+05	1.930954e+01	1.081097e+05	1.078181e+05	5.767055e+04	5.706378e+04	3.043506e+02	3.427612e+01	2024	8	15	12
	572	1104	-99.562584	13.546856	1.001851e+05	1.999183e+01	1.082754e+05	1.079215e+05	5.784269e+04	5.720062e+04	3.044049e+02	2.997033e+01	2024	8	15	18
	570	1106	-99.843834	13.734356	9.986934e+04	2.043636e+01	1.081401e+05	1.077199e+05	5.769189e+04	5.698568e+04	3.044155e+02	2.650600e+01	2024	8	16	0
	566	1106	-100.406333	13.734356	1.000245e+05	2.171141e+01	1.083375e+05	1.077991e+05	5.786714e+04	5.718023e+04	3.042315e+02	3.414331e+01	2024	8	16	6
	564	1109	-100.687583	14.015606	9.966138e+04	2.319721e+01	1.080902e+05	1.077354e+05	5.764106e+04	5.697789e+04	3.041781e+02	2.911451e+01	2024	8	16	12
	560	1109	-101.250082	14.015606	9.978830e+04	2.324426e+01	1.082777e+05	1.079374e+05	5.782016e+04	5.719511e+04	3.041181e+02	2.669644e+01	2024	8	16	18
	558	1111	-101.531332	14.203105	9.950466e+04	2.423684e+01	1.080763e+05	1.076825e+05	5.765877e+04	5.690359e+04	3.041653e+02	2.680968e+01	2024	8	17	0
	555	1116	-101.953206	14.671855	9.908709e+04	2.948582e+01	1.082979e+05	1.073480e+05	5.783475e+04	5.625152e+04	3.041881e+02	3.398880e+01	2024	8	17	6
	551	1121	-102.515706	15.140604	9.894362e+04	2.429614e+01	1.080417e+05	1.074286e+05	5.764488e+04	5.620491e+04	3.044287e+02	3.036611e+01	2024	8	17	12
	545	1123	-103.359455	15.328104	9.929259e+04	2.379159e+01	1.082696e+05	1.075579e+05	5.785982e+04	5.672136e+04	3.045708e+02	3.348396e+01	2024	8	17	18
	543	1126	-103.640705	15.609353	9.903456e+04	2.587228e+01	1.080856e+05	1.074901e+05	5.768312e+04	5.646347e+04	3.045668e+02	2.978638e+01	2024	8	18	0
	541	1130	-103.921954	15.984353	9.881188e+04	2.778906e+01	1.082383e+05	1.075199e+05	5.784495e+04	5.631711e+04	3.045215e+02	3.789558e+01	2024	8	18	6
	538	1135	-104.343829	16.453102	9.832930e+04	2.818464e+01	1.080277e+05	1.072169e+05	5.767027e+04	5.577682e+04	9.999000e+03	3.361622e+01	2024	8	18	12
	533	1140	-105.046953	16.921851	9.863728e+04	2.834277e+01	1.082807e+05	1.076313e+05	5.784568e+04	5.622596e+04	9.999000e+03	3.152021e+01	2024	8	18	18
	533	1142	-105.046953	17.109351	9.847761e+04	2.862145e+01	1.081059e+05	1.073421e+05	5.773062e+04	5.594980e+04	9.999000e+03	2.709555e+01	2024	8	19	0
	531	1149	-105.328203	17.765600	9.903572e+04	2.705173e+01	1.083389e+05	1.077135e+05	5.788148e+04	5.636264e+04	9.999000e+03	3.387102e+01	2024	8	19	6
	529	1157	-105.609453	18.515599	9.888548e+04	2.893986e+01	1.081213e+05	1.075765e+05	5.771222e+04	5.632125e+04	9.999000e+03	2.848120e+01	2024	8	19	12
	525	1159	-106.171952	18.703099	9.939205e+04	2.712765e+01	1.083778e+05	1.077404e+05	5.791755e+04	5.670251e+04	9.999000e+03	2.008936e+01	2024	8	19	18
	523	1162	-106.453202	18.984349	9.940664e+04	2.504877e+01	1.082158e+05	1.078633e+05	5.781077e+04	5.683187e+04	9.999000e+03	1.400016e+01	2024	8	20	0
	522	1164	-106.593826	19.171848	9.967017e+04	2.485239e+01	1.084698e+05	1.080434e+05	5.797354e+04	5.704290e+04	9.999000e+03	1.691843e+01	2024	8	20	6
	519	1169	-107.015701	19.640598	9.970379e+04	2.235662e+01	1.082522e+05	1.078738e+05	5.777830e+04	5.699719e+04	9.999000e+03	1.776118e+01	2024	8	20	12
	519	1171	-107.015701	19.828097	9.985580e+04	2.384337e+01	1.084287e+05	1.079857e+05	5.799178e+04	5.702229e+04	9.999000e+03	1.487452e+01	2024	8	20	18
	514	1176	-107.718825	20.296847	9.970914e+04	2.343551e+01	1.082632e+05	1.078860e+05	5.784297e+04	5.705453e+04	9.999000e+03	7.769056e+00	2024	8	21	0
	512	1178	-108.000075	20.484347	9.988405e+04	2.179145e+01	1.083622e+05	1.079636e+05	5.793641e+04	5.729655e+04	3.047762e+02	9.155877e+00	2024	8	21	6
	509	1183	-108.421950	20.953096	9.950639e+04	2.341401e+01	1.081150e+05	1.076913e+05	5.774291e+04	5.697040e+04	3.046335e+02	9.833352e+00	2024	8	21	12
	506	1188	-108.843824	21.421845	9.977238e+04	2.079552e+01	1.083037e+05	1.078451e+05	5.788072e+04	5.721265e+04	9.999000e+03	9.562079e+00	2024	8	21	18
	503	1193	-109.265699	21.890595	9.961595e+04	2.099429e+01	1.081098e+05	1.077354e+05	5.773520e+04	5.707704e+04	9.999000e+03	8.362034e+00	2024	8	22	0
	500	1195	-109.687573	22.078094	9.979257e+04	2.013716e+01	1.082863e+05	1.077808e+05	5.783452e+04	5.722888e+04	9.999000e+03	9.493139e+00	2024	8	22	6
	500	1200	-109.687573	22.546844	9.972012e+04	1.935759e+01	1.079821e+05	1.074266e+05	5.765603e+04	5.694251e+04	9.999000e+03	8.631329e+00	2024	8	22	12
	494	1207	-110.531322	23.203093	1.001653e+05	1.607668e+01	1.081097e+05	1.074918e+05	5.782377e+04	5.717331e+04	9.999000e+03	6.437617e+00	2024	8	22	18
	489	1212	-111.234447	23.671842	9.992036e+04	1.571672e+01	1.079554e+05	1.073121e+05	5.767718e+04	5.707462e+04	9.999000e+03	4.683847e+00	2024	8	23	0
	486	1212	-111.656321	23.671842	1.001277e+05	1.491368e+01	1.080769e+05	1.074357e+05	5.786980e+04	5.726715e+04	9.999000e+03	5.557057e+00	2024	8	23	6
	484	1214	-111.937571	23.859342	9.997241e+04	1.465135e+01	1.078276e+05	1.071466e+05	5.770249e+04	5.709789e+04	9.999000e+03	4.685621e+00	2024	8	23	12
	479	1217	-112.640695	24.140591	1.001499e+05	1.603826e+01	1.080478e+05	1.073204e+05	5.786797e+04	5.720780e+04	9.999000e+03	4.392509e+00	2024	8	23	18
	474	1219	-113.343819	24.328091	1.000082e+05	1.521808e+01	1.079988e+05	1.071965e+05	5.777333e+04	5.710282e+04	9.999000e+03	4.160775e+00	2024	8	24	0
	472	1219	-113.625069	24.328091	1.003677e+05	1.510556e+01	1.080539e+05	1.073683e+05	5.795893e+04	5.739864e+04	9.999000e+03	3.245213e+00	2024	8	24	6
start	21	2024	8	13	18
	452	1094	-116.437566	12.609357	1.007035e+05	8.625982e+00	1.084259e+05	1.080476e+05	5.794995e+04	5.749624e+04	3.032473e+02	2.770962e+01	2024	8	13	18
	450	1097	-116.718816	12.890607	1.003633e+05	9.824709e+00	1.082695e+05	1.078414e+05	5.777480e+04	5.724035e+04	3.035128e+02	2.926742e+01	2024	8	14	0
	446	1094	-117.281315	12.609357	1.005798e+05	1.136582e+01	1.084043e+05	1.080049e+05	5.788740e+04	5.743050e+04	3.031206e+02	3.036351e+01	2024	8	14	6
	433	1095	-119.109438	12.703107	1.002721e+05	1.239687e+01	1.081093e+05	1.077157e+05	5.765327e+04	5.712148e+04	3.026898e+02	2.691175e+01	2024	8	14	12
	431	1099	-119.390688	13.078107	1.004637e+05	1.498761e+01	1.083021e+05	1.079390e+05	5.785718e+04	5.730578e+04	3.026165e+02	2.119520e+01	2024	8	14	18
	422	1102	-120.656312	13.359356	1.001809e+05	1.322975e+01	1.081843e+05	1.077926e+05	5.766684e+04	5.707745e+04	3.023256e+02	1.760081e+01	2024	8	15	0
	417	1111	-121.359436	14.203105	1.003984e+05	1.459400e+01	1.083641e+05	1.080966e+05	5.791025e+04	5.731982e+04	3.022408e+02	2.158365e+01	2024	8	15	6
	409	1118	-122.484435	14.859354	1.000713e+05	1.689696e+01	1.080948e+05	1.077497e+05	5.768246e+04	5.704221e+04	3.019678e+02	1.951928e+01	2024	8	15	12
	400	1123	-123.750059	15.328104	1.002831e+05	1.692037e+01	1.082925e+05	1.080397e+05	5.789944e+04	5.727401e+04	3.017390e+02	1.423557e+01	2024	8	15	18
	393	1128	-124.734433	15.796853	1.000332e+05	1.614030e+01	1.081586e+05	1.078878e+05	5.774796e+04	5.713204e+04	3.016127e+02	1.554179e+01	2024	8	16	0
	384	1137	-126.000056	16.640602	1.003487e+05	1.607441e+01	1.083925e+05	1.081699e+05	5.800377e+04	5.730438e+04	3.013856e+02	1.670939e+01	2024	8	16	6
	377	1142	-126.984430	17.109351	1.000681e+05	1.782586e+01	1.081343e+05	1.079512e+05	5.776573e+04	5.712157e+04	3.011833e+02	1.237654e+01	2024	8	16	12
	370	1147	-127.968804	17.578101	1.003372e+05	1.775097e+01	1.083421e+05	1.080996e+05	5.796410e+04	5.734527e+04	3.009194e+02	9.357442e+00	2024	8	16	18
	366	1152	-128.531304	18.046850	1.001676e+05	1.683663e+01	1.081809e+05	1.079823e+05	5.782658e+04	5.721691e+04	3.004041e+02	1.236015e+01	2024	8	17	0
	357	1159	-129.796927	18.703099	1.004391e+05	1.734933e+01	1.083522e+05	1.081474e+05	5.802561e+04	5.748553e+04	3.000227e+02	1.062036e+01	2024	8	17	6
	349	1159	-130.921926	18.703099	1.002424e+05	1.723948e+01	1.081649e+05	1.079224e+05	5.779932e+04	5.736305e+04	3.006053e+02	8.050595e+00	2024	8	17	12
	343	1162	-131.765675	18.984349	1.004915e+05	1.762693e+01	1.083666e+05	1.080243e+05	5.794982e+04	5.759501e+04	3.009053e+02	6.834768e+00	2024	8	17	18
	333	1167	-133.171924	19.453098	1.002986e+05	1.816016e+01	1.082174e+05	1.078846e+05	5.776303e+04	5.749816e+04	3.010986e+02	1.094652e+01	2024	8	18	0
	325	1171	-134.296923	19.828097	1.004998e+05	1.855893e+01	1.083625e+05	1.079404e+05	5.790684e+04	5.756658e+04	3.005556e+02	1.430961e+01	2024	8	18	6
	317	1178	-135.421921	20.484347	1.003532e+05	1.782858e+01	1.080498e+05	1.075887e+05	5.768711e+04	5.731516e+04	2.998853e+02	1.166449e+01	2024	8	18	12
	309	1183	-136.546920	20.953096	1.005101e+05	1.725763e+01	1.081597e+05	1.075975e+05	5.783303e+04	5.743185e+04	2.992141e+02	7.891416e+00	2024	8	18	18
start	35	2024	8	25	12
	2238	1207	134.718422	23.203093	9.925482e+04	1.941641e+01	1.086326e+05	1.082975e+05	5.744597e+04	5.705862e+04	3.032260e+02	1.355878e+01	2024	8	25	12
	2244	1209	135.562171	23.390592	9.911732e+04	1.848100e+01	1.084602e+05	1.081218e+05	5.731329e+04	5.691302e+04	3.032162e+02	1.603721e+01	2024	8	25	18
	2248	1206	136.124671	23.109343	9.930339e+04	1.700626e+01	1.087209e+05	1.082837e+05	5.743481e+04	5.703046e+04	3.033697e+02	2.335130e+01	2024	8	26	0
	2252	1201	136.687170	22.640594	9.911923e+04	1.833097e+01	1.087064e+05	1.081934e+05	5.734346e+04	5.692078e+04	3.041241e+02	1.829299e+01	2024	8	26	6
	2256	1201	137.249669	22.640594	9.924650e+04	1.706555e+01	1.089325e+05	1.083101e+05	5.756697e+04	5.710749e+04	3.037341e+02	2.057676e+01	2024	8	26	12
	2253	1197	136.827795	22.265594	9.909527e+04	1.726850e+01	1.087262e+05	1.082113e+05	5.740564e+04	5.701330e+04	3.034813e+02	2.790433e+01	2024	8	26	18
	2256	1192	137.249669	21.796845	9.920765e+04	1.598392e+01	1.088475e+05	1.083304e+05	5.764904e+04	5.710898e+04	3.036880e+02	3.931298e+01	2024	8	27	0
	2255	1187	137.109045	21.328095	9.888788e+04	1.830211e+01	1.087888e+05	1.081991e+05	5.748894e+04	5.680491e+04	3.037307e+02	3.763573e+01	2024	8	27	6
	2252	1188	136.687170	21.421845	9.897883e+04	1.999301e+01	1.089295e+05	1.082406e+05	5.758501e+04	5.679248e+04	3.033091e+02	3.834173e+01	2024	8	27	12
	2251	1190	136.546545	21.609345	9.852382e+04	2.070309e+01	1.086553e+05	1.080980e+05	5.740821e+04	5.641891e+04	3.030344e+02	3.531756e+01	2024	8	27	18
	2249	1200	136.265295	22.546844	9.863534e+04	1.990118e+01	1.087703e+05	1.082575e+05	5.759916e+04	5.683420e+04	3.032331e+02	2.346330e+01	2024	8	28	0
	2246	1207	135.843421	23.203093	9.860068e+04	1.880715e+01	1.086647e+05	1.082178e+05	5.753955e+04	5.680448e+04	3.031251e+02	2.261110e+01	2024	8	28	6
	2245	1214	135.702796	23.859342	9.885966e+04	2.045737e+01	1.088157e+05	1.083712e+05	5.767116e+04	5.696704e+04	3.030431e+02	2.278291e+01	2024	8	28	12
	2244	1217	135.562171	24.140591	9.874830e+04	2.220110e+01	1.085358e+05	1.081554e+05	5.745184e+04	5.688542e+04	3.029961e+02	2.107553e+01	2024	8	28	18
	2246	1224	135.843421	24.796841	9.889886e+04	2.201192e+01	1.085787e+05	1.082591e+05	5.755391e+04	5.693219e+04	3.030016e+02	2.104530e+01	2024	8	29	0
	2247	1231	135.984046	25.453090	9.873983e+04	2.198241e+01	1.084276e+05	1.080291e+05	5.740793e+04	5.674238e+04	3.033073e+02	1.901254e+01	2024	8	29	6
	2247	1231	135.984046	25.453090	9.880980e+04	2.247449e+01	1.085013e+05	1.080168e+05	5.751150e+04	5.674274e+04	3.030889e+02	1.726058e+01	2024	8	29	12
	2252	1240	136.687170	26.296838	9.861635e+04	2.003063e+01	1.082954e+05	1.077926e+05	5.732489e+04	5.652452e+04	3.029942e+02	1.506666e+01	2024	8	29	18
	2251	1241	136.546545	26.390588	9.869043e+04	1.907381e+01	1.083931e+05	1.079411e+05	5.739455e+04	5.654241e+04	3.029437e+02	1.462136e+01	2024	8	30	0
	2250	1245	136.405920	26.765588	9.851209e+04	1.735730e+01	1.081992e+05	1.077471e+05	5.724092e+04	5.636205e+04	3.030024e+02	1.525361e+01	2024	8	30	6
	2248	1238	136.124671	26.109339	9.860088e+04	1.722718e+01	1.083705e+05	1.077647e+05	5.738059e+04	5.637398e+04	3.028654e+02	1.893933e+01	2024	8	30	12
	2253	1238	136.827795	26.109339	9.810495e+04	1.922762e+01	1.081611e+05	1.075240e+05	5.717081e+04	5.593546e+04	3.027904e+02	2.109547e+01	2024	8	30	18
	2256	1237	137.249669	26.015589	9.802411e+04	2.050590e+01	1.083025e+05	1.073817e+05	5.730659e+04	5.572840e+04	3.027215e+02	2.086882e+01	2024	8	31	0
	2259	1239	137.671544	26.203089	9.779128e+04	2.128643e+01	1.082242e+05	1.071521e+05	5.715418e+04	5.545491e+04	3.026794e+02	2.112339e+01	2024	8	31	6
	2264	1243	138.374668	26.578088	9.785665e+04	2.053638e+01	1.083850e+05	1.074325e+05	5.737721e+04	5.567049e+04	3.025280e+02	1.948080e+01	2024	8	31	12
	2266	1250	138.655918	27.234337	9.763772e+04	2.143173e+01	1.082435e+05	1.073336e+05	5.719998e+04	5.553316e+04	3.023468e+02	2.194334e+01	2024	8	31	18
	2267	1257	138.796543	27.890586	9.779247e+04	2.116242e+01	1.084034e+05	1.075561e+05	5.733784e+04	5.573858e+04	3.020130e+02	1.843331e+01	2024	9	1	0
	2267	1265	138.796543	28.640585	9.767662e+04	2.225637e+01	1.083431e+05	1.075423e+05	5.726925e+04	5.561791e+04	3.021320e+02	1.933421e+01	2024	9	1	6
	2267	1274	138.796543	29.484334	9.774371e+04	2.475164e+01	1.085653e+05	1.077314e+05	5.749712e+04	5.576701e+04	3.020756e+02	2.616247e+01	2024	9	1	12
	2267	1286	138.796543	30.609332	9.751212e+04	2.548025e+01	1.083742e+05	1.074627e+05	5.736659e+04	5.562062e+04	3.018517e+02	2.693514e+01	2024	9	1	18
	2266	1303	138.655918	32.203080	9.746799e+04	2.593982e+01	1.085073e+05	1.071155e+05	5.754064e+04	5.562546e+04	3.019698e+02	3.051670e+01	2024	9	2	0
	2269	1317	139.077792	33.515578	9.733684e+04	2.654213e+01	1.084735e+05	1.065764e+05	5.750494e+04	5.566938e+04	9.999000e+03	3.328460e+01	2024	9	2	6
	2276	1339	140.062166	35.578076	9.805480e+04	2.540879e+01	1.086057e+05	1.061882e+05	5.778703e+04	5.605623e+04	9.999000e+03	3.366098e+01	2024	9	2	12
	2287	1372	141.609040	38.671821	9.858527e+04	2.652279e+01	1.085437e+05	1.051070e+05	5.779020e+04	5.530762e+04	9.999000e+03	2.996770e+01	2024	9	2	18
	2305	1410	144.140287	42.234316	9.923979e+04	2.254759e+01	1.085450e+05	1.042804e+05	5.800808e+04	5.509252e+04	9.999000e+03	1.846630e+01	2024	9	3	0
start	23	2024	9	1	0
	2503	1193	171.984008	21.890595	1.002521e+05	1.577216e+01	1.081112e+05	1.079028e+05	5.776320e+04	5.709911e+04	3.026277e+02	2.344504e+01	2024	9	1	0
	2492	1192	170.437135	21.796845	1.001647e+05	1.422510e+01	1.080981e+05	1.078770e+05	5.775630e+04	5.705513e+04	3.028197e+02	2.003621e+01	2024	9	1	6
	2484	1189	169.312136	21.515595	1.002955e+05	1.311580e+01	1.082281e+05	1.079576e+05	5.786848e+04	5.721661e+04	3.026629e+02	2.184425e+01	2024	9	1	12
	2482	1185	169.030886	21.140596	1.000918e+05	1.268417e+01	1.080692e+05	1.078471e+05	5.770050e+04	5.704232e+04	3.025867e+02	2.434067e+01	2024	9	1	18
	2484	1180	169.312136	20.671846	1.001309e+05	1.488641e+01	1.082369e+05	1.079409e+05	5.783464e+04	5.715964e+04	3.026954e+02	2.769585e+01	2024	9	2	0
	2480	1183	168.749637	20.953096	1.000120e+05	1.599835e+01	1.081881e+05	1.078956e+05	5.775396e+04	5.706923e+04	3.027682e+02	2.963319e+01	2024	9	2	6
	2478	1183	168.468387	20.953096	1.001459e+05	1.592222e+01	1.082878e+05	1.078821e+05	5.786181e+04	5.713218e+04	3.025670e+02	3.858631e+01	2024	9	2	12
	2478	1183	168.468387	20.953096	9.996521e+04	1.667491e+01	1.081627e+05	1.076768e+05	5.779524e+04	5.705241e+04	3.025177e+02	3.969025e+01	2024	9	2	18
	2478	1182	168.468387	20.859346	9.997583e+04	1.663054e+01	1.083224e+05	1.075595e+05	5.795316e+04	5.707636e+04	3.026323e+02	3.998057e+01	2024	9	3	0
	2478	1172	168.468387	19.921847	9.969284e+04	2.050165e+01	1.082613e+05	1.074122e+05	5.771324e+04	5.687455e+04	3.025651e+02	3.816043e+01	2024	9	3	6
	2483	1168	169.171511	19.546848	9.934914e+04	2.097667e+01	1.083587e+05	1.074255e+05	5.774035e+04	5.674574e+04	3.024533e+02	3.475422e+01	2024	9	3	12
	2486	1163	169.593386	19.078098	9.923681e+04	1.997814e+01	1.080759e+05	1.073024e+05	5.757791e+04	5.673160e+04	3.022657e+02	3.364213e+01	2024	9	3	18
	2490	1160	170.155885	18.796849	9.911612e+04	2.233784e+01	1.082503e+05	1.077789e+05	5.765595e+04	5.662141e+04	3.020473e+02	3.117257e+01	2024	9	4	0
	2494	1160	170.718385	18.796849	9.888427e+04	2.217240e+01	1.081935e+05	1.076397e+05	5.771280e+04	5.639470e+04	3.020336e+02	2.913105e+01	2024	9	4	6
	2494	1164	170.718385	19.171848	9.902247e+04	2.051539e+01	1.083042e+05	1.076176e+05	5.781911e+04	5.637695e+04	3.019598e+02	3.298469e+01	2024	9	4	12
	2494	1171	170.718385	19.828097	9.871008e+04	2.083108e+01	1.081702e+05	1.074579e+05	5.778420e+04	5.616293e+04	3.019758e+02	3.285364e+01	2024	9	4	18
	2493	1183	170.577760	20.953096	9.888701e+04	2.238666e+01	1.083691e+05	1.076478e+05	5.794562e+04	5.630290e+04	3.021304e+02	3.052970e+01	2024	9	5	0
	2489	1197	170.015260	22.265594	9.886234e+04	2.199819e+01	1.083618e+05	1.076443e+05	5.796100e+04	5.628914e+04	3.021720e+02	2.978827e+01	2024	9	5	6
	2481	1214	168.890261	23.859342	9.906009e+04	2.291123e+01	1.084941e+05	1.079734e+05	5.804443e+04	5.655080e+04	3.022463e+02	2.848675e+01	2024	9	5	12
	2473	1231	167.765263	25.453090	9.896454e+04	2.164956e+01	1.084561e+05	1.078384e+05	5.792928e+04	5.654927e+04	3.020597e+02	2.785086e+01	2024	9	5	18
	2459	1248	165.796515	27.046837	9.897406e+04	2.281925e+01	1.085191e+05	1.078575e+05	5.798268e+04	5.665509e+04	3.023606e+02	2.159921e+01	2024	9	6	0
	2445	1253	163.827767	27.515587	9.873077e+04	1.860713e+01	1.084111e+05	1.077093e+05	5.773768e+04	5.654762e+04	3.021688e+02	2.440255e+01	2024	9	6	6
	2439	1262	162.984018	28.359336	9.889738e+04	1.738198e+01	1.084938e+05	1.077146e+05	5.770466e+04	5.664412e+04	3.011796e+02	2.870489e+01	2024	9	6	12
start	33	2024	9	1	12
	496	1116	-110.250073	14.671855	1.002367e+05	1.035422e+01	1.082429e+05	1.079607e+05	5.766884e+04	5.722229e+04	3.039143e+02	2.498299e+01	2024	9	1	12
	498	1116	-109.968823	14.671855	1.004232e+05	1.077146e+01	1.084521e+05	1.082095e+05	5.787179e+04	5.741071e+04	3.040176e+02	2.780556e+01	2024	9	1	18
	495	1119	-110.390698	14.953104	1.000996e+05	1.179668e+01	1.083505e+05	1.079920e+05	5.771686e+04	5.719993e+04	3.040384e+02	3.337524e+01	2024	9	2	0
	495	1119	-110.390698	14.953104	1.003684e+05	1.322901e+01	1.085248e+05	1.081646e+05	5.788278e+04	5.742466e+04	3.038918e+02	4.037748e+01	2024	9	2	6
	487	1119	-111.515696	14.953104	1.000874e+05	1.414955e+01	1.083681e+05	1.079608e+05	5.768377e+04	5.718698e+04	3.036672e+02	3.554929e+01	2024	9	2	12
	478	1128	-112.781320	15.796853	1.003161e+05	1.307452e+01	1.084992e+05	1.081653e+05	5.793128e+04	5.743735e+04	3.037079e+02	2.959823e+01	2024	9	2	18
	473	1133	-113.484444	16.265602	1.000197e+05	1.222789e+01	1.083610e+05	1.079893e+05	5.776308e+04	5.720873e+04	3.038021e+02	3.054747e+01	2024	9	3	0
	465	1135	-114.609443	16.453102	1.003070e+05	1.243162e+01	1.085549e+05	1.082398e+05	5.799302e+04	5.740224e+04	3.037321e+02	3.644267e+01	2024	9	3	6
	456	1137	-115.875067	16.640602	9.996767e+04	1.289130e+01	1.083105e+05	1.079622e+05	5.777243e+04	5.711083e+04	3.031603e+02	2.969993e+01	2024	9	3	12
	458	1137	-115.593817	16.640602	1.001883e+05	1.454660e+01	1.085377e+05	1.081596e+05	5.794391e+04	5.732564e+04	3.031938e+02	2.791749e+01	2024	9	3	18
	457	1142	-115.734442	17.109351	9.988043e+04	1.411766e+01	1.082948e+05	1.079558e+05	5.776093e+04	5.707926e+04	3.035297e+02	2.745638e+01	2024	9	4	0
	453	1142	-116.296941	17.109351	1.001146e+05	1.481462e+01	1.084837e+05	1.081590e+05	5.795536e+04	5.728933e+04	3.027712e+02	2.821549e+01	2024	9	4	6
	453	1142	-116.296941	17.109351	9.977472e+04	1.592418e+01	1.082192e+05	1.078560e+05	5.765834e+04	5.701829e+04	3.026310e+02	2.148200e+01	2024	9	4	12
	451	1149	-116.578191	17.765600	9.998134e+04	1.565848e+01	1.084057e+05	1.080750e+05	5.786473e+04	5.719643e+04	3.025041e+02	1.880290e+01	2024	9	4	18
	447	1156	-117.140691	18.421849	9.962025e+04	1.469861e+01	1.081858e+05	1.078505e+05	5.768349e+04	5.694514e+04	3.031053e+02	1.608671e+01	2024	9	5	0
	442	1156	-117.843815	18.421849	9.987591e+04	1.428625e+01	1.082981e+05	1.080067e+05	5.782196e+04	5.711089e+04	3.023163e+02	1.854670e+01	2024	9	5	6
	440	1156	-118.125064	18.421849	9.959484e+04	1.417242e+01	1.080338e+05	1.077397e+05	5.754061e+04	5.685000e+04	3.021353e+02	1.689158e+01	2024	9	5	12
	438	1157	-118.406314	18.515599	9.984280e+04	1.457726e+01	1.082269e+05	1.079246e+05	5.768641e+04	5.703563e+04	3.020138e+02	1.101310e+01	2024	9	5	18
	435	1159	-118.828189	18.703099	9.963030e+04	1.447630e+01	1.080691e+05	1.078541e+05	5.753733e+04	5.692738e+04	3.019099e+02	1.350100e+01	2024	9	6	0
	434	1161	-118.968814	18.890599	9.988103e+04	1.495476e+01	1.082522e+05	1.079554e+05	5.773924e+04	5.715525e+04	3.016743e+02	1.981244e+01	2024	9	6	6
	429	1166	-119.671938	19.359348	9.962451e+04	1.519582e+01	1.079999e+05	1.076777e+05	5.746312e+04	5.686892e+04	3.012770e+02	1.611254e+01	2024	9	6	12
	429	1166	-119.671938	19.359348	9.982952e+04	1.419869e+01	1.082219e+05	1.078219e+05	5.767459e+04	5.698687e+04	3.011170e+02	1.583139e+01	2024	9	6	18
	428	1171	-119.812563	19.828097	9.958412e+04	1.520442e+01	1.080373e+05	1.076795e+05	5.748266e+04	5.668958e+04	3.009712e+02	1.694791e+01	2024	9	7	0
	427	1176	-119.953188	20.296847	9.971100e+04	1.620360e+01	1.081848e+05	1.078018e+05	5.765085e+04	5.687886e+04	3.007875e+02	2.100277e+01	2024	9	7	6
	427	1176	-119.953188	20.296847	9.936140e+04	1.725902e+01	1.080217e+05	1.075066e+05	5.743629e+04	5.658813e+04	3.006511e+02	1.754195e+01	2024	9	7	12
	425	1181	-120.234437	20.765596	9.958651e+04	1.799986e+01	1.082090e+05	1.076847e+05	5.763507e+04	5.682537e+04	3.003911e+02	1.450249e+01	2024	9	7	18
	424	1183	-120.375062	20.953096	9.937676e+04	1.880444e+01	1.081188e+05	1.075319e+05	5.743079e+04	5.671312e+04	3.003206e+02	1.377975e+01	2024	9	8	0
	421	1188	-120.796937	21.421845	9.963559e+04	1.852665e+01	1.082534e+05	1.077260e+05	5.765516e+04	5.695486e+04	2.998603e+02	1.267242e+01	2024	9	8	6
	421	1188	-120.796937	21.421845	9.949963e+04	1.817435e+01	1.080513e+05	1.074656e+05	5.743909e+04	5.674456e+04	2.996651e+02	8.328164e+00	2024	9	8	12
	421	1190	-120.796937	21.609345	9.981359e+04	1.746579e+01	1.082758e+05	1.076389e+05	5.768150e+04	5.693889e+04	2.994670e+02	4.563114e+00	2024	9	8	18
	422	1195	-120.656312	22.078094	9.960938e+04	1.469650e+01	1.081449e+05	1.074358e+05	5.746277e+04	5.685052e+04	2.992658e+02	5.719638e+00	2024	9	9	0
	422	1195	-120.656312	22.078094	9.989411e+04	1.629239e+01	1.082557e+05	1.075584e+05	5.768612e+04	5.704237e+04	2.991049e+02	8.336732e+00	2024	9	9	6
	420	1197	-120.937562	22.265594	9.972409e+04	1.762159e+01	1.080395e+05	1.072920e+05	5.739947e+04	5.686188e+04	2.988096e+02	9.342631e+00	2024	9	9	12
start	44	2024	9	1	12
	2370	1185	153.280903	21.140596	9.976777e+04	1.484369e+01	1.084472e+05	1.080557e+05	5.768270e+04	5.711750e+04	3.032579e+02	3.386385e+01	2024	9	1	12
	2377	1182	154.265277	20.859346	9.944900e+04	1.716722e+01	1.080941e+05	1.077200e+05	5.742246e+04	5.685468e+04	3.029796e+02	2.881326e+01	2024	9	1	18
	2379	1190	154.546526	21.609345	9.945604e+04	1.684706e+01	1.081484e+05	1.078066e+05	5.758261e+04	5.688374e+04	3.031592e+02	3.039598e+01	2024	9	2	0
	2373	1193	153.702777	21.890595	9.913759e+04	1.654008e+01	1.080213e+05	1.076486e+05	5.737911e+04	5.668914e+04	3.032757e+02	2.658692e+01	2024	9	2	6
	2365	1193	152.577778	21.890595	9.927336e+04	1.574717e+01	1.081483e+05	1.076460e+05	5.743553e+04	5.669823e+04	3.029592e+02	3.010729e+01	2024	9	2	12
	2363	1197	152.296529	22.265594	9.893212e+04	1.569266e+01	1.079958e+05	1.074530e+05	5.715931e+04	5.648978e+04	3.029295e+02	2.384657e+01	2024	9	2	18
	2365	1202	152.577778	22.734343	9.911104e+04	1.636741e+01	1.082847e+05	1.076584e+05	5.737126e+04	5.666344e+04	3.029318e+02	1.764761e+01	2024	9	3	0
	2362	1212	152.155904	23.671842	9.891169e+04	1.431429e+01	1.082607e+05	1.076432e+05	5.731944e+04	5.653281e+04	3.031032e+02	1.858676e+01	2024	9	3	6
	2355	1226	151.171530	24.984340	9.917855e+04	1.718177e+01	1.084649e+05	1.078051e+05	5.755026e+04	5.669950e+04	3.028942e+02	2.194197e+01	2024	9	3	12
	2344	1233	149.624657	25.640589	9.896007e+04	1.767156e+01	1.083316e+05	1.076898e+05	5.736123e+04	5.651146e+04	3.028858e+02	1.502020e+01	2024	9	3	18
	2336	1246	148.499658	26.859338	9.901159e+04	1.911828e+01	1.084419e+05	1.078278e+05	5.756659e+04	5.665516e+04	3.028839e+02	1.186150e+01	2024	9	4	0
	2327	1253	147.234034	27.515587	9.879957e+04	1.669723e+01	1.083688e+05	1.077622e+05	5.741795e+04	5.653633e+04	3.030363e+02	1.605126e+01	2024	9	4	6
	2318	1253	145.968410	27.515587	9.889995e+04	1.584495e+01	1.084275e+05	1.079007e+05	5.745390e+04	5.663305e+04	3.030984e+02	1.698365e+01	2024	9	4	12
	2313	1253	145.265286	27.515587	9.866617e+04	1.513879e+01	1.081371e+05	1.076968e+05	5.719402e+04	5.645708e+04	3.030384e+02	1.455891e+01	2024	9	4	18
	2308	1255	144.562162	27.703087	9.883389e+04	1.626037e+01	1.082405e+05	1.078952e+05	5.732248e+04	5.657241e+04	3.025559e+02	1.463913e+01	2024	9	5	0
	2303	1255	143.859038	27.703087	9.871031e+04	1.457397e+01	1.081438e+05	1.077792e+05	5.723837e+04	5.649234e+04	3.025496e+02	1.511092e+01	2024	9	5	6
	2302	1252	143.718413	27.421837	9.888045e+04	1.478512e+01	1.082193e+05	1.079515e+05	5.738849e+04	5.662827e+04	3.024996e+02	1.747086e+01	2024	9	5	12
	2302	1247	143.718413	26.953088	9.866235e+04	1.398452e+01	1.080082e+05	1.077414e+05	5.722759e+04	5.639370e+04	3.026844e+02	1.638988e+01	2024	9	5	18
	2304	1244	143.999662	26.671838	9.884066e+04	1.546017e+01	1.081598e+05	1.077839e+05	5.733095e+04	5.642384e+04	3.029623e+02	1.887720e+01	2024	9	6	0
	2310	1242	144.843411	26.484338	9.860066e+04	1.540790e+01	1.080425e+05	1.076372e+05	5.716081e+04	5.615686e+04	3.029712e+02	1.986582e+01	2024	9	6	6
	2312	1242	145.124661	26.484338	9.864615e+04	1.602917e+01	1.081906e+05	1.076783e+05	5.735259e+04	5.613720e+04	3.029065e+02	2.035806e+01	2024	9	6	12
	2315	1245	145.546536	26.765588	9.835869e+04	1.668529e+01	1.080065e+05	1.075920e+05	5.718469e+04	5.591607e+04	3.028218e+02	1.623890e+01	2024	9	6	18
	2318	1248	145.968410	27.046837	9.841644e+04	1.696086e+01	1.082032e+05	1.078211e+05	5.739682e+04	5.604734e+04	3.026682e+02	1.399646e+01	2024	9	7	0
	2319	1252	146.109035	27.421837	9.823054e+04	1.719751e+01	1.081312e+05	1.076842e+05	5.727245e+04	5.591382e+04	3.022218e+02	1.453598e+01	2024	9	7	6
	2321	1253	146.390285	27.515587	9.838446e+04	1.700287e+01	1.083103e+05	1.078788e+05	5.750392e+04	5.611152e+04	3.019415e+02	1.281913e+01	2024	9	7	12
	2326	1253	147.093409	27.515587	9.828898e+04	1.819650e+01	1.082546e+05	1.077834e+05	5.743585e+04	5.609189e+04	3.017411e+02	1.058841e+01	2024	9	7	18
	2329	1257	147.515284	27.890586	9.848212e+04	1.847864e+01	1.083809e+05	1.078727e+05	5.761931e+04	5.630845e+04	3.016807e+02	1.102524e+01	2024	9	8	0
	2335	1265	148.359033	28.640585	9.840143e+04	1.882229e+01	1.083095e+05	1.077254e+05	5.750811e+04	5.625535e+04	3.015486e+02	1.007972e+01	2024	9	8	6
	2338	1270	148.780907	29.109335	9.861327e+04	1.930291e+01	1.084545e+05	1.078461e+05	5.772088e+04	5.649146e+04	3.010923e+02	1.246270e+01	2024	9	8	12
	2342	1281	149.343407	30.140583	9.844174e+04	1.949212e+01	1.083129e+05	1.075568e+05	5.756478e+04	5.635978e+04	3.010125e+02	1.321887e+01	2024	9	8	18
	2347	1293	150.046531	31.265582	9.854313e+04	1.984526e+01	1.084044e+05	1.074086e+05	5.768716e+04	5.648861e+04	3.005413e+02	1.546141e+01	2024	9	9	0
	2353	1305	150.890280	32.390580	9.844123e+04	2.054258e+01	1.083205e+05	1.071767e+05	5.761993e+04	5.638653e+04	3.008680e+02	2.244625e+01	2024	9	9	6
	2360	1322	151.874654	33.984328	9.828316e+04	2.467879e+01	1.083664e+05	1.069661e+05	5.774661e+04	5.631962e+04	3.009434e+02	2.871246e+01	2024	9	9	12
	2364	1341	152.437154	35.765575	9.800073e+04	2.519273e+01	1.081072e+05	1.062780e+05	5.751809e+04	5.596280e+04	3.004110e+02	2.786891e+01	2024	9	9	18
	2368	1360	152.999653	37.546823	9.799858e+04	2.424474e+01	1.080480e+05	1.057306e+05	5.751580e+04	5.580638e+04	2.997833e+02	3.112106e+01	2024	9	10	0
	2372	1379	153.562152	39.328070	9.781505e+04	2.546198e+01	1.077196e+05	1.055014e+05	5.726603e+04	5.535991e+04	2.977800e+02	2.561306e+01	2024	9	10	6
	2374	1399	153.843402	41.203068	9.773017e+04	2.521534e+01	1.072555e+05	1.052624e+05	5.702394e+04	5.490188e+04	2.950602e+02	1.334053e+01	2024	9	10	12
	2378	1411	154.405902	42.328066	9.767837e+04	2.271851e+01	1.065255e+05	1.047641e+05	5.674135e+04	5.446374e+04	2.938743e+02	9.045373e+00	2024	9	10	18
	2378	1420	154.405902	43.171815	9.780404e+04	2.128693e+01	1.062351e+05	1.043564e+05	5.647109e+04	5.431679e+04	2.934557e+02	1.057045e+01	2024	9	11	0
	2383	1423	155.109026	43.453065	9.795777e+04	1.920632e+01	1.060173e+05	1.039419e+05	5.640169e+04	5.423092e+04	2.924615e+02	1.045559e+01	2024	9	11	6
	2391	1427	156.234025	43.828064	9.818309e+04	1.908733e+01	1.060787e+05	1.035282e+05	5.640867e+04	5.420536e+04	2.925071e+02	1.074679e+01	2024	9	11	12
	2401	1435	157.640273	44.578063	9.814005e+04	1.836820e+01	1.056817e+05	1.032219e+05	5.613200e+04	5.393222e+04	2.923176e+02	9.846342e+00	2024	9	11	18
	2407	1444	158.484022	45.421812	9.817236e+04	1.879529e+01	1.053924e+05	1.029702e+05	5.592178e+04	5.380395e+04	2.903865e+02	9.378462e+00	2024	9	12	0
	2415	1449	159.609021	45.890561	9.825929e+04	1.922050e+01	1.054305e+05	1.028261e+05	5.584660e+04	5.374960e+04	2.890247e+02	9.823116e+00	2024	9	12	6
start	62	2024	9	5	6
	564	1080	-100.687583	11.296859	1.007387e+05	1.173426e+01	1.083400e+05	1.079932e+05	5.777757e+04	5.749838e+04	3.030599e+02	4.807036e+01	2024	9	5	6
	566	1079	-100.406333	11.203109	1.004329e+05	1.481034e+01	1.081498e+05	1.078021e+05	5.762063e+04	5.725100e+04	3.029963e+02	3.444423e+01	2024	9	5	12
	563	1097	-100.828208	12.890607	1.006518e+05	1.320999e+01	1.083631e+05	1.080686e+05	5.790682e+04	5.751403e+04	3.030891e+02	2.673466e+01	2024	9	5	18
	555	1102	-101.953206	13.359356	1.003944e+05	1.164957e+01	1.082831e+05	1.078992e+05	5.776065e+04	5.731685e+04	3.030341e+02	3.007406e+01	2024	9	6	0
	551	1104	-102.515706	13.546856	1.005779e+05	1.301277e+01	1.084148e+05	1.081595e+05	5.790695e+04	5.749939e+04	3.030218e+02	3.772418e+01	2024	9	6	6
	553	1109	-102.234456	14.015606	1.002517e+05	1.337409e+01	1.082183e+05	1.078778e+05	5.772492e+04	5.723886e+04	3.031981e+02	3.278918e+01	2024	9	6	12
	546	1118	-103.218830	14.859354	1.004539e+05	1.434648e+01	1.084294e+05	1.081659e+05	5.792738e+04	5.744838e+04	3.031017e+02	3.445285e+01	2024	9	6	18
	546	1118	-103.218830	14.859354	1.001327e+05	1.570609e+01	1.083189e+05	1.080176e+05	5.773727e+04	5.713719e+04	3.030424e+02	4.209459e+01	2024	9	7	0
	542	1118	-103.781329	14.859354	1.002501e+05	1.685456e+01	1.084088e+05	1.081814e+05	5.782846e+04	5.722197e+04	3.030952e+02	4.818450e+01	2024	9	7	6
	540	1118	-104.062579	14.859354	9.988368e+04	1.955561e+01	1.082811e+05	1.077767e+05	5.770034e+04	5.689041e+04	3.030852e+02	4.812646e+01	2024	9	7	12
	540	1125	-104.062579	15.515603	1.000043e+05	1.853566e+01	1.084601e+05	1.080155e+05	5.787136e+04	5.712942e+04	3.029053e+02	4.568000e+01	2024	9	7	18
	537	1125	-104.484454	15.515603	9.971303e+04	1.897754e+01	1.083205e+05	1.079328e+05	5.766736e+04	5.700545e+04	3.029490e+02	3.859573e+01	2024	9	8	0
	538	1130	-104.343829	15.984353	9.982295e+04	1.927088e+01	1.084396e+05	1.081374e+05	5.785363e+04	5.714644e+04	3.028620e+02	4.286929e+01	2024	9	8	6
	536	1133	-104.625079	16.265602	9.958420e+04	2.002976e+01	1.082466e+05	1.079480e+05	5.766764e+04	5.699521e+04	3.034169e+02	3.945425e+01	2024	9	8	12
	536	1135	-104.625079	16.453102	9.961166e+04	2.172466e+01	1.084439e+05	1.081612e+05	5.783872e+04	5.707412e+04	3.035276e+02	3.933852e+01	2024	9	8	18
	535	1137	-104.765703	16.640602	9.920909e+04	2.272183e+01	1.083160e+05	1.079046e+05	5.763817e+04	5.681447e+04	9.999000e+03	3.154480e+01	2024	9	9	0
	535	1140	-104.765703	16.921851	9.932454e+04	2.229457e+01	1.083801e+05	1.080842e+05	5.780605e+04	5.692079e+04	9.999000e+03	3.445024e+01	2024	9	9	6
	533	1145	-105.046953	17.390601	9.908266e+04	2.310803e+01	1.081645e+05	1.078158e+05	5.758461e+04	5.670455e+04	9.999000e+03	2.549551e+01	2024	9	9	12
	526	1152	-106.031327	18.046850	9.914370e+04	2.378727e+01	1.083822e+05	1.080499e+05	5.778035e+04	5.683529e+04	9.999000e+03	2.103699e+01	2024	9	9	18
	522	1154	-106.593826	18.234350	9.864996e+04	2.426261e+01	1.082478e+05	1.076974e+05	5.759052e+04	5.639115e+04	9.999000e+03	1.418491e+01	2024	9	10	0
	517	1159	-107.296951	18.703099	9.920891e+04	2.194698e+01	1.083561e+05	1.080146e+05	5.775887e+04	5.686664e+04	3.034524e+02	1.652813e+01	2024	9	10	6
	513	1159	-107.859450	18.703099	9.855287e+04	2.618313e+01	1.081120e+05	1.075896e+05	5.753241e+04	5.621570e+04	3.028698e+02	1.603736e+01	2024	9	10	12
	511	1162	-108.140700	18.984349	9.911832e+04	2.152229e+01	1.083012e+05	1.078546e+05	5.772739e+04	5.665905e+04	3.028743e+02	9.309591e+00	2024	9	10	18
	507	1162	-108.703199	18.984349	9.898673e+04	2.018845e+01	1.081993e+05	1.077921e+05	5.760745e+04	5.662542e+04	3.027833e+02	9.911834e+00	2024	9	11	0
	503	1162	-109.265699	18.984349	9.890947e+04	2.325335e+01	1.083817e+05	1.079409e+05	5.777695e+04	5.655276e+04	3.026266e+02	1.253311e+01	2024	9	11	6
	500	1164	-109.687573	19.171848	9.895493e+04	2.093925e+01	1.081100e+05	1.076111e+05	5.760742e+04	5.647190e+04	3.025245e+02	7.677666e+00	2024	9	11	12
	496	1164	-110.250073	19.171848	9.918207e+04	2.066495e+01	1.083672e+05	1.078631e+05	5.784883e+04	5.672327e+04	3.024992e+02	6.879198e+00	2024	9	11	18
	492	1164	-110.812572	19.171848	9.915796e+04	2.009080e+01	1.082462e+05	1.077739e+05	5.775276e+04	5.665204e+04	3.024434e+02	7.322902e+00	2024	9	12	0
	491	1163	-110.953197	19.078098	9.944891e+04	1.906220e+01	1.084101e+05	1.079831e+05	5.791355e+04	5.691791e+04	3.022327e+02	1.161424e+01	2024	9	12	6
	487	1163	-111.515696	19.078098	9.933147e+04	1.862297e+01	1.081684e+05	1.077773e+05	5.777326e+04	5.675480e+04	3.021207e+02	1.043890e+01	2024	9	12	12
	483	1158	-112.078196	18.609349	9.949002e+04	2.002131e+01	1.083480e+05	1.078814e+05	5.792554e+04	5.686948e+04	3.021060e+02	8.797796e+00	2024	9	12	18
	481	1158	-112.359445	18.609349	9.925373e+04	1.927838e+01	1.081491e+05	1.076624e+05	5.778427e+04	5.678499e+04	3.021452e+02	9.465271e+00	2024	9	13	0
	481	1156	-112.359445	18.421849	9.949584e+04	1.909417e+01	1.082818e+05	1.077218e+05	5.790921e+04	5.701795e+04	3.021186e+02	1.095054e+01	2024	9	13	6
	481	1153	-112.359445	18.140600	9.926935e+04	2.037181e+01	1.079826e+05	1.074157e+05	5.764974e+04	5.681383e+04	3.020943e+02	1.026804e+01	2024	9	13	12
	481	1154	-112.359445	18.234350	9.948484e+04	2.043474e+01	1.082210e+05	1.075138e+05	5.780379e+04	5.687476e+04	3.020138e+02	8.992621e+00	2024	9	13	18
	480	1154	-112.500070	18.234350	9.906154e+04	2.079318e+01	1.079673e+05	1.072818e+05	5.763786e+04	5.670029e+04	3.020784e+02	3.413437e+00	2024	9	14	0
	480	1157	-112.500070	18.515599	9.961713e+04	1.780158e+01	1.081235e+05	1.072829e+05	5.783196e+04	5.709610e+04	3.019016e+02	4.578979e+00	2024	9	14	6
	478	1161	-112.781320	18.890599	9.954436e+04	1.594249e+01	1.078498e+05	1.069649e+05	5.757661e+04	5.694054e+04	3.017348e+02	6.107583e+00	2024	9	14	12
	475	1166	-113.203195	19.359348	9.968574e+04	1.759659e+01	1.080837e+05	1.071486e+05	5.776164e+04	5.690891e+04	3.013710e+02	7.668415e+00	2024	9	14	18
	472	1171	-113.625069	19.828097	9.923944e+04	1.778219e+01	1.078359e+05	1.069422e+05	5.756694e+04	5.643411e+04	3.012794e+02	5.353213e+00	2024	9	15	0
	469	1176	-114.046944	20.296847	9.960211e+04	1.681153e+01	1.079679e+05	1.071113e+05	5.773693e+04	5.670398e+04	3.013377e+02	7.647877e+00	2024	9	15	6
	464	1181	-114.750068	20.765596	9.927837e+04	1.749660e+01	1.076110e+05	1.067941e+05	5.750124e+04	5.624212e+04	3.010074e+02	7.356037e+00	2024	9	15	12
	461	1183	-115.171943	20.953096	9.943431e+04	1.810971e+01	1.078648e+05	1.069901e+05	5.764554e+04	5.636610e+04	3.009387e+02	5.438246e+00	2024	9	15	18
	458	1188	-115.593817	21.421845	9.918145e+04	1.878620e+01	1.076630e+05	1.069699e+05	5.747947e+04	5.620104e+04	3.008862e+02	5.258727e+00	2024	9	16	0
	456	1188	-115.875067	21.421845	9.941220e+04	1.938717e+01	1.079390e+05	1.071604e+05	5.762216e+04	5.641569e+04	3.007218e+02	6.466535e+00	2024	9	16	6
	454	1192	-116.156317	21.796845	9.923002e+04	1.982114e+01	1.077183e+05	1.068962e+05	5.745619e+04	5.629048e+04	3.005544e+02	6.644027e+00	2024	9	16	12
	453	1200	-116.296941	22.546844	9.944552e+04	1.964511e+01	1.079719e+05	1.070056e+05	5.768896e+04	5.665549e+04	3.003810e+02	6.231410e+00	2024	9	16	18
	451	1207	-116.578191	23.203093	9.924532e+04	1.933352e+01	1.078100e+05	1.068619e+05	5.760007e+04	5.659084e+04	3.000383e+02	6.642781e+00	2024	9	17	0
	448	1212	-117.000066	23.671842	9.933509e+04	1.983484e+01	1.079564e+05	1.069342e+05	5.765234e+04	5.661588e+04	2.997689e+02	6.852207e+00	2024	9	17	6
	448	1219	-117.000066	24.328091	9.920173e+04	2.004188e+01	1.076284e+05	1.066612e+05	5.748962e+04	5.640607e+04	2.993902e+02	5.774851e+00	2024	9	17	12
	445	1224	-117.421940	24.796841	9.937684e+04	1.887559e+01	1.077198e+05	1.066974e+05	5.763935e+04	5.652789e+04	2.991259e+02	5.373733e+00	2024	9	17	18
	443	1231	-117.703190	25.453090	9.920745e+04	2.158922e+01	1.074811e+05	1.065008e+05	5.748100e+04	5.629048e+04	2.989373e+02	4.631852e+00	2024	9	18	0
	441	1240	-117.984440	26.296838	9.939047e+04	2.062415e+01	1.075733e+05	1.065132e+05	5.761925e+04	5.651126e+04	2.984387e+02	7.326855e+00	2024	9	18	6
	439	1250	-118.265689	27.234337	9.893152e+04	2.076097e+01	1.072021e+05	1.061838e+05	5.741730e+04	5.611842e+04	2.981367e+02	6.937773e+00	2024	9	18	12
	436	1255	-118.687564	27.703087	9.912536e+04	2.203871e+01	1.073797e+05	1.061855e+05	5.754210e+04	5.614079e+04	2.975288e+02	5.126999e+00	2024	9	18	18
	434	1267	-118.968814	28.828085	9.919862e+04	2.027084e+01	1.070907e+05	1.060071e+05	5.740867e+04	5.610214e+04	2.968910e+02	4.734290e+00	2024	9	19	0
	433	1276	-119.109438	29.671834	9.952630e+04	2.007567e+01	1.071888e+05	1.059761e+05	5.756375e+04	5.627155e+04	2.960630e+02	5.285663e+00	2024	9	19	6
	433	1286	-119.109438	30.609332	9.944954e+04	2.048688e+01	1.068565e+05	1.055594e+05	5.734848e+04	5.603957e+04	2.957941e+02	8.468847e+00	2024	9	19	12
	432	1300	-119.250063	31.921831	9.957938e+04	2.136733e+01	1.067792e+05	1.056760e+05	5.746680e+04	5.618082e+04	9.999000e+03	1.030877e+01	2024	9	19	18
	431	1312	-119.390688	33.046829	9.955055e+04	2.125774e+01	1.066303e+05	1.055959e+05	5.735007e+04	5.605734e+04	9.999000e+03	9.564908e+00	2024	9	20	0
	431	1320	-119.390688	33.796828	1.002504e+05	1.826655e+01	1.065650e+05	1.055730e+05	5.741546e+04	5.628689e+04	9.999000e+03	9.043260e+00	2024	9	20	6
	432	1322	-119.250063	33.984328	1.007282e+05	1.495029e+01	1.063194e+05	1.053144e+05	5.725086e+04	5.629455e+04	9.999000e+03	5.997074e+00	2024	9	20	12
start	17	2024	9	14	0
	806	1317	-66.656368	33.515578	1.001859e+05	1.546095e+01	1.074085e+05	1.067867e+05	5.769706e+04	5.698584e+04	3.006261e+02	7.979305e+00	2024	9	14	0
	803	1324	-67.078243	34.171828	1.001644e+05	1.601398e+01	1.073390e+05	1.066693e+05	5.760864e+04	5.689280e+04	3.004630e+02	1.171521e+01	2024	9	14	6
	801	1336	-67.359492	35.296826	1.002278e+05	1.584276e+01	1.074248e+05	1.067826e+05	5.763414e+04	5.687641e+04	3.004436e+02	7.559778e+00	2024	9	14	12
	800	1341	-67.500117	35.765575	1.001911e+05	1.333782e+01	1.074085e+05	1.068992e+05	5.761531e+04	5.686120e+04	3.004968e+02	6.816425e+00	2024	9	14	18
	799	1348	-67.640742	36.421824	1.002669e+05	1.434980e+01	1.075067e+05	1.070879e+05	5.770549e+04	5.688981e+04	3.004839e+02	8.506802e+00	2024	9	15	0
	799	1358	-67.640742	37.359323	1.002665e+05	1.499083e+01	1.074572e+05	1.069913e+05	5.765433e+04	5.688965e+04	3.005895e+02	8.729203e+00	2024	9	15	6
	802	1367	-67.218868	38.203072	1.003591e+05	1.543332e+01	1.075502e+05	1.069732e+05	5.778915e+04	5.697731e+04	3.005302e+02	5.734879e+00	2024	9	15	12
	807	1377	-66.515743	39.140571	1.003868e+05	1.483832e+01	1.076499e+05	1.069998e+05	5.782785e+04	5.700323e+04	3.005398e+02	5.347396e+00	2024	9	15	18
	814	1385	-65.531369	39.890570	1.004662e+05	1.414602e+01	1.078869e+05	1.069441e+05	5.791754e+04	5.709050e+04	3.002032e+02	6.890787e+00	2024	9	16	0
	824	1390	-64.125121	40.359319	1.003961e+05	1.545285e+01	1.078156e+05	1.066894e+05	5.786102e+04	5.697961e+04	3.000172e+02	8.036960e+00	2024	9	16	6
	839	1392	-62.015748	40.546819	1.003938e+05	1.505417e+01	1.078900e+05	1.065351e+05	5.791102e+04	5.696392e+04	2.999505e+02	7.646433e+00	2024	9	16	12
	851	1392	-60.328250	40.546819	1.002583e+05	1.422844e+01	1.078862e+05	1.063065e+05	5.788945e+04	5.682341e+04	2.999896e+02	9.367228e+00	2024	9	16	18
	868	1388	-57.937627	40.171819	1.001665e+05	1.463528e+01	1.079037e+05	1.060741e+05	5.786062e+04	5.671239e+04	2.994515e+02	1.431180e+01	2024	9	17	0
	879	1386	-56.390754	39.984319	9.982863e+04	1.636985e+01	1.076937e+05	1.055973e+05	5.765713e+04	5.642662e+04	2.986391e+02	1.221754e+01	2024	9	17	6
	893	1374	-54.422006	38.859321	9.988731e+04	1.785725e+01	1.077175e+05	1.055205e+05	5.771646e+04	5.649978e+04	2.986641e+02	8.865602e+00	2024	9	17	12
	904	1369	-52.875132	38.390572	9.990392e+04	1.699714e+01	1.076984e+05	1.055384e+05	5.765793e+04	5.652466e+04	2.987490e+02	7.864666e+00	2024	9	17	18
	915	1362	-51.328259	37.734323	1.001692e+05	1.550835e+01	1.077565e+05	1.055690e+05	5.771064e+04	5.659688e+04	2.987964e+02	1.029417e+01	2024	9	18	0
start	21	2024	9	16	6
	1954	1121	94.780964	15.140604	1.005862e+05	1.096934e+01	1.082845e+05	1.080339e+05	5.782827e+04	5.735661e+04	9.999000e+03	3.022307e+01	2024	9	16	6
	1956	1123	95.062213	15.328104	1.004818e+05	1.102728e+01	1.081982e+05	1.079412e+05	5.775812e+04	5.729545e+04	9.999000e+03	1.967035e+01	2024	9	16	12
	1951	1125	94.359089	15.515603	1.006016e+05	1.111938e+01	1.082914e+05	1.080122e+05	5.784673e+04	5.733724e+04	9.999000e+03	2.686276e+01	2024	9	16	18
	1942	1133	93.093465	16.265602	1.005068e+05	1.263495e+01	1.081148e+05	1.078554e+05	5.776255e+04	5.720979e+04	9.999000e+03	2.884352e+01	2024	9	17	0
	1932	1133	91.687217	16.265602	1.004482e+05	1.244687e+01	1.083108e+05	1.079409e+05	5.789688e+04	5.721250e+04	3.032639e+02	2.415429e+01	2024	9	17	6
	1930	1132	91.405967	16.171853	1.002544e+05	1.394659e+01	1.082276e+05	1.079168e+05	5.780480e+04	5.715737e+04	3.032229e+02	1.756662e+01	2024	9	17	12
	1928	1135	91.124717	16.453102	1.004173e+05	1.493465e+01	1.083400e+05	1.079480e+05	5.793081e+04	5.739796e+04	3.032848e+02	2.302696e+01	2024	9	17	18
	1920	1142	89.999719	17.109351	1.003173e+05	1.373339e+01	1.082135e+05	1.078577e+05	5.781721e+04	5.723329e+04	3.039142e+02	2.193061e+01	2024	9	18	0
	1915	1142	89.296594	17.109351	1.004262e+05	1.416319e+01	1.084407e+05	1.080654e+05	5.796951e+04	5.741958e+04	3.041179e+02	1.772293e+01	2024	9	18	6
	1915	1149	89.296594	17.765600	1.002096e+05	1.666384e+01	1.083914e+05	1.079779e+05	5.791634e+04	5.738430e+04	3.040870e+02	1.317645e+01	2024	9	18	12
	1907	1154	88.171596	18.234350	1.003906e+05	1.379435e+01	1.084804e+05	1.080857e+05	5.801765e+04	5.755643e+04	3.045785e+02	2.255621e+01	2024	9	18	18
	1899	1153	87.046597	18.140600	1.002177e+05	1.379477e+01	1.082670e+05	1.078546e+05	5.781395e+04	5.733033e+04	9.999000e+03	2.359295e+01	2024	9	19	0
	1900	1159	87.187222	18.703099	1.002238e+05	1.586999e+01	1.084363e+05	1.079807e+05	5.796121e+04	5.744091e+04	9.999000e+03	1.635546e+01	2024	9	19	6
	1897	1159	86.765347	18.703099	1.000219e+05	1.624564e+01	1.082896e+05	1.078413e+05	5.782486e+04	5.733391e+04	9.999000e+03	9.098094e+00	2024	9	19	12
	1895	1159	86.484097	18.703099	1.002546e+05	1.398675e+01	1.083612e+05	1.079856e+05	5.792176e+04	5.750260e+04	9.999000e+03	1.633430e+01	2024	9	19	18
	1894	1166	86.343472	19.359348	1.000676e+05	1.504688e+01	1.081981e+05	1.077950e+05	5.772975e+04	5.731006e+04	9.999000e+03	1.535891e+01	2024	9	20	0
	1890	1166	85.780973	19.359348	1.001354e+05	1.467953e+01	1.083109e+05	1.079762e+05	5.782339e+04	5.736407e+04	9.999000e+03	1.879913e+01	2024	9	20	6
	1888	1169	85.499723	19.640598	1.000418e+05	1.177948e+01	1.082047e+05	1.078478e+05	5.768823e+04	5.724844e+04	9.999000e+03	1.037964e+01	2024	9	20	12
	1886	1168	85.218474	19.546848	1.003777e+05	1.154736e+01	1.082533e+05	1.079532e+05	5.783675e+04	5.744806e+04	9.999000e+03	1.861122e+01	2024	9	20	18
	1876	1169	83.812225	19.640598	1.002060e+05	1.092090e+01	1.081616e+05	1.077895e+05	5.764679e+04	5.712483e+04	9.999000e+03	1.635548e+01	2024	9	21	0
	1876	1158	83.812225	18.609349	1.003465e+05	1.283707e+01	1.083742e+05	1.079483e+05	5.780599e+04	5.733970e+04	9.999000e+03	1.265988e+01	2024	9	21	6
start	26	2024	9	19	12
	571	1085	-99.703209	11.765609	1.005634e+05	1.112659e+01	1.082225e+05	1.080219e+05	5.767170e+04	5.733827e+04	3.030714e+02	3.464496e+01	2024	9	19	12
	572	1085	-99.562584	11.765609	1.007156e+05	1.356767e+01	1.084064e+05	1.082423e+05	5.788303e+04	5.751041e+04	3.030763e+02	4.128939e+01	2024	9	19	18
	560	1090	-101.250082	12.234358	1.004526e+05	1.410947e+01	1.082834e+05	1.080636e+05	5.770539e+04	5.724966e+04	3.030191e+02	4.272669e+01	2024	9	20	0
	554	1097	-102.093831	12.890607	1.005867e+05	1.303327e+01	1.084165e+05	1.081837e+05	5.786093e+04	5.742027e+04	3.029658e+02	4.230468e+01	2024	9	20	6
	549	1091	-102.796955	12.328108	1.003070e+05	1.387737e+01	1.082208e+05	1.079536e+05	5.769321e+04	5.717744e+04	3.028570e+02	4.030370e+01	2024	9	20	12
	546	1097	-103.218830	12.890607	1.004379e+05	1.624874e+01	1.084368e+05	1.081412e+05	5.789111e+04	5.735838e+04	3.028075e+02	3.742741e+01	2024	9	20	18
	546	1104	-103.218830	13.546856	1.000570e+05	1.662763e+01	1.082873e+05	1.079091e+05	5.770684e+04	5.711884e+04	3.030125e+02	3.088190e+01	2024	9	21	0
	538	1109	-104.343829	14.015606	1.002583e+05	1.726958e+01	1.083789e+05	1.081292e+05	5.787484e+04	5.730068e+04	3.029533e+02	3.507957e+01	2024	9	21	6
	529	1113	-105.609453	14.390605	9.996285e+04	1.723721e+01	1.082617e+05	1.078882e+05	5.769150e+04	5.704067e+04	3.029121e+02	3.478456e+01	2024	9	21	12
	528	1114	-105.750077	14.484355	1.000257e+05	1.659280e+01	1.085287e+05	1.080866e+05	5.786259e+04	5.705502e+04	3.028562e+02	3.828086e+01	2024	9	21	18
	521	1118	-106.734451	14.859354	9.961222e+04	1.799566e+01	1.082435e+05	1.079063e+05	5.764652e+04	5.678525e+04	3.029969e+02	2.814114e+01	2024	9	22	0
	517	1123	-107.296951	15.328104	9.963165e+04	1.998160e+01	1.083713e+05	1.077638e+05	5.781825e+04	5.676109e+04	3.029756e+02	2.818257e+01	2024	9	22	6
	512	1130	-108.000075	15.984353	9.915819e+04	1.925100e+01	1.081314e+05	1.074803e+05	5.764157e+04	5.642976e+04	3.029180e+02	3.028073e+01	2024	9	22	12
	508	1137	-108.562574	16.640602	9.924547e+04	2.000568e+01	1.083400e+05	1.076213e+05	5.783929e+04	5.644413e+04	3.028183e+02	3.002285e+01	2024	9	22	18
	505	1145	-108.984449	17.390601	9.886046e+04	1.963750e+01	1.081846e+05	1.074344e+05	5.764560e+04	5.616393e+04	3.024442e+02	2.220259e+01	2024	9	23	0
	503	1150	-109.265699	17.859350	9.901259e+04	2.128540e+01	1.083091e+05	1.075831e+05	5.779203e+04	5.621285e+04	3.022954e+02	1.913129e+01	2024	9	23	6
	503	1157	-109.265699	18.515599	9.881486e+04	2.276289e+01	1.080846e+05	1.074103e+05	5.756992e+04	5.609271e+04	3.024074e+02	2.186288e+01	2024	9	23	12
	501	1159	-109.546948	18.703099	9.911632e+04	2.190439e+01	1.083332e+05	1.077761e+05	5.778015e+04	5.644064e+04	3.023669e+02	2.282809e+01	2024	9	23	18
	501	1166	-109.546948	19.359348	9.888548e+04	2.321585e+01	1.081198e+05	1.075388e+05	5.752841e+04	5.621658e+04	3.025979e+02	2.019873e+01	2024	9	24	0
	503	1166	-109.265699	19.359348	9.909066e+04	2.177744e+01	1.081860e+05	1.076758e+05	5.778155e+04	5.642038e+04	3.024710e+02	1.830977e+01	2024	9	24	6
	506	1171	-108.843824	19.828097	9.892278e+04	2.069066e+01	1.079900e+05	1.075041e+05	5.754244e+04	5.629207e+04	3.027858e+02	2.257774e+01	2024	9	24	12
	507	1176	-108.703199	20.296847	9.902942e+04	2.409711e+01	1.081958e+05	1.076555e+05	5.770305e+04	5.647380e+04	3.029521e+02	2.556177e+01	2024	9	24	18
	514	1185	-107.718825	21.140596	9.836673e+04	2.981809e+01	1.080619e+05	1.074665e+05	5.752434e+04	5.614985e+04	3.049306e+02	1.960486e+01	2024	9	25	0
	516	1193	-107.437576	21.890595	9.855120e+04	2.552171e+01	1.081142e+05	1.074104e+05	5.768495e+04	5.616778e+04	9.999000e+03	1.766334e+01	2024	9	25	6
	519	1202	-107.015701	22.734343	9.863678e+04	2.688980e+01	1.080059e+05	1.073313e+05	5.754040e+04	5.611488e+04	9.999000e+03	1.861638e+01	2024	9	25	12
	509	1231	-108.421950	25.453090	1.001995e+05	1.384144e+01	1.081574e+05	1.071758e+05	5.761327e+04	5.687683e+04	9.999000e+03	1.152786e+01	2024	9	25	18
start	29	2024	9	19	12
	2386	1116	155.530900	14.671855	1.001896e+05	1.401628e+01	1.084471e+05	1.079202e+05	5.766466e+04	5.731781e+04	3.025309e+02	4.169489e+01	2024	9	19	12
	2381	1130	154.827776	15.984353	9.997222e+04	1.541006e+01	1.082104e+05	1.076488e+05	5.758391e+04	5.706627e+04	3.023700e+02	3.219238e+01	2024	9	19	18
	2375	1133	153.984027	16.265602	1.001035e+05	1.653804e+01	1.083169e+05	1.078895e+05	5.777495e+04	5.723523e+04	3.023461e+02	2.796855e+01	2024	9	20	0
	2368	1137	152.999653	16.640602	9.990297e+04	1.627628e+01	1.082625e+05	1.078023e+05	5.764729e+04	5.713011e+04	3.027065e+02	2.130850e+01	2024	9	20	6
	2373	1147	153.702777	17.578101	1.001882e+05	1.583490e+01	1.085404e+05	1.081250e+05	5.785109e+04	5.725139e+04	3.024516e+02	3.855969e+01	2024	9	20	12
	2364	1157	152.437154	18.515599	9.991685e+04	1.716523e+01	1.083634e+05	1.080069e+05	5.773260e+04	5.700282e+04	3.028342e+02	3.231172e+01	2024	9	20	18
	2360	1171	151.874654	19.828097	1.000520e+05	2.036561e+01	1.085653e+05	1.080512e+05	5.800297e+04	5.711234e+04	3.029077e+02	2.997592e+01	2024	9	21	0
	2358	1171	151.593404	19.828097	9.973562e+04	1.810432e+01	1.084457e+05	1.079145e+05	5.777400e+04	5.677408e+04	3.029071e+02	3.292116e+01	2024	9	21	6
	2353	1185	150.890280	21.140596	9.980863e+04	2.077209e+01	1.086212e+05	1.080103e+05	5.799999e+04	5.681303e+04	3.028918e+02	3.849887e+01	2024	9	21	12
	2349	1192	150.327781	21.796845	9.935938e+04	1.981732e+01	1.084622e+05	1.077973e+05	5.781780e+04	5.652205e+04	3.028694e+02	3.113630e+01	2024	9	21	18
	2343	1202	149.484032	22.734343	9.931161e+04	1.962791e+01	1.085393e+05	1.079242e+05	5.791809e+04	5.655652e+04	3.028969e+02	2.871064e+01	2024	9	22	0
	2340	1209	149.062157	23.390592	9.894309e+04	2.016359e+01	1.083936e+05	1.077255e+05	5.780478e+04	5.628276e+04	3.028385e+02	3.157664e+01	2024	9	22	6
	2339	1214	148.921532	23.859342	9.898930e+04	2.015571e+01	1.085592e+05	1.078454e+05	5.793853e+04	5.641238e+04	3.026921e+02	2.936295e+01	2024	9	22	12
	2335	1222	148.359033	24.609341	9.870288e+04	2.126454e+01	1.084052e+05	1.076833e+05	5.775043e+04	5.625461e+04	3.023344e+02	2.494991e+01	2024	9	22	18
	2332	1228	147.937158	25.171840	9.888591e+04	2.158844e+01	1.085691e+05	1.078848e+05	5.790434e+04	5.645055e+04	3.022422e+02	2.196129e+01	2024	9	23	0
	2332	1236	147.937158	25.921839	9.867678e+04	2.148853e+01	1.084327e+05	1.077100e+05	5.778410e+04	5.630128e+04	3.020006e+02	2.359011e+01	2024	9	23	6
	2330	1240	147.655909	26.296838	9.880957e+04	2.188173e+01	1.085700e+05	1.078738e+05	5.786811e+04	5.644993e+04	3.017249e+02	2.521206e+01	2024	9	23	12
	2331	1250	147.796533	27.234337	9.864280e+04	2.212400e+01	1.084188e+05	1.077182e+05	5.769600e+04	5.630099e+04	3.014156e+02	2.017860e+01	2024	9	23	18
	2337	1260	148.640283	28.171836	9.879333e+04	2.434234e+01	1.085996e+05	1.078339e+05	5.789911e+04	5.646946e+04	3.008951e+02	1.946244e+01	2024	9	24	0
	2341	1267	149.202782	28.828085	9.863502e+04	2.227767e+01	1.085141e+05	1.076571e+05	5.777498e+04	5.633559e+04	3.005336e+02	1.741282e+01	2024	9	24	6
	2347	1271	150.046531	29.203084	9.880684e+04	2.225263e+01	1.086825e+05	1.077062e+05	5.794448e+04	5.658745e+04	3.006490e+02	1.559386e+01	2024	9	24	12
	2354	1286	151.030905	30.609332	9.886109e+04	2.165376e+01	1.084679e+05	1.072893e+05	5.774962e+04	5.669511e+04	3.002808e+02	1.681447e+01	2024	9	24	18
	2365	1298	152.577778	31.734331	9.909739e+04	2.228849e+01	1.085846e+05	1.071134e+05	5.791213e+04	5.695649e+04	2.999994e+02	1.940977e+01	2024	9	25	0
	2379	1317	154.546526	33.515578	9.902562e+04	2.125282e+01	1.083801e+05	1.065365e+05	5.778639e+04	5.648224e+04	2.998901e+02	2.767142e+01	2024	9	25	6
	2395	1339	156.796524	35.578076	9.894910e+04	2.213668e+01	1.083864e+05	1.055389e+05	5.776854e+04	5.596423e+04	2.991618e+02	3.484083e+01	2024	9	25	12
	2415	1361	159.609021	37.640573	9.817589e+04	2.051840e+01	1.079115e+05	1.038102e+05	5.736189e+04	5.521295e+04	2.974279e+02	3.806298e+01	2024	9	25	18
	2434	1365	162.280893	38.015572	9.796068e+04	2.435685e+01	1.077654e+05	1.031012e+05	5.732888e+04	5.465136e+04	2.967065e+02	2.197886e+01	2024	9	26	0
	2462	1375	166.218389	38.953071	9.758637e+04	2.509038e+01	1.073579e+05	1.026315e+05	5.695294e+04	5.436024e+04	2.962268e+02	2.369667e+01	2024	9	26	6
	2489	1382	170.015260	39.609320	9.689951e+04	2.921622e+01	1.068658e+05	1.022421e+05	5.659918e+04	5.366165e+04	2.939284e+02	1.959774e+01	2024	9	26	12
start	57	2024	10	2	18
	2331	1068	147.796533	10.171861	1.002210e+05	1.467467e+01	1.082371e+05	1.078809e+05	5.757927e+04	5.716317e+04	3.025784e+02	2.392866e+01	2024	10	2	18
	2318	1068	145.968410	10.171861	1.003182e+05	1.491244e+01	1.084027e+05	1.080522e+05	5.776263e+04	5.724945e+04	3.024775e+02	2.693195e+01	2024	10	3	0
	2314	1068	145.405911	10.171861	9.989743e+04	1.550424e+01	1.081939e+05	1.077749e+05	5.747453e+04	5.701792e+04	3.025820e+02	2.495967e+01	2024	10	3	6
	2301	1070	143.577788	10.359361	1.000726e+05	1.446033e+01	1.083542e+05	1.078924e+05	5.763658e+04	5.714711e+04	3.023905e+02	2.814532e+01	2024	10	3	12
	2299	1075	143.296538	10.828110	9.973476e+04	1.504693e+01	1.080933e+05	1.076468e+05	5.736532e+04	5.688912e+04	3.023411e+02	2.245243e+01	2024	10	3	18
	2290	1078	142.030914	11.109360	9.992917e+04	1.531385e+01	1.082769e+05	1.078689e+05	5.757731e+04	5.710393e+04	3.023240e+02	1.953125e+01	2024	10	4	0
	2282	1080	140.905916	11.296859	9.959201e+04	1.491327e+01	1.080531e+05	1.076352e+05	5.733398e+04	5.695168e+04	3.025659e+02	1.823969e+01	2024	10	4	6
	2276	1079	140.062166	11.203109	9.982566e+04	1.413557e+01	1.082985e+05	1.078612e+05	5.756264e+04	5.709452e+04	3.024435e+02	2.763505e+01	2024	10	4	12
	2272	1087	139.499667	11.953108	9.954843e+04	1.375027e+01	1.080454e+05	1.075847e+05	5.734126e+04	5.682049e+04	3.023902e+02	2.407560e+01	2024	10	4	18
	2264	1089	138.374668	12.140608	9.985144e+04	1.432143e+01	1.081831e+05	1.078526e+05	5.754302e+04	5.717002e+04	3.023928e+02	2.097963e+01	2024	10	5	0
	2258	1092	137.530919	12.421858	9.956801e+04	1.435118e+01	1.080437e+05	1.077130e+05	5.742238e+04	5.694890e+04	3.027966e+02	2.268854e+01	2024	10	5	6
	2255	1094	137.109045	12.609357	9.985862e+04	1.423532e+01	1.082629e+05	1.079146e+05	5.765385e+04	5.715334e+04	3.026413e+02	2.694222e+01	2024	10	5	12
	2247	1097	135.984046	12.890607	9.962954e+04	1.421211e+01	1.080953e+05	1.076796e+05	5.744203e+04	5.697404e+04	3.028346e+02	2.332937e+01	2024	10	5	18
	2242	1099	135.280921	13.078107	9.988348e+04	1.481909e+01	1.082725e+05	1.079339e+05	5.771018e+04	5.721760e+04	3.028674e+02	2.006585e+01	2024	10	6	0
	2236	1106	134.437172	13.734356	9.957559e+04	1.380099e+01	1.081368e+05	1.078189e+05	5.746968e+04	5.703122e+04	3.030533e+02	2.491278e+01	2024	10	6	6
	2231	1109	133.734048	14.015606	9.986347e+04	1.508402e+01	1.083962e+05	1.080545e+05	5.776161e+04	5.724120e+04	3.030257e+02	2.981319e+01	2024	10	6	12
	2220	1114	132.187175	14.484355	9.958835e+04	1.360128e+01	1.081950e+05	1.078735e+05	5.751769e+04	5.693673e+04	3.029773e+02	3.612912e+01	2024	10	6	18
	2212	1110	131.062176	14.109355	9.973771e+04	1.458386e+01	1.083764e+05	1.079737e+05	5.763759e+04	5.704429e+04	3.029201e+02	3.707823e+01	2024	10	7	0
	2210	1113	130.780926	14.390605	9.934729e+04	1.544369e+01	1.081187e+05	1.077903e+05	5.743216e+04	5.669715e+04	3.029641e+02	3.734532e+01	2024	10	7	6
	2204	1118	129.937177	14.859354	9.943904e+04	1.701257e+01	1.084220e+05	1.079204e+05	5.761684e+04	5.681844e+04	3.029343e+02	3.873955e+01	2024	10	7	12
	2201	1119	129.515302	14.953104	9.915284e+04	1.639546e+01	1.081863e+05	1.076912e+05	5.738364e+04	5.659392e+04	3.028715e+02	4.109424e+01	2024	10	7	18
	2195	1130	128.671553	15.984353	9.923670e+04	1.724902e+01	1.083780e+05	1.079201e+05	5.755099e+04	5.671079e+04	3.028828e+02	4.450000e+01	2024	10	8	0
	2189	1135	127.827804	16.453102	9.881133e+04	1.744159e+01	1.081694e+05	1.076538e+05	5.734209e+04	5.642465e+04	3.029040e+02	4.614354e+01	2024	10	8	6
	2183	1135	126.984055	16.453102	9.897479e+04	1.794271e+01	1.083923e+05	1.078888e+05	5.745730e+04	5.656009e+04	3.028571e+02	4.260302e+01	2024	10	8	12
	2180	1142	126.562181	17.109351	9.865387e+04	1.949457e+01	1.081851e+05	1.076915e+05	5.732384e+04	5.632338e+04	3.027753e+02	4.484152e+01	2024	10	8	18
	2175	1150	125.859056	17.859350	9.881970e+04	2.030451e+01	1.082997e+05	1.077948e+05	5.745580e+04	5.652744e+04	3.027531e+02	4.147188e+01	2024	10	9	0
	2172	1154	125.437182	18.234350	9.852581e+04	1.985931e+01	1.081366e+05	1.076487e+05	5.724667e+04	5.637764e+04	3.029258e+02	3.556446e+01	2024	10	9	6
	2168	1159	124.874682	18.703099	9.877651e+04	1.876437e+01	1.083427e+05	1.078987e+05	5.742542e+04	5.661361e+04	3.027117e+02	3.564212e+01	2024	10	9	12
	2165	1162	124.452808	18.984349	9.869827e+04	1.928298e+01	1.081748e+05	1.078182e+05	5.727648e+04	5.658764e+04	3.026819e+02	3.283912e+01	2024	10	9	18
	2159	1163	123.609059	19.078098	9.894919e+04	1.812095e+01	1.083442e+05	1.080543e+05	5.743435e+04	5.679248e+04	9.999000e+03	3.459407e+01	2024	10	10	0
	2155	1163	123.046559	19.078098	9.873841e+04	1.956140e+01	1.082352e+05	1.079165e+05	5.724803e+04	5.662413e+04	9.999000e+03	2.972289e+01	2024	10	10	6
	2156	1171	123.187184	19.828097	9.904324e+04	1.877976e+01	1.084120e+05	1.080695e+05	5.754316e+04	5.693404e+04	9.999000e+03	2.479554e+01	2024	10	10	12
	2153	1170	122.765309	19.734348	9.904338e+04	1.899961e+01	1.082817e+05	1.079541e+05	5.743675e+04	5.691664e+04	9.999000e+03	2.714825e+01	2024	10	10	18
	2144	1168	121.499686	19.546848	9.909004e+04	1.849920e+01	1.084078e+05	1.080475e+05	5.751823e+04	5.678193e+04	9.999000e+03	3.198419e+01	2024	10	11	0
	2144	1168	121.499686	19.546848	9.872044e+04	1.877943e+01	1.082257e+05	1.078655e+05	5.741162e+04	5.643399e+04	9.999000e+03	3.632260e+01	2024	10	11	6
	2141	1171	121.077811	19.828097	9.910574e+04	1.929162e+01	1.084665e+05	1.080078e+05	5.756288e+04	5.667722e+04	9.999000e+03	3.155459e+01	2024	10	11	12
	2137	1178	120.515312	20.484347	9.904924e+04	1.856790e+01	1.083033e+05	1.079103e+05	5.748905e+04	5.663733e+04	9.999000e+03	2.583004e+01	2024	10	11	18
	2132	1181	119.812188	20.765596	9.920613e+04	2.005651e+01	1.083629e+05	1.080938e+05	5.756851e+04	5.684030e+04	9.999000e+03	3.045667e+01	2024	10	12	0
	2124	1183	118.687189	20.953096	9.898015e+04	1.902407e+01	1.082069e+05	1.079824e+05	5.737354e+04	5.670040e+04	3.022802e+02	2.369364e+01	2024	10	12	6
	2124	1182	118.687189	20.859346	9.914427e+04	1.947069e+01	1.083486e+05	1.081333e+05	5.750266e+04	5.686297e+04	3.022509e+02	1.978117e+01	2024	10	12	12
	2122	1182	118.405939	20.859346	9.896188e+04	2.203324e+01	1.082233e+05	1.079812e+05	5.736377e+04	5.675495e+04	3.021730e+02	2.437578e+01	2024	10	12	18
	2120	1183	118.124689	20.953096	9.889110e+04	2.342253e+01	1.082338e+05	1.079842e+05	5.743507e+04	5.673035e+04	3.020755e+02	1.886168e+01	2024	10	13	0
	2120	1182	118.124689	20.859346	9.873501e+04	2.218834e+01	1.081198e+05	1.078424e+05	5.733446e+04	5.654649e+04	3.020303e+02	1.448529e+01	2024	10	13	6
	2120	1182	118.124689	20.859346	9.900154e+04	2.174635e+01	1.083020e+05	1.079891e+05	5.749403e+04	5.665047e+04	3.019832e+02	1.444873e+01	2024	10	13	12
	2120	1182	118.124689	20.859346	9.892727e+04	2.111246e+01	1.081647e+05	1.078407e+05	5.739555e+04	5.649194e+04	3.019471e+02	1.743367e+01	2024	10	13	18
	2120	1182	118.124689	20.859346	9.898220e+04	2.268037e+01	1.082635e+05	1.078069e+05	5.756732e+04	5.651772e+04	3.019140e+02	1.652939e+01	2024	10	14	0
	2120	1182	118.124689	20.859346	9.886803e+04	2.308648e+01	1.081731e+05	1.077160e+05	5.745055e+04	5.643182e+04	3.019265e+02	1.609711e+01	2024	10	14	6
	2123	1182	118.546564	20.859346	9.909594e+04	2.344400e+01	1.083281e+05	1.078889e+05	5.765757e+04	5.658002e+04	3.018990e+02	1.402358e+01	2024	10	14	12
	2122	1183	118.405939	20.953096	9.914062e+04	2.009677e+01	1.082588e+05	1.078931e+05	5.755650e+04	5.662649e+04	3.018632e+02	1.768645e+01	2024	10	14	18
	2122	1188	118.405939	21.421845	9.933955e+04	2.032477e+01	1.083806e+05	1.079892e+05	5.772904e+04	5.677991e+04	3.018498e+02	1.896461e+01	2024	10	15	0
	2122	1188	118.405939	21.421845	9.927106e+04	1.988044e+01	1.082167e+05	1.079050e+05	5.757125e+04	5.675518e+04	3.019076e+02	1.338100e+01	2024	10	15	6
	2123	1190	118.546564	21.609345	9.947925e+04	1.961766e+01	1.083720e+05	1.080141e+05	5.773650e+04	5.699232e+04	9.999000e+03	1.098033e+01	2024	10	15	12
	2124	1193	118.687189	21.890595	9.934302e+04	2.073425e+01	1.082156e+05	1.078745e+05	5.762556e+04	5.693293e+04	9.999000e+03	1.463519e+01	2024	10	15	18
	2124	1195	118.687189	22.078094	9.947292e+04	2.022091e+01	1.082206e+05	1.078213e+05	5.770223e+04	5.697264e+04	9.999000e+03	1.016660e+01	2024	10	16	0
	2125	1198	118.827814	22.359344	9.972493e+04	1.872117e+01	1.081015e+05	1.076919e+05	5.758135e+04	5.718709e+04	9.999000e+03	9.118085e+00	2024	10	16	6
	2125	1198	118.827814	22.359344	1.000016e+05	1.789784e+01	1.082706e+05	1.078524e+05	5.772280e+04	5.736399e+04	9.999000e+03	5.262916e+00	2024	10	16	12
	2121	1202	118.265314	22.734343	1.001083e+05	1.598032e+01	1.081083e+05	1.076836e+05	5.760138e+04	5.741110e+04	9.999000e+03	6.823987e+00	2024	10	16	18
start	52	2024	10	4	12
	2426	1077	161.155894	11.015610	1.003837e+05	1.057607e+01	1.083302e+05	1.080360e+05	5.757552e+04	5.727038e+04	3.030561e+02	4.001912e+01	2024	10	4	12
	2425	1070	161.015270	10.359361	1.001510e+05	1.326248e+01	1.080616e+05	1.078048e+05	5.738708e+04	5.704734e+04	3.031096e+02	3.836880e+01	2024	10	4	18
	2437	1075	162.702768	10.828110	1.002921e+05	1.305856e+01	1.081742e+05	1.079957e+05	5.757005e+04	5.717517e+04	3.031213e+02	3.520354e+01	2024	10	5	0
	2434	1078	162.280893	11.109360	1.000128e+05	1.357817e+01	1.080931e+05	1.078484e+05	5.746648e+04	5.692618e+04	3.030358e+02	3.381987e+01	2024	10	5	6
	2429	1078	161.577769	11.109360	1.001413e+05	1.455594e+01	1.082372e+05	1.079900e+05	5.761899e+04	5.706542e+04	3.029842e+02	3.963206e+01	2024	10	5	12
	2430	1076	161.718394	10.921860	9.987449e+04	1.571686e+01	1.081033e+05	1.078817e+05	5.743201e+04	5.693491e+04	3.029603e+02	3.549146e+01	2024	10	5	18
	2430	1082	161.718394	11.484359	1.000234e+05	1.505631e+01	1.083113e+05	1.081099e+05	5.760139e+04	5.711059e+04	3.030270e+02	3.449720e+01	2024	10	6	0
	2424	1082	160.874645	11.484359	9.979008e+04	1.417670e+01	1.082517e+05	1.079757e+05	5.747614e+04	5.700559e+04	3.031211e+02	3.334716e+01	2024	10	6	6
	2420	1079	160.312145	11.203109	9.996285e+04	1.294806e+01	1.083790e+05	1.081263e+05	5.762204e+04	5.720666e+04	3.029475e+02	4.221293e+01	2024	10	6	12
	2417	1085	159.890271	11.765609	9.967917e+04	1.484958e+01	1.081996e+05	1.078546e+05	5.746606e+04	5.694061e+04	3.029131e+02	4.251627e+01	2024	10	6	18
	2413	1085	159.327771	11.765609	9.980466e+04	1.460059e+01	1.083881e+05	1.080122e+05	5.759062e+04	5.709029e+04	3.028904e+02	3.695119e+01	2024	10	7	0
	2403	1092	157.921523	12.421858	9.953704e+04	1.674198e+01	1.082238e+05	1.078050e+05	5.744838e+04	5.686459e+04	3.029585e+02	3.361224e+01	2024	10	7	6
	2403	1091	157.921523	12.328108	9.969385e+04	1.555588e+01	1.083276e+05	1.079660e+05	5.754184e+04	5.702615e+04	3.027726e+02	4.932015e+01	2024	10	7	12
	2397	1092	157.077774	12.421858	9.941706e+04	1.442312e+01	1.080823e+05	1.077124e+05	5.734052e+04	5.676439e+04	3.025936e+02	4.410183e+01	2024	10	7	18
	2389	1094	155.952775	12.609357	9.949463e+04	1.615335e+01	1.082472e+05	1.078281e+05	5.748186e+04	5.679630e+04	3.024273e+02	3.738089e+01	2024	10	8	0
	2383	1097	155.109026	12.890607	9.918678e+04	1.636688e+01	1.081188e+05	1.077103e+05	5.733696e+04	5.651598e+04	3.024462e+02	4.069915e+01	2024	10	8	6
	2380	1096	154.687151	12.796857	9.932440e+04	1.818062e+01	1.082265e+05	1.077888e+05	5.745909e+04	5.662750e+04	3.022498e+02	4.262706e+01	2024	10	8	12
	2373	1104	153.702777	13.546856	9.894515e+04	1.906529e+01	1.080347e+05	1.075124e+05	5.732526e+04	5.636773e+04	3.020660e+02	3.820495e+01	2024	10	8	18
	2363	1111	152.296529	14.203105	9.906214e+04	2.054286e+01	1.083301e+05	1.076645e+05	5.752291e+04	5.646976e+04	3.021234e+02	3.960075e+01	2024	10	9	0
	2355	1116	151.171530	14.671855	9.873330e+04	2.114740e+01	1.081395e+05	1.074594e+05	5.738836e+04	5.624472e+04	3.021184e+02	4.050193e+01	2024	10	9	6
	2343	1123	149.484032	15.328104	9.890474e+04	2.294670e+01	1.083455e+05	1.076969e+05	5.760390e+04	5.640505e+04	3.023062e+02	4.104668e+01	2024	10	9	12
	2328	1130	147.374659	15.984353	9.857900e+04	2.185627e+01	1.081691e+05	1.074828e+05	5.748340e+04	5.618416e+04	3.023921e+02	4.171333e+01	2024	10	9	18
	2320	1130	146.249660	15.984353	9.876577e+04	2.206669e+01	1.083941e+05	1.077404e+05	5.763803e+04	5.637776e+04	3.025777e+02	3.680380e+01	2024	10	10	0
	2310	1140	144.843411	16.921851	9.849216e+04	2.428547e+01	1.083580e+05	1.075802e+05	5.753036e+04	5.616616e+04	3.026185e+02	3.562008e+01	2024	10	10	6
	2299	1147	143.296538	17.578101	9.874625e+04	2.371849e+01	1.085351e+05	1.078323e+05	5.772531e+04	5.640116e+04	3.025793e+02	3.859184e+01	2024	10	10	12
	2293	1147	142.452789	17.578101	9.842031e+04	2.574987e+01	1.083538e+05	1.075847e+05	5.750712e+04	5.620706e+04	3.025690e+02	3.281718e+01	2024	10	10	18
	2279	1159	140.484041	18.703099	9.861352e+04	2.561420e+01	1.085299e+05	1.078938e+05	5.772074e+04	5.641200e+04	3.025464e+02	2.410130e+01	2024	10	11	0
	2279	1163	140.484041	19.078098	9.835261e+04	2.651776e+01	1.083613e+05	1.076823e+05	5.753138e+04	5.620783e+04	3.026888e+02	2.596572e+01	2024	10	11	6
	2268	1169	138.937168	19.640598	9.859637e+04	2.421089e+01	1.084474e+05	1.078855e+05	5.767066e+04	5.643071e+04	3.025541e+02	3.497810e+01	2024	10	11	12
	2261	1176	137.952794	20.296847	9.824571e+04	2.604144e+01	1.082856e+05	1.075307e+05	5.752356e+04	5.610145e+04	3.025607e+02	3.197146e+01	2024	10	11	18
	2253	1176	136.827795	20.296847	9.831193e+04	2.605637e+01	1.083246e+05	1.076301e+05	5.766371e+04	5.611766e+04	3.025202e+02	3.424950e+01	2024	10	12	0
	2250	1185	136.405920	21.140596	9.785570e+04	2.807890e+01	1.081332e+05	1.073789e+05	5.751818e+04	5.578755e+04	3.026301e+02	3.396945e+01	2024	10	12	6
	2247	1190	135.984046	21.609345	9.785973e+04	2.866521e+01	1.082043e+05	1.073230e+05	5.763622e+04	5.571638e+04	3.024896e+02	3.212413e+01	2024	10	12	12
	2243	1197	135.421546	22.265594	9.752967e+04	2.757124e+01	1.080827e+05	1.071149e+05	5.738697e+04	5.541746e+04	3.023757e+02	2.819258e+01	2024	10	12	18
	2240	1204	134.999672	22.921843	9.735036e+04	2.789252e+01	1.081435e+05	1.069972e+05	5.750791e+04	5.522730e+04	3.022072e+02	3.006783e+01	2024	10	13	0
	2241	1211	135.140297	23.578092	9.680184e+04	2.816265e+01	1.080139e+05	1.065718e+05	5.729605e+04	5.466761e+04	3.019988e+02	3.011568e+01	2024	10	13	6
	2244	1219	135.562171	24.328091	9.669384e+04	2.669616e+01	1.082155e+05	1.067694e+05	5.750756e+04	5.457251e+04	3.018255e+02	3.036291e+01	2024	10	13	12
	2248	1224	136.124671	24.796841	9.650599e+04	2.713615e+01	1.080420e+05	1.069004e+05	5.735520e+04	5.459869e+04	3.015995e+02	2.715816e+01	2024	10	13	18
	2257	1229	137.390294	25.265590	9.674390e+04	2.961383e+01	1.082597e+05	1.071157e+05	5.758481e+04	5.490149e+04	3.015535e+02	2.661664e+01	2024	10	14	0
	2267	1241	138.796543	26.390588	9.666130e+04	2.849834e+01	1.081102e+05	1.070603e+05	5.738983e+04	5.491845e+04	3.014773e+02	3.300397e+01	2024	10	14	6
	2278	1248	140.343416	27.046837	9.690170e+04	2.915771e+01	1.082512e+05	1.070054e+05	5.754721e+04	5.519580e+04	3.008755e+02	4.265524e+01	2024	10	14	12
	2287	1258	141.609040	27.984336	9.644377e+04	3.229078e+01	1.080409e+05	1.064095e+05	5.727352e+04	5.509038e+04	3.005937e+02	4.065470e+01	2024	10	14	18
	2301	1264	143.577788	28.546835	9.669444e+04	3.614103e+01	1.081887e+05	1.062191e+05	5.743050e+04	5.525663e+04	3.002488e+02	4.091623e+01	2024	10	15	0
	2317	1264	145.827785	28.546835	9.721824e+04	3.401123e+01	1.080068e+05	1.058304e+05	5.726205e+04	5.518590e+04	3.004184e+02	3.905278e+01	2024	10	15	6
	2333	1264	148.077783	28.546835	9.737492e+04	3.022722e+01	1.081845e+05	1.058445e+05	5.734398e+04	5.534262e+04	3.007025e+02	2.942153e+01	2024	10	15	12
	2347	1264	150.046531	28.546835	9.748435e+04	3.340165e+01	1.079561e+05	1.054028e+05	5.711759e+04	5.555890e+04	3.008127e+02	2.268769e+01	2024	10	15	18
	2361	1259	152.015279	28.078086	9.819806e+04	3.372866e+01	1.081222e+05	1.054052e+05	5.720398e+04	5.579719e+04	3.009941e+02	1.529927e+01	2024	10	16	0
	2373	1256	153.702777	27.796836	9.824977e+04	3.021720e+01	1.080422e+05	1.053483e+05	5.707030e+04	5.583288e+04	3.010783e+02	7.591153e+00	2024	10	16	6
	2382	1247	154.968401	26.953088	9.874770e+04	2.282598e+01	1.081617e+05	1.057200e+05	5.728409e+04	5.619900e+04	3.013327e+02	3.851174e+00	2024	10	16	12
	2388	1239	155.812150	26.203089	9.900459e+04	2.009437e+01	1.079459e+05	1.058654e+05	5.720847e+04	5.624556e+04	3.014083e+02	3.562722e+00	2024	10	16	18
	2392	1232	156.374649	25.546839	9.950491e+04	1.866262e+01	1.081203e+05	1.062830e+05	5.747921e+04	5.657650e+04	3.014494e+02	4.956732e+00	2024	10	17	0
	2397	1230	157.077774	25.359340	9.960487e+04	1.865484e+01	1.080418e+05	1.062678e+05	5.744288e+04	5.669228e+04	3.014626e+02	6.790571e+00	2024	10	17	6
start	15	2024	10	12	12
	2485	1091	169.452761	12.328108	1.001910e+05	1.257623e+01	1.083505e+05	1.080275e+05	5.770360e+04	5.727892e+04	3.027028e+02	3.080479e+01	2024	10	12	12
	2482	1104	169.030886	13.546856	9.996417e+04	1.402697e+01	1.082270e+05	1.078378e+05	5.761103e+04	5.701771e+04	3.026515e+02	2.885378e+01	2024	10	12	18
	2473	1101	167.765263	13.265607	1.000744e+05	1.459864e+01	1.083996e+05	1.080295e+05	5.766844e+04	5.713485e+04	3.028105e+02	3.567222e+01	2024	10	13	0
	2459	1111	165.796515	14.203105	9.989729e+04	1.706209e+01	1.082548e+05	1.079325e+05	5.761520e+04	5.690051e+04	3.024867e+02	3.125697e+01	2024	10	13	6
	2460	1110	165.937140	14.109355	9.998366e+04	1.628945e+01	1.084179e+05	1.080448e+05	5.773948e+04	5.699569e+04	3.024977e+02	2.731221e+01	2024	10	13	12
	2458	1121	165.655890	15.140604	9.976192e+04	1.696533e+01	1.082962e+05	1.079055e+05	5.766374e+04	5.684577e+04	3.023582e+02	2.690041e+01	2024	10	13	18
	2450	1123	164.530891	15.328104	9.981964e+04	1.559860e+01	1.084716e+05	1.080665e+05	5.774538e+04	5.700512e+04	3.022661e+02	2.208908e+01	2024	10	14	0
	2450	1130	164.530891	15.984353	9.965059e+04	1.508780e+01	1.084232e+05	1.079777e+05	5.764809e+04	5.694922e+04	3.022814e+02	2.272354e+01	2024	10	14	6
	2447	1137	164.109016	16.640602	9.980647e+04	1.519099e+01	1.085506e+05	1.080601e+05	5.771843e+04	5.710786e+04	3.021044e+02	2.340211e+01	2024	10	14	12
	2444	1144	163.687142	17.296851	9.965605e+04	1.445582e+01	1.083712e+05	1.079163e+05	5.753673e+04	5.694145e+04	3.019071e+02	1.859304e+01	2024	10	14	18
	2442	1152	163.405892	18.046850	9.974905e+04	1.623433e+01	1.084759e+05	1.081342e+05	5.765955e+04	5.708797e+04	3.019889e+02	1.406887e+01	2024	10	15	0
	2438	1161	162.843393	18.890599	9.954520e+04	1.610476e+01	1.083876e+05	1.080361e+05	5.754135e+04	5.699312e+04	3.019537e+02	1.398895e+01	2024	10	15	6
	2435	1171	162.421518	19.828097	9.968214e+04	1.721121e+01	1.083898e+05	1.080901e+05	5.757058e+04	5.708882e+04	3.016151e+02	1.787914e+01	2024	10	15	12
	2432	1185	161.999644	21.140596	9.953767e+04	1.646939e+01	1.081676e+05	1.079730e+05	5.745998e+04	5.693334e+04	3.015877e+02	1.298238e+01	2024	10	15	18
	2433	1202	162.140268	22.734343	9.965889e+04	1.604481e+01	1.082679e+05	1.079100e+05	5.758672e+04	5.706995e+04	3.016018e+02	1.094669e+01	2024	10	16	0
start	21	2024	10	25	12
	2335	1149	148.359033	17.765600	1.006408e+05	1.144364e+01	1.082394e+05	1.080022e+05	5.794441e+04	5.743388e+04	3.022417e+02	2.357822e+01	2024	10	25	12
	2328	1149	147.374659	17.765600	1.004432e+05	1.148779e+01	1.080593e+05	1.078154e+05	5.770606e+04	5.720623e+04	3.022159e+02	1.968216e+01	2024	10	25	18
	2323	1149	146.671535	17.765600	1.006846e+05	1.119224e+01	1.082124e+05	1.080604e+05	5.791927e+04	5.743658e+04	3.023129e+02	1.346276e+01	2024	10	26	0
	2318	1157	145.968410	18.515599	1.004335e+05	1.113657e+01	1.080598e+05	1.078382e+05	5.772086e+04	5.724743e+04	3.022472e+02	2.126047e+01	2024	10	26	6
	2313	1156	145.265286	18.421849	1.006121e+05	1.194906e+01	1.082232e+05	1.079624e+05	5.782173e+04	5.735988e+04	3.019195e+02	1.965974e+01	2024	10	26	12
	2316	1161	145.687161	18.890599	1.003552e+05	1.263637e+01	1.080695e+05	1.076209e+05	5.765066e+04	5.712548e+04	3.018651e+02	2.713768e+01	2024	10	26	18
	2313	1161	145.265286	18.890599	1.005498e+05	1.413759e+01	1.082950e+05	1.077560e+05	5.784742e+04	5.732990e+04	3.018719e+02	2.334195e+01	2024	10	27	0
	2313	1158	145.265286	18.609349	1.002649e+05	1.530942e+01	1.080475e+05	1.077327e+05	5.767527e+04	5.704923e+04	3.019905e+02	2.176042e+01	2024	10	27	6
	2315	1169	145.546536	19.640598	1.003834e+05	1.759778e+01	1.082025e+05	1.078037e+05	5.791447e+04	5.712302e+04	3.016779e+02	2.244368e+01	2024	10	27	12
	2310	1169	144.843411	19.640598	1.000848e+05	1.792966e+01	1.078830e+05	1.075768e+05	5.773959e+04	5.688955e+04	3.016971e+02	1.779452e+01	2024	10	27	18
	2311	1176	144.984036	20.296847	1.002852e+05	1.992838e+01	1.081450e+05	1.077193e+05	5.796184e+04	5.703489e+04	3.017235e+02	1.146026e+01	2024	10	28	0
	2304	1181	143.999662	20.765596	1.000079e+05	1.788205e+01	1.079251e+05	1.074632e+05	5.774154e+04	5.673112e+04	3.017582e+02	1.211600e+01	2024	10	28	6
	2303	1190	143.859038	21.609345	1.001295e+05	1.859485e+01	1.080342e+05	1.076697e+05	5.787387e+04	5.685255e+04	3.014425e+02	1.596292e+01	2024	10	28	12
	2300	1193	143.437163	21.890595	9.986368e+04	1.762240e+01	1.078277e+05	1.074883e+05	5.765167e+04	5.669952e+04	3.013872e+02	1.240879e+01	2024	10	28	18
	2296	1202	142.874664	22.734343	9.999559e+04	1.865012e+01	1.079971e+05	1.075867e+05	5.782866e+04	5.683038e+04	3.012927e+02	1.163783e+01	2024	10	29	0
	2297	1209	143.015288	23.390592	9.970073e+04	1.897373e+01	1.078175e+05	1.073060e+05	5.768698e+04	5.660741e+04	3.010945e+02	1.351533e+01	2024	10	29	6
	2298	1219	143.155913	24.328091	9.974320e+04	1.981040e+01	1.079114e+05	1.071804e+05	5.784027e+04	5.670768e+04	3.009517e+02	1.559646e+01	2024	10	29	12
	2305	1229	144.140287	25.265590	9.948067e+04	2.081917e+01	1.076913e+05	1.068256e+05	5.762980e+04	5.658125e+04	3.006714e+02	1.170032e+01	2024	10	29	18
	2311	1236	144.984036	25.921839	9.977034e+04	2.081581e+01	1.079270e+05	1.068290e+05	5.786823e+04	5.704766e+04	3.006144e+02	8.764650e+00	2024	10	30	0
	2322	1250	146.530910	27.234337	9.972530e+04	1.836438e+01	1.078499e+05	1.064471e+05	5.773432e+04	5.672173e+04	3.004258e+02	7.932689e+00	2024	10	30	6
	2331	1263	147.796533	28.453085	1.000006e+05	1.950969e+01	1.079687e+05	1.060674e+05	5.790551e+04	5.649857e+04	2.997928e+02	5.660176e+00	2024	10	30	12
start	18	2024	11	7	12
	18	907	-177.468753	-4.921868	1.004511e+05	1.115090e+01	1.081307e+05	1.079544e+05	5.751943e+04	5.727971e+04	3.043928e+02	4.507001e+01	2024	11	7	12
	22	897	-176.906253	-5.859367	1.003674e+05	1.279120e+01	1.080720e+05	1.079238e+05	5.750632e+04	5.721455e+04	3.043237e+02	3.770203e+01	2024	11	7	18
	20	902	-177.187503	-5.390618	1.002017e+05	1.338687e+01	1.080671e+05	1.078539e+05	5.745831e+04	5.706588e+04	3.043234e+02	3.877551e+01	2024	11	8	0
	22	894	-176.906253	-6.140616	1.001297e+05	1.408304e+01	1.081078e+05	1.078496e+05	5.750667e+04	5.710311e+04	3.042287e+02	3.366222e+01	2024	11	8	6
	21	889	-177.046878	-6.609366	1.000694e+05	1.500834e+01	1.081290e+05	1.078920e+05	5.750891e+04	5.703110e+04	3.040629e+02	4.258205e+01	2024	11	8	12
	21	880	-177.046878	-7.453115	9.990828e+04	1.798207e+01	1.080694e+05	1.077759e+05	5.752879e+04	5.693338e+04	3.038244e+02	3.939484e+01	2024	11	8	18
	22	875	-176.906253	-7.921864	9.973432e+04	1.706362e+01	1.080718e+05	1.077401e+05	5.748214e+04	5.678134e+04	3.038402e+02	3.841236e+01	2024	11	9	0
	22	870	-176.906253	-8.390613	9.969226e+04	1.724626e+01	1.081540e+05	1.078124e+05	5.748252e+04	5.675418e+04	3.036340e+02	4.275406e+01	2024	11	9	6
	23	861	-176.765628	-9.234362	9.968159e+04	1.861692e+01	1.081205e+05	1.077805e+05	5.752166e+04	5.678459e+04	3.031817e+02	4.895882e+01	2024	11	9	12
	25	853	-176.484379	-9.984361	9.947546e+04	2.041362e+01	1.080465e+05	1.077560e+05	5.747487e+04	5.672612e+04	3.027591e+02	3.665358e+01	2024	11	9	18
	25	851	-176.484379	-10.171861	9.943112e+04	2.189831e+01	1.080619e+05	1.076171e+05	5.747129e+04	5.679025e+04	3.026782e+02	2.274857e+01	2024	11	10	0
	26	846	-176.343754	-10.640610	9.946541e+04	2.060851e+01	1.081191e+05	1.076963e+05	5.753671e+04	5.699623e+04	3.024248e+02	2.294854e+01	2024	11	10	6
	30	841	-175.781254	-11.109360	9.964943e+04	2.239046e+01	1.081103e+05	1.076920e+05	5.750252e+04	5.706348e+04	3.024481e+02	2.270920e+01	2024	11	10	12
	31	832	-175.640630	-11.953108	9.958277e+04	1.980388e+01	1.080243e+05	1.076815e+05	5.749755e+04	5.715495e+04	3.023087e+02	1.417686e+01	2024	11	10	18
	28	822	-176.062504	-12.890607	9.964458e+04	1.782562e+01	1.081106e+05	1.076637e+05	5.749420e+04	5.724398e+04	3.021869e+02	1.295503e+01	2024	11	11	0
	25	813	-176.484379	-13.734356	9.968246e+04	1.817250e+01	1.082003e+05	1.075635e+05	5.753342e+04	5.721232e+04	3.016343e+02	2.082810e+01	2024	11	11	6
	19	808	-177.328128	-14.203105	9.979527e+04	1.966088e+01	1.080994e+05	1.075670e+05	5.754392e+04	5.728425e+04	3.015778e+02	1.602372e+01	2024	11	11	12
	17	801	-177.609377	-14.859354	9.988989e+04	1.768570e+01	1.080350e+05	1.074121e+05	5.759286e+04	5.732036e+04	3.014076e+02	5.287426e+00	2024	11	11	18
start	23	2024	11	9	12
	1	1030	-179.859375	6.609366	1.004502e+05	1.420385e+01	1.081355e+05	1.079365e+05	5.763649e+04	5.714261e+04	3.036431e+02	2.513088e+01	2024	11	9	12
	2552	1037	178.874626	7.265615	1.002939e+05	1.514237e+01	1.080887e+05	1.077847e+05	5.757953e+04	5.706577e+04	3.034769e+02	2.182268e+01	2024	11	9	18
	2543	1044	177.609002	7.921864	1.003142e+05	1.565000e+01	1.081504e+05	1.079802e+05	5.761542e+04	5.719654e+04	3.036964e+02	2.249919e+01	2024	11	10	0
	2532	1051	176.062129	8.578113	1.002309e+05	1.558637e+01	1.081603e+05	1.079163e+05	5.760814e+04	5.722591e+04	3.035903e+02	3.206530e+01	2024	11	10	6
	2523	1056	174.796505	9.046862	1.002724e+05	1.550394e+01	1.081982e+05	1.079918e+05	5.765373e+04	5.727562e+04	3.031986e+02	3.433876e+01	2024	11	10	12
	2516	1063	173.812131	9.703112	1.000750e+05	1.737254e+01	1.080595e+05	1.078040e+05	5.752391e+04	5.703623e+04	3.030928e+02	3.125158e+01	2024	11	10	18
	2505	1073	172.265258	10.640610	1.001402e+05	1.633416e+01	1.081930e+05	1.079412e+05	5.759375e+04	5.715286e+04	3.027084e+02	3.455186e+01	2024	11	11	0
	2497	1080	171.140259	11.296859	9.997533e+04	1.812508e+01	1.081371e+05	1.078798e+05	5.751558e+04	5.707808e+04	3.024376e+02	4.119039e+01	2024	11	11	6
	2487	1090	169.734011	12.234358	1.000455e+05	1.855393e+01	1.082479e+05	1.079393e+05	5.761663e+04	5.705793e+04	3.024672e+02	4.270456e+01	2024	11	11	12
	2478	1094	168.468387	12.609357	9.976577e+04	1.761171e+01	1.080511e+05	1.077368e+05	5.744130e+04	5.681652e+04	3.024460e+02	3.864582e+01	2024	11	11	18
	2472	1097	167.624638	12.890607	9.979615e+04	1.748174e+01	1.080816e+05	1.077571e+05	5.751147e+04	5.687070e+04	3.023404e+02	2.746073e+01	2024	11	12	0
	2469	1104	167.202763	13.546856	9.964385e+04	1.796317e+01	1.079353e+05	1.076903e+05	5.745052e+04	5.671777e+04	3.022913e+02	2.946370e+01	2024	11	12	6
	2464	1104	166.499639	13.546856	9.978552e+04	1.791310e+01	1.080737e+05	1.078302e+05	5.758955e+04	5.694462e+04	3.023441e+02	3.295776e+01	2024	11	12	12
	2463	1106	166.359014	13.734356	9.958538e+04	1.825930e+01	1.079148e+05	1.075632e+05	5.736652e+04	5.676435e+04	3.023070e+02	2.898327e+01	2024	11	12	18
	2464	1109	166.499639	14.015606	9.973644e+04	1.645559e+01	1.080389e+05	1.077874e+05	5.751533e+04	5.690923e+04	3.022352e+02	2.878588e+01	2024	11	13	0
	2462	1116	166.218389	14.671855	9.948330e+04	1.921732e+01	1.080357e+05	1.076399e+05	5.738496e+04	5.681673e+04	3.021234e+02	3.037357e+01	2024	11	13	6
	2461	1115	166.077764	14.578105	9.969733e+04	1.931883e+01	1.081513e+05	1.078121e+05	5.751655e+04	5.706601e+04	3.020897e+02	2.760797e+01	2024	11	13	12
	2454	1118	165.093390	14.859354	9.954480e+04	2.092612e+01	1.080103e+05	1.076193e+05	5.745638e+04	5.691384e+04	3.021023e+02	2.276511e+01	2024	11	13	18
	2444	1123	163.687142	15.328104	9.981586e+04	2.095288e+01	1.082185e+05	1.078288e+05	5.764071e+04	5.719575e+04	3.022251e+02	1.449068e+01	2024	11	14	0
	2436	1128	162.562143	15.796853	9.974452e+04	2.056720e+01	1.081858e+05	1.076851e+05	5.764281e+04	5.715462e+04	3.022138e+02	1.731851e+01	2024	11	14	6
	2420	1140	160.312145	16.921851	9.998707e+04	2.072297e+01	1.082660e+05	1.078626e+05	5.778806e+04	5.730526e+04	3.019948e+02	2.308927e+01	2024	11	14	12
	2407	1147	158.484022	17.578101	9.981728e+04	1.984400e+01	1.080436e+05	1.076470e+05	5.762352e+04	5.711824e+04	3.018539e+02	1.949314e+01	2024	11	14	18
	2396	1157	156.937149	18.515599	1.000186e+05	2.171448e+01	1.081873e+05	1.079333e+05	5.785114e+04	5.736745e+04	3.018210e+02	1.297476e+01	2024	11	15	0
start	11	2024	11	19	0
	999	1207	-39.515771	23.203093	1.002174e+05	1.630581e+01	1.053989e+05	1.039142e+05	5.670020e+04	5.563297e+04	3.001381e+02	1.912331e+01	2024	11	19	0
	998	1212	-39.656396	23.671842	9.998791e+04	1.520169e+01	1.051264e+05	1.037882e+05	5.643165e+04	5.547363e+04	2.999587e+02	1.663458e+01	2024	11	19	6
	994	1212	-40.218896	23.671842	1.001683e+05	1.515368e+01	1.055097e+05	1.040908e+05	5.666589e+04	5.572485e+04	2.998255e+02	1.435625e+01	2024	11	19	12
	990	1217	-40.781395	24.140591	1.000110e+05	1.616396e+01	1.053341e+05	1.041002e+05	5.655333e+04	5.563849e+04	2.997265e+02	1.297763e+01	2024	11	19	18
	981	1221	-42.047019	24.515591	1.002791e+05	1.700185e+01	1.053431e+05	1.044962e+05	5.676555e+04	5.593571e+04	2.996350e+02	1.220335e+01	2024	11	20	0
	967	1224	-44.015767	24.796841	1.002199e+05	1.565970e+01	1.051926e+05	1.045357e+05	5.683782e+04	5.590642e+04	2.997398e+02	1.097226e+01	2024	11	20	6
	955	1218	-45.703265	24.234341	1.005040e+05	1.627712e+01	1.055073e+05	1.048843e+05	5.706904e+04	5.621502e+04	2.999311e+02	8.597084e+00	2024	11	20	12
	941	1216	-47.672013	24.046842	1.003555e+05	1.615611e+01	1.056447e+05	1.049057e+05	5.706369e+04	5.617898e+04	2.997885e+02	1.137531e+01	2024	11	20	18
	932	1213	-48.937637	23.765592	1.006236e+05	1.571245e+01	1.058118e+05	1.051555e+05	5.722568e+04	5.642009e+04	3.000778e+02	1.545547e+01	2024	11	21	0
	918	1211	-50.906385	23.578092	1.004953e+05	1.456582e+01	1.060350e+05	1.051694e+05	5.711924e+04	5.631754e+04	3.002300e+02	1.290707e+01	2024	11	21	6
	911	1208	-51.890758	23.296843	1.006918e+05	1.318071e+01	1.063866e+05	1.054539e+05	5.720166e+04	5.652424e+04	3.002363e+02	1.283600e+01	2024	11	21	12
start	29	2024	12	7	6
	2043	1044	107.296576	7.921864	1.006668e+05	1.211327e+01	1.079904e+05	1.078209e+05	5.774130e+04	5.735545e+04	9.999000e+03	1.668433e+01	2024	12	7	6
	2032	1046	105.749702	8.109364	1.008006e+05	1.407072e+01	1.080743e+05	1.078577e+05	5.784233e+04	5.750920e+04	9.999000e+03	1.552009e+01	2024	12	7	12
	2024	1043	104.624703	7.828114	1.007211e+05	1.430307e+01	1.081546e+05	1.077980e+05	5.775566e+04	5.745192e+04	9.999000e+03	2.255718e+01	2024	12	7	18
	2023	1046	104.484079	8.109364	1.007167e+05	1.379003e+01	1.080644e+05	1.077370e+05	5.776441e+04	5.748959e+04	9.999000e+03	2.037200e+01	2024	12	8	0
	2016	1049	103.499705	8.390613	1.006605e+05	1.356003e+01	1.080727e+05	1.077745e+05	5.775106e+04	5.748445e+04	9.999000e+03	1.339266e+01	2024	12	8	6
	2013	1049	103.077830	8.390613	1.006708e+05	1.249381e+01	1.080921e+05	1.078489e+05	5.783414e+04	5.753882e+04	9.999000e+03	1.176612e+01	2024	12	8	12
	2012	1056	102.937205	9.046862	1.007519e+05	1.280374e+01	1.080519e+05	1.078146e+05	5.786789e+04	5.758709e+04	9.999000e+03	1.739395e+01	2024	12	8	18
	2005	1058	101.952831	9.234362	1.007293e+05	1.357651e+01	1.080332e+05	1.077589e+05	5.784986e+04	5.749950e+04	9.999000e+03	1.870626e+01	2024	12	9	0
	2002	1061	101.530957	9.515612	1.006817e+05	1.385181e+01	1.080639e+05	1.078228e+05	5.779759e+04	5.743631e+04	9.999000e+03	1.605155e+01	2024	12	9	6
	1997	1065	100.827832	9.890611	1.006217e+05	1.467426e+01	1.080578e+05	1.078159e+05	5.788302e+04	5.746510e+04	9.999000e+03	1.552813e+01	2024	12	9	12
	1993	1068	100.265333	10.171861	1.006184e+05	1.531266e+01	1.080867e+05	1.078678e+05	5.786047e+04	5.752598e+04	9.999000e+03	2.068770e+01	2024	12	9	18
	1989	1073	99.702834	10.640610	1.006602e+05	1.544527e+01	1.080227e+05	1.077985e+05	5.787477e+04	5.746839e+04	9.999000e+03	1.494946e+01	2024	12	10	0
	1976	1073	97.874710	10.640610	1.005941e+05	1.482857e+01	1.080324e+05	1.078715e+05	5.787998e+04	5.743099e+04	9.999000e+03	1.321070e+01	2024	12	10	6
	1969	1073	96.890336	10.640610	1.004829e+05	1.533901e+01	1.080590e+05	1.078502e+05	5.787282e+04	5.736671e+04	9.999000e+03	1.499803e+01	2024	12	10	12
	1962	1075	95.905962	10.828110	1.005227e+05	1.564668e+01	1.080430e+05	1.078246e+05	5.788969e+04	5.742757e+04	3.028582e+02	2.327917e+01	2024	12	10	18
	1953	1077	94.640339	11.015610	1.002414e+05	1.705479e+01	1.079741e+05	1.077050e+05	5.777404e+04	5.721217e+04	3.024700e+02	2.096740e+01	2024	12	11	0
	1944	1080	93.374715	11.296859	1.003235e+05	1.842352e+01	1.080062e+05	1.077537e+05	5.785671e+04	5.721162e+04	9.999000e+03	1.111577e+01	2024	12	11	6
	1935	1082	92.109091	11.484359	1.003302e+05	1.582808e+01	1.080176e+05	1.075339e+05	5.784786e+04	5.724335e+04	9.999000e+03	8.779404e+00	2024	12	11	12
	1926	1087	90.843468	11.953108	1.005047e+05	1.676161e+01	1.080659e+05	1.077968e+05	5.791917e+04	5.739308e+04	9.999000e+03	1.823430e+01	2024	12	11	18
	1915	1092	89.296594	12.421858	1.002769e+05	1.564333e+01	1.079358e+05	1.076796e+05	5.779608e+04	5.725053e+04	3.021812e+02	1.262967e+01	2024	12	12	0
	1908	1097	88.312220	12.890607	1.003452e+05	1.781543e+01	1.080074e+05	1.077560e+05	5.786395e+04	5.738500e+04	3.022166e+02	7.065505e+00	2024	12	12	6
	1896	1102	86.624722	13.359356	1.002835e+05	1.558036e+01	1.079596e+05	1.076872e+05	5.780402e+04	5.745492e+04	3.021919e+02	7.962226e+00	2024	12	12	12
	1889	1106	85.640348	13.734356	1.005135e+05	1.526925e+01	1.080827e+05	1.078701e+05	5.787783e+04	5.759332e+04	3.022314e+02	1.383619e+01	2024	12	12	18
	1881	1111	84.515349	14.203105	1.003080e+05	1.585730e+01	1.078913e+05	1.076915e+05	5.771165e+04	5.741967e+04	3.022126e+02	1.150995e+01	2024	12	13	0
	1872	1114	83.249726	14.484355	1.004713e+05	1.739125e+01	1.080748e+05	1.078943e+05	5.786859e+04	5.756711e+04	3.022488e+02	7.005044e+00	2024	12	13	6
	1864	1114	82.124727	14.484355	1.002675e+05	1.549291e+01	1.079220e+05	1.076816e+05	5.771178e+04	5.744829e+04	9.999000e+03	5.452646e+00	2024	12	13	12
	1858	1114	81.280978	14.484355	1.005008e+05	1.499500e+01	1.080601e+05	1.078365e+05	5.782005e+04	5.763786e+04	9.999000e+03	6.594195e+00	2024	12	13	18
	1853	1114	80.577853	14.484355	1.003604e+05	1.393655e+01	1.079039e+05	1.076387e+05	5.768684e+04	5.747822e+04	9.999000e+03	6.243493e+00	2024	12	14	0
	1845	1114	79.452855	14.484355	1.008788e+05	1.115980e+01	1.081087e+05	1.078685e+05	5.794171e+04	5.772550e+04	9.999000e+03	5.669019e+00	2024	12	14	6
start	34	2024	12	8	18
	2460	1034	165.937140	6.984365	1.002757e+05	1.562030e+01	1.082179e+05	1.078941e+05	5.757034e+04	5.715065e+04	3.027933e+02	2.617225e+01	2024	12	8	18
	2458	1026	165.655890	6.234366	1.003805e+05	1.213882e+01	1.083442e+05	1.080778e+05	5.770095e+04	5.731976e+04	3.029702e+02	2.700906e+01	2024	12	9	0
	2458	1034	165.655890	6.984365	1.001582e+05	1.401844e+01	1.082551e+05	1.079736e+05	5.755021e+04	5.716817e+04	3.028245e+02	2.596157e+01	2024	12	9	6
	2443	1042	163.546517	7.734364	1.002693e+05	1.680731e+01	1.083595e+05	1.080682e+05	5.768460e+04	5.729108e+04	3.027498e+02	2.781993e+01	2024	12	9	12
	2435	1058	162.421518	9.234362	1.000054e+05	1.704475e+01	1.081542e+05	1.078129e+05	5.753748e+04	5.710317e+04	3.024393e+02	3.102915e+01	2024	12	9	18
	2430	1050	161.718394	8.484363	1.001524e+05	1.584888e+01	1.083003e+05	1.080533e+05	5.768080e+04	5.728332e+04	3.027988e+02	2.349981e+01	2024	12	10	0
	2417	1051	159.890271	8.578113	9.990548e+04	1.592252e+01	1.081364e+05	1.078562e+05	5.750194e+04	5.709374e+04	3.028745e+02	2.618003e+01	2024	12	10	6
	2411	1053	159.046522	8.765613	1.001023e+05	1.605652e+01	1.082758e+05	1.079332e+05	5.769254e+04	5.722528e+04	3.026895e+02	2.918365e+01	2024	12	10	12
	2391	1058	156.234025	9.234362	9.980766e+04	1.825564e+01	1.079589e+05	1.076643e+05	5.742728e+04	5.697415e+04	3.027305e+02	2.690406e+01	2024	12	10	18
	2387	1053	155.671525	8.765613	9.995095e+04	1.480827e+01	1.081510e+05	1.078635e+05	5.760534e+04	5.725723e+04	3.028812e+02	1.859007e+01	2024	12	11	0
	2382	1061	154.968401	9.515612	9.977409e+04	1.610639e+01	1.079952e+05	1.076378e+05	5.752131e+04	5.705486e+04	3.025471e+02	1.932162e+01	2024	12	11	6
	2363	1066	152.296529	9.984361	1.000345e+05	1.833245e+01	1.081684e+05	1.078240e+05	5.767598e+04	5.719980e+04	3.024217e+02	3.322688e+01	2024	12	11	12
	2346	1062	149.905906	9.609362	9.954256e+04	1.784753e+01	1.079231e+05	1.074117e+05	5.746278e+04	5.680789e+04	3.026156e+02	2.223303e+01	2024	12	11	18
	2339	1068	148.921532	10.171861	9.984737e+04	1.888945e+01	1.080971e+05	1.076706e+05	5.778409e+04	5.710894e+04	3.024789e+02	1.726167e+01	2024	12	12	0
	2326	1073	147.093409	10.640610	9.963618e+04	1.690301e+01	1.079115e+05	1.075300e+05	5.762311e+04	5.694933e+04	3.023592e+02	2.204517e+01	2024	12	12	6
	2316	1075	145.687161	10.828110	9.997244e+04	1.816790e+01	1.080934e+05	1.077921e+05	5.778762e+04	5.724098e+04	3.023036e+02	2.564512e+01	2024	12	12	12
	2302	1075	143.718413	10.828110	9.977205e+04	1.742776e+01	1.078923e+05	1.076176e+05	5.755993e+04	5.706532e+04	3.024721e+02	2.210925e+01	2024	12	12	18
	2293	1075	142.452789	10.828110	1.000671e+05	1.793742e+01	1.082079e+05	1.079012e+05	5.783637e+04	5.733734e+04	3.024285e+02	2.061634e+01	2024	12	13	0
	2283	1078	141.046540	11.109360	9.979227e+04	1.835021e+01	1.079891e+05	1.077300e+05	5.766312e+04	5.712389e+04	3.022967e+02	1.545318e+01	2024	12	13	6
	2272	1082	139.499667	11.484359	1.000895e+05	1.901410e+01	1.082028e+05	1.079551e+05	5.787059e+04	5.741130e+04	3.021174e+02	1.598916e+01	2024	12	13	12
	2259	1085	137.671544	11.765609	9.973541e+04	2.228708e+01	1.080207e+05	1.077263e+05	5.766530e+04	5.706807e+04	3.020626e+02	1.911896e+01	2024	12	13	18
	2248	1081	136.124671	11.390609	1.000359e+05	1.861071e+01	1.083212e+05	1.080604e+05	5.789958e+04	5.758152e+04	3.021676e+02	1.589471e+01	2024	12	14	0
	2236	1082	134.437172	11.484359	9.983499e+04	1.894618e+01	1.080791e+05	1.078542e+05	5.768326e+04	5.736060e+04	3.023276e+02	1.996631e+01	2024	12	14	6
	2222	1084	132.468424	11.671859	1.001625e+05	2.134319e+01	1.083075e+05	1.080796e+05	5.790186e+04	5.758759e+04	3.022163e+02	2.140043e+01	2024	12	14	12
	2207	1084	130.359052	11.671859	9.999045e+04	2.073235e+01	1.081312e+05	1.078448e+05	5.776279e+04	5.738250e+04	3.020382e+02	2.673892e+01	2024	12	14	18
	2195	1085	128.671553	11.765609	1.002313e+05	2.027273e+01	1.082716e+05	1.079815e+05	5.793206e+04	5.750665e+04	3.021550e+02	2.835331e+01	2024	12	15	0
	2180	1083	126.562181	11.578109	9.995962e+04	1.939928e+01	1.079872e+05	1.077814e+05	5.771095e+04	5.722130e+04	9.999000e+03	2.467057e+01	2024	12	15	6
	2168	1085	124.874682	11.765609	1.002593e+05	2.037499e+01	1.081599e+05	1.079191e+05	5.784879e+04	5.737242e+04	9.999000e+03	2.800081e+01	2024	12	15	12
	2159	1087	123.609059	11.953108	1.000421e+05	2.068222e+01	1.080247e+05	1.077465e+05	5.770378e+04	5.712855e+04	9.999000e+03	2.590879e+01	2024	12	15	18
	2150	1099	122.343435	13.078107	1.001297e+05	1.834806e+01	1.081059e+05	1.078639e+05	5.780679e+04	5.720948e+04	9.999000e+03	2.889873e+01	2024	12	16	0
	2141	1107	121.077811	13.828106	9.991892e+04	1.617687e+01	1.078793e+05	1.076815e+05	5.758694e+04	5.690055e+04	9.999000e+03	2.941253e+01	2024	12	16	6
	2139	1114	120.796562	14.484355	1.000562e+05	1.593541e+01	1.081067e+05	1.077965e+05	5.774869e+04	5.709186e+04	9.999000e+03	2.788982e+01	2024	12	16	12
	2136	1123	120.374687	15.328104	9.997750e+04	1.576528e+01	1.078882e+05	1.075393e+05	5.761364e+04	5.692949e+04	9.999000e+03	2.229822e+01	2024	12	16	18
	2136	1145	120.374687	17.390601	1.004227e+05	1.577441e+01	1.080187e+05	1.073333e+05	5.781226e+04	5.733138e+04	9.999000e+03	1.820314e+01	2024	12	17	0
start	18	2024	12	16	6
	1973	1073	97.452836	10.640610	1.006533e+05	1.262832e+01	1.079688e+05	1.076759e+05	5.771543e+04	5.738938e+04	9.999000e+03	8.071540e+00	2024	12	16	6
	1970	1072	97.030961	10.546860	1.005005e+05	1.236346e+01	1.078531e+05	1.075635e+05	5.768025e+04	5.735312e+04	9.999000e+03	1.013443e+01	2024	12	16	12
	1965	1072	96.327837	10.546860	1.005919e+05	1.374715e+01	1.079116e+05	1.076007e+05	5.772106e+04	5.744648e+04	3.027974e+02	1.659761e+01	2024	12	16	18
	1960	1072	95.624713	10.546860	1.003667e+05	1.480825e+01	1.077372e+05	1.074013e+05	5.761470e+04	5.731174e+04	3.024549e+02	1.325062e+01	2024	12	17	0
	1952	1069	94.499714	10.265611	1.003896e+05	1.544658e+01	1.078423e+05	1.074578e+05	5.767770e+04	5.734177e+04	9.999000e+03	8.460770e+00	2024	12	17	6
	1947	1069	93.796590	10.265611	1.003118e+05	1.452597e+01	1.077716e+05	1.074559e+05	5.768092e+04	5.737573e+04	9.999000e+03	6.063755e+00	2024	12	17	12
	1942	1070	93.093465	10.359361	1.005133e+05	1.478992e+01	1.078242e+05	1.074794e+05	5.778012e+04	5.744446e+04	9.999000e+03	1.326684e+01	2024	12	17	18
	1933	1070	91.827842	10.359361	1.004050e+05	1.545808e+01	1.077305e+05	1.074514e+05	5.767032e+04	5.733823e+04	9.999000e+03	1.408565e+01	2024	12	18	0
	1922	1073	90.280968	10.640610	1.005590e+05	1.517787e+01	1.078833e+05	1.075767e+05	5.784694e+04	5.751984e+04	3.025639e+02	1.393022e+01	2024	12	18	6
	1913	1073	89.015345	10.640610	1.004416e+05	1.628915e+01	1.078288e+05	1.075346e+05	5.778038e+04	5.745081e+04	3.024669e+02	1.308571e+01	2024	12	18	12
	1902	1075	87.468471	10.828110	1.005930e+05	1.674248e+01	1.078923e+05	1.076460e+05	5.788893e+04	5.750941e+04	3.022960e+02	1.689894e+01	2024	12	18	18
	1893	1075	86.202848	10.828110	1.003869e+05	1.638490e+01	1.077647e+05	1.074886e+05	5.775812e+04	5.736446e+04	3.025472e+02	1.930632e+01	2024	12	19	0
	1883	1078	84.796599	11.109360	1.005738e+05	1.717654e+01	1.079093e+05	1.076217e+05	5.790768e+04	5.749455e+04	3.027164e+02	2.080812e+01	2024	12	19	6
	1874	1078	83.530975	11.109360	1.003766e+05	1.658899e+01	1.077273e+05	1.075038e+05	5.773978e+04	5.734537e+04	3.026381e+02	1.751624e+01	2024	12	19	12
	1864	1080	82.124727	11.296859	1.005053e+05	1.707339e+01	1.078312e+05	1.076583e+05	5.784527e+04	5.746942e+04	3.019737e+02	1.914506e+01	2024	12	19	18
	1857	1082	81.140353	11.484359	1.002693e+05	1.647549e+01	1.076713e+05	1.073695e+05	5.762123e+04	5.722455e+04	9.999000e+03	1.744100e+01	2024	12	20	0
	1850	1085	80.155979	11.765609	1.005080e+05	1.675780e+01	1.078106e+05	1.075896e+05	5.778675e+04	5.733941e+04	9.999000e+03	1.669563e+01	2024	12	20	6
	1844	1084	79.312230	11.671859	1.004956e+05	1.310688e+01	1.076797e+05	1.073618e+05	5.759296e+04	5.721100e+04	9.999000e+03	9.593720e+00	2024	12	20	12
