start	51	2020	1	12	12
	1767	837	68.484116	-11.484359	1.005472e+05	1.051928e+01	5.851670e+03	5.807665e+03	1.096471e+04	1.089146e+04	3.047827e+02	1.250453e-04	2020	1	12	12
	1759	844	67.359117	-10.828110	1.007186e+05	1.043614e+01	5.873809e+03	5.820390e+03	1.096869e+04	1.090152e+04	3.043751e+02	2.004711e-04	2020	1	12	18
	1753	849	66.515368	-10.359361	1.003965e+05	1.117034e+01	5.848335e+03	5.783787e+03	1.094996e+04	1.088191e+04	3.038720e+02	2.276285e-04	2020	1	13	0
	1762	850	67.780992	-10.265611	1.006177e+05	1.246125e+01	5.862914e+03	5.814765e+03	1.095515e+04	1.089900e+04	3.038116e+02	2.398071e-04	2020	1	13	6
	1764	848	68.062242	-10.453110	1.003137e+05	1.153217e+01	5.847542e+03	5.805729e+03	1.094845e+04	1.088411e+04	3.045254e+02	2.166203e-04	2020	1	13	12
	1768	843	68.624741	-10.921860	1.005762e+05	1.169018e+01	5.874984e+03	5.823422e+03	1.098387e+04	1.089880e+04	3.043004e+02	2.846825e-04	2020	1	13	18
	1769	841	68.765366	-11.109360	1.003214e+05	1.478880e+01	5.853605e+03	5.794217e+03	1.095804e+04	1.088006e+04	3.038154e+02	4.040390e-04	2020	1	14	0
	1766	829	68.343491	-12.234358	1.004889e+05	1.842694e+01	5.873815e+03	5.812993e+03	1.096108e+04	1.090833e+04	3.036315e+02	2.868016e-04	2020	1	14	6
	1753	820	66.515368	-13.078107	1.001274e+05	1.549858e+01	5.849329e+03	5.788894e+03	1.095889e+04	1.088820e+04	3.041974e+02	2.651276e-04	2020	1	14	12
	1751	822	66.234118	-12.890607	1.002541e+05	1.505069e+01	5.865394e+03	5.801269e+03	1.096563e+04	1.089788e+04	3.036217e+02	3.675623e-04	2020	1	14	18
	1753	820	66.515368	-13.078107	9.995147e+04	1.575976e+01	5.842102e+03	5.780027e+03	1.095960e+04	1.086627e+04	3.033358e+02	4.843786e-04	2020	1	15	0
	1755	813	66.796618	-13.734356	9.997376e+04	1.685821e+01	5.862224e+03	5.787712e+03	1.096315e+04	1.089007e+04	3.029973e+02	4.105648e-04	2020	1	15	6
	1753	807	66.515368	-14.296855	9.963098e+04	1.646180e+01	5.849039e+03	5.765916e+03	1.094781e+04	1.087788e+04	3.028572e+02	3.569088e-04	2020	1	15	12
	1754	801	66.655993	-14.859354	9.976896e+04	1.693692e+01	5.858401e+03	5.778054e+03	1.094501e+04	1.089896e+04	3.026622e+02	3.082938e-04	2020	1	15	18
	1754	790	66.655993	-15.890603	9.939946e+04	1.743517e+01	5.841788e+03	5.750604e+03	1.094877e+04	1.087478e+04	3.023806e+02	3.618148e-04	2020	1	16	0
	1751	789	66.234118	-15.984353	9.949134e+04	1.808494e+01	5.844990e+03	5.759515e+03	1.095282e+04	1.089238e+04	3.024288e+02	2.534624e-04	2020	1	16	6
	1753	779	66.515368	-16.921851	9.921821e+04	1.855961e+01	5.840125e+03	5.741790e+03	1.094676e+04	1.088595e+04	3.027093e+02	1.794828e-04	2020	1	16	12
	1755	775	66.796618	-17.296851	9.924738e+04	2.057119e+01	5.857702e+03	5.758248e+03	1.094643e+04	1.089459e+04	3.022848e+02	2.919058e-04	2020	1	16	18
	1756	765	66.937243	-18.234350	9.888142e+04	2.095485e+01	5.834200e+03	5.726947e+03	1.093052e+04	1.087259e+04	3.019397e+02	2.999415e-04	2020	1	17	0
	1760	763	67.499742	-18.421849	9.893886e+04	2.236839e+01	5.844280e+03	5.735658e+03	1.093511e+04	1.088102e+04	3.019382e+02	3.083381e-04	2020	1	17	6
	1764	756	68.062242	-19.078098	9.862024e+04	2.757133e+01	5.830804e+03	5.697101e+03	1.094865e+04	1.085809e+04	3.019706e+02	3.301006e-04	2020	1	17	12
	1764	747	68.062242	-19.921847	9.812635e+04	3.094503e+01	5.845503e+03	5.674337e+03	1.097042e+04	1.086130e+04	3.017826e+02	4.768408e-04	2020	1	17	18
	1765	741	68.202866	-20.484347	9.768816e+04	2.993417e+01	5.819462e+03	5.644543e+03	1.092097e+04	1.082828e+04	3.016259e+02	3.998700e-04	2020	1	18	0
	1764	733	68.062242	-21.234345	9.771809e+04	3.250354e+01	5.827328e+03	5.654494e+03	1.092416e+04	1.084453e+04	3.013894e+02	3.714525e-04	2020	1	18	6
	1763	726	67.921617	-21.890595	9.746072e+04	3.204749e+01	5.813312e+03	5.637418e+03	1.093121e+04	1.084108e+04	3.009447e+02	3.337366e-04	2020	1	18	12
	1764	717	68.062242	-22.734343	9.735834e+04	3.525450e+01	5.834507e+03	5.624240e+03	1.091791e+04	1.082930e+04	3.000841e+02	3.834282e-04	2020	1	18	18
	1761	704	67.640367	-23.953092	9.713961e+04	3.998668e+01	5.810164e+03	5.614059e+03	1.089799e+04	1.080453e+04	2.999881e+02	3.626310e-04	2020	1	19	0
	1756	698	66.937243	-24.515591	9.738959e+04	3.263605e+01	5.822144e+03	5.646970e+03	1.092235e+04	1.084376e+04	2.998668e+02	3.136850e-04	2020	1	19	6
	1753	686	66.515368	-25.640589	9.749448e+04	3.278803e+01	5.815636e+03	5.649783e+03	1.091420e+04	1.084518e+04	2.995260e+02	3.129345e-04	2020	1	19	12
	1749	684	65.952869	-25.828089	9.764636e+04	3.214348e+01	5.829851e+03	5.673849e+03	1.092250e+04	1.085084e+04	2.995674e+02	3.341792e-04	2020	1	19	18
	1745	673	65.390369	-26.859338	9.786668e+04	3.139819e+01	5.819375e+03	5.679936e+03	1.090756e+04	1.082767e+04	2.994711e+02	2.762436e-04	2020	1	20	0
	1737	670	64.265370	-27.140587	9.803159e+04	3.660781e+01	5.829448e+03	5.678122e+03	1.092782e+04	1.083255e+04	2.994487e+02	2.798627e-04	2020	1	20	6
	1731	661	63.421621	-27.984336	9.795445e+04	3.813245e+01	5.821833e+03	5.656418e+03	1.091344e+04	1.080825e+04	2.987134e+02	2.811600e-04	2020	1	20	12
	1727	658	62.859122	-28.265586	9.814696e+04	3.125697e+01	5.840036e+03	5.688153e+03	1.092914e+04	1.080823e+04	2.977870e+02	2.671840e-04	2020	1	20	18
	1720	648	61.874748	-29.203084	9.831032e+04	2.997464e+01	5.821087e+03	5.679897e+03	1.090077e+04	1.075635e+04	2.976564e+02	2.589358e-04	2020	1	21	0
	1711	637	60.609124	-30.234333	9.854376e+04	3.026052e+01	5.835088e+03	5.679659e+03	1.090929e+04	1.075684e+04	2.968791e+02	2.665071e-04	2020	1	21	6
	1699	624	58.921626	-31.453081	9.809776e+04	2.862575e+01	5.818509e+03	5.633920e+03	1.088144e+04	1.075124e+04	2.962459e+02	2.636133e-04	2020	1	21	12
	1693	614	58.077877	-32.390580	9.808723e+04	2.943159e+01	5.823896e+03	5.626450e+03	1.087366e+04	1.075199e+04	2.960312e+02	1.618642e-04	2020	1	21	18
	1689	599	57.515377	-33.796828	9.821416e+04	2.848236e+01	5.806603e+03	5.630933e+03	1.083631e+04	1.072627e+04	2.945595e+02	1.267176e-04	2020	1	22	0
	1691	583	57.796627	-35.296826	9.860524e+04	2.579170e+01	5.812302e+03	5.649738e+03	1.084421e+04	1.065054e+04	2.937424e+02	1.140871e-04	2020	1	22	6
	1695	564	58.359127	-37.078073	9.879066e+04	2.670774e+01	5.811427e+03	5.651655e+03	1.085191e+04	1.059257e+04	2.926364e+02	1.901818e-04	2020	1	22	12
	1701	537	59.202876	-39.609320	9.897006e+04	2.750192e+01	5.813715e+03	5.630485e+03	1.083540e+04	1.055269e+04	2.918354e+02	2.795763e-04	2020	1	22	18
	1703	504	59.484125	-42.703066	9.878852e+04	2.575356e+01	5.782787e+03	5.570637e+03	1.078636e+04	1.049898e+04	2.907259e+02	2.848029e-04	2020	1	23	0
	1705	485	59.765375	-44.484313	9.837682e+04	3.003128e+01	5.768326e+03	5.526561e+03	1.075291e+04	1.046583e+04	2.898912e+02	2.154619e-04	2020	1	23	6
	1721	470	62.015373	-45.890561	9.838507e+04	2.945381e+01	5.781375e+03	5.515859e+03	1.075289e+04	1.045076e+04	2.877653e+02	8.960759e-05	2020	1	23	12
	1741	452	64.827870	-47.578059	9.877264e+04	2.660475e+01	5.775141e+03	5.516558e+03	1.073582e+04	1.039826e+04	2.834651e+02	4.945164e-05	2020	1	23	18
	1763	436	67.921617	-49.078057	9.909943e+04	2.273749e+01	5.747620e+03	5.512400e+03	1.068718e+04	1.035157e+04	2.840157e+02	8.406672e-05	2020	1	24	0
	1795	424	72.421612	-50.203055	9.945619e+04	2.286440e+01	5.752617e+03	5.512354e+03	1.068033e+04	1.034146e+04	2.881422e+02	1.000480e-04	2020	1	24	6
	1831	414	77.484107	-51.140554	9.946555e+04	2.251584e+01	5.741670e+03	5.482747e+03	1.065917e+04	1.031296e+04	2.817960e+02	9.565319e-05	2020	1	24	12
	1872	408	83.249726	-51.703053	9.937453e+04	2.065270e+01	5.714122e+03	5.427124e+03	1.062349e+04	1.025106e+04	2.805745e+02	7.636921e-05	2020	1	24	18
	1916	401	89.437219	-52.359302	9.926379e+04	1.929033e+01	5.659462e+03	5.361813e+03	1.056045e+04	1.015352e+04	2.813177e+02	8.167992e-05	2020	1	25	0
start	30	2020	1	14	0
	2110	784	116.718441	-16.453102	1.002418e+05	1.403226e+01	5.858771e+03	5.806041e+03	1.095116e+04	1.090106e+04	3.050506e+02	2.235940e-04	2020	1	14	0
	2116	784	117.562190	-16.453102	1.001785e+05	1.308980e+01	5.839911e+03	5.795080e+03	1.096394e+04	1.090268e+04	3.053677e+02	1.462778e-04	2020	1	14	6
	2126	769	118.968438	-17.859350	1.000216e+05	1.112434e+01	5.854395e+03	5.805698e+03	1.096481e+04	1.091148e+04	3.055150e+02	1.621567e-04	2020	1	14	12
	2122	764	118.405939	-18.328100	1.000435e+05	1.150453e+01	5.827895e+03	5.779746e+03	1.095091e+04	1.089141e+04	3.049682e+02	1.781119e-04	2020	1	14	18
	2122	775	118.405939	-17.296851	9.999595e+04	1.353945e+01	5.840998e+03	5.792680e+03	1.094737e+04	1.089831e+04	3.048992e+02	2.707832e-04	2020	1	15	0
	2119	774	117.984064	-17.390601	9.995990e+04	1.387294e+01	5.845811e+03	5.784593e+03	1.094135e+04	1.089668e+04	3.050520e+02	1.822369e-04	2020	1	15	6
	2122	766	118.405939	-18.140600	9.981620e+04	1.123545e+01	5.845938e+03	5.796457e+03	1.096918e+04	1.091348e+04	3.049460e+02	1.269091e-04	2020	1	15	12
	2121	765	118.265314	-18.234350	9.991585e+04	1.115695e+01	5.839227e+03	5.761124e+03	1.094055e+04	1.089208e+04	3.047984e+02	1.799934e-04	2020	1	15	18
	2121	769	118.265314	-17.859350	9.974146e+04	1.657550e+01	5.840266e+03	5.769729e+03	1.093700e+04	1.090245e+04	3.046796e+02	2.206412e-04	2020	1	16	0
	2116	767	117.562190	-18.046850	9.961951e+04	1.456067e+01	5.836660e+03	5.753363e+03	1.095509e+04	1.089033e+04	3.046058e+02	1.806299e-04	2020	1	16	6
	2118	775	117.843440	-17.296851	9.948470e+04	1.535876e+01	5.840252e+03	5.758445e+03	1.096943e+04	1.090427e+04	3.044982e+02	2.262549e-04	2020	1	16	12
	2117	774	117.702815	-17.390601	9.942202e+04	1.819406e+01	5.821452e+03	5.741469e+03	1.095695e+04	1.088262e+04	3.043529e+02	3.125968e-04	2020	1	16	18
	2116	773	117.562190	-17.484351	9.921798e+04	1.618555e+01	5.838202e+03	5.737988e+03	1.094903e+04	1.088898e+04	3.043456e+02	3.525206e-04	2020	1	17	0
	2114	775	117.280940	-17.296851	9.890086e+04	1.932187e+01	5.816975e+03	5.710403e+03	1.093224e+04	1.085992e+04	3.042835e+02	3.168422e-04	2020	1	17	6
	2116	771	117.562190	-17.671850	9.853062e+04	2.356616e+01	5.826167e+03	5.707243e+03	1.098481e+04	1.088138e+04	3.040936e+02	3.629227e-04	2020	1	17	12
	2114	765	117.280940	-18.234350	9.823341e+04	2.547877e+01	5.813419e+03	5.687544e+03	1.095454e+04	1.085702e+04	3.040506e+02	3.976765e-04	2020	1	17	18
	2115	763	117.421565	-18.421849	9.782294e+04	2.866044e+01	5.823905e+03	5.667933e+03	1.093283e+04	1.085267e+04	3.039546e+02	4.993043e-04	2020	1	18	0
	2117	756	117.702815	-19.078098	9.731955e+04	3.266890e+01	5.814279e+03	5.616800e+03	1.092644e+04	1.083056e+04	3.039109e+02	4.000926e-04	2020	1	18	6
	2120	748	118.124689	-19.828097	9.709891e+04	3.169264e+01	5.832114e+03	5.622305e+03	1.095735e+04	1.084396e+04	3.037140e+02	3.422934e-04	2020	1	18	12
	2121	737	118.265314	-20.859346	9.731570e+04	2.992638e+01	5.819750e+03	5.613921e+03	1.094394e+04	1.082715e+04	3.035700e+02	3.643246e-04	2020	1	18	18
	2124	727	118.687189	-21.796845	9.788000e+04	1.971768e+01	5.833676e+03	5.645861e+03	1.092246e+04	1.084616e+04	3.033195e+02	3.279042e-04	2020	1	19	0
	2127	716	119.109063	-22.828093	9.840791e+04	1.764387e+01	5.824112e+03	5.666058e+03	1.091501e+04	1.085548e+04	3.024401e+02	2.538460e-04	2020	1	19	6
	2134	705	120.093437	-23.859342	9.858933e+04	1.772383e+01	5.835782e+03	5.690779e+03	1.093701e+04	1.084484e+04	2.982825e+02	2.568178e-04	2020	1	19	12
	2141	694	121.077811	-24.890590	9.885139e+04	1.614570e+01	5.819272e+03	5.692331e+03	1.090606e+04	1.082412e+04	2.982852e+02	2.775434e-04	2020	1	19	18
	2148	679	122.062185	-26.296838	9.896458e+04	1.557144e+01	5.821826e+03	5.711560e+03	1.091315e+04	1.081216e+04	2.964059e+02	2.235167e-04	2020	1	20	0
	2151	668	122.484060	-27.328087	9.905382e+04	1.477633e+01	5.815453e+03	5.714500e+03	1.090645e+04	1.079706e+04	3.006590e+02	1.981180e-04	2020	1	20	6
	2157	664	123.327809	-27.703087	9.927024e+04	1.277027e+01	5.828683e+03	5.737081e+03	1.092938e+04	1.080349e+04	2.990506e+02	1.999696e-04	2020	1	20	12
	2170	664	125.155932	-27.703087	9.943890e+04	1.215056e+01	5.819111e+03	5.732267e+03	1.090240e+04	1.080998e+04	2.994633e+02	1.841711e-04	2020	1	20	18
	2181	654	126.702805	-28.640585	9.968244e+04	1.049607e+01	5.833424e+03	5.763116e+03	1.091088e+04	1.081771e+04	2.997647e+02	7.629574e-05	2020	1	21	0
	2189	640	127.827804	-29.953083	9.977791e+04	9.481560e+00	5.833586e+03	5.774495e+03	1.092950e+04	1.081806e+04	3.064758e+02	3.584080e-05	2020	1	21	6
start	28	2020	1	21	0
	1756	785	66.937243	-16.359352	1.000636e+05	1.171037e+01	5.824601e+03	5.778509e+03	1.093137e+04	1.086779e+04	3.030338e+02	2.166059e-04	2020	1	21	0
	1760	765	67.499742	-18.234350	1.002646e+05	1.088899e+01	5.851423e+03	5.800610e+03	1.095332e+04	1.089727e+04	3.028307e+02	1.276651e-04	2020	1	21	6
	1753	764	66.515368	-18.328100	9.998628e+04	9.978518e+00	5.829585e+03	5.783453e+03	1.092108e+04	1.087825e+04	3.038396e+02	1.073952e-04	2020	1	21	12
	1759	765	67.359117	-18.234350	1.001799e+05	1.071293e+01	5.857824e+03	5.794658e+03	1.094497e+04	1.089928e+04	3.035523e+02	1.569997e-04	2020	1	21	18
	1754	764	66.655993	-18.328100	9.995155e+04	1.173569e+01	5.828880e+03	5.770198e+03	1.092546e+04	1.086938e+04	3.029102e+02	1.614372e-04	2020	1	22	0
	1751	762	66.234118	-18.515599	1.000852e+05	1.347034e+01	5.839503e+03	5.796204e+03	1.093667e+04	1.090013e+04	3.026516e+02	1.168752e-04	2020	1	22	6
	1749	762	65.952869	-18.515599	9.990590e+04	1.314763e+01	5.827662e+03	5.770742e+03	1.094767e+04	1.088062e+04	3.032737e+02	1.330028e-04	2020	1	22	12
	1740	755	64.687245	-19.171848	1.000562e+05	1.432905e+01	5.842645e+03	5.789455e+03	1.094388e+04	1.088523e+04	3.032331e+02	1.702474e-04	2020	1	22	18
	1726	748	62.718497	-19.828097	9.982475e+04	1.587490e+01	5.828257e+03	5.764130e+03	1.092426e+04	1.086531e+04	3.025168e+02	1.843565e-04	2020	1	23	0
	1714	749	61.030999	-19.734348	9.999046e+04	1.501497e+01	5.843271e+03	5.787403e+03	1.095589e+04	1.088411e+04	3.028175e+02	1.536172e-04	2020	1	23	6
	1706	747	59.906000	-19.921847	9.984548e+04	1.504843e+01	5.836584e+03	5.777207e+03	1.093582e+04	1.086815e+04	3.031781e+02	1.282757e-04	2020	1	23	12
	1691	738	57.796627	-20.765596	9.998892e+04	1.900628e+01	5.859041e+03	5.787299e+03	1.095785e+04	1.088693e+04	3.031364e+02	2.114377e-04	2020	1	23	18
	1680	740	56.249754	-20.578096	9.986818e+04	2.084774e+01	5.841758e+03	5.764994e+03	1.094138e+04	1.086377e+04	3.028065e+02	3.283499e-04	2020	1	24	0
	1670	752	54.843505	-19.453098	9.980629e+04	1.947771e+01	5.852657e+03	5.769175e+03	1.095148e+04	1.087577e+04	3.027997e+02	2.726618e-04	2020	1	24	6
	1655	750	52.734132	-19.640598	9.962341e+04	2.125433e+01	5.840284e+03	5.742363e+03	1.094389e+04	1.086864e+04	3.028849e+02	2.735385e-04	2020	1	24	12
	1651	756	52.171633	-19.078098	9.935575e+04	2.412016e+01	5.844532e+03	5.736674e+03	1.093719e+04	1.087235e+04	3.027963e+02	3.779251e-04	2020	1	24	18
	1645	755	51.327884	-19.171848	9.892464e+04	2.602204e+01	5.834271e+03	5.697843e+03	1.090680e+04	1.082748e+04	3.026863e+02	3.798728e-04	2020	1	25	0
	1637	758	50.202885	-18.890599	9.855061e+04	2.697795e+01	5.840589e+03	5.691908e+03	1.093510e+04	1.084350e+04	3.024005e+02	4.300147e-04	2020	1	25	6
	1630	762	49.218511	-18.515599	9.850654e+04	1.979177e+01	5.811416e+03	5.681142e+03	1.091884e+04	1.083616e+04	3.023283e+02	3.957356e-04	2020	1	25	12
	1623	763	48.234137	-18.421849	9.942899e+04	1.651616e+01	5.834735e+03	5.723511e+03	1.095860e+04	1.086305e+04	3.021053e+02	4.175414e-04	2020	1	25	18
	1622	767	48.093512	-18.046850	9.964230e+04	1.418735e+01	5.807561e+03	5.731708e+03	1.090807e+04	1.085042e+04	3.020818e+02	3.073252e-04	2020	1	26	0
	1631	762	49.359136	-18.515599	1.000062e+05	1.175217e+01	5.830737e+03	5.770011e+03	1.091337e+04	1.087132e+04	3.020627e+02	2.678105e-04	2020	1	26	6
	1630	760	49.218511	-18.703099	9.994765e+04	1.310051e+01	5.814072e+03	5.761777e+03	1.091288e+04	1.086490e+04	3.021621e+02	2.957395e-04	2020	1	26	12
	1630	761	49.218511	-18.609349	1.000043e+05	1.425537e+01	5.833698e+03	5.784566e+03	1.092923e+04	1.088906e+04	3.020472e+02	3.734809e-04	2020	1	26	18
	1632	765	49.499761	-18.234350	9.991155e+04	1.599847e+01	5.831055e+03	5.761643e+03	1.091434e+04	1.086071e+04	3.019129e+02	3.709868e-04	2020	1	27	0
	1635	765	49.921635	-18.234350	1.000361e+05	1.667889e+01	5.846964e+03	5.798515e+03	1.092975e+04	1.089188e+04	3.023358e+02	2.413626e-04	2020	1	27	6
	1644	766	51.187259	-18.140600	9.993287e+04	1.723737e+01	5.831668e+03	5.779123e+03	1.094542e+04	1.088283e+04	3.028031e+02	2.933581e-04	2020	1	27	12
	1651	771	52.171633	-17.671850	9.997000e+04	1.882982e+01	5.850527e+03	5.789233e+03	1.094776e+04	1.089508e+04	3.028764e+02	3.667138e-04	2020	1	27	18
start	16	2020	1	22	6
	2476	839	168.187137	-11.296859	1.001480e+05	1.585286e+01	5.834224e+03	5.785514e+03	1.095634e+04	1.088777e+04	3.047492e+02	4.312427e-04	2020	1	22	6
	2474	820	167.905887	-13.078107	1.002973e+05	1.681034e+01	5.853418e+03	5.797172e+03	1.095823e+04	1.089904e+04	3.042898e+02	4.078491e-04	2020	1	22	12
	2465	820	166.640264	-13.078107	1.000692e+05	1.607319e+01	5.831323e+03	5.781065e+03	1.094908e+04	1.088456e+04	3.039886e+02	3.581054e-04	2020	1	22	18
	2470	811	167.343388	-13.921856	1.001694e+05	1.899168e+01	5.841394e+03	5.793419e+03	1.093571e+04	1.089956e+04	3.036510e+02	2.761220e-04	2020	1	23	0
	2461	803	166.077764	-14.671855	1.000030e+05	1.751073e+01	5.831009e+03	5.778178e+03	1.093213e+04	1.088595e+04	3.039506e+02	3.428328e-04	2020	1	23	6
	2459	806	165.796515	-14.390605	1.001251e+05	1.781638e+01	5.843403e+03	5.772352e+03	1.095002e+04	1.089060e+04	3.036542e+02	4.131598e-04	2020	1	23	12
	2462	794	166.218389	-15.515603	9.978745e+04	1.840355e+01	5.824271e+03	5.751242e+03	1.092938e+04	1.086108e+04	3.034364e+02	4.322456e-04	2020	1	23	18
	2456	781	165.374640	-16.734352	9.985677e+04	1.645335e+01	5.825043e+03	5.776890e+03	1.093532e+04	1.084777e+04	3.034546e+02	2.652807e-04	2020	1	24	0
	2454	778	165.093390	-17.015601	9.954406e+04	1.666180e+01	5.814561e+03	5.751642e+03	1.093198e+04	1.083314e+04	3.034873e+02	3.555333e-04	2020	1	24	6
	2457	769	165.515265	-17.859350	9.964189e+04	1.703472e+01	5.822110e+03	5.770124e+03	1.096585e+04	1.082211e+04	3.030176e+02	2.786841e-04	2020	1	24	12
	2459	761	165.796515	-18.609349	9.942264e+04	1.887247e+01	5.808393e+03	5.747174e+03	1.091200e+04	1.080128e+04	3.024862e+02	2.903418e-04	2020	1	24	18
	2466	745	166.780889	-20.109347	9.955871e+04	1.957059e+01	5.814161e+03	5.735673e+03	1.091716e+04	1.078901e+04	3.048649e+02	3.254357e-04	2020	1	25	0
	2484	711	169.312136	-23.296843	9.911970e+04	2.498996e+01	5.800284e+03	5.695915e+03	1.092152e+04	1.075812e+04	3.011898e+02	5.562462e-04	2020	1	25	6
	2485	691	169.452761	-25.171840	9.911267e+04	2.733409e+01	5.814656e+03	5.670663e+03	1.091159e+04	1.072682e+04	3.002390e+02	3.990800e-04	2020	1	25	12
	2484	659	169.312136	-28.171836	9.880390e+04	2.784891e+01	5.801438e+03	5.610482e+03	1.090101e+04	1.062293e+04	2.992187e+02	4.056910e-04	2020	1	25	18
	2487	620	169.734011	-31.828081	9.893666e+04	2.751143e+01	5.824798e+03	5.615195e+03	1.091656e+04	1.061477e+04	2.977824e+02	3.661237e-04	2020	1	26	0
start	25	2020	1	25	18
	1793	778	72.140362	-17.015601	9.965363e+04	1.925584e+01	5.839209e+03	5.765262e+03	1.094521e+04	1.085574e+04	3.025525e+02	2.994751e-04	2020	1	25	18
	1795	778	72.421612	-17.015601	9.930247e+04	2.126616e+01	5.818812e+03	5.737626e+03	1.092084e+04	1.083927e+04	3.022886e+02	3.882448e-04	2020	1	26	0
	1807	778	74.109110	-17.015601	9.928531e+04	2.097303e+01	5.837826e+03	5.744119e+03	1.096080e+04	1.084984e+04	3.021888e+02	5.278938e-04	2020	1	26	6
	1819	771	75.796608	-17.671850	9.887678e+04	2.172400e+01	5.828062e+03	5.715926e+03	1.091810e+04	1.084528e+04	3.020321e+02	4.569680e-04	2020	1	26	12
	1825	758	76.640358	-18.890599	9.888958e+04	2.312663e+01	5.835703e+03	5.719325e+03	1.094516e+04	1.085109e+04	3.018176e+02	5.194003e-04	2020	1	26	18
	1820	755	75.937233	-19.171848	9.855106e+04	2.216282e+01	5.796788e+03	5.698935e+03	1.090641e+04	1.084130e+04	3.017055e+02	3.694605e-04	2020	1	27	0
	1824	755	76.499733	-19.171848	9.863096e+04	2.092883e+01	5.819115e+03	5.708926e+03	1.093603e+04	1.086138e+04	3.017023e+02	2.966477e-04	2020	1	27	6
	1829	745	77.202857	-20.109347	9.831904e+04	2.132569e+01	5.794709e+03	5.677023e+03	1.092975e+04	1.085232e+04	3.018212e+02	3.135722e-04	2020	1	27	12
	1827	742	76.921607	-20.390597	9.837916e+04	2.263754e+01	5.804751e+03	5.685711e+03	1.093497e+04	1.084680e+04	3.016046e+02	2.488615e-04	2020	1	27	18
	1827	740	76.921607	-20.578096	9.804597e+04	2.452437e+01	5.785888e+03	5.659103e+03	1.089246e+04	1.081562e+04	3.014633e+02	2.745835e-04	2020	1	28	0
	1835	733	78.046606	-21.234345	9.806180e+04	2.481603e+01	5.799580e+03	5.661750e+03	1.091927e+04	1.084065e+04	3.013699e+02	2.602484e-04	2020	1	28	6
	1835	721	78.046606	-22.359344	9.780181e+04	2.347791e+01	5.778873e+03	5.648802e+03	1.089489e+04	1.083454e+04	3.010520e+02	2.359245e-04	2020	1	28	12
	1842	713	79.030980	-23.109343	9.799187e+04	2.401225e+01	5.804263e+03	5.668199e+03	1.095150e+04	1.084877e+04	3.003804e+02	2.166266e-04	2020	1	28	18
	1844	697	79.312230	-24.609341	9.787495e+04	2.292604e+01	5.776854e+03	5.651084e+03	1.090135e+04	1.081650e+04	2.997168e+02	2.382322e-04	2020	1	29	0
	1854	696	80.718478	-24.703091	9.814590e+04	2.437149e+01	5.813842e+03	5.678562e+03	1.092243e+04	1.083598e+04	2.994117e+02	1.465647e-04	2020	1	29	6
	1866	675	82.405977	-26.671838	9.817270e+04	2.819705e+01	5.816886e+03	5.692908e+03	1.093065e+04	1.083617e+04	2.994662e+02	1.814429e-04	2020	1	29	12
	1868	652	82.687226	-28.828085	9.842918e+04	2.510604e+01	5.822245e+03	5.712162e+03	1.093771e+04	1.080790e+04	2.975305e+02	1.916877e-04	2020	1	29	18
	1877	640	83.952850	-29.953083	9.862799e+04	2.430178e+01	5.832180e+03	5.722695e+03	1.093592e+04	1.082270e+04	2.973755e+02	1.981548e-04	2020	1	30	0
	1887	620	85.359098	-31.828081	9.899831e+04	2.578494e+01	5.842810e+03	5.738191e+03	1.095255e+04	1.083251e+04	2.956687e+02	1.691083e-04	2020	1	30	6
	1893	595	86.202848	-34.171828	9.909511e+04	2.397678e+01	5.838505e+03	5.738533e+03	1.095499e+04	1.079230e+04	2.953638e+02	1.876430e-04	2020	1	30	12
	1900	580	87.187222	-35.578076	9.942427e+04	2.398250e+01	5.843971e+03	5.734585e+03	1.096006e+04	1.078183e+04	2.944922e+02	1.499993e-04	2020	1	30	18
	1908	573	88.312220	-36.234325	9.960104e+04	2.078090e+01	5.838957e+03	5.731665e+03	1.095659e+04	1.079420e+04	2.936326e+02	8.867275e-05	2020	1	31	0
	1916	564	89.437219	-37.078073	9.987799e+04	1.968846e+01	5.849047e+03	5.741875e+03	1.096807e+04	1.080549e+04	2.926881e+02	4.315174e-05	2020	1	31	6
	1921	560	90.140343	-37.453073	1.000242e+05	1.683228e+01	5.854147e+03	5.758439e+03	1.097276e+04	1.081953e+04	2.923877e+02	2.033258e-05	2020	1	31	12
	1921	562	90.140343	-37.265573	1.003613e+05	1.304215e+01	5.862388e+03	5.768120e+03	1.097679e+04	1.082816e+04	2.924752e+02	7.955838e-06	2020	1	31	18
start	18	2020	1	28	0
	2141	774	121.077811	-17.390601	1.000869e+05	1.332196e+01	5.847927e+03	5.785081e+03	1.095742e+04	1.089828e+04	3.039723e+02	1.719515e-04	2020	1	28	0
	2151	766	122.484060	-18.140600	9.988897e+04	1.140033e+01	5.835566e+03	5.764867e+03	1.096713e+04	1.088306e+04	3.096996e+02	2.261300e-04	2020	1	28	6
	2149	764	122.202810	-18.328100	9.978527e+04	1.056240e+01	5.844021e+03	5.782226e+03	1.096126e+04	1.090852e+04	3.034930e+02	3.669852e-04	2020	1	28	12
	2144	772	121.499686	-17.578101	9.964457e+04	1.624521e+01	5.821419e+03	5.748855e+03	1.096434e+04	1.087889e+04	3.036294e+02	3.031400e-04	2020	1	28	18
	2147	773	121.921560	-17.484351	9.961032e+04	1.857428e+01	5.837307e+03	5.768413e+03	1.098379e+04	1.087851e+04	3.036553e+02	3.458579e-04	2020	1	29	0
	2142	767	121.218436	-18.046850	9.951728e+04	1.531863e+01	5.828785e+03	5.741796e+03	1.095418e+04	1.088183e+04	3.056045e+02	3.033302e-04	2020	1	29	6
	2135	765	120.234062	-18.234350	9.933041e+04	1.614339e+01	5.825594e+03	5.742751e+03	1.094014e+04	1.088737e+04	3.031937e+02	2.912992e-04	2020	1	29	12
	2133	760	119.952812	-18.703099	9.913520e+04	1.676175e+01	5.804465e+03	5.720259e+03	1.093344e+04	1.086600e+04	3.030559e+02	2.858308e-04	2020	1	29	18
	2130	753	119.530938	-19.359348	9.903962e+04	1.814972e+01	5.817170e+03	5.724274e+03	1.094804e+04	1.087125e+04	3.029522e+02	2.987389e-04	2020	1	30	0
	2131	748	119.671563	-19.828097	9.888232e+04	1.635095e+01	5.798348e+03	5.718456e+03	1.092071e+04	1.085692e+04	3.048247e+02	2.880404e-04	2020	1	30	6
	2131	737	119.671563	-20.859346	9.884028e+04	1.370533e+01	5.796525e+03	5.715643e+03	1.092291e+04	1.083173e+04	3.031263e+02	3.876830e-04	2020	1	30	12
	2137	726	120.515312	-21.890595	9.877155e+04	1.266384e+01	5.774188e+03	5.685374e+03	1.091179e+04	1.077030e+04	3.006511e+02	4.273323e-04	2020	1	30	18
	2142	723	121.218436	-22.171844	9.896109e+04	1.528204e+01	5.797072e+03	5.701412e+03	1.091338e+04	1.075750e+04	2.988154e+02	4.346611e-04	2020	1	31	0
	2150	710	122.343435	-23.390592	9.903026e+04	1.326499e+01	5.792544e+03	5.700823e+03	1.094763e+04	1.073484e+04	3.044083e+02	2.727188e-04	2020	1	31	6
	2156	691	123.187184	-25.171840	9.924387e+04	1.477443e+01	5.813055e+03	5.710396e+03	1.091943e+04	1.072842e+04	2.985755e+02	2.460608e-04	2020	1	31	12
	2162	680	124.030933	-26.203089	9.954091e+04	1.524534e+01	5.804662e+03	5.709248e+03	1.089843e+04	1.072515e+04	2.969539e+02	2.066737e-04	2020	1	31	18
	2167	670	124.734057	-27.140587	9.987682e+04	1.245092e+01	5.829841e+03	5.727952e+03	1.092251e+04	1.073010e+04	2.971179e+02	7.135712e-05	2020	2	1	0
	2170	663	125.155932	-27.796836	1.000060e+05	8.907117e+00	5.835498e+03	5.734501e+03	1.092399e+04	1.074768e+04	3.050708e+02	4.094397e-06	2020	2	1	6
start	66	2020	2	6	18
	1704	774	59.624750	-17.390601	1.002244e+05	1.728986e+01	5.858518e+03	5.806125e+03	1.095537e+04	1.085108e+04	3.012826e+02	1.245117e-04	2020	2	6	18
	1696	776	58.499751	-17.203101	1.001431e+05	1.852217e+01	5.831688e+03	5.787380e+03	1.090624e+04	1.083504e+04	3.012702e+02	1.939092e-04	2020	2	7	0
	1688	780	57.374753	-16.828102	1.002818e+05	1.755689e+01	5.851532e+03	5.817514e+03	1.091578e+04	1.086112e+04	3.014099e+02	1.057465e-04	2020	2	7	6
	1683	785	56.671628	-16.359352	1.001741e+05	1.544222e+01	5.831180e+03	5.780410e+03	1.092209e+04	1.084438e+04	3.020211e+02	1.047590e-04	2020	2	7	12
	1680	789	56.249754	-15.984353	1.003071e+05	1.677605e+01	5.857732e+03	5.808907e+03	1.096841e+04	1.086115e+04	3.020769e+02	1.668389e-04	2020	2	7	18
	1679	788	56.109129	-16.078103	1.001248e+05	1.746307e+01	5.835604e+03	5.764094e+03	1.091986e+04	1.083838e+04	3.015587e+02	2.073144e-04	2020	2	8	0
	1674	791	55.406005	-15.796853	1.001823e+05	1.778870e+01	5.855571e+03	5.797602e+03	1.092070e+04	1.085763e+04	3.015254e+02	1.598389e-04	2020	2	8	6
	1672	792	55.124755	-15.703103	1.000607e+05	1.584359e+01	5.829641e+03	5.775988e+03	1.091226e+04	1.083811e+04	3.020164e+02	1.308099e-04	2020	2	8	12
	1669	794	54.702880	-15.515603	1.002376e+05	1.587032e+01	5.861763e+03	5.790888e+03	1.094855e+04	1.085886e+04	3.020735e+02	1.881886e-04	2020	2	8	18
	1663	794	53.859131	-15.515603	1.000461e+05	1.698107e+01	5.829661e+03	5.745422e+03	1.092576e+04	1.083119e+04	3.016017e+02	2.635440e-04	2020	2	9	0
	1665	793	54.140381	-15.609353	1.001154e+05	1.761621e+01	5.848922e+03	5.759134e+03	1.090228e+04	1.085384e+04	3.015438e+02	2.003483e-04	2020	2	9	6
	1668	793	54.562256	-15.609353	9.989609e+04	2.074179e+01	5.829496e+03	5.761290e+03	1.089549e+04	1.083157e+04	3.018457e+02	2.004131e-04	2020	2	9	12
	1665	791	54.140381	-15.796853	9.991290e+04	2.434721e+01	5.848602e+03	5.771856e+03	1.091855e+04	1.084960e+04	3.016426e+02	2.581207e-04	2020	2	9	18
	1664	785	53.999756	-16.359352	9.965473e+04	2.234917e+01	5.826095e+03	5.752818e+03	1.089282e+04	1.083025e+04	3.015038e+02	2.716375e-04	2020	2	10	0
	1659	789	53.296632	-15.984353	9.966844e+04	2.168068e+01	5.838243e+03	5.771340e+03	1.092983e+04	1.085071e+04	3.011906e+02	2.581728e-04	2020	2	10	6
	1661	785	53.577882	-16.359352	9.948647e+04	2.351039e+01	5.822229e+03	5.732783e+03	1.092291e+04	1.082057e+04	3.015693e+02	2.773984e-04	2020	2	10	12
	1657	784	53.015382	-16.453102	9.949855e+04	2.226246e+01	5.833539e+03	5.770603e+03	1.092401e+04	1.084049e+04	3.012994e+02	3.664473e-04	2020	2	10	18
	1664	789	53.999756	-15.984353	9.872375e+04	3.076275e+01	5.810374e+03	5.612568e+03	1.088830e+04	1.078388e+04	3.013663e+02	3.850018e-04	2020	2	11	0
	1662	784	53.718506	-16.453102	9.876319e+04	2.479035e+01	5.843714e+03	5.760385e+03	1.089928e+04	1.083095e+04	3.011617e+02	3.084619e-04	2020	2	11	6
	1664	784	53.999756	-16.453102	9.889643e+04	2.593806e+01	5.823150e+03	5.749095e+03	1.089901e+04	1.082684e+04	3.012720e+02	3.015338e-04	2020	2	11	12
	1671	777	54.984130	-17.109351	9.911430e+04	2.592432e+01	5.837077e+03	5.748651e+03	1.090766e+04	1.083661e+04	3.012323e+02	4.011124e-04	2020	2	11	18
	1672	780	55.124755	-16.828102	9.912986e+04	2.476004e+01	5.820297e+03	5.742478e+03	1.089708e+04	1.082865e+04	3.010461e+02	2.868785e-04	2020	2	12	0
	1679	774	56.109129	-17.390601	9.919269e+04	2.342489e+01	5.842456e+03	5.759509e+03	1.092035e+04	1.085606e+04	3.008769e+02	2.348351e-04	2020	2	12	6
	1682	767	56.531004	-18.046850	9.903520e+04	2.364130e+01	5.828791e+03	5.741115e+03	1.090654e+04	1.083865e+04	3.012453e+02	2.176595e-04	2020	2	12	12
	1683	767	56.671628	-18.046850	9.909484e+04	2.935459e+01	5.861527e+03	5.743917e+03	1.092403e+04	1.085259e+04	3.008680e+02	3.577266e-04	2020	2	12	18
	1687	767	57.234128	-18.046850	9.886201e+04	2.770527e+01	5.837815e+03	5.671799e+03	1.091076e+04	1.080015e+04	3.006321e+02	3.494059e-04	2020	2	13	0
	1683	762	56.671628	-18.515599	9.877954e+04	3.003942e+01	5.849227e+03	5.719742e+03	1.092000e+04	1.085361e+04	3.003897e+02	1.542606e-04	2020	2	13	6
	1684	760	56.812253	-18.703099	9.844723e+04	3.023008e+01	5.836610e+03	5.683439e+03	1.090200e+04	1.082967e+04	3.007422e+02	2.208117e-04	2020	2	13	12
	1686	758	57.093503	-18.890599	9.830032e+04	3.201978e+01	5.857304e+03	5.684763e+03	1.094847e+04	1.083434e+04	3.003344e+02	2.500550e-04	2020	2	13	18
	1685	756	56.952878	-19.078098	9.793615e+04	3.166710e+01	5.835665e+03	5.659465e+03	1.092821e+04	1.082283e+04	3.002335e+02	2.375299e-04	2020	2	14	0
	1683	758	56.671628	-18.890599	9.795681e+04	3.043127e+01	5.864413e+03	5.673948e+03	1.091589e+04	1.084784e+04	3.001775e+02	2.017597e-04	2020	2	14	6
	1682	757	56.531004	-18.984349	9.770405e+04	3.174511e+01	5.840375e+03	5.645141e+03	1.092967e+04	1.081847e+04	3.002840e+02	2.221700e-04	2020	2	14	12
	1679	757	56.109129	-18.984349	9.737289e+04	3.574195e+01	5.850181e+03	5.644469e+03	1.092032e+04	1.082087e+04	3.003615e+02	2.757219e-04	2020	2	14	18
	1676	758	55.687254	-18.890599	9.748345e+04	3.648415e+01	5.841133e+03	5.634731e+03	1.088684e+04	1.081119e+04	3.004704e+02	2.757466e-04	2020	2	15	0
	1672	757	55.124755	-18.984349	9.781430e+04	3.669387e+01	5.848279e+03	5.657854e+03	1.090472e+04	1.083749e+04	3.009210e+02	2.020181e-04	2020	2	15	6
	1668	756	54.562256	-19.078098	9.760005e+04	3.657186e+01	5.821484e+03	5.629898e+03	1.090790e+04	1.080739e+04	3.010568e+02	2.369992e-04	2020	2	15	12
	1663	757	53.859131	-18.984349	9.749598e+04	3.467947e+01	5.837987e+03	5.640615e+03	1.093081e+04	1.082006e+04	3.012211e+02	3.002636e-04	2020	2	15	18
	1657	757	53.015382	-18.984349	9.722317e+04	4.215163e+01	5.816712e+03	5.615065e+03	1.087746e+04	1.080215e+04	3.013352e+02	3.069661e-04	2020	2	16	0
	1652	752	52.312258	-19.453098	9.730366e+04	3.844504e+01	5.844415e+03	5.630961e+03	1.092335e+04	1.082068e+04	3.013485e+02	2.789893e-04	2020	2	16	6
	1648	746	51.749758	-20.015597	9.684756e+04	3.889514e+01	5.826434e+03	5.568880e+03	1.089556e+04	1.077812e+04	3.014309e+02	3.144777e-04	2020	2	16	12
	1641	739	50.765385	-20.671846	9.633405e+04	3.999169e+01	5.842521e+03	5.563932e+03	1.091745e+04	1.078260e+04	3.013220e+02	3.461363e-04	2020	2	16	18
	1635	736	49.921635	-20.953096	9.650824e+04	3.900371e+01	5.821154e+03	5.565562e+03	1.087952e+04	1.077670e+04	3.012114e+02	3.674150e-04	2020	2	17	0
	1631	733	49.359136	-21.234345	9.660935e+04	4.061419e+01	5.838463e+03	5.582231e+03	1.089444e+04	1.079694e+04	3.011242e+02	3.279383e-04	2020	2	17	6
	1629	729	49.077886	-21.609345	9.614349e+04	4.588078e+01	5.822076e+03	5.524335e+03	1.089569e+04	1.077062e+04	3.011308e+02	3.610417e-04	2020	2	17	12
	1627	726	48.796637	-21.890595	9.585653e+04	4.353661e+01	5.836714e+03	5.556827e+03	1.092915e+04	1.079837e+04	3.008632e+02	4.894966e-04	2020	2	17	18
	1626	728	48.656012	-21.703095	9.652420e+04	3.633562e+01	5.824990e+03	5.568974e+03	1.091505e+04	1.079306e+04	3.008533e+02	3.728970e-04	2020	2	18	0
	1626	730	48.656012	-21.515595	9.721393e+04	3.960215e+01	5.834429e+03	5.623886e+03	1.091859e+04	1.082126e+04	3.009767e+02	2.761948e-04	2020	2	18	6
	1627	730	48.796637	-21.515595	9.754494e+04	3.351667e+01	5.818926e+03	5.636439e+03	1.091509e+04	1.083942e+04	3.016827e+02	3.947344e-04	2020	2	18	12
	1628	728	48.937261	-21.703095	9.764073e+04	3.313200e+01	5.832776e+03	5.668235e+03	1.092281e+04	1.084812e+04	3.010042e+02	5.029073e-04	2020	2	18	18
	1626	725	48.656012	-21.984344	9.769260e+04	3.051775e+01	5.818190e+03	5.667756e+03	1.089629e+04	1.084114e+04	3.006751e+02	3.113215e-04	2020	2	19	0
	1625	727	48.515387	-21.796845	9.823974e+04	3.200994e+01	5.841110e+03	5.704051e+03	1.091471e+04	1.086206e+04	3.007438e+02	2.580025e-04	2020	2	19	6
	1624	726	48.374762	-21.890595	9.848188e+04	3.103764e+01	5.830431e+03	5.690706e+03	1.090351e+04	1.084024e+04	3.033334e+02	3.678611e-04	2020	2	19	12
	1623	730	48.234137	-21.515595	9.869716e+04	3.075924e+01	5.842205e+03	5.708528e+03	1.092453e+04	1.085367e+04	3.011005e+02	4.521280e-04	2020	2	19	18
	1625	735	48.515387	-21.046846	9.895473e+04	2.465381e+01	5.820923e+03	5.702370e+03	1.091405e+04	1.083504e+04	3.010573e+02	3.848085e-04	2020	2	20	0
	1624	731	48.374762	-21.421845	9.913488e+04	2.584840e+01	5.841672e+03	5.721722e+03	1.092156e+04	1.083701e+04	3.008142e+02	3.149092e-04	2020	2	20	6
	1619	733	47.671638	-21.234345	9.955397e+04	2.233165e+01	5.825020e+03	5.718253e+03	1.089485e+04	1.081934e+04	3.031744e+02	4.421783e-04	2020	2	20	12
	1624	732	48.374762	-21.328095	9.959488e+04	2.634012e+01	5.841012e+03	5.740285e+03	1.092193e+04	1.083189e+04	3.009211e+02	5.220110e-04	2020	2	20	18
	1624	724	48.374762	-22.078094	9.933487e+04	2.984859e+01	5.820173e+03	5.721052e+03	1.090399e+04	1.080921e+04	3.006426e+02	4.931852e-04	2020	2	21	0
	1626	721	48.656012	-22.359344	9.949907e+04	2.677224e+01	5.839929e+03	5.735498e+03	1.090776e+04	1.080872e+04	3.005637e+02	4.335371e-04	2020	2	21	6
	1624	706	48.374762	-23.765592	9.934680e+04	2.684436e+01	5.821316e+03	5.722709e+03	1.088983e+04	1.079585e+04	3.006638e+02	4.241838e-04	2020	2	21	12
	1618	701	47.531013	-24.234341	9.955802e+04	2.639686e+01	5.836246e+03	5.743482e+03	1.090335e+04	1.080473e+04	2.993706e+02	3.853277e-04	2020	2	21	18
	1607	697	45.984140	-24.609341	9.969729e+04	2.556942e+01	5.824160e+03	5.736595e+03	1.091858e+04	1.078498e+04	2.992567e+02	2.610887e-04	2020	2	22	0
	1598	694	44.718516	-24.890590	9.998916e+04	2.403641e+01	5.847583e+03	5.757211e+03	1.094362e+04	1.080649e+04	3.006100e+02	2.145838e-04	2020	2	22	6
	1589	696	43.452892	-24.703091	9.995161e+04	1.868017e+01	5.836942e+03	5.751465e+03	1.090353e+04	1.081288e+04	3.026150e+02	1.162423e-04	2020	2	22	12
	1584	696	42.749768	-24.703091	9.998538e+04	1.968036e+01	5.850781e+03	5.766700e+03	1.091611e+04	1.084195e+04	3.016791e+02	1.283916e-04	2020	2	22	18
	1576	695	41.624769	-24.796841	9.996909e+04	1.757656e+01	5.841981e+03	5.759834e+03	1.090087e+04	1.083012e+04	3.016403e+02	6.654020e-05	2020	2	23	0
start	94	2020	2	13	18
	2162	748	124.030933	-19.828097	9.990488e+04	8.500072e+00	5.822916e+03	5.767348e+03	1.092371e+04	1.087950e+04	2.999934e+02	3.019363e-04	2020	2	13	18
	2151	748	122.484060	-19.828097	9.988441e+04	1.252221e+01	5.822798e+03	5.778993e+03	1.093190e+04	1.087469e+04	3.026857e+02	1.184702e-04	2020	2	14	0
	2157	744	123.327809	-20.203097	9.966330e+04	7.658677e+00	5.815748e+03	5.760416e+03	1.095526e+04	1.087638e+04	3.078575e+02	8.995512e-05	2020	2	14	6
	2158	742	123.468434	-20.390597	9.954864e+04	8.248422e+00	5.821975e+03	5.762832e+03	1.096600e+04	1.087663e+04	3.015622e+02	3.744511e-04	2020	2	14	12
	2151	734	122.484060	-21.140596	9.961538e+04	8.914042e+00	5.808141e+03	5.745888e+03	1.091016e+04	1.086916e+04	3.001799e+02	3.014536e-04	2020	2	14	18
	2143	734	121.359061	-21.140596	9.963968e+04	1.264526e+01	5.814295e+03	5.761043e+03	1.092203e+04	1.087067e+04	3.027903e+02	1.908966e-04	2020	2	15	0
	2140	734	120.937186	-21.140596	9.956859e+04	1.044048e+01	5.814554e+03	5.754749e+03	1.093228e+04	1.087899e+04	3.065106e+02	1.199532e-04	2020	2	15	6
	2140	731	120.937186	-21.421845	9.949893e+04	1.374461e+01	5.824359e+03	5.767982e+03	1.096002e+04	1.089690e+04	3.032013e+02	2.824728e-04	2020	2	15	12
	2138	731	120.655937	-21.421845	9.954360e+04	1.759957e+01	5.813003e+03	5.749574e+03	1.094515e+04	1.088291e+04	3.030162e+02	2.478776e-04	2020	2	15	18
	2134	733	120.093437	-21.234345	9.969138e+04	1.082339e+01	5.825604e+03	5.769657e+03	1.093539e+04	1.088795e+04	3.029476e+02	9.957618e-05	2020	2	16	0
	2125	733	118.827814	-21.234345	9.960042e+04	1.109014e+01	5.825454e+03	5.761917e+03	1.093459e+04	1.089296e+04	3.049370e+02	1.127087e-04	2020	2	16	6
	2123	735	118.546564	-21.046846	9.947673e+04	1.470370e+01	5.831452e+03	5.774640e+03	1.094926e+04	1.090716e+04	3.031682e+02	2.029316e-04	2020	2	16	12
	2124	734	118.687189	-21.140596	9.966359e+04	1.394627e+01	5.829378e+03	5.772174e+03	1.094501e+04	1.089336e+04	3.027811e+02	1.663906e-04	2020	2	16	18
	2115	737	117.421565	-20.859346	9.977430e+04	1.117155e+01	5.841177e+03	5.787733e+03	1.099704e+04	1.090420e+04	3.026992e+02	1.063717e-04	2020	2	17	0
	2104	735	115.874692	-21.046846	9.982646e+04	1.078597e+01	5.846893e+03	5.782098e+03	1.097115e+04	1.089708e+04	3.134814e+02	1.570387e-04	2020	2	17	6
	2106	744	116.155941	-20.203097	9.978109e+04	1.282510e+01	5.849764e+03	5.796969e+03	1.098462e+04	1.090868e+04	3.034933e+02	1.117712e-04	2020	2	17	12
	2111	741	116.859066	-20.484347	9.979671e+04	1.143190e+01	5.849321e+03	5.794665e+03	1.096185e+04	1.089471e+04	3.027402e+02	1.378847e-04	2020	2	17	18
	2104	737	115.874692	-20.859346	9.986400e+04	1.115744e+01	5.861496e+03	5.797469e+03	1.098604e+04	1.089843e+04	3.026830e+02	6.488816e-05	2020	2	18	0
	2094	740	114.468443	-20.578096	9.994095e+04	1.372221e+01	5.863437e+03	5.799334e+03	1.097347e+04	1.090409e+04	3.123167e+02	9.486760e-05	2020	2	18	6
	2082	741	112.780945	-20.484347	9.987042e+04	1.563481e+01	5.875073e+03	5.797460e+03	1.097194e+04	1.091376e+04	3.031928e+02	1.462125e-04	2020	2	18	12
	2079	749	112.359070	-19.734348	9.987300e+04	1.734544e+01	5.870162e+03	5.792587e+03	1.099768e+04	1.090225e+04	3.030021e+02	1.509321e-04	2020	2	18	18
	2072	758	111.374696	-18.890599	9.960509e+04	1.561494e+01	5.872093e+03	5.779036e+03	1.099904e+04	1.090319e+04	3.031101e+02	1.871149e-04	2020	2	19	0
	2061	757	109.827823	-18.984349	9.960965e+04	1.705137e+01	5.869949e+03	5.749500e+03	1.095154e+04	1.089442e+04	3.031054e+02	2.089745e-04	2020	2	19	6
	2050	762	108.280950	-18.515599	9.942605e+04	1.883075e+01	5.872903e+03	5.753723e+03	1.098452e+04	1.087933e+04	3.030217e+02	2.447792e-04	2020	2	19	12
	2038	763	106.593451	-18.421849	9.956594e+04	1.969397e+01	5.874001e+03	5.752515e+03	1.096126e+04	1.086668e+04	3.025846e+02	2.633659e-04	2020	2	19	18
	2023	770	104.484079	-17.765600	9.903102e+04	2.299518e+01	5.870455e+03	5.707877e+03	1.098209e+04	1.086820e+04	3.026371e+02	2.912739e-04	2020	2	20	0
	2014	768	103.218455	-17.953100	9.896105e+04	2.527831e+01	5.872169e+03	5.773731e+03	1.096116e+04	1.089086e+04	3.023980e+02	1.265827e-04	2020	2	20	6
	2004	764	101.812206	-18.328100	9.897012e+04	2.231340e+01	5.874141e+03	5.762292e+03	1.096198e+04	1.089800e+04	3.022650e+02	1.018485e-04	2020	2	20	12
	1995	766	100.546583	-18.140600	9.917456e+04	2.144966e+01	5.864525e+03	5.792580e+03	1.094581e+04	1.089567e+04	3.018342e+02	9.270953e-05	2020	2	20	18
	1984	763	98.999709	-18.421849	9.917060e+04	2.138172e+01	5.866726e+03	5.780085e+03	1.094102e+04	1.088685e+04	3.022654e+02	1.583319e-04	2020	2	21	0
	1978	766	98.155960	-18.140600	9.925305e+04	2.044227e+01	5.857833e+03	5.762174e+03	1.095099e+04	1.088023e+04	3.022675e+02	1.153325e-04	2020	2	21	6
	1966	763	96.468462	-18.421849	9.909989e+04	2.108726e+01	5.858996e+03	5.765978e+03	1.095527e+04	1.088521e+04	3.021984e+02	9.884455e-05	2020	2	21	12
	1958	757	95.343463	-18.984349	9.930273e+04	2.274660e+01	5.856983e+03	5.763079e+03	1.095541e+04	1.089596e+04	3.018211e+02	2.008644e-04	2020	2	21	18
	1944	757	93.374715	-18.984349	9.886245e+04	2.623295e+01	5.841494e+03	5.728661e+03	1.095707e+04	1.086899e+04	3.019025e+02	3.295358e-04	2020	2	22	0
	1936	754	92.249716	-19.265598	9.903013e+04	2.427221e+01	5.842989e+03	5.729522e+03	1.093946e+04	1.086237e+04	3.019917e+02	1.429719e-04	2020	2	22	6
	1931	753	91.546592	-19.359348	9.887866e+04	2.176730e+01	5.839372e+03	5.709345e+03	1.095532e+04	1.085627e+04	3.019680e+02	1.255275e-04	2020	2	22	12
	1927	755	90.984093	-19.171848	9.891176e+04	2.312469e+01	5.841236e+03	5.730069e+03	1.094458e+04	1.086262e+04	3.019103e+02	2.090418e-04	2020	2	22	18
	1922	752	90.280968	-19.453098	9.874727e+04	2.259731e+01	5.835200e+03	5.722600e+03	1.093884e+04	1.085989e+04	3.014384e+02	3.006361e-04	2020	2	23	0
	1916	749	89.437219	-19.734348	9.883698e+04	2.601417e+01	5.835446e+03	5.732200e+03	1.092634e+04	1.087240e+04	3.011087e+02	1.995897e-04	2020	2	23	6
	1912	753	88.874720	-19.359348	9.855030e+04	2.899021e+01	5.829502e+03	5.699758e+03	1.092991e+04	1.085946e+04	3.017201e+02	1.777176e-04	2020	2	23	12
	1910	757	88.593470	-18.984349	9.854567e+04	3.102678e+01	5.836775e+03	5.706776e+03	1.093795e+04	1.086032e+04	3.018127e+02	2.457660e-04	2020	2	23	18
	1911	763	88.734095	-18.421849	9.842542e+04	2.657597e+01	5.831804e+03	5.711753e+03	1.092167e+04	1.085104e+04	3.017497e+02	2.415971e-04	2020	2	24	0
	1910	766	88.593470	-18.140600	9.848212e+04	2.836101e+01	5.841859e+03	5.711344e+03	1.093917e+04	1.085502e+04	3.018089e+02	1.805146e-04	2020	2	24	6
	1912	770	88.874720	-17.765600	9.794427e+04	3.288389e+01	5.823945e+03	5.666981e+03	1.092806e+04	1.084161e+04	3.018422e+02	2.173181e-04	2020	2	24	12
	1911	770	88.734095	-17.765600	9.820510e+04	3.223882e+01	5.829341e+03	5.698138e+03	1.092490e+04	1.083430e+04	3.017409e+02	2.421101e-04	2020	2	24	18
	1910	774	88.593470	-17.390601	9.805358e+04	3.014091e+01	5.815728e+03	5.673113e+03	1.090764e+04	1.081850e+04	3.016985e+02	2.102289e-04	2020	2	25	0
	1908	772	88.312220	-17.578101	9.819724e+04	3.020681e+01	5.829680e+03	5.677371e+03	1.091407e+04	1.083399e+04	3.016768e+02	2.613974e-04	2020	2	25	6
	1902	777	87.468471	-17.109351	9.785516e+04	3.059612e+01	5.821130e+03	5.638466e+03	1.090195e+04	1.080719e+04	3.018364e+02	2.811016e-04	2020	2	25	12
	1901	777	87.327846	-17.109351	9.787070e+04	2.777832e+01	5.827679e+03	5.636379e+03	1.091191e+04	1.081225e+04	3.017345e+02	2.916026e-04	2020	2	25	18
	1896	778	86.624722	-17.015601	9.734594e+04	3.156197e+01	5.814906e+03	5.624377e+03	1.090133e+04	1.079175e+04	3.017604e+02	3.354840e-04	2020	2	26	0
	1894	780	86.343472	-16.828102	9.674102e+04	4.119999e+01	5.820850e+03	5.581276e+03	1.090535e+04	1.076168e+04	3.017947e+02	3.661969e-04	2020	2	26	6
	1891	783	85.921598	-16.546852	9.647342e+04	3.510224e+01	5.820061e+03	5.560699e+03	1.089632e+04	1.075565e+04	3.016957e+02	3.973027e-04	2020	2	26	12
	1891	782	85.921598	-16.640602	9.625833e+04	4.214656e+01	5.818118e+03	5.543112e+03	1.091455e+04	1.075049e+04	3.015367e+02	3.727545e-04	2020	2	26	18
	1886	781	85.218474	-16.734352	9.605158e+04	3.691773e+01	5.807270e+03	5.524025e+03	1.088471e+04	1.073446e+04	3.013759e+02	4.497519e-04	2020	2	27	0
	1883	781	84.796599	-16.734352	9.596284e+04	3.831707e+01	5.819655e+03	5.504594e+03	1.094504e+04	1.073411e+04	3.015838e+02	4.483090e-04	2020	2	27	6
	1879	784	84.234100	-16.453102	9.521452e+04	4.454040e+01	5.809217e+03	5.451553e+03	1.090212e+04	1.070477e+04	3.017083e+02	4.567988e-04	2020	2	27	12
	1878	787	84.093475	-16.171853	9.492227e+04	4.711633e+01	5.831296e+03	5.432236e+03	1.090641e+04	1.069365e+04	3.018289e+02	4.561779e-04	2020	2	27	18
	1878	785	84.093475	-16.359352	9.461580e+04	4.901497e+01	5.807257e+03	5.419269e+03	1.091946e+04	1.067926e+04	3.016543e+02	5.130884e-04	2020	2	28	0
	1878	784	84.093475	-16.453102	9.472044e+04	5.100838e+01	5.818362e+03	5.425694e+03	1.092773e+04	1.069326e+04	3.014641e+02	4.788692e-04	2020	2	28	6
	1878	780	84.093475	-16.828102	9.461878e+04	4.416761e+01	5.809716e+03	5.417342e+03	1.090632e+04	1.068365e+04	3.013746e+02	4.650951e-04	2020	2	28	12
	1878	779	84.093475	-16.921851	9.495891e+04	4.235786e+01	5.834371e+03	5.429881e+03	1.091346e+04	1.069287e+04	3.006960e+02	5.346583e-04	2020	2	28	18
	1880	776	84.374725	-17.203101	9.485913e+04	4.027844e+01	5.803487e+03	5.422865e+03	1.088516e+04	1.067806e+04	3.000511e+02	5.989696e-04	2020	2	29	0
	1882	774	84.655974	-17.390601	9.516534e+04	4.074585e+01	5.817259e+03	5.442091e+03	1.092441e+04	1.069033e+04	2.999322e+02	5.133087e-04	2020	2	29	6
	1886	766	85.218474	-18.140600	9.510588e+04	4.079116e+01	5.804494e+03	5.435545e+03	1.088899e+04	1.068319e+04	2.999027e+02	5.470532e-04	2020	2	29	12
	1889	763	85.640348	-18.421849	9.549952e+04	3.922438e+01	5.817858e+03	5.456686e+03	1.089926e+04	1.069651e+04	2.998719e+02	5.587522e-04	2020	2	29	18
	1892	759	86.062223	-18.796849	9.552309e+04	3.932406e+01	5.795217e+03	5.458906e+03	1.087720e+04	1.068532e+04	2.998350e+02	5.900060e-04	2020	3	1	0
	1896	755	86.624722	-19.171848	9.570912e+04	4.027887e+01	5.803550e+03	5.468052e+03	1.091297e+04	1.069572e+04	2.998654e+02	5.589602e-04	2020	3	1	6
	1899	753	87.046597	-19.359348	9.556538e+04	4.078797e+01	5.798429e+03	5.461627e+03	1.088508e+04	1.068909e+04	2.997768e+02	5.904025e-04	2020	3	1	12
	1903	749	87.609096	-19.734348	9.545236e+04	4.884205e+01	5.806204e+03	5.448917e+03	1.090607e+04	1.068475e+04	2.996454e+02	6.174176e-04	2020	3	1	18
	1905	745	87.890346	-20.109347	9.523508e+04	4.414308e+01	5.792036e+03	5.450365e+03	1.088669e+04	1.067011e+04	2.996033e+02	4.942410e-04	2020	3	2	0
	1906	739	88.030971	-20.671846	9.560658e+04	4.359015e+01	5.807099e+03	5.476560e+03	1.089528e+04	1.070424e+04	2.995801e+02	4.312877e-04	2020	3	2	6
	1907	732	88.171596	-21.328095	9.566914e+04	4.680753e+01	5.802728e+03	5.490885e+03	1.089512e+04	1.071886e+04	2.996320e+02	4.758677e-04	2020	3	2	12
	1908	725	88.312220	-21.984344	9.606334e+04	4.603653e+01	5.812778e+03	5.509315e+03	1.090127e+04	1.072787e+04	2.994213e+02	5.023619e-04	2020	3	2	18
	1911	716	88.734095	-22.828093	9.613345e+04	4.448231e+01	5.806257e+03	5.516828e+03	1.089540e+04	1.072480e+04	2.992240e+02	4.326417e-04	2020	3	3	0
	1913	702	89.015345	-24.140591	9.631180e+04	4.277046e+01	5.820791e+03	5.531861e+03	1.090787e+04	1.074771e+04	2.991101e+02	5.259281e-04	2020	3	3	6
	1911	692	88.734095	-25.078090	9.625988e+04	4.089206e+01	5.805609e+03	5.542391e+03	1.091144e+04	1.076347e+04	2.982513e+02	4.952361e-04	2020	3	3	12
	1912	688	88.874720	-25.453090	9.672320e+04	3.722189e+01	5.814133e+03	5.587667e+03	1.091816e+04	1.080107e+04	2.980361e+02	3.303508e-04	2020	3	3	18
	1908	683	88.312220	-25.921839	9.706238e+04	3.195705e+01	5.799312e+03	5.608438e+03	1.090239e+04	1.079814e+04	2.979449e+02	1.945725e-04	2020	3	4	0
	1905	680	87.890346	-26.203089	9.759731e+04	3.197553e+01	5.798077e+03	5.642400e+03	1.091524e+04	1.080810e+04	2.978862e+02	1.689077e-04	2020	3	4	6
	1903	678	87.609096	-26.390588	9.778981e+04	3.823638e+01	5.798215e+03	5.664369e+03	1.090902e+04	1.081365e+04	2.977255e+02	2.310006e-04	2020	3	4	12
	1898	683	86.905972	-25.921839	9.814041e+04	3.516281e+01	5.809442e+03	5.669744e+03	1.090397e+04	1.080723e+04	2.981107e+02	1.813090e-04	2020	3	4	18
	1898	684	86.905972	-25.828089	9.825948e+04	2.873565e+01	5.805550e+03	5.665426e+03	1.088558e+04	1.079893e+04	2.980947e+02	7.784208e-05	2020	3	5	0
	1899	689	87.046597	-25.359340	9.862876e+04	2.342476e+01	5.822040e+03	5.696966e+03	1.090822e+04	1.080447e+04	2.980125e+02	6.481696e-05	2020	3	5	6
	1899	687	87.046597	-25.546839	9.871441e+04	2.607799e+01	5.819869e+03	5.713096e+03	1.091549e+04	1.079327e+04	2.979937e+02	1.130748e-04	2020	3	5	12
	1902	687	87.468471	-25.546839	9.906672e+04	2.198426e+01	5.826312e+03	5.726972e+03	1.091285e+04	1.079022e+04	2.977690e+02	1.399694e-04	2020	3	5	18
	1906	680	88.030971	-26.203089	9.910640e+04	2.026696e+01	5.825365e+03	5.724998e+03	1.089881e+04	1.077195e+04	2.976703e+02	1.163154e-04	2020	3	6	0
	1908	669	88.312220	-27.234337	9.929972e+04	2.117638e+01	5.829241e+03	5.730029e+03	1.090131e+04	1.079018e+04	2.973301e+02	1.499623e-04	2020	3	6	6
	1908	660	88.312220	-28.078086	9.923105e+04	2.380114e+01	5.821463e+03	5.717384e+03	1.089776e+04	1.079076e+04	2.971814e+02	1.900479e-04	2020	3	6	12
	1908	654	88.312220	-28.640585	9.947574e+04	2.577638e+01	5.819831e+03	5.700653e+03	1.089489e+04	1.078147e+04	2.971899e+02	2.405937e-04	2020	3	6	18
	1908	644	88.312220	-29.578084	9.898808e+04	3.217566e+01	5.805642e+03	5.671840e+03	1.087144e+04	1.072463e+04	2.969891e+02	2.736769e-04	2020	3	7	0
	1914	635	89.155970	-30.421833	9.900520e+04	2.840916e+01	5.812192e+03	5.670650e+03	1.087456e+04	1.068994e+04	2.970077e+02	2.541785e-04	2020	3	7	6
	1916	623	89.437219	-31.546831	9.900510e+04	3.059828e+01	5.804906e+03	5.676597e+03	1.086213e+04	1.063835e+04	2.959226e+02	2.594096e-04	2020	3	7	12
	1919	615	89.859094	-32.296830	9.920261e+04	2.792917e+01	5.798142e+03	5.654464e+03	1.084192e+04	1.060168e+04	2.958010e+02	2.614384e-04	2020	3	7	18
	1924	609	90.562218	-32.859329	9.897954e+04	3.107912e+01	5.786143e+03	5.623225e+03	1.082369e+04	1.057118e+04	2.953936e+02	2.081673e-04	2020	3	8	0
start	50	2020	2	13	18
	2400	789	157.499648	-15.984353	9.991288e+04	1.792952e+01	5.831400e+03	5.766612e+03	1.095747e+04	1.087865e+04	3.040356e+02	2.758990e-04	2020	2	13	18
	2394	781	156.655899	-16.734352	1.000167e+05	1.546082e+01	5.844625e+03	5.781088e+03	1.095773e+04	1.088476e+04	3.038355e+02	3.526681e-04	2020	2	14	0
	2396	770	156.937149	-17.765600	9.968392e+04	1.413423e+01	5.822790e+03	5.754921e+03	1.097481e+04	1.087735e+04	3.045438e+02	3.449765e-04	2020	2	14	6
	2397	765	157.077774	-18.234350	9.981684e+04	1.479290e+01	5.828366e+03	5.775213e+03	1.095852e+04	1.089294e+04	3.042844e+02	2.290982e-04	2020	2	14	12
	2401	773	157.640273	-17.484351	9.967447e+04	1.695950e+01	5.822842e+03	5.764600e+03	1.092328e+04	1.087543e+04	3.037937e+02	2.643968e-04	2020	2	14	18
	2409	763	158.765272	-18.421849	9.974236e+04	1.804504e+01	5.832528e+03	5.769268e+03	1.095578e+04	1.088462e+04	3.034677e+02	3.556674e-04	2020	2	15	0
	2411	753	159.046522	-19.359348	9.952109e+04	1.525721e+01	5.824233e+03	5.738644e+03	1.093127e+04	1.087402e+04	3.038658e+02	4.156931e-04	2020	2	15	6
	2416	752	159.749646	-19.453098	9.961341e+04	1.541263e+01	5.828869e+03	5.760783e+03	1.096693e+04	1.089483e+04	3.037098e+02	3.036686e-04	2020	2	15	12
	2412	749	159.187147	-19.734348	9.943047e+04	1.687104e+01	5.819123e+03	5.743880e+03	1.094294e+04	1.086897e+04	3.033696e+02	2.732985e-04	2020	2	15	18
	2419	744	160.171521	-20.203097	9.949271e+04	2.004198e+01	5.831997e+03	5.750476e+03	1.096206e+04	1.088494e+04	3.030350e+02	3.184976e-04	2020	2	16	0
	2426	737	161.155894	-20.859346	9.914062e+04	2.115111e+01	5.827431e+03	5.716159e+03	1.095063e+04	1.086911e+04	3.032626e+02	4.019622e-04	2020	2	16	6
	2432	726	161.999644	-21.890595	9.904338e+04	2.172308e+01	5.835037e+03	5.724068e+03	1.095259e+04	1.088695e+04	3.027941e+02	4.271845e-04	2020	2	16	12
	2432	715	161.999644	-22.921843	9.880198e+04	2.547231e+01	5.822552e+03	5.713020e+03	1.093158e+04	1.086651e+04	3.026150e+02	4.009200e-04	2020	2	16	18
	2432	702	161.999644	-24.140591	9.877743e+04	2.734789e+01	5.829491e+03	5.714675e+03	1.095621e+04	1.087964e+04	3.025068e+02	4.140138e-04	2020	2	17	0
	2432	696	161.999644	-24.703091	9.842890e+04	3.127431e+01	5.832692e+03	5.684023e+03	1.093634e+04	1.086744e+04	3.024494e+02	3.194750e-04	2020	2	17	6
	2428	688	161.437144	-25.453090	9.832325e+04	3.303386e+01	5.819470e+03	5.679778e+03	1.094031e+04	1.086609e+04	3.017732e+02	3.280938e-04	2020	2	17	12
	2426	691	161.155894	-25.171840	9.803632e+04	2.965046e+01	5.800408e+03	5.655147e+03	1.093439e+04	1.084842e+04	3.014349e+02	2.191375e-04	2020	2	17	18
	2422	686	160.593395	-25.640589	9.811873e+04	2.757021e+01	5.813766e+03	5.664522e+03	1.091624e+04	1.086511e+04	3.009322e+02	2.070514e-04	2020	2	18	0
	2422	681	160.593395	-26.109339	9.793341e+04	2.712852e+01	5.801343e+03	5.650642e+03	1.090952e+04	1.085776e+04	3.009253e+02	2.252311e-04	2020	2	18	6
	2419	684	160.171521	-25.828089	9.805648e+04	2.858616e+01	5.815826e+03	5.665972e+03	1.092978e+04	1.086442e+04	3.008079e+02	2.342487e-04	2020	2	18	12
	2415	684	159.609021	-25.828089	9.797350e+04	2.577069e+01	5.803192e+03	5.654122e+03	1.094084e+04	1.085298e+04	3.007253e+02	2.023690e-04	2020	2	18	18
	2411	679	159.046522	-26.296838	9.814310e+04	2.712541e+01	5.825149e+03	5.677434e+03	1.094072e+04	1.087142e+04	3.005997e+02	1.394390e-04	2020	2	19	0
	2411	685	159.046522	-25.734339	9.791999e+04	2.598255e+01	5.811579e+03	5.654133e+03	1.091396e+04	1.085113e+04	3.008540e+02	1.478024e-04	2020	2	19	6
	2409	688	158.765272	-25.453090	9.800326e+04	2.756926e+01	5.824950e+03	5.670576e+03	1.093282e+04	1.087588e+04	3.007350e+02	2.181327e-04	2020	2	19	12
	2408	688	158.624647	-25.453090	9.780209e+04	2.865194e+01	5.802002e+03	5.654298e+03	1.092624e+04	1.085257e+04	3.007330e+02	1.534599e-04	2020	2	19	18
	2409	685	158.765272	-25.734339	9.786684e+04	2.887995e+01	5.818978e+03	5.668181e+03	1.093438e+04	1.085723e+04	3.001670e+02	1.613827e-04	2020	2	20	0
	2409	686	158.765272	-25.640589	9.763445e+04	3.027971e+01	5.801700e+03	5.642589e+03	1.090144e+04	1.084896e+04	3.005123e+02	1.366593e-04	2020	2	20	6
	2409	685	158.765272	-25.734339	9.765024e+04	2.890821e+01	5.812349e+03	5.652163e+03	1.092219e+04	1.085767e+04	3.002095e+02	1.818543e-04	2020	2	20	12
	2408	687	158.624647	-25.546839	9.749725e+04	2.981060e+01	5.791831e+03	5.631601e+03	1.090090e+04	1.084030e+04	3.000219e+02	1.726440e-04	2020	2	20	18
	2406	687	158.343397	-25.546839	9.773894e+04	2.734703e+01	5.812793e+03	5.656253e+03	1.093716e+04	1.087084e+04	3.000442e+02	1.005513e-04	2020	2	21	0
	2405	689	158.202773	-25.359340	9.761543e+04	2.883242e+01	5.800512e+03	5.641111e+03	1.092169e+04	1.085417e+04	3.005405e+02	1.245196e-04	2020	2	21	6
	2404	690	158.062148	-25.265590	9.772785e+04	3.083529e+01	5.819928e+03	5.658903e+03	1.092703e+04	1.087395e+04	3.001820e+02	1.515569e-04	2020	2	21	12
	2402	691	157.780898	-25.171840	9.772159e+04	3.045926e+01	5.810983e+03	5.650558e+03	1.091591e+04	1.085774e+04	3.001373e+02	1.624432e-04	2020	2	21	18
	2398	695	157.218399	-24.796841	9.796415e+04	3.368065e+01	5.832676e+03	5.670256e+03	1.093781e+04	1.088166e+04	3.002601e+02	1.525302e-04	2020	2	22	0
	2394	701	156.655899	-24.234341	9.780023e+04	3.456958e+01	5.828845e+03	5.656021e+03	1.092832e+04	1.087340e+04	3.012829e+02	1.674186e-04	2020	2	22	6
	2388	712	155.812150	-23.203093	9.804177e+04	3.431350e+01	5.850393e+03	5.673549e+03	1.094796e+04	1.088017e+04	3.022375e+02	2.217854e-04	2020	2	22	12
	2379	721	154.546526	-22.359344	9.783835e+04	3.057295e+01	5.836238e+03	5.655319e+03	1.093474e+04	1.084628e+04	3.028829e+02	2.598058e-04	2020	2	22	18
	2373	731	153.702777	-21.421845	9.777403e+04	3.508596e+01	5.849325e+03	5.659350e+03	1.095617e+04	1.084090e+04	3.029123e+02	2.607835e-04	2020	2	23	0
	2363	738	152.296529	-20.765596	9.736573e+04	3.662616e+01	5.835893e+03	5.626676e+03	1.093930e+04	1.081943e+04	3.034202e+02	3.417410e-04	2020	2	23	6
	2354	744	151.030905	-20.203097	9.683652e+04	3.729559e+01	5.846372e+03	5.604604e+03	1.095795e+04	1.083232e+04	3.031685e+02	4.787917e-04	2020	2	23	12
	2344	747	149.624657	-19.921847	9.628937e+04	3.887555e+01	5.827071e+03	5.576723e+03	1.095127e+04	1.078852e+04	3.032821e+02	5.611029e-04	2020	2	23	18
	2335	749	148.359033	-19.734348	9.693393e+04	3.222839e+01	5.847150e+03	5.621701e+03	1.094631e+04	1.082442e+04	3.030806e+02	3.745452e-04	2020	2	24	0
	2326	749	147.093409	-19.734348	9.767709e+04	2.634111e+01	5.820926e+03	5.632048e+03	1.092106e+04	1.082840e+04	3.034952e+02	4.081590e-04	2020	2	24	6
	2317	753	145.827785	-19.359348	9.839720e+04	1.772230e+01	5.832910e+03	5.676653e+03	1.093438e+04	1.086015e+04	3.029895e+02	3.776504e-04	2020	2	24	12
	2313	756	145.265286	-19.078098	9.886073e+04	1.372370e+01	5.813585e+03	5.673481e+03	1.090729e+04	1.084646e+04	3.023214e+02	3.433557e-04	2020	2	24	18
	2309	756	144.702787	-19.078098	9.947506e+04	1.290905e+01	5.828266e+03	5.716837e+03	1.091784e+04	1.087802e+04	3.021091e+02	2.730518e-04	2020	2	25	0
	2302	755	143.718413	-19.171848	9.955349e+04	1.235176e+01	5.803750e+03	5.716097e+03	1.091805e+04	1.086121e+04	3.007047e+02	2.465779e-04	2020	2	25	6
	2296	756	142.874664	-19.078098	9.982195e+04	1.243766e+01	5.828748e+03	5.750125e+03	1.093201e+04	1.088342e+04	2.986532e+02	2.360437e-04	2020	2	25	12
	2289	764	141.890290	-18.328100	9.985531e+04	1.122612e+01	5.802070e+03	5.735724e+03	1.090785e+04	1.084761e+04	3.024153e+02	2.334346e-04	2020	2	25	18
	2323	760	146.671535	-18.703099	9.985451e+04	2.821268e+01	5.829375e+03	5.766755e+03	1.094426e+04	1.086565e+04	3.028546e+02	2.930929e-04	2020	2	26	0
start	22	2020	2	14	0
	1822	847	76.218483	-10.546860	1.006155e+05	1.428127e+01	5.853940e+03	5.800814e+03	1.091795e+04	1.084994e+04	3.026805e+02	3.178829e-04	2020	2	14	0
	1821	855	76.077858	-9.796861	1.007630e+05	1.578094e+01	5.860049e+03	5.806756e+03	1.092872e+04	1.086319e+04	3.024276e+02	2.445988e-04	2020	2	14	6
	1826	843	76.780982	-10.921860	1.004317e+05	1.512863e+01	5.840866e+03	5.792076e+03	1.090391e+04	1.084552e+04	3.029177e+02	1.930851e-04	2020	2	14	12
	1828	836	77.062232	-11.578109	1.005651e+05	1.554593e+01	5.852208e+03	5.797739e+03	1.091765e+04	1.086136e+04	3.026429e+02	2.696241e-04	2020	2	14	18
	1824	833	76.499733	-11.859359	1.002686e+05	1.452425e+01	5.829317e+03	5.781978e+03	1.089422e+04	1.083735e+04	3.024562e+02	3.208360e-04	2020	2	15	0
	1821	839	76.077858	-11.296859	1.003979e+05	1.480564e+01	5.845424e+03	5.786059e+03	1.090063e+04	1.086160e+04	3.022874e+02	2.515815e-04	2020	2	15	6
	1828	838	77.062232	-11.390609	1.000703e+05	1.979203e+01	5.832501e+03	5.769148e+03	1.089854e+04	1.084206e+04	3.031266e+02	3.753788e-04	2020	2	15	12
	1828	824	77.062232	-12.703107	1.002804e+05	1.790292e+01	5.843240e+03	5.791047e+03	1.090553e+04	1.085050e+04	3.026497e+02	3.073004e-04	2020	2	15	18
	1833	817	77.765356	-13.359356	9.994635e+04	1.783574e+01	5.827945e+03	5.774343e+03	1.091708e+04	1.082091e+04	3.024691e+02	4.614473e-04	2020	2	16	0
	1828	809	77.062232	-14.109355	1.001548e+05	1.659140e+01	5.846562e+03	5.790445e+03	1.091959e+04	1.082992e+04	3.021005e+02	3.078950e-04	2020	2	16	6
	1828	809	77.062232	-14.109355	9.989848e+04	1.603222e+01	5.834029e+03	5.782287e+03	1.094808e+04	1.082204e+04	3.023936e+02	2.838878e-04	2020	2	16	12
	1830	805	77.343482	-14.484355	1.000164e+05	2.025020e+01	5.847625e+03	5.777022e+03	1.093920e+04	1.082860e+04	3.020929e+02	4.675087e-04	2020	2	16	18
	1840	800	78.749730	-14.953104	9.976064e+04	2.230285e+01	5.838231e+03	5.703207e+03	1.091526e+04	1.080814e+04	3.023549e+02	5.909516e-04	2020	2	17	0
	1846	788	79.593479	-16.078103	9.983402e+04	2.709265e+01	5.852636e+03	5.747921e+03	1.097432e+04	1.080689e+04	3.022237e+02	5.208728e-04	2020	2	17	6
	1849	780	80.015354	-16.828102	9.972352e+04	2.785587e+01	5.843956e+03	5.740176e+03	1.091763e+04	1.079546e+04	3.021228e+02	5.598813e-04	2020	2	17	12
	1855	776	80.859103	-17.203101	9.948486e+04	3.017189e+01	5.867889e+03	5.733980e+03	1.093891e+04	1.081348e+04	3.019468e+02	5.096923e-04	2020	2	17	18
	1857	764	81.140353	-18.328100	9.904488e+04	3.157064e+01	5.853956e+03	5.716322e+03	1.092072e+04	1.079100e+04	3.018201e+02	4.744115e-04	2020	2	18	0
	1859	754	81.421603	-19.265598	9.953714e+04	3.273728e+01	5.863216e+03	5.753979e+03	1.093371e+04	1.078982e+04	3.017768e+02	3.817479e-04	2020	2	18	6
	1857	754	81.140353	-19.265598	9.955557e+04	3.214056e+01	5.852003e+03	5.760147e+03	1.092989e+04	1.079991e+04	3.019224e+02	2.895030e-04	2020	2	18	12
	1855	743	80.859103	-20.296847	9.984116e+04	2.713264e+01	5.859875e+03	5.761897e+03	1.092068e+04	1.078566e+04	3.009232e+02	2.228488e-04	2020	2	18	18
	1858	742	81.280978	-20.390597	9.977676e+04	3.429825e+01	5.845116e+03	5.742049e+03	1.090856e+04	1.078446e+04	3.009653e+02	2.291678e-04	2020	2	19	0
	1856	733	80.999728	-21.234345	9.986902e+04	2.916531e+01	5.850882e+03	5.771361e+03	1.091637e+04	1.078671e+04	3.008324e+02	1.421457e-04	2020	2	19	6
start	17	2020	2	23	12
	1566	689	40.218521	-25.359340	1.000951e+05	2.019857e+01	5.852493e+03	5.781100e+03	1.092010e+04	1.085410e+04	3.014909e+02	1.623698e-04	2020	2	23	12
	1562	686	39.656021	-25.640589	1.001573e+05	1.997099e+01	5.871382e+03	5.796324e+03	1.092807e+04	1.087420e+04	3.012681e+02	9.380077e-05	2020	2	23	18
	1558	690	39.093522	-25.265590	1.001588e+05	2.077660e+01	5.852770e+03	5.787677e+03	1.091338e+04	1.086245e+04	3.011393e+02	9.002574e-05	2020	2	24	0
	1553	691	38.390397	-25.171840	1.001399e+05	1.592285e+01	5.865766e+03	5.801602e+03	1.092261e+04	1.087099e+04	3.008856e+02	9.648842e-05	2020	2	24	6
	1551	687	38.109148	-25.546839	1.000865e+05	1.780045e+01	5.862813e+03	5.790028e+03	1.092092e+04	1.086119e+04	3.014200e+02	1.178828e-04	2020	2	24	12
	1547	685	37.546648	-25.734339	1.001080e+05	1.729019e+01	5.879635e+03	5.788535e+03	1.095386e+04	1.087381e+04	3.015132e+02	1.152843e-04	2020	2	24	18
	1543	688	36.984149	-25.453090	1.000780e+05	1.847749e+01	5.865695e+03	5.780614e+03	1.090439e+04	1.086047e+04	3.009480e+02	1.400900e-04	2020	2	25	0
	1537	691	36.140400	-25.171840	1.000441e+05	1.797649e+01	5.878894e+03	5.791362e+03	1.091869e+04	1.086933e+04	3.010623e+02	1.956262e-04	2020	2	25	6
	1534	692	35.718525	-25.078090	1.000408e+05	1.729063e+01	5.870975e+03	5.768542e+03	1.092661e+04	1.086126e+04	3.012578e+02	1.380810e-04	2020	2	25	12
	1532	698	35.437275	-24.515591	9.987022e+04	1.852710e+01	5.878189e+03	5.771124e+03	1.093493e+04	1.088646e+04	3.014003e+02	1.040606e-04	2020	2	25	18
	1524	707	34.312277	-23.671842	9.992514e+04	1.791742e+01	5.876787e+03	5.768189e+03	1.093196e+04	1.086799e+04	3.014193e+02	1.803217e-04	2020	2	26	0
	1517	714	33.327903	-23.015593	1.000532e+05	1.164215e+01	5.888232e+03	5.783864e+03	1.093313e+04	1.087931e+04	3.008599e+02	1.961855e-04	2020	2	26	6
	1511	721	32.484154	-22.359344	1.001661e+05	1.112304e+01	5.882059e+03	5.777456e+03	1.095092e+04	1.087550e+04	3.105100e+02	1.598829e-04	2020	2	26	12
	1502	730	31.218530	-21.515595	1.003526e+05	1.192744e+01	5.885392e+03	5.801982e+03	1.094781e+04	1.089146e+04	3.022657e+02	2.139729e-04	2020	2	26	18
	1491	739	29.671657	-20.671846	1.006946e+05	1.115951e+01	5.870900e+03	5.802461e+03	1.093483e+04	1.087829e+04	2.976194e+02	1.776227e-04	2020	2	27	0
	1479	744	27.984158	-20.203097	1.008453e+05	1.079946e+01	5.873104e+03	5.813675e+03	1.093137e+04	1.088412e+04	2.991680e+02	1.418404e-04	2020	2	27	6
	1472	742	26.999784	-20.390597	1.008041e+05	1.076263e+01	5.872145e+03	5.808365e+03	1.096290e+04	1.087801e+04	3.083706e+02	1.072376e-04	2020	2	27	12
start	34	2020	2	26	18
	2397	796	157.077774	-15.328104	1.002193e+05	1.708507e+01	5.848473e+03	5.786520e+03	1.095746e+04	1.088353e+04	3.024416e+02	4.326791e-04	2020	2	26	18
	2399	795	157.359023	-15.421854	1.005021e+05	1.682685e+01	5.869784e+03	5.815601e+03	1.098969e+04	1.090883e+04	3.023282e+02	3.955055e-04	2020	2	27	0
	2408	795	158.624647	-15.421854	1.002023e+05	1.765689e+01	5.843102e+03	5.800246e+03	1.094559e+04	1.089662e+04	3.023134e+02	4.102132e-04	2020	2	27	6
	2421	800	160.452770	-14.953104	1.003682e+05	1.871158e+01	5.862559e+03	5.808431e+03	1.096284e+04	1.091519e+04	3.023535e+02	3.990112e-04	2020	2	27	12
	2431	803	161.859019	-14.671855	1.001819e+05	1.734738e+01	5.846196e+03	5.803722e+03	1.095252e+04	1.090306e+04	3.022646e+02	2.978239e-04	2020	2	27	18
	2437	802	162.702768	-14.765604	1.003198e+05	1.643231e+01	5.856690e+03	5.812119e+03	1.096853e+04	1.092389e+04	3.022627e+02	2.145962e-04	2020	2	28	0
	2442	806	163.405892	-14.390605	1.000771e+05	1.577597e+01	5.846052e+03	5.791507e+03	1.097618e+04	1.090480e+04	3.025339e+02	2.239356e-04	2020	2	28	6
	2449	804	164.390266	-14.578105	1.002374e+05	1.641551e+01	5.857939e+03	5.806730e+03	1.099872e+04	1.091755e+04	3.026313e+02	2.694739e-04	2020	2	28	12
	2456	804	165.374640	-14.578105	1.000216e+05	1.673010e+01	5.854646e+03	5.800298e+03	1.097022e+04	1.090441e+04	3.027804e+02	3.213571e-04	2020	2	28	18
	2460	807	165.937140	-14.296855	1.001694e+05	1.720934e+01	5.863698e+03	5.817604e+03	1.097325e+04	1.092784e+04	3.028412e+02	2.302952e-04	2020	2	29	0
	2464	801	166.499639	-14.859354	9.992740e+04	1.680857e+01	5.851403e+03	5.808463e+03	1.097525e+04	1.091864e+04	3.030892e+02	2.275121e-04	2020	2	29	6
	2467	800	166.921513	-14.953104	1.001214e+05	1.651271e+01	5.876239e+03	5.819787e+03	1.101502e+04	1.092338e+04	3.028673e+02	2.822875e-04	2020	2	29	12
	2464	795	166.499639	-15.421854	9.986898e+04	1.553411e+01	5.858370e+03	5.793078e+03	1.101346e+04	1.091293e+04	3.027067e+02	2.512203e-04	2020	2	29	18
	2463	792	166.359014	-15.703103	9.999052e+04	1.884948e+01	5.866307e+03	5.795436e+03	1.096818e+04	1.091645e+04	3.033365e+02	2.067231e-04	2020	3	1	0
	2462	793	166.218389	-15.609353	9.966776e+04	1.972029e+01	5.860504e+03	5.778346e+03	1.097316e+04	1.091881e+04	3.029160e+02	2.075610e-04	2020	3	1	6
	2462	793	166.218389	-15.609353	9.970406e+04	2.275103e+01	5.868216e+03	5.789708e+03	1.101213e+04	1.092763e+04	3.026187e+02	2.828979e-04	2020	3	1	12
	2460	791	165.937140	-15.796853	9.935387e+04	2.179040e+01	5.861548e+03	5.778928e+03	1.099377e+04	1.091260e+04	3.025221e+02	2.084913e-04	2020	3	1	18
	2459	788	165.796515	-16.078103	9.931111e+04	2.462455e+01	5.872382e+03	5.786206e+03	1.097083e+04	1.092337e+04	3.025389e+02	2.139131e-04	2020	3	2	0
	2458	781	165.655890	-16.734352	9.915275e+04	2.361493e+01	5.863688e+03	5.758123e+03	1.097889e+04	1.090786e+04	3.023805e+02	1.867699e-04	2020	3	2	6
	2457	779	165.515265	-16.921851	9.924638e+04	2.773200e+01	5.876243e+03	5.761035e+03	1.098412e+04	1.090366e+04	3.022271e+02	2.035568e-04	2020	3	2	12
	2459	773	165.796515	-17.484351	9.885913e+04	2.208258e+01	5.860353e+03	5.734108e+03	1.094729e+04	1.088986e+04	3.022072e+02	1.722652e-04	2020	3	2	18
	2461	767	166.077764	-18.046850	9.895491e+04	2.805373e+01	5.870421e+03	5.739042e+03	1.097324e+04	1.089091e+04	3.022104e+02	1.842828e-04	2020	3	3	0
	2462	757	166.218389	-18.984349	9.865497e+04	2.599389e+01	5.860732e+03	5.695116e+03	1.096997e+04	1.086444e+04	3.022446e+02	1.740988e-04	2020	3	3	6
	2464	747	166.499639	-19.921847	9.863766e+04	2.619414e+01	5.873714e+03	5.711976e+03	1.096911e+04	1.089362e+04	3.020125e+02	2.526824e-04	2020	3	3	12
	2469	733	167.202763	-21.234345	9.809593e+04	2.951176e+01	5.857739e+03	5.657743e+03	1.097628e+04	1.084907e+04	3.014348e+02	3.724816e-04	2020	3	3	18
	2474	714	167.905887	-23.015593	9.801531e+04	3.228792e+01	5.862958e+03	5.667842e+03	1.095122e+04	1.082111e+04	3.007187e+02	3.834221e-04	2020	3	4	0
	2481	697	168.890261	-24.609341	9.795828e+04	3.399472e+01	5.858045e+03	5.716996e+03	1.100215e+04	1.078728e+04	3.005549e+02	4.685147e-04	2020	3	4	6
	2484	687	169.312136	-25.546839	9.877971e+04	3.585752e+01	5.869950e+03	5.759486e+03	1.096691e+04	1.078421e+04	3.001679e+02	4.274625e-04	2020	3	4	12
	2494	677	170.718385	-26.484338	9.941426e+04	3.040610e+01	5.869194e+03	5.748672e+03	1.096017e+04	1.079049e+04	2.991241e+02	3.683747e-04	2020	3	4	18
	2503	658	171.984008	-28.265586	9.968809e+04	2.714660e+01	5.876193e+03	5.748189e+03	1.097518e+04	1.077789e+04	2.988564e+02	3.816730e-04	2020	3	5	0
	2511	640	173.109007	-29.953083	9.918862e+04	3.063124e+01	5.862087e+03	5.700475e+03	1.095803e+04	1.073334e+04	2.987930e+02	3.302634e-04	2020	3	5	6
	2521	629	174.515256	-30.984332	9.935459e+04	2.597669e+01	5.861308e+03	5.721798e+03	1.095446e+04	1.070845e+04	2.986685e+02	2.505922e-04	2020	3	5	12
	2526	616	175.218380	-32.203080	9.898645e+04	3.059893e+01	5.838995e+03	5.684093e+03	1.093091e+04	1.066047e+04	2.978683e+02	2.691397e-04	2020	3	5	18
	2535	615	176.484004	-32.296830	9.916396e+04	2.720773e+01	5.843557e+03	5.691833e+03	1.092977e+04	1.065764e+04	2.977274e+02	2.125996e-04	2020	3	6	0
start	27	2020	2	28	12
	2007	798	102.234081	-15.140604	1.002975e+05	1.683992e+01	5.857276e+03	5.789427e+03	1.092668e+04	1.087663e+04	3.031350e+02	3.522673e-04	2020	2	28	12
	2022	798	104.343454	-15.140604	1.002308e+05	1.656361e+01	5.853121e+03	5.784780e+03	1.093772e+04	1.084879e+04	3.026210e+02	2.569616e-04	2020	2	28	18
	2026	798	104.905953	-15.140604	1.000629e+05	2.111837e+01	5.846338e+03	5.780349e+03	1.093382e+04	1.085671e+04	3.025396e+02	3.676568e-04	2020	2	29	0
	2036	809	106.312202	-14.109355	9.999716e+04	2.350039e+01	5.848254e+03	5.766431e+03	1.093025e+04	1.086611e+04	3.027445e+02	3.907318e-04	2020	2	29	6
	2051	800	108.421574	-14.953104	9.976302e+04	2.316465e+01	5.847885e+03	5.780991e+03	1.094492e+04	1.088316e+04	3.027407e+02	3.175556e-04	2020	2	29	12
	2053	794	108.702824	-15.515603	9.975098e+04	2.057309e+01	5.843381e+03	5.762503e+03	1.093761e+04	1.086600e+04	3.028355e+02	2.850002e-04	2020	2	29	18
	2057	798	109.265324	-15.140604	9.961875e+04	2.216887e+01	5.850992e+03	5.742865e+03	1.096121e+04	1.085978e+04	3.028441e+02	3.632577e-04	2020	3	1	0
	2064	790	110.249698	-15.890603	9.949172e+04	2.267284e+01	5.846482e+03	5.742884e+03	1.095815e+04	1.087474e+04	3.033242e+02	3.649498e-04	2020	3	1	6
	2062	780	109.968448	-16.828102	9.927808e+04	2.480532e+01	5.857220e+03	5.760121e+03	1.094082e+04	1.088445e+04	3.032386e+02	2.378334e-04	2020	3	1	12
	2060	775	109.687198	-17.296851	9.932459e+04	2.270085e+01	5.854414e+03	5.747089e+03	1.094678e+04	1.088092e+04	3.030400e+02	2.122633e-04	2020	3	1	18
	2061	767	109.827823	-18.046850	9.924510e+04	2.310972e+01	5.874103e+03	5.762770e+03	1.095805e+04	1.087710e+04	3.029341e+02	2.008592e-04	2020	3	2	0
	2056	764	109.124699	-18.328100	9.929205e+04	2.171340e+01	5.863525e+03	5.771068e+03	1.096452e+04	1.089088e+04	3.032641e+02	1.634579e-04	2020	3	2	6
	2053	764	108.702824	-18.328100	9.920243e+04	2.282205e+01	5.877757e+03	5.795122e+03	1.099221e+04	1.090729e+04	3.034392e+02	1.343178e-04	2020	3	2	12
	2048	766	107.999700	-18.140600	9.933873e+04	2.515196e+01	5.871200e+03	5.740099e+03	1.094623e+04	1.087188e+04	3.028739e+02	1.946388e-04	2020	3	2	18
	2036	767	106.312202	-18.046850	9.909302e+04	2.817011e+01	5.877363e+03	5.712411e+03	1.095735e+04	1.085519e+04	3.023175e+02	2.589243e-04	2020	3	3	0
	2032	770	105.749702	-17.765600	9.919080e+04	3.113633e+01	5.882000e+03	5.755976e+03	1.095631e+04	1.088739e+04	3.020553e+02	2.240080e-04	2020	3	3	6
	2030	756	105.468453	-19.078098	9.917711e+04	2.474982e+01	5.893712e+03	5.797463e+03	1.097601e+04	1.091080e+04	3.019500e+02	7.675276e-05	2020	3	3	12
	2023	755	104.484079	-19.171848	9.935450e+04	2.497180e+01	5.889062e+03	5.776933e+03	1.096905e+04	1.089944e+04	3.013116e+02	1.548605e-04	2020	3	3	18
	2018	746	103.780954	-20.015597	9.935320e+04	2.291430e+01	5.887871e+03	5.778930e+03	1.097024e+04	1.089886e+04	3.013679e+02	1.709474e-04	2020	3	4	0
	2006	740	102.093456	-20.578096	9.942552e+04	2.738778e+01	5.873947e+03	5.741642e+03	1.096614e+04	1.088495e+04	3.013256e+02	1.410869e-04	2020	3	4	6
	2006	724	102.093456	-22.078094	9.937271e+04	2.544640e+01	5.889485e+03	5.782104e+03	1.096854e+04	1.090288e+04	3.009587e+02	9.808745e-05	2020	3	4	12
	1999	706	101.109082	-23.765592	9.955523e+04	2.432178e+01	5.883519e+03	5.782758e+03	1.098538e+04	1.089692e+04	3.000897e+02	1.530130e-04	2020	3	4	18
	1994	688	100.405958	-25.453090	9.964875e+04	2.162451e+01	5.883006e+03	5.785221e+03	1.095118e+04	1.088456e+04	2.990896e+02	1.801105e-04	2020	3	5	0
	1990	670	99.843458	-27.140587	9.987428e+04	2.205799e+01	5.877893e+03	5.789416e+03	1.096707e+04	1.087060e+04	2.986082e+02	1.796734e-04	2020	3	5	6
	1990	650	99.843458	-29.015585	9.979310e+04	2.482349e+01	5.883890e+03	5.782290e+03	1.095842e+04	1.086293e+04	2.982181e+02	2.311196e-04	2020	3	5	12
	1994	628	100.405958	-31.078082	1.000176e+05	3.032200e+01	5.880483e+03	5.765690e+03	1.093605e+04	1.081833e+04	2.972865e+02	3.019934e-04	2020	3	5	18
	1993	612	100.265333	-32.578080	9.974120e+04	2.614999e+01	5.879277e+03	5.764375e+03	1.092394e+04	1.077781e+04	2.953154e+02	2.433024e-04	2020	3	6	0
start	80	2020	2	29	0
	2320	819	146.249660	-13.171857	1.003745e+05	2.030336e+01	5.856523e+03	5.802846e+03	1.097692e+04	1.091262e+04	3.024901e+02	2.616086e-04	2020	2	29	0
	2340	806	149.062157	-14.390605	1.000982e+05	2.012491e+01	5.845661e+03	5.785136e+03	1.094107e+04	1.089595e+04	3.025113e+02	3.450243e-04	2020	2	29	6
	2334	810	148.218408	-14.015606	1.002803e+05	2.132631e+01	5.864748e+03	5.823252e+03	1.096836e+04	1.091732e+04	3.022398e+02	1.974075e-04	2020	2	29	12
	2328	814	147.374659	-13.640606	1.000308e+05	2.079950e+01	5.844210e+03	5.803961e+03	1.094050e+04	1.089225e+04	3.019707e+02	2.414244e-04	2020	2	29	18
	2326	817	147.093409	-13.359356	1.001805e+05	2.012820e+01	5.868860e+03	5.819553e+03	1.097196e+04	1.090801e+04	3.019394e+02	2.716920e-04	2020	3	1	0
	2325	811	146.952784	-13.921856	1.000116e+05	2.086135e+01	5.855268e+03	5.792982e+03	1.096119e+04	1.089440e+04	3.021827e+02	3.051628e-04	2020	3	1	6
	2320	812	146.249660	-13.828106	1.001603e+05	2.286045e+01	5.873894e+03	5.817091e+03	1.097812e+04	1.091363e+04	3.022215e+02	3.547897e-04	2020	3	1	12
	2308	816	144.562162	-13.453106	9.996438e+04	2.129363e+01	5.856076e+03	5.769840e+03	1.094439e+04	1.088255e+04	3.016646e+02	2.940263e-04	2020	3	1	18
	2309	813	144.702787	-13.734356	9.999505e+04	2.323351e+01	5.880655e+03	5.807701e+03	1.097179e+04	1.091416e+04	3.013479e+02	2.938020e-04	2020	3	2	0
	2302	810	143.718413	-14.015606	9.999051e+04	1.654311e+01	5.859111e+03	5.793997e+03	1.094134e+04	1.089669e+04	3.015117e+02	1.784473e-04	2020	3	2	6
	2297	818	143.015288	-13.265607	1.003950e+05	1.240626e+01	5.879263e+03	5.827322e+03	1.094816e+04	1.090810e+04	3.016319e+02	1.362314e-04	2020	3	2	12
	2291	817	142.171539	-13.359356	1.004367e+05	1.428483e+01	5.860480e+03	5.815388e+03	1.093522e+04	1.088517e+04	3.016993e+02	1.780373e-04	2020	3	2	18
	2286	817	141.468415	-13.359356	1.005886e+05	1.587148e+01	5.880259e+03	5.829448e+03	1.094406e+04	1.091175e+04	3.018622e+02	1.661538e-04	2020	3	3	0
	2277	818	140.202791	-13.265607	1.003253e+05	1.930866e+01	5.857048e+03	5.817103e+03	1.093695e+04	1.090388e+04	3.021749e+02	2.190733e-04	2020	3	3	6
	2274	822	139.780917	-12.890607	1.004398e+05	2.168890e+01	5.876144e+03	5.839609e+03	1.095567e+04	1.090999e+04	3.024016e+02	1.665030e-04	2020	3	3	12
	2265	827	138.515293	-12.421858	1.001993e+05	2.088811e+01	5.856701e+03	5.809264e+03	1.094094e+04	1.089209e+04	3.025934e+02	2.346918e-04	2020	3	3	18
	2258	831	137.530919	-12.046858	9.996551e+04	2.426499e+01	5.878433e+03	5.819576e+03	1.095136e+04	1.090879e+04	3.027243e+02	2.372104e-04	2020	3	4	0
	2252	828	136.687170	-12.328108	9.981525e+04	2.237999e+01	5.859317e+03	5.787018e+03	1.094428e+04	1.088871e+04	3.029079e+02	1.553893e-04	2020	3	4	6
	2246	830	135.843421	-12.140608	9.994709e+04	2.050648e+01	5.879230e+03	5.788253e+03	1.096151e+04	1.090815e+04	3.029066e+02	1.857330e-04	2020	3	4	12
	2238	831	134.718422	-12.046858	9.998817e+04	1.936054e+01	5.862216e+03	5.776897e+03	1.092961e+04	1.087590e+04	3.022003e+02	2.796234e-04	2020	3	4	18
	2229	834	133.452798	-11.765609	1.001983e+05	2.185742e+01	5.880320e+03	5.811829e+03	1.095867e+04	1.090161e+04	3.019403e+02	3.449614e-04	2020	3	5	0
	2223	830	132.609049	-12.140608	1.002586e+05	1.444031e+01	5.859073e+03	5.800267e+03	1.093001e+04	1.087964e+04	3.023683e+02	2.003808e-04	2020	3	5	6
	2217	831	131.765300	-12.046858	1.003498e+05	1.556895e+01	5.880481e+03	5.808636e+03	1.093668e+04	1.089970e+04	3.027217e+02	1.445841e-04	2020	3	5	12
	2209	832	130.640301	-11.953108	1.003686e+05	1.445994e+01	5.857299e+03	5.807219e+03	1.091552e+04	1.087306e+04	3.031523e+02	2.212534e-04	2020	3	5	18
	2203	831	129.796552	-12.046858	1.004411e+05	1.860188e+01	5.881873e+03	5.821883e+03	1.094979e+04	1.090371e+04	3.031497e+02	2.429654e-04	2020	3	6	0
	2191	834	128.109054	-11.765609	9.990259e+04	2.224173e+01	5.857266e+03	5.780188e+03	1.093632e+04	1.086740e+04	3.031581e+02	2.173790e-04	2020	3	6	6
	2190	834	127.968429	-11.765609	1.000703e+05	1.726188e+01	5.868197e+03	5.804105e+03	1.093484e+04	1.089617e+04	3.030610e+02	1.954710e-04	2020	3	6	12
	2184	836	127.124680	-11.578109	1.000850e+05	1.852443e+01	5.851444e+03	5.775020e+03	1.092068e+04	1.086595e+04	3.027135e+02	2.917828e-04	2020	3	6	18
	2184	836	127.124680	-11.578109	9.994809e+04	2.282826e+01	5.863592e+03	5.794139e+03	1.091783e+04	1.087209e+04	3.024885e+02	2.985343e-04	2020	3	7	0
	2174	831	125.718431	-12.046858	1.001084e+05	2.187820e+01	5.856044e+03	5.773872e+03	1.091910e+04	1.086876e+04	3.033174e+02	1.640156e-04	2020	3	7	6
	2168	827	124.874682	-12.421858	1.000287e+05	2.272438e+01	5.872321e+03	5.777095e+03	1.095044e+04	1.088001e+04	3.036176e+02	1.594365e-04	2020	3	7	12
	2157	828	123.327809	-12.328108	1.000047e+05	2.396717e+01	5.855091e+03	5.761835e+03	1.090135e+04	1.084157e+04	3.035050e+02	1.743937e-04	2020	3	7	18
	2154	828	122.905934	-12.328108	9.995065e+04	2.236195e+01	5.875207e+03	5.783727e+03	1.092974e+04	1.087737e+04	3.033185e+02	1.623282e-04	2020	3	8	0
	2149	830	122.202810	-12.140608	9.979723e+04	2.483138e+01	5.855069e+03	5.783249e+03	1.093779e+04	1.086263e+04	3.030892e+02	1.753514e-04	2020	3	8	6
	2144	830	121.499686	-12.140608	9.974419e+04	2.380070e+01	5.867666e+03	5.795171e+03	1.098148e+04	1.087213e+04	3.028137e+02	2.911565e-04	2020	3	8	12
	2136	836	120.374687	-11.578109	9.949859e+04	2.704945e+01	5.849546e+03	5.745411e+03	1.094168e+04	1.085414e+04	3.028626e+02	3.830028e-04	2020	3	8	18
	2129	829	119.390313	-12.234358	9.933334e+04	2.703177e+01	5.861420e+03	5.750124e+03	1.092353e+04	1.086155e+04	3.030434e+02	4.242543e-04	2020	3	9	0
	2120	829	118.124689	-12.234358	9.900059e+04	2.650200e+01	5.847145e+03	5.712909e+03	1.093206e+04	1.084629e+04	3.030767e+02	3.676110e-04	2020	3	9	6
	2111	828	116.859066	-12.328108	9.849597e+04	2.897441e+01	5.865801e+03	5.715871e+03	1.095011e+04	1.085223e+04	3.029912e+02	3.145071e-04	2020	3	9	12
	2103	827	115.734067	-12.421858	9.828305e+04	3.076361e+01	5.846996e+03	5.663997e+03	1.093646e+04	1.082692e+04	3.026969e+02	3.498726e-04	2020	3	9	18
	2095	826	114.609068	-12.515608	9.797670e+04	3.344235e+01	5.862474e+03	5.675105e+03	1.093980e+04	1.084273e+04	3.024421e+02	5.656665e-04	2020	3	10	0
	2091	824	114.046569	-12.703107	9.784962e+04	3.365758e+01	5.846214e+03	5.653504e+03	1.091613e+04	1.080937e+04	3.022878e+02	4.780341e-04	2020	3	10	6
	2083	819	112.921570	-13.171857	9.728092e+04	3.585852e+01	5.858760e+03	5.643078e+03	1.095649e+04	1.079817e+04	3.025816e+02	4.335283e-04	2020	3	10	12
	2072	813	111.374696	-13.734356	9.726436e+04	3.575106e+01	5.849029e+03	5.611443e+03	1.090877e+04	1.078968e+04	3.024112e+02	3.552593e-04	2020	3	10	18
	2060	808	109.687198	-14.203105	9.633651e+04	4.365593e+01	5.853668e+03	5.561067e+03	1.090957e+04	1.076192e+04	3.021057e+02	5.009596e-04	2020	3	11	0
	2048	805	107.999700	-14.484355	9.589214e+04	3.924957e+01	5.847642e+03	5.520632e+03	1.091151e+04	1.073781e+04	3.021099e+02	4.373088e-04	2020	3	11	6
	2039	803	106.734076	-14.671855	9.478705e+04	4.759791e+01	5.852149e+03	5.467037e+03	1.091734e+04	1.070976e+04	3.019780e+02	3.875965e-04	2020	3	11	12
	2029	798	105.327828	-15.140604	9.478880e+04	4.667907e+01	5.850524e+03	5.446192e+03	1.091078e+04	1.071093e+04	3.017371e+02	3.566340e-04	2020	3	11	18
	2018	794	103.780954	-15.515603	9.391918e+04	5.105519e+01	5.853833e+03	5.408261e+03	1.091206e+04	1.067557e+04	3.018827e+02	4.056538e-04	2020	3	12	0
	2007	789	102.234081	-15.984353	9.351698e+04	4.731807e+01	5.849304e+03	5.366532e+03	1.090480e+04	1.065213e+04	3.021581e+02	4.102486e-04	2020	3	12	6
	1996	783	100.687208	-16.546852	9.343216e+04	4.958052e+01	5.862819e+03	5.339826e+03	1.092451e+04	1.064383e+04	3.018183e+02	3.973395e-04	2020	3	12	12
	1986	775	99.280959	-17.296851	9.340781e+04	5.039881e+01	5.854470e+03	5.337503e+03	1.090662e+04	1.064080e+04	3.019409e+02	4.096299e-04	2020	3	12	18
	1974	769	97.593461	-17.859350	9.250944e+04	5.563298e+01	5.849008e+03	5.283266e+03	1.089627e+04	1.059168e+04	3.020125e+02	4.910490e-04	2020	3	13	0
	1964	764	96.187212	-18.328100	9.219991e+04	5.836850e+01	5.842936e+03	5.243474e+03	1.090063e+04	1.057288e+04	3.018880e+02	4.225574e-04	2020	3	13	6
	1955	758	94.921589	-18.890599	9.134967e+04	6.001223e+01	5.840448e+03	5.221761e+03	1.090026e+04	1.056124e+04	3.014396e+02	3.858465e-04	2020	3	13	12
	1946	749	93.655965	-19.734348	9.158116e+04	5.966570e+01	5.840271e+03	5.210300e+03	1.089239e+04	1.056036e+04	3.005904e+02	4.587646e-04	2020	3	13	18
	1941	741	92.952841	-20.484347	9.142813e+04	6.296324e+01	5.832109e+03	5.217141e+03	1.087958e+04	1.057068e+04	3.001433e+02	4.064128e-04	2020	3	14	0
	1936	730	92.249716	-21.515595	9.180107e+04	6.217498e+01	5.836338e+03	5.246695e+03	1.088735e+04	1.060788e+04	2.998876e+02	3.505808e-04	2020	3	14	6
	1932	718	91.687217	-22.640594	9.209838e+04	6.055132e+01	5.834117e+03	5.266189e+03	1.088966e+04	1.062677e+04	2.994590e+02	3.531082e-04	2020	3	14	12
	1929	707	91.265342	-23.671842	9.283131e+04	5.817329e+01	5.831164e+03	5.322983e+03	1.089403e+04	1.066439e+04	2.989466e+02	3.372249e-04	2020	3	14	18
	1928	697	91.124717	-24.609341	9.348609e+04	5.470307e+01	5.831083e+03	5.353083e+03	1.088641e+04	1.068478e+04	2.987026e+02	3.651635e-04	2020	3	15	0
	1929	682	91.265342	-26.015589	9.433866e+04	5.315865e+01	5.836675e+03	5.396467e+03	1.089725e+04	1.071487e+04	2.983896e+02	3.954381e-04	2020	3	15	6
	1933	667	91.827842	-27.421837	9.480420e+04	4.906415e+01	5.846147e+03	5.435356e+03	1.089435e+04	1.071865e+04	2.978590e+02	4.113890e-04	2020	3	15	12
	1939	650	92.671591	-29.015585	9.542927e+04	4.794620e+01	5.851510e+03	5.458224e+03	1.090142e+04	1.070838e+04	2.976993e+02	4.654968e-04	2020	3	15	18
	1949	634	94.077839	-30.515583	9.615770e+04	4.443937e+01	5.851909e+03	5.549277e+03	1.089714e+04	1.067319e+04	2.971353e+02	5.668955e-04	2020	3	16	0
	1965	618	96.327837	-32.015581	9.647885e+04	4.072930e+01	5.857393e+03	5.535555e+03	1.089854e+04	1.065274e+04	2.955794e+02	5.076468e-04	2020	3	16	6
	1982	603	98.718460	-33.421829	9.669321e+04	4.412817e+01	5.860002e+03	5.530890e+03	1.088758e+04	1.060905e+04	2.950248e+02	4.940021e-04	2020	3	16	12
	2001	590	101.390332	-34.640577	9.684418e+04	4.286194e+01	5.844460e+03	5.501950e+03	1.086262e+04	1.055702e+04	2.939456e+02	3.952797e-04	2020	3	16	18
	2021	579	104.202829	-35.671825	9.666791e+04	3.927450e+01	5.817605e+03	5.464753e+03	1.082223e+04	1.051210e+04	2.951512e+02	4.006942e-04	2020	3	17	0
	2042	575	107.155951	-36.046825	9.651969e+04	4.018342e+01	5.794371e+03	5.433931e+03	1.078711e+04	1.047891e+04	2.949464e+02	2.425313e-04	2020	3	17	6
	2066	573	110.530947	-36.234325	9.666588e+04	3.776730e+01	5.779693e+03	5.438790e+03	1.076487e+04	1.045337e+04	2.954621e+02	2.066771e-04	2020	3	17	12
	2084	567	113.062195	-36.796824	9.664269e+04	3.263484e+01	5.730682e+03	5.430275e+03	1.069542e+04	1.041751e+04	2.954365e+02	2.313282e-04	2020	3	17	18
	2100	562	115.312192	-37.265573	9.656720e+04	3.291585e+01	5.704608e+03	5.418911e+03	1.064970e+04	1.042417e+04	2.955904e+02	2.222014e-04	2020	3	18	0
	2112	562	116.999691	-37.265573	9.654620e+04	3.521550e+01	5.696764e+03	5.409653e+03	1.064118e+04	1.042028e+04	2.955246e+02	1.692880e-04	2020	3	18	6
	2131	553	119.671563	-38.109322	9.661331e+04	3.223800e+01	5.701792e+03	5.424042e+03	1.063951e+04	1.041871e+04	2.943762e+02	1.633725e-04	2020	3	18	12
	2146	543	121.780936	-39.046821	9.672695e+04	3.139823e+01	5.682914e+03	5.415982e+03	1.060629e+04	1.035631e+04	2.937939e+02	1.074719e-04	2020	3	18	18
	2167	528	124.734057	-40.453069	9.678784e+04	2.942769e+01	5.686442e+03	5.408508e+03	1.061145e+04	1.028849e+04	2.918853e+02	1.533718e-04	2020	3	19	0
	2194	509	128.530928	-42.234316	9.698827e+04	3.051790e+01	5.689256e+03	5.386745e+03	1.060421e+04	1.020478e+04	2.897217e+02	1.050423e-04	2020	3	19	6
	2227	475	133.171549	-45.421812	9.707668e+04	3.027202e+01	5.681809e+03	5.275878e+03	1.056881e+04	1.006743e+04	2.879337e+02	1.495514e-04	2020	3	19	12
	2262	426	138.093419	-50.015555	9.657209e+04	3.196068e+01	5.600689e+03	5.131122e+03	1.046040e+04	9.888426e+03	2.841700e+02	1.793567e-04	2020	3	19	18
start	38	2020	3	1	0
	1698	743	58.781001	-20.296847	1.000869e+05	1.697932e+01	5.817001e+03	5.725006e+03	1.088467e+04	1.071192e+04	3.013483e+02	2.862099e-04	2020	3	1	0
	1697	732	58.640376	-21.328095	1.000009e+05	1.782738e+01	5.825468e+03	5.735737e+03	1.087991e+04	1.071089e+04	3.010442e+02	2.816995e-04	2020	3	1	6
	1689	721	57.515377	-22.359344	9.956918e+04	1.932250e+01	5.799510e+03	5.694457e+03	1.084992e+04	1.069312e+04	3.007459e+02	2.803744e-04	2020	3	1	12
	1684	717	56.812253	-22.734343	9.940590e+04	2.559933e+01	5.807869e+03	5.693841e+03	1.085975e+04	1.072569e+04	3.001566e+02	3.040214e-04	2020	3	1	18
	1664	721	53.999756	-22.359344	9.931622e+04	2.360420e+01	5.794048e+03	5.681761e+03	1.082376e+04	1.071100e+04	3.000073e+02	1.670311e-04	2020	3	2	0
	1666	730	54.281006	-21.515595	9.939987e+04	2.068535e+01	5.810391e+03	5.702134e+03	1.085152e+04	1.073680e+04	2.999482e+02	1.503161e-04	2020	3	2	6
	1667	731	54.421631	-21.421845	9.925780e+04	2.396052e+01	5.793088e+03	5.686340e+03	1.084012e+04	1.074087e+04	3.001301e+02	1.337396e-04	2020	3	2	12
	1675	722	55.546630	-22.265594	9.937042e+04	2.299742e+01	5.806167e+03	5.708340e+03	1.085831e+04	1.076287e+04	2.999760e+02	1.645665e-04	2020	3	2	18
	1669	730	54.702880	-21.515595	9.931597e+04	2.355907e+01	5.797362e+03	5.702791e+03	1.087597e+04	1.074966e+04	2.999147e+02	1.451456e-04	2020	3	3	0
	1677	728	55.827879	-21.703095	9.955344e+04	1.895528e+01	5.827269e+03	5.731034e+03	1.088473e+04	1.077919e+04	3.000546e+02	9.151084e-05	2020	3	3	6
	1673	717	55.265380	-22.734343	9.928478e+04	1.880761e+01	5.804292e+03	5.705438e+03	1.086065e+04	1.077276e+04	3.001537e+02	1.788265e-04	2020	3	3	12
	1676	716	55.687254	-22.828093	9.952159e+04	1.944498e+01	5.836394e+03	5.717878e+03	1.090513e+04	1.079703e+04	2.998643e+02	2.701817e-04	2020	3	3	18
	1673	711	55.265380	-23.296843	9.938834e+04	2.135270e+01	5.813754e+03	5.713584e+03	1.087206e+04	1.078219e+04	2.997448e+02	2.364405e-04	2020	3	4	0
	1669	705	54.702880	-23.859342	9.963644e+04	2.439007e+01	5.834783e+03	5.737600e+03	1.088728e+04	1.081811e+04	2.994034e+02	1.765170e-04	2020	3	4	6
	1660	706	53.437257	-23.765592	9.958332e+04	2.185905e+01	5.827328e+03	5.734327e+03	1.087734e+04	1.081161e+04	2.996416e+02	1.557736e-04	2020	3	4	12
	1655	715	52.734132	-22.921843	9.976872e+04	2.139921e+01	5.840860e+03	5.753095e+03	1.089037e+04	1.082586e+04	2.996768e+02	1.446058e-04	2020	3	4	18
	1651	724	52.171633	-22.078094	9.965173e+04	1.903558e+01	5.825976e+03	5.740410e+03	1.087416e+04	1.081313e+04	2.996635e+02	1.514395e-04	2020	3	5	0
	1648	731	51.749758	-21.421845	9.987120e+04	1.887076e+01	5.846368e+03	5.767410e+03	1.090015e+04	1.084089e+04	3.001904e+02	9.611618e-05	2020	3	5	6
	1647	730	51.609134	-21.515595	9.984470e+04	1.856320e+01	5.846442e+03	5.766315e+03	1.088571e+04	1.082385e+04	3.002840e+02	1.183253e-04	2020	3	5	12
	1645	735	51.327884	-21.046846	1.000013e+05	1.981788e+01	5.854487e+03	5.775509e+03	1.092853e+04	1.085038e+04	3.001949e+02	2.123745e-04	2020	3	5	18
	1644	740	51.187259	-20.578096	9.988225e+04	2.044593e+01	5.839715e+03	5.771843e+03	1.088590e+04	1.083415e+04	3.001222e+02	1.975938e-04	2020	3	6	0
	1642	738	50.906009	-20.765596	1.001042e+05	1.975320e+01	5.858461e+03	5.801281e+03	1.091021e+04	1.083601e+04	3.001059e+02	1.753408e-04	2020	3	6	6
	1640	740	50.624760	-20.578096	1.000021e+05	2.155580e+01	5.845121e+03	5.785031e+03	1.090107e+04	1.082911e+04	3.003699e+02	1.689283e-04	2020	3	6	12
	1640	740	50.624760	-20.578096	1.000870e+05	2.380784e+01	5.863813e+03	5.797989e+03	1.093123e+04	1.084113e+04	3.002846e+02	3.505932e-04	2020	3	6	18
	1637	745	50.202885	-20.109347	9.986642e+04	2.935132e+01	5.839520e+03	5.765427e+03	1.089276e+04	1.084441e+04	3.005606e+02	3.320149e-04	2020	3	7	0
	1640	745	50.624760	-20.109347	9.994325e+04	2.457416e+01	5.853297e+03	5.782824e+03	1.091413e+04	1.086112e+04	3.003827e+02	1.853779e-04	2020	3	7	6
	1636	741	50.062260	-20.484347	9.976058e+04	2.042373e+01	5.834470e+03	5.762805e+03	1.088671e+04	1.084280e+04	3.031478e+02	1.544873e-04	2020	3	7	12
	1634	740	49.781011	-20.578096	9.994757e+04	1.929787e+01	5.853210e+03	5.790811e+03	1.092794e+04	1.084154e+04	3.004884e+02	2.880264e-04	2020	3	7	18
	1631	741	49.359136	-20.484347	9.973145e+04	2.513162e+01	5.829627e+03	5.744037e+03	1.088156e+04	1.081270e+04	3.003424e+02	3.084767e-04	2020	3	8	0
	1629	738	49.077886	-20.765596	9.972180e+04	2.745616e+01	5.851838e+03	5.764489e+03	1.089108e+04	1.082497e+04	3.003520e+02	2.171884e-04	2020	3	8	6
	1630	738	49.218511	-20.765596	9.962056e+04	2.429405e+01	5.848356e+03	5.744834e+03	1.091128e+04	1.081799e+04	3.029150e+02	2.403875e-04	2020	3	8	12
	1628	733	48.937261	-21.234345	9.979186e+04	2.431846e+01	5.849109e+03	5.768959e+03	1.090407e+04	1.084104e+04	3.000753e+02	2.508597e-04	2020	3	8	18
	1625	731	48.515387	-21.421845	9.979648e+04	2.410736e+01	5.835029e+03	5.757245e+03	1.090008e+04	1.083352e+04	2.999399e+02	2.412958e-04	2020	3	9	0
	1621	734	47.952887	-21.140596	1.003156e+05	1.923697e+01	5.854862e+03	5.797047e+03	1.091114e+04	1.086274e+04	2.999252e+02	1.738895e-04	2020	3	9	6
	1622	734	48.093512	-21.140596	1.001844e+05	1.999654e+01	5.849587e+03	5.779265e+03	1.092536e+04	1.086193e+04	3.040045e+02	1.884158e-04	2020	3	9	12
	1621	728	47.952887	-21.703095	1.002637e+05	2.235711e+01	5.863752e+03	5.792201e+03	1.092698e+04	1.087153e+04	2.999055e+02	2.509126e-04	2020	3	9	18
	1614	726	46.968513	-21.890595	1.004034e+05	1.717551e+01	5.850638e+03	5.768715e+03	1.088524e+04	1.085310e+04	2.997192e+02	1.464937e-04	2020	3	10	0
	1612	721	46.687264	-22.359344	1.008397e+05	1.551544e+01	5.865994e+03	5.806104e+03	1.091513e+04	1.086151e+04	2.996436e+02	1.098595e-04	2020	3	10	6
start	19	2020	3	10	18
	2490	802	170.155885	-14.765604	1.004014e+05	1.354978e+01	5.859282e+03	5.797866e+03	1.094560e+04	1.088920e+04	3.035533e+02	1.985282e-04	2020	3	10	18
	2496	803	170.999634	-14.671855	1.005350e+05	1.446176e+01	5.853597e+03	5.817527e+03	1.096698e+04	1.090508e+04	3.034417e+02	1.795239e-04	2020	3	11	0
	2510	796	172.968382	-15.328104	1.003330e+05	1.562371e+01	5.844271e+03	5.806841e+03	1.093962e+04	1.088729e+04	3.040351e+02	1.550046e-04	2020	3	11	6
	2515	796	173.671506	-15.328104	1.005410e+05	1.365116e+01	5.857888e+03	5.817519e+03	1.094905e+04	1.089554e+04	3.037049e+02	1.273862e-04	2020	3	11	12
	2524	790	174.937130	-15.890603	1.003317e+05	1.394303e+01	5.856333e+03	5.804012e+03	1.094207e+04	1.088648e+04	3.036091e+02	2.086122e-04	2020	3	11	18
	2527	781	175.359005	-16.734352	1.004731e+05	1.367663e+01	5.856593e+03	5.808744e+03	1.097171e+04	1.089712e+04	3.042126e+02	1.707921e-04	2020	3	12	0
	2534	772	176.343379	-17.578101	1.002049e+05	1.616659e+01	5.859808e+03	5.797867e+03	1.095065e+04	1.089444e+04	3.040543e+02	1.953135e-04	2020	3	12	6
	2537	769	176.765253	-17.859350	1.003483e+05	1.697984e+01	5.861388e+03	5.808016e+03	1.095197e+04	1.089488e+04	3.036953e+02	1.604181e-04	2020	3	12	12
	2538	760	176.905878	-18.703099	1.001743e+05	2.219704e+01	5.864806e+03	5.788283e+03	1.094119e+04	1.088041e+04	3.035577e+02	1.979016e-04	2020	3	12	18
	2539	751	177.046503	-19.546848	1.000039e+05	2.141562e+01	5.857590e+03	5.785495e+03	1.095208e+04	1.088387e+04	3.036080e+02	1.362393e-04	2020	3	13	0
	2540	745	177.187128	-20.109347	9.971830e+04	2.522986e+01	5.867494e+03	5.768788e+03	1.095262e+04	1.086769e+04	3.038849e+02	1.186459e-04	2020	3	13	6
	2541	737	177.327753	-20.859346	9.980682e+04	2.018536e+01	5.872742e+03	5.775702e+03	1.094281e+04	1.086466e+04	3.029314e+02	1.583698e-04	2020	3	13	12
	2544	731	177.749627	-21.421845	9.960681e+04	2.275487e+01	5.870798e+03	5.762037e+03	1.093540e+04	1.085177e+04	3.027178e+02	1.844052e-04	2020	3	13	18
	2548	721	178.312127	-22.359344	9.957428e+04	2.385949e+01	5.873703e+03	5.797445e+03	1.093178e+04	1.084537e+04	3.027318e+02	9.897230e-05	2020	3	14	0
	2553	713	179.015251	-23.109343	9.953273e+04	2.264223e+01	5.861786e+03	5.791888e+03	1.097912e+04	1.082947e+04	3.026918e+02	1.232906e-04	2020	3	14	6
	2557	701	179.577750	-24.234341	9.978418e+04	2.492257e+01	5.866836e+03	5.785096e+03	1.092908e+04	1.082230e+04	3.020699e+02	1.397756e-04	2020	3	14	12
	2559	685	179.859000	-25.734339	9.967475e+04	2.332938e+01	5.868513e+03	5.784866e+03	1.092515e+04	1.079328e+04	3.007762e+02	1.533893e-04	2020	3	14	18
	1	669	-179.859375	-27.234337	9.973987e+04	2.540920e+01	5.868291e+03	5.782746e+03	1.092981e+04	1.078194e+04	3.003891e+02	1.646886e-04	2020	3	15	0
	6	659	-179.156251	-28.171836	9.999202e+04	2.001219e+01	5.888727e+03	5.766462e+03	1.093981e+04	1.075942e+04	3.004833e+02	1.174057e-04	2020	3	15	6
start	46	2020	3	11	12
	2224	883	132.749674	-7.171865	1.007064e+05	1.172650e+01	5.863429e+03	5.829177e+03	1.093380e+04	1.088035e+04	3.027084e+02	1.177875e-04	2020	3	11	12
	2227	872	133.171549	-8.203114	1.006591e+05	1.199851e+01	5.835583e+03	5.803049e+03	1.094140e+04	1.085511e+04	3.023217e+02	1.864188e-04	2020	3	11	18
	2223	865	132.609049	-8.859363	1.007258e+05	1.388786e+01	5.858396e+03	5.823926e+03	1.091461e+04	1.088244e+04	3.020620e+02	2.331303e-04	2020	3	12	0
	2217	864	131.765300	-8.953113	1.005635e+05	1.494132e+01	5.838169e+03	5.794510e+03	1.092379e+04	1.086968e+04	3.025743e+02	2.237070e-04	2020	3	12	6
	2218	862	131.905925	-9.140612	1.005804e+05	1.423818e+01	5.859062e+03	5.829707e+03	1.091842e+04	1.088802e+04	3.022497e+02	9.031291e-05	2020	3	12	12
	2209	864	130.640301	-8.953113	1.005098e+05	1.445727e+01	5.846440e+03	5.800802e+03	1.092358e+04	1.086232e+04	3.023059e+02	1.564384e-04	2020	3	12	18
	2206	868	130.218427	-8.578113	1.004761e+05	1.707722e+01	5.860675e+03	5.817649e+03	1.093256e+04	1.087150e+04	3.023554e+02	2.443769e-04	2020	3	13	0
	2202	862	129.655927	-9.140612	1.002895e+05	1.760373e+01	5.849857e+03	5.790619e+03	1.091830e+04	1.085368e+04	3.023541e+02	2.592511e-04	2020	3	13	6
	2197	861	128.952803	-9.234362	1.001781e+05	1.935220e+01	5.862557e+03	5.807583e+03	1.092211e+04	1.088525e+04	3.023766e+02	1.581802e-04	2020	3	13	12
	2192	861	128.249679	-9.234362	1.000347e+05	2.094528e+01	5.841191e+03	5.767211e+03	1.095245e+04	1.086535e+04	3.025910e+02	1.873963e-04	2020	3	13	18
	2188	858	127.687179	-9.515612	9.967789e+04	2.470214e+01	5.861710e+03	5.776493e+03	1.092512e+04	1.086991e+04	3.025970e+02	2.197288e-04	2020	3	14	0
	2182	857	126.843430	-9.609362	9.949602e+04	2.589557e+01	5.841111e+03	5.752513e+03	1.090765e+04	1.085653e+04	3.036263e+02	1.818252e-04	2020	3	14	6
	2177	856	126.140306	-9.703112	9.956304e+04	2.695774e+01	5.855944e+03	5.802405e+03	1.092218e+04	1.088890e+04	3.030014e+02	1.359021e-04	2020	3	14	12
	2172	857	125.437182	-9.609362	9.952546e+04	2.547628e+01	5.840229e+03	5.770229e+03	1.093392e+04	1.086669e+04	3.029745e+02	2.263284e-04	2020	3	14	18
	2167	854	124.734057	-9.890611	9.995696e+04	2.313470e+01	5.860135e+03	5.790032e+03	1.092944e+04	1.088486e+04	3.028281e+02	2.346476e-04	2020	3	15	0
	2158	857	123.468434	-9.609362	9.969360e+04	2.038723e+01	5.844852e+03	5.762721e+03	1.091958e+04	1.087275e+04	3.030114e+02	1.242311e-04	2020	3	15	6
	2154	858	122.905934	-9.515612	9.975010e+04	2.202634e+01	5.865723e+03	5.785427e+03	1.092899e+04	1.089210e+04	3.033037e+02	9.236525e-05	2020	3	15	12
	2147	859	121.921560	-9.421862	9.961934e+04	2.207393e+01	5.850914e+03	5.761073e+03	1.092838e+04	1.088272e+04	3.028943e+02	1.194356e-04	2020	3	15	18
	2141	859	121.077811	-9.421862	9.899398e+04	2.906167e+01	5.861296e+03	5.735394e+03	1.092998e+04	1.087642e+04	3.026697e+02	1.974894e-04	2020	3	16	0
	2131	861	119.671563	-9.234362	9.915655e+04	2.858931e+01	5.850021e+03	5.684264e+03	1.091992e+04	1.084708e+04	3.034109e+02	1.560371e-04	2020	3	16	6
	2127	862	119.109063	-9.140612	9.922058e+04	2.613527e+01	5.871038e+03	5.752489e+03	1.094894e+04	1.087884e+04	3.033571e+02	1.044530e-04	2020	3	16	12
	2119	861	117.984064	-9.234362	9.949080e+04	2.371274e+01	5.854535e+03	5.722350e+03	1.093548e+04	1.085248e+04	3.031003e+02	1.438379e-04	2020	3	16	18
	2113	861	117.140315	-9.234362	9.952406e+04	2.333032e+01	5.877397e+03	5.751361e+03	1.093357e+04	1.086358e+04	3.030570e+02	2.398294e-04	2020	3	17	0
	2108	857	116.437191	-9.609362	9.974173e+04	2.453892e+01	5.850992e+03	5.778845e+03	1.091548e+04	1.086996e+04	3.031857e+02	2.534864e-04	2020	3	17	6
	2099	854	115.171567	-9.890611	9.957339e+04	2.535744e+01	5.874605e+03	5.777240e+03	1.096875e+04	1.088208e+04	3.033383e+02	1.617301e-04	2020	3	17	12
	2093	851	114.327818	-10.171861	9.974914e+04	2.076675e+01	5.860389e+03	5.774469e+03	1.092258e+04	1.086411e+04	3.033184e+02	1.557918e-04	2020	3	17	18
	2084	849	113.062195	-10.359361	9.958121e+04	2.733535e+01	5.868845e+03	5.793584e+03	1.093531e+04	1.087426e+04	3.028422e+02	2.314561e-04	2020	3	18	0
	2076	847	111.937196	-10.546860	9.941384e+04	2.264071e+01	5.846086e+03	5.764000e+03	1.092306e+04	1.086662e+04	3.026705e+02	2.154280e-04	2020	3	18	6
	2070	845	111.093447	-10.734360	9.926553e+04	2.654944e+01	5.861063e+03	5.781138e+03	1.094252e+04	1.088026e+04	3.025542e+02	1.984956e-04	2020	3	18	12
	2061	840	109.827823	-11.203109	9.941135e+04	2.614985e+01	5.844004e+03	5.751097e+03	1.091220e+04	1.084511e+04	3.022855e+02	1.933961e-04	2020	3	18	18
	2056	840	109.124699	-11.203109	9.886362e+04	3.230532e+01	5.843336e+03	5.758547e+03	1.091498e+04	1.085111e+04	3.021764e+02	3.428637e-04	2020	3	19	0
	2053	838	108.702824	-11.390609	9.882451e+04	2.914241e+01	5.849061e+03	5.727778e+03	1.090926e+04	1.084398e+04	3.019926e+02	3.377716e-04	2020	3	19	6
	2048	831	107.999700	-12.046858	9.846491e+04	3.106511e+01	5.856786e+03	5.727939e+03	1.091227e+04	1.084409e+04	3.017940e+02	2.416513e-04	2020	3	19	12
	2043	827	107.296576	-12.421858	9.861466e+04	3.229312e+01	5.839353e+03	5.708848e+03	1.090385e+04	1.083735e+04	3.016930e+02	1.800233e-04	2020	3	19	18
	2039	824	106.734076	-12.703107	9.839498e+04	3.020762e+01	5.842544e+03	5.737117e+03	1.091279e+04	1.083406e+04	3.016048e+02	3.076235e-04	2020	3	20	0
	2034	818	106.030952	-13.265607	9.866857e+04	3.329552e+01	5.838732e+03	5.717221e+03	1.090410e+04	1.083529e+04	3.016327e+02	3.051080e-04	2020	3	20	6
	2032	815	105.749702	-13.546856	9.908236e+04	2.705587e+01	5.850447e+03	5.723447e+03	1.093969e+04	1.085064e+04	3.015639e+02	1.860223e-04	2020	3	20	12
	2032	810	105.749702	-14.015606	9.910792e+04	2.796242e+01	5.851384e+03	5.759112e+03	1.092644e+04	1.085765e+04	3.014368e+02	2.090503e-04	2020	3	20	18
	2029	800	105.327828	-14.953104	9.912128e+04	2.769310e+01	5.863135e+03	5.780312e+03	1.090620e+04	1.082161e+04	3.013894e+02	1.401649e-04	2020	3	21	0
	2026	795	104.905953	-15.421854	9.960045e+04	3.008039e+01	5.858551e+03	5.786217e+03	1.092441e+04	1.084656e+04	3.014864e+02	1.306045e-04	2020	3	21	6
	2022	785	104.343454	-16.359352	9.990343e+04	2.299993e+01	5.876240e+03	5.821041e+03	1.093693e+04	1.086776e+04	3.015491e+02	7.289593e-05	2020	3	21	12
	2017	775	103.640329	-17.296851	1.002464e+05	1.948226e+01	5.868782e+03	5.809897e+03	1.093338e+04	1.087796e+04	3.012682e+02	2.248055e-04	2020	3	21	18
	2013	761	103.077830	-18.609349	1.003374e+05	1.911775e+01	5.876905e+03	5.801719e+03	1.093369e+04	1.088005e+04	3.008441e+02	2.402171e-04	2020	3	22	0
	2012	752	102.937205	-19.453098	1.005635e+05	1.802213e+01	5.876804e+03	5.827693e+03	1.096823e+04	1.089304e+04	3.009490e+02	1.298190e-04	2020	3	22	6
	2009	735	102.515331	-21.046846	1.004162e+05	1.819901e+01	5.894877e+03	5.839632e+03	1.095333e+04	1.089699e+04	3.012096e+02	7.133427e-05	2020	3	22	12
	2003	733	101.671581	-21.234345	1.005850e+05	1.966395e+01	5.883756e+03	5.832366e+03	1.095445e+04	1.088911e+04	3.008517e+02	5.902401e-05	2020	3	22	18
start	46	2020	3	11	18
	1849	826	80.015354	-12.515608	1.006924e+05	1.371093e+01	5.859477e+03	5.817758e+03	1.095600e+04	1.087556e+04	3.023595e+02	1.478229e-04	2020	3	11	18
	1848	823	79.874729	-12.796857	1.004782e+05	1.363804e+01	5.850053e+03	5.794438e+03	1.092410e+04	1.085346e+04	3.021030e+02	2.829684e-04	2020	3	12	0
	1844	826	79.312230	-12.515608	1.006876e+05	1.384021e+01	5.857978e+03	5.807775e+03	1.093609e+04	1.087237e+04	3.021840e+02	2.296893e-04	2020	3	12	6
	1833	817	77.765356	-13.359356	1.004175e+05	1.733220e+01	5.846225e+03	5.793145e+03	1.092072e+04	1.085715e+04	3.025039e+02	2.089090e-04	2020	3	12	12
	1826	816	76.780982	-13.453106	1.006218e+05	1.751767e+01	5.859465e+03	5.798772e+03	1.095259e+04	1.087387e+04	3.025279e+02	2.517150e-04	2020	3	12	18
	1811	805	74.671610	-14.484355	1.003671e+05	1.877251e+01	5.846733e+03	5.781998e+03	1.091207e+04	1.085786e+04	3.024107e+02	3.458706e-04	2020	3	13	0
	1799	810	72.984111	-14.015606	1.004674e+05	1.913092e+01	5.860393e+03	5.807049e+03	1.093688e+04	1.087035e+04	3.025325e+02	2.569103e-04	2020	3	13	6
	1795	812	72.421612	-13.828106	1.002027e+05	1.663601e+01	5.842115e+03	5.789072e+03	1.092336e+04	1.086035e+04	3.027964e+02	2.420786e-04	2020	3	13	12
	1789	815	71.577863	-13.546856	1.003272e+05	1.728525e+01	5.865423e+03	5.789731e+03	1.095019e+04	1.086176e+04	3.024498e+02	2.684713e-04	2020	3	13	18
	1779	807	70.171614	-14.296855	1.001002e+05	2.146895e+01	5.831617e+03	5.781664e+03	1.089855e+04	1.085438e+04	3.025076e+02	4.142173e-04	2020	3	14	0
	1775	809	69.609115	-14.109355	1.002012e+05	2.223938e+01	5.850220e+03	5.785588e+03	1.095044e+04	1.086948e+04	3.024590e+02	3.668587e-04	2020	3	14	6
	1761	813	67.640367	-13.734356	9.974686e+04	2.054826e+01	5.827929e+03	5.768105e+03	1.090370e+04	1.085514e+04	3.025398e+02	2.373570e-04	2020	3	14	12
	1766	810	68.343491	-14.015606	9.987888e+04	2.228674e+01	5.842778e+03	5.778682e+03	1.095767e+04	1.087232e+04	3.022213e+02	3.087756e-04	2020	3	14	18
	1763	806	67.921617	-14.390605	9.961093e+04	2.275688e+01	5.825986e+03	5.758169e+03	1.093068e+04	1.084500e+04	3.020126e+02	3.936136e-04	2020	3	15	0
	1759	813	67.359117	-13.734356	9.968848e+04	2.697840e+01	5.849291e+03	5.750254e+03	1.092843e+04	1.085805e+04	3.019015e+02	3.948755e-04	2020	3	15	6
	1761	803	67.640367	-14.671855	9.928511e+04	2.276289e+01	5.823959e+03	5.741710e+03	1.090760e+04	1.085210e+04	3.022502e+02	2.722627e-04	2020	3	15	12
	1760	807	67.499742	-14.296855	9.949098e+04	2.197076e+01	5.853506e+03	5.760608e+03	1.093536e+04	1.087397e+04	3.018968e+02	2.747460e-04	2020	3	15	18
	1768	799	68.624741	-15.046854	9.922412e+04	2.550291e+01	5.829992e+03	5.725746e+03	1.092900e+04	1.083923e+04	3.017165e+02	3.344831e-04	2020	3	16	0
	1767	799	68.484116	-15.046854	9.902482e+04	3.225783e+01	5.845942e+03	5.720436e+03	1.090997e+04	1.085517e+04	3.017074e+02	2.605611e-04	2020	3	16	6
	1769	792	68.765366	-15.703103	9.858111e+04	2.737049e+01	5.838402e+03	5.682110e+03	1.092153e+04	1.083239e+04	3.017939e+02	2.824635e-04	2020	3	16	12
	1770	785	68.905991	-16.359352	9.873247e+04	2.560092e+01	5.868476e+03	5.703437e+03	1.092766e+04	1.084147e+04	3.016091e+02	2.591899e-04	2020	3	16	18
	1769	775	68.765366	-17.296851	9.842447e+04	2.980907e+01	5.848162e+03	5.672648e+03	1.094987e+04	1.082607e+04	3.013358e+02	3.377945e-04	2020	3	17	0
	1767	765	68.484116	-18.234350	9.857758e+04	3.046981e+01	5.871895e+03	5.702295e+03	1.094054e+04	1.084972e+04	3.012637e+02	2.238113e-04	2020	3	17	6
	1763	749	67.921617	-19.734348	9.837068e+04	3.093684e+01	5.871127e+03	5.683108e+03	1.092328e+04	1.082030e+04	3.012863e+02	2.229687e-04	2020	3	17	12
	1759	734	67.359117	-21.140596	9.857368e+04	3.228829e+01	5.884145e+03	5.733743e+03	1.093860e+04	1.085996e+04	3.010289e+02	2.745386e-04	2020	3	17	18
	1754	718	66.655993	-22.640594	9.892934e+04	3.138037e+01	5.859925e+03	5.674908e+03	1.095692e+04	1.083229e+04	3.006541e+02	4.441893e-04	2020	3	18	0
	1751	705	66.234118	-23.859342	9.891661e+04	3.330613e+01	5.884198e+03	5.721340e+03	1.093731e+04	1.083882e+04	3.003253e+02	2.957519e-04	2020	3	18	6
	1745	689	65.390369	-25.359340	9.857166e+04	3.326588e+01	5.870903e+03	5.731599e+03	1.092700e+04	1.082434e+04	2.999620e+02	2.881212e-04	2020	3	18	12
	1743	671	65.109120	-27.046837	9.912850e+04	3.013496e+01	5.876711e+03	5.760483e+03	1.094152e+04	1.080273e+04	2.986498e+02	3.515634e-04	2020	3	18	18
	1740	657	64.687245	-28.359336	9.905657e+04	2.883074e+01	5.870696e+03	5.751358e+03	1.091959e+04	1.074936e+04	2.985674e+02	2.647023e-04	2020	3	19	0
	1740	639	64.687245	-30.046833	9.934357e+04	2.598148e+01	5.882348e+03	5.776769e+03	1.092736e+04	1.072359e+04	2.981094e+02	2.876234e-04	2020	3	19	6
	1749	623	65.952869	-31.546831	9.954355e+04	2.784485e+01	5.869890e+03	5.732432e+03	1.091842e+04	1.070297e+04	2.973431e+02	3.477883e-04	2020	3	19	12
	1757	597	67.077868	-33.984328	9.928897e+04	3.176644e+01	5.862792e+03	5.679072e+03	1.089212e+04	1.068231e+04	2.961516e+02	3.816992e-04	2020	3	19	18
	1774	588	69.468490	-34.828077	9.858059e+04	3.497887e+01	5.834880e+03	5.611902e+03	1.086060e+04	1.062289e+04	2.956795e+02	2.795244e-04	2020	3	20	0
	1792	580	71.999737	-35.578076	9.848845e+04	3.337582e+01	5.832734e+03	5.592469e+03	1.084921e+04	1.059221e+04	2.945737e+02	1.713166e-04	2020	3	20	6
	1816	570	75.374734	-36.515574	9.844473e+04	2.950355e+01	5.805460e+03	5.574667e+03	1.082055e+04	1.053418e+04	2.943343e+02	1.825633e-04	2020	3	20	12
	1839	563	78.609106	-37.171823	9.840073e+04	2.759453e+01	5.786120e+03	5.565369e+03	1.078320e+04	1.048121e+04	2.938124e+02	1.438688e-04	2020	3	20	18
	1862	565	81.843477	-36.984324	9.860622e+04	2.720920e+01	5.777644e+03	5.568480e+03	1.075786e+04	1.046113e+04	2.930645e+02	1.250918e-04	2020	3	21	0
	1886	567	85.218474	-36.796824	9.885944e+04	2.644242e+01	5.778282e+03	5.586329e+03	1.075404e+04	1.046800e+04	2.935883e+02	1.089458e-04	2020	3	21	6
	1908	567	88.312220	-36.796824	9.898816e+04	2.560048e+01	5.772985e+03	5.594781e+03	1.073771e+04	1.047153e+04	2.926359e+02	1.039509e-04	2020	3	21	12
	1926	564	90.843468	-37.078073	9.925674e+04	2.500116e+01	5.776056e+03	5.610782e+03	1.071725e+04	1.046523e+04	2.917629e+02	9.848231e-05	2020	3	21	18
	1944	564	93.374715	-37.078073	9.951514e+04	2.401642e+01	5.783073e+03	5.629534e+03	1.070996e+04	1.050274e+04	2.929068e+02	9.581861e-05	2020	3	22	0
	1957	564	95.202838	-37.078073	9.988946e+04	2.258159e+01	5.798885e+03	5.656065e+03	1.072792e+04	1.053596e+04	2.929770e+02	5.250237e-05	2020	3	22	6
	1973	563	97.452836	-37.171823	1.001858e+05	2.217784e+01	5.812480e+03	5.683334e+03	1.075632e+04	1.055181e+04	2.926435e+02	5.003315e-05	2020	3	22	12
	1983	553	98.859084	-38.109322	1.002784e+05	2.209016e+01	5.805881e+03	5.681646e+03	1.072281e+04	1.051985e+04	2.921226e+02	7.178778e-05	2020	3	22	18
	1994	550	100.405958	-38.390572	1.004789e+05	1.949125e+01	5.813637e+03	5.684835e+03	1.072467e+04	1.050281e+04	2.918600e+02	6.547190e-05	2020	3	23	0
start	22	2020	3	16	0
	165	732	-156.796899	-21.328095	1.003620e+05	1.480134e+01	5.839847e+03	5.781280e+03	1.089014e+04	1.072864e+04	3.032832e+02	1.942724e-04	2020	3	16	0
	163	736	-157.078149	-20.953096	1.002050e+05	1.712403e+01	5.854446e+03	5.768502e+03	1.093669e+04	1.073186e+04	3.034143e+02	2.433395e-04	2020	3	16	6
	175	731	-155.390651	-21.421845	9.982713e+04	2.418315e+01	5.839779e+03	5.735666e+03	1.091937e+04	1.069951e+04	3.028585e+02	2.928753e-04	2020	3	16	12
	175	726	-155.390651	-21.890595	9.958034e+04	2.049083e+01	5.839727e+03	5.742117e+03	1.088701e+04	1.071289e+04	3.026769e+02	2.869863e-04	2020	3	16	18
	185	719	-153.984402	-22.546844	9.960544e+04	2.037717e+01	5.831898e+03	5.736004e+03	1.088600e+04	1.070527e+04	3.027719e+02	3.333036e-04	2020	3	17	0
	192	711	-153.000028	-23.296843	9.951745e+04	2.333437e+01	5.846460e+03	5.719377e+03	1.090170e+04	1.070656e+04	3.022517e+02	2.614017e-04	2020	3	17	6
	202	699	-151.593780	-24.421841	9.972856e+04	2.435201e+01	5.839504e+03	5.715183e+03	1.091426e+04	1.070405e+04	3.021413e+02	3.853346e-04	2020	3	17	12
	218	667	-149.343782	-27.421837	9.963023e+04	2.471049e+01	5.845634e+03	5.701481e+03	1.088264e+04	1.071608e+04	2.999284e+02	2.876153e-04	2020	3	17	18
	227	642	-148.078158	-29.765584	9.939984e+04	2.401243e+01	5.829574e+03	5.664447e+03	1.091309e+04	1.072197e+04	2.988647e+02	3.319165e-04	2020	3	18	0
	232	625	-147.375034	-31.359331	9.880341e+04	2.759893e+01	5.840361e+03	5.653126e+03	1.087221e+04	1.073524e+04	2.984130e+02	1.727184e-04	2020	3	18	6
	239	607	-146.390660	-33.046829	9.897154e+04	2.445091e+01	5.812755e+03	5.644177e+03	1.084521e+04	1.071006e+04	2.982230e+02	1.874480e-04	2020	3	18	12
	244	592	-145.687536	-34.453077	9.890180e+04	2.085768e+01	5.815033e+03	5.659982e+03	1.083716e+04	1.070042e+04	2.973512e+02	1.478111e-04	2020	3	18	18
	252	585	-144.562537	-35.109326	9.901073e+04	2.007905e+01	5.792852e+03	5.659806e+03	1.080981e+04	1.069568e+04	2.972337e+02	6.663918e-05	2020	3	19	0
	264	582	-142.875039	-35.390576	9.925061e+04	2.089190e+01	5.815182e+03	5.686124e+03	1.083397e+04	1.068905e+04	2.967619e+02	4.876446e-05	2020	3	19	6
	277	571	-141.046916	-36.421824	9.935758e+04	2.156908e+01	5.805848e+03	5.685336e+03	1.082406e+04	1.064124e+04	2.960098e+02	1.267939e-04	2020	3	19	12
	291	567	-139.078168	-36.796824	9.956569e+04	1.931158e+01	5.814479e+03	5.686871e+03	1.082449e+04	1.062165e+04	2.958512e+02	1.290782e-04	2020	3	19	18
	307	565	-136.828170	-36.984324	9.966579e+04	1.905910e+01	5.801265e+03	5.672262e+03	1.081365e+04	1.059921e+04	2.962371e+02	1.189107e-04	2020	3	20	0
	322	561	-134.718797	-37.359323	9.967514e+04	1.994867e+01	5.806763e+03	5.661749e+03	1.080918e+04	1.057373e+04	2.954414e+02	1.306813e-04	2020	3	20	6
	336	555	-132.750049	-37.921822	9.967562e+04	1.910032e+01	5.777001e+03	5.629942e+03	1.077112e+04	1.052901e+04	2.958955e+02	1.405662e-04	2020	3	20	12
	353	553	-130.359427	-38.109322	9.989469e+04	1.929817e+01	5.794285e+03	5.628601e+03	1.077432e+04	1.052169e+04	2.954596e+02	1.301467e-04	2020	3	20	18
	369	556	-128.109429	-37.828072	9.995088e+04	1.951926e+01	5.785693e+03	5.639581e+03	1.075725e+04	1.053901e+04	2.956958e+02	7.758244e-05	2020	3	21	0
	394	546	-124.593808	-38.765571	1.000632e+05	1.963484e+01	5.793296e+03	5.613342e+03	1.074737e+04	1.051243e+04	2.948463e+02	1.152091e-04	2020	3	21	6
start	33	2020	3	21	18
	1755	807	66.796618	-14.296855	1.007861e+05	1.455229e+01	5.870603e+03	5.822538e+03	1.093637e+04	1.088152e+04	3.021089e+02	1.437350e-04	2020	3	21	18
	1741	811	64.827870	-13.921856	1.005566e+05	1.625638e+01	5.851289e+03	5.796880e+03	1.090828e+04	1.084926e+04	3.021664e+02	1.849051e-04	2020	3	22	0
	1742	821	64.968495	-12.984357	1.007502e+05	1.562833e+01	5.869071e+03	5.828556e+03	1.093121e+04	1.088396e+04	3.021230e+02	9.551093e-05	2020	3	22	6
	1741	818	64.827870	-13.265607	1.005152e+05	1.141892e+01	5.856042e+03	5.814570e+03	1.092123e+04	1.087316e+04	3.027411e+02	6.471924e-05	2020	3	22	12
	1737	809	64.265370	-14.109355	1.007444e+05	1.342901e+01	5.880167e+03	5.841657e+03	1.096612e+04	1.089427e+04	3.025455e+02	1.290263e-04	2020	3	22	18
	1730	803	63.280996	-14.671855	1.005931e+05	1.347405e+01	5.867491e+03	5.808211e+03	1.093078e+04	1.087193e+04	3.022144e+02	2.582287e-04	2020	3	23	0
	1718	803	61.593498	-14.671855	1.007660e+05	1.504331e+01	5.875653e+03	5.822820e+03	1.094806e+04	1.089231e+04	3.022006e+02	1.755499e-04	2020	3	23	6
	1710	804	60.468499	-14.578105	1.004865e+05	1.649385e+01	5.860170e+03	5.799708e+03	1.094323e+04	1.087162e+04	3.025970e+02	1.677711e-04	2020	3	23	12
	1706	804	59.906000	-14.578105	1.006114e+05	1.689393e+01	5.875543e+03	5.826000e+03	1.095359e+04	1.088622e+04	3.024408e+02	1.876081e-04	2020	3	23	18
	1697	800	58.640376	-14.953104	1.003960e+05	1.601682e+01	5.867585e+03	5.787966e+03	1.092742e+04	1.086287e+04	3.021673e+02	2.253302e-04	2020	3	24	0
	1689	796	57.515377	-15.328104	1.005274e+05	1.875085e+01	5.874114e+03	5.814342e+03	1.097807e+04	1.088945e+04	3.019728e+02	1.795031e-04	2020	3	24	6
	1677	798	55.827879	-15.140604	1.002326e+05	1.772108e+01	5.854046e+03	5.784888e+03	1.093652e+04	1.085142e+04	3.022394e+02	1.845808e-04	2020	3	24	12
	1671	801	54.984130	-14.859354	1.003336e+05	1.907134e+01	5.876955e+03	5.787351e+03	1.095355e+04	1.087459e+04	3.020072e+02	2.682729e-04	2020	3	24	18
	1665	807	54.140381	-14.296855	9.995334e+04	1.729263e+01	5.841693e+03	5.770146e+03	1.092964e+04	1.085124e+04	3.019398e+02	3.568786e-04	2020	3	25	0
	1663	810	53.859131	-14.015606	1.000529e+05	1.884147e+01	5.857850e+03	5.776119e+03	1.092196e+04	1.086682e+04	3.019088e+02	3.231786e-04	2020	3	25	6
	1660	815	53.437257	-13.546856	9.962880e+04	2.027953e+01	5.830316e+03	5.732739e+03	1.091247e+04	1.083985e+04	3.019633e+02	2.732995e-04	2020	3	25	12
	1660	809	53.437257	-14.109355	9.964459e+04	2.030184e+01	5.848188e+03	5.749600e+03	1.094237e+04	1.085425e+04	3.016451e+02	4.029289e-04	2020	3	25	18
	1655	812	52.734132	-13.828106	9.926775e+04	2.367064e+01	5.821749e+03	5.713970e+03	1.090596e+04	1.081384e+04	3.015228e+02	4.089931e-04	2020	3	26	0
	1650	811	52.031008	-13.921856	9.918612e+04	2.448225e+01	5.850208e+03	5.736346e+03	1.090546e+04	1.085044e+04	3.012067e+02	3.925806e-04	2020	3	26	6
	1646	810	51.468509	-14.015606	9.885674e+04	2.727587e+01	5.829471e+03	5.690964e+03	1.091213e+04	1.082220e+04	3.012642e+02	3.524367e-04	2020	3	26	12
	1641	807	50.765385	-14.296855	9.905277e+04	2.715287e+01	5.856006e+03	5.718631e+03	1.092848e+04	1.085210e+04	3.009030e+02	4.079075e-04	2020	3	26	18
	1637	807	50.202885	-14.296855	9.917696e+04	2.146831e+01	5.839204e+03	5.721041e+03	1.090949e+04	1.083742e+04	3.018599e+02	4.275336e-04	2020	3	27	0
	1634	809	49.781011	-14.109355	9.970960e+04	2.153873e+01	5.871100e+03	5.763000e+03	1.094799e+04	1.087747e+04	3.018185e+02	4.244235e-04	2020	3	27	6
	1635	803	49.921635	-14.671855	9.999550e+04	2.130255e+01	5.861066e+03	5.763111e+03	1.093559e+04	1.086735e+04	3.016179e+02	2.984373e-04	2020	3	27	12
	1634	794	49.781011	-15.515603	1.002349e+05	1.936485e+01	5.888076e+03	5.784977e+03	1.096151e+04	1.089305e+04	3.006324e+02	3.555835e-04	2020	3	27	18
	1634	789	49.781011	-15.984353	1.003663e+05	1.714846e+01	5.880885e+03	5.787322e+03	1.092817e+04	1.087092e+04	3.005934e+02	3.047695e-04	2020	3	28	0
	1621	787	47.952887	-16.171853	1.006009e+05	1.318050e+01	5.889778e+03	5.812292e+03	1.096489e+04	1.090276e+04	3.017407e+02	2.510189e-04	2020	3	28	6
	1614	779	46.968513	-16.921851	1.005682e+05	9.014403e+00	5.866310e+03	5.803463e+03	1.094690e+04	1.089241e+04	3.061714e+02	2.107432e-04	2020	3	28	12
	1611	776	46.546639	-17.203101	1.006843e+05	1.056108e+01	5.886337e+03	5.820801e+03	1.098262e+04	1.090113e+04	3.027792e+02	2.434676e-04	2020	3	28	18
	1612	787	46.687264	-16.171853	1.006030e+05	1.109224e+01	5.854714e+03	5.797659e+03	1.093233e+04	1.086970e+04	3.025207e+02	2.617525e-04	2020	3	29	0
	1601	790	45.140390	-15.890603	1.006893e+05	1.197241e+01	5.881485e+03	5.823779e+03	1.098003e+04	1.089314e+04	3.030947e+02	1.761401e-04	2020	3	29	6
	1603	750	45.421640	-19.640598	1.004582e+05	1.187988e+01	5.854937e+03	5.799719e+03	1.091215e+04	1.085849e+04	3.097035e+02	2.602343e-04	2020	3	29	12
	1594	761	44.156016	-18.609349	1.005062e+05	1.544284e+01	5.876987e+03	5.812143e+03	1.093046e+04	1.087588e+04	3.031775e+02	2.164735e-04	2020	3	29	18
start	84	2020	3	22	12
	2201	890	129.515302	-6.515616	1.007928e+05	1.344921e+01	5.868364e+03	5.833161e+03	1.096000e+04	1.089700e+04	3.030599e+02	1.361861e-04	2020	3	22	12
	2199	882	129.234053	-7.265615	1.007359e+05	1.279296e+01	5.854506e+03	5.810737e+03	1.094905e+04	1.087128e+04	3.029544e+02	2.960749e-04	2020	3	22	18
	2196	883	128.812178	-7.171865	1.007378e+05	1.363058e+01	5.862430e+03	5.825012e+03	1.094038e+04	1.088234e+04	3.028434e+02	3.645527e-04	2020	3	23	0
	2198	878	129.093428	-7.640614	1.005992e+05	1.511360e+01	5.849345e+03	5.800596e+03	1.091644e+04	1.085713e+04	3.028497e+02	3.739166e-04	2020	3	23	6
	2206	880	130.218427	-7.453115	1.006263e+05	1.298566e+01	5.867435e+03	5.822737e+03	1.094590e+04	1.088751e+04	3.028634e+02	1.850407e-04	2020	3	23	12
	2206	872	130.218427	-8.203114	1.005818e+05	1.391392e+01	5.844786e+03	5.806458e+03	1.094304e+04	1.085851e+04	3.026240e+02	2.138352e-04	2020	3	23	18
	2200	872	129.374678	-8.203114	1.006435e+05	1.496292e+01	5.872228e+03	5.819978e+03	1.094364e+04	1.087002e+04	3.023436e+02	2.761533e-04	2020	3	24	0
	2197	873	128.952803	-8.109364	1.005518e+05	1.464304e+01	5.840430e+03	5.803899e+03	1.090739e+04	1.086221e+04	3.023742e+02	3.030312e-04	2020	3	24	6
	2194	871	128.530928	-8.296863	1.005933e+05	1.821364e+01	5.873412e+03	5.827319e+03	1.093980e+04	1.088815e+04	3.022510e+02	1.592081e-04	2020	3	24	12
	2194	867	128.530928	-8.671863	1.005936e+05	1.441268e+01	5.853959e+03	5.806946e+03	1.092458e+04	1.085146e+04	3.021724e+02	2.623435e-04	2020	3	24	18
	2191	866	128.109054	-8.765613	1.006032e+05	1.633999e+01	5.876698e+03	5.822468e+03	1.095945e+04	1.088447e+04	3.020445e+02	3.141061e-04	2020	3	25	0
	2195	860	128.671553	-9.328112	1.004879e+05	1.739136e+01	5.859995e+03	5.805209e+03	1.093945e+04	1.086813e+04	3.020828e+02	2.985293e-04	2020	3	25	6
	2193	859	128.390304	-9.421862	1.005301e+05	1.766559e+01	5.890225e+03	5.822836e+03	1.095721e+04	1.090181e+04	3.019756e+02	1.947391e-04	2020	3	25	12
	2193	851	128.390304	-10.171861	1.005398e+05	2.203655e+01	5.868273e+03	5.806675e+03	1.094233e+04	1.087824e+04	3.018936e+02	2.682829e-04	2020	3	25	18
	2188	854	127.687179	-9.890611	1.004670e+05	2.132544e+01	5.881803e+03	5.819411e+03	1.094938e+04	1.089667e+04	3.018700e+02	3.290410e-04	2020	3	26	0
	2182	853	126.843430	-9.984361	1.002135e+05	2.817959e+01	5.861163e+03	5.786790e+03	1.093128e+04	1.087463e+04	3.021323e+02	2.973654e-04	2020	3	26	6
	2182	853	126.843430	-9.984361	1.001221e+05	2.187880e+01	5.881424e+03	5.831171e+03	1.093861e+04	1.090974e+04	3.022094e+02	1.614396e-04	2020	3	26	12
	2175	853	125.859056	-9.984361	1.000132e+05	2.222357e+01	5.854649e+03	5.800815e+03	1.093309e+04	1.087519e+04	3.026310e+02	1.523118e-04	2020	3	26	18
	2171	850	125.296557	-10.265611	9.990473e+04	2.603119e+01	5.879327e+03	5.796851e+03	1.093048e+04	1.088527e+04	3.024508e+02	1.949811e-04	2020	3	27	0
	2166	852	124.593433	-10.078111	1.000298e+05	2.478469e+01	5.852280e+03	5.769116e+03	1.092367e+04	1.088000e+04	3.030906e+02	1.392263e-04	2020	3	27	6
	2156	861	123.187184	-9.234362	1.002771e+05	2.412407e+01	5.882683e+03	5.835648e+03	1.095724e+04	1.090074e+04	3.031729e+02	1.992156e-04	2020	3	27	12
	2157	871	123.327809	-8.296863	1.003197e+05	1.895056e+01	5.859319e+03	5.815656e+03	1.091609e+04	1.087444e+04	3.029550e+02	2.126834e-04	2020	3	27	18
	2157	874	123.327809	-8.015614	1.002413e+05	1.821764e+01	5.876000e+03	5.805374e+03	1.096564e+04	1.089217e+04	3.028423e+02	2.027311e-04	2020	3	28	0
	2157	876	123.327809	-7.828114	1.001869e+05	1.788558e+01	5.851971e+03	5.807472e+03	1.093933e+04	1.087078e+04	3.027972e+02	1.560210e-04	2020	3	28	6
	2155	883	123.046559	-7.171865	1.003882e+05	1.781945e+01	5.872630e+03	5.831653e+03	1.096721e+04	1.089539e+04	3.034038e+02	1.235498e-04	2020	3	28	12
	2156	887	123.187184	-6.796866	1.005415e+05	1.289795e+01	5.861028e+03	5.813152e+03	1.093317e+04	1.086648e+04	3.033546e+02	8.741726e-05	2020	3	28	18
	2154	886	122.905934	-6.890615	1.005845e+05	1.469904e+01	5.870667e+03	5.813281e+03	1.097566e+04	1.088231e+04	3.032181e+02	2.345098e-04	2020	3	29	0
	2151	889	122.484060	-6.609366	1.005447e+05	2.001061e+01	5.860266e+03	5.807228e+03	1.094697e+04	1.088063e+04	3.034387e+02	2.752168e-04	2020	3	29	6
	2150	896	122.343435	-5.953117	1.005065e+05	1.487405e+01	5.868518e+03	5.829635e+03	1.094465e+04	1.089301e+04	3.035602e+02	2.107107e-04	2020	3	29	12
	2149	901	122.202810	-5.484367	1.006959e+05	1.228770e+01	5.862449e+03	5.815246e+03	1.095725e+04	1.087277e+04	3.037089e+02	2.120762e-04	2020	3	29	18
	2150	900	122.343435	-5.578117	1.007463e+05	1.340362e+01	5.884384e+03	5.827631e+03	1.095714e+04	1.088321e+04	3.034437e+02	2.274754e-04	2020	3	30	0
	2146	893	121.780936	-6.234366	1.005715e+05	1.596339e+01	5.856271e+03	5.804203e+03	1.094513e+04	1.087909e+04	3.034642e+02	2.468895e-04	2020	3	30	6
	2144	896	121.499686	-5.953117	1.004892e+05	1.624829e+01	5.873404e+03	5.827834e+03	1.094309e+04	1.089062e+04	3.034200e+02	2.356662e-04	2020	3	30	12
	2142	894	121.218436	-6.140616	1.003617e+05	1.854622e+01	5.861211e+03	5.810337e+03	1.092031e+04	1.086856e+04	3.033423e+02	3.017982e-04	2020	3	30	18
	2136	889	120.374687	-6.609366	1.004171e+05	2.038995e+01	5.872542e+03	5.795118e+03	1.096793e+04	1.088051e+04	3.030780e+02	2.493643e-04	2020	3	31	0
	2135	886	120.234062	-6.890615	1.002296e+05	2.044025e+01	5.864926e+03	5.784642e+03	1.090746e+04	1.087046e+04	3.031135e+02	2.059795e-04	2020	3	31	6
	2131	879	119.671563	-7.546865	9.987678e+04	2.404555e+01	5.878830e+03	5.798690e+03	1.092696e+04	1.089269e+04	3.031591e+02	1.269957e-04	2020	3	31	12
	2128	875	119.249688	-7.921864	9.990987e+04	2.299238e+01	5.864305e+03	5.787354e+03	1.095364e+04	1.087726e+04	3.031165e+02	8.774418e-05	2020	3	31	18
	2124	868	118.687189	-8.578113	1.002644e+05	2.251141e+01	5.883499e+03	5.781301e+03	1.094256e+04	1.087778e+04	3.029582e+02	1.392982e-04	2020	4	1	0
	2119	863	117.984064	-9.046862	1.002902e+05	2.436925e+01	5.869808e+03	5.793079e+03	1.096148e+04	1.087839e+04	3.029474e+02	1.273078e-04	2020	4	1	6
	2114	860	117.280940	-9.328112	1.000902e+05	2.439027e+01	5.889681e+03	5.799232e+03	1.096341e+04	1.090225e+04	3.030163e+02	6.494547e-05	2020	4	1	12
	2107	857	116.296566	-9.609362	1.004248e+05	2.017134e+01	5.878062e+03	5.801797e+03	1.094626e+04	1.088198e+04	3.034419e+02	6.927538e-05	2020	4	1	18
	2098	853	115.030943	-9.984361	1.005944e+05	2.191753e+01	5.886028e+03	5.807118e+03	1.092273e+04	1.088762e+04	3.035894e+02	1.130227e-04	2020	4	2	0
	2088	853	113.624694	-9.984361	1.006472e+05	1.923853e+01	5.874766e+03	5.804930e+03	1.092557e+04	1.088867e+04	3.043784e+02	5.980311e-05	2020	4	2	6
	2079	853	112.359070	-9.984361	1.005378e+05	1.957923e+01	5.887242e+03	5.823948e+03	1.094304e+04	1.090395e+04	3.033248e+02	6.241252e-05	2020	4	2	12
	2069	853	110.952822	-9.984361	1.006458e+05	2.253617e+01	5.874964e+03	5.816339e+03	1.093220e+04	1.088622e+04	3.028994e+02	5.281303e-05	2020	4	2	18
	2061	854	109.827823	-9.890611	1.006370e+05	2.370790e+01	5.880349e+03	5.825351e+03	1.094135e+04	1.088292e+04	3.028234e+02	1.742693e-04	2020	4	3	0
	2049	854	108.140325	-9.890611	1.007267e+05	1.891227e+01	5.865281e+03	5.820219e+03	1.091360e+04	1.088779e+04	3.029420e+02	1.059591e-04	2020	4	3	6
	2040	854	106.874701	-9.890611	1.007071e+05	1.511164e+01	5.874380e+03	5.835466e+03	1.092604e+04	1.089156e+04	3.037315e+02	7.149608e-05	2020	4	3	12
	2031	860	105.609077	-9.328112	1.008364e+05	1.457402e+01	5.870123e+03	5.822847e+03	1.092965e+04	1.087941e+04	3.034208e+02	6.467408e-05	2020	4	3	18
	2022	863	104.343454	-9.046862	1.007843e+05	1.519958e+01	5.873213e+03	5.830878e+03	1.093978e+04	1.087898e+04	3.031813e+02	1.273056e-04	2020	4	4	0
	2015	863	103.359080	-9.046862	1.008082e+05	1.889961e+01	5.866785e+03	5.815105e+03	1.094601e+04	1.087944e+04	3.031697e+02	8.577533e-05	2020	4	4	6
	2006	868	102.093456	-8.578113	1.005696e+05	1.739063e+01	5.871140e+03	5.835267e+03	1.093061e+04	1.089763e+04	3.040227e+02	6.439810e-05	2020	4	4	12
	1999	871	101.109082	-8.296863	1.007627e+05	1.784879e+01	5.878176e+03	5.818239e+03	1.093564e+04	1.088576e+04	3.033771e+02	9.284670e-05	2020	4	4	18
	1988	874	99.562209	-8.015614	1.003280e+05	1.951427e+01	5.862546e+03	5.813809e+03	1.095640e+04	1.087186e+04	3.032453e+02	1.851618e-04	2020	4	5	0
	1979	876	98.296585	-7.828114	1.003894e+05	2.149437e+01	5.876746e+03	5.795535e+03	1.095362e+04	1.087957e+04	3.033924e+02	1.886202e-04	2020	4	5	6
	1972	872	97.312211	-8.203114	1.003965e+05	2.086467e+01	5.879671e+03	5.811643e+03	1.094580e+04	1.087869e+04	3.030656e+02	1.156988e-04	2020	4	5	12
	1960	868	95.624713	-8.578113	1.006869e+05	1.941883e+01	5.872563e+03	5.830130e+03	1.094332e+04	1.087996e+04	3.027434e+02	1.060558e-04	2020	4	5	18
	1949	865	94.077839	-8.859363	1.004748e+05	1.811770e+01	5.866982e+03	5.816767e+03	1.093773e+04	1.086793e+04	3.025282e+02	1.851584e-04	2020	4	6	0
	1937	862	92.390341	-9.140612	1.005287e+05	2.084561e+01	5.870045e+03	5.811998e+03	1.093391e+04	1.088407e+04	3.023654e+02	2.176824e-04	2020	4	6	6
	1926	855	90.843468	-9.796861	1.004162e+05	1.879233e+01	5.875192e+03	5.821958e+03	1.092699e+04	1.087682e+04	3.024980e+02	1.203844e-04	2020	4	6	12
	1919	855	89.859094	-9.796861	1.006348e+05	1.810676e+01	5.867539e+03	5.818818e+03	1.093181e+04	1.086598e+04	3.023324e+02	1.711881e-04	2020	4	6	18
	1909	849	88.452845	-10.359361	1.002240e+05	2.055126e+01	5.858788e+03	5.788290e+03	1.091872e+04	1.086269e+04	3.023075e+02	3.267112e-04	2020	4	7	0
	1899	844	87.046597	-10.828110	1.003349e+05	2.222564e+01	5.877212e+03	5.792583e+03	1.092569e+04	1.087322e+04	3.021819e+02	1.637997e-04	2020	4	7	6
	1890	842	85.780973	-11.015610	1.000746e+05	2.205393e+01	5.863988e+03	5.773688e+03	1.091615e+04	1.085875e+04	3.024763e+02	1.127103e-04	2020	4	7	12
	1883	838	84.796599	-11.390609	1.001639e+05	2.241613e+01	5.873275e+03	5.776999e+03	1.092854e+04	1.086936e+04	3.022451e+02	1.163060e-04	2020	4	7	18
	1874	836	83.530975	-11.578109	9.990538e+04	2.501502e+01	5.861120e+03	5.761132e+03	1.091473e+04	1.084671e+04	3.021729e+02	2.124242e-04	2020	4	8	0
	1866	833	82.405977	-11.859359	9.985607e+04	2.532056e+01	5.862351e+03	5.759937e+03	1.090261e+04	1.086371e+04	3.021092e+02	1.283919e-04	2020	4	8	6
	1859	831	81.421603	-12.046858	9.942395e+04	2.426381e+01	5.858460e+03	5.748842e+03	1.089900e+04	1.086059e+04	3.023173e+02	9.733129e-05	2020	4	8	12
	1853	831	80.577853	-12.046858	9.965795e+04	2.596235e+01	5.861723e+03	5.757061e+03	1.090783e+04	1.086020e+04	3.020395e+02	1.102579e-04	2020	4	8	18
	1848	828	79.874729	-12.328108	9.913464e+04	3.136746e+01	5.850277e+03	5.720728e+03	1.089954e+04	1.084168e+04	3.016477e+02	1.562207e-04	2020	4	9	0
	1845	824	79.452855	-12.703107	9.947573e+04	3.197696e+01	5.859745e+03	5.790004e+03	1.091900e+04	1.087545e+04	3.014578e+02	1.212194e-04	2020	4	9	6
	1841	821	78.890355	-12.984357	9.939398e+04	2.912916e+01	5.863247e+03	5.803553e+03	1.089278e+04	1.086888e+04	3.015932e+02	1.223671e-04	2020	4	9	12
	1839	817	78.609106	-13.359356	9.966553e+04	3.395125e+01	5.867042e+03	5.806749e+03	1.090955e+04	1.086338e+04	3.014567e+02	1.851663e-04	2020	4	9	18
	1835	817	78.046606	-13.359356	9.980019e+04	2.559832e+01	5.851567e+03	5.790791e+03	1.088600e+04	1.084290e+04	3.017277e+02	1.647088e-04	2020	4	10	0
	1831	819	77.484107	-13.171857	1.001736e+05	1.992785e+01	5.860093e+03	5.829077e+03	1.090985e+04	1.085325e+04	3.019843e+02	8.660433e-05	2020	4	10	6
	1826	817	76.780982	-13.359356	1.000549e+05	1.793926e+01	5.843659e+03	5.813570e+03	1.088574e+04	1.084880e+04	3.023795e+02	8.004899e-05	2020	4	10	12
	1822	818	76.218483	-13.265607	1.003264e+05	2.083811e+01	5.865081e+03	5.815864e+03	1.091465e+04	1.085164e+04	3.022004e+02	8.113567e-05	2020	4	10	18
	1816	820	75.374734	-13.078107	1.001656e+05	2.272253e+01	5.837660e+03	5.809154e+03	1.089244e+04	1.083641e+04	3.022122e+02	1.311997e-04	2020	4	11	0
	1812	820	74.812234	-13.078107	1.004165e+05	1.982996e+01	5.856307e+03	5.816063e+03	1.091275e+04	1.086296e+04	3.022287e+02	8.964715e-05	2020	4	11	6
	1806	818	73.968485	-13.265607	1.000883e+05	1.958439e+01	5.853998e+03	5.809663e+03	1.091037e+04	1.085138e+04	3.026390e+02	1.146914e-04	2020	4	11	12
	1800	819	73.124736	-13.171857	1.004070e+05	1.968148e+01	5.865366e+03	5.813210e+03	1.095317e+04	1.085673e+04	3.022398e+02	1.500786e-04	2020	4	11	18
	1796	817	72.562237	-13.359356	1.002560e+05	1.979262e+01	5.846309e+03	5.793844e+03	1.091981e+04	1.083923e+04	3.021349e+02	1.471950e-04	2020	4	12	0
	1789	818	71.577863	-13.265607	1.005152e+05	1.614014e+01	5.864137e+03	5.826170e+03	1.093550e+04	1.085505e+04	3.020921e+02	8.678633e-05	2020	4	12	6
start	22	2020	3	27	12
	152	671	-158.625022	-27.046837	1.006796e+05	2.515259e+01	5.843743e+03	5.710731e+03	1.086260e+04	1.055601e+04	2.997594e+02	4.449656e-04	2020	3	27	12
	159	673	-157.640648	-26.859338	1.000937e+05	2.784601e+01	5.845957e+03	5.701620e+03	1.087258e+04	1.056453e+04	2.997486e+02	5.464620e-04	2020	3	27	18
	176	653	-155.250026	-28.734335	1.000565e+05	2.275241e+01	5.814514e+03	5.656895e+03	1.084013e+04	1.053435e+04	2.989225e+02	6.003408e-04	2020	3	28	0
	185	624	-153.984402	-31.453081	9.926896e+04	2.672448e+01	5.794751e+03	5.592202e+03	1.077867e+04	1.051328e+04	2.982466e+02	6.098946e-04	2020	3	28	6
	183	614	-154.265652	-32.390580	9.752495e+04	4.121597e+01	5.760018e+03	5.517955e+03	1.073725e+04	1.049084e+04	2.980413e+02	5.614120e-04	2020	3	28	12
	186	604	-153.843777	-33.328079	9.728196e+04	3.185011e+01	5.755016e+03	5.501518e+03	1.070934e+04	1.045588e+04	2.974522e+02	4.673171e-04	2020	3	28	18
	187	593	-153.703152	-34.359327	9.737881e+04	2.793857e+01	5.723492e+03	5.481204e+03	1.067833e+04	1.042719e+04	2.966200e+02	2.884033e-04	2020	3	29	0
	188	571	-153.562528	-36.421824	9.732564e+04	3.015286e+01	5.695757e+03	5.462168e+03	1.061636e+04	1.040667e+04	2.952502e+02	2.489706e-04	2020	3	29	6
	183	558	-154.265652	-37.640573	9.698409e+04	3.151249e+01	5.611284e+03	5.431143e+03	1.052336e+04	1.037020e+04	2.946837e+02	1.570108e-04	2020	3	29	12
	188	557	-153.562528	-37.734323	9.693527e+04	3.254467e+01	5.610389e+03	5.418675e+03	1.051683e+04	1.034616e+04	2.945570e+02	9.986663e-05	2020	3	29	18
	205	546	-151.171905	-38.765571	9.726377e+04	3.050751e+01	5.642172e+03	5.432543e+03	1.056038e+04	1.029748e+04	2.936724e+02	7.704620e-05	2020	3	30	0
	224	521	-148.500033	-41.109318	9.744236e+04	2.937901e+01	5.656233e+03	5.421168e+03	1.060293e+04	1.024658e+04	2.920176e+02	1.015261e-04	2020	3	30	6
	245	487	-145.546911	-44.296813	9.729607e+04	2.905664e+01	5.630660e+03	5.350327e+03	1.057314e+04	1.015941e+04	2.894795e+02	9.073707e-05	2020	3	30	12
	267	449	-142.453164	-47.859308	9.688388e+04	2.574227e+01	5.577892e+03	5.264675e+03	1.051507e+04	1.003971e+04	2.870555e+02	1.047766e-04	2020	3	30	18
	292	418	-138.937543	-50.765554	9.651534e+04	2.628618e+01	5.524078e+03	5.210436e+03	1.041322e+04	9.960477e+03	2.848041e+02	8.927023e-05	2020	3	31	0
	321	386	-134.859422	-53.765550	9.620625e+04	2.531614e+01	5.465381e+03	5.166086e+03	1.032268e+04	9.904485e+03	2.836335e+02	7.279305e-05	2020	3	31	6
	348	359	-131.062551	-56.296797	9.591353e+04	2.215902e+01	5.382032e+03	5.122157e+03	1.022172e+04	9.842865e+03	2.824952e+02	6.831944e-05	2020	3	31	12
	371	335	-127.828179	-58.546794	9.575650e+04	1.973224e+01	5.328914e+03	5.091052e+03	1.013901e+04	9.801574e+03	2.802244e+02	7.099363e-05	2020	3	31	18
	395	316	-124.453183	-60.328041	9.563738e+04	1.713577e+01	5.291134e+03	5.092553e+03	1.009061e+04	9.809866e+03	2.788274e+02	5.521438e-05	2020	4	1	0
	409	296	-122.484435	-62.203039	9.570198e+04	1.747531e+01	5.269344e+03	5.090039e+03	1.004688e+04	9.812325e+03	2.777507e+02	5.748736e-05	2020	4	1	6
	413	274	-121.921936	-64.265536	9.594821e+04	1.740031e+01	5.268269e+03	5.084675e+03	1.002491e+04	9.809939e+03	2.770968e+02	6.034184e-05	2020	4	1	12
	416	249	-121.500061	-66.609282	9.634369e+04	1.854317e+01	5.277337e+03	5.056944e+03	1.001454e+04	9.753126e+03	2.763582e+02	6.159677e-05	2020	4	1	18
start	71	2020	3	30	18
	2224	865	132.749674	-8.859363	1.006679e+05	1.262577e+01	5.856340e+03	5.809103e+03	1.093618e+04	1.087823e+04	3.023919e+02	2.074081e-04	2020	3	30	18
	2218	873	131.905925	-8.109364	1.006811e+05	1.345976e+01	5.876981e+03	5.821434e+03	1.094487e+04	1.089801e+04	3.023234e+02	1.707829e-04	2020	3	31	0
	2213	864	131.202801	-8.953113	1.005202e+05	1.332801e+01	5.852005e+03	5.800569e+03	1.094521e+04	1.087547e+04	3.027415e+02	1.900439e-04	2020	3	31	6
	2222	868	132.468424	-8.578113	1.006380e+05	1.301178e+01	5.880186e+03	5.826724e+03	1.095518e+04	1.091477e+04	3.025664e+02	2.046456e-04	2020	3	31	12
	2222	867	132.468424	-8.671863	1.006329e+05	1.376616e+01	5.860338e+03	5.801104e+03	1.097157e+04	1.087517e+04	3.023912e+02	3.688034e-04	2020	3	31	18
	2221	865	132.327800	-8.859363	1.006995e+05	1.606080e+01	5.882972e+03	5.833504e+03	1.095594e+04	1.090448e+04	3.023186e+02	3.650193e-04	2020	4	1	0
	2220	863	132.187175	-9.046862	1.005375e+05	1.848730e+01	5.862208e+03	5.810027e+03	1.094013e+04	1.088774e+04	3.024919e+02	2.366850e-04	2020	4	1	6
	2218	866	131.905925	-8.765613	1.005764e+05	1.788026e+01	5.892771e+03	5.840925e+03	1.095243e+04	1.090851e+04	3.023666e+02	1.563619e-04	2020	4	1	12
	2216	868	131.624675	-8.578113	1.005336e+05	1.531143e+01	5.865229e+03	5.815720e+03	1.092115e+04	1.088217e+04	3.022837e+02	2.347930e-04	2020	4	1	18
	2213	868	131.202801	-8.578113	1.005191e+05	1.760505e+01	5.881792e+03	5.822549e+03	1.097855e+04	1.090488e+04	3.022087e+02	3.314598e-04	2020	4	2	0
	2211	865	130.921551	-8.859363	1.002565e+05	1.883426e+01	5.860462e+03	5.802731e+03	1.092806e+04	1.087867e+04	3.023675e+02	2.637333e-04	2020	4	2	6
	2206	869	130.218427	-8.484363	1.001749e+05	2.225991e+01	5.881770e+03	5.823972e+03	1.095270e+04	1.089865e+04	3.022583e+02	2.675728e-04	2020	4	2	12
	2205	863	130.077802	-9.046862	1.002844e+05	2.026656e+01	5.874193e+03	5.810163e+03	1.093099e+04	1.087918e+04	3.021673e+02	2.999111e-04	2020	4	2	18
	2197	862	128.952803	-9.140612	1.003188e+05	1.955260e+01	5.881313e+03	5.829574e+03	1.097166e+04	1.088916e+04	3.020095e+02	2.725894e-04	2020	4	3	0
	2188	859	127.687179	-9.421862	1.001412e+05	2.076189e+01	5.859062e+03	5.800649e+03	1.091848e+04	1.087247e+04	3.023151e+02	1.940247e-04	2020	4	3	6
	2182	857	126.843430	-9.609362	1.003728e+05	2.076460e+01	5.884927e+03	5.827677e+03	1.096985e+04	1.089697e+04	3.023159e+02	1.247263e-04	2020	4	3	12
	2170	853	125.155932	-9.984361	1.004083e+05	1.852398e+01	5.866123e+03	5.803888e+03	1.093994e+04	1.087308e+04	3.026107e+02	1.260133e-04	2020	4	3	18
	2155	853	123.046559	-9.984361	1.004086e+05	2.010718e+01	5.876080e+03	5.822669e+03	1.096284e+04	1.088744e+04	3.029189e+02	1.974820e-04	2020	4	4	0
	2145	854	121.640311	-9.890611	1.003662e+05	1.979213e+01	5.864095e+03	5.808028e+03	1.095989e+04	1.087377e+04	3.032249e+02	1.464291e-04	2020	4	4	6
	2131	860	119.671563	-9.328112	1.004892e+05	1.782682e+01	5.881737e+03	5.832192e+03	1.095886e+04	1.089624e+04	3.033062e+02	1.206720e-04	2020	4	4	12
	2120	863	118.124689	-9.046862	1.004205e+05	1.923500e+01	5.864798e+03	5.813689e+03	1.096971e+04	1.088078e+04	3.032194e+02	1.135283e-04	2020	4	4	18
	2113	858	117.140315	-9.515612	1.004178e+05	1.836002e+01	5.878848e+03	5.794118e+03	1.095407e+04	1.088667e+04	3.030296e+02	2.298916e-04	2020	4	5	0
	2100	855	115.312192	-9.796861	1.003916e+05	1.968969e+01	5.863157e+03	5.803995e+03	1.096146e+04	1.088701e+04	3.033839e+02	2.308135e-04	2020	4	5	6
	2091	854	114.046569	-9.890611	1.003197e+05	2.321505e+01	5.881057e+03	5.827235e+03	1.097939e+04	1.090081e+04	3.031768e+02	1.786329e-04	2020	4	5	12
	2077	853	112.077821	-9.984361	1.004195e+05	2.165846e+01	5.874229e+03	5.818787e+03	1.097884e+04	1.088200e+04	3.028841e+02	2.162125e-04	2020	4	5	18
	2065	850	110.390322	-10.265611	1.002455e+05	2.359087e+01	5.876628e+03	5.815085e+03	1.096440e+04	1.087984e+04	3.027082e+02	3.236304e-04	2020	4	6	0
	2054	848	108.843449	-10.453110	1.000248e+05	2.801896e+01	5.863702e+03	5.784873e+03	1.094916e+04	1.087843e+04	3.027536e+02	3.179182e-04	2020	4	6	6
	2043	846	107.296576	-10.640610	9.995037e+04	2.733528e+01	5.872584e+03	5.797429e+03	1.093237e+04	1.088048e+04	3.025069e+02	2.273070e-04	2020	4	6	12
	2033	846	105.890327	-10.640610	9.990797e+04	2.248505e+01	5.867468e+03	5.792146e+03	1.096909e+04	1.087837e+04	3.022253e+02	2.594361e-04	2020	4	6	18
	2025	842	104.765328	-11.015610	9.909291e+04	2.866105e+01	5.869838e+03	5.728622e+03	1.093974e+04	1.084836e+04	3.021835e+02	4.054413e-04	2020	4	7	0
	2018	844	103.780954	-10.828110	9.873137e+04	2.984184e+01	5.858375e+03	5.703574e+03	1.092102e+04	1.084496e+04	3.022998e+02	3.640154e-04	2020	4	7	6
	2011	842	102.796580	-11.015610	9.776166e+04	3.364420e+01	5.861829e+03	5.668055e+03	1.096140e+04	1.081778e+04	3.024339e+02	2.884122e-04	2020	4	7	12
	2006	842	102.093456	-11.015610	9.743981e+04	3.798894e+01	5.865685e+03	5.626202e+03	1.091353e+04	1.079549e+04	3.023380e+02	2.829579e-04	2020	4	7	18
	2001	839	101.390332	-11.296859	9.760359e+04	3.862145e+01	5.856844e+03	5.612814e+03	1.093886e+04	1.078569e+04	3.022547e+02	3.783453e-04	2020	4	8	0
	1996	836	100.687208	-11.578109	9.740180e+04	3.746163e+01	5.848781e+03	5.588312e+03	1.089988e+04	1.077790e+04	3.022271e+02	3.600039e-04	2020	4	8	6
	1991	834	99.984083	-11.765609	9.654903e+04	4.158285e+01	5.855294e+03	5.563318e+03	1.090962e+04	1.077144e+04	3.021988e+02	2.733697e-04	2020	4	8	12
	1987	830	99.421584	-12.140608	9.638038e+04	4.362350e+01	5.859795e+03	5.538996e+03	1.098209e+04	1.076598e+04	3.021092e+02	3.030747e-04	2020	4	8	18
	1981	827	98.577835	-12.421858	9.539957e+04	4.852860e+01	5.852542e+03	5.517166e+03	1.089470e+04	1.076268e+04	3.020365e+02	3.882500e-04	2020	4	9	0
	1976	824	97.874710	-12.703107	9.535049e+04	4.669954e+01	5.850306e+03	5.504496e+03	1.091085e+04	1.075308e+04	3.019859e+02	2.743373e-04	2020	4	9	6
	1972	822	97.312211	-12.890607	9.488514e+04	4.858956e+01	5.860124e+03	5.491118e+03	1.091453e+04	1.074488e+04	3.018762e+02	2.526988e-04	2020	4	9	12
	1968	820	96.749712	-13.078107	9.524094e+04	4.825432e+01	5.855392e+03	5.499735e+03	1.090103e+04	1.075820e+04	3.017958e+02	2.696025e-04	2020	4	9	18
	1963	817	96.046587	-13.359356	9.457927e+04	4.928122e+01	5.852816e+03	5.475042e+03	1.089693e+04	1.073242e+04	3.017242e+02	3.690449e-04	2020	4	10	0
	1958	815	95.343463	-13.546856	9.450464e+04	5.144210e+01	5.863304e+03	5.458469e+03	1.089506e+04	1.071817e+04	3.016195e+02	2.999730e-04	2020	4	10	6
	1956	810	95.062213	-14.015606	9.365434e+04	5.155760e+01	5.851136e+03	5.423918e+03	1.090151e+04	1.069620e+04	3.013915e+02	3.068954e-04	2020	4	10	12
	1952	805	94.499714	-14.484355	9.360511e+04	5.461232e+01	5.850917e+03	5.403273e+03	1.089425e+04	1.068653e+04	3.012612e+02	3.188244e-04	2020	4	10	18
	1949	802	94.077839	-14.765604	9.328683e+04	5.733884e+01	5.847376e+03	5.386072e+03	1.089919e+04	1.068078e+04	3.011879e+02	3.018489e-04	2020	4	11	0
	1946	797	93.655965	-15.234354	9.332439e+04	5.806224e+01	5.849478e+03	5.392117e+03	1.088918e+04	1.069106e+04	3.011515e+02	2.702714e-04	2020	4	11	6
	1943	792	93.234090	-15.703103	9.334994e+04	5.883148e+01	5.854755e+03	5.366569e+03	1.089188e+04	1.067472e+04	3.010120e+02	2.596267e-04	2020	4	11	12
	1939	788	92.671591	-16.078103	9.355537e+04	5.483102e+01	5.864745e+03	5.395684e+03	1.090175e+04	1.070959e+04	3.009639e+02	2.426250e-04	2020	4	11	18
	1935	783	92.109091	-16.546852	9.374928e+04	5.357061e+01	5.865190e+03	5.387278e+03	1.091045e+04	1.069361e+04	3.007941e+02	2.556845e-04	2020	4	12	0
	1931	778	91.546592	-17.015601	9.477962e+04	5.109669e+01	5.865902e+03	5.438581e+03	1.091500e+04	1.074544e+04	3.007573e+02	2.300825e-04	2020	4	12	6
	1926	774	90.843468	-17.390601	9.466533e+04	5.143679e+01	5.867558e+03	5.468065e+03	1.091844e+04	1.074937e+04	3.007662e+02	2.231760e-04	2020	4	12	12
	1923	769	90.421593	-17.859350	9.562180e+04	5.182592e+01	5.869994e+03	5.480478e+03	1.090166e+04	1.075353e+04	3.006950e+02	2.065226e-04	2020	4	12	18
	1919	762	89.859094	-18.515599	9.620245e+04	4.593222e+01	5.859764e+03	5.588609e+03	1.090712e+04	1.078788e+04	3.006528e+02	1.609396e-04	2020	4	13	0
	1918	756	89.718469	-19.078098	9.688622e+04	4.013667e+01	5.862062e+03	5.628522e+03	1.091131e+04	1.081421e+04	3.005757e+02	1.598181e-04	2020	4	13	6
	1917	747	89.577844	-19.921847	9.702962e+04	4.110611e+01	5.868292e+03	5.661194e+03	1.090054e+04	1.081576e+04	3.003473e+02	1.667687e-04	2020	4	13	12
	1917	740	89.577844	-20.578096	9.821797e+04	3.505507e+01	5.875960e+03	5.745611e+03	1.090127e+04	1.081251e+04	2.998475e+02	1.679990e-04	2020	4	13	18
	1919	734	89.859094	-21.140596	9.863450e+04	3.383382e+01	5.865399e+03	5.748038e+03	1.093912e+04	1.080873e+04	2.999048e+02	2.513808e-04	2020	4	14	0
	1926	723	90.843468	-22.171844	9.944473e+04	3.125960e+01	5.878504e+03	5.743048e+03	1.090972e+04	1.078770e+04	2.998871e+02	2.897228e-04	2020	4	14	6
	1934	705	91.968467	-23.859342	9.946798e+04	3.236250e+01	5.871574e+03	5.755929e+03	1.088746e+04	1.077448e+04	2.997698e+02	3.099109e-04	2020	4	14	12
	1941	697	92.952841	-24.609341	9.956030e+04	2.707682e+01	5.869839e+03	5.753980e+03	1.092523e+04	1.075415e+04	2.996191e+02	3.560778e-04	2020	4	14	18
	1947	690	93.796590	-25.265590	9.946333e+04	2.717867e+01	5.865756e+03	5.755263e+03	1.089784e+04	1.073281e+04	2.992132e+02	2.881745e-04	2020	4	15	0
	1955	677	94.921589	-26.484338	9.963654e+04	2.928079e+01	5.862445e+03	5.722292e+03	1.088870e+04	1.072388e+04	2.988338e+02	2.453862e-04	2020	4	15	6
	1963	665	96.046587	-27.609337	9.878283e+04	3.739384e+01	5.865505e+03	5.664115e+03	1.089525e+04	1.070357e+04	2.981660e+02	2.842171e-04	2020	4	15	12
	1972	652	97.312211	-28.828085	9.886240e+04	3.056931e+01	5.858108e+03	5.665300e+03	1.087276e+04	1.066886e+04	2.984106e+02	1.612763e-04	2020	4	15	18
	1979	634	98.296585	-30.515583	9.846992e+04	3.189539e+01	5.836887e+03	5.629244e+03	1.083977e+04	1.059184e+04	2.981750e+02	1.432802e-04	2020	4	16	0
	1992	618	100.124708	-32.015581	9.863473e+04	3.248671e+01	5.819780e+03	5.598310e+03	1.080645e+04	1.051261e+04	2.972153e+02	1.832088e-04	2020	4	16	6
	2011	593	102.796580	-34.359327	9.818859e+04	3.103410e+01	5.804385e+03	5.545733e+03	1.077588e+04	1.041888e+04	2.949125e+02	2.324893e-04	2020	4	16	12
	2036	561	106.312202	-37.359323	9.771121e+04	3.415506e+01	5.758798e+03	5.441526e+03	1.070649e+04	1.028048e+04	2.928729e+02	2.350464e-04	2020	4	16	18
	2066	517	110.530947	-41.484317	9.694613e+04	3.086994e+01	5.695520e+03	5.316927e+03	1.060473e+04	1.010046e+04	2.913236e+02	2.963700e-04	2020	4	17	0
	2102	474	115.593442	-45.515562	9.629624e+04	3.566851e+01	5.639693e+03	5.202298e+03	1.051750e+04	9.943876e+03	2.858171e+02	2.656399e-04	2020	4	17	6
start	31	2020	4	1	18
	79	820	-168.890637	-13.078107	1.007648e+05	1.393867e+01	5.872357e+03	5.818761e+03	1.097152e+04	1.085040e+04	3.039749e+02	2.741975e-04	2020	4	1	18
	85	813	-168.046887	-13.734356	1.007061e+05	1.558038e+01	5.870305e+03	5.806795e+03	1.095104e+04	1.082211e+04	3.039399e+02	2.330564e-04	2020	4	2	0
	91	815	-167.203138	-13.546856	1.004954e+05	1.460721e+01	5.856687e+03	5.794258e+03	1.096936e+04	1.081055e+04	3.042350e+02	2.996050e-04	2020	4	2	6
	88	814	-167.625013	-13.640606	1.005460e+05	1.681775e+01	5.848787e+03	5.781516e+03	1.094646e+04	1.078162e+04	3.038489e+02	3.691249e-04	2020	4	2	12
	93	807	-166.921889	-14.296855	1.003502e+05	1.859697e+01	5.855882e+03	5.758724e+03	1.095509e+04	1.078290e+04	3.036947e+02	3.543221e-04	2020	4	2	18
	97	779	-166.359389	-16.921851	1.002373e+05	2.023705e+01	5.846503e+03	5.728272e+03	1.091440e+04	1.070697e+04	3.033997e+02	3.649847e-04	2020	4	3	0
	109	764	-164.671891	-18.328100	9.997320e+04	2.130819e+01	5.847408e+03	5.728688e+03	1.093933e+04	1.070799e+04	3.028617e+02	3.129638e-04	2020	4	3	6
	119	732	-163.265642	-21.328095	9.994623e+04	2.072579e+01	5.844008e+03	5.702561e+03	1.090659e+04	1.068120e+04	3.020163e+02	3.942937e-04	2020	4	3	12
	118	707	-163.406267	-23.671842	9.991206e+04	2.297297e+01	5.859946e+03	5.701663e+03	1.091322e+04	1.069330e+04	3.005052e+02	3.353471e-04	2020	4	3	18
	101	669	-165.796890	-27.234337	9.960640e+04	1.994648e+01	5.826355e+03	5.686035e+03	1.087925e+04	1.068421e+04	2.994004e+02	4.015461e-04	2020	4	4	0
	86	655	-167.906263	-28.546835	9.926022e+04	2.364339e+01	5.816298e+03	5.671327e+03	1.085899e+04	1.069114e+04	2.991892e+02	3.074309e-04	2020	4	4	6
	73	664	-169.734386	-27.703087	9.905368e+04	2.552140e+01	5.772899e+03	5.663603e+03	1.076840e+04	1.069535e+04	2.991745e+02	1.948981e-04	2020	4	4	12
	76	667	-169.312511	-27.421837	9.888620e+04	1.907275e+01	5.791489e+03	5.669603e+03	1.079461e+04	1.068839e+04	2.991605e+02	1.255043e-04	2020	4	4	18
	79	655	-168.890637	-28.546835	9.899323e+04	2.022913e+01	5.787660e+03	5.670449e+03	1.079984e+04	1.068214e+04	2.991281e+02	9.912897e-05	2020	4	5	0
	86	644	-167.906263	-29.578084	9.905398e+04	1.983965e+01	5.795072e+03	5.677220e+03	1.081044e+04	1.067374e+04	2.985477e+02	8.924230e-05	2020	4	5	6
	94	624	-166.781264	-31.453081	9.911655e+04	2.291681e+01	5.785130e+03	5.649305e+03	1.079003e+04	1.061586e+04	2.973864e+02	1.958408e-04	2020	4	5	12
	99	610	-166.078140	-32.765579	9.890574e+04	2.073684e+01	5.769808e+03	5.633165e+03	1.076423e+04	1.055585e+04	2.966521e+02	2.856494e-04	2020	4	5	18
	104	593	-165.375015	-34.359327	9.853038e+04	2.250315e+01	5.747069e+03	5.592771e+03	1.074812e+04	1.050473e+04	2.959582e+02	3.766367e-04	2020	4	6	0
	105	576	-165.234390	-35.953075	9.806297e+04	3.020771e+01	5.730689e+03	5.544412e+03	1.072198e+04	1.048321e+04	2.949415e+02	4.047863e-04	2020	4	6	6
	92	565	-167.062513	-36.984324	9.750593e+04	3.408939e+01	5.669787e+03	5.485092e+03	1.063468e+04	1.047108e+04	2.936346e+02	3.499782e-04	2020	4	6	12
	97	567	-166.359389	-36.796824	9.712191e+04	3.279705e+01	5.689509e+03	5.452534e+03	1.063268e+04	1.043664e+04	2.937601e+02	2.591897e-04	2020	4	6	18
	98	561	-166.218764	-37.359323	9.717741e+04	2.645601e+01	5.666082e+03	5.440440e+03	1.060623e+04	1.041405e+04	2.934087e+02	1.150344e-04	2020	4	7	0
	108	549	-164.812516	-38.484322	9.708533e+04	2.525656e+01	5.638797e+03	5.434558e+03	1.057057e+04	1.039752e+04	2.927818e+02	9.494408e-05	2020	4	7	6
	117	542	-163.546892	-39.140571	9.728795e+04	2.297011e+01	5.657674e+03	5.421090e+03	1.057253e+04	1.037365e+04	2.924874e+02	1.044055e-04	2020	4	7	12
	132	533	-161.437519	-39.984319	9.727990e+04	2.517019e+01	5.661549e+03	5.411115e+03	1.056872e+04	1.034504e+04	2.922237e+02	1.033177e-04	2020	4	7	18
	154	519	-158.343773	-41.296818	9.727574e+04	2.546053e+01	5.642334e+03	5.387644e+03	1.054274e+04	1.030847e+04	2.911837e+02	8.643577e-05	2020	4	8	0
	171	501	-155.953150	-42.984315	9.694544e+04	2.408061e+01	5.595687e+03	5.358365e+03	1.048350e+04	1.025779e+04	2.897589e+02	1.232090e-04	2020	4	8	6
	188	487	-153.562528	-44.296813	9.679631e+04	2.392361e+01	5.549841e+03	5.331373e+03	1.042244e+04	1.019194e+04	2.895911e+02	1.354084e-04	2020	4	8	12
	211	473	-150.328156	-45.609312	9.669666e+04	2.413346e+01	5.512365e+03	5.310997e+03	1.038541e+04	1.012999e+04	2.880055e+02	1.292574e-04	2020	4	8	18
	235	458	-146.953159	-47.015560	9.656364e+04	2.744503e+01	5.479907e+03	5.264997e+03	1.035499e+04	1.005190e+04	2.872046e+02	1.117392e-04	2020	4	9	0
	262	448	-143.156288	-47.953058	9.652832e+04	2.699521e+01	5.468941e+03	5.211465e+03	1.033646e+04	9.971264e+03	2.861884e+02	1.121441e-04	2020	4	9	6
start	33	2020	4	4	0
	1729	828	63.140372	-12.328108	1.006979e+05	1.179913e+01	5.856022e+03	5.811021e+03	1.091808e+04	1.087182e+04	3.024675e+02	1.741253e-04	2020	4	4	0
	1725	828	62.577872	-12.328108	1.009379e+05	1.332379e+01	5.884209e+03	5.846630e+03	1.095180e+04	1.089160e+04	3.022734e+02	1.668523e-04	2020	4	4	6
	1723	838	62.296623	-11.390609	1.007589e+05	1.243941e+01	5.862870e+03	5.825338e+03	1.093774e+04	1.086631e+04	3.026462e+02	1.631235e-04	2020	4	4	12
	1729	838	63.140372	-11.390609	1.009140e+05	1.148919e+01	5.896889e+03	5.847200e+03	1.094877e+04	1.088806e+04	3.024157e+02	1.342014e-04	2020	4	4	18
	1732	835	63.562246	-11.671859	1.008041e+05	1.244237e+01	5.861714e+03	5.814894e+03	1.093892e+04	1.086420e+04	3.021536e+02	1.831808e-04	2020	4	5	0
	1734	834	63.843496	-11.765609	1.010268e+05	1.471138e+01	5.886093e+03	5.847992e+03	1.098150e+04	1.088777e+04	3.020272e+02	2.253254e-04	2020	4	5	6
	1730	834	63.280996	-11.765609	1.008853e+05	1.426382e+01	5.873383e+03	5.824128e+03	1.097419e+04	1.087295e+04	3.024059e+02	1.431650e-04	2020	4	5	12
	1723	834	62.296623	-11.765609	1.011005e+05	1.433442e+01	5.895373e+03	5.843469e+03	1.096221e+04	1.089302e+04	3.022340e+02	1.329094e-04	2020	4	5	18
	1720	835	61.874748	-11.671859	1.008135e+05	1.609557e+01	5.864375e+03	5.814860e+03	1.094678e+04	1.086678e+04	3.022131e+02	1.791415e-04	2020	4	6	0
	1711	837	60.609124	-11.484359	1.010564e+05	1.602641e+01	5.890634e+03	5.843992e+03	1.094041e+04	1.089245e+04	3.026082e+02	1.426824e-04	2020	4	6	6
	1704	835	59.624750	-11.671859	1.007228e+05	1.594779e+01	5.874598e+03	5.813012e+03	1.095010e+04	1.086767e+04	3.028857e+02	1.628406e-04	2020	4	6	12
	1700	838	59.062251	-11.390609	1.008641e+05	1.739901e+01	5.885377e+03	5.828358e+03	1.095201e+04	1.087412e+04	3.027141e+02	2.031055e-04	2020	4	6	18
	1687	835	57.234128	-11.671859	1.006032e+05	1.847072e+01	5.866693e+03	5.792618e+03	1.093261e+04	1.086632e+04	3.028459e+02	2.269696e-04	2020	4	7	0
	1682	835	56.531004	-11.671859	1.004974e+05	1.891004e+01	5.885960e+03	5.804702e+03	1.093695e+04	1.088120e+04	3.027321e+02	1.486247e-04	2020	4	7	6
	1674	836	55.406005	-11.578109	1.000897e+05	2.285037e+01	5.867348e+03	5.771884e+03	1.091288e+04	1.086562e+04	3.032752e+02	1.459285e-04	2020	4	7	12
	1665	836	54.140381	-11.578109	1.000727e+05	2.665294e+01	5.891924e+03	5.766356e+03	1.096807e+04	1.087307e+04	3.031730e+02	1.604299e-04	2020	4	7	18
	1656	836	52.874757	-11.578109	9.945350e+04	2.951550e+01	5.874242e+03	5.721030e+03	1.092394e+04	1.083911e+04	3.028031e+02	2.418223e-04	2020	4	8	0
	1646	840	51.468509	-11.203109	9.965819e+04	3.013090e+01	5.886148e+03	5.736676e+03	1.095749e+04	1.085671e+04	3.026413e+02	3.175077e-04	2020	4	8	6
	1638	844	50.343510	-10.828110	9.872988e+04	2.978215e+01	5.865043e+03	5.703813e+03	1.092200e+04	1.083728e+04	3.028236e+02	2.346303e-04	2020	4	8	12
	1628	847	48.937261	-10.546860	9.874470e+04	3.225688e+01	5.884095e+03	5.703696e+03	1.092885e+04	1.084495e+04	3.026322e+02	2.124421e-04	2020	4	8	18
	1621	851	47.952887	-10.171861	9.800733e+04	3.422672e+01	5.859071e+03	5.659857e+03	1.090520e+04	1.081642e+04	3.025528e+02	2.569264e-04	2020	4	9	0
	1613	852	46.827889	-10.078111	9.803221e+04	3.684444e+01	5.881200e+03	5.697014e+03	1.092190e+04	1.084687e+04	3.028757e+02	2.623754e-04	2020	4	9	6
	1607	854	45.984140	-9.890611	9.797997e+04	3.770409e+01	5.860736e+03	5.692273e+03	1.091662e+04	1.083971e+04	3.030979e+02	2.784149e-04	2020	4	9	12
	1602	851	45.281015	-10.171861	9.840766e+04	3.491444e+01	5.877730e+03	5.710307e+03	1.093247e+04	1.085172e+04	3.028083e+02	2.222053e-04	2020	4	9	18
	1594	851	44.156016	-10.171861	9.813155e+04	3.549419e+01	5.851642e+03	5.689375e+03	1.089503e+04	1.082868e+04	3.027052e+02	1.819663e-04	2020	4	10	0
	1588	855	43.312267	-9.796861	9.872707e+04	3.405665e+01	5.871669e+03	5.744705e+03	1.092276e+04	1.085942e+04	3.026662e+02	2.631251e-04	2020	4	10	6
	1582	854	42.468518	-9.890611	9.873448e+04	3.313611e+01	5.857582e+03	5.715022e+03	1.090677e+04	1.084846e+04	3.027863e+02	2.208549e-04	2020	4	10	12
	1577	855	41.765394	-9.796861	9.831093e+04	3.485927e+01	5.867448e+03	5.722038e+03	1.090186e+04	1.085532e+04	3.026835e+02	2.173731e-04	2020	4	10	18
	1571	854	40.921645	-9.890611	9.819108e+04	3.508361e+01	5.855582e+03	5.692296e+03	1.087958e+04	1.083394e+04	3.024416e+02	2.203287e-04	2020	4	11	0
	1566	854	40.218521	-9.890611	9.870907e+04	3.346105e+01	5.867109e+03	5.728771e+03	1.092433e+04	1.085359e+04	3.022358e+02	2.389327e-04	2020	4	11	6
	1559	854	39.234147	-9.890611	9.977866e+04	1.892005e+01	5.847188e+03	5.730970e+03	1.090104e+04	1.084355e+04	3.025245e+02	1.774013e-04	2020	4	11	12
	1558	854	39.093522	-9.890611	1.004940e+05	1.231787e+01	5.872138e+03	5.788884e+03	1.091125e+04	1.086401e+04	3.022410e+02	1.794839e-04	2020	4	11	18
	1555	853	38.671647	-9.984361	1.007208e+05	1.212160e+01	5.844629e+03	5.798032e+03	1.088466e+04	1.084577e+04	3.021989e+02	1.550400e-04	2020	4	12	0
start	31	2020	4	5	6
	2454	835	165.093390	-11.671859	1.005439e+05	1.478154e+01	5.863879e+03	5.819283e+03	1.094754e+04	1.089029e+04	3.035000e+02	1.806151e-04	2020	4	5	6
	2445	837	163.827767	-11.484359	1.007041e+05	1.550965e+01	5.863666e+03	5.816650e+03	1.095372e+04	1.088897e+04	3.034375e+02	2.442582e-04	2020	4	5	12
	2451	842	164.671516	-11.015610	1.005013e+05	1.543845e+01	5.861086e+03	5.799892e+03	1.093552e+04	1.088023e+04	3.033385e+02	3.693840e-04	2020	4	5	18
	2457	837	165.515265	-11.484359	1.006298e+05	1.495014e+01	5.860811e+03	5.816083e+03	1.093392e+04	1.089051e+04	3.031231e+02	3.215434e-04	2020	4	6	0
	2460	832	165.937140	-11.953108	1.002972e+05	1.527912e+01	5.852500e+03	5.792888e+03	1.093501e+04	1.088033e+04	3.032902e+02	3.456812e-04	2020	4	6	6
	2456	834	165.374640	-11.765609	1.004065e+05	1.510471e+01	5.862361e+03	5.793146e+03	1.093485e+04	1.087854e+04	3.029878e+02	4.215436e-04	2020	4	6	12
	2459	831	165.796515	-12.046858	9.997631e+04	1.859057e+01	5.840967e+03	5.763174e+03	1.091969e+04	1.085989e+04	3.028410e+02	5.476539e-04	2020	4	6	18
	2460	829	165.937140	-12.234358	1.000944e+05	2.081766e+01	5.851850e+03	5.770889e+03	1.093867e+04	1.087611e+04	3.028012e+02	4.173450e-04	2020	4	7	0
	2464	829	166.499639	-12.234358	9.957152e+04	2.539576e+01	5.841159e+03	5.748425e+03	1.092596e+04	1.085895e+04	3.028161e+02	3.841139e-04	2020	4	7	6
	2469	827	167.202763	-12.421858	9.952683e+04	2.734044e+01	5.859065e+03	5.736263e+03	1.092320e+04	1.086015e+04	3.025963e+02	3.776119e-04	2020	4	7	12
	2472	827	167.624638	-12.421858	9.887031e+04	2.832678e+01	5.846086e+03	5.715791e+03	1.092618e+04	1.084867e+04	3.026074e+02	4.309171e-04	2020	4	7	18
	2475	821	168.046512	-12.984357	9.866314e+04	3.280346e+01	5.859953e+03	5.716798e+03	1.094185e+04	1.085572e+04	3.025687e+02	4.119014e-04	2020	4	8	0
	2477	817	168.327762	-13.359356	9.799909e+04	3.408532e+01	5.841744e+03	5.687162e+03	1.093493e+04	1.083745e+04	3.025468e+02	3.852594e-04	2020	4	8	6
	2478	813	168.468387	-13.734356	9.773371e+04	3.779136e+01	5.846694e+03	5.680237e+03	1.093896e+04	1.086120e+04	3.023926e+02	4.473549e-04	2020	4	8	12
	2481	809	168.890261	-14.109355	9.740930e+04	3.681452e+01	5.848521e+03	5.618285e+03	1.094524e+04	1.080473e+04	3.023499e+02	4.710670e-04	2020	4	8	18
	2481	806	168.890261	-14.390605	9.747227e+04	3.891452e+01	5.850073e+03	5.681752e+03	1.091935e+04	1.083708e+04	3.023263e+02	3.034310e-04	2020	4	9	0
	2482	800	169.030886	-14.953104	9.783930e+04	3.732158e+01	5.845848e+03	5.623875e+03	1.091363e+04	1.079400e+04	3.023219e+02	3.003035e-04	2020	4	9	6
	2481	793	168.890261	-15.609353	9.829658e+04	3.780966e+01	5.858632e+03	5.729933e+03	1.091892e+04	1.084623e+04	3.021173e+02	2.922487e-04	2020	4	9	12
	2479	787	168.609012	-16.171853	9.826486e+04	4.263577e+01	5.854700e+03	5.724316e+03	1.090605e+04	1.085052e+04	3.020408e+02	3.377437e-04	2020	4	9	18
	2477	780	168.327762	-16.828102	9.956344e+04	3.359467e+01	5.867685e+03	5.772035e+03	1.092592e+04	1.086295e+04	3.020707e+02	2.426521e-04	2020	4	10	0
	2476	774	168.187137	-17.390601	9.923656e+04	3.199265e+01	5.862237e+03	5.723251e+03	1.092178e+04	1.084946e+04	3.021490e+02	2.388939e-04	2020	4	10	6
	2471	769	167.484013	-17.859350	9.948416e+04	3.073501e+01	5.878456e+03	5.786346e+03	1.093671e+04	1.086712e+04	3.020156e+02	2.261178e-04	2020	4	10	12
	2464	763	166.499639	-18.421849	9.931688e+04	2.937059e+01	5.865395e+03	5.789749e+03	1.091193e+04	1.085974e+04	3.019075e+02	2.350026e-04	2020	4	10	18
	2456	759	165.374640	-18.796849	9.919129e+04	3.210450e+01	5.872499e+03	5.724240e+03	1.093291e+04	1.085194e+04	3.012582e+02	2.310378e-04	2020	4	11	0
	2451	752	164.671516	-19.453098	9.917323e+04	3.172045e+01	5.871017e+03	5.733931e+03	1.092465e+04	1.084686e+04	3.011518e+02	1.599296e-04	2020	4	11	6
	2443	749	163.546517	-19.734348	1.000653e+05	2.664663e+01	5.875475e+03	5.817160e+03	1.093521e+04	1.084363e+04	3.009443e+02	1.753572e-04	2020	4	11	12
	2436	749	162.562143	-19.734348	9.990441e+04	2.369966e+01	5.862008e+03	5.813366e+03	1.090998e+04	1.082315e+04	3.010807e+02	2.197704e-04	2020	4	11	18
	2429	743	161.577769	-20.296847	1.001406e+05	2.555653e+01	5.873989e+03	5.823980e+03	1.092543e+04	1.082872e+04	3.010745e+02	1.933450e-04	2020	4	12	0
	2422	742	160.593395	-20.390597	1.000070e+05	2.584541e+01	5.858818e+03	5.806747e+03	1.090840e+04	1.081483e+04	3.016447e+02	1.582207e-04	2020	4	12	6
	2418	739	160.030896	-20.671846	1.001849e+05	2.990174e+01	5.877985e+03	5.795545e+03	1.093382e+04	1.082993e+04	3.008469e+02	1.877968e-04	2020	4	12	12
	2412	740	159.187147	-20.578096	9.985100e+04	2.681963e+01	5.858062e+03	5.819018e+03	1.090494e+04	1.080753e+04	3.009226e+02	1.362730e-04	2020	4	12	18
start	18	2020	4	12	6
	2545	822	177.890252	-12.890607	1.007366e+05	1.596241e+01	5.867360e+03	5.829168e+03	1.094041e+04	1.089048e+04	3.041305e+02	1.828555e-04	2020	4	12	6
	2533	828	176.202754	-12.328108	1.009105e+05	1.477907e+01	5.881017e+03	5.828472e+03	1.093893e+04	1.089546e+04	3.034689e+02	2.146182e-04	2020	4	12	12
	2535	823	176.484004	-12.796857	1.006698e+05	1.643861e+01	5.864737e+03	5.815428e+03	1.092909e+04	1.087568e+04	3.033658e+02	3.064470e-04	2020	4	12	18
	2532	820	176.062129	-13.078107	1.007929e+05	1.524100e+01	5.869856e+03	5.817288e+03	1.094781e+04	1.089027e+04	3.032860e+02	2.715880e-04	2020	4	13	0
	2526	821	175.218380	-12.984357	1.005313e+05	1.506229e+01	5.856905e+03	5.810681e+03	1.096179e+04	1.088026e+04	3.036747e+02	2.800896e-04	2020	4	13	6
	2518	826	174.093381	-12.515608	1.007163e+05	1.425600e+01	5.873972e+03	5.821825e+03	1.098280e+04	1.088228e+04	3.033698e+02	2.802739e-04	2020	4	13	12
	2520	818	174.374631	-13.265607	1.005805e+05	1.871926e+01	5.859682e+03	5.816231e+03	1.095178e+04	1.087778e+04	3.030769e+02	3.266433e-04	2020	4	13	18
	2515	814	173.671506	-13.640606	1.007478e+05	2.037310e+01	5.875105e+03	5.819634e+03	1.095034e+04	1.088114e+04	3.030128e+02	2.826127e-04	2020	4	14	0
	2504	812	172.124633	-13.828106	1.004617e+05	1.882666e+01	5.862753e+03	5.792744e+03	1.093801e+04	1.088542e+04	3.034048e+02	3.441070e-04	2020	4	14	6
	2509	806	172.827757	-14.390605	1.004343e+05	1.865611e+01	5.870222e+03	5.794791e+03	1.094695e+04	1.088830e+04	3.029882e+02	4.389002e-04	2020	4	14	12
	2500	803	171.562134	-14.671855	1.001541e+05	2.242067e+01	5.877865e+03	5.783578e+03	1.095284e+04	1.087634e+04	3.027400e+02	4.121956e-04	2020	4	14	18
	2496	797	170.999634	-15.234354	1.003048e+05	2.375515e+01	5.876048e+03	5.804967e+03	1.095454e+04	1.089023e+04	3.026828e+02	3.116812e-04	2020	4	15	0
	2491	798	170.296510	-15.140604	1.000340e+05	2.217644e+01	5.870407e+03	5.767680e+03	1.093931e+04	1.086492e+04	3.026627e+02	3.080761e-04	2020	4	15	6
	2488	796	169.874635	-15.328104	1.001678e+05	2.524915e+01	5.880282e+03	5.801472e+03	1.094583e+04	1.087751e+04	3.022590e+02	3.404846e-04	2020	4	15	12
	2495	790	170.859009	-15.890603	9.996966e+04	2.679923e+01	5.863217e+03	5.761412e+03	1.092788e+04	1.085323e+04	3.020463e+02	4.355179e-04	2020	4	15	18
	2499	784	171.421509	-16.453102	1.003194e+05	3.013832e+01	5.877460e+03	5.769340e+03	1.092998e+04	1.084716e+04	3.018183e+02	3.905144e-04	2020	4	16	0
	2492	790	170.437135	-15.890603	1.002799e+05	2.625963e+01	5.864423e+03	5.791017e+03	1.094062e+04	1.083416e+04	3.018764e+02	3.810659e-04	2020	4	16	6
	2487	793	169.734011	-15.609353	1.005377e+05	1.892592e+01	5.871861e+03	5.792525e+03	1.092018e+04	1.084559e+04	3.017444e+02	2.706898e-04	2020	4	16	12
start	26	2020	4	12	18
	1782	814	70.593489	-13.640606	1.005674e+05	1.724586e+01	5.872857e+03	5.821076e+03	1.091634e+04	1.086186e+04	3.019485e+02	1.267519e-04	2020	4	12	18
	1777	816	69.890365	-13.453106	1.004084e+05	1.599574e+01	5.850108e+03	5.800278e+03	1.091569e+04	1.083921e+04	3.018882e+02	1.798308e-04	2020	4	13	0
	1774	816	69.468490	-13.453106	1.006607e+05	1.645442e+01	5.870136e+03	5.832030e+03	1.092638e+04	1.086356e+04	3.018856e+02	1.261269e-04	2020	4	13	6
	1770	817	68.905991	-13.359356	1.004321e+05	1.487166e+01	5.857197e+03	5.813181e+03	1.092808e+04	1.085571e+04	3.021865e+02	7.949497e-05	2020	4	13	12
	1763	821	67.921617	-12.984357	1.007061e+05	1.642061e+01	5.874669e+03	5.839447e+03	1.091999e+04	1.087099e+04	3.020302e+02	9.609538e-05	2020	4	13	18
	1755	822	66.796618	-12.890607	1.005138e+05	1.712101e+01	5.857919e+03	5.813254e+03	1.090119e+04	1.084563e+04	3.019817e+02	1.421209e-04	2020	4	14	0
	1749	825	65.952869	-12.609357	1.007447e+05	1.547465e+01	5.874625e+03	5.827903e+03	1.094084e+04	1.087174e+04	3.018953e+02	1.169877e-04	2020	4	14	6
	1745	825	65.390369	-12.609357	1.005682e+05	1.524488e+01	5.862894e+03	5.816247e+03	1.095266e+04	1.086542e+04	3.021825e+02	7.076412e-05	2020	4	14	12
	1742	833	64.968495	-11.859359	1.007358e+05	1.539325e+01	5.881337e+03	5.838334e+03	1.094577e+04	1.088009e+04	3.022518e+02	1.113509e-04	2020	4	14	18
	1739	835	64.546620	-11.671859	1.005558e+05	1.363848e+01	5.863758e+03	5.815414e+03	1.090702e+04	1.085944e+04	3.021846e+02	1.832121e-04	2020	4	15	0
	1739	834	64.546620	-11.765609	1.007952e+05	1.286568e+01	5.881643e+03	5.832937e+03	1.092874e+04	1.088527e+04	3.020583e+02	1.367197e-04	2020	4	15	6
	1738	837	64.405995	-11.484359	1.005767e+05	1.479173e+01	5.871571e+03	5.818937e+03	1.092287e+04	1.086809e+04	3.023206e+02	1.568689e-04	2020	4	15	12
	1739	840	64.546620	-11.203109	1.008579e+05	1.451131e+01	5.898734e+03	5.843560e+03	1.095950e+04	1.089215e+04	3.023244e+02	1.694344e-04	2020	4	15	18
	1737	833	64.265370	-11.859359	1.006852e+05	1.480504e+01	5.870591e+03	5.813400e+03	1.095456e+04	1.086666e+04	3.020377e+02	2.700440e-04	2020	4	16	0
	1733	830	63.702871	-12.140608	1.009259e+05	1.810859e+01	5.892790e+03	5.844301e+03	1.094925e+04	1.089507e+04	3.018813e+02	2.010827e-04	2020	4	16	6
	1725	829	62.577872	-12.234358	1.006856e+05	1.565220e+01	5.878255e+03	5.828496e+03	1.096518e+04	1.088608e+04	3.027458e+02	1.573554e-04	2020	4	16	12
	1720	829	61.874748	-12.234358	1.008689e+05	1.814697e+01	5.895198e+03	5.837040e+03	1.094618e+04	1.089482e+04	3.024999e+02	2.093048e-04	2020	4	16	18
	1709	825	60.327875	-12.609357	1.006075e+05	1.724285e+01	5.871334e+03	5.814589e+03	1.094016e+04	1.087056e+04	3.023677e+02	1.977856e-04	2020	4	17	0
	1704	821	59.624750	-12.984357	1.008467e+05	1.449717e+01	5.891529e+03	5.847965e+03	1.095657e+04	1.089545e+04	3.023559e+02	1.612213e-04	2020	4	17	6
	1696	815	58.499751	-13.546856	1.006642e+05	1.418783e+01	5.875973e+03	5.834118e+03	1.095471e+04	1.088322e+04	3.025204e+02	1.805679e-04	2020	4	17	12
	1690	813	57.656002	-13.734356	1.008186e+05	1.261127e+01	5.889606e+03	5.839743e+03	1.095199e+04	1.088652e+04	3.019148e+02	2.791800e-04	2020	4	17	18
	1691	810	57.796627	-14.015606	1.005928e+05	1.521288e+01	5.865830e+03	5.799633e+03	1.095530e+04	1.086036e+04	3.017628e+02	3.057727e-04	2020	4	18	0
	1687	800	57.234128	-14.953104	1.006927e+05	1.754573e+01	5.889386e+03	5.827617e+03	1.095813e+04	1.087443e+04	3.015430e+02	2.047728e-04	2020	4	18	6
	1684	794	56.812253	-15.515603	1.004911e+05	2.038096e+01	5.869449e+03	5.803709e+03	1.092070e+04	1.085752e+04	3.018773e+02	2.041607e-04	2020	4	18	12
	1674	790	55.406005	-15.890603	1.006983e+05	2.038036e+01	5.878163e+03	5.821035e+03	1.093744e+04	1.086353e+04	3.015767e+02	2.583881e-04	2020	4	18	18
	1670	791	54.843505	-15.796853	1.006050e+05	1.992011e+01	5.865883e+03	5.809754e+03	1.091383e+04	1.084746e+04	3.013451e+02	2.316560e-04	2020	4	19	0
start	21	2020	4	13	6
	1045	864	-33.047028	-8.953113	1.008232e+05	1.629943e+01	5.857874e+03	5.808014e+03	1.091048e+04	1.084816e+04	3.042291e+02	2.976674e-04	2020	4	13	6
	1045	871	-33.047028	-8.296863	1.009763e+05	1.130745e+01	5.877294e+03	5.830688e+03	1.092758e+04	1.087795e+04	3.041900e+02	3.028346e-04	2020	4	13	12
	1048	871	-32.625154	-8.296863	1.007355e+05	1.285126e+01	5.857553e+03	5.810076e+03	1.093988e+04	1.085734e+04	3.048146e+02	3.367465e-04	2020	4	13	18
	1055	860	-31.640780	-9.328112	1.008387e+05	1.346924e+01	5.870675e+03	5.816500e+03	1.096977e+04	1.086690e+04	3.046504e+02	4.071784e-04	2020	4	14	0
	1053	859	-31.922029	-9.421862	1.006502e+05	1.369002e+01	5.854583e+03	5.803005e+03	1.091857e+04	1.085291e+04	3.042422e+02	4.220111e-04	2020	4	14	6
	1051	857	-32.203279	-9.609362	1.007430e+05	1.480182e+01	5.870407e+03	5.821403e+03	1.095463e+04	1.087075e+04	3.040839e+02	3.381647e-04	2020	4	14	12
	1041	850	-33.609528	-10.265611	1.005017e+05	1.784361e+01	5.852743e+03	5.793951e+03	1.092399e+04	1.085812e+04	3.043161e+02	3.138664e-04	2020	4	14	18
	1047	854	-32.765778	-9.890611	1.006462e+05	1.657749e+01	5.872503e+03	5.813180e+03	1.092582e+04	1.086671e+04	3.040718e+02	2.889973e-04	2020	4	15	0
	1044	846	-33.187653	-10.640610	1.003650e+05	1.866978e+01	5.849051e+03	5.778479e+03	1.091127e+04	1.084165e+04	3.038723e+02	2.888388e-04	2020	4	15	6
	1036	847	-34.312652	-10.546860	1.003086e+05	2.044092e+01	5.870819e+03	5.796999e+03	1.093607e+04	1.087969e+04	3.037116e+02	3.076509e-04	2020	4	15	12
	1039	839	-33.890777	-11.296859	1.000182e+05	2.454369e+01	5.855682e+03	5.762219e+03	1.092679e+04	1.084161e+04	3.036671e+02	2.865644e-04	2020	4	15	18
	1030	836	-35.156401	-11.578109	9.975324e+04	2.709985e+01	5.871245e+03	5.741436e+03	1.092605e+04	1.084255e+04	3.024543e+02	2.926632e-04	2020	4	16	0
	1026	831	-35.718900	-12.046858	9.901662e+04	3.070511e+01	5.862239e+03	5.691934e+03	1.092717e+04	1.080808e+04	3.019884e+02	2.824401e-04	2020	4	16	6
	1019	827	-36.703274	-12.421858	9.897816e+04	3.040648e+01	5.874789e+03	5.715052e+03	1.092815e+04	1.085111e+04	3.017581e+02	2.234995e-04	2020	4	16	12
	1011	822	-37.828273	-12.890607	9.876170e+04	2.950054e+01	5.862539e+03	5.694571e+03	1.093645e+04	1.083745e+04	3.013460e+02	2.115396e-04	2020	4	16	18
	1006	822	-38.531397	-12.890607	9.897515e+04	2.915967e+01	5.883756e+03	5.719108e+03	1.093153e+04	1.085196e+04	3.012078e+02	2.500688e-04	2020	4	17	0
	1000	819	-39.375147	-13.171857	9.921330e+04	2.702803e+01	5.872791e+03	5.709773e+03	1.092183e+04	1.083327e+04	3.011213e+02	2.540216e-04	2020	4	17	6
	996	815	-39.937646	-13.546856	1.001911e+05	1.484553e+01	5.883107e+03	5.775121e+03	1.092388e+04	1.086862e+04	3.009917e+02	1.579826e-04	2020	4	17	12
	989	812	-40.922020	-13.828106	1.004672e+05	1.109986e+01	5.868013e+03	5.779996e+03	1.094577e+04	1.086618e+04	3.008115e+02	1.385543e-04	2020	4	17	18
	986	809	-41.343894	-14.109355	1.008830e+05	8.527572e+00	5.880287e+03	5.814066e+03	1.091950e+04	1.088784e+04	2.965487e+02	1.528821e-04	2020	4	18	0
	984	809	-41.625144	-14.109355	1.010561e+05	9.864432e+00	5.860745e+03	5.814009e+03	1.088790e+04	1.086650e+04	2.960329e+02	1.560686e-04	2020	4	18	6
start	45	2020	4	17	0
	2215	1040	131.484050	7.546865	1.008070e+05	1.376395e+01	5.877325e+03	5.820924e+03	1.096656e+04	1.088811e+04	3.018602e+02	2.450059e-04	2020	4	17	0
	2208	1036	130.499676	7.171865	1.006538e+05	1.338743e+01	5.853919e+03	5.813215e+03	1.093644e+04	1.086960e+04	3.024561e+02	2.837565e-04	2020	4	17	6
	2198	1047	129.093428	8.203114	1.006437e+05	1.574451e+01	5.878371e+03	5.822822e+03	1.095450e+04	1.088982e+04	3.022884e+02	2.765598e-04	2020	4	17	12
	2196	1033	128.812178	6.890615	1.005454e+05	1.539757e+01	5.853292e+03	5.796088e+03	1.093183e+04	1.085380e+04	3.024996e+02	3.641308e-04	2020	4	17	18
	2191	1036	128.109054	7.171865	1.005234e+05	1.634884e+01	5.871181e+03	5.809283e+03	1.093682e+04	1.088096e+04	3.023764e+02	3.650439e-04	2020	4	18	0
	2184	1042	127.124680	7.734364	1.003008e+05	1.652958e+01	5.855666e+03	5.760672e+03	1.091236e+04	1.085892e+04	3.025107e+02	3.150778e-04	2020	4	18	6
	2179	1044	126.421556	7.921864	1.004148e+05	1.473555e+01	5.876224e+03	5.804001e+03	1.094547e+04	1.087435e+04	3.024561e+02	3.262378e-04	2020	4	18	12
	2166	1051	124.593433	8.578113	1.005174e+05	1.425255e+01	5.861474e+03	5.784747e+03	1.095823e+04	1.085926e+04	3.037985e+02	2.674007e-04	2020	4	18	18
	2161	1050	123.890308	8.484363	1.005463e+05	1.681724e+01	5.884521e+03	5.804018e+03	1.093635e+04	1.086059e+04	3.036721e+02	1.717615e-04	2020	4	19	0
	2153	1043	122.765309	7.828114	1.003657e+05	1.590077e+01	5.862244e+03	5.791266e+03	1.092725e+04	1.086623e+04	3.049237e+02	2.468047e-04	2020	4	19	6
	2153	1046	122.765309	8.109364	1.003284e+05	1.870649e+01	5.880259e+03	5.805405e+03	1.096552e+04	1.086306e+04	3.034437e+02	3.425445e-04	2020	4	19	12
	2144	1052	121.499686	8.671863	1.001836e+05	2.096775e+01	5.874684e+03	5.783849e+03	1.091724e+04	1.086290e+04	3.034004e+02	2.894380e-04	2020	4	19	18
	2136	1058	120.374687	9.234362	1.000268e+05	2.073717e+01	5.883825e+03	5.775259e+03	1.094027e+04	1.086510e+04	3.026378e+02	2.846196e-04	2020	4	20	0
	2133	1060	119.952812	9.421862	9.961527e+04	2.890979e+01	5.865681e+03	5.773982e+03	1.092561e+04	1.085717e+04	3.041102e+02	3.625647e-04	2020	4	20	6
	2130	1070	119.530938	10.359361	9.974923e+04	2.314826e+01	5.878684e+03	5.785014e+03	1.095021e+04	1.086440e+04	3.024676e+02	3.414109e-04	2020	4	20	12
	2121	1075	118.265314	10.828110	9.905178e+04	2.816536e+01	5.869025e+03	5.744569e+03	1.091742e+04	1.084839e+04	3.024723e+02	1.914537e-04	2020	4	20	18
	2116	1079	117.562190	11.203109	9.914669e+04	2.583684e+01	5.869234e+03	5.746590e+03	1.095489e+04	1.085500e+04	3.023055e+02	3.237869e-04	2020	4	21	0
	2114	1085	117.280940	11.765609	9.902596e+04	3.390841e+01	5.850674e+03	5.710255e+03	1.091697e+04	1.083532e+04	3.023031e+02	3.192354e-04	2020	4	21	6
	2109	1093	116.577816	12.515608	9.847824e+04	3.036350e+01	5.857955e+03	5.715457e+03	1.096375e+04	1.084354e+04	3.023376e+02	2.228679e-04	2020	4	21	12
	2105	1100	116.015317	13.171857	9.850030e+04	3.034423e+01	5.850137e+03	5.701513e+03	1.090379e+04	1.083182e+04	3.024305e+02	1.746431e-04	2020	4	21	18
	2103	1104	115.734067	13.546856	9.810002e+04	3.539096e+01	5.851533e+03	5.661023e+03	1.091476e+04	1.082795e+04	3.024033e+02	2.946139e-04	2020	4	22	0
	2102	1109	115.593442	14.015606	9.667195e+04	4.381678e+01	5.836073e+03	5.584908e+03	1.091951e+04	1.078015e+04	3.023896e+02	3.409517e-04	2020	4	22	6
	2103	1115	115.734067	14.578105	9.581532e+04	4.618583e+01	5.850729e+03	5.566802e+03	1.092028e+04	1.078873e+04	3.023384e+02	2.230143e-04	2020	4	22	12
	2104	1122	115.874692	15.234354	9.616991e+04	4.315694e+01	5.838967e+03	5.551231e+03	1.089553e+04	1.078801e+04	3.023754e+02	2.345942e-04	2020	4	22	18
	2106	1131	116.155941	16.078103	9.554959e+04	4.577578e+01	5.849327e+03	5.554047e+03	1.090132e+04	1.078815e+04	3.022899e+02	3.029603e-04	2020	4	23	0
	2108	1137	116.437191	16.640602	9.575896e+04	4.506165e+01	5.849896e+03	5.558432e+03	1.089992e+04	1.079729e+04	3.023003e+02	2.604706e-04	2020	4	23	6
	2111	1147	116.859066	17.578101	9.554408e+04	4.540765e+01	5.853651e+03	5.586426e+03	1.093307e+04	1.082428e+04	3.022663e+02	2.861494e-04	2020	4	23	12
	2111	1154	116.859066	18.234350	9.626907e+04	4.396656e+01	5.839109e+03	5.605457e+03	1.089150e+04	1.081604e+04	3.020111e+02	2.119995e-04	2020	4	23	18
	2112	1160	116.999691	18.796849	9.632709e+04	4.343990e+01	5.858756e+03	5.621205e+03	1.089899e+04	1.083673e+04	3.018862e+02	2.118263e-04	2020	4	24	0
	2112	1165	116.999691	19.265598	9.651703e+04	4.445786e+01	5.842974e+03	5.620315e+03	1.090130e+04	1.083376e+04	3.015886e+02	2.176842e-04	2020	4	24	6
	2114	1173	117.280940	20.015597	9.618447e+04	4.824510e+01	5.860375e+03	5.636159e+03	1.090968e+04	1.083911e+04	3.011870e+02	2.086550e-04	2020	4	24	12
	2115	1176	117.421565	20.296847	9.689388e+04	4.510131e+01	5.853282e+03	5.667296e+03	1.090778e+04	1.083848e+04	3.005984e+02	1.446702e-04	2020	4	24	18
	2117	1180	117.702815	20.671846	9.727202e+04	4.596174e+01	5.860475e+03	5.704145e+03	1.090381e+04	1.084540e+04	3.004882e+02	2.062634e-04	2020	4	25	0
	2120	1185	118.124689	21.140596	9.796359e+04	3.917067e+01	5.852917e+03	5.718229e+03	1.089826e+04	1.083369e+04	3.004398e+02	1.701651e-04	2020	4	25	6
	2127	1185	119.109063	21.140596	9.881858e+04	3.296192e+01	5.858673e+03	5.784120e+03	1.090433e+04	1.082840e+04	3.016080e+02	1.786586e-04	2020	4	25	12
	2134	1193	120.093437	21.890595	9.928455e+04	2.576304e+01	5.848044e+03	5.755343e+03	1.090769e+04	1.080391e+04	3.015183e+02	2.052585e-04	2020	4	25	18
	2147	1198	121.921560	22.359344	9.949209e+04	2.594565e+01	5.853504e+03	5.725154e+03	1.088756e+04	1.079247e+04	3.015252e+02	3.250117e-04	2020	4	26	0
	2156	1201	123.187184	22.640594	9.939608e+04	3.048156e+01	5.839207e+03	5.743448e+03	1.087951e+04	1.075989e+04	3.015197e+02	2.120277e-04	2020	4	26	6
	2170	1199	125.155932	22.453094	9.946320e+04	2.934713e+01	5.852885e+03	5.757960e+03	1.089739e+04	1.076958e+04	3.008765e+02	2.158800e-04	2020	4	26	12
	2182	1198	126.843430	22.359344	9.949697e+04	3.146260e+01	5.845208e+03	5.733849e+03	1.089085e+04	1.074979e+04	3.009223e+02	1.586372e-04	2020	4	26	18
	2194	1195	128.530928	22.078094	9.980236e+04	2.965157e+01	5.859672e+03	5.743627e+03	1.089238e+04	1.075484e+04	3.009144e+02	1.328132e-04	2020	4	27	0
	2204	1193	129.937177	21.890595	9.997384e+04	2.873463e+01	5.852865e+03	5.740423e+03	1.088938e+04	1.075455e+04	3.010248e+02	8.863157e-05	2020	4	27	6
	2216	1188	131.624675	21.421845	1.004247e+05	2.527849e+01	5.875813e+03	5.770589e+03	1.091207e+04	1.078190e+04	3.010877e+02	8.442326e-05	2020	4	27	12
	2225	1185	132.890299	21.140596	1.006632e+05	2.234373e+01	5.862981e+03	5.758959e+03	1.089394e+04	1.077453e+04	3.010359e+02	6.778811e-05	2020	4	27	18
	2229	1180	133.452798	20.671846	1.008349e+05	2.096913e+01	5.881380e+03	5.780682e+03	1.091058e+04	1.079617e+04	3.012442e+02	4.535195e-05	2020	4	28	0
start	18	2020	4	17	6
	1097	828	-25.734536	-12.328108	1.009147e+05	1.280218e+01	5.871236e+03	5.822004e+03	1.092828e+04	1.087277e+04	3.037842e+02	1.444383e-04	2020	4	17	6
	1092	828	-26.437660	-12.328108	1.010763e+05	1.484855e+01	5.887548e+03	5.841013e+03	1.094329e+04	1.089629e+04	3.037859e+02	1.789188e-04	2020	4	17	12
	1084	835	-27.562659	-11.671859	1.008078e+05	1.340383e+01	5.878849e+03	5.823163e+03	1.092628e+04	1.087424e+04	3.040827e+02	1.942141e-04	2020	4	17	18
	1083	828	-27.703284	-12.328108	1.010177e+05	1.235073e+01	5.896676e+03	5.833880e+03	1.095590e+04	1.089871e+04	3.037920e+02	1.385204e-04	2020	4	18	0
	1085	823	-27.422034	-12.796857	1.008453e+05	1.337655e+01	5.868658e+03	5.819750e+03	1.094070e+04	1.087161e+04	3.036447e+02	1.589737e-04	2020	4	18	6
	1076	822	-28.687658	-12.890607	1.008593e+05	1.729349e+01	5.895421e+03	5.832144e+03	1.093848e+04	1.088006e+04	3.034861e+02	1.958296e-04	2020	4	18	12
	1074	816	-28.968907	-13.453106	1.005569e+05	1.808232e+01	5.877770e+03	5.814601e+03	1.090416e+04	1.086624e+04	3.036801e+02	1.500247e-04	2020	4	18	18
	1071	816	-29.390782	-13.453106	1.005238e+05	1.646045e+01	5.882892e+03	5.809377e+03	1.093328e+04	1.086878e+04	3.032757e+02	1.242225e-04	2020	4	19	0
	1071	808	-29.390782	-14.203105	1.001615e+05	1.954405e+01	5.847899e+03	5.770221e+03	1.091204e+04	1.084008e+04	3.025624e+02	1.424289e-04	2020	4	19	6
	1069	803	-29.672032	-14.671855	9.998408e+04	2.018483e+01	5.865590e+03	5.777772e+03	1.091736e+04	1.085786e+04	3.023580e+02	1.621664e-04	2020	4	19	12
	1069	795	-29.672032	-15.421854	9.946028e+04	2.685768e+01	5.845588e+03	5.759163e+03	1.088862e+04	1.083503e+04	3.021215e+02	1.603342e-04	2020	4	19	18
	1070	791	-29.531407	-15.796853	9.940305e+04	2.820818e+01	5.880659e+03	5.798473e+03	1.090046e+04	1.083373e+04	3.019534e+02	1.406575e-04	2020	4	20	0
	1069	783	-29.672032	-16.546852	9.933147e+04	3.269384e+01	5.844580e+03	5.757365e+03	1.089596e+04	1.081850e+04	3.019104e+02	2.388390e-04	2020	4	20	6
	1067	783	-29.953281	-16.546852	1.000313e+05	2.331038e+01	5.871477e+03	5.822630e+03	1.090557e+04	1.084152e+04	3.018194e+02	1.318553e-04	2020	4	20	12
	1066	777	-30.093906	-17.109351	1.001640e+05	2.225693e+01	5.862476e+03	5.800529e+03	1.092571e+04	1.083919e+04	3.018241e+02	1.236557e-04	2020	4	20	18
	1060	770	-30.937655	-17.765600	1.004759e+05	2.265604e+01	5.881504e+03	5.837831e+03	1.093037e+04	1.085657e+04	3.015766e+02	1.287379e-04	2020	4	21	0
	1056	766	-31.500155	-18.140600	1.005724e+05	1.901620e+01	5.875510e+03	5.826294e+03	1.089948e+04	1.083608e+04	3.013049e+02	7.479804e-05	2020	4	21	6
	1051	757	-32.203279	-18.984349	1.008639e+05	1.915952e+01	5.893396e+03	5.840646e+03	1.094383e+04	1.085741e+04	3.011742e+02	8.906192e-05	2020	4	21	12
start	38	2020	4	30	0
	1110	838	-23.906413	-11.390609	1.008088e+05	1.431585e+01	5.865455e+03	5.812320e+03	1.092903e+04	1.085945e+04	3.029029e+02	3.953455e-04	2020	4	30	0
	1101	831	-25.172036	-12.046858	1.006543e+05	1.326886e+01	5.848696e+03	5.793548e+03	1.091323e+04	1.083470e+04	3.026745e+02	4.265381e-04	2020	4	30	6
	1096	836	-25.875161	-11.578109	1.007987e+05	1.404972e+01	5.860623e+03	5.813891e+03	1.092138e+04	1.086619e+04	3.028111e+02	2.762761e-04	2020	4	30	12
	1088	828	-27.000159	-12.328108	1.006284e+05	1.435895e+01	5.850958e+03	5.803492e+03	1.089161e+04	1.085954e+04	3.029554e+02	2.172051e-04	2020	4	30	18
	1094	831	-26.156410	-12.046858	1.007338e+05	1.418172e+01	5.866993e+03	5.823462e+03	1.091266e+04	1.086547e+04	3.027152e+02	2.161849e-04	2020	5	1	0
	1096	829	-25.875161	-12.234358	1.005477e+05	1.586126e+01	5.851620e+03	5.793583e+03	1.092199e+04	1.084151e+04	3.026449e+02	2.469961e-04	2020	5	1	6
	1092	827	-26.437660	-12.421858	1.005974e+05	1.651391e+01	5.857691e+03	5.816550e+03	1.090753e+04	1.086327e+04	3.026101e+02	1.797908e-04	2020	5	1	12
	1087	834	-27.140784	-11.765609	1.003559e+05	1.433476e+01	5.848125e+03	5.804708e+03	1.090448e+04	1.085388e+04	3.028371e+02	1.683804e-04	2020	5	1	18
	1086	843	-27.281409	-10.921860	1.005371e+05	1.369428e+01	5.860125e+03	5.811525e+03	1.093475e+04	1.086592e+04	3.027066e+02	2.022968e-04	2020	5	2	0
	1086	852	-27.281409	-10.078111	1.003616e+05	1.358867e+01	5.842830e+03	5.791663e+03	1.092441e+04	1.082828e+04	3.025902e+02	2.715633e-04	2020	5	2	6
	1087	848	-27.140784	-10.453110	1.003796e+05	1.668405e+01	5.865693e+03	5.796759e+03	1.093726e+04	1.084517e+04	3.025457e+02	3.467825e-04	2020	5	2	12
	1080	851	-28.125158	-10.171861	1.001189e+05	1.663848e+01	5.849455e+03	5.775539e+03	1.093209e+04	1.083760e+04	3.027127e+02	3.080025e-04	2020	5	2	18
	1080	863	-28.125158	-9.046862	1.002736e+05	1.516230e+01	5.860573e+03	5.803832e+03	1.095530e+04	1.086495e+04	3.026895e+02	3.124462e-04	2020	5	3	0
	1078	856	-28.406408	-9.703112	9.992646e+04	1.764917e+01	5.842795e+03	5.753788e+03	1.092404e+04	1.082246e+04	3.024170e+02	4.973215e-04	2020	5	3	6
	1077	849	-28.547033	-10.359361	9.995716e+04	1.907877e+01	5.862248e+03	5.781688e+03	1.093818e+04	1.084322e+04	3.022205e+02	6.053950e-04	2020	5	3	12
	1072	846	-29.250157	-10.640610	9.965534e+04	2.033280e+01	5.849795e+03	5.752538e+03	1.094116e+04	1.083599e+04	3.020924e+02	5.577807e-04	2020	5	3	18
	1070	845	-29.531407	-10.734360	9.980777e+04	2.318796e+01	5.856178e+03	5.772050e+03	1.095799e+04	1.083050e+04	3.018948e+02	5.054520e-04	2020	5	4	0
	1070	845	-29.531407	-10.734360	9.951005e+04	2.080936e+01	5.838902e+03	5.741112e+03	1.091939e+04	1.083165e+04	3.016799e+02	5.895759e-04	2020	5	4	6
	1068	840	-29.812657	-11.203109	9.947409e+04	2.385429e+01	5.849365e+03	5.752751e+03	1.091379e+04	1.084004e+04	3.014939e+02	5.982954e-04	2020	5	4	12
	1067	838	-29.953281	-11.390609	9.930584e+04	2.326291e+01	5.833183e+03	5.718793e+03	1.089294e+04	1.083664e+04	3.013179e+02	4.834569e-04	2020	5	4	18
	1063	824	-30.515781	-12.703107	9.913604e+04	3.081910e+01	5.850865e+03	5.717840e+03	1.091511e+04	1.082704e+04	3.006741e+02	4.907608e-04	2020	5	5	0
	1060	827	-30.937655	-12.421858	9.868906e+04	2.529204e+01	5.827909e+03	5.701278e+03	1.091132e+04	1.080714e+04	3.008450e+02	5.358292e-04	2020	5	5	6
	1056	819	-31.500155	-13.171857	9.886860e+04	2.986792e+01	5.849256e+03	5.727283e+03	1.093042e+04	1.084044e+04	3.010478e+02	3.853141e-04	2020	5	5	12
	1053	815	-31.922029	-13.546856	9.869402e+04	3.343279e+01	5.838910e+03	5.704953e+03	1.089910e+04	1.081606e+04	3.009821e+02	4.745694e-04	2020	5	5	18
	1048	813	-32.625154	-13.734356	9.863164e+04	3.359694e+01	5.858945e+03	5.691878e+03	1.091995e+04	1.081971e+04	3.008683e+02	5.311967e-04	2020	5	6	0
	1042	810	-33.468903	-14.015606	9.832544e+04	3.277554e+01	5.845359e+03	5.687970e+03	1.090619e+04	1.081625e+04	3.007992e+02	4.492757e-04	2020	5	6	6
	1036	809	-34.312652	-14.109355	9.834860e+04	3.475126e+01	5.862201e+03	5.697204e+03	1.090868e+04	1.082303e+04	3.007531e+02	5.002971e-04	2020	5	6	12
	1029	810	-35.297026	-14.015606	9.798739e+04	3.387977e+01	5.845428e+03	5.625049e+03	1.088963e+04	1.078757e+04	3.007350e+02	5.101394e-04	2020	5	6	18
	1024	808	-36.000150	-14.203105	9.745571e+04	3.733647e+01	5.862718e+03	5.621191e+03	1.089983e+04	1.079748e+04	3.006470e+02	4.533965e-04	2020	5	7	0
	1016	806	-37.125149	-14.390605	9.673634e+04	4.085951e+01	5.855649e+03	5.575348e+03	1.088101e+04	1.076306e+04	3.004557e+02	4.831603e-04	2020	5	7	6
	1009	809	-38.109523	-14.109355	9.651276e+04	4.472213e+01	5.875331e+03	5.582618e+03	1.090434e+04	1.078148e+04	3.003490e+02	4.387292e-04	2020	5	7	12
	1001	811	-39.234522	-13.921856	9.708204e+04	4.271609e+01	5.850313e+03	5.591402e+03	1.089707e+04	1.078764e+04	2.998944e+02	4.287747e-04	2020	5	7	18
	992	810	-40.500145	-14.015606	9.861246e+04	2.741468e+01	5.868414e+03	5.665131e+03	1.090498e+04	1.081142e+04	2.993553e+02	5.444059e-04	2020	5	8	0
	981	811	-42.047019	-13.921856	9.927764e+04	1.600832e+01	5.856046e+03	5.680930e+03	1.089570e+04	1.080663e+04	2.958443e+02	6.306673e-04	2020	5	8	6
	970	809	-43.593892	-14.109355	1.000731e+05	1.470110e+01	5.875838e+03	5.736702e+03	1.090786e+04	1.083740e+04	2.967371e+02	3.524659e-04	2020	5	8	12
	959	808	-45.140766	-14.203105	1.004409e+05	1.172134e+01	5.858635e+03	5.757408e+03	1.088538e+04	1.083615e+04	2.988745e+02	2.271913e-04	2020	5	8	18
	948	806	-46.687639	-14.390605	1.008650e+05	1.003454e+01	5.872639e+03	5.807379e+03	1.090757e+04	1.085798e+04	2.979239e+02	1.871532e-04	2020	5	9	0
	934	803	-48.656387	-14.671855	1.010287e+05	9.029605e+00	5.864775e+03	5.807423e+03	1.088158e+04	1.084078e+04	2.977701e+02	1.678432e-04	2020	5	9	6
start	15	2020	5	14	0
	102	641	-165.656265	-29.859334	1.004623e+05	2.722853e+01	5.739676e+03	5.637874e+03	1.059855e+04	1.049608e+04	2.962000e+02	3.253807e-04	2020	5	14	0
	93	636	-166.921889	-30.328083	9.964344e+04	2.636310e+01	5.725845e+03	5.607413e+03	1.059186e+04	1.048858e+04	2.960818e+02	2.908256e-04	2020	5	14	6
	87	634	-167.765638	-30.515583	9.936658e+04	2.173443e+01	5.713995e+03	5.583788e+03	1.059242e+04	1.045730e+04	2.954839e+02	2.154908e-04	2020	5	14	12
	89	631	-167.484388	-30.796832	9.919829e+04	2.275899e+01	5.706881e+03	5.562019e+03	1.057876e+04	1.041260e+04	2.953861e+02	1.923174e-04	2020	5	14	18
	95	624	-166.640639	-31.453081	9.897318e+04	2.187401e+01	5.696009e+03	5.530299e+03	1.055969e+04	1.038275e+04	2.948022e+02	1.131753e-04	2020	5	15	0
	101	609	-165.796890	-32.859329	9.850467e+04	2.469888e+01	5.663469e+03	5.491323e+03	1.050779e+04	1.035180e+04	2.945716e+02	1.313160e-04	2020	5	15	6
	98	589	-166.218764	-34.734327	9.818102e+04	2.662252e+01	5.622355e+03	5.461460e+03	1.046118e+04	1.032831e+04	2.934819e+02	1.585124e-04	2020	5	15	12
	94	580	-166.781264	-35.578076	9.791975e+04	2.210624e+01	5.584529e+03	5.444784e+03	1.039749e+04	1.030090e+04	2.932840e+02	1.143768e-04	2020	5	15	18
	96	577	-166.500014	-35.859325	9.785648e+04	2.271946e+01	5.572434e+03	5.423777e+03	1.039170e+04	1.026503e+04	2.924734e+02	1.075449e-04	2020	5	16	0
	105	574	-165.234390	-36.140575	9.757061e+04	2.641096e+01	5.581726e+03	5.410236e+03	1.039271e+04	1.022622e+04	2.928295e+02	1.110922e-04	2020	5	16	6
	122	569	-162.843768	-36.609324	9.784773e+04	2.459472e+01	5.596645e+03	5.411741e+03	1.040260e+04	1.019616e+04	2.921470e+02	1.355940e-04	2020	5	16	12
	142	555	-160.031271	-37.921822	9.789207e+04	2.614985e+01	5.604973e+03	5.391428e+03	1.039721e+04	1.015372e+04	2.912539e+02	1.255683e-04	2020	5	16	18
	165	536	-156.796899	-39.703070	9.784699e+04	2.803399e+01	5.600621e+03	5.346035e+03	1.040399e+04	1.009892e+04	2.894170e+02	1.114132e-04	2020	5	17	0
	190	503	-153.281278	-42.796816	9.757377e+04	2.912353e+01	5.582777e+03	5.254941e+03	1.037778e+04	9.987021e+03	2.877379e+02	1.647100e-04	2020	5	17	6
	224	474	-148.500033	-45.515562	9.751005e+04	2.915876e+01	5.564967e+03	5.178920e+03	1.035554e+04	9.881569e+03	2.858208e+02	1.687644e-04	2020	5	17	12
start	22	2020	5	26	18
	460	1069	-115.312567	10.265611	1.010536e+05	1.235038e+01	5.885774e+03	5.844471e+03	1.092895e+04	1.088971e+04	3.023431e+02	1.515277e-04	2020	5	26	18
	451	1066	-116.578191	9.984361	1.007137e+05	1.611297e+01	5.868268e+03	5.817266e+03	1.095176e+04	1.087330e+04	3.023145e+02	2.146510e-04	2020	5	27	0
	448	1070	-117.000066	10.359361	1.008992e+05	1.491432e+01	5.879233e+03	5.844935e+03	1.095874e+04	1.089556e+04	3.020619e+02	1.849938e-04	2020	5	27	6
	445	1069	-117.421940	10.265611	1.006652e+05	1.718726e+01	5.853713e+03	5.809173e+03	1.089611e+04	1.086263e+04	3.018918e+02	1.176233e-04	2020	5	27	12
	439	1069	-118.265689	10.265611	1.007708e+05	1.700632e+01	5.872358e+03	5.840391e+03	1.094786e+04	1.088238e+04	3.018511e+02	1.224344e-04	2020	5	27	18
	438	1073	-118.406314	10.640610	1.005637e+05	1.808468e+01	5.844680e+03	5.817575e+03	1.090501e+04	1.086401e+04	3.023387e+02	1.274819e-04	2020	5	28	0
	433	1072	-119.109438	10.546860	1.006250e+05	1.772874e+01	5.868371e+03	5.824565e+03	1.092727e+04	1.086771e+04	3.019342e+02	2.152942e-04	2020	5	28	6
	431	1071	-119.390688	10.453110	1.004903e+05	1.892344e+01	5.844978e+03	5.805905e+03	1.094121e+04	1.084732e+04	3.017575e+02	2.094876e-04	2020	5	28	12
	431	1075	-119.390688	10.828110	1.007189e+05	1.463733e+01	5.864292e+03	5.840765e+03	1.091358e+04	1.086666e+04	3.016532e+02	1.326161e-04	2020	5	28	18
	429	1074	-119.671938	10.734360	1.006320e+05	1.537197e+01	5.843551e+03	5.810394e+03	1.088128e+04	1.085498e+04	3.016828e+02	8.994807e-05	2020	5	29	0
	431	1073	-119.390688	10.640610	1.008786e+05	1.380442e+01	5.874771e+03	5.836170e+03	1.093822e+04	1.086782e+04	3.015997e+02	1.038883e-04	2020	5	29	6
	429	1070	-119.671938	10.359361	1.007589e+05	1.353171e+01	5.852047e+03	5.815775e+03	1.090439e+04	1.083872e+04	3.014625e+02	1.200555e-04	2020	5	29	12
	425	1065	-120.234437	9.890611	1.009646e+05	1.609989e+01	5.867721e+03	5.831305e+03	1.094861e+04	1.086171e+04	3.014176e+02	9.837784e-05	2020	5	29	18
	424	1060	-120.375062	9.421862	1.007713e+05	1.293333e+01	5.854782e+03	5.813640e+03	1.088377e+04	1.084988e+04	3.018385e+02	5.123634e-05	2020	5	30	0
	422	1054	-120.656312	8.859363	1.009903e+05	1.207348e+01	5.878182e+03	5.849316e+03	1.091151e+04	1.086879e+04	3.017630e+02	5.118227e-05	2020	5	30	6
	419	1049	-121.078186	8.390613	1.008161e+05	1.154337e+01	5.850734e+03	5.812341e+03	1.091575e+04	1.084129e+04	3.015171e+02	1.640970e-04	2020	5	30	12
	415	1051	-121.640686	8.578113	1.009188e+05	1.510703e+01	5.869468e+03	5.839945e+03	1.093380e+04	1.086214e+04	3.014949e+02	1.310726e-04	2020	5	30	18
	409	1048	-122.484435	8.296863	1.007472e+05	1.456679e+01	5.852195e+03	5.810546e+03	1.091078e+04	1.084384e+04	3.017699e+02	1.488461e-04	2020	5	31	0
	408	1045	-122.625060	8.015614	1.007762e+05	1.239460e+01	5.867894e+03	5.823039e+03	1.093468e+04	1.086238e+04	3.016971e+02	1.355056e-04	2020	5	31	6
	406	1046	-122.906309	8.109364	1.006349e+05	1.709385e+01	5.843431e+03	5.798714e+03	1.089420e+04	1.082032e+04	3.015204e+02	2.396488e-04	2020	5	31	12
	401	1049	-123.609434	8.390613	1.008165e+05	1.626032e+01	5.860722e+03	5.826389e+03	1.091969e+04	1.084785e+04	3.017138e+02	2.211678e-04	2020	5	31	18
	394	1054	-124.593808	8.859363	1.006034e+05	1.476566e+01	5.843062e+03	5.794344e+03	1.087863e+04	1.083627e+04	3.018591e+02	1.686448e-04	2020	6	1	0
start	22	2020	6	1	0
	1683	875	56.671628	-7.921864	1.007419e+05	1.144114e+01	5.862213e+03	5.818991e+03	1.095522e+04	1.084120e+04	3.020980e+02	1.531658e-04	2020	6	1	0
	1682	876	56.531004	-7.828114	1.009769e+05	1.190548e+01	5.893127e+03	5.841632e+03	1.094272e+04	1.087385e+04	3.020927e+02	1.592854e-04	2020	6	1	6
	1683	887	56.671628	-6.796866	1.007533e+05	1.389246e+01	5.862958e+03	5.817930e+03	1.096504e+04	1.086635e+04	3.024537e+02	1.726930e-04	2020	6	1	12
	1678	885	55.968504	-6.984365	1.009399e+05	1.656749e+01	5.888716e+03	5.830059e+03	1.095581e+04	1.085972e+04	3.022503e+02	2.359876e-04	2020	6	1	18
	1672	892	55.124755	-6.328116	1.008636e+05	1.529511e+01	5.861728e+03	5.809668e+03	1.091569e+04	1.084922e+04	3.022179e+02	2.171657e-04	2020	6	2	0
	1668	900	54.562256	-5.578117	1.010170e+05	1.288418e+01	5.881662e+03	5.844009e+03	1.094900e+04	1.087531e+04	3.021740e+02	8.055989e-05	2020	6	2	6
	1656	897	52.874757	-5.859367	1.008131e+05	1.474772e+01	5.861764e+03	5.813758e+03	1.091783e+04	1.085806e+04	3.020207e+02	2.653885e-04	2020	6	2	12
	1643	905	51.046634	-5.109368	1.009300e+05	1.676554e+01	5.893290e+03	5.813679e+03	1.095545e+04	1.086436e+04	3.010417e+02	2.829987e-04	2020	6	2	18
	1641	912	50.765385	-4.453119	1.008772e+05	1.503833e+01	5.848190e+03	5.803864e+03	1.090476e+04	1.083806e+04	3.010537e+02	2.492742e-04	2020	6	3	0
	1625	914	48.515387	-4.265619	1.009163e+05	1.701993e+01	5.869502e+03	5.819929e+03	1.093712e+04	1.085768e+04	3.010670e+02	3.644838e-04	2020	6	3	6
	1622	919	48.093512	-3.796870	1.006999e+05	1.687220e+01	5.850954e+03	5.798213e+03	1.091559e+04	1.084943e+04	3.013629e+02	4.104929e-04	2020	6	3	12
	1623	919	48.234137	-3.796870	1.007937e+05	1.425632e+01	5.864741e+03	5.815982e+03	1.091234e+04	1.086290e+04	3.013047e+02	4.037887e-04	2020	6	3	18
	1621	921	47.952887	-3.609370	1.006378e+05	1.835737e+01	5.840374e+03	5.788877e+03	1.088181e+04	1.083390e+04	3.012894e+02	3.546831e-04	2020	6	4	0
	1612	918	46.687264	-3.890620	1.008557e+05	1.608801e+01	5.872222e+03	5.816136e+03	1.094654e+04	1.085010e+04	3.007500e+02	3.583300e-04	2020	6	4	6
	1613	902	46.827889	-5.390618	1.005086e+05	2.372366e+01	5.839094e+03	5.784100e+03	1.091295e+04	1.084279e+04	3.009247e+02	2.542426e-04	2020	6	4	12
	1604	906	45.562265	-5.015618	1.005432e+05	2.289605e+01	5.854539e+03	5.809932e+03	1.092086e+04	1.085037e+04	3.010832e+02	3.595242e-04	2020	6	4	18
	1604	910	45.562265	-4.640619	1.005400e+05	2.263492e+01	5.833221e+03	5.782178e+03	1.088788e+04	1.082939e+04	3.007808e+02	3.352288e-04	2020	6	5	0
	1607	916	45.984140	-4.078119	1.006841e+05	2.357702e+01	5.861761e+03	5.806557e+03	1.092405e+04	1.084948e+04	3.007563e+02	3.248177e-04	2020	6	5	6
	1609	915	46.265389	-4.171869	1.004914e+05	2.339778e+01	5.836895e+03	5.786923e+03	1.091719e+04	1.083157e+04	3.009493e+02	2.533448e-04	2020	6	5	12
	1609	919	46.265389	-3.796870	1.006894e+05	1.696265e+01	5.856559e+03	5.809745e+03	1.091846e+04	1.085738e+04	3.010389e+02	2.416933e-04	2020	6	5	18
	1613	918	46.827889	-3.890620	1.007140e+05	1.813602e+01	5.849567e+03	5.792179e+03	1.091835e+04	1.082807e+04	3.009201e+02	2.425797e-04	2020	6	6	0
	1609	925	46.265389	-3.234371	1.009573e+05	1.659896e+01	5.859012e+03	5.810601e+03	1.092743e+04	1.084460e+04	3.009486e+02	2.527226e-04	2020	6	6	6
start	28	2020	6	7	18
	1766	1133	68.343491	16.265602	1.002658e+05	1.116430e+01	5.862491e+03	5.789651e+03	1.093655e+04	1.086102e+04	3.049288e+02	2.874132e-04	2020	6	7	18
	1766	1140	68.343491	16.921851	9.996601e+04	1.361226e+01	5.829966e+03	5.759184e+03	1.090922e+04	1.082912e+04	3.044430e+02	2.828177e-04	2020	6	8	0
	1763	1142	67.921617	17.109351	1.000471e+05	1.204396e+01	5.846588e+03	5.771808e+03	1.093737e+04	1.085863e+04	3.041026e+02	3.334465e-04	2020	6	8	6
	1763	1145	67.921617	17.390601	9.982967e+04	1.753747e+01	5.833103e+03	5.748372e+03	1.094408e+04	1.083517e+04	3.041213e+02	3.543550e-04	2020	6	8	12
	1755	1153	66.796618	18.140600	9.984886e+04	1.550847e+01	5.846069e+03	5.760569e+03	1.095128e+04	1.085569e+04	3.044775e+02	2.697718e-04	2020	6	8	18
	1749	1155	65.952869	18.328100	9.929836e+04	2.364612e+01	5.818111e+03	5.705604e+03	1.089069e+04	1.081673e+04	3.045316e+02	3.506754e-04	2020	6	9	0
	1753	1151	66.515368	17.953100	9.927347e+04	2.830043e+01	5.839304e+03	5.738301e+03	1.093306e+04	1.084369e+04	3.039618e+02	3.079656e-04	2020	6	9	6
	1752	1157	66.374743	18.515599	9.883727e+04	2.482591e+01	5.821811e+03	5.711863e+03	1.091563e+04	1.082713e+04	3.037821e+02	2.852880e-04	2020	6	9	12
	1751	1158	66.234118	18.609349	9.887115e+04	2.426700e+01	5.841125e+03	5.719938e+03	1.093124e+04	1.085614e+04	3.034738e+02	2.269843e-04	2020	6	9	18
	1748	1162	65.812244	18.984349	9.851127e+04	2.400884e+01	5.820715e+03	5.686916e+03	1.091734e+04	1.081533e+04	3.035606e+02	2.255018e-04	2020	6	10	0
	1746	1165	65.530994	19.265598	9.848964e+04	2.786143e+01	5.857457e+03	5.712146e+03	1.093228e+04	1.085005e+04	3.035821e+02	2.351166e-04	2020	6	10	6
	1741	1171	64.827870	19.828097	9.831288e+04	2.915991e+01	5.834875e+03	5.694372e+03	1.091304e+04	1.082304e+04	3.035139e+02	1.603986e-04	2020	6	10	12
	1736	1178	64.124746	20.484347	9.856434e+04	2.921041e+01	5.853477e+03	5.735633e+03	1.093789e+04	1.085825e+04	3.033629e+02	1.362082e-04	2020	6	10	18
	1733	1182	63.702871	20.859346	9.855066e+04	2.652838e+01	5.829935e+03	5.717367e+03	1.090878e+04	1.082908e+04	3.033030e+02	1.113734e-04	2020	6	11	0
	1726	1183	62.718497	20.953096	9.867867e+04	2.672605e+01	5.840884e+03	5.707677e+03	1.092287e+04	1.085306e+04	3.029765e+02	1.709301e-04	2020	6	11	6
	1715	1188	61.171624	21.421845	9.841163e+04	2.562844e+01	5.830127e+03	5.682395e+03	1.091555e+04	1.084253e+04	3.108726e+02	1.238126e-04	2020	6	11	12
	1716	1197	61.312249	22.265594	9.862870e+04	2.410752e+01	5.846143e+03	5.715715e+03	1.095525e+04	1.086994e+04	3.026066e+02	7.486450e-05	2020	6	11	18
	1713	1196	60.890374	22.171844	9.853488e+04	2.708868e+01	5.812893e+03	5.716991e+03	1.089300e+04	1.081987e+04	3.027249e+02	1.209007e-04	2020	6	12	0
	1706	1199	59.906000	22.453094	9.866353e+04	2.241010e+01	5.827485e+03	5.720577e+03	1.092877e+04	1.086319e+04	3.076727e+02	1.243455e-04	2020	6	12	6
	1701	1207	59.202876	23.203093	9.873700e+04	2.078899e+01	5.825548e+03	5.654494e+03	1.092295e+04	1.080867e+04	3.121579e+02	1.204735e-04	2020	6	12	12
	1702	1205	59.343501	23.015593	9.925123e+04	1.696955e+01	5.841099e+03	5.757457e+03	1.095740e+04	1.088027e+04	3.073143e+02	3.330589e-05	2020	6	12	18
	1701	1207	59.202876	23.203093	9.929377e+04	1.536098e+01	5.829075e+03	5.753499e+03	1.090678e+04	1.086584e+04	3.050901e+02	5.141534e-05	2020	6	13	0
	1701	1208	59.202876	23.296843	9.963259e+04	1.639716e+01	5.854654e+03	5.774146e+03	1.093974e+04	1.089298e+04	3.081967e+02	5.492206e-05	2020	6	13	6
	1702	1204	59.343501	22.921843	9.962461e+04	1.456132e+01	5.848298e+03	5.773523e+03	1.095907e+04	1.089193e+04	3.165146e+02	4.063966e-05	2020	6	13	12
	1706	1210	59.906000	23.484342	9.984231e+04	1.251417e+01	5.874792e+03	5.821297e+03	1.095280e+04	1.091915e+04	3.041536e+02	9.626741e-06	2020	6	13	18
	1701	1217	59.202876	24.140591	9.984886e+04	1.365473e+01	5.855132e+03	5.802981e+03	1.094218e+04	1.089394e+04	3.043210e+02	7.166162e-06	2020	6	14	0
	1699	1216	58.921626	24.046842	1.001250e+05	1.343210e+01	5.877500e+03	5.825122e+03	1.097043e+04	1.092281e+04	3.078407e+02	1.228893e-05	2020	6	14	6
	1692	1186	57.937252	21.234345	1.000472e+05	1.243076e+01	5.861873e+03	5.826375e+03	1.095120e+04	1.089860e+04	3.193224e+02	1.750251e-05	2020	6	14	12
start	29	2020	6	8	18
	2173	1172	125.577807	19.921847	1.005479e+05	1.555405e+01	5.847042e+03	5.798693e+03	1.095010e+04	1.085566e+04	3.037052e+02	1.429847e-04	2020	6	8	18
	2179	1179	126.421556	20.578096	1.005072e+05	1.547603e+01	5.871542e+03	5.799532e+03	1.095215e+04	1.083525e+04	3.030661e+02	1.303310e-04	2020	6	9	0
	2178	1172	126.280931	19.921847	1.005433e+05	1.614903e+01	5.858171e+03	5.803390e+03	1.096703e+04	1.084926e+04	3.039321e+02	1.615367e-04	2020	6	9	6
	2176	1167	125.999681	19.453098	1.006640e+05	1.596648e+01	5.870173e+03	5.818255e+03	1.098045e+04	1.086660e+04	3.036932e+02	1.649945e-04	2020	6	9	12
	2181	1167	126.702805	19.453098	1.006633e+05	1.557655e+01	5.853813e+03	5.808088e+03	1.096692e+04	1.085153e+04	3.034427e+02	1.632599e-04	2020	6	9	18
	2181	1160	126.702805	18.796849	1.006756e+05	1.269727e+01	5.883738e+03	5.824099e+03	1.094276e+04	1.086506e+04	3.034029e+02	1.409665e-04	2020	6	10	0
	2195	1168	128.671553	19.546848	1.006101e+05	1.344713e+01	5.852676e+03	5.810627e+03	1.093610e+04	1.085469e+04	3.032353e+02	1.563681e-04	2020	6	10	6
	2199	1159	129.234053	18.703099	1.006257e+05	1.477575e+01	5.867988e+03	5.824468e+03	1.096621e+04	1.087787e+04	3.029680e+02	2.008520e-04	2020	6	10	12
	2214	1163	131.343426	19.078098	1.005846e+05	1.400799e+01	5.862967e+03	5.808654e+03	1.095979e+04	1.085717e+04	3.031198e+02	1.552618e-04	2020	6	10	18
	2217	1164	131.765300	19.171848	1.005670e+05	1.553419e+01	5.863098e+03	5.808854e+03	1.096998e+04	1.087116e+04	3.030634e+02	1.693298e-04	2020	6	11	0
	2225	1169	132.890299	19.640598	1.005176e+05	1.540161e+01	5.852304e+03	5.804808e+03	1.096913e+04	1.085826e+04	3.031412e+02	1.216223e-04	2020	6	11	6
	2233	1175	134.015298	20.203097	1.005652e+05	1.487824e+01	5.874835e+03	5.813256e+03	1.097011e+04	1.087246e+04	3.029765e+02	1.551051e-04	2020	6	11	12
	2240	1176	134.999672	20.296847	1.005060e+05	1.508776e+01	5.857670e+03	5.801445e+03	1.093692e+04	1.085021e+04	3.030829e+02	1.934896e-04	2020	6	11	18
	2247	1179	135.984046	20.578096	1.005836e+05	1.566209e+01	5.862274e+03	5.815624e+03	1.093708e+04	1.085535e+04	3.030285e+02	1.719091e-04	2020	6	12	0
	2257	1187	137.390294	21.328095	1.005020e+05	1.575580e+01	5.849464e+03	5.800775e+03	1.093616e+04	1.084364e+04	3.030619e+02	1.571022e-04	2020	6	12	6
	2260	1187	137.812169	21.328095	1.005662e+05	1.529869e+01	5.866268e+03	5.820654e+03	1.095116e+04	1.085754e+04	3.029496e+02	1.110117e-04	2020	6	12	12
	2269	1187	139.077792	21.328095	1.004173e+05	1.488533e+01	5.848860e+03	5.812622e+03	1.095654e+04	1.083443e+04	3.032585e+02	1.599860e-04	2020	6	12	18
	2277	1192	140.202791	21.796845	1.003410e+05	1.743412e+01	5.866658e+03	5.813716e+03	1.093323e+04	1.084941e+04	3.031744e+02	2.243125e-04	2020	6	13	0
	2280	1197	140.624666	22.265594	1.002228e+05	2.094776e+01	5.850677e+03	5.806769e+03	1.091562e+04	1.082669e+04	3.030768e+02	1.250520e-04	2020	6	13	6
	2283	1202	141.046540	22.734343	1.002049e+05	1.612740e+01	5.893559e+03	5.815963e+03	1.093310e+04	1.082886e+04	3.029156e+02	1.118840e-04	2020	6	13	12
	2285	1207	141.327790	23.203093	9.988970e+04	1.912794e+01	5.853764e+03	5.763542e+03	1.092370e+04	1.080710e+04	3.023057e+02	1.501166e-04	2020	6	13	18
	2285	1212	141.327790	23.671842	9.958849e+04	2.860695e+01	5.854869e+03	5.773157e+03	1.091789e+04	1.082760e+04	3.019695e+02	2.639248e-04	2020	6	14	0
	2284	1218	141.187165	24.234341	9.963776e+04	2.766947e+01	5.860525e+03	5.755617e+03	1.094876e+04	1.083537e+04	3.017525e+02	1.927630e-04	2020	6	14	6
	2279	1222	140.484041	24.609341	9.980345e+04	2.580805e+01	5.858815e+03	5.775276e+03	1.089759e+04	1.084859e+04	3.014579e+02	7.771816e-05	2020	6	14	12
	2273	1224	139.640292	24.796841	9.975520e+04	2.021440e+01	5.851281e+03	5.779593e+03	1.088491e+04	1.082858e+04	3.012708e+02	1.089206e-04	2020	6	14	18
	2271	1231	139.359042	25.453090	9.991236e+04	1.995562e+01	5.851199e+03	5.792551e+03	1.090503e+04	1.084785e+04	3.008438e+02	9.978851e-05	2020	6	15	0
	2266	1237	138.655918	26.015589	9.996440e+04	1.929178e+01	5.846744e+03	5.799454e+03	1.089883e+04	1.085012e+04	3.012317e+02	1.043674e-04	2020	6	15	6
	2262	1245	138.093419	26.765588	1.001091e+05	1.853604e+01	5.857847e+03	5.816242e+03	1.091258e+04	1.086035e+04	3.012009e+02	5.724558e-05	2020	6	15	12
	2258	1252	137.530919	27.421837	1.001956e+05	1.645892e+01	5.841829e+03	5.802972e+03	1.089844e+04	1.083141e+04	3.008871e+02	7.791750e-05	2020	6	15	18
start	68	2020	6	13	12
	1063	1025	-30.515781	6.140616	1.011245e+05	1.205795e+01	5.869497e+03	5.824522e+03	1.090150e+04	1.086484e+04	3.019484e+02	2.398833e-04	2020	6	13	12
	1066	1027	-30.093906	6.328116	1.009628e+05	1.243830e+01	5.859417e+03	5.810190e+03	1.088838e+04	1.084899e+04	3.020300e+02	1.959350e-04	2020	6	13	18
	1067	1031	-29.953281	6.703116	1.010075e+05	1.329324e+01	5.869647e+03	5.831087e+03	1.091866e+04	1.086597e+04	3.018665e+02	2.670986e-04	2020	6	14	0
	1069	1037	-29.672032	7.265615	1.007994e+05	1.484303e+01	5.845573e+03	5.802075e+03	1.089415e+04	1.083665e+04	3.017390e+02	2.673779e-04	2020	6	14	6
	1063	1037	-30.515781	7.265615	1.006820e+05	1.560091e+01	5.870893e+03	5.807139e+03	1.090072e+04	1.085413e+04	3.015881e+02	3.448367e-04	2020	6	14	12
	1065	1038	-30.234531	7.359365	1.005792e+05	1.913950e+01	5.853256e+03	5.787418e+03	1.089684e+04	1.082710e+04	3.016702e+02	3.780799e-04	2020	6	14	18
	1060	1046	-30.937655	8.109364	1.006651e+05	1.884151e+01	5.873712e+03	5.814821e+03	1.094604e+04	1.085364e+04	3.016204e+02	3.274514e-04	2020	6	15	0
	1058	1041	-31.218905	7.640614	1.002264e+05	2.518669e+01	5.866221e+03	5.769885e+03	1.088614e+04	1.083656e+04	3.014856e+02	3.801499e-04	2020	6	15	6
	1055	1053	-31.640780	8.765613	1.000462e+05	2.712194e+01	5.877412e+03	5.778485e+03	1.091071e+04	1.085184e+04	3.015327e+02	3.434528e-04	2020	6	15	12
	1047	1058	-32.765778	9.234362	9.958778e+04	2.929057e+01	5.864338e+03	5.791378e+03	1.091505e+04	1.084606e+04	3.015331e+02	2.513530e-04	2020	6	15	18
	1039	1063	-33.890777	9.703112	9.985558e+04	2.355284e+01	5.887963e+03	5.782216e+03	1.091347e+04	1.086393e+04	3.013210e+02	2.813041e-04	2020	6	16	0
	1030	1067	-35.156401	10.078111	9.983371e+04	2.517983e+01	5.872705e+03	5.775706e+03	1.089151e+04	1.084784e+04	3.012832e+02	3.624938e-04	2020	6	16	6
	1018	1073	-36.843899	10.640610	1.001630e+05	2.557091e+01	5.891689e+03	5.755848e+03	1.093113e+04	1.084860e+04	3.011965e+02	3.381053e-04	2020	6	16	12
	1008	1073	-38.250148	10.640610	9.968048e+04	3.035988e+01	5.874099e+03	5.768499e+03	1.089750e+04	1.085026e+04	3.012030e+02	2.837890e-04	2020	6	16	18
	997	1073	-39.797021	10.640610	9.961181e+04	2.916369e+01	5.887563e+03	5.766984e+03	1.091970e+04	1.084686e+04	3.012668e+02	2.932557e-04	2020	6	17	0
	987	1078	-41.203270	11.109360	9.955791e+04	2.738330e+01	5.877572e+03	5.740383e+03	1.089854e+04	1.082350e+04	3.010950e+02	3.710759e-04	2020	6	17	6
	979	1082	-42.328268	11.484359	9.937563e+04	2.887315e+01	5.879634e+03	5.741547e+03	1.091223e+04	1.083340e+04	3.010164e+02	3.705807e-04	2020	6	17	12
	969	1087	-43.734517	11.953108	9.878798e+04	3.363647e+01	5.872530e+03	5.707905e+03	1.088224e+04	1.081843e+04	3.008986e+02	2.580922e-04	2020	6	17	18
	956	1093	-45.562640	12.515608	9.837576e+04	3.429005e+01	5.881407e+03	5.680008e+03	1.089552e+04	1.080506e+04	3.011557e+02	2.789873e-04	2020	6	18	0
	946	1096	-46.968889	12.796857	9.723715e+04	4.283398e+01	5.868667e+03	5.602161e+03	1.090254e+04	1.076699e+04	3.010921e+02	3.356449e-04	2020	6	18	6
	937	1101	-48.234512	13.265607	9.688617e+04	4.362637e+01	5.880695e+03	5.583956e+03	1.089334e+04	1.076212e+04	3.009030e+02	3.441942e-04	2020	6	18	12
	927	1106	-49.640761	13.734356	9.667323e+04	4.388085e+01	5.875268e+03	5.550674e+03	1.088056e+04	1.074169e+04	3.008869e+02	3.002278e-04	2020	6	18	18
	918	1107	-50.906385	13.828106	9.620933e+04	4.910620e+01	5.882870e+03	5.518751e+03	1.090137e+04	1.073697e+04	3.009845e+02	3.030008e-04	2020	6	19	0
	910	1111	-52.031383	14.203105	9.576312e+04	5.079335e+01	5.869476e+03	5.480281e+03	1.089433e+04	1.071245e+04	3.010217e+02	3.513326e-04	2020	6	19	6
	901	1115	-53.297007	14.578105	9.501826e+04	5.302599e+01	5.879733e+03	5.472636e+03	1.092776e+04	1.072184e+04	3.010312e+02	3.957081e-04	2020	6	19	12
	894	1120	-54.281381	15.046854	9.514038e+04	4.922924e+01	5.877407e+03	5.449015e+03	1.089251e+04	1.071074e+04	3.011311e+02	3.051857e-04	2020	6	19	18
	887	1124	-55.265755	15.421854	9.457504e+04	4.990849e+01	5.887608e+03	5.452458e+03	1.089953e+04	1.071817e+04	3.011926e+02	3.539278e-04	2020	6	20	0
	881	1127	-56.109504	15.703103	9.504780e+04	5.174781e+01	5.866494e+03	5.445046e+03	1.089343e+04	1.072071e+04	3.012372e+02	3.677613e-04	2020	6	20	6
	874	1133	-57.093878	16.265602	9.426238e+04	5.411207e+01	5.876572e+03	5.459213e+03	1.090478e+04	1.072449e+04	3.012756e+02	3.813602e-04	2020	6	20	12
	869	1140	-57.797002	16.921851	9.430562e+04	5.611473e+01	5.870029e+03	5.448944e+03	1.091249e+04	1.073368e+04	3.012632e+02	3.721617e-04	2020	6	20	18
	864	1147	-58.500127	17.578101	9.406232e+04	5.483886e+01	5.876200e+03	5.446872e+03	1.089331e+04	1.072334e+04	3.014471e+02	3.256421e-04	2020	6	21	0
	859	1152	-59.203251	18.046850	9.405795e+04	5.310991e+01	5.863604e+03	5.439593e+03	1.089042e+04	1.071581e+04	3.017018e+02	3.798862e-04	2020	6	21	6
	856	1157	-59.625125	18.515599	9.401152e+04	5.515633e+01	5.869983e+03	5.462569e+03	1.087842e+04	1.073199e+04	3.015601e+02	4.317296e-04	2020	6	21	12
	852	1164	-60.187625	19.171848	9.399849e+04	5.349321e+01	5.862583e+03	5.453518e+03	1.088727e+04	1.073331e+04	3.015848e+02	3.687716e-04	2020	6	21	18
	850	1169	-60.468875	19.640598	9.391595e+04	5.436576e+01	5.865921e+03	5.458110e+03	1.091682e+04	1.073109e+04	3.017887e+02	3.874395e-04	2020	6	22	0
	848	1175	-60.750124	20.203097	9.428973e+04	5.335557e+01	5.852199e+03	5.475066e+03	1.087057e+04	1.073117e+04	3.016719e+02	3.879573e-04	2020	6	22	6
	845	1183	-61.171999	20.953096	9.457975e+04	5.181219e+01	5.860284e+03	5.494867e+03	1.088653e+04	1.074606e+04	3.014471e+02	4.278519e-04	2020	6	22	12
	841	1192	-61.734498	21.796845	9.471082e+04	5.001226e+01	5.853929e+03	5.510090e+03	1.088178e+04	1.076813e+04	3.020057e+02	3.933245e-04	2020	6	22	18
	839	1199	-62.015748	22.453094	9.474287e+04	4.947284e+01	5.862371e+03	5.516801e+03	1.088237e+04	1.076855e+04	3.019133e+02	4.051696e-04	2020	6	23	0
	835	1204	-62.578247	22.921843	9.500059e+04	4.810185e+01	5.845071e+03	5.517824e+03	1.086461e+04	1.076452e+04	3.018191e+02	2.807577e-04	2020	6	23	6
	833	1213	-62.859497	23.765592	9.503768e+04	4.969528e+01	5.852982e+03	5.514995e+03	1.087507e+04	1.075949e+04	3.018515e+02	3.963475e-04	2020	6	23	12
	831	1221	-63.140747	24.515591	9.516262e+04	4.498195e+01	5.846051e+03	5.520092e+03	1.087114e+04	1.076313e+04	3.016155e+02	3.742970e-04	2020	6	23	18
	830	1228	-63.281372	25.171840	9.511655e+04	4.862895e+01	5.854037e+03	5.520430e+03	1.087819e+04	1.076582e+04	3.013409e+02	4.141919e-04	2020	6	24	0
	830	1238	-63.281372	26.109339	9.551740e+04	4.314260e+01	5.841550e+03	5.518336e+03	1.086640e+04	1.075489e+04	3.011482e+02	3.788535e-04	2020	6	24	6
	828	1249	-63.562621	27.140587	9.569498e+04	4.347433e+01	5.853616e+03	5.541781e+03	1.087476e+04	1.076915e+04	3.008096e+02	3.077891e-04	2020	6	24	12
	826	1261	-63.843871	28.265586	9.586780e+04	4.400089e+01	5.850314e+03	5.538841e+03	1.089110e+04	1.077092e+04	3.004875e+02	3.970028e-04	2020	6	24	18
	826	1274	-63.843871	29.484334	9.592969e+04	4.854097e+01	5.861461e+03	5.545692e+03	1.088430e+04	1.076745e+04	3.001690e+02	3.419981e-04	2020	6	25	0
	824	1290	-64.125121	30.984332	9.641467e+04	4.420948e+01	5.853322e+03	5.563336e+03	1.087968e+04	1.077252e+04	2.995520e+02	2.220576e-04	2020	6	25	6
	825	1306	-63.984496	32.484330	9.683336e+04	4.319889e+01	5.868356e+03	5.586858e+03	1.089357e+04	1.078390e+04	2.989968e+02	3.522069e-04	2020	6	25	12
	826	1326	-63.843871	34.359327	9.691607e+04	4.089027e+01	5.858423e+03	5.584910e+03	1.089158e+04	1.078293e+04	2.999554e+02	2.941042e-04	2020	6	25	18
	833	1340	-62.859497	35.671825	9.706888e+04	4.218288e+01	5.863486e+03	5.600497e+03	1.089400e+04	1.077739e+04	2.998183e+02	2.470995e-04	2020	6	26	0
	843	1354	-61.453249	36.984324	9.711986e+04	4.287481e+01	5.847654e+03	5.583327e+03	1.087424e+04	1.075215e+04	2.997049e+02	2.967711e-04	2020	6	26	6
	857	1363	-59.484501	37.828072	9.719607e+04	4.076363e+01	5.854664e+03	5.590646e+03	1.087696e+04	1.073694e+04	2.991099e+02	2.663888e-04	2020	6	26	12
	874	1367	-57.093878	38.203072	9.738470e+04	3.999828e+01	5.862720e+03	5.598999e+03	1.087800e+04	1.072184e+04	2.979279e+02	1.991836e-04	2020	6	26	18
	893	1374	-54.422006	38.859321	9.755396e+04	3.472375e+01	5.856988e+03	5.602404e+03	1.087102e+04	1.068802e+04	2.977012e+02	2.144671e-04	2020	6	27	0
	912	1374	-51.750134	38.859321	9.763534e+04	3.511984e+01	5.835604e+03	5.586543e+03	1.084695e+04	1.062971e+04	2.970167e+02	2.323993e-04	2020	6	27	6
	929	1378	-49.359511	39.234320	9.754772e+04	3.250077e+01	5.817154e+03	5.575422e+03	1.083148e+04	1.060919e+04	2.963216e+02	3.135612e-04	2020	6	27	12
	946	1374	-46.968889	38.859321	9.737096e+04	3.363259e+01	5.808196e+03	5.546966e+03	1.081719e+04	1.063629e+04	2.957043e+02	2.440412e-04	2020	6	27	18
	961	1367	-44.859516	38.203072	9.755168e+04	3.561586e+01	5.817146e+03	5.565842e+03	1.082063e+04	1.065684e+04	2.950566e+02	1.229647e-04	2020	6	28	0
	977	1359	-42.609518	37.453073	9.778399e+04	3.003128e+01	5.797938e+03	5.572991e+03	1.079663e+04	1.063258e+04	2.946772e+02	1.318485e-04	2020	6	28	6
	989	1347	-40.922020	36.328075	9.818826e+04	2.689729e+01	5.810491e+03	5.603558e+03	1.080983e+04	1.064917e+04	2.951517e+02	1.276136e-04	2020	6	28	12
	1005	1343	-38.672022	35.953075	9.843216e+04	2.600194e+01	5.809381e+03	5.629062e+03	1.080927e+04	1.065074e+04	2.953658e+02	1.184775e-04	2020	6	28	18
	1019	1339	-36.703274	35.578076	9.883906e+04	2.503020e+01	5.832011e+03	5.659970e+03	1.082350e+04	1.066317e+04	2.953933e+02	1.337609e-04	2020	6	29	0
	1034	1340	-34.593902	35.671825	9.914611e+04	2.305700e+01	5.818575e+03	5.671368e+03	1.080126e+04	1.065094e+04	2.948645e+02	1.325659e-04	2020	6	29	6
	1046	1343	-32.906403	35.953075	9.956793e+04	2.127631e+01	5.845671e+03	5.724170e+03	1.082663e+04	1.067010e+04	2.946950e+02	8.588324e-05	2020	6	29	12
	1057	1344	-31.359530	36.046825	9.997882e+04	2.045020e+01	5.863292e+03	5.753392e+03	1.084311e+04	1.069537e+04	2.938466e+02	6.273815e-05	2020	6	29	18
	1071	1344	-29.390782	36.046825	1.004611e+05	1.747940e+01	5.884350e+03	5.771206e+03	1.085862e+04	1.070794e+04	2.939498e+02	4.991145e-05	2020	6	30	0
	1081	1345	-27.984533	36.140575	1.006293e+05	1.577273e+01	5.874619e+03	5.777024e+03	1.084053e+04	1.070747e+04	2.943698e+02	5.370458e-05	2020	6	30	6
start	24	2020	6	14	18
	546	1117	-103.218830	14.765604	1.009021e+05	1.710793e+01	5.871442e+03	5.814755e+03	1.094201e+04	1.084929e+04	3.039471e+02	2.278718e-04	2020	6	14	18
	544	1118	-103.500080	14.859354	1.007065e+05	1.594491e+01	5.851715e+03	5.807341e+03	1.091263e+04	1.085258e+04	3.041671e+02	2.478667e-04	2020	6	15	0
	539	1126	-104.203204	15.609353	1.009866e+05	1.414648e+01	5.882771e+03	5.818621e+03	1.092753e+04	1.086628e+04	3.039016e+02	1.662630e-04	2020	6	15	6
	536	1130	-104.625079	15.984353	1.007901e+05	1.362178e+01	5.856205e+03	5.803365e+03	1.093860e+04	1.084568e+04	3.038088e+02	2.247728e-04	2020	6	15	12
	535	1127	-104.765703	15.703103	1.009770e+05	1.529805e+01	5.874695e+03	5.826901e+03	1.091083e+04	1.087143e+04	3.037697e+02	1.993195e-04	2020	6	15	18
	542	1132	-103.781329	16.171853	1.007278e+05	1.555529e+01	5.866872e+03	5.796496e+03	1.092017e+04	1.086531e+04	3.038880e+02	1.758901e-04	2020	6	16	0
	538	1135	-104.343829	16.453102	1.008930e+05	1.477596e+01	5.877985e+03	5.833510e+03	1.092181e+04	1.087984e+04	3.040231e+02	1.381200e-04	2020	6	16	6
	538	1142	-104.343829	17.109351	1.007088e+05	1.584850e+01	5.864290e+03	5.808473e+03	1.091435e+04	1.085210e+04	3.039871e+02	1.765900e-04	2020	6	16	12
	536	1140	-104.625079	16.921851	1.008007e+05	1.745114e+01	5.878878e+03	5.815935e+03	1.091685e+04	1.087660e+04	3.039847e+02	1.633101e-04	2020	6	16	18
	531	1148	-105.328203	17.671850	1.005133e+05	1.638681e+01	5.870443e+03	5.801855e+03	1.091293e+04	1.086704e+04	3.076113e+02	1.427400e-04	2020	6	17	0
	527	1149	-105.890702	17.765600	1.005206e+05	1.619069e+01	5.880629e+03	5.819262e+03	1.091696e+04	1.087730e+04	3.039582e+02	8.574360e-05	2020	6	17	6
	522	1154	-106.593826	18.234350	1.002592e+05	1.662345e+01	5.860484e+03	5.779996e+03	1.090161e+04	1.085431e+04	3.037040e+02	7.126473e-05	2020	6	17	12
	516	1158	-107.437576	18.609349	1.003772e+05	1.856364e+01	5.878549e+03	5.814664e+03	1.091114e+04	1.087389e+04	3.030591e+02	3.460564e-05	2020	6	17	18
	511	1163	-108.140700	19.078098	1.003515e+05	1.745933e+01	5.874133e+03	5.821767e+03	1.092338e+04	1.086689e+04	3.031018e+02	2.736803e-05	2020	6	18	0
	507	1167	-108.703199	19.453098	1.004696e+05	1.772396e+01	5.877234e+03	5.820644e+03	1.094295e+04	1.086735e+04	3.027805e+02	4.198651e-05	2020	6	18	6
	504	1172	-109.125074	19.921847	1.001595e+05	2.431951e+01	5.861112e+03	5.807461e+03	1.090688e+04	1.083137e+04	3.022498e+02	8.146221e-05	2020	6	18	12
	500	1178	-109.687573	20.484347	1.003481e+05	1.855612e+01	5.875237e+03	5.827514e+03	1.090972e+04	1.083948e+04	3.020305e+02	2.252093e-05	2020	6	18	18
	499	1182	-109.828198	20.859346	1.002034e+05	1.869726e+01	5.867396e+03	5.815292e+03	1.091321e+04	1.083549e+04	3.021961e+02	3.893156e-05	2020	6	19	0
	498	1187	-109.968823	21.328095	1.003882e+05	1.718767e+01	5.871392e+03	5.827096e+03	1.091189e+04	1.084628e+04	3.019359e+02	2.578911e-05	2020	6	19	6
	499	1192	-109.828198	21.796845	1.002280e+05	2.200458e+01	5.852969e+03	5.797721e+03	1.090657e+04	1.081292e+04	3.016693e+02	1.021103e-04	2020	6	19	12
	499	1201	-109.828198	22.640594	1.004300e+05	1.856803e+01	5.878044e+03	5.822896e+03	1.091104e+04	1.082571e+04	3.069803e+02	1.337837e-05	2020	6	19	18
	500	1214	-109.687573	23.859342	1.005464e+05	1.766362e+01	5.876113e+03	5.809699e+03	1.091192e+04	1.080964e+04	3.105002e+02	7.397564e-05	2020	6	20	0
	497	1222	-110.109448	24.609341	1.007294e+05	1.275023e+01	5.881270e+03	5.821938e+03	1.093775e+04	1.081442e+04	3.014540e+02	1.892826e-05	2020	6	20	6
	496	1232	-110.250073	25.546839	1.006192e+05	1.540618e+01	5.868824e+03	5.801065e+03	1.088484e+04	1.078333e+04	3.012257e+02	3.854329e-05	2020	6	20	12
start	35	2020	6	17	12
	2370	704	153.280903	-23.953092	1.010262e+05	1.188266e+01	5.824026e+03	5.643125e+03	1.077387e+04	1.043186e+04	2.972839e+02	2.333309e-04	2020	6	17	12
	2384	678	155.249651	-26.390588	1.004943e+05	2.002738e+01	5.784245e+03	5.619186e+03	1.070730e+04	1.040427e+04	2.966917e+02	2.832780e-04	2020	6	17	18
	2394	654	156.655899	-28.640585	1.003898e+05	2.177706e+01	5.783593e+03	5.617662e+03	1.068582e+04	1.040038e+04	2.958028e+02	3.148409e-04	2020	6	18	0
	2401	626	157.640273	-31.265582	9.949128e+04	2.330747e+01	5.714613e+03	5.538424e+03	1.058398e+04	1.036236e+04	2.948188e+02	3.614887e-04	2020	6	18	6
	2401	613	157.640273	-32.484330	9.886255e+04	2.638169e+01	5.683400e+03	5.505989e+03	1.053058e+04	1.034090e+04	2.941308e+02	2.668272e-04	2020	6	18	12
	2404	604	158.062148	-33.328079	9.867516e+04	3.034050e+01	5.635010e+03	5.481006e+03	1.043271e+04	1.031590e+04	2.940149e+02	1.719007e-04	2020	6	18	18
	2405	592	158.202773	-34.453077	9.848711e+04	2.535310e+01	5.624864e+03	5.470008e+03	1.039173e+04	1.029506e+04	2.937924e+02	1.314476e-04	2020	6	19	0
	2403	587	157.921523	-34.921826	9.819192e+04	2.532748e+01	5.595601e+03	5.444292e+03	1.035648e+04	1.026024e+04	2.936042e+02	1.137747e-04	2020	6	19	6
	2403	581	157.921523	-35.484326	9.822328e+04	2.856124e+01	5.576773e+03	5.434373e+03	1.033277e+04	1.023855e+04	2.934997e+02	1.468150e-04	2020	6	19	12
	2399	576	157.359023	-35.953075	9.789781e+04	2.855595e+01	5.532397e+03	5.408534e+03	1.031030e+04	1.020759e+04	2.932891e+02	1.955379e-04	2020	6	19	18
	2402	573	157.780898	-36.234325	9.786553e+04	2.869906e+01	5.528235e+03	5.403912e+03	1.032497e+04	1.020059e+04	2.932253e+02	1.290719e-04	2020	6	20	0
	2400	569	157.499648	-36.609324	9.757579e+04	2.665247e+01	5.497822e+03	5.383886e+03	1.032100e+04	1.017184e+04	2.930796e+02	9.131763e-05	2020	6	20	6
	2402	565	157.780898	-36.984324	9.762474e+04	2.714030e+01	5.493647e+03	5.382346e+03	1.031245e+04	1.016427e+04	2.928203e+02	1.352472e-04	2020	6	20	12
	2402	560	157.780898	-37.453073	9.755896e+04	2.937375e+01	5.483476e+03	5.367746e+03	1.028836e+04	1.012490e+04	2.927586e+02	1.685602e-04	2020	6	20	18
	2401	551	157.640273	-38.296822	9.749741e+04	2.880440e+01	5.474464e+03	5.360632e+03	1.026941e+04	1.012729e+04	2.927444e+02	1.699128e-04	2020	6	21	0
	2401	545	157.640273	-38.859321	9.720252e+04	2.940284e+01	5.466547e+03	5.355585e+03	1.025870e+04	1.011067e+04	2.927378e+02	1.226497e-04	2020	6	21	6
	2400	540	157.499648	-39.328070	9.739964e+04	3.017192e+01	5.483189e+03	5.354383e+03	1.025247e+04	1.010453e+04	2.926854e+02	1.434399e-04	2020	6	21	12
	2399	534	157.359023	-39.890570	9.735558e+04	3.510206e+01	5.489631e+03	5.345851e+03	1.023783e+04	1.005510e+04	2.925111e+02	1.677064e-04	2020	6	21	18
	2404	527	158.062148	-40.546819	9.759189e+04	3.602394e+01	5.500751e+03	5.362489e+03	1.026058e+04	1.004344e+04	2.913188e+02	1.241322e-04	2020	6	22	0
	2417	514	159.890271	-41.765567	9.753023e+04	3.205119e+01	5.496841e+03	5.363094e+03	1.026471e+04	1.004670e+04	2.899864e+02	1.002926e-04	2020	6	22	6
	2420	498	160.312145	-43.265565	9.756448e+04	3.129982e+01	5.486120e+03	5.337283e+03	1.023313e+04	1.001085e+04	2.883546e+02	8.807023e-05	2020	6	22	12
	2419	482	160.171521	-44.765563	9.736951e+04	2.820899e+01	5.444911e+03	5.299617e+03	1.016520e+04	9.976076e+03	2.869112e+02	9.611346e-05	2020	6	22	18
	2415	472	159.609021	-45.703061	9.727187e+04	2.879362e+01	5.434052e+03	5.288234e+03	1.010270e+04	9.960571e+03	2.860504e+02	1.034134e-04	2020	6	23	0
	2421	463	160.452770	-46.546810	9.707824e+04	2.993385e+01	5.418106e+03	5.261342e+03	1.006592e+04	9.960396e+03	2.856454e+02	8.709710e-05	2020	6	23	6
	2423	456	160.734020	-47.203059	9.709959e+04	2.786766e+01	5.415474e+03	5.255837e+03	1.006764e+04	9.970107e+03	2.845251e+02	6.375203e-05	2020	6	23	12
	2423	450	160.734020	-47.765559	9.730907e+04	2.293368e+01	5.403179e+03	5.258660e+03	1.005788e+04	9.971017e+03	2.840930e+02	5.781102e-05	2020	6	23	18
	2427	452	161.296519	-47.578059	9.757265e+04	2.281711e+01	5.426587e+03	5.267491e+03	1.007535e+04	9.949505e+03	2.843773e+02	5.043600e-05	2020	6	24	0
	2434	450	162.280893	-47.765559	9.764198e+04	2.323602e+01	5.422217e+03	5.260542e+03	1.006712e+04	9.884756e+03	2.841563e+02	5.132143e-05	2020	6	24	6
	2449	447	164.390266	-48.046808	9.788422e+04	2.506659e+01	5.436605e+03	5.225432e+03	1.007383e+04	9.839599e+03	2.849953e+02	8.902969e-05	2020	6	24	12
	2468	435	167.062138	-49.171807	9.786716e+04	2.388521e+01	5.424959e+03	5.188252e+03	1.004269e+04	9.804012e+03	2.844058e+02	6.597220e-05	2020	6	24	18
	2481	415	168.890261	-51.046804	9.785455e+04	2.101771e+01	5.395967e+03	5.193155e+03	1.000979e+04	9.828128e+03	2.822860e+02	5.275433e-05	2020	6	25	0
	2486	402	169.593386	-52.265552	9.787211e+04	2.361347e+01	5.367381e+03	5.190508e+03	9.963720e+03	9.828253e+03	2.815374e+02	6.458825e-05	2020	6	25	6
	2492	398	170.437135	-52.640552	9.828190e+04	2.323476e+01	5.373720e+03	5.224481e+03	9.955758e+03	9.805146e+03	2.810320e+02	5.357408e-05	2020	6	25	12
	2498	402	171.280884	-52.265552	9.876077e+04	2.552029e+01	5.412743e+03	5.254030e+03	9.971950e+03	9.801634e+03	2.807879e+02	3.399065e-05	2020	6	25	18
	2494	420	170.718385	-50.578055	9.935685e+04	2.547552e+01	5.456340e+03	5.294078e+03	1.001448e+04	9.883642e+03	2.812278e+02	1.496243e-05	2020	6	26	0
start	51	2020	6	21	0
	1005	1061	-38.672022	9.515612	1.012965e+05	1.412755e+01	5.884686e+03	5.840431e+03	1.094118e+04	1.087269e+04	3.013588e+02	2.707836e-04	2020	6	21	0
	1002	1065	-39.093897	9.890611	1.012409e+05	1.388694e+01	5.868049e+03	5.822807e+03	1.092372e+04	1.084693e+04	3.013235e+02	3.523995e-04	2020	6	21	6
	1001	1071	-39.234522	10.453110	1.013543e+05	1.615264e+01	5.879432e+03	5.836798e+03	1.091728e+04	1.085652e+04	3.010847e+02	3.122132e-04	2020	6	21	12
	983	1070	-41.765769	10.359361	1.011736e+05	1.448328e+01	5.861792e+03	5.820292e+03	1.089062e+04	1.085204e+04	3.013259e+02	1.914825e-04	2020	6	21	18
	984	1061	-41.625144	9.515612	1.011936e+05	1.517282e+01	5.876173e+03	5.840471e+03	1.092216e+04	1.086379e+04	3.015182e+02	2.248846e-04	2020	6	22	0
	988	1083	-41.062645	11.578109	1.011747e+05	1.633737e+01	5.862480e+03	5.818059e+03	1.090691e+04	1.083935e+04	3.005531e+02	2.512879e-04	2020	6	22	6
	981	1076	-42.047019	10.921860	1.011410e+05	1.450420e+01	5.867065e+03	5.834320e+03	1.089326e+04	1.085206e+04	3.008256e+02	2.161321e-04	2020	6	22	12
	982	1087	-41.906394	11.953108	1.010469e+05	1.701328e+01	5.867012e+03	5.810664e+03	1.088244e+04	1.084783e+04	3.006618e+02	2.021181e-04	2020	6	22	18
	980	1095	-42.187644	12.703107	1.011156e+05	1.699328e+01	5.868134e+03	5.824272e+03	1.090941e+04	1.085685e+04	3.005190e+02	2.049876e-04	2020	6	23	0
	974	1099	-43.031393	13.078107	1.010085e+05	1.562951e+01	5.856233e+03	5.806336e+03	1.087785e+04	1.083097e+04	3.004021e+02	2.823186e-04	2020	6	23	6
	966	1108	-44.156392	13.921856	1.010140e+05	1.626313e+01	5.863923e+03	5.830202e+03	1.087911e+04	1.083853e+04	3.004892e+02	1.923905e-04	2020	6	23	12
	962	1109	-44.718891	14.015606	1.009050e+05	1.561618e+01	5.865574e+03	5.810223e+03	1.088600e+04	1.083105e+04	3.007098e+02	1.560118e-04	2020	6	23	18
	953	1108	-45.984515	13.921856	1.009342e+05	1.644429e+01	5.874067e+03	5.818906e+03	1.089432e+04	1.083659e+04	3.007541e+02	1.637242e-04	2020	6	24	0
	953	1108	-45.984515	13.921856	1.008554e+05	1.937661e+01	5.855642e+03	5.795141e+03	1.089012e+04	1.081519e+04	3.006277e+02	2.451543e-04	2020	6	24	6
	940	1113	-47.812638	14.390605	1.008455e+05	2.276826e+01	5.867710e+03	5.816881e+03	1.087514e+04	1.084105e+04	3.004335e+02	2.137314e-04	2020	6	24	12
	928	1120	-49.500136	15.046854	1.007545e+05	2.050376e+01	5.865327e+03	5.802924e+03	1.087807e+04	1.083766e+04	3.007941e+02	1.152563e-04	2020	6	24	18
	921	1123	-50.484510	15.328104	1.007774e+05	2.055064e+01	5.881046e+03	5.830188e+03	1.091452e+04	1.085466e+04	3.006928e+02	1.439587e-04	2020	6	25	0
	911	1117	-51.890758	14.765604	1.007715e+05	2.154582e+01	5.877312e+03	5.815482e+03	1.088706e+04	1.083933e+04	3.008959e+02	1.423923e-04	2020	6	25	6
	898	1114	-53.718882	14.484355	1.007878e+05	2.173298e+01	5.882269e+03	5.814317e+03	1.090537e+04	1.084959e+04	3.013398e+02	1.893331e-04	2020	6	25	12
	886	1130	-55.406380	15.984353	1.007165e+05	2.398547e+01	5.895227e+03	5.794301e+03	1.091163e+04	1.084198e+04	3.011836e+02	1.323436e-04	2020	6	25	18
	876	1126	-56.812628	15.609353	1.006228e+05	2.107019e+01	5.892318e+03	5.826967e+03	1.092204e+04	1.086071e+04	3.014658e+02	9.637821e-05	2020	6	26	0
	863	1128	-58.640751	15.796853	1.006424e+05	2.398468e+01	5.880049e+03	5.794309e+03	1.091437e+04	1.084778e+04	3.017836e+02	1.703071e-04	2020	6	26	6
	852	1134	-60.187625	16.359352	1.005942e+05	2.432069e+01	5.896125e+03	5.807206e+03	1.095106e+04	1.086388e+04	3.018505e+02	1.680871e-04	2020	6	26	12
	837	1140	-62.296998	16.921851	1.006129e+05	2.442094e+01	5.888096e+03	5.792573e+03	1.091431e+04	1.085425e+04	3.021567e+02	1.458834e-04	2020	6	26	18
	823	1145	-64.265746	17.390601	1.005621e+05	2.508447e+01	5.891435e+03	5.816500e+03	1.090799e+04	1.085749e+04	3.025677e+02	1.454469e-04	2020	6	27	0
	809	1145	-66.234494	17.390601	1.005619e+05	2.391588e+01	5.880051e+03	5.795326e+03	1.093965e+04	1.085492e+04	3.025996e+02	2.035631e-04	2020	6	27	6
	794	1149	-68.343866	17.765600	1.004390e+05	3.148951e+01	5.878752e+03	5.787297e+03	1.091177e+04	1.084823e+04	3.023284e+02	2.513870e-04	2020	6	27	12
	783	1152	-69.890740	18.046850	1.003023e+05	2.409630e+01	5.883710e+03	5.792583e+03	1.090752e+04	1.086093e+04	3.068621e+02	1.395506e-04	2020	6	27	18
	773	1168	-71.296988	19.546848	1.004377e+05	2.199970e+01	5.888646e+03	5.791651e+03	1.093985e+04	1.084371e+04	3.043551e+02	2.056174e-04	2020	6	28	0
	758	1173	-73.406361	20.015597	1.004844e+05	2.267085e+01	5.870520e+03	5.787407e+03	1.091102e+04	1.085205e+04	3.039265e+02	2.312997e-04	2020	6	28	6
	749	1182	-74.671985	20.859346	1.003410e+05	2.280963e+01	5.869158e+03	5.794785e+03	1.092586e+04	1.084785e+04	3.037057e+02	2.026130e-04	2020	6	28	12
	736	1190	-76.500108	21.609345	1.002910e+05	2.052606e+01	5.866129e+03	5.792373e+03	1.094966e+04	1.084521e+04	3.059337e+02	1.607796e-04	2020	6	28	18
	730	1202	-77.343857	22.734343	9.985414e+04	2.383072e+01	5.864878e+03	5.776466e+03	1.092002e+04	1.085038e+04	3.038467e+02	2.835462e-04	2020	6	29	0
	724	1207	-78.187606	23.203093	9.987604e+04	2.120320e+01	5.861854e+03	5.788347e+03	1.092654e+04	1.084532e+04	3.035199e+02	1.640028e-04	2020	6	29	6
	718	1218	-79.031355	24.234341	9.952598e+04	2.540149e+01	5.859787e+03	5.731046e+03	1.091341e+04	1.083405e+04	3.031843e+02	2.002230e-04	2020	6	29	12
	715	1230	-79.453230	25.359340	9.973033e+04	2.411864e+01	5.868023e+03	5.781203e+03	1.092374e+04	1.085290e+04	3.031909e+02	2.137136e-04	2020	6	29	18
	710	1246	-80.156354	26.859338	9.939459e+04	2.430717e+01	5.883853e+03	5.754414e+03	1.093737e+04	1.086286e+04	3.032742e+02	2.229307e-04	2020	6	30	0
	703	1257	-81.140728	27.890586	9.990749e+04	2.141286e+01	5.882683e+03	5.752896e+03	1.094509e+04	1.087130e+04	3.029183e+02	1.288090e-04	2020	6	30	6
	698	1276	-81.843852	29.671834	1.000950e+05	2.207529e+01	5.892673e+03	5.794272e+03	1.094689e+04	1.086506e+04	3.027602e+02	1.151232e-04	2020	6	30	12
	696	1286	-82.125102	30.609332	1.002603e+05	2.139314e+01	5.907677e+03	5.797293e+03	1.097974e+04	1.087780e+04	3.047389e+02	1.648829e-04	2020	6	30	18
	703	1302	-81.140728	32.109330	9.995917e+04	2.173126e+01	5.909009e+03	5.777983e+03	1.097700e+04	1.086527e+04	3.027664e+02	2.133818e-04	2020	7	1	0
	712	1313	-79.875104	33.140579	1.001940e+05	2.288014e+01	5.911807e+03	5.801447e+03	1.096003e+04	1.083286e+04	3.026820e+02	9.512050e-05	2020	7	1	6
	726	1326	-77.906356	34.359327	1.002664e+05	2.323157e+01	5.911716e+03	5.791335e+03	1.096155e+04	1.080624e+04	3.028440e+02	1.425954e-04	2020	7	1	12
	747	1337	-74.953234	35.390576	1.001768e+05	2.297812e+01	5.909504e+03	5.781196e+03	1.095928e+04	1.078677e+04	3.027905e+02	8.284325e-05	2020	7	1	18
	767	1342	-72.140737	35.859325	9.984188e+04	2.295474e+01	5.906923e+03	5.762194e+03	1.095637e+04	1.077604e+04	3.026029e+02	1.555382e-04	2020	7	2	0
	789	1347	-69.046991	36.328075	9.964062e+04	2.634184e+01	5.903463e+03	5.733348e+03	1.095026e+04	1.073104e+04	3.021893e+02	8.776475e-05	2020	7	2	6
	815	1357	-65.390744	37.265573	9.922778e+04	2.619795e+01	5.862244e+03	5.680705e+03	1.090190e+04	1.066653e+04	3.017754e+02	1.499363e-04	2020	7	2	12
	842	1361	-61.593873	37.640573	9.905288e+04	2.824894e+01	5.845323e+03	5.646865e+03	1.088285e+04	1.063590e+04	3.010156e+02	1.383641e-04	2020	7	2	18
	874	1373	-57.093878	38.765571	9.887833e+04	2.925490e+01	5.831815e+03	5.596333e+03	1.085767e+04	1.056922e+04	2.993854e+02	1.053003e-04	2020	7	3	0
	908	1388	-52.312633	40.171819	9.853966e+04	2.568710e+01	5.794992e+03	5.539849e+03	1.081831e+04	1.048867e+04	2.959339e+02	1.880521e-04	2020	7	3	6
	946	1405	-46.968889	41.765567	9.830948e+04	2.782409e+01	5.781065e+03	5.499485e+03	1.081495e+04	1.044397e+04	2.950265e+02	2.109131e-04	2020	7	3	12
start	16	2020	6	24	18
	1015	1056	-37.265774	9.046862	1.010925e+05	1.216889e+01	5.856423e+03	5.812870e+03	1.087500e+04	1.083337e+04	3.017531e+02	2.908477e-04	2020	6	24	18
	1009	1050	-38.109523	8.484363	1.011913e+05	1.118450e+01	5.873485e+03	5.825348e+03	1.092547e+04	1.085408e+04	3.015929e+02	2.653422e-04	2020	6	25	0
	1009	1054	-38.109523	8.859363	1.011480e+05	1.206370e+01	5.855379e+03	5.811000e+03	1.087093e+04	1.083310e+04	3.013876e+02	2.447784e-04	2020	6	25	6
	981	1060	-42.047019	9.421862	1.012895e+05	1.163930e+01	5.872966e+03	5.834108e+03	1.088351e+04	1.084734e+04	3.015114e+02	2.336982e-04	2020	6	25	12
	982	1068	-41.906394	10.171861	1.011676e+05	1.647251e+01	5.865890e+03	5.821923e+03	1.089946e+04	1.084227e+04	3.016665e+02	2.068252e-04	2020	6	25	18
	963	1073	-44.578266	10.640610	1.011613e+05	1.787725e+01	5.887870e+03	5.835128e+03	1.093332e+04	1.086278e+04	3.020073e+02	2.904556e-04	2020	6	26	0
	944	1075	-47.250138	10.828110	1.010519e+05	1.738573e+01	5.866529e+03	5.820489e+03	1.090577e+04	1.083283e+04	3.020033e+02	3.753726e-04	2020	6	26	6
	928	1083	-49.500136	11.578109	1.010928e+05	2.092310e+01	5.879618e+03	5.819516e+03	1.091848e+04	1.085189e+04	3.015095e+02	2.580256e-04	2020	6	26	12
	922	1089	-50.343885	12.140608	1.009668e+05	2.473842e+01	5.873685e+03	5.803694e+03	1.090818e+04	1.084594e+04	3.014646e+02	2.418553e-04	2020	6	26	18
	899	1092	-53.578257	12.421858	1.009803e+05	2.519068e+01	5.884501e+03	5.830936e+03	1.090754e+04	1.085711e+04	3.025164e+02	2.642561e-04	2020	6	27	0
	890	1108	-54.843880	13.921856	1.009577e+05	2.633915e+01	5.872841e+03	5.813242e+03	1.089398e+04	1.082474e+04	3.018539e+02	1.991166e-04	2020	6	27	6
	873	1115	-57.234503	14.578105	1.008740e+05	2.448461e+01	5.880396e+03	5.818168e+03	1.087974e+04	1.083137e+04	3.015494e+02	1.539427e-04	2020	6	27	12
	854	1125	-59.906375	15.515603	1.008184e+05	2.173952e+01	5.875293e+03	5.814410e+03	1.090652e+04	1.084071e+04	3.024302e+02	1.141214e-04	2020	6	27	18
	841	1136	-61.734498	16.546852	1.007387e+05	2.384390e+01	5.882621e+03	5.826989e+03	1.089000e+04	1.084984e+04	3.021667e+02	1.097911e-04	2020	6	28	0
	827	1150	-63.703246	17.859350	1.007859e+05	2.462326e+01	5.873442e+03	5.813206e+03	1.092464e+04	1.083403e+04	3.018629e+02	9.182368e-05	2020	6	28	6
	811	1167	-65.953244	19.453098	1.007371e+05	2.737591e+01	5.882433e+03	5.822790e+03	1.088391e+04	1.084065e+04	3.019583e+02	1.514643e-04	2020	6	28	12
start	16	2020	6	25	18
	2059	1214	109.546573	23.859342	9.965101e+04	7.571296e+00	5.822987e+03	5.755877e+03	1.094540e+04	1.088264e+04	3.008148e+02	2.456827e-04	2020	6	25	18
	2065	1221	110.390322	24.515591	9.953709e+04	7.704828e+00	5.809303e+03	5.750580e+03	1.094419e+04	1.085137e+04	2.990140e+02	1.770629e-04	2020	6	26	0
	2074	1215	111.655946	23.953092	9.954887e+04	7.296737e+00	5.815721e+03	5.741367e+03	1.093441e+04	1.085972e+04	3.021924e+02	1.811286e-04	2020	6	26	6
	2083	1212	112.921570	23.671842	9.940388e+04	1.322375e+01	5.816051e+03	5.745999e+03	1.096396e+04	1.087164e+04	3.014401e+02	2.507441e-04	2020	6	26	12
	2092	1212	114.187193	23.671842	9.951291e+04	1.426328e+01	5.809093e+03	5.732903e+03	1.097543e+04	1.085163e+04	3.006664e+02	2.576584e-04	2020	6	26	18
	2106	1210	116.155941	23.484342	9.955566e+04	1.745616e+01	5.820964e+03	5.742607e+03	1.094246e+04	1.086015e+04	3.011636e+02	3.214870e-04	2020	6	27	0
	2111	1207	116.859066	23.203093	9.957905e+04	1.907816e+01	5.822560e+03	5.746320e+03	1.096784e+04	1.087794e+04	3.015163e+02	4.129916e-04	2020	6	27	6
	2130	1212	119.530938	23.671842	9.962627e+04	2.162261e+01	5.848406e+03	5.753607e+03	1.096972e+04	1.088491e+04	3.015212e+02	4.079707e-04	2020	6	27	12
	2149	1231	122.202810	25.453090	9.950299e+04	2.094917e+01	5.838914e+03	5.732663e+03	1.097804e+04	1.080787e+04	3.014113e+02	2.789071e-04	2020	6	27	18
	2163	1233	124.171558	25.640589	9.984483e+04	2.163553e+01	5.864417e+03	5.745945e+03	1.096433e+04	1.081057e+04	3.013984e+02	3.566604e-04	2020	6	28	0
	2187	1257	127.546555	27.890586	9.989675e+04	2.159898e+01	5.861907e+03	5.713084e+03	1.098195e+04	1.072893e+04	3.014975e+02	4.319922e-04	2020	6	28	6
	2194	1261	128.530928	28.265586	9.964472e+04	2.488701e+01	5.877653e+03	5.725196e+03	1.097734e+04	1.071825e+04	3.014999e+02	3.133019e-04	2020	6	28	12
	2221	1295	132.327800	31.453081	9.968266e+04	2.313274e+01	5.855253e+03	5.675519e+03	1.095365e+04	1.056769e+04	3.004570e+02	3.070971e-04	2020	6	28	18
	2253	1315	136.827795	33.328079	9.975495e+04	2.465912e+01	5.865583e+03	5.665269e+03	1.093934e+04	1.055591e+04	2.992770e+02	5.443242e-04	2020	6	29	0
	2269	1322	139.077792	33.984328	9.952865e+04	2.798600e+01	5.854754e+03	5.655016e+03	1.091780e+04	1.054857e+04	2.993400e+02	4.551942e-04	2020	6	29	6
	2292	1345	142.312164	36.140575	9.922380e+04	2.824977e+01	5.843908e+03	5.645969e+03	1.089601e+04	1.049749e+04	2.972141e+02	3.274737e-04	2020	6	29	12
start	56	2020	6	30	6
	1081	1089	-27.984533	12.140608	1.009838e+05	1.520668e+01	5.888747e+03	5.800488e+03	1.089759e+04	1.081241e+04	3.021747e+02	2.408668e-04	2020	6	30	6
	1077	1062	-28.547033	9.609362	1.010181e+05	1.995340e+01	5.882719e+03	5.821775e+03	1.091105e+04	1.085044e+04	3.020453e+02	4.110818e-04	2020	6	30	12
	1051	1079	-32.203279	11.203109	1.007667e+05	1.784058e+01	5.875698e+03	5.808233e+03	1.091767e+04	1.084631e+04	3.015211e+02	3.717332e-04	2020	6	30	18
	1032	1079	-34.875151	11.203109	1.007238e+05	1.831974e+01	5.888490e+03	5.816952e+03	1.094271e+04	1.084674e+04	3.013747e+02	3.544592e-04	2020	7	1	0
	1024	1085	-36.000150	11.765609	1.005197e+05	2.355008e+01	5.870178e+03	5.787928e+03	1.088421e+04	1.082559e+04	3.012083e+02	3.894184e-04	2020	7	1	6
	1007	1083	-38.390773	11.578109	1.004897e+05	2.309980e+01	5.880524e+03	5.797768e+03	1.091813e+04	1.084116e+04	3.007531e+02	3.776157e-04	2020	7	1	12
	993	1089	-40.359521	12.140608	1.004424e+05	2.480647e+01	5.869516e+03	5.794552e+03	1.088536e+04	1.083754e+04	3.005029e+02	2.871239e-04	2020	7	1	18
	975	1089	-42.890768	12.140608	1.004608e+05	2.640417e+01	5.874664e+03	5.816512e+03	1.091878e+04	1.084397e+04	3.007631e+02	3.220017e-04	2020	7	2	0
	962	1092	-44.718891	12.421858	1.003558e+05	2.700145e+01	5.853833e+03	5.786519e+03	1.088377e+04	1.082167e+04	3.010326e+02	3.835081e-04	2020	7	2	6
	946	1092	-46.968889	12.421858	1.003472e+05	2.547259e+01	5.862235e+03	5.789243e+03	1.090947e+04	1.083458e+04	3.011344e+02	4.427986e-04	2020	7	2	12
	929	1105	-49.359511	13.640606	1.000356e+05	2.762846e+01	5.862181e+03	5.773783e+03	1.090959e+04	1.082023e+04	3.009000e+02	4.023451e-04	2020	7	2	18
	921	1113	-50.484510	14.390605	1.000184e+05	2.661635e+01	5.863575e+03	5.785158e+03	1.088635e+04	1.083118e+04	3.008737e+02	3.420700e-04	2020	7	3	0
	907	1122	-52.453258	15.234354	9.994484e+04	2.964069e+01	5.848201e+03	5.752309e+03	1.089200e+04	1.080816e+04	3.008826e+02	3.207845e-04	2020	7	3	6
	894	1123	-54.281381	15.328104	9.990483e+04	3.054879e+01	5.849415e+03	5.775877e+03	1.086712e+04	1.081814e+04	3.012450e+02	3.927299e-04	2020	7	3	12
	888	1144	-55.125130	17.296851	9.977798e+04	3.215235e+01	5.856884e+03	5.737308e+03	1.087367e+04	1.080564e+04	3.010239e+02	3.459351e-04	2020	7	3	18
	878	1157	-56.531379	18.515599	9.918044e+04	3.485224e+01	5.865216e+03	5.703438e+03	1.090333e+04	1.079667e+04	3.011108e+02	4.400719e-04	2020	7	4	0
	869	1165	-57.797002	19.265598	9.896741e+04	2.897234e+01	5.856477e+03	5.688107e+03	1.088179e+04	1.078543e+04	3.010520e+02	4.260578e-04	2020	7	4	6
	862	1170	-58.781376	19.734348	9.881621e+04	2.973494e+01	5.886425e+03	5.712901e+03	1.089069e+04	1.081277e+04	3.010511e+02	2.958973e-04	2020	7	4	12
	858	1182	-59.343876	20.859346	9.904041e+04	3.292825e+01	5.878745e+03	5.736046e+03	1.091052e+04	1.083611e+04	3.011743e+02	2.916069e-04	2020	7	4	18
	852	1194	-60.187625	21.984344	9.868491e+04	3.063792e+01	5.894878e+03	5.718953e+03	1.093608e+04	1.083221e+04	3.012186e+02	3.436239e-04	2020	7	5	0
	847	1208	-60.890749	23.296843	9.875363e+04	3.534872e+01	5.894020e+03	5.720575e+03	1.092445e+04	1.084443e+04	3.010699e+02	3.389676e-04	2020	7	5	6
	843	1217	-61.453249	24.140591	9.855353e+04	3.448321e+01	5.901930e+03	5.694896e+03	1.091776e+04	1.083615e+04	3.008167e+02	2.509758e-04	2020	7	5	12
	842	1224	-61.593873	24.796841	9.841435e+04	3.412948e+01	5.894114e+03	5.713788e+03	1.092147e+04	1.085354e+04	3.007723e+02	3.037066e-04	2020	7	5	18
	844	1235	-61.312624	25.828089	9.824521e+04	3.825751e+01	5.901918e+03	5.679691e+03	1.092297e+04	1.083361e+04	3.008985e+02	3.531933e-04	2020	7	6	0
	844	1246	-61.312624	26.859338	9.730342e+04	3.961083e+01	5.880898e+03	5.638466e+03	1.092463e+04	1.079766e+04	3.005742e+02	2.751687e-04	2020	7	6	6
	846	1259	-61.031374	28.078086	9.724358e+04	3.736842e+01	5.883048e+03	5.638947e+03	1.089841e+04	1.080861e+04	3.002396e+02	2.659861e-04	2020	7	6	12
	849	1275	-60.609499	29.578084	9.706157e+04	3.877813e+01	5.875965e+03	5.622188e+03	1.089338e+04	1.079866e+04	3.000679e+02	2.571119e-04	2020	7	6	18
	852	1290	-60.187625	30.984332	9.697474e+04	4.129090e+01	5.871192e+03	5.609899e+03	1.089389e+04	1.078867e+04	2.993233e+02	2.603106e-04	2020	7	7	0
	852	1307	-60.187625	32.578080	9.692883e+04	4.027267e+01	5.856342e+03	5.613939e+03	1.087795e+04	1.077490e+04	2.988744e+02	2.380036e-04	2020	7	7	6
	855	1323	-59.765750	34.078078	9.684239e+04	3.769677e+01	5.847046e+03	5.597167e+03	1.088261e+04	1.073175e+04	2.986077e+02	2.846668e-04	2020	7	7	12
	862	1344	-58.781376	36.046825	9.686030e+04	4.255558e+01	5.843710e+03	5.574783e+03	1.087032e+04	1.069615e+04	2.992268e+02	2.414850e-04	2020	7	7	18
	871	1367	-57.515753	38.203072	9.652415e+04	4.107531e+01	5.835517e+03	5.550092e+03	1.086469e+04	1.066190e+04	2.994285e+02	3.163993e-04	2020	7	8	0
	883	1386	-55.828254	39.984319	9.644666e+04	4.129033e+01	5.810311e+03	5.517704e+03	1.083462e+04	1.061414e+04	2.985435e+02	3.035748e-04	2020	7	8	6
	898	1405	-53.718882	41.765567	9.660539e+04	4.036723e+01	5.806364e+03	5.524779e+03	1.082592e+04	1.060337e+04	2.951419e+02	2.571771e-04	2020	7	8	12
	914	1418	-51.468884	42.984315	9.710463e+04	3.727210e+01	5.815553e+03	5.548472e+03	1.083369e+04	1.060115e+04	2.939413e+02	1.417846e-04	2020	7	8	18
	939	1428	-47.953263	43.921814	9.779393e+04	3.349803e+01	5.831769e+03	5.564948e+03	1.085144e+04	1.058990e+04	2.902794e+02	1.322591e-04	2020	7	9	0
	965	1432	-44.297016	44.296813	9.814998e+04	3.042759e+01	5.822678e+03	5.550102e+03	1.083893e+04	1.053026e+04	2.920656e+02	1.359425e-04	2020	7	9	6
	997	1432	-39.797021	44.296813	9.859147e+04	2.758433e+01	5.838239e+03	5.553025e+03	1.085341e+04	1.047613e+04	2.901967e+02	1.574452e-04	2020	7	9	12
	1032	1429	-34.875151	44.015564	9.889301e+04	2.818210e+01	5.838489e+03	5.544372e+03	1.085197e+04	1.042244e+04	2.908926e+02	1.665701e-04	2020	7	9	18
	1074	1429	-28.968907	44.015564	9.902470e+04	2.705257e+01	5.821973e+03	5.511250e+03	1.083336e+04	1.036171e+04	2.910315e+02	1.969277e-04	2020	7	10	0
	1114	1436	-23.343913	44.671813	9.876980e+04	2.601662e+01	5.776951e+03	5.469114e+03	1.077169e+04	1.029329e+04	2.912220e+02	2.438863e-04	2020	7	10	6
	1143	1454	-19.265792	46.359311	9.847895e+04	2.453679e+01	5.740325e+03	5.428934e+03	1.071725e+04	1.023557e+04	2.916436e+02	2.173990e-04	2020	7	10	12
	1163	1478	-16.453295	48.609307	9.794749e+04	2.315408e+01	5.674354e+03	5.405057e+03	1.061785e+04	1.023781e+04	2.914716e+02	2.464036e-04	2020	7	10	18
	1169	1498	-15.609546	50.484305	9.721514e+04	3.170541e+01	5.607443e+03	5.353422e+03	1.048853e+04	1.025618e+04	2.906740e+02	2.197676e-04	2020	7	11	0
	1173	1512	-15.047047	51.796803	9.652787e+04	3.502441e+01	5.559339e+03	5.302995e+03	1.041879e+04	1.023351e+04	2.903409e+02	1.920750e-04	2020	7	11	6
	1172	1518	-15.187672	52.359302	9.639655e+04	3.165892e+01	5.530316e+03	5.288652e+03	1.038750e+04	1.021864e+04	2.902687e+02	1.235056e-04	2020	7	11	12
	1172	1526	-15.187672	53.109301	9.643672e+04	2.701587e+01	5.520590e+03	5.289768e+03	1.037607e+04	1.020697e+04	2.899766e+02	9.053597e-05	2020	7	11	18
	1174	1531	-14.906422	53.578051	9.655749e+04	2.597528e+01	5.520535e+03	5.290800e+03	1.036274e+04	1.019561e+04	2.898287e+02	8.931867e-05	2020	7	12	0
	1172	1535	-15.187672	53.953050	9.653305e+04	2.363104e+01	5.504533e+03	5.280383e+03	1.033714e+04	1.017370e+04	2.897253e+02	8.254013e-05	2020	7	12	6
	1170	1537	-15.468921	54.140550	9.669423e+04	2.187328e+01	5.506209e+03	5.296299e+03	1.032908e+04	1.017569e+04	2.897522e+02	6.527045e-05	2020	7	12	12
	1163	1539	-16.453295	54.328050	9.680068e+04	2.227745e+01	5.512201e+03	5.306911e+03	1.033306e+04	1.017735e+04	2.898585e+02	5.494232e-05	2020	7	12	18
	1157	1536	-17.297045	54.046800	9.699167e+04	2.300993e+01	5.522464e+03	5.318443e+03	1.034203e+04	1.017646e+04	2.900791e+02	6.442196e-05	2020	7	13	0
	1151	1526	-18.140794	53.109301	9.714398e+04	2.241422e+01	5.537431e+03	5.323830e+03	1.035773e+04	1.016915e+04	2.899242e+02	7.485002e-05	2020	7	13	6
	1157	1513	-17.297045	51.890553	9.734890e+04	2.193956e+01	5.575667e+03	5.352553e+03	1.041315e+04	1.019595e+04	2.895528e+02	4.605168e-05	2020	7	13	12
	1169	1503	-15.609546	50.953054	9.773523e+04	2.176692e+01	5.614018e+03	5.388072e+03	1.047763e+04	1.021046e+04	2.894947e+02	4.957835e-05	2020	7	13	18
	1188	1498	-12.937674	50.484305	9.812262e+04	2.190391e+01	5.628938e+03	5.421861e+03	1.052717e+04	1.021756e+04	2.899552e+02	6.885285e-05	2020	7	14	0
start	26	2020	7	3	18
	570	1111	-99.843834	14.203105	1.007402e+05	1.389902e+01	5.854712e+03	5.800412e+03	1.093032e+04	1.084371e+04	3.041303e+02	3.469269e-04	2020	7	3	18
	566	1105	-100.406333	13.640606	1.004095e+05	1.332691e+01	5.844028e+03	5.779853e+03	1.090474e+04	1.083032e+04	3.043052e+02	3.618227e-04	2020	7	4	0
	570	1110	-99.843834	14.109355	1.006678e+05	1.400141e+01	5.851545e+03	5.799432e+03	1.093792e+04	1.083318e+04	3.041514e+02	2.964629e-04	2020	7	4	6
	564	1116	-100.687583	14.671855	1.004243e+05	1.846006e+01	5.837355e+03	5.783277e+03	1.089973e+04	1.082011e+04	3.040416e+02	3.725643e-04	2020	7	4	12
	558	1118	-101.531332	14.859354	1.004640e+05	1.771159e+01	5.860802e+03	5.793890e+03	1.091596e+04	1.085382e+04	3.040776e+02	4.006630e-04	2020	7	4	18
	557	1124	-101.671957	15.421854	1.001426e+05	1.756100e+01	5.855452e+03	5.782018e+03	1.092702e+04	1.084803e+04	3.044953e+02	4.420942e-04	2020	7	5	0
	554	1125	-102.093831	15.515603	1.002672e+05	2.208146e+01	5.871904e+03	5.799274e+03	1.092671e+04	1.085523e+04	3.042754e+02	3.953268e-04	2020	7	5	6
	549	1134	-102.796955	16.359352	1.000408e+05	2.337672e+01	5.862775e+03	5.779315e+03	1.094431e+04	1.083800e+04	3.049091e+02	4.501953e-04	2020	7	5	12
	544	1134	-103.500080	16.359352	1.001106e+05	3.021575e+01	5.882706e+03	5.796547e+03	1.093513e+04	1.086944e+04	3.046465e+02	5.040721e-04	2020	7	5	18
	544	1138	-103.500080	16.734352	1.001915e+05	2.468236e+01	5.879104e+03	5.800573e+03	1.095214e+04	1.087052e+04	3.047956e+02	4.014915e-04	2020	7	6	0
	538	1147	-104.343829	17.578101	1.004604e+05	2.303120e+01	5.898465e+03	5.818892e+03	1.096685e+04	1.088732e+04	3.050092e+02	3.420541e-04	2020	7	6	6
	534	1151	-104.906328	17.953100	1.000566e+05	2.922304e+01	5.876671e+03	5.776932e+03	1.092945e+04	1.086421e+04	3.048227e+02	5.049378e-04	2020	7	6	12
	525	1161	-106.171952	18.890599	1.000173e+05	2.486081e+01	5.903017e+03	5.789225e+03	1.094791e+04	1.088560e+04	3.068104e+02	3.102783e-04	2020	7	6	18
	520	1161	-106.875076	18.890599	9.949483e+04	3.135913e+01	5.885000e+03	5.773584e+03	1.093476e+04	1.087518e+04	3.051387e+02	3.101743e-04	2020	7	7	0
	515	1168	-107.578200	19.546848	9.928351e+04	3.077025e+01	5.886486e+03	5.755920e+03	1.093485e+04	1.087016e+04	3.042735e+02	3.063622e-04	2020	7	7	6
	510	1171	-108.281325	19.828097	9.874512e+04	3.518343e+01	5.868745e+03	5.740892e+03	1.094118e+04	1.085258e+04	3.036360e+02	3.793185e-04	2020	7	7	12
	507	1174	-108.703199	20.109347	9.868407e+04	2.767014e+01	5.869407e+03	5.743539e+03	1.090467e+04	1.086568e+04	3.034174e+02	2.338096e-04	2020	7	7	18
	506	1181	-108.843824	20.765596	9.856265e+04	2.840321e+01	5.865290e+03	5.714288e+03	1.094912e+04	1.084536e+04	3.033813e+02	2.373387e-04	2020	7	8	0
	502	1189	-109.406324	21.515595	9.860437e+04	3.037500e+01	5.865841e+03	5.710429e+03	1.092314e+04	1.084888e+04	3.030830e+02	2.012718e-04	2020	7	8	6
	499	1197	-109.828198	22.265594	9.818902e+04	3.173770e+01	5.846362e+03	5.666525e+03	1.089525e+04	1.081771e+04	3.032279e+02	2.416634e-04	2020	7	8	12
	493	1209	-110.671947	23.390592	9.817642e+04	2.819762e+01	5.863783e+03	5.695068e+03	1.091137e+04	1.085004e+04	3.027121e+02	1.701198e-04	2020	7	8	18
	487	1224	-111.515696	24.796841	9.837450e+04	2.710911e+01	5.859368e+03	5.680934e+03	1.093250e+04	1.084425e+04	3.071168e+02	1.674073e-04	2020	7	9	0
	481	1240	-112.359445	26.296838	9.905415e+04	2.748593e+01	5.871313e+03	5.722205e+03	1.095017e+04	1.086379e+04	3.029662e+02	1.418170e-04	2020	7	9	6
	475	1256	-113.203195	27.796836	9.910485e+04	3.009808e+01	5.858789e+03	5.708130e+03	1.091052e+04	1.082695e+04	3.019507e+02	1.820378e-04	2020	7	9	12
	473	1275	-113.484444	29.578084	9.918360e+04	3.234472e+01	5.878812e+03	5.740506e+03	1.093780e+04	1.081571e+04	3.049100e+02	1.112103e-04	2020	7	9	18
	474	1293	-113.343819	31.265582	9.974904e+04	1.763949e+01	5.887973e+03	5.771513e+03	1.095359e+04	1.080940e+04	3.085980e+02	1.917313e-04	2020	7	10	0
start	43	2020	7	4	12
	474	1124	-113.343819	15.421854	1.003601e+05	1.344023e+01	5.828673e+03	5.773105e+03	1.087579e+04	1.081901e+04	3.033964e+02	3.310608e-04	2020	7	4	12
	473	1121	-113.484444	15.140604	1.004490e+05	1.673399e+01	5.843348e+03	5.792099e+03	1.089858e+04	1.084304e+04	3.031011e+02	2.803240e-04	2020	7	4	18
	476	1129	-113.062570	15.890603	1.002133e+05	1.563213e+01	5.833459e+03	5.770371e+03	1.090714e+04	1.083750e+04	3.035289e+02	2.753952e-04	2020	7	5	0
	472	1132	-113.625069	16.171853	1.002937e+05	1.635402e+01	5.854794e+03	5.787700e+03	1.091616e+04	1.086164e+04	3.033236e+02	3.009958e-04	2020	7	5	6
	470	1132	-113.906319	16.171853	1.001122e+05	1.727577e+01	5.838603e+03	5.765549e+03	1.090385e+04	1.084141e+04	3.028798e+02	2.536548e-04	2020	7	5	12
	471	1140	-113.765694	16.921851	1.002753e+05	1.958949e+01	5.869707e+03	5.786170e+03	1.092743e+04	1.087492e+04	3.026596e+02	1.641935e-04	2020	7	5	18
	468	1148	-114.187569	17.671850	1.001652e+05	1.621237e+01	5.868460e+03	5.779231e+03	1.094987e+04	1.087043e+04	3.029357e+02	1.461760e-04	2020	7	6	0
	459	1155	-115.453192	18.328100	1.002112e+05	1.732482e+01	5.882952e+03	5.798748e+03	1.093977e+04	1.088364e+04	3.023945e+02	1.113294e-04	2020	7	6	6
	449	1150	-116.859441	17.859350	9.991788e+04	2.117609e+01	5.858294e+03	5.760021e+03	1.092875e+04	1.086353e+04	3.019009e+02	1.784407e-04	2020	7	6	12
	447	1155	-117.140691	18.328100	9.983612e+04	2.143968e+01	5.874817e+03	5.773653e+03	1.094068e+04	1.087705e+04	3.018487e+02	1.348125e-04	2020	7	6	18
	440	1150	-118.125064	17.859350	9.933368e+04	2.577994e+01	5.858657e+03	5.716673e+03	1.091445e+04	1.084823e+04	3.015166e+02	1.094787e-04	2020	7	7	0
	439	1149	-118.265689	17.765600	9.922521e+04	2.821218e+01	5.870780e+03	5.745618e+03	1.092153e+04	1.085979e+04	3.014282e+02	1.069790e-04	2020	7	7	6
	439	1149	-118.265689	17.765600	9.918252e+04	2.544341e+01	5.844485e+03	5.735955e+03	1.089485e+04	1.084371e+04	3.013318e+02	1.069370e-04	2020	7	7	12
	440	1149	-118.125064	17.765600	9.915927e+04	2.481478e+01	5.855078e+03	5.742181e+03	1.092004e+04	1.084700e+04	3.012333e+02	1.488803e-04	2020	7	7	18
	440	1149	-118.125064	17.765600	9.865552e+04	2.871432e+01	5.833854e+03	5.696708e+03	1.089245e+04	1.082072e+04	3.011465e+02	1.505876e-04	2020	7	8	0
	444	1148	-117.562565	17.671850	9.892356e+04	2.916884e+01	5.849631e+03	5.717559e+03	1.090772e+04	1.082809e+04	3.012441e+02	1.694144e-04	2020	7	8	6
	444	1148	-117.562565	17.671850	9.854628e+04	2.732921e+01	5.835008e+03	5.687440e+03	1.090415e+04	1.081329e+04	3.011353e+02	1.929409e-04	2020	7	8	12
	448	1150	-117.000066	17.859350	9.857528e+04	3.202803e+01	5.844249e+03	5.701107e+03	1.092849e+04	1.083267e+04	3.013078e+02	2.277363e-04	2020	7	8	18
	450	1153	-116.718816	18.140600	9.821599e+04	3.383418e+01	5.823810e+03	5.665835e+03	1.090761e+04	1.080265e+04	3.016313e+02	1.871163e-04	2020	7	9	0
	454	1156	-116.156317	18.421849	9.828642e+04	3.317740e+01	5.846023e+03	5.675735e+03	1.089985e+04	1.082004e+04	3.016938e+02	1.600845e-04	2020	7	9	6
	456	1162	-115.875067	18.984349	9.816216e+04	3.517042e+01	5.835435e+03	5.661725e+03	1.088601e+04	1.081537e+04	3.015968e+02	1.302206e-04	2020	7	9	12
	455	1169	-116.015692	19.640598	9.825747e+04	3.471518e+01	5.860039e+03	5.666624e+03	1.092549e+04	1.081753e+04	3.011758e+02	1.440154e-04	2020	7	9	18
	455	1176	-116.015692	20.296847	9.828713e+04	3.933246e+01	5.856936e+03	5.663677e+03	1.094600e+04	1.081677e+04	3.006706e+02	1.432237e-04	2020	7	10	0
	451	1182	-116.578191	20.859346	9.855409e+04	3.782614e+01	5.876119e+03	5.699107e+03	1.092620e+04	1.083809e+04	3.004682e+02	8.032636e-05	2020	7	10	6
	447	1186	-117.140691	21.234345	9.857077e+04	3.188508e+01	5.866982e+03	5.695303e+03	1.091274e+04	1.083697e+04	3.003628e+02	1.172810e-04	2020	7	10	12
	442	1189	-117.843815	21.515595	9.851520e+04	3.031654e+01	5.886591e+03	5.695853e+03	1.093271e+04	1.083749e+04	3.002053e+02	9.166096e-05	2020	7	10	18
	434	1191	-118.968814	21.703095	9.848875e+04	3.116106e+01	5.880342e+03	5.683338e+03	1.092365e+04	1.083804e+04	3.001618e+02	9.627512e-05	2020	7	11	0
	428	1190	-119.812563	21.609345	9.822986e+04	3.094670e+01	5.895917e+03	5.689413e+03	1.093474e+04	1.083936e+04	3.001481e+02	5.165242e-05	2020	7	11	6
	421	1189	-120.796937	21.515595	9.832430e+04	3.256392e+01	5.874736e+03	5.680529e+03	1.090919e+04	1.082262e+04	3.001522e+02	9.589543e-05	2020	7	11	12
	413	1188	-121.921936	21.421845	9.861580e+04	3.139495e+01	5.879675e+03	5.699784e+03	1.091541e+04	1.083965e+04	3.000327e+02	7.087903e-05	2020	7	11	18
	404	1186	-123.187559	21.234345	9.845708e+04	3.278442e+01	5.871244e+03	5.681011e+03	1.090284e+04	1.082348e+04	2.995411e+02	1.053866e-04	2020	7	12	0
	395	1184	-124.453183	21.046846	9.852389e+04	3.384803e+01	5.884088e+03	5.699211e+03	1.091478e+04	1.084197e+04	2.995868e+02	6.697430e-05	2020	7	12	6
	386	1182	-125.718807	20.859346	9.846878e+04	3.565393e+01	5.859630e+03	5.691435e+03	1.088510e+04	1.081816e+04	2.996605e+02	9.578329e-05	2020	7	12	12
	378	1181	-126.843805	20.765596	9.863102e+04	3.605309e+01	5.872974e+03	5.707694e+03	1.090110e+04	1.084338e+04	2.997516e+02	9.100081e-05	2020	7	12	18
	367	1182	-128.390679	20.859346	9.855283e+04	3.350944e+01	5.865548e+03	5.699890e+03	1.089300e+04	1.083626e+04	2.995941e+02	7.785614e-05	2020	7	13	0
	357	1182	-129.796927	20.859346	9.838251e+04	3.454413e+01	5.872564e+03	5.707031e+03	1.091028e+04	1.084585e+04	3.000885e+02	1.081348e-04	2020	7	13	6
	346	1183	-131.343801	20.953096	9.848988e+04	3.300364e+01	5.854356e+03	5.724724e+03	1.088886e+04	1.084741e+04	2.997383e+02	8.405501e-05	2020	7	13	12
	338	1186	-132.468800	21.234345	9.889950e+04	3.267821e+01	5.867550e+03	5.742467e+03	1.090598e+04	1.085555e+04	2.995243e+02	1.116594e-04	2020	7	13	18
	328	1191	-133.875048	21.703095	9.877805e+04	3.073407e+01	5.863977e+03	5.733668e+03	1.089945e+04	1.084823e+04	2.993808e+02	9.993772e-05	2020	7	14	0
	320	1191	-135.000047	21.703095	9.901177e+04	3.126151e+01	5.874594e+03	5.760671e+03	1.090859e+04	1.086074e+04	2.989990e+02	6.011927e-05	2020	7	14	6
	311	1194	-136.265671	21.984344	9.932211e+04	3.205524e+01	5.860923e+03	5.770106e+03	1.088975e+04	1.084096e+04	2.986436e+02	5.909760e-05	2020	7	14	12
	303	1193	-137.390669	21.890595	9.960065e+04	3.186870e+01	5.873043e+03	5.805342e+03	1.090246e+04	1.084805e+04	2.990206e+02	6.527071e-05	2020	7	14	18
	294	1193	-138.656293	21.890595	9.986966e+04	3.054339e+01	5.871175e+03	5.820711e+03	1.089642e+04	1.084699e+04	2.992011e+02	4.484197e-05	2020	7	15	0
start	73	2020	7	9	0
	1108	1115	-24.187662	14.578105	1.008385e+05	1.291279e+01	5.874529e+03	5.799242e+03	1.091188e+04	1.084205e+04	3.023515e+02	1.672517e-04	2020	7	9	0
	1091	1113	-26.578285	14.390605	1.007449e+05	1.031171e+01	5.853841e+03	5.786490e+03	1.091166e+04	1.082021e+04	3.021850e+02	2.204956e-04	2020	7	9	6
	1090	1116	-26.718910	14.671855	1.008397e+05	1.463968e+01	5.872795e+03	5.808649e+03	1.091929e+04	1.084931e+04	3.020650e+02	2.720259e-04	2020	7	9	12
	1083	1120	-27.703284	15.046854	1.006716e+05	1.432700e+01	5.866027e+03	5.801122e+03	1.091616e+04	1.084969e+04	3.022164e+02	2.300178e-04	2020	7	9	18
	1071	1129	-29.390782	15.890603	1.007412e+05	1.462690e+01	5.889721e+03	5.817561e+03	1.090628e+04	1.086702e+04	3.016014e+02	1.449225e-04	2020	7	10	0
	1061	1134	-30.797030	16.359352	1.005978e+05	1.793604e+01	5.873268e+03	5.802658e+03	1.089959e+04	1.085023e+04	3.014903e+02	2.054925e-04	2020	7	10	6
	1049	1134	-32.484529	16.359352	1.006665e+05	1.855662e+01	5.884447e+03	5.806925e+03	1.092196e+04	1.086516e+04	3.010097e+02	2.313192e-04	2020	7	10	12
	1037	1140	-34.172027	16.921851	1.004673e+05	1.901795e+01	5.882229e+03	5.800165e+03	1.095659e+04	1.086608e+04	3.006429e+02	1.529308e-04	2020	7	10	18
	1030	1149	-35.156401	17.765600	1.005235e+05	1.998108e+01	5.902405e+03	5.815444e+03	1.092662e+04	1.087906e+04	3.003440e+02	1.766500e-04	2020	7	11	0
	1013	1154	-37.547023	18.234350	1.003147e+05	2.075308e+01	5.889639e+03	5.795830e+03	1.094033e+04	1.086000e+04	3.003767e+02	2.490460e-04	2020	7	11	6
	1004	1166	-38.812647	19.359348	1.004617e+05	2.399380e+01	5.909250e+03	5.820441e+03	1.092958e+04	1.088246e+04	3.003346e+02	2.265929e-04	2020	7	11	12
	988	1175	-41.062645	20.203097	1.003898e+05	2.403568e+01	5.905067e+03	5.809456e+03	1.093833e+04	1.087269e+04	3.006482e+02	1.788687e-04	2020	7	11	18
	971	1178	-43.453267	20.484347	1.003711e+05	2.641076e+01	5.915219e+03	5.829054e+03	1.095176e+04	1.088462e+04	3.009018e+02	1.685595e-04	2020	7	12	0
	964	1183	-44.437641	20.953096	1.002323e+05	2.866253e+01	5.893209e+03	5.783788e+03	1.092727e+04	1.086097e+04	3.010265e+02	2.057804e-04	2020	7	12	6
	954	1190	-45.843890	21.609345	9.995863e+04	3.389601e+01	5.906284e+03	5.762078e+03	1.093784e+04	1.086861e+04	3.012662e+02	2.419062e-04	2020	7	12	12
	942	1194	-47.531388	21.984344	9.972623e+04	3.085429e+01	5.905912e+03	5.783160e+03	1.093128e+04	1.088030e+04	3.017608e+02	1.480618e-04	2020	7	12	18
	934	1200	-48.656387	22.546844	9.985551e+04	2.806559e+01	5.912825e+03	5.796860e+03	1.095335e+04	1.089200e+04	3.019712e+02	1.638030e-04	2020	7	13	0
	927	1208	-49.640761	23.296843	9.977914e+04	3.043345e+01	5.903506e+03	5.775196e+03	1.093620e+04	1.086137e+04	3.019739e+02	2.019205e-04	2020	7	13	6
	919	1210	-50.765760	23.484342	9.972295e+04	2.911478e+01	5.931915e+03	5.777953e+03	1.094953e+04	1.086494e+04	3.020985e+02	1.674815e-04	2020	7	13	12
	913	1212	-51.609509	23.671842	9.950297e+04	2.849071e+01	5.909990e+03	5.775100e+03	1.095064e+04	1.087978e+04	3.020615e+02	1.602329e-04	2020	7	13	18
	908	1211	-52.312633	23.578092	9.898972e+04	2.960202e+01	5.912309e+03	5.740009e+03	1.097647e+04	1.087013e+04	3.020722e+02	2.283754e-04	2020	7	14	0
	902	1212	-53.156382	23.671842	9.892345e+04	3.873045e+01	5.896133e+03	5.727674e+03	1.094283e+04	1.084194e+04	3.020197e+02	2.915747e-04	2020	7	14	6
	894	1212	-54.281381	23.671842	9.878969e+04	3.573923e+01	5.903410e+03	5.719524e+03	1.094873e+04	1.084597e+04	3.017829e+02	2.107647e-04	2020	7	14	12
	889	1213	-54.984505	23.765592	9.858923e+04	4.344665e+01	5.903793e+03	5.698321e+03	1.093178e+04	1.084564e+04	3.017629e+02	1.639439e-04	2020	7	14	18
	882	1215	-55.968879	23.953092	9.852117e+04	3.893219e+01	5.907356e+03	5.723444e+03	1.096032e+04	1.086071e+04	3.015895e+02	2.269149e-04	2020	7	15	0
	874	1215	-57.093878	23.953092	9.836598e+04	3.970380e+01	5.896577e+03	5.717835e+03	1.094150e+04	1.084647e+04	3.014551e+02	2.402200e-04	2020	7	15	6
	867	1218	-58.078252	24.234341	9.854409e+04	3.414844e+01	5.900882e+03	5.747328e+03	1.092801e+04	1.087236e+04	3.013347e+02	1.637150e-04	2020	7	15	12
	859	1226	-59.203251	24.984340	9.846323e+04	3.988401e+01	5.897560e+03	5.730101e+03	1.092841e+04	1.086865e+04	3.009707e+02	1.971223e-04	2020	7	15	18
	854	1231	-59.906375	25.453090	9.829448e+04	3.635842e+01	5.899747e+03	5.695807e+03	1.093206e+04	1.085796e+04	3.008535e+02	2.824233e-04	2020	7	16	0
	848	1236	-60.750124	25.921839	9.814005e+04	3.572207e+01	5.885489e+03	5.671279e+03	1.091017e+04	1.083188e+04	3.004077e+02	2.002744e-04	2020	7	16	6
	845	1240	-61.171999	26.296838	9.804736e+04	3.393086e+01	5.882153e+03	5.674081e+03	1.090935e+04	1.083485e+04	3.001789e+02	1.909884e-04	2020	7	16	12
	841	1250	-61.734498	27.234337	9.796102e+04	3.546516e+01	5.872430e+03	5.658895e+03	1.092328e+04	1.081570e+04	3.004118e+02	2.603918e-04	2020	7	16	18
	841	1256	-61.734498	27.796836	9.741268e+04	3.726081e+01	5.870206e+03	5.622900e+03	1.092509e+04	1.080480e+04	3.005408e+02	2.168030e-04	2020	7	17	0
	840	1258	-61.875123	27.984336	9.713131e+04	3.940931e+01	5.849210e+03	5.613492e+03	1.087526e+04	1.080470e+04	3.002653e+02	1.300500e-04	2020	7	17	6
	842	1264	-61.593873	28.546835	9.726808e+04	3.995097e+01	5.858990e+03	5.618946e+03	1.088185e+04	1.079792e+04	3.000479e+02	2.172633e-04	2020	7	17	12
	844	1271	-61.312624	29.203084	9.711388e+04	4.128273e+01	5.852624e+03	5.605236e+03	1.087773e+04	1.079015e+04	2.997515e+02	1.919381e-04	2020	7	17	18
	848	1277	-60.750124	29.765584	9.677898e+04	4.373334e+01	5.842851e+03	5.599482e+03	1.087574e+04	1.077364e+04	2.995098e+02	2.082176e-04	2020	7	18	0
	851	1282	-60.328250	30.234333	9.707662e+04	3.884542e+01	5.827081e+03	5.606481e+03	1.086766e+04	1.076326e+04	2.994234e+02	2.355232e-04	2020	7	18	6
	854	1289	-59.906375	30.890582	9.727605e+04	4.225349e+01	5.839689e+03	5.619764e+03	1.086615e+04	1.074359e+04	2.997169e+02	2.766778e-04	2020	7	18	12
	857	1292	-59.484501	31.171832	9.726877e+04	4.704947e+01	5.833961e+03	5.607783e+03	1.085535e+04	1.075123e+04	2.999792e+02	2.252744e-04	2020	7	18	18
	859	1294	-59.203251	31.359331	9.731276e+04	4.399480e+01	5.844920e+03	5.614498e+03	1.086232e+04	1.076528e+04	3.001302e+02	2.422776e-04	2020	7	19	0
	864	1298	-58.500127	31.734331	9.745148e+04	3.764745e+01	5.845439e+03	5.616979e+03	1.086051e+04	1.075528e+04	3.001394e+02	2.758651e-04	2020	7	19	6
	867	1309	-58.078252	32.765579	9.760634e+04	3.447726e+01	5.866051e+03	5.636593e+03	1.087647e+04	1.073815e+04	2.996120e+02	2.760149e-04	2020	7	19	12
	867	1318	-58.078252	33.609328	9.746795e+04	4.552436e+01	5.872177e+03	5.619831e+03	1.091204e+04	1.074885e+04	2.993474e+02	2.694044e-04	2020	7	19	18
	867	1328	-58.078252	34.546827	9.763456e+04	3.759471e+01	5.895954e+03	5.642086e+03	1.090063e+04	1.075950e+04	2.984262e+02	1.785633e-04	2020	7	20	0
	862	1336	-58.781376	35.296826	9.803000e+04	3.304302e+01	5.888598e+03	5.648833e+03	1.089142e+04	1.076162e+04	2.992162e+02	2.089215e-04	2020	7	20	6
	853	1340	-60.047000	35.671825	9.811929e+04	3.332306e+01	5.883058e+03	5.655856e+03	1.088760e+04	1.078367e+04	2.997613e+02	1.321215e-04	2020	7	20	12
	848	1343	-60.750124	35.953075	9.842212e+04	3.269637e+01	5.889277e+03	5.673296e+03	1.088667e+04	1.079208e+04	2.996956e+02	7.876465e-05	2020	7	20	18
	842	1344	-61.593873	36.046825	9.850084e+04	3.278312e+01	5.895755e+03	5.683910e+03	1.088685e+04	1.080518e+04	2.996144e+02	1.261667e-04	2020	7	21	0
	833	1344	-62.859497	36.046825	9.874495e+04	3.190993e+01	5.884058e+03	5.689745e+03	1.085188e+04	1.079745e+04	2.997333e+02	1.573638e-04	2020	7	21	6
	825	1345	-63.984496	36.140575	9.877938e+04	3.052618e+01	5.879653e+03	5.695236e+03	1.085033e+04	1.079175e+04	3.000726e+02	1.368180e-04	2020	7	21	12
	816	1344	-65.250120	36.046825	9.888390e+04	3.298449e+01	5.871169e+03	5.701221e+03	1.085292e+04	1.079918e+04	3.005380e+02	1.081700e-04	2020	7	21	18
	805	1343	-66.796993	35.953075	9.863177e+04	3.437730e+01	5.860678e+03	5.685555e+03	1.084912e+04	1.079252e+04	3.005711e+02	1.880545e-04	2020	7	22	0
	795	1343	-68.203242	35.953075	9.857081e+04	2.997971e+01	5.846159e+03	5.666054e+03	1.084005e+04	1.076486e+04	3.011511e+02	1.501280e-04	2020	7	22	6
	788	1344	-69.187615	36.046825	9.858134e+04	2.850393e+01	5.841379e+03	5.673366e+03	1.082907e+04	1.077317e+04	3.009875e+02	1.529286e-04	2020	7	22	12
	780	1348	-70.312614	36.421824	9.852675e+04	2.997094e+01	5.842107e+03	5.668584e+03	1.083197e+04	1.077112e+04	3.010463e+02	1.405660e-04	2020	7	22	18
	773	1353	-71.296988	36.890574	9.838324e+04	2.944336e+01	5.842143e+03	5.663226e+03	1.083147e+04	1.076973e+04	3.008888e+02	1.462784e-04	2020	7	23	0
	767	1356	-72.140737	37.171823	9.847318e+04	2.968891e+01	5.836349e+03	5.660881e+03	1.083602e+04	1.077737e+04	3.008176e+02	1.517571e-04	2020	7	23	6
	763	1362	-72.703237	37.734323	9.840009e+04	3.049524e+01	5.848389e+03	5.657439e+03	1.083106e+04	1.077178e+04	3.006222e+02	2.129949e-04	2020	7	23	12
	758	1368	-73.406361	38.296822	9.846462e+04	3.064995e+01	5.853532e+03	5.658584e+03	1.084354e+04	1.077568e+04	2.989171e+02	1.843230e-04	2020	7	23	18
	753	1376	-74.109485	39.046821	9.851265e+04	3.097610e+01	5.860685e+03	5.669585e+03	1.085031e+04	1.077549e+04	2.987860e+02	1.993832e-04	2020	7	24	0
	747	1384	-74.953234	39.796820	9.905926e+04	2.554014e+01	5.851086e+03	5.692677e+03	1.084608e+04	1.076124e+04	2.972335e+02	2.099770e-04	2020	7	24	6
	739	1390	-76.078233	40.359319	9.950060e+04	1.927475e+01	5.849745e+03	5.715885e+03	1.084704e+04	1.075130e+04	2.965197e+02	1.953063e-04	2020	7	24	12
	733	1396	-76.921982	40.921818	1.001663e+05	1.131828e+01	5.867660e+03	5.735583e+03	1.086509e+04	1.076512e+04	2.979256e+02	1.264361e-04	2020	7	24	18
	720	1402	-78.750106	41.484317	1.005146e+05	1.752299e+01	5.876911e+03	5.748863e+03	1.087080e+04	1.077275e+04	2.968119e+02	1.266477e-04	2020	7	25	0
	710	1409	-80.156354	42.140566	1.006631e+05	1.563587e+01	5.876558e+03	5.766299e+03	1.086835e+04	1.076710e+04	2.969320e+02	8.714868e-05	2020	7	25	6
	703	1411	-81.140728	42.328066	1.007755e+05	1.269487e+01	5.881156e+03	5.778984e+03	1.086941e+04	1.077475e+04	2.968065e+02	8.749136e-05	2020	7	25	12
	698	1414	-81.843852	42.609316	1.010237e+05	1.417759e+01	5.889600e+03	5.798065e+03	1.087759e+04	1.079402e+04	2.980047e+02	8.866257e-05	2020	7	25	18
	693	1415	-82.546977	42.703066	1.010662e+05	1.526032e+01	5.894273e+03	5.803927e+03	1.088280e+04	1.081305e+04	2.967552e+02	1.021611e-04	2020	7	26	0
	691	1413	-82.828226	42.515566	1.011479e+05	1.512452e+01	5.887778e+03	5.801807e+03	1.086243e+04	1.080080e+04	2.966697e+02	6.610224e-05	2020	7	26	6
	687	1418	-83.390726	42.984315	1.011804e+05	1.512092e+01	5.882669e+03	5.805407e+03	1.084989e+04	1.078039e+04	2.965033e+02	4.266607e-05	2020	7	26	12
	685	1428	-83.671975	43.921814	1.013325e+05	1.612147e+01	5.890269e+03	5.815861e+03	1.086801e+04	1.077113e+04	2.986414e+02	4.099368e-05	2020	7	26	18
	683	1436	-83.953225	44.671813	1.013844e+05	1.614869e+01	5.888550e+03	5.821547e+03	1.087580e+04	1.076623e+04	2.977655e+02	7.514276e-05	2020	7	27	0
start	62	2020	7	11	12
	532	1106	-105.187578	13.734356	1.006665e+05	1.270464e+01	5.847386e+03	5.791150e+03	1.091684e+04	1.084986e+04	3.027896e+02	3.721500e-04	2020	7	11	12
	532	1104	-105.187578	13.546856	1.008247e+05	1.404294e+01	5.855928e+03	5.802386e+03	1.091859e+04	1.086152e+04	3.028638e+02	3.330887e-04	2020	7	11	18
	532	1110	-105.187578	14.109355	1.005580e+05	1.473595e+01	5.848910e+03	5.800710e+03	1.092963e+04	1.085437e+04	3.032012e+02	3.171259e-04	2020	7	12	0
	531	1125	-105.328203	15.515603	1.007606e+05	1.609783e+01	5.867679e+03	5.815398e+03	1.095181e+04	1.087204e+04	3.028732e+02	2.568836e-04	2020	7	12	6
	512	1125	-108.000075	15.515603	1.005914e+05	1.289838e+01	5.849015e+03	5.792544e+03	1.091278e+04	1.085102e+04	3.025493e+02	3.673751e-04	2020	7	12	12
	506	1134	-108.843824	16.359352	1.006999e+05	1.380723e+01	5.868535e+03	5.810913e+03	1.091986e+04	1.087685e+04	3.025407e+02	2.948060e-04	2020	7	12	18
	497	1127	-110.109448	15.703103	1.004803e+05	1.407024e+01	5.855996e+03	5.788046e+03	1.091488e+04	1.085704e+04	3.030196e+02	3.028717e-04	2020	7	13	0
	489	1142	-111.234447	17.109351	1.005477e+05	1.693763e+01	5.876773e+03	5.809087e+03	1.092912e+04	1.087857e+04	3.020599e+02	2.154054e-04	2020	7	13	6
	487	1137	-111.515696	16.640602	1.002016e+05	1.754543e+01	5.857305e+03	5.782243e+03	1.091613e+04	1.085054e+04	3.018683e+02	2.711012e-04	2020	7	13	12
	478	1144	-112.781320	17.296851	1.003702e+05	1.793393e+01	5.882498e+03	5.802408e+03	1.091645e+04	1.087646e+04	3.018184e+02	1.843013e-04	2020	7	13	18
	468	1143	-114.187569	17.203101	1.000117e+05	2.351998e+01	5.868203e+03	5.767876e+03	1.090268e+04	1.086104e+04	3.017895e+02	1.701297e-04	2020	7	14	0
	462	1150	-115.031318	17.859350	9.995855e+04	2.619760e+01	5.886230e+03	5.786025e+03	1.094559e+04	1.087951e+04	3.014790e+02	1.602919e-04	2020	7	14	6
	452	1150	-116.437566	17.859350	9.983914e+04	2.100089e+01	5.869518e+03	5.765519e+03	1.089316e+04	1.084862e+04	3.009351e+02	1.695195e-04	2020	7	14	12
	447	1150	-117.140691	17.859350	9.989059e+04	2.439399e+01	5.885990e+03	5.790167e+03	1.090206e+04	1.087000e+04	3.002391e+02	1.490145e-04	2020	7	14	18
	440	1151	-118.125064	17.953100	9.982150e+04	2.241271e+01	5.873206e+03	5.769960e+03	1.089161e+04	1.085579e+04	3.006965e+02	9.261623e-05	2020	7	15	0
	434	1156	-118.968814	18.421849	9.999746e+04	2.379673e+01	5.893070e+03	5.796007e+03	1.092696e+04	1.087871e+04	3.003897e+02	1.803388e-04	2020	7	15	6
	427	1154	-119.953188	18.234350	9.966184e+04	2.132785e+01	5.867196e+03	5.764366e+03	1.091069e+04	1.085014e+04	3.003581e+02	2.217735e-04	2020	7	15	12
	423	1155	-120.515687	18.328100	9.964869e+04	2.564512e+01	5.879305e+03	5.759912e+03	1.090899e+04	1.086368e+04	3.004806e+02	1.967676e-04	2020	7	15	18
	418	1160	-121.218811	18.796849	9.933247e+04	2.362985e+01	5.869378e+03	5.710926e+03	1.088763e+04	1.083654e+04	3.002192e+02	1.394840e-04	2020	7	16	0
	411	1162	-122.203185	18.984349	9.874631e+04	2.602059e+01	5.879708e+03	5.713622e+03	1.090880e+04	1.083817e+04	3.002771e+02	1.270088e-04	2020	7	16	6
	406	1165	-122.906309	19.265598	9.860748e+04	2.734348e+01	5.858893e+03	5.701447e+03	1.088902e+04	1.083139e+04	3.002076e+02	1.352143e-04	2020	7	16	12
	402	1170	-123.468809	19.734348	9.833364e+04	3.225347e+01	5.871445e+03	5.689685e+03	1.089805e+04	1.083793e+04	2.999290e+02	1.240927e-04	2020	7	16	18
	396	1176	-124.312558	20.296847	9.811126e+04	3.123985e+01	5.860073e+03	5.664146e+03	1.088206e+04	1.083517e+04	2.997553e+02	1.079667e-04	2020	7	17	0
	390	1181	-125.156307	20.765596	9.784972e+04	3.582686e+01	5.865761e+03	5.671011e+03	1.089453e+04	1.083129e+04	2.996491e+02	1.188657e-04	2020	7	17	6
	385	1183	-125.859431	20.953096	9.799730e+04	3.201844e+01	5.847220e+03	5.674777e+03	1.087266e+04	1.082668e+04	2.995738e+02	9.882113e-05	2020	7	17	12
	380	1186	-126.562556	21.234345	9.811120e+04	3.315702e+01	5.856997e+03	5.692207e+03	1.088959e+04	1.084022e+04	2.994966e+02	1.043792e-04	2020	7	17	18
	373	1191	-127.546930	21.703095	9.791559e+04	3.358364e+01	5.846049e+03	5.668497e+03	1.086679e+04	1.082226e+04	2.991144e+02	9.046907e-05	2020	7	18	0
	368	1194	-128.250054	21.984344	9.809314e+04	3.164700e+01	5.855299e+03	5.695981e+03	1.088332e+04	1.083421e+04	2.987931e+02	8.443975e-05	2020	7	18	6
	364	1200	-128.812553	22.546844	9.835133e+04	3.032805e+01	5.837837e+03	5.698391e+03	1.086630e+04	1.081451e+04	2.982942e+02	8.831192e-05	2020	7	18	12
	356	1204	-129.937552	22.921843	9.841639e+04	3.367059e+01	5.849849e+03	5.702377e+03	1.088274e+04	1.082617e+04	2.980380e+02	1.308543e-04	2020	7	18	18
	350	1209	-130.781301	23.390592	9.851353e+04	3.016880e+01	5.849234e+03	5.712826e+03	1.087499e+04	1.083113e+04	2.976490e+02	5.834224e-05	2020	7	19	0
	345	1217	-131.484426	24.140591	9.886720e+04	3.065036e+01	5.865477e+03	5.740960e+03	1.089158e+04	1.084360e+04	2.975916e+02	4.783606e-05	2020	7	19	6
	340	1223	-132.187550	24.703091	9.912171e+04	2.590383e+01	5.853747e+03	5.744897e+03	1.087905e+04	1.082423e+04	2.975930e+02	6.285991e-05	2020	7	19	12
	333	1231	-133.171924	25.453090	9.934889e+04	2.597942e+01	5.868289e+03	5.765133e+03	1.089056e+04	1.083902e+04	2.975703e+02	6.411003e-05	2020	7	19	18
	326	1239	-134.156298	26.203089	9.951897e+04	2.668755e+01	5.870303e+03	5.761837e+03	1.088855e+04	1.084137e+04	2.976263e+02	6.013928e-05	2020	7	20	0
	320	1244	-135.000047	26.671838	9.970028e+04	2.459186e+01	5.887054e+03	5.784913e+03	1.090190e+04	1.085842e+04	2.975337e+02	3.234295e-05	2020	7	20	6
	314	1251	-135.843796	27.328087	9.996126e+04	2.430543e+01	5.875173e+03	5.780625e+03	1.088221e+04	1.083995e+04	2.974967e+02	4.643994e-05	2020	7	20	12
	303	1255	-137.390669	27.703087	1.000758e+05	2.472626e+01	5.889689e+03	5.789979e+03	1.089510e+04	1.084958e+04	2.973816e+02	8.735861e-05	2020	7	20	18
	295	1258	-138.515668	27.984336	1.001039e+05	2.538052e+01	5.893947e+03	5.787470e+03	1.089621e+04	1.084983e+04	2.977843e+02	4.523261e-05	2020	7	21	0
	283	1263	-140.203166	28.453085	1.002048e+05	2.728395e+01	5.911402e+03	5.802280e+03	1.090186e+04	1.085193e+04	2.976380e+02	5.607568e-05	2020	7	21	6
	272	1265	-141.750040	28.640585	1.003292e+05	2.694950e+01	5.899046e+03	5.795497e+03	1.088620e+04	1.083528e+04	2.979606e+02	5.295852e-05	2020	7	21	12
	260	1265	-143.437538	28.640585	1.004849e+05	2.650660e+01	5.905206e+03	5.806990e+03	1.089248e+04	1.083630e+04	2.985148e+02	7.985558e-05	2020	7	21	18
	246	1268	-145.406286	28.921835	1.004264e+05	2.831285e+01	5.906814e+03	5.798727e+03	1.089288e+04	1.083352e+04	2.986249e+02	7.548818e-05	2020	7	22	0
	232	1272	-147.375034	29.296834	1.003779e+05	2.879893e+01	5.909381e+03	5.803034e+03	1.089438e+04	1.083749e+04	2.986576e+02	6.200281e-05	2020	7	22	6
	218	1277	-149.343782	29.765584	1.004362e+05	2.815527e+01	5.891855e+03	5.788227e+03	1.087280e+04	1.081868e+04	2.981797e+02	8.820776e-05	2020	7	22	12
	205	1280	-151.171905	30.046833	1.003626e+05	2.556589e+01	5.887508e+03	5.792426e+03	1.086484e+04	1.079671e+04	2.981249e+02	7.678197e-05	2020	7	22	18
	193	1289	-152.859403	30.890582	1.004030e+05	3.129308e+01	5.885374e+03	5.792147e+03	1.086402e+04	1.076257e+04	2.987205e+02	6.874555e-05	2020	7	23	0
	185	1298	-153.984402	31.734331	1.001244e+05	2.909645e+01	5.884775e+03	5.782037e+03	1.085881e+04	1.072905e+04	2.987528e+02	9.931812e-05	2020	7	23	6
	175	1310	-155.390651	32.859329	1.001069e+05	2.979614e+01	5.870083e+03	5.760482e+03	1.084230e+04	1.069876e+04	2.975389e+02	1.193776e-04	2020	7	23	12
	167	1324	-156.515649	34.171828	1.000601e+05	2.774640e+01	5.868184e+03	5.754500e+03	1.083344e+04	1.069834e+04	2.962609e+02	1.015462e-04	2020	7	23	18
	160	1338	-157.500023	35.484326	1.001232e+05	2.698325e+01	5.869431e+03	5.747303e+03	1.083149e+04	1.070409e+04	2.959976e+02	4.523699e-05	2020	7	24	0
	156	1351	-158.062523	36.703074	1.002021e+05	2.635518e+01	5.869729e+03	5.752792e+03	1.082638e+04	1.070964e+04	2.953662e+02	4.918517e-05	2020	7	24	6
	156	1368	-158.062523	38.296822	1.004960e+05	2.617869e+01	5.865553e+03	5.762729e+03	1.081265e+04	1.067578e+04	2.943708e+02	7.814305e-05	2020	7	24	12
	161	1385	-157.359399	39.890570	1.005835e+05	2.441409e+01	5.871872e+03	5.735962e+03	1.080723e+04	1.061860e+04	2.933781e+02	1.228495e-04	2020	7	24	18
	172	1409	-155.812525	42.140566	1.006900e+05	2.655764e+01	5.879092e+03	5.678228e+03	1.081547e+04	1.052082e+04	2.914780e+02	1.536692e-04	2020	7	25	0
	188	1438	-153.562528	44.859313	1.004762e+05	2.562357e+01	5.872354e+03	5.620396e+03	1.080612e+04	1.041861e+04	2.884793e+02	2.177744e-04	2020	7	25	6
	204	1469	-151.312530	47.765559	1.003019e+05	2.449768e+01	5.836365e+03	5.576661e+03	1.076273e+04	1.034885e+04	2.870854e+02	1.636026e-04	2020	7	25	12
	215	1501	-149.765657	50.765554	9.992748e+04	2.208205e+01	5.786316e+03	5.539889e+03	1.071176e+04	1.031385e+04	2.863916e+02	1.546256e-04	2020	7	25	18
	211	1526	-150.328156	53.109301	9.926227e+04	2.251098e+01	5.718815e+03	5.508462e+03	1.063090e+04	1.029756e+04	2.879967e+02	1.341325e-04	2020	7	26	0
	200	1539	-151.875029	54.328050	9.874143e+04	2.312050e+01	5.660062e+03	5.457436e+03	1.051108e+04	1.027750e+04	2.883559e+02	1.030671e-04	2020	7	26	6
	184	1538	-154.125027	54.234300	9.872719e+04	2.442746e+01	5.647273e+03	5.448708e+03	1.050918e+04	1.025089e+04	2.873873e+02	6.916095e-05	2020	7	26	12
	178	1526	-154.968776	53.109301	9.905275e+04	2.143296e+01	5.672921e+03	5.459597e+03	1.053406e+04	1.024663e+04	2.859981e+02	4.634967e-05	2020	7	26	18
start	56	2020	7	15	6
	1176	1063	-14.625172	9.703112	1.011194e+05	1.383536e+01	5.868954e+03	5.823173e+03	1.089307e+04	1.084250e+04	3.023510e+02	3.612955e-04	2020	7	15	6
	1144	1059	-19.125168	9.328112	1.011490e+05	2.101866e+01	5.885565e+03	5.814454e+03	1.092467e+04	1.085376e+04	3.020924e+02	4.183310e-04	2020	7	15	12
	1151	1055	-18.140794	8.953113	1.008366e+05	1.795034e+01	5.867753e+03	5.796542e+03	1.094533e+04	1.084188e+04	3.020154e+02	6.436500e-04	2020	7	15	18
	1135	1066	-20.390791	9.984361	1.008794e+05	2.072980e+01	5.877621e+03	5.810643e+03	1.092954e+04	1.084630e+04	3.019659e+02	5.761776e-04	2020	7	16	0
	1137	1057	-20.109542	9.140612	1.006707e+05	1.723218e+01	5.848112e+03	5.778421e+03	1.091983e+04	1.081634e+04	3.017575e+02	5.560155e-04	2020	7	16	6
	1137	1060	-20.109542	9.421862	1.006882e+05	2.143293e+01	5.855538e+03	5.796922e+03	1.090942e+04	1.082856e+04	3.017696e+02	4.879608e-04	2020	7	16	12
	1129	1066	-21.234540	9.984361	1.004372e+05	2.063397e+01	5.840367e+03	5.775575e+03	1.087199e+04	1.082443e+04	3.019831e+02	3.948344e-04	2020	7	16	18
	1120	1077	-22.500164	11.015610	1.006365e+05	1.995725e+01	5.859496e+03	5.781610e+03	1.088886e+04	1.083330e+04	3.017751e+02	2.581942e-04	2020	7	17	0
	1107	1065	-24.328287	9.890611	1.001276e+05	2.096165e+01	5.831333e+03	5.736319e+03	1.085964e+04	1.080081e+04	3.015724e+02	3.817264e-04	2020	7	17	6
	1102	1076	-25.031411	10.921860	1.001089e+05	2.942087e+01	5.846727e+03	5.756050e+03	1.090131e+04	1.081971e+04	3.017394e+02	3.755278e-04	2020	7	17	12
	1095	1079	-26.015785	11.203109	9.963564e+04	2.816865e+01	5.838706e+03	5.737330e+03	1.088814e+04	1.081792e+04	3.018708e+02	3.709789e-04	2020	7	17	18
	1087	1088	-27.140784	12.046858	9.958900e+04	2.902906e+01	5.879608e+03	5.743858e+03	1.089004e+04	1.082661e+04	3.019202e+02	3.788157e-04	2020	7	18	0
	1077	1092	-28.547033	12.421858	9.917666e+04	3.001867e+01	5.846108e+03	5.710561e+03	1.090498e+04	1.079600e+04	3.017272e+02	2.798159e-04	2020	7	18	6
	1069	1101	-29.672032	13.265607	9.922060e+04	3.191325e+01	5.864152e+03	5.730834e+03	1.088835e+04	1.083104e+04	3.014792e+02	3.277319e-04	2020	7	18	12
	1062	1110	-30.656406	14.109355	9.902891e+04	3.082133e+01	5.854247e+03	5.725862e+03	1.089379e+04	1.082865e+04	3.013726e+02	3.659109e-04	2020	7	18	18
	1051	1123	-32.203279	15.328104	9.901395e+04	3.315127e+01	5.884446e+03	5.723608e+03	1.091479e+04	1.081621e+04	3.011719e+02	2.735728e-04	2020	7	19	0
	1040	1134	-33.750152	16.359352	9.875857e+04	3.398204e+01	5.866782e+03	5.712078e+03	1.087830e+04	1.079972e+04	3.009616e+02	2.305014e-04	2020	7	19	6
	1029	1149	-35.297026	17.765600	9.906188e+04	3.100052e+01	5.895250e+03	5.751848e+03	1.090930e+04	1.082722e+04	3.007677e+02	2.334430e-04	2020	7	19	12
	1018	1164	-36.843899	19.171848	9.920893e+04	3.269175e+01	5.898366e+03	5.742754e+03	1.089677e+04	1.083095e+04	3.006799e+02	2.357721e-04	2020	7	19	18
	1004	1180	-38.812647	20.671846	9.905862e+04	3.049429e+01	5.922354e+03	5.743626e+03	1.090418e+04	1.083271e+04	3.005620e+02	2.430897e-04	2020	7	20	0
	990	1191	-40.781395	21.703095	9.902528e+04	3.300356e+01	5.904146e+03	5.725127e+03	1.088581e+04	1.080888e+04	3.005388e+02	2.328076e-04	2020	7	20	6
	977	1203	-42.609518	22.828093	9.923873e+04	3.374150e+01	5.914560e+03	5.753538e+03	1.089703e+04	1.084394e+04	3.004308e+02	1.683215e-04	2020	7	20	12
	963	1213	-44.578266	23.765592	9.920941e+04	3.507124e+01	5.919969e+03	5.738370e+03	1.089440e+04	1.084682e+04	3.007024e+02	1.642767e-04	2020	7	20	18
	951	1222	-46.265764	24.609341	9.865373e+04	3.795715e+01	5.918356e+03	5.721973e+03	1.090105e+04	1.083316e+04	3.008187e+02	2.519989e-04	2020	7	21	0
	940	1226	-47.812638	24.984340	9.832095e+04	3.773228e+01	5.888828e+03	5.684212e+03	1.087606e+04	1.080159e+04	3.011815e+02	2.332236e-04	2020	7	21	6
	929	1233	-49.359511	25.640589	9.784130e+04	3.710318e+01	5.891383e+03	5.664995e+03	1.088404e+04	1.079769e+04	3.013073e+02	2.509499e-04	2020	7	21	12
	921	1240	-50.484510	26.296838	9.750031e+04	3.786167e+01	5.883854e+03	5.634610e+03	1.088197e+04	1.078634e+04	3.017412e+02	2.392095e-04	2020	7	21	18
	912	1247	-51.750134	26.953088	9.713148e+04	4.468352e+01	5.889338e+03	5.609585e+03	1.090529e+04	1.077385e+04	3.018651e+02	2.345598e-04	2020	7	22	0
	904	1253	-52.875132	27.515587	9.678959e+04	4.108191e+01	5.878038e+03	5.583370e+03	1.087025e+04	1.075959e+04	3.014684e+02	2.686038e-04	2020	7	22	6
	896	1259	-54.000131	28.078086	9.685605e+04	4.188279e+01	5.876839e+03	5.602742e+03	1.087532e+04	1.078338e+04	3.012469e+02	2.560238e-04	2020	7	22	12
	888	1263	-55.125130	28.453085	9.643266e+04	4.464238e+01	5.872137e+03	5.569421e+03	1.087941e+04	1.076385e+04	3.010964e+02	2.795307e-04	2020	7	22	18
	881	1271	-56.109504	29.203084	9.609104e+04	4.821239e+01	5.888133e+03	5.563070e+03	1.089133e+04	1.076287e+04	3.009503e+02	2.284939e-04	2020	7	23	0
	875	1278	-56.953253	29.859334	9.612620e+04	4.561729e+01	5.872711e+03	5.562617e+03	1.088127e+04	1.076483e+04	3.003192e+02	2.570419e-04	2020	7	23	6
	868	1287	-57.937627	30.703082	9.641122e+04	4.581236e+01	5.886581e+03	5.594461e+03	1.089964e+04	1.078835e+04	2.996505e+02	2.084921e-04	2020	7	23	12
	862	1296	-58.781376	31.546831	9.677795e+04	4.270913e+01	5.892742e+03	5.618394e+03	1.089486e+04	1.082611e+04	2.990052e+02	1.815369e-04	2020	7	23	18
	858	1305	-59.343876	32.390580	9.705804e+04	4.301625e+01	5.894257e+03	5.636773e+03	1.090500e+04	1.084543e+04	2.994334e+02	1.517996e-04	2020	7	24	0
	854	1314	-59.906375	33.234329	9.753838e+04	3.970512e+01	5.879269e+03	5.653041e+03	1.089447e+04	1.083536e+04	2.993079e+02	1.500877e-04	2020	7	24	6
	852	1324	-60.187625	34.171828	9.785205e+04	3.797195e+01	5.885433e+03	5.666717e+03	1.090106e+04	1.083695e+04	2.992331e+02	1.731355e-04	2020	7	24	12
	851	1334	-60.328250	35.109326	9.798996e+04	3.794235e+01	5.886661e+03	5.664202e+03	1.089962e+04	1.084063e+04	2.990988e+02	1.660887e-04	2020	7	24	18
	852	1342	-60.187625	35.859325	9.796294e+04	3.857044e+01	5.881713e+03	5.654705e+03	1.089152e+04	1.081977e+04	2.991600e+02	1.632742e-04	2020	7	25	0
	857	1346	-59.484501	36.234325	9.800103e+04	3.853421e+01	5.865737e+03	5.631780e+03	1.086655e+04	1.077100e+04	2.990320e+02	1.835125e-04	2020	7	25	6
	864	1350	-58.500127	36.609324	9.786784e+04	3.804853e+01	5.867364e+03	5.613764e+03	1.085388e+04	1.070203e+04	2.983218e+02	2.480394e-04	2020	7	25	12
	876	1354	-56.812628	36.984324	9.764419e+04	3.907762e+01	5.857191e+03	5.588399e+03	1.084810e+04	1.065627e+04	2.984445e+02	3.065379e-04	2020	7	25	18
	891	1363	-54.703256	37.828072	9.709643e+04	4.494439e+01	5.843544e+03	5.541729e+03	1.083249e+04	1.062155e+04	2.987462e+02	3.582304e-04	2020	7	26	0
	901	1377	-53.297007	39.140571	9.678466e+04	4.103209e+01	5.801477e+03	5.524414e+03	1.079412e+04	1.057875e+04	2.986367e+02	3.460850e-04	2020	7	26	6
	909	1390	-52.172008	40.359319	9.706962e+04	3.787609e+01	5.798170e+03	5.554056e+03	1.079530e+04	1.059989e+04	2.982950e+02	1.883698e-04	2020	7	26	12
	911	1398	-51.890758	41.109318	9.726149e+04	3.429803e+01	5.798020e+03	5.540949e+03	1.079013e+04	1.063187e+04	2.971459e+02	9.182127e-05	2020	7	26	18
	910	1398	-52.031383	41.109318	9.746508e+04	3.431922e+01	5.806220e+03	5.550211e+03	1.078580e+04	1.064305e+04	2.968279e+02	8.010916e-05	2020	7	27	0
	910	1401	-52.031383	41.390567	9.767812e+04	3.015648e+01	5.789182e+03	5.541294e+03	1.075021e+04	1.062194e+04	2.960321e+02	8.825682e-05	2020	7	27	6
	911	1406	-51.890758	41.859317	9.805625e+04	2.803175e+01	5.787631e+03	5.571455e+03	1.074254e+04	1.062210e+04	2.947394e+02	9.523377e-05	2020	7	27	12
	912	1412	-51.750134	42.421816	9.833866e+04	2.609663e+01	5.792858e+03	5.586807e+03	1.074982e+04	1.063515e+04	2.940715e+02	5.114453e-05	2020	7	27	18
	916	1411	-51.187634	42.328066	9.872597e+04	2.294928e+01	5.797485e+03	5.617444e+03	1.075348e+04	1.064550e+04	2.944906e+02	4.373582e-05	2020	7	28	0
	922	1411	-50.343885	42.328066	9.893090e+04	2.179567e+01	5.786389e+03	5.605028e+03	1.073150e+04	1.062212e+04	2.945344e+02	5.537659e-05	2020	7	28	6
	931	1407	-49.078261	41.953067	9.923901e+04	2.285662e+01	5.801906e+03	5.628086e+03	1.074072e+04	1.059894e+04	2.945721e+02	3.878951e-05	2020	7	28	12
	949	1404	-46.547014	41.671817	9.956145e+04	2.249807e+01	5.827299e+03	5.638638e+03	1.077248e+04	1.053678e+04	2.949470e+02	3.316711e-05	2020	7	28	18
	969	1403	-43.734517	41.578067	9.987275e+04	2.264866e+01	5.855032e+03	5.589184e+03	1.079822e+04	1.043493e+04	2.953081e+02	4.957341e-05	2020	7	29	0
start	65	2020	7	26	6
	1109	1097	-24.047038	12.890607	1.005859e+05	1.446885e+01	5.850115e+03	5.781329e+03	1.091196e+04	1.083104e+04	3.023818e+02	3.519621e-04	2020	7	26	6
	1105	1098	-24.609537	12.984357	1.005351e+05	1.574037e+01	5.866962e+03	5.792181e+03	1.092454e+04	1.084807e+04	3.019919e+02	3.351848e-04	2020	7	26	12
	1101	1120	-25.172036	15.046854	1.003925e+05	1.852111e+01	5.880275e+03	5.784390e+03	1.089997e+04	1.084263e+04	3.032239e+02	1.995682e-04	2020	7	26	18
	1081	1123	-27.984533	15.328104	1.002735e+05	1.840858e+01	5.891526e+03	5.774583e+03	1.095167e+04	1.085312e+04	3.021300e+02	2.521958e-04	2020	7	27	0
	1067	1125	-29.953281	15.515603	9.985119e+04	2.047444e+01	5.872350e+03	5.747971e+03	1.089525e+04	1.081340e+04	3.015858e+02	3.629173e-04	2020	7	27	6
	1056	1131	-31.500155	16.078103	9.980103e+04	2.175012e+01	5.892132e+03	5.760154e+03	1.092417e+04	1.083621e+04	3.013417e+02	3.406678e-04	2020	7	27	12
	1036	1137	-34.312652	16.640602	9.955309e+04	2.706464e+01	5.884466e+03	5.743775e+03	1.091691e+04	1.084115e+04	3.014121e+02	2.541097e-04	2020	7	27	18
	1022	1131	-36.281400	16.078103	9.922102e+04	2.327789e+01	5.894003e+03	5.751937e+03	1.094747e+04	1.084041e+04	3.016212e+02	4.494378e-04	2020	7	28	0
	1013	1139	-37.547023	16.828102	9.916588e+04	2.834260e+01	5.869164e+03	5.712508e+03	1.091993e+04	1.082386e+04	3.014695e+02	5.870064e-04	2020	7	28	6
	998	1138	-39.656396	16.734352	9.870307e+04	2.672281e+01	5.866985e+03	5.717631e+03	1.092716e+04	1.083488e+04	3.014441e+02	5.018346e-04	2020	7	28	12
	991	1151	-40.640770	17.953100	9.875466e+04	3.037986e+01	5.876558e+03	5.706783e+03	1.093061e+04	1.083519e+04	3.012117e+02	4.221454e-04	2020	7	28	18
	978	1154	-42.468893	18.234350	9.837633e+04	3.240431e+01	5.873565e+03	5.710222e+03	1.092987e+04	1.084249e+04	3.013842e+02	5.525419e-04	2020	7	29	0
	971	1167	-43.453267	19.453098	9.823589e+04	3.243320e+01	5.861787e+03	5.681125e+03	1.090935e+04	1.082536e+04	3.013148e+02	5.436240e-04	2020	7	29	6
	960	1174	-45.000141	20.109347	9.802162e+04	3.484124e+01	5.868554e+03	5.671430e+03	1.093596e+04	1.083411e+04	3.012946e+02	4.886329e-04	2020	7	29	12
	951	1182	-46.265764	20.859346	9.773838e+04	3.559458e+01	5.853789e+03	5.655897e+03	1.092419e+04	1.082097e+04	3.014225e+02	4.860902e-04	2020	7	29	18
	946	1189	-46.968889	21.515595	9.760248e+04	3.519318e+01	5.873506e+03	5.646670e+03	1.092866e+04	1.081634e+04	3.013718e+02	5.348437e-04	2020	7	30	0
	940	1198	-47.812638	22.359344	9.745624e+04	3.846350e+01	5.855667e+03	5.620220e+03	1.091270e+04	1.079482e+04	3.013913e+02	5.501556e-04	2020	7	30	6
	933	1209	-48.797012	23.390592	9.745694e+04	3.928518e+01	5.869987e+03	5.635907e+03	1.093038e+04	1.082169e+04	3.013630e+02	5.054243e-04	2020	7	30	12
	926	1219	-49.781386	24.328091	9.724699e+04	3.836180e+01	5.854735e+03	5.614828e+03	1.093028e+04	1.081568e+04	3.010534e+02	6.545920e-04	2020	7	30	18
	921	1230	-50.484510	25.359340	9.696887e+04	4.067316e+01	5.864957e+03	5.596270e+03	1.093987e+04	1.080563e+04	3.007567e+02	7.030530e-04	2020	7	31	0
	917	1241	-51.047009	26.390588	9.676934e+04	4.507048e+01	5.838970e+03	5.562289e+03	1.090294e+04	1.077465e+04	3.005858e+02	6.718842e-04	2020	7	31	6
	914	1254	-51.468884	27.609337	9.693725e+04	3.963911e+01	5.846355e+03	5.595728e+03	1.092162e+04	1.079510e+04	3.001767e+02	5.160734e-04	2020	7	31	12
	913	1267	-51.609509	28.828085	9.718637e+04	3.427634e+01	5.849991e+03	5.610399e+03	1.093022e+04	1.081699e+04	3.000522e+02	4.257970e-04	2020	7	31	18
	911	1278	-51.890758	29.859334	9.737178e+04	3.224591e+01	5.850493e+03	5.632583e+03	1.093699e+04	1.082523e+04	2.999151e+02	3.824360e-04	2020	8	1	0
	911	1289	-51.890758	30.890582	9.747434e+04	3.400742e+01	5.828901e+03	5.627391e+03	1.091646e+04	1.080751e+04	2.998405e+02	3.308041e-04	2020	8	1	6
	910	1298	-52.031383	31.734331	9.761774e+04	2.857748e+01	5.835392e+03	5.642302e+03	1.092493e+04	1.081096e+04	2.996629e+02	2.455551e-04	2020	8	1	12
	908	1305	-52.312633	32.390580	9.769772e+04	2.884636e+01	5.831137e+03	5.644015e+03	1.091907e+04	1.081252e+04	2.996585e+02	3.066975e-04	2020	8	1	18
	908	1316	-52.312633	33.421829	9.775480e+04	2.883214e+01	5.826622e+03	5.649354e+03	1.092713e+04	1.081516e+04	2.995527e+02	2.738747e-04	2020	8	2	0
	906	1322	-52.593883	33.984328	9.782934e+04	2.757566e+01	5.808826e+03	5.641637e+03	1.089938e+04	1.079528e+04	2.992611e+02	2.662526e-04	2020	8	2	6
	910	1327	-52.031383	34.453077	9.795584e+04	3.140121e+01	5.817386e+03	5.649626e+03	1.090633e+04	1.079982e+04	2.991388e+02	3.488983e-04	2020	8	2	12
	907	1338	-52.453258	35.484326	9.788790e+04	3.112802e+01	5.809834e+03	5.644984e+03	1.089734e+04	1.079704e+04	2.990828e+02	3.299145e-04	2020	8	2	18
	912	1343	-51.750134	35.953075	9.794484e+04	3.575314e+01	5.832797e+03	5.651322e+03	1.090508e+04	1.079504e+04	2.982501e+02	3.150543e-04	2020	8	3	0
	906	1353	-52.593883	36.890574	9.786520e+04	3.680789e+01	5.819311e+03	5.634727e+03	1.087909e+04	1.077902e+04	2.979677e+02	3.100891e-04	2020	8	3	6
	911	1356	-51.890758	37.171823	9.799433e+04	3.458461e+01	5.840890e+03	5.642625e+03	1.089496e+04	1.077990e+04	2.979337e+02	2.908939e-04	2020	8	3	12
	910	1370	-52.031383	38.484322	9.801311e+04	3.173504e+01	5.840519e+03	5.647431e+03	1.089020e+04	1.077857e+04	2.979163e+02	2.592910e-04	2020	8	3	18
	916	1374	-51.187634	38.859321	9.814289e+04	3.155326e+01	5.860864e+03	5.655419e+03	1.089141e+04	1.077553e+04	2.978628e+02	2.783003e-04	2020	8	4	0
	920	1389	-50.625135	40.265569	9.820987e+04	2.991657e+01	5.843314e+03	5.638101e+03	1.086157e+04	1.071879e+04	2.975947e+02	2.694893e-04	2020	8	4	6
	926	1404	-49.781386	41.671817	9.815802e+04	3.017989e+01	5.844824e+03	5.623494e+03	1.086095e+04	1.070170e+04	2.962144e+02	3.289864e-04	2020	8	4	12
	938	1416	-48.093887	42.796816	9.816805e+04	2.958442e+01	5.850541e+03	5.607983e+03	1.085478e+04	1.068647e+04	2.948121e+02	2.653531e-04	2020	8	4	18
	949	1435	-46.547014	44.578063	9.815320e+04	2.734322e+01	5.842024e+03	5.597502e+03	1.082712e+04	1.063289e+04	2.938489e+02	2.375408e-04	2020	8	5	0
	969	1450	-43.734517	45.984311	9.809941e+04	2.935191e+01	5.825708e+03	5.556179e+03	1.079560e+04	1.057594e+04	2.917985e+02	1.970940e-04	2020	8	5	6
	989	1466	-40.922020	47.484309	9.803853e+04	2.841605e+01	5.822783e+03	5.540617e+03	1.078164e+04	1.052714e+04	2.892798e+02	2.220991e-04	2020	8	5	12
	1010	1484	-37.968898	49.171807	9.784882e+04	2.636848e+01	5.788141e+03	5.513312e+03	1.074072e+04	1.050409e+04	2.877276e+02	1.958351e-04	2020	8	5	18
	1033	1495	-34.734526	50.203055	9.774799e+04	2.443620e+01	5.760883e+03	5.495288e+03	1.070389e+04	1.048666e+04	2.880541e+02	2.044832e-04	2020	8	6	0
	1055	1500	-31.640780	50.671805	9.759384e+04	2.748827e+01	5.715203e+03	5.463107e+03	1.065392e+04	1.045045e+04	2.879720e+02	1.451018e-04	2020	8	6	6
	1079	1497	-28.265783	50.390555	9.778120e+04	2.645116e+01	5.738719e+03	5.461283e+03	1.066514e+04	1.044640e+04	2.884540e+02	6.220856e-05	2020	8	6	12
	1108	1502	-24.187662	50.859304	9.791691e+04	2.594392e+01	5.734442e+03	5.452298e+03	1.067579e+04	1.042172e+04	2.882885e+02	6.399999e-05	2020	8	6	18
	1135	1517	-20.390791	52.265552	9.784903e+04	2.451016e+01	5.687099e+03	5.436015e+03	1.063234e+04	1.038387e+04	2.884947e+02	1.268038e-04	2020	8	7	0
	1155	1529	-17.578294	53.390551	9.764785e+04	2.130304e+01	5.635103e+03	5.411179e+03	1.054911e+04	1.035513e+04	2.889254e+02	1.428780e-04	2020	8	7	6
	1169	1539	-15.609546	54.328050	9.759670e+04	1.981946e+01	5.611657e+03	5.409581e+03	1.049472e+04	1.035970e+04	2.892570e+02	1.378063e-04	2020	8	7	12
	1178	1541	-14.343923	54.515549	9.767226e+04	2.227233e+01	5.611103e+03	5.415620e+03	1.050314e+04	1.036196e+04	2.893121e+02	9.383827e-05	2020	8	7	18
	1193	1535	-12.234550	53.953050	9.792716e+04	2.325557e+01	5.641337e+03	5.424682e+03	1.050934e+04	1.034927e+04	2.900905e+02	8.631733e-05	2020	8	8	0
	1213	1532	-9.422053	53.671800	9.807321e+04	2.271769e+01	5.634200e+03	5.422520e+03	1.048469e+04	1.032059e+04	2.900833e+02	1.171206e-04	2020	8	8	6
	1238	1530	-5.906431	53.484301	9.826649e+04	2.304820e+01	5.648977e+03	5.439498e+03	1.049956e+04	1.032228e+04	2.910545e+02	8.322555e-05	2020	8	8	12
	1257	1537	-3.234559	54.140550	9.833916e+04	1.737874e+01	5.620783e+03	5.444088e+03	1.045167e+04	1.031100e+04	2.917743e+02	9.214423e-05	2020	8	8	18
	1281	1542	0.140437	54.609299	9.840599e+04	2.048109e+01	5.606763e+03	5.444817e+03	1.042807e+04	1.029714e+04	2.908272e+02	1.338625e-04	2020	8	9	0
	1296	1550	2.249810	55.359298	9.826014e+04	1.911816e+01	5.574467e+03	5.431458e+03	1.038148e+04	1.027609e+04	2.908447e+02	1.520987e-04	2020	8	9	6
	1302	1560	3.093559	56.296797	9.826245e+04	2.087972e+01	5.556397e+03	5.436663e+03	1.036523e+04	1.027873e+04	2.908271e+02	9.259418e-05	2020	8	9	12
	1296	1571	2.249810	57.328045	9.820805e+04	1.882421e+01	5.533862e+03	5.435554e+03	1.034711e+04	1.027866e+04	2.908838e+02	1.208237e-04	2020	8	9	18
	1290	1571	1.406061	57.328045	9.825220e+04	1.680095e+01	5.525895e+03	5.436452e+03	1.034474e+04	1.027324e+04	2.907968e+02	1.063627e-04	2020	8	10	0
	1287	1566	0.984186	56.859296	9.824181e+04	1.702048e+01	5.527695e+03	5.437476e+03	1.039295e+04	1.026159e+04	2.906289e+02	8.511073e-05	2020	8	10	6
	1289	1561	1.265436	56.390547	9.844923e+04	1.745350e+01	5.566075e+03	5.451544e+03	1.042710e+04	1.027903e+04	2.916827e+02	6.367207e-05	2020	8	10	12
	1298	1561	2.531060	56.390547	9.856380e+04	1.669111e+01	5.570276e+03	5.459992e+03	1.041448e+04	1.028046e+04	2.911312e+02	8.477607e-05	2020	8	10	18
	1307	1561	3.796683	56.390547	9.866674e+04	1.943828e+01	5.569149e+03	5.458329e+03	1.039298e+04	1.027240e+04	2.909936e+02	9.391135e-05	2020	8	11	0
	1320	1565	5.624807	56.765546	9.866973e+04	1.934572e+01	5.558119e+03	5.452263e+03	1.037177e+04	1.025976e+04	2.907384e+02	8.257324e-05	2020	8	11	6
start	22	2020	7	26	12
	2375	1154	153.984027	18.234350	1.004757e+05	1.055561e+01	5.871792e+03	5.808516e+03	1.097776e+04	1.089101e+04	3.048540e+02	1.642590e-04	2020	7	26	12
	2369	1164	153.140278	19.171848	1.003294e+05	1.042736e+01	5.864575e+03	5.801185e+03	1.098756e+04	1.088076e+04	3.045083e+02	2.284968e-04	2020	7	26	18
	2363	1168	152.296529	19.546848	1.004106e+05	1.268601e+01	5.883847e+03	5.809360e+03	1.100608e+04	1.089795e+04	3.044864e+02	2.231422e-04	2020	7	27	0
	2364	1176	152.437154	20.296847	1.003212e+05	1.410204e+01	5.890098e+03	5.804366e+03	1.098533e+04	1.089590e+04	3.050270e+02	2.172058e-04	2020	7	27	6
	2354	1181	151.030905	20.765596	1.004653e+05	1.475761e+01	5.893836e+03	5.817223e+03	1.100239e+04	1.092246e+04	3.046576e+02	2.385768e-04	2020	7	27	12
	2347	1193	150.046531	21.890595	1.001872e+05	1.459772e+01	5.880981e+03	5.809594e+03	1.097923e+04	1.089958e+04	3.042992e+02	2.452233e-04	2020	7	27	18
	2343	1198	149.484032	22.359344	1.003244e+05	1.627220e+01	5.894568e+03	5.821604e+03	1.099816e+04	1.092278e+04	3.041360e+02	1.536897e-04	2020	7	28	0
	2330	1205	147.655909	23.015593	1.001765e+05	1.619617e+01	5.890953e+03	5.808736e+03	1.098228e+04	1.091505e+04	3.045947e+02	1.306465e-04	2020	7	28	6
	2323	1216	146.671535	24.046842	1.002316e+05	1.774863e+01	5.909152e+03	5.832225e+03	1.100134e+04	1.093643e+04	3.041312e+02	1.591717e-04	2020	7	28	12
	2309	1221	144.702787	24.515591	1.000246e+05	1.789815e+01	5.891473e+03	5.801237e+03	1.101564e+04	1.091373e+04	3.035649e+02	1.640200e-04	2020	7	28	18
	2303	1224	143.859038	24.796841	1.000226e+05	1.518661e+01	5.893316e+03	5.805219e+03	1.100496e+04	1.092399e+04	3.034015e+02	1.816965e-04	2020	7	29	0
	2295	1224	142.734039	24.796841	9.977495e+04	1.609589e+01	5.877340e+03	5.795214e+03	1.100648e+04	1.091605e+04	3.037584e+02	2.017673e-04	2020	7	29	6
	2283	1234	141.046540	25.734339	9.978334e+04	1.592746e+01	5.887205e+03	5.807881e+03	1.099544e+04	1.093196e+04	3.033381e+02	1.052974e-04	2020	7	29	12
	2274	1240	139.780917	26.296838	9.967615e+04	1.718035e+01	5.872157e+03	5.782075e+03	1.097415e+04	1.090712e+04	3.031219e+02	1.481354e-04	2020	7	29	18
	2267	1249	138.796543	27.140587	9.971277e+04	1.532355e+01	5.874737e+03	5.790711e+03	1.098595e+04	1.093285e+04	3.029591e+02	1.235558e-04	2020	7	30	0
	2256	1251	137.249669	27.328087	9.958366e+04	1.516177e+01	5.859140e+03	5.778514e+03	1.100178e+04	1.092742e+04	3.035484e+02	6.953236e-05	2020	7	30	6
	2253	1257	136.827795	27.890586	9.961080e+04	1.460841e+01	5.871148e+03	5.796234e+03	1.099172e+04	1.094006e+04	3.032169e+02	1.007066e-04	2020	7	30	12
	2247	1265	135.984046	28.640585	9.959179e+04	1.507926e+01	5.853817e+03	5.785995e+03	1.098369e+04	1.092709e+04	3.025134e+02	1.135629e-04	2020	7	30	18
	2244	1271	135.562171	29.203084	9.959690e+04	1.468338e+01	5.863313e+03	5.804043e+03	1.099954e+04	1.093404e+04	3.018783e+02	7.820722e-05	2020	7	31	0
	2240	1278	134.999672	29.859334	9.961976e+04	1.369593e+01	5.851383e+03	5.799347e+03	1.098820e+04	1.093518e+04	3.020922e+02	5.380938e-05	2020	7	31	6
	2240	1286	134.999672	30.609332	9.975338e+04	1.500835e+01	5.863183e+03	5.806417e+03	1.100284e+04	1.094793e+04	3.020407e+02	9.219066e-05	2020	7	31	12
	2236	1297	134.437172	31.640581	9.965323e+04	1.786867e+01	5.851404e+03	5.790278e+03	1.098789e+04	1.093446e+04	3.024553e+02	1.099809e-04	2020	7	31	18
start	28	2020	7	29	0
	2149	1200	122.202810	22.546844	9.976321e+04	1.682147e+01	5.851123e+03	5.800266e+03	1.098601e+04	1.091022e+04	3.033779e+02	1.734166e-04	2020	7	29	0
	2154	1199	122.905934	22.453094	9.965530e+04	1.523092e+01	5.838608e+03	5.769733e+03	1.099201e+04	1.091487e+04	3.039557e+02	1.745750e-04	2020	7	29	6
	2159	1206	123.609059	23.109343	9.954470e+04	1.572617e+01	5.842112e+03	5.798228e+03	1.097272e+04	1.093060e+04	3.041009e+02	1.550952e-04	2020	7	29	12
	2165	1206	124.452808	23.109343	9.953157e+04	1.599251e+01	5.833614e+03	5.780822e+03	1.096709e+04	1.091050e+04	3.038554e+02	1.519787e-04	2020	7	29	18
	2167	1215	124.734057	23.953092	9.945577e+04	1.630761e+01	5.837738e+03	5.784932e+03	1.099656e+04	1.091787e+04	3.039102e+02	1.867538e-04	2020	7	30	0
	2169	1225	125.015307	24.890590	9.937280e+04	1.468433e+01	5.842136e+03	5.772041e+03	1.098819e+04	1.091545e+04	3.042626e+02	2.014495e-04	2020	7	30	6
	2171	1234	125.296557	25.734339	9.931709e+04	1.236199e+01	5.838773e+03	5.787686e+03	1.101425e+04	1.092716e+04	3.040601e+02	1.416124e-04	2020	7	30	12
	2170	1234	125.155932	25.734339	9.934623e+04	1.519602e+01	5.836093e+03	5.761328e+03	1.099829e+04	1.092296e+04	3.037870e+02	1.911579e-04	2020	7	30	18
	2172	1243	125.437182	26.578088	9.936364e+04	1.722244e+01	5.851108e+03	5.783088e+03	1.097611e+04	1.091750e+04	3.036285e+02	2.102960e-04	2020	7	31	0
	2173	1245	125.577807	26.765588	9.939015e+04	1.617533e+01	5.839400e+03	5.768121e+03	1.098018e+04	1.092549e+04	3.035266e+02	2.096980e-04	2020	7	31	6
	2180	1247	126.562181	26.953088	9.937281e+04	1.662653e+01	5.859727e+03	5.788739e+03	1.100128e+04	1.093749e+04	3.035822e+02	1.725221e-04	2020	7	31	12
	2187	1252	127.546555	27.421837	9.942194e+04	1.948466e+01	5.852072e+03	5.771319e+03	1.098691e+04	1.093326e+04	3.034732e+02	2.128892e-04	2020	7	31	18
	2194	1258	128.530928	27.984336	9.933507e+04	1.970463e+01	5.863441e+03	5.785005e+03	1.099338e+04	1.093450e+04	3.034478e+02	2.657034e-04	2020	8	1	0
	2203	1259	129.796552	28.078086	9.932471e+04	2.096904e+01	5.860425e+03	5.780000e+03	1.099386e+04	1.094456e+04	3.036238e+02	1.181407e-04	2020	8	1	6
	2216	1256	131.624675	27.796836	9.945248e+04	2.576279e+01	5.890843e+03	5.795948e+03	1.102976e+04	1.096781e+04	3.031014e+02	1.183320e-04	2020	8	1	12
	2228	1268	133.312174	28.921835	9.937641e+04	2.164252e+01	5.884439e+03	5.800850e+03	1.101067e+04	1.095524e+04	3.029656e+02	1.258734e-04	2020	8	1	18
	2241	1277	135.140297	29.765584	9.945505e+04	2.237430e+01	5.884678e+03	5.806663e+03	1.099891e+04	1.094758e+04	3.019113e+02	1.502221e-04	2020	8	2	0
	2254	1288	136.968420	30.796832	9.948906e+04	1.863931e+01	5.876171e+03	5.791896e+03	1.098882e+04	1.094729e+04	3.026464e+02	1.122840e-04	2020	8	2	6
	2263	1300	138.234043	31.921831	9.953054e+04	1.876126e+01	5.887060e+03	5.813648e+03	1.099626e+04	1.094970e+04	3.021332e+02	7.446488e-05	2020	8	2	12
	2271	1311	139.359042	32.953079	9.943578e+04	1.801556e+01	5.863069e+03	5.785457e+03	1.098150e+04	1.091515e+04	3.020822e+02	1.122158e-04	2020	8	2	18
	2273	1319	139.640292	33.703078	9.936559e+04	1.905961e+01	5.863578e+03	5.770613e+03	1.097993e+04	1.090045e+04	3.019976e+02	1.583659e-04	2020	8	3	0
	2279	1324	140.484041	34.171828	9.898443e+04	1.990521e+01	5.845351e+03	5.762349e+03	1.096592e+04	1.088904e+04	3.043534e+02	1.710142e-04	2020	8	3	6
	2287	1321	141.609040	33.890578	9.913380e+04	2.151099e+01	5.868266e+03	5.779228e+03	1.097209e+04	1.090058e+04	3.019520e+02	7.611045e-05	2020	8	3	12
	2296	1327	142.874664	34.453077	9.918914e+04	1.919662e+01	5.855151e+03	5.763089e+03	1.097836e+04	1.087769e+04	3.018827e+02	1.366386e-04	2020	8	3	18
	2306	1337	144.280912	35.390576	9.917601e+04	2.097253e+01	5.856050e+03	5.737184e+03	1.097148e+04	1.086467e+04	3.013141e+02	1.325565e-04	2020	8	4	0
	2313	1342	145.265286	35.859325	9.910937e+04	2.124204e+01	5.857325e+03	5.760362e+03	1.096309e+04	1.086291e+04	3.012544e+02	1.233595e-04	2020	8	4	6
	2319	1342	146.109035	35.859325	9.932959e+04	2.039387e+01	5.872219e+03	5.775120e+03	1.098052e+04	1.086121e+04	3.006946e+02	8.723677e-05	2020	8	4	12
	2329	1345	147.515284	36.140575	9.942869e+04	2.015287e+01	5.858842e+03	5.763181e+03	1.096036e+04	1.083026e+04	3.001303e+02	8.923335e-05	2020	8	4	18
start	52	2020	7	29	6
	1138	1070	-19.968917	10.359361	1.007263e+05	1.683841e+01	5.869528e+03	5.810662e+03	1.090893e+04	1.082865e+04	3.009702e+02	4.634568e-04	2020	7	29	6
	1138	1067	-19.968917	10.078111	1.009237e+05	1.493186e+01	5.874403e+03	5.828518e+03	1.090686e+04	1.084587e+04	3.010314e+02	4.059795e-04	2020	7	29	12
	1135	1074	-20.390791	10.734360	1.008469e+05	1.422741e+01	5.866706e+03	5.808239e+03	1.089034e+04	1.083956e+04	3.014645e+02	3.059804e-04	2020	7	29	18
	1131	1081	-20.953291	11.390609	1.010525e+05	1.225909e+01	5.885605e+03	5.819376e+03	1.091063e+04	1.086045e+04	3.011321e+02	1.883707e-04	2020	7	30	0
	1099	1083	-25.453286	11.578109	1.009600e+05	9.472497e+00	5.866923e+03	5.814633e+03	1.093043e+04	1.083353e+04	3.012756e+02	3.229724e-04	2020	7	30	6
	1098	1094	-25.593911	12.609357	1.011925e+05	1.057152e+01	5.884547e+03	5.835358e+03	1.091215e+04	1.086742e+04	3.016382e+02	2.579134e-04	2020	7	30	12
	1090	1095	-26.718910	12.703107	1.010006e+05	1.058387e+01	5.875423e+03	5.814397e+03	1.092810e+04	1.086241e+04	3.020135e+02	2.622690e-04	2020	7	30	18
	1080	1100	-28.125158	13.171857	1.011138e+05	9.651859e+00	5.891182e+03	5.823364e+03	1.093549e+04	1.087996e+04	3.017912e+02	1.555316e-04	2020	7	31	0
	1071	1105	-29.390782	13.640606	1.009252e+05	1.201395e+01	5.877819e+03	5.809457e+03	1.092155e+04	1.085503e+04	3.014471e+02	1.818482e-04	2020	7	31	6
	1066	1106	-30.093906	13.734356	1.010050e+05	1.484128e+01	5.886105e+03	5.817074e+03	1.094504e+04	1.087651e+04	3.011462e+02	2.460887e-04	2020	7	31	12
	1063	1107	-30.515781	13.828106	1.007607e+05	1.456752e+01	5.865739e+03	5.802697e+03	1.090122e+04	1.086082e+04	3.015672e+02	1.955798e-04	2020	7	31	18
	1065	1123	-30.234531	15.328104	1.008612e+05	1.415637e+01	5.886971e+03	5.818218e+03	1.096617e+04	1.088098e+04	3.012259e+02	1.942957e-04	2020	8	1	0
	1053	1132	-31.922029	16.171853	1.006535e+05	1.454243e+01	5.860515e+03	5.788854e+03	1.090365e+04	1.084688e+04	3.009353e+02	3.048543e-04	2020	8	1	6
	1049	1132	-32.484529	16.171853	1.005848e+05	1.541529e+01	5.866924e+03	5.806493e+03	1.091252e+04	1.085928e+04	3.009188e+02	2.863761e-04	2020	8	1	12
	1045	1128	-33.047028	15.796853	1.004092e+05	1.889720e+01	5.853482e+03	5.788152e+03	1.093739e+04	1.085613e+04	3.012954e+02	1.856776e-04	2020	8	1	18
	1038	1129	-34.031402	15.890603	1.005257e+05	1.885289e+01	5.876738e+03	5.808433e+03	1.092255e+04	1.085432e+04	3.010318e+02	1.993005e-04	2020	8	2	0
	1035	1125	-34.453277	15.515603	1.003654e+05	2.083541e+01	5.843319e+03	5.780123e+03	1.089446e+04	1.082840e+04	3.007656e+02	2.944517e-04	2020	8	2	6
	1023	1144	-36.140775	17.296851	1.004025e+05	1.844033e+01	5.863349e+03	5.797117e+03	1.090661e+04	1.084760e+04	3.006484e+02	1.962026e-04	2020	8	2	12
	1025	1142	-35.859525	17.109351	1.001974e+05	2.146049e+01	5.854364e+03	5.770419e+03	1.090691e+04	1.083459e+04	3.009590e+02	1.942426e-04	2020	8	2	18
	1018	1158	-36.843899	18.609349	1.003131e+05	2.375516e+01	5.872370e+03	5.782906e+03	1.093272e+04	1.086879e+04	3.006798e+02	1.663434e-04	2020	8	3	0
	1003	1157	-38.953272	18.515599	1.002098e+05	2.410539e+01	5.856948e+03	5.783709e+03	1.090472e+04	1.083282e+04	3.006071e+02	1.666619e-04	2020	8	3	6
	1000	1155	-39.375147	18.328100	1.002423e+05	2.257059e+01	5.873380e+03	5.788236e+03	1.091689e+04	1.086540e+04	3.005471e+02	1.957487e-04	2020	8	3	12
	984	1167	-41.625144	19.453098	1.002342e+05	2.513972e+01	5.874833e+03	5.789134e+03	1.092211e+04	1.085620e+04	3.008212e+02	1.588054e-04	2020	8	3	18
	975	1160	-42.890768	18.796849	1.001593e+05	2.159912e+01	5.880534e+03	5.811037e+03	1.096051e+04	1.087288e+04	3.010785e+02	1.679553e-04	2020	8	4	0
	970	1164	-43.593892	19.171848	1.000973e+05	2.427944e+01	5.869675e+03	5.789912e+03	1.091713e+04	1.084832e+04	3.009844e+02	1.967867e-04	2020	8	4	6
	954	1169	-45.843890	19.640598	1.001661e+05	2.278232e+01	5.883666e+03	5.794046e+03	1.094790e+04	1.087149e+04	3.010546e+02	1.689420e-04	2020	8	4	12
	949	1169	-46.547014	19.640598	9.998464e+04	2.666051e+01	5.878441e+03	5.772850e+03	1.093654e+04	1.085906e+04	3.014392e+02	2.051307e-04	2020	8	4	18
	935	1178	-48.515762	20.484347	9.998133e+04	2.822346e+01	5.891879e+03	5.782119e+03	1.094020e+04	1.087585e+04	3.016517e+02	2.110983e-04	2020	8	5	0
	926	1179	-49.781386	20.578096	9.992334e+04	2.758608e+01	5.880965e+03	5.765791e+03	1.092565e+04	1.086981e+04	3.017931e+02	1.777418e-04	2020	8	5	6
	911	1187	-51.890758	21.328095	9.995700e+04	2.584225e+01	5.894385e+03	5.793094e+03	1.094488e+04	1.089190e+04	3.019449e+02	1.625759e-04	2020	8	5	12
	901	1200	-53.297007	22.546844	9.992877e+04	2.670910e+01	5.898133e+03	5.776185e+03	1.095275e+04	1.089497e+04	3.022700e+02	2.214114e-04	2020	8	5	18
	889	1209	-54.984505	23.390592	9.966600e+04	3.028942e+01	5.911171e+03	5.773664e+03	1.095623e+04	1.090294e+04	3.020871e+02	2.337612e-04	2020	8	6	0
	878	1217	-56.531379	24.140591	9.956338e+04	2.992591e+01	5.891256e+03	5.751857e+03	1.094850e+04	1.088601e+04	3.018973e+02	2.186655e-04	2020	8	6	6
	866	1228	-58.218877	25.171840	9.946386e+04	3.036427e+01	5.897579e+03	5.760153e+03	1.097475e+04	1.089023e+04	3.018680e+02	2.655662e-04	2020	8	6	12
	858	1243	-59.343876	26.578088	9.927933e+04	3.222153e+01	5.901486e+03	5.727762e+03	1.093700e+04	1.087878e+04	3.013249e+02	2.187098e-04	2020	8	6	18
	852	1257	-60.187625	27.890586	9.880894e+04	3.733233e+01	5.910036e+03	5.720550e+03	1.096500e+04	1.087635e+04	3.007581e+02	2.646031e-04	2020	8	7	0
	850	1269	-60.468875	29.015585	9.878415e+04	3.535581e+01	5.895521e+03	5.717808e+03	1.094003e+04	1.086528e+04	3.004264e+02	1.663606e-04	2020	8	7	6
	851	1284	-60.328250	30.421833	9.872714e+04	3.554596e+01	5.908654e+03	5.700683e+03	1.095133e+04	1.084363e+04	2.994870e+02	2.815203e-04	2020	8	7	12
	854	1306	-59.906375	32.484330	9.871514e+04	3.355741e+01	5.907888e+03	5.700983e+03	1.094303e+04	1.081386e+04	2.999170e+02	1.990569e-04	2020	8	7	18
	862	1326	-58.781376	34.359327	9.849163e+04	3.742957e+01	5.919555e+03	5.683762e+03	1.094408e+04	1.078419e+04	2.991570e+02	2.391894e-04	2020	8	8	0
	874	1357	-57.093878	37.265573	9.839883e+04	3.887213e+01	5.902796e+03	5.635881e+03	1.092042e+04	1.069919e+04	2.988509e+02	2.816731e-04	2020	8	8	6
	891	1387	-54.703256	40.078069	9.837438e+04	3.715274e+01	5.913100e+03	5.615590e+03	1.092372e+04	1.064256e+04	2.980577e+02	4.086565e-04	2020	8	8	12
	918	1424	-50.906385	43.546814	9.826516e+04	3.598593e+01	5.914114e+03	5.577646e+03	1.091343e+04	1.056062e+04	2.927453e+02	2.151211e-04	2020	8	8	18
	952	1461	-46.125140	47.015560	9.849570e+04	3.768965e+01	5.908347e+03	5.549148e+03	1.090330e+04	1.044024e+04	2.884369e+02	1.445242e-04	2020	8	9	0
	997	1496	-39.797021	50.296805	9.874543e+04	3.102258e+01	5.874497e+03	5.497890e+03	1.085706e+04	1.035725e+04	2.874044e+02	2.118781e-04	2020	8	9	6
	1042	1526	-33.468903	53.109301	9.870855e+04	2.897078e+01	5.834845e+03	5.495299e+03	1.080615e+04	1.034928e+04	2.874321e+02	2.120326e-04	2020	8	9	12
	1080	1544	-28.125158	54.796799	9.853920e+04	2.597027e+01	5.790394e+03	5.477433e+03	1.074815e+04	1.035061e+04	2.879460e+02	1.077219e-04	2020	8	9	18
	1109	1551	-24.047038	55.453048	9.855048e+04	2.530177e+01	5.761498e+03	5.469140e+03	1.068541e+04	1.034921e+04	2.884790e+02	9.601920e-05	2020	8	10	0
	1131	1552	-20.953291	55.546798	9.852788e+04	2.748325e+01	5.725836e+03	5.433860e+03	1.062893e+04	1.033261e+04	2.886148e+02	9.816144e-05	2020	8	10	6
	1151	1548	-18.140794	55.171798	9.844155e+04	2.773292e+01	5.718633e+03	5.425568e+03	1.061234e+04	1.030148e+04	2.887862e+02	6.306412e-05	2020	8	10	12
	1178	1541	-14.343923	54.515549	9.848098e+04	2.697144e+01	5.714264e+03	5.428234e+03	1.061456e+04	1.028132e+04	2.889122e+02	3.922753e-05	2020	8	10	18
	1205	1534	-10.547052	53.859300	9.876027e+04	2.403692e+01	5.717694e+03	5.463981e+03	1.062388e+04	1.027815e+04	2.898651e+02	4.666474e-05	2020	8	11	0
start	51	2020	8	4	6
	1091	1088	-26.578285	12.046858	1.008815e+05	1.402190e+01	5.878229e+03	5.795519e+03	1.092428e+04	1.083997e+04	3.014572e+02	4.217262e-04	2020	8	4	6
	1077	1091	-28.547033	12.328108	1.010012e+05	1.392249e+01	5.891855e+03	5.824218e+03	1.094461e+04	1.087140e+04	3.013762e+02	5.515261e-04	2020	8	4	12
	1071	1094	-29.390782	12.609357	1.007950e+05	1.708357e+01	5.880729e+03	5.798232e+03	1.092021e+04	1.086163e+04	3.012711e+02	4.785015e-04	2020	8	4	18
	1059	1094	-31.078280	12.609357	1.008845e+05	1.889488e+01	5.895038e+03	5.817138e+03	1.096287e+04	1.087424e+04	3.008047e+02	4.425191e-04	2020	8	5	0
	1037	1096	-34.172027	12.796857	1.007172e+05	1.761067e+01	5.866640e+03	5.796033e+03	1.092316e+04	1.083988e+04	3.009279e+02	5.407850e-04	2020	8	5	6
	1035	1124	-34.453277	15.421854	1.008010e+05	2.172513e+01	5.908358e+03	5.807231e+03	1.093765e+04	1.084360e+04	3.006587e+02	3.866500e-04	2020	8	5	12
	1011	1128	-37.828273	15.796853	1.005451e+05	1.988951e+01	5.891131e+03	5.802403e+03	1.093412e+04	1.084824e+04	3.008904e+02	2.174362e-04	2020	8	5	18
	1001	1124	-39.234522	15.421854	1.005695e+05	2.155311e+01	5.898304e+03	5.804045e+03	1.093907e+04	1.087575e+04	3.008806e+02	2.920007e-04	2020	8	6	0
	996	1126	-39.937646	15.609353	1.004072e+05	2.834059e+01	5.874176e+03	5.764537e+03	1.090474e+04	1.084278e+04	3.008829e+02	3.835931e-04	2020	8	6	6
	978	1132	-42.468893	16.171853	1.003862e+05	2.811098e+01	5.885540e+03	5.793255e+03	1.090270e+04	1.085103e+04	3.009916e+02	4.084743e-04	2020	8	6	12
	972	1132	-43.312642	16.171853	1.001802e+05	3.124710e+01	5.879306e+03	5.764648e+03	1.091003e+04	1.084405e+04	3.015885e+02	4.065573e-04	2020	8	6	18
	960	1136	-45.000141	16.546852	1.001473e+05	3.057556e+01	5.898806e+03	5.766074e+03	1.095409e+04	1.084455e+04	3.011819e+02	5.362103e-04	2020	8	7	0
	953	1142	-45.984515	17.109351	9.994705e+04	3.209388e+01	5.885708e+03	5.764109e+03	1.090076e+04	1.083904e+04	3.013011e+02	4.685150e-04	2020	8	7	6
	946	1151	-46.968889	17.953100	9.977283e+04	3.165211e+01	5.898226e+03	5.766874e+03	1.092339e+04	1.085135e+04	3.012369e+02	3.040434e-04	2020	8	7	12
	934	1157	-48.656387	18.515599	9.971919e+04	2.612105e+01	5.896779e+03	5.772058e+03	1.092775e+04	1.086215e+04	3.015972e+02	1.998612e-04	2020	8	7	18
	925	1164	-49.922011	19.171848	9.965792e+04	2.934498e+01	5.911684e+03	5.776008e+03	1.094918e+04	1.086037e+04	3.019292e+02	3.523803e-04	2020	8	8	0
	918	1172	-50.906385	19.921847	9.948459e+04	3.325367e+01	5.897566e+03	5.724778e+03	1.092487e+04	1.086297e+04	3.019378e+02	3.513093e-04	2020	8	8	6
	911	1171	-51.890758	19.828097	9.917695e+04	3.182232e+01	5.908444e+03	5.739257e+03	1.094346e+04	1.085600e+04	3.019977e+02	2.749671e-04	2020	8	8	12
	902	1182	-53.156382	20.859346	9.892330e+04	3.181991e+01	5.903654e+03	5.727756e+03	1.095270e+04	1.086243e+04	3.020293e+02	3.648683e-04	2020	8	8	18
	894	1188	-54.281381	21.421845	9.862480e+04	3.440253e+01	5.912205e+03	5.709778e+03	1.095034e+04	1.084921e+04	3.022532e+02	4.356483e-04	2020	8	9	0
	887	1194	-55.265755	21.984344	9.801869e+04	3.763076e+01	5.898886e+03	5.679771e+03	1.094121e+04	1.084018e+04	3.020890e+02	3.981657e-04	2020	8	9	6
	879	1200	-56.390754	22.546844	9.765792e+04	3.982638e+01	5.906960e+03	5.662989e+03	1.094744e+04	1.083415e+04	3.019701e+02	3.546666e-04	2020	8	9	12
	870	1207	-57.656377	23.203093	9.731630e+04	4.308441e+01	5.900470e+03	5.616011e+03	1.095265e+04	1.081100e+04	3.020354e+02	4.207679e-04	2020	8	9	18
	864	1211	-58.500127	23.578092	9.678345e+04	4.376619e+01	5.907615e+03	5.603453e+03	1.094929e+04	1.080877e+04	3.019318e+02	4.313121e-04	2020	8	10	0
	855	1216	-59.765750	24.046842	9.667221e+04	4.601505e+01	5.896634e+03	5.586387e+03	1.094880e+04	1.080211e+04	3.018885e+02	4.213596e-04	2020	8	10	6
	848	1223	-60.750124	24.703091	9.641169e+04	4.287540e+01	5.905125e+03	5.586709e+03	1.094224e+04	1.080644e+04	3.018568e+02	3.905566e-04	2020	8	10	12
	838	1232	-62.156373	25.546839	9.644300e+04	4.396436e+01	5.899737e+03	5.574839e+03	1.093780e+04	1.081372e+04	3.017899e+02	4.028781e-04	2020	8	10	18
	831	1236	-63.140747	25.921839	9.619630e+04	4.678672e+01	5.903281e+03	5.577209e+03	1.094888e+04	1.081356e+04	3.015908e+02	4.038438e-04	2020	8	11	0
	823	1243	-64.265746	26.578088	9.639577e+04	4.541742e+01	5.895168e+03	5.573085e+03	1.093836e+04	1.082363e+04	3.013513e+02	3.621245e-04	2020	8	11	6
	814	1247	-65.531369	26.953088	9.655420e+04	4.499236e+01	5.895864e+03	5.593174e+03	1.095217e+04	1.083705e+04	3.026317e+02	3.732482e-04	2020	8	11	12
	808	1254	-66.375118	27.609337	9.658760e+04	4.881959e+01	5.895963e+03	5.580453e+03	1.095617e+04	1.083212e+04	3.028019e+02	4.369765e-04	2020	8	11	18
	802	1263	-67.218868	28.453085	9.625475e+04	4.643298e+01	5.909993e+03	5.563751e+03	1.096497e+04	1.081314e+04	3.026042e+02	4.361886e-04	2020	8	12	0
	796	1270	-68.062617	29.109335	9.648514e+04	4.613298e+01	5.892345e+03	5.580473e+03	1.095200e+04	1.082541e+04	3.023132e+02	3.394042e-04	2020	8	12	6
	791	1281	-68.765741	30.140583	9.654991e+04	4.760125e+01	5.891932e+03	5.590810e+03	1.096245e+04	1.083002e+04	3.019129e+02	3.831570e-04	2020	8	12	12
	787	1294	-69.328240	31.359331	9.659360e+04	4.642804e+01	5.898984e+03	5.581770e+03	1.095840e+04	1.082014e+04	3.016493e+02	3.652991e-04	2020	8	12	18
	784	1312	-69.750115	33.046829	9.651570e+04	4.411023e+01	5.899443e+03	5.587678e+03	1.096496e+04	1.082631e+04	3.017868e+02	3.285922e-04	2020	8	13	0
	779	1329	-70.453239	34.640577	9.674548e+04	4.321946e+01	5.887592e+03	5.591896e+03	1.095341e+04	1.081371e+04	3.021907e+02	3.604986e-04	2020	8	13	6
	775	1351	-71.015739	36.703074	9.649823e+04	4.224332e+01	5.881149e+03	5.575985e+03	1.095148e+04	1.078720e+04	3.018087e+02	4.832931e-04	2020	8	13	12
	771	1369	-71.578238	38.390572	9.646777e+04	4.101550e+01	5.876136e+03	5.574922e+03	1.094735e+04	1.080321e+04	3.004544e+02	3.538450e-04	2020	8	13	18
	769	1385	-71.859488	39.890570	9.666095e+04	4.231535e+01	5.877858e+03	5.588699e+03	1.094391e+04	1.081793e+04	2.990673e+02	3.314505e-04	2020	8	14	0
	771	1399	-71.578238	41.203068	9.724252e+04	3.685537e+01	5.866708e+03	5.609436e+03	1.092916e+04	1.081381e+04	2.982487e+02	2.914834e-04	2020	8	14	6
	771	1411	-71.578238	42.328066	9.793238e+04	3.250562e+01	5.854017e+03	5.640242e+03	1.092894e+04	1.080841e+04	2.976801e+02	2.255016e-04	2020	8	14	12
	778	1423	-70.593864	43.453065	9.834402e+04	2.911526e+01	5.857173e+03	5.658686e+03	1.092331e+04	1.079188e+04	2.970697e+02	1.956754e-04	2020	8	14	18
	786	1436	-69.468865	44.671813	9.862496e+04	2.730625e+01	5.851052e+03	5.667421e+03	1.092159e+04	1.076258e+04	2.962851e+02	2.116520e-04	2020	8	15	0
	799	1451	-67.640742	46.078061	9.878309e+04	2.448263e+01	5.820382e+03	5.657748e+03	1.089445e+04	1.069973e+04	2.955900e+02	1.923351e-04	2020	8	15	6
	811	1458	-65.953244	46.734310	9.889445e+04	2.032178e+01	5.808245e+03	5.653707e+03	1.088728e+04	1.067694e+04	2.958878e+02	1.501836e-04	2020	8	15	12
	822	1463	-64.406370	47.203059	9.883907e+04	1.831646e+01	5.799515e+03	5.640280e+03	1.087365e+04	1.066907e+04	2.958774e+02	1.412658e-04	2020	8	15	18
	837	1463	-62.296998	47.203059	9.873577e+04	2.073969e+01	5.799433e+03	5.625154e+03	1.087552e+04	1.065697e+04	2.955103e+02	1.885903e-04	2020	8	16	0
	855	1458	-59.765750	46.734310	9.882492e+04	2.297219e+01	5.813941e+03	5.614530e+03	1.087590e+04	1.063339e+04	2.936862e+02	1.270650e-04	2020	8	16	6
	882	1456	-55.968879	46.546810	9.909405e+04	2.254680e+01	5.825893e+03	5.642172e+03	1.088639e+04	1.060676e+04	2.924023e+02	1.128898e-04	2020	8	16	12
	904	1453	-52.875132	46.265561	9.943440e+04	1.995560e+01	5.844305e+03	5.652377e+03	1.090316e+04	1.059975e+04	2.960257e+02	5.235488e-05	2020	8	16	18
start	60	2020	8	10	12
	1113	1101	-23.484538	13.265607	1.012739e+05	1.204057e+01	5.902431e+03	5.831487e+03	1.090969e+04	1.085671e+04	3.045935e+02	2.640463e-04	2020	8	10	12
	1107	1101	-24.328287	13.265607	1.010410e+05	1.113077e+01	5.887396e+03	5.816691e+03	1.089797e+04	1.085709e+04	3.031696e+02	1.815967e-04	2020	8	10	18
	1086	1091	-27.281409	12.328108	1.010900e+05	1.550467e+01	5.898206e+03	5.827016e+03	1.093194e+04	1.087176e+04	3.017964e+02	2.667433e-04	2020	8	11	0
	1079	1098	-28.265783	12.984357	1.008286e+05	1.619066e+01	5.879619e+03	5.803068e+03	1.093568e+04	1.083579e+04	3.015406e+02	3.346325e-04	2020	8	11	6
	1063	1102	-30.515781	13.359356	1.008458e+05	1.759766e+01	5.893989e+03	5.809557e+03	1.092001e+04	1.085735e+04	3.009375e+02	2.647135e-04	2020	8	11	12
	1053	1107	-31.922029	13.828106	1.005248e+05	1.785759e+01	5.889443e+03	5.791385e+03	1.089937e+04	1.085168e+04	3.009618e+02	1.958728e-04	2020	8	11	18
	1039	1103	-33.890777	13.453106	1.003874e+05	2.079789e+01	5.900540e+03	5.791535e+03	1.091430e+04	1.085872e+04	3.010291e+02	2.261119e-04	2020	8	12	0
	1026	1106	-35.718900	13.734356	1.000969e+05	2.401443e+01	5.882400e+03	5.756537e+03	1.089008e+04	1.083095e+04	3.010153e+02	2.225604e-04	2020	8	12	6
	1012	1107	-37.687648	13.828106	9.987073e+04	2.955885e+01	5.900825e+03	5.772291e+03	1.090461e+04	1.086103e+04	3.008821e+02	1.370068e-04	2020	8	12	12
	1002	1109	-39.093897	14.015606	9.953916e+04	2.601777e+01	5.886428e+03	5.752776e+03	1.090684e+04	1.083033e+04	3.009073e+02	2.072240e-04	2020	8	12	18
	992	1112	-40.500145	14.296855	9.912025e+04	3.360958e+01	5.902373e+03	5.719144e+03	1.093288e+04	1.083998e+04	3.009903e+02	2.369735e-04	2020	8	13	0
	980	1112	-42.187644	14.296855	9.858219e+04	3.614764e+01	5.883176e+03	5.678996e+03	1.091857e+04	1.082324e+04	3.010495e+02	2.688906e-04	2020	8	13	6
	968	1114	-43.875142	14.484355	9.842692e+04	3.603060e+01	5.897419e+03	5.675624e+03	1.091564e+04	1.083044e+04	3.011501e+02	2.893767e-04	2020	8	13	12
	958	1115	-45.281390	14.578105	9.814964e+04	3.630957e+01	5.882892e+03	5.661214e+03	1.090647e+04	1.083154e+04	3.011790e+02	3.793505e-04	2020	8	13	18
	947	1119	-46.828264	14.953104	9.771855e+04	3.884007e+01	5.898385e+03	5.630740e+03	1.091982e+04	1.080892e+04	3.012665e+02	4.159177e-04	2020	8	14	0
	936	1124	-48.375137	15.421854	9.778862e+04	3.774426e+01	5.882023e+03	5.628123e+03	1.091755e+04	1.080192e+04	3.013677e+02	3.296409e-04	2020	8	14	6
	924	1130	-50.062635	15.984353	9.777645e+04	4.319842e+01	5.891801e+03	5.641524e+03	1.093788e+04	1.081239e+04	3.014774e+02	4.460761e-04	2020	8	14	12
	914	1138	-51.468884	16.734352	9.784759e+04	4.038108e+01	5.894394e+03	5.643963e+03	1.091588e+04	1.081446e+04	3.020103e+02	3.787702e-04	2020	8	14	18
	901	1145	-53.297007	17.390601	9.723581e+04	4.400993e+01	5.909928e+03	5.612603e+03	1.094031e+04	1.080892e+04	3.019314e+02	4.454889e-04	2020	8	15	0
	889	1151	-54.984505	17.953100	9.676604e+04	4.759659e+01	5.885034e+03	5.565443e+03	1.092490e+04	1.078549e+04	3.018117e+02	3.768067e-04	2020	8	15	6
	877	1160	-56.672004	18.796849	9.649466e+04	4.736022e+01	5.908948e+03	5.575767e+03	1.093860e+04	1.080474e+04	3.020421e+02	3.667733e-04	2020	8	15	12
	865	1168	-58.359502	19.546848	9.635258e+04	4.411575e+01	5.904197e+03	5.566156e+03	1.094264e+04	1.080150e+04	3.022250e+02	4.897512e-04	2020	8	15	18
	856	1178	-59.625125	20.484347	9.600529e+04	4.657394e+01	5.910216e+03	5.524438e+03	1.095439e+04	1.077781e+04	3.022377e+02	5.274570e-04	2020	8	16	0
	846	1189	-61.031374	21.515595	9.573078e+04	4.949483e+01	5.915200e+03	5.495762e+03	1.093267e+04	1.077454e+04	3.024441e+02	4.571457e-04	2020	8	16	6
	836	1200	-62.437623	22.546844	9.523225e+04	4.744753e+01	5.910346e+03	5.499336e+03	1.094523e+04	1.077767e+04	3.024886e+02	3.447283e-04	2020	8	16	12
	828	1213	-63.562621	23.765592	9.513620e+04	5.008789e+01	5.906940e+03	5.488658e+03	1.095640e+04	1.078302e+04	3.021170e+02	3.808815e-04	2020	8	16	18
	819	1224	-64.828245	24.796841	9.438116e+04	5.016526e+01	5.912087e+03	5.469009e+03	1.099026e+04	1.077223e+04	3.021982e+02	4.112001e-04	2020	8	17	0
	811	1234	-65.953244	25.734339	9.492484e+04	4.691827e+01	5.902631e+03	5.489428e+03	1.097071e+04	1.078323e+04	3.019883e+02	3.137576e-04	2020	8	17	6
	804	1241	-66.937618	26.390588	9.514213e+04	4.883863e+01	5.901849e+03	5.520621e+03	1.095185e+04	1.080271e+04	3.021602e+02	2.581272e-04	2020	8	17	12
	797	1250	-67.921992	27.234337	9.545950e+04	4.686732e+01	5.892661e+03	5.518138e+03	1.094841e+04	1.080724e+04	3.021506e+02	3.109619e-04	2020	8	17	18
	794	1259	-68.343866	28.078086	9.528998e+04	4.957547e+01	5.899176e+03	5.524462e+03	1.096027e+04	1.081629e+04	3.019085e+02	3.224608e-04	2020	8	18	0
	790	1267	-68.906366	28.828085	9.551741e+04	4.528976e+01	5.874983e+03	5.528393e+03	1.094352e+04	1.080980e+04	3.016457e+02	2.503955e-04	2020	8	18	6
	789	1278	-69.046991	29.859334	9.578826e+04	4.704250e+01	5.883810e+03	5.539669e+03	1.095055e+04	1.081707e+04	3.012089e+02	2.649618e-04	2020	8	18	12
	790	1289	-68.906366	30.890582	9.609241e+04	4.326654e+01	5.886831e+03	5.549475e+03	1.094245e+04	1.081513e+04	3.010613e+02	3.017658e-04	2020	8	18	18
	793	1304	-68.484491	32.296830	9.638959e+04	4.465659e+01	5.886089e+03	5.575587e+03	1.094156e+04	1.083595e+04	3.007274e+02	1.927451e-04	2020	8	19	0
	796	1319	-68.062617	33.703078	9.675487e+04	4.127628e+01	5.869564e+03	5.595981e+03	1.092654e+04	1.083936e+04	3.015163e+02	2.140196e-04	2020	8	19	6
	803	1334	-67.078243	35.109326	9.702267e+04	3.908090e+01	5.873594e+03	5.594549e+03	1.092378e+04	1.080853e+04	3.013159e+02	2.833424e-04	2020	8	19	12
	813	1346	-65.671994	36.234325	9.723739e+04	4.161207e+01	5.876678e+03	5.606455e+03	1.092941e+04	1.079317e+04	3.006513e+02	2.116739e-04	2020	8	19	18
	829	1364	-63.421996	37.921822	9.696299e+04	4.090000e+01	5.879925e+03	5.581695e+03	1.093939e+04	1.076276e+04	3.000146e+02	3.089486e-04	2020	8	20	0
	848	1378	-60.750124	39.234320	9.694729e+04	4.019228e+01	5.869901e+03	5.559830e+03	1.093595e+04	1.068205e+04	2.998475e+02	2.865987e-04	2020	8	20	6
	874	1398	-57.093878	41.109318	9.664763e+04	3.993567e+01	5.863733e+03	5.509542e+03	1.092138e+04	1.061061e+04	2.983238e+02	4.652941e-04	2020	8	20	12
	903	1420	-53.015757	43.171815	9.599445e+04	4.008381e+01	5.838368e+03	5.439821e+03	1.088306e+04	1.052434e+04	2.971263e+02	4.255810e-04	2020	8	20	18
	932	1438	-48.937637	44.859313	9.581916e+04	3.964750e+01	5.822243e+03	5.412876e+03	1.086428e+04	1.044831e+04	2.895484e+02	3.886824e-04	2020	8	21	0
	964	1455	-44.437641	46.453060	9.596194e+04	3.947605e+01	5.782612e+03	5.359041e+03	1.081189e+04	1.034570e+04	2.901802e+02	3.153099e-04	2020	8	21	6
	995	1475	-40.078271	48.328058	9.583516e+04	3.756939e+01	5.769210e+03	5.314191e+03	1.078409e+04	1.027279e+04	2.890534e+02	1.752326e-04	2020	8	21	12
	1026	1499	-35.718900	50.578055	9.586599e+04	3.696625e+01	5.742576e+03	5.260893e+03	1.075198e+04	1.022918e+04	2.878404e+02	1.402409e-04	2020	8	21	18
	1057	1530	-31.359530	53.484301	9.600562e+04	3.637551e+01	5.719149e+03	5.228088e+03	1.070091e+04	1.018701e+04	2.867433e+02	8.204081e-05	2020	8	22	0
	1077	1572	-28.547033	57.421795	9.560313e+04	3.563229e+01	5.631583e+03	5.176678e+03	1.058114e+04	1.014804e+04	2.875439e+02	1.139515e-04	2020	8	22	6
	1079	1607	-28.265783	60.703041	9.510930e+04	3.040672e+01	5.531399e+03	5.140382e+03	1.044625e+04	1.013239e+04	2.873775e+02	2.068237e-04	2020	8	22	12
	1071	1626	-29.390782	62.484288	9.473449e+04	2.723312e+01	5.433088e+03	5.119925e+03	1.031395e+04	1.012391e+04	2.869834e+02	2.079788e-04	2020	8	22	18
	1070	1634	-29.531407	63.234287	9.486902e+04	2.429865e+01	5.419623e+03	5.134050e+03	1.022509e+04	1.011758e+04	2.866343e+02	1.734351e-04	2020	8	23	0
	1070	1637	-29.531407	63.515537	9.509985e+04	2.858313e+01	5.404628e+03	5.147253e+03	1.018598e+04	1.010500e+04	2.864843e+02	1.475319e-04	2020	8	23	6
	1075	1640	-28.828283	63.796786	9.551328e+04	3.011620e+01	5.426433e+03	5.178591e+03	1.017693e+04	1.011125e+04	2.863664e+02	1.301538e-04	2020	8	23	12
	1082	1644	-27.843909	64.171786	9.587090e+04	2.901783e+01	5.461156e+03	5.204104e+03	1.020257e+04	1.010941e+04	2.868911e+02	9.957508e-05	2020	8	23	18
	1089	1646	-26.859535	64.359286	9.621641e+04	2.801341e+01	5.461733e+03	5.227015e+03	1.020753e+04	1.011433e+04	2.870283e+02	1.035220e-04	2020	8	24	0
	1098	1644	-25.593911	64.171786	9.652387e+04	2.901441e+01	5.453562e+03	5.244878e+03	1.019890e+04	1.010342e+04	2.870111e+02	1.057879e-04	2020	8	24	6
	1116	1640	-23.062664	63.796786	9.709474e+04	3.003288e+01	5.507504e+03	5.291178e+03	1.025839e+04	1.010701e+04	2.870080e+02	7.169407e-05	2020	8	24	12
	1144	1638	-19.125168	63.609287	9.772130e+04	2.966964e+01	5.547147e+03	5.337999e+03	1.032074e+04	1.010505e+04	2.870358e+02	5.136234e-05	2020	8	24	18
	1178	1637	-14.343923	63.515537	9.824773e+04	2.708122e+01	5.568705e+03	5.364810e+03	1.037969e+04	1.011189e+04	2.865544e+02	4.888868e-05	2020	8	25	0
	1217	1640	-8.859553	63.796786	9.851018e+04	2.436373e+01	5.575230e+03	5.372782e+03	1.039288e+04	1.010743e+04	2.863062e+02	4.321188e-05	2020	8	25	6
start	40	2020	8	13	6
	2384	1187	155.249651	21.328095	1.002919e+05	8.550031e+00	5.861396e+03	5.803222e+03	1.098055e+04	1.091403e+04	3.057690e+02	1.411556e-04	2020	8	13	6
	2374	1189	153.843402	21.515595	1.003581e+05	8.714032e+00	5.873037e+03	5.821733e+03	1.098119e+04	1.092145e+04	3.056505e+02	1.216836e-04	2020	8	13	12
	2370	1184	153.280903	21.046846	1.002241e+05	9.590055e+00	5.862381e+03	5.796945e+03	1.097576e+04	1.089743e+04	3.051381e+02	1.884395e-04	2020	8	13	18
	2370	1190	153.280903	21.609345	1.002327e+05	8.596204e+00	5.863083e+03	5.807178e+03	1.100596e+04	1.091371e+04	3.050617e+02	1.392239e-04	2020	8	14	0
	2372	1192	153.562152	21.796845	1.000547e+05	1.046021e+01	5.851127e+03	5.781200e+03	1.098827e+04	1.090079e+04	3.057354e+02	1.648739e-04	2020	8	14	6
	2368	1196	152.999653	22.171844	1.001892e+05	1.143637e+01	5.874839e+03	5.801438e+03	1.099735e+04	1.091304e+04	3.055392e+02	1.440577e-04	2020	8	14	12
	2353	1198	150.890280	22.359344	1.000014e+05	9.229894e+00	5.850994e+03	5.781374e+03	1.098323e+04	1.090073e+04	3.050133e+02	1.512749e-04	2020	8	14	18
	2351	1206	150.609030	23.109343	1.000635e+05	1.055773e+01	5.859837e+03	5.803378e+03	1.098308e+04	1.091488e+04	3.049466e+02	1.933402e-04	2020	8	15	0
	2348	1208	150.187156	23.296843	9.990189e+04	1.161877e+01	5.847797e+03	5.780006e+03	1.098776e+04	1.090891e+04	3.054981e+02	1.752339e-04	2020	8	15	6
	2340	1214	149.062157	23.859342	1.000134e+05	1.276933e+01	5.863395e+03	5.807866e+03	1.102628e+04	1.092456e+04	3.053336e+02	1.636476e-04	2020	8	15	12
	2329	1224	147.515284	24.796841	9.990316e+04	9.766571e+00	5.851834e+03	5.785179e+03	1.098932e+04	1.091237e+04	3.050102e+02	1.636417e-04	2020	8	15	18
	2320	1218	146.249660	24.234341	9.992899e+04	1.112157e+01	5.857534e+03	5.802071e+03	1.099341e+04	1.092683e+04	3.049437e+02	1.241469e-04	2020	8	16	0
	2322	1224	146.530910	24.796841	9.979158e+04	8.883836e+00	5.850095e+03	5.790062e+03	1.101117e+04	1.092654e+04	3.056280e+02	1.263764e-04	2020	8	16	6
	2310	1228	144.843411	25.171840	9.992684e+04	9.059915e+00	5.862719e+03	5.801632e+03	1.100718e+04	1.092534e+04	3.056736e+02	1.428958e-04	2020	8	16	12
	2312	1236	145.124661	25.921839	9.977593e+04	1.059247e+01	5.852352e+03	5.784194e+03	1.097631e+04	1.092742e+04	3.052331e+02	1.766882e-04	2020	8	16	18
	2309	1239	144.702787	26.203089	9.984392e+04	1.037832e+01	5.859618e+03	5.795483e+03	1.100978e+04	1.094267e+04	3.048427e+02	1.101572e-04	2020	8	17	0
	2316	1236	145.687161	25.921839	9.976423e+04	1.267763e+01	5.846252e+03	5.779277e+03	1.100891e+04	1.093215e+04	3.053405e+02	1.926612e-04	2020	8	17	6
	2308	1241	144.562162	26.390588	9.975710e+04	1.214725e+01	5.855515e+03	5.793710e+03	1.099612e+04	1.093741e+04	3.048016e+02	1.798062e-04	2020	8	17	12
	2305	1238	144.140287	26.109339	9.962475e+04	1.655009e+01	5.837488e+03	5.773727e+03	1.099093e+04	1.092780e+04	3.045279e+02	2.111428e-04	2020	8	17	18
	2308	1240	144.562162	26.296838	9.967101e+04	1.269603e+01	5.844716e+03	5.789675e+03	1.097784e+04	1.093174e+04	3.044370e+02	2.008886e-04	2020	8	18	0
	2291	1246	142.171539	26.859338	9.959523e+04	1.519173e+01	5.839232e+03	5.781259e+03	1.099383e+04	1.093174e+04	3.044392e+02	1.550094e-04	2020	8	18	6
	2294	1242	142.593414	26.484338	9.965135e+04	1.527623e+01	5.850850e+03	5.795924e+03	1.098532e+04	1.094208e+04	3.042716e+02	1.580175e-04	2020	8	18	12
	2291	1242	142.171539	26.484338	9.957120e+04	1.478481e+01	5.833162e+03	5.771705e+03	1.096192e+04	1.091580e+04	3.039683e+02	1.757428e-04	2020	8	18	18
	2288	1239	141.749665	26.203089	9.961516e+04	1.406547e+01	5.842777e+03	5.780809e+03	1.097379e+04	1.093363e+04	3.038937e+02	1.633448e-04	2020	8	19	0
	2291	1235	142.171539	25.828089	9.949620e+04	1.337809e+01	5.829358e+03	5.774467e+03	1.099813e+04	1.092776e+04	3.045070e+02	1.466495e-04	2020	8	19	6
	2291	1231	142.171539	25.453090	9.948117e+04	1.347124e+01	5.845981e+03	5.787539e+03	1.100033e+04	1.093368e+04	3.045261e+02	1.678978e-04	2020	8	19	12
	2306	1232	144.280912	25.546839	9.933612e+04	1.725611e+01	5.829427e+03	5.762785e+03	1.097843e+04	1.090264e+04	3.039204e+02	2.401493e-04	2020	8	19	18
	2311	1236	144.984036	25.921839	9.930213e+04	1.611291e+01	5.841536e+03	5.774763e+03	1.098882e+04	1.090043e+04	3.038647e+02	2.359784e-04	2020	8	20	0
	2326	1242	147.093409	26.484338	9.906510e+04	1.957813e+01	5.819708e+03	5.736616e+03	1.097730e+04	1.088413e+04	3.042452e+02	3.104277e-04	2020	8	20	6
	2332	1249	147.937158	27.140587	9.899341e+04	1.674968e+01	5.837681e+03	5.742966e+03	1.102004e+04	1.088993e+04	3.036088e+02	2.461319e-04	2020	8	20	12
	2337	1254	148.640283	27.609337	9.877684e+04	1.548073e+01	5.814378e+03	5.719814e+03	1.098473e+04	1.086547e+04	3.026938e+02	3.625028e-04	2020	8	20	18
	2369	1268	153.140278	28.921835	9.876384e+04	2.340928e+01	5.835698e+03	5.722585e+03	1.098693e+04	1.086439e+04	3.027093e+02	4.974425e-04	2020	8	21	0
	2369	1273	153.140278	29.390584	9.853698e+04	2.143725e+01	5.821464e+03	5.694640e+03	1.099108e+04	1.086463e+04	3.025344e+02	4.029414e-04	2020	8	21	6
	2389	1288	155.952775	30.796832	9.852016e+04	2.159779e+01	5.836213e+03	5.711469e+03	1.100167e+04	1.085726e+04	3.016233e+02	5.875764e-04	2020	8	21	12
	2411	1293	159.046522	31.265582	9.827960e+04	2.909205e+01	5.828324e+03	5.662967e+03	1.095350e+04	1.083915e+04	3.011619e+02	7.936222e-04	2020	8	21	18
	2420	1318	160.312145	33.609328	9.800536e+04	3.279259e+01	5.794492e+03	5.667908e+03	1.095338e+04	1.081314e+04	2.992746e+02	7.926394e-04	2020	8	22	0
	2407	1308	158.484022	32.671830	9.809143e+04	3.093788e+01	5.801320e+03	5.644091e+03	1.095955e+04	1.081349e+04	3.002991e+02	1.405784e-04	2020	8	22	6
	2421	1307	160.452770	32.578080	9.804943e+04	3.023946e+01	5.812810e+03	5.660253e+03	1.097316e+04	1.080545e+04	2.995839e+02	1.651062e-04	2020	8	22	12
	2437	1302	162.702768	32.109330	9.789098e+04	2.670540e+01	5.798628e+03	5.647478e+03	1.095653e+04	1.077673e+04	3.000612e+02	2.421705e-04	2020	8	22	18
	2452	1302	164.812141	32.109330	9.804182e+04	2.238697e+01	5.805311e+03	5.662281e+03	1.096716e+04	1.077084e+04	2.999647e+02	2.241098e-04	2020	8	23	0
start	38	2020	8	15	0
	1112	1109	-23.625163	14.015606	1.010759e+05	9.981532e+00	5.890627e+03	5.842592e+03	1.094527e+04	1.086890e+04	3.030251e+02	9.283616e-05	2020	8	15	0
	1109	1120	-24.047038	15.046854	1.008232e+05	1.272588e+01	5.876815e+03	5.820332e+03	1.092246e+04	1.084915e+04	3.026846e+02	1.626967e-04	2020	8	15	6
	1100	1118	-25.312661	14.859354	1.009998e+05	1.277441e+01	5.889031e+03	5.835287e+03	1.093664e+04	1.086878e+04	3.021609e+02	1.811875e-04	2020	8	15	12
	1097	1129	-25.734536	15.890603	1.008602e+05	1.415787e+01	5.887431e+03	5.811172e+03	1.093125e+04	1.086724e+04	3.025221e+02	1.331451e-04	2020	8	15	18
	1079	1141	-28.265783	17.015601	1.009607e+05	1.287047e+01	5.900131e+03	5.821923e+03	1.093591e+04	1.088171e+04	3.017171e+02	1.427573e-04	2020	8	16	0
	1064	1138	-30.375156	16.734352	1.006318e+05	1.422046e+01	5.875207e+03	5.790428e+03	1.092871e+04	1.085415e+04	3.012492e+02	2.402218e-04	2020	8	16	6
	1061	1138	-30.797030	16.734352	1.007821e+05	1.551132e+01	5.897899e+03	5.817982e+03	1.092832e+04	1.087537e+04	3.011936e+02	2.213890e-04	2020	8	16	12
	1050	1144	-32.343904	17.296851	1.006165e+05	1.615204e+01	5.893045e+03	5.803938e+03	1.098739e+04	1.086862e+04	3.009897e+02	1.070206e-04	2020	8	16	18
	1045	1149	-33.047028	17.765600	1.006217e+05	1.744034e+01	5.913322e+03	5.827307e+03	1.096762e+04	1.089162e+04	3.006481e+02	1.314966e-04	2020	8	17	0
	1033	1157	-34.734526	18.515599	1.005261e+05	1.876931e+01	5.894645e+03	5.810283e+03	1.098224e+04	1.086823e+04	3.004388e+02	2.035997e-04	2020	8	17	6
	1021	1166	-36.422025	19.359348	1.005976e+05	2.073748e+01	5.916146e+03	5.809975e+03	1.095556e+04	1.088982e+04	3.003169e+02	1.615699e-04	2020	8	17	12
	1008	1174	-38.250148	20.109347	1.004582e+05	1.991639e+01	5.911867e+03	5.815329e+03	1.094066e+04	1.088286e+04	3.003310e+02	1.124235e-04	2020	8	17	18
	994	1183	-40.218896	20.953096	1.005692e+05	2.082833e+01	5.926539e+03	5.827121e+03	1.095750e+04	1.089843e+04	3.001103e+02	1.772320e-04	2020	8	18	0
	980	1190	-42.187644	21.609345	1.004683e+05	2.076754e+01	5.911390e+03	5.808008e+03	1.095738e+04	1.087693e+04	3.002617e+02	1.642637e-04	2020	8	18	6
	964	1199	-44.437641	22.453094	1.005499e+05	2.181177e+01	5.929650e+03	5.830726e+03	1.095524e+04	1.090400e+04	3.002268e+02	1.131534e-04	2020	8	18	12
	949	1203	-46.547014	22.828093	1.005462e+05	2.113040e+01	5.922521e+03	5.837435e+03	1.095974e+04	1.089927e+04	2.999335e+02	8.318404e-05	2020	8	18	18
	942	1205	-47.531388	23.015593	1.005126e+05	2.041791e+01	5.931873e+03	5.835289e+03	1.096632e+04	1.090381e+04	3.002588e+02	1.191757e-04	2020	8	19	0
	931	1220	-49.078261	24.421841	1.005718e+05	2.475637e+01	5.917423e+03	5.841076e+03	1.097026e+04	1.089519e+04	3.002677e+02	1.752208e-04	2020	8	19	6
	918	1225	-50.906385	24.890590	1.005877e+05	2.312982e+01	5.925432e+03	5.862010e+03	1.097179e+04	1.090142e+04	3.004274e+02	1.075017e-04	2020	8	19	12
	907	1236	-52.453258	25.921839	1.007725e+05	2.089523e+01	5.923998e+03	5.857333e+03	1.095983e+04	1.089737e+04	3.006592e+02	6.657684e-05	2020	8	19	18
	899	1240	-53.578257	26.296838	1.007978e+05	2.543330e+01	5.930324e+03	5.850281e+03	1.097221e+04	1.090147e+04	3.008117e+02	1.610989e-04	2020	8	20	0
	903	1240	-53.015757	26.296838	1.006737e+05	3.343231e+01	5.913151e+03	5.822667e+03	1.096121e+04	1.087190e+04	3.006247e+02	2.036017e-04	2020	8	20	6
	891	1254	-54.703256	27.609337	1.008520e+05	2.598676e+01	5.918372e+03	5.815968e+03	1.096382e+04	1.087806e+04	3.007101e+02	1.600504e-04	2020	8	20	12
	892	1264	-54.562631	28.546835	1.008995e+05	2.558430e+01	5.913244e+03	5.839644e+03	1.095508e+04	1.086642e+04	3.010204e+02	1.122977e-04	2020	8	20	18
	894	1273	-54.281381	29.390584	1.008901e+05	1.990857e+01	5.921232e+03	5.858000e+03	1.095760e+04	1.088139e+04	3.008806e+02	8.566790e-05	2020	8	21	0
	900	1273	-53.437632	29.390584	1.008085e+05	2.389011e+01	5.904141e+03	5.836609e+03	1.093394e+04	1.083966e+04	3.005276e+02	1.134912e-04	2020	8	21	6
	902	1281	-53.156382	30.140583	1.006721e+05	2.546952e+01	5.907971e+03	5.833384e+03	1.093423e+04	1.084654e+04	2.999255e+02	9.530423e-05	2020	8	21	12
	906	1296	-52.593883	31.546831	1.006826e+05	2.253505e+01	5.904539e+03	5.827218e+03	1.092782e+04	1.085297e+04	3.003825e+02	9.583124e-05	2020	8	21	18
	911	1301	-51.890758	32.015581	1.006795e+05	2.393885e+01	5.914333e+03	5.839112e+03	1.092916e+04	1.084737e+04	3.000194e+02	6.352830e-05	2020	8	22	0
	915	1318	-51.328259	33.609328	1.006173e+05	2.255965e+01	5.897941e+03	5.803357e+03	1.089552e+04	1.076598e+04	2.998433e+02	1.323769e-04	2020	8	22	6
	920	1335	-50.625135	35.203076	1.005737e+05	2.339049e+01	5.903896e+03	5.793361e+03	1.089637e+04	1.072041e+04	2.993544e+02	2.130610e-04	2020	8	22	12
	929	1359	-49.359511	37.453073	1.004075e+05	2.479025e+01	5.898237e+03	5.739804e+03	1.089036e+04	1.066728e+04	2.988110e+02	2.641598e-04	2020	8	22	18
	941	1378	-47.672013	39.234320	1.005711e+05	2.541854e+01	5.909958e+03	5.744164e+03	1.089626e+04	1.064848e+04	2.983742e+02	3.345567e-04	2020	8	23	0
	959	1408	-45.140766	42.046817	1.007816e+05	2.948180e+01	5.897769e+03	5.706729e+03	1.087924e+04	1.055055e+04	2.966721e+02	3.096984e-04	2020	8	23	6
	975	1426	-42.890768	43.734314	1.007340e+05	2.861216e+01	5.905793e+03	5.687166e+03	1.088634e+04	1.052536e+04	2.947592e+02	2.626601e-04	2020	8	23	12
	994	1446	-40.218896	45.609312	1.004686e+05	2.744992e+01	5.904688e+03	5.667098e+03	1.088746e+04	1.052029e+04	2.919991e+02	1.765104e-04	2020	8	23	18
	1013	1466	-37.547023	47.484309	1.003051e+05	2.568583e+01	5.899641e+03	5.643229e+03	1.087094e+04	1.049821e+04	2.904809e+02	6.739052e-05	2020	8	24	0
	1037	1476	-34.172027	48.421808	1.004055e+05	2.324564e+01	5.888320e+03	5.626412e+03	1.085131e+04	1.048339e+04	2.901339e+02	2.799190e-05	2020	8	24	6
start	12	2020	8	15	6
	2514	1185	173.530882	21.140596	1.006464e+05	1.376588e+01	5.881524e+03	5.825387e+03	1.096589e+04	1.088794e+04	3.049816e+02	1.402874e-04	2020	8	15	6
	2510	1195	172.968382	22.078094	1.009077e+05	1.551444e+01	5.892960e+03	5.835388e+03	1.097418e+04	1.089630e+04	3.045638e+02	1.692904e-04	2020	8	15	12
	2509	1215	172.827757	23.953092	1.006940e+05	1.941723e+01	5.891939e+03	5.820437e+03	1.096123e+04	1.088948e+04	3.040218e+02	2.365069e-04	2020	8	15	18
	2506	1229	172.405883	25.265590	1.008009e+05	1.602709e+01	5.896352e+03	5.831175e+03	1.101196e+04	1.090906e+04	3.042085e+02	1.293382e-04	2020	8	16	0
	2500	1242	171.562134	26.484338	1.006312e+05	1.555121e+01	5.883735e+03	5.834811e+03	1.094999e+04	1.090194e+04	3.044455e+02	9.859220e-05	2020	8	16	6
	2501	1254	171.702758	27.609337	1.006700e+05	1.790540e+01	5.887564e+03	5.821442e+03	1.097182e+04	1.088007e+04	3.033979e+02	1.413434e-04	2020	8	16	12
	2501	1261	171.702758	28.265586	1.003795e+05	1.578613e+01	5.873533e+03	5.818854e+03	1.096078e+04	1.084400e+04	3.025264e+02	1.707452e-04	2020	8	16	18
	2504	1273	172.124633	29.390584	1.003883e+05	1.722044e+01	5.873763e+03	5.792162e+03	1.093929e+04	1.081943e+04	3.023867e+02	1.378427e-04	2020	8	17	0
	2512	1281	173.249632	30.140583	1.001514e+05	1.927006e+01	5.860082e+03	5.761055e+03	1.092904e+04	1.077637e+04	3.021907e+02	2.087714e-04	2020	8	17	6
	2522	1297	174.655880	31.640581	9.997898e+04	1.958157e+01	5.863659e+03	5.721112e+03	1.093912e+04	1.069457e+04	3.015336e+02	2.995214e-04	2020	8	17	12
	2535	1306	176.484004	32.484330	9.998551e+04	2.259855e+01	5.860676e+03	5.701553e+03	1.094798e+04	1.064995e+04	3.006485e+02	3.926491e-04	2020	8	17	18
	2551	1334	178.734001	35.109326	1.000853e+05	2.381122e+01	5.867676e+03	5.693858e+03	1.095311e+04	1.059607e+04	2.993832e+02	3.524740e-04	2020	8	18	0
start	11	2020	8	16	18
	84	584	-168.187512	-35.203076	9.914758e+04	2.203625e+01	5.581938e+03	5.422211e+03	1.035346e+04	1.018702e+04	2.891349e+02	1.044099e-04	2020	8	16	18
	101	579	-165.796890	-35.671825	9.928242e+04	2.059721e+01	5.581575e+03	5.414388e+03	1.033999e+04	1.016858e+04	2.887081e+02	6.664292e-05	2020	8	17	0
	112	566	-164.250016	-36.890574	9.905709e+04	1.868605e+01	5.572220e+03	5.413568e+03	1.031018e+04	1.016409e+04	2.883571e+02	4.958567e-05	2020	8	17	6
	122	557	-162.843768	-37.734323	9.931906e+04	1.572793e+01	5.570735e+03	5.416806e+03	1.029808e+04	1.015470e+04	2.871005e+02	3.775676e-05	2020	8	17	12
	136	561	-160.875020	-37.359323	9.955655e+04	1.894159e+01	5.608080e+03	5.431752e+03	1.033400e+04	1.014999e+04	2.874233e+02	4.626096e-05	2020	8	17	18
	160	552	-157.500023	-38.203072	9.990965e+04	1.948166e+01	5.611328e+03	5.445408e+03	1.034452e+04	1.015885e+04	2.880489e+02	2.045939e-05	2020	8	18	0
	178	545	-154.968776	-38.859321	1.001273e+05	1.714555e+01	5.615429e+03	5.483320e+03	1.034623e+04	1.016519e+04	2.868081e+02	2.186466e-05	2020	8	18	6
	191	548	-153.140653	-38.578071	1.005816e+05	1.456936e+01	5.617371e+03	5.506764e+03	1.034683e+04	1.018613e+04	2.871723e+02	1.493933e-05	2020	8	18	12
	199	563	-152.015654	-37.171823	1.009167e+05	1.587916e+01	5.643622e+03	5.527876e+03	1.037986e+04	1.024652e+04	2.883033e+02	1.794820e-05	2020	8	18	18
	209	577	-150.609406	-35.859325	1.011512e+05	1.641672e+01	5.649626e+03	5.538974e+03	1.041622e+04	1.025759e+04	2.888287e+02	1.311335e-05	2020	8	19	0
	219	589	-149.203157	-34.734327	1.012702e+05	1.373362e+01	5.662915e+03	5.558015e+03	1.044635e+04	1.027646e+04	2.899876e+02	3.347297e-05	2020	8	19	6
start	64	2020	8	17	0
	549	1104	-102.796955	13.546856	1.006898e+05	1.290066e+01	5.874616e+03	5.810816e+03	1.094914e+04	1.086828e+04	3.044041e+02	2.402380e-04	2020	8	17	0
	547	1107	-103.078205	13.828106	1.008759e+05	1.215187e+01	5.882489e+03	5.837366e+03	1.095602e+04	1.089142e+04	3.042698e+02	1.697728e-04	2020	8	17	6
	546	1109	-103.218830	14.015606	1.005841e+05	1.337054e+01	5.872102e+03	5.814532e+03	1.095406e+04	1.086755e+04	3.041389e+02	2.504128e-04	2020	8	17	12
	546	1116	-103.218830	14.671855	1.008108e+05	1.307357e+01	5.888813e+03	5.838518e+03	1.095142e+04	1.089932e+04	3.043137e+02	2.062284e-04	2020	8	17	18
	540	1124	-104.062579	15.421854	1.004857e+05	1.381972e+01	5.876672e+03	5.811133e+03	1.094052e+04	1.087760e+04	3.042515e+02	2.541200e-04	2020	8	18	0
	528	1123	-105.750077	15.328104	1.006526e+05	1.404516e+01	5.887941e+03	5.835479e+03	1.097497e+04	1.090136e+04	3.038886e+02	1.765328e-04	2020	8	18	6
	515	1129	-107.578200	15.890603	1.002342e+05	1.758984e+01	5.878697e+03	5.811380e+03	1.095664e+04	1.087841e+04	3.035731e+02	3.156244e-04	2020	8	18	12
	519	1132	-107.015701	16.171853	1.003963e+05	2.004290e+01	5.884283e+03	5.816019e+03	1.096488e+04	1.090412e+04	3.040505e+02	1.879728e-04	2020	8	18	18
	513	1139	-107.859450	16.828102	1.000942e+05	1.694797e+01	5.873191e+03	5.807852e+03	1.096578e+04	1.088100e+04	3.041138e+02	2.524922e-04	2020	8	19	0
	508	1143	-108.562574	17.203101	1.002559e+05	1.606832e+01	5.886023e+03	5.817180e+03	1.098496e+04	1.090389e+04	3.039284e+02	1.577722e-04	2020	8	19	6
	497	1139	-110.109448	16.828102	9.983373e+04	2.135722e+01	5.860389e+03	5.756482e+03	1.094469e+04	1.087653e+04	3.033761e+02	3.107774e-04	2020	8	19	12
	495	1144	-110.390698	17.296851	1.000025e+05	2.148364e+01	5.878134e+03	5.798702e+03	1.096395e+04	1.090080e+04	3.035212e+02	2.315874e-04	2020	8	19	18
	489	1151	-111.234447	17.953100	9.975030e+04	1.813827e+01	5.864835e+03	5.798812e+03	1.096964e+04	1.088057e+04	3.037058e+02	1.836885e-04	2020	8	20	0
	482	1154	-112.218821	18.234350	9.990200e+04	1.709639e+01	5.885133e+03	5.811064e+03	1.099175e+04	1.089968e+04	3.038614e+02	1.559975e-04	2020	8	20	6
	475	1153	-113.203195	18.140600	9.966996e+04	2.079182e+01	5.861015e+03	5.769242e+03	1.095783e+04	1.088830e+04	3.037318e+02	2.918135e-04	2020	8	20	12
	476	1158	-113.062570	18.609349	9.970903e+04	2.167348e+01	5.878828e+03	5.794565e+03	1.100135e+04	1.091586e+04	3.039141e+02	2.235376e-04	2020	8	20	18
	472	1165	-113.625069	19.265598	9.951940e+04	2.052803e+01	5.867983e+03	5.780458e+03	1.098962e+04	1.090897e+04	3.041379e+02	1.826608e-04	2020	8	21	0
	468	1167	-114.187569	19.453098	9.963312e+04	2.038780e+01	5.880312e+03	5.775173e+03	1.101283e+04	1.090259e+04	3.039279e+02	1.782313e-04	2020	8	21	6
	466	1168	-114.468818	19.546848	9.913880e+04	2.528201e+01	5.858955e+03	5.771658e+03	1.097121e+04	1.087648e+04	3.037638e+02	2.220390e-04	2020	8	21	12
	468	1177	-114.187569	20.390597	9.949926e+04	2.292889e+01	5.879573e+03	5.763806e+03	1.096526e+04	1.089871e+04	3.036439e+02	1.544874e-04	2020	8	21	18
	466	1178	-114.468818	20.484347	9.906588e+04	2.605715e+01	5.861734e+03	5.756819e+03	1.094953e+04	1.088551e+04	3.036340e+02	1.280183e-04	2020	8	22	0
	460	1178	-115.312567	20.484347	9.901081e+04	3.259828e+01	5.876387e+03	5.769394e+03	1.101569e+04	1.091465e+04	3.033271e+02	1.434352e-04	2020	8	22	6
	461	1186	-115.171943	21.234345	9.882445e+04	2.483141e+01	5.863424e+03	5.762939e+03	1.096820e+04	1.089545e+04	3.032888e+02	1.753874e-04	2020	8	22	12
	458	1187	-115.593817	21.328095	9.915305e+04	2.549963e+01	5.880600e+03	5.789946e+03	1.097148e+04	1.092047e+04	3.030945e+02	9.368851e-05	2020	8	22	18
	456	1190	-115.875067	21.609345	9.914123e+04	2.675542e+01	5.872462e+03	5.786776e+03	1.097545e+04	1.090350e+04	3.028163e+02	1.011842e-04	2020	8	23	0
	452	1194	-116.437566	21.984344	9.948292e+04	2.116608e+01	5.887717e+03	5.818286e+03	1.098850e+04	1.093826e+04	3.024517e+02	2.578130e-05	2020	8	23	6
	451	1194	-116.578191	21.984344	9.927473e+04	2.575715e+01	5.866050e+03	5.794163e+03	1.096619e+04	1.090165e+04	3.020597e+02	8.328480e-05	2020	8	23	12
	443	1194	-117.703190	21.984344	9.943831e+04	2.488661e+01	5.890418e+03	5.803140e+03	1.100395e+04	1.092392e+04	3.016157e+02	1.127962e-04	2020	8	23	18
	439	1196	-118.265689	22.171844	9.942588e+04	2.584241e+01	5.881148e+03	5.794554e+03	1.096427e+04	1.090421e+04	3.017427e+02	5.423486e-05	2020	8	24	0
	431	1197	-119.390688	22.265594	9.967669e+04	1.990562e+01	5.888784e+03	5.823350e+03	1.096592e+04	1.093272e+04	3.014850e+02	2.495229e-05	2020	8	24	6
	425	1196	-120.234437	22.171844	9.962742e+04	2.041821e+01	5.874386e+03	5.774129e+03	1.097803e+04	1.089397e+04	3.014361e+02	8.598858e-05	2020	8	24	12
	419	1194	-121.078186	21.984344	9.964152e+04	2.315020e+01	5.886802e+03	5.789497e+03	1.099575e+04	1.091124e+04	3.013833e+02	8.644682e-05	2020	8	24	18
	408	1194	-122.625060	21.984344	9.955927e+04	2.172176e+01	5.871599e+03	5.753064e+03	1.094165e+04	1.088287e+04	3.013530e+02	5.760297e-05	2020	8	25	0
	403	1191	-123.328184	21.703095	9.968916e+04	2.103070e+01	5.884587e+03	5.794339e+03	1.095811e+04	1.091051e+04	3.014333e+02	6.610869e-05	2020	8	25	6
	396	1188	-124.312558	21.421845	9.959284e+04	2.351175e+01	5.866804e+03	5.772386e+03	1.097931e+04	1.088371e+04	3.013363e+02	7.852325e-05	2020	8	25	12
	390	1187	-125.156307	21.328095	9.978763e+04	2.086704e+01	5.881879e+03	5.809748e+03	1.095412e+04	1.090208e+04	3.012761e+02	4.598906e-05	2020	8	25	18
	383	1190	-126.140681	21.609345	9.980984e+04	1.974793e+01	5.875421e+03	5.794146e+03	1.094230e+04	1.089274e+04	3.008030e+02	3.916713e-05	2020	8	26	0
	374	1187	-127.406305	21.328095	9.991388e+04	1.929324e+01	5.888574e+03	5.820706e+03	1.096323e+04	1.090726e+04	3.005635e+02	5.680189e-05	2020	8	26	6
	366	1188	-128.531304	21.421845	9.996509e+04	1.858774e+01	5.872032e+03	5.815331e+03	1.093266e+04	1.087832e+04	3.001466e+02	1.861000e-05	2020	8	26	12
	356	1187	-129.937552	21.328095	1.001456e+05	1.742024e+01	5.892450e+03	5.831817e+03	1.094983e+04	1.090001e+04	3.007770e+02	3.155619e-05	2020	8	26	18
	347	1186	-131.203176	21.234345	1.000786e+05	1.674374e+01	5.882570e+03	5.813074e+03	1.094110e+04	1.089329e+04	3.010987e+02	6.704030e-05	2020	8	27	0
	336	1182	-132.750049	20.859346	1.002144e+05	1.752880e+01	5.893273e+03	5.815186e+03	1.097061e+04	1.090335e+04	3.007250e+02	6.534378e-05	2020	8	27	6
	330	1185	-133.593798	21.140596	1.001831e+05	1.961687e+01	5.882596e+03	5.820730e+03	1.093865e+04	1.088909e+04	3.005268e+02	6.815213e-05	2020	8	27	12
	318	1181	-135.281297	20.765596	1.003317e+05	1.929849e+01	5.894444e+03	5.837157e+03	1.095368e+04	1.090120e+04	3.003352e+02	4.589261e-05	2020	8	27	18
	311	1180	-136.265671	20.671846	1.003372e+05	1.889706e+01	5.886166e+03	5.814199e+03	1.094655e+04	1.089291e+04	3.003032e+02	4.483552e-05	2020	8	28	0
	301	1177	-137.671919	20.390597	1.004219e+05	1.795881e+01	5.899396e+03	5.838302e+03	1.096630e+04	1.091384e+04	3.001107e+02	4.063494e-05	2020	8	28	6
	296	1172	-138.375043	19.921847	1.004193e+05	1.722166e+01	5.881392e+03	5.825043e+03	1.093873e+04	1.089864e+04	3.004343e+02	5.557997e-05	2020	8	28	12
	284	1174	-140.062542	20.109347	1.005629e+05	2.045360e+01	5.893936e+03	5.832247e+03	1.094895e+04	1.091420e+04	3.001956e+02	6.021279e-05	2020	8	28	18
	275	1174	-141.328165	20.109347	1.005094e+05	2.149925e+01	5.889208e+03	5.824393e+03	1.094021e+04	1.090307e+04	3.005577e+02	5.675008e-05	2020	8	29	0
	264	1172	-142.875039	19.921847	1.005374e+05	2.298033e+01	5.902527e+03	5.837641e+03	1.096733e+04	1.091912e+04	3.005937e+02	7.037391e-05	2020	8	29	6
	253	1172	-144.421912	19.921847	1.004509e+05	2.143679e+01	5.885965e+03	5.820378e+03	1.092775e+04	1.089670e+04	3.005613e+02	7.832313e-05	2020	8	29	12
	243	1169	-145.828161	19.640598	1.005113e+05	2.018358e+01	5.895007e+03	5.842970e+03	1.096691e+04	1.091155e+04	3.009000e+02	8.252156e-05	2020	8	29	18
	234	1166	-147.093784	19.359348	1.005471e+05	1.876614e+01	5.889502e+03	5.840664e+03	1.094494e+04	1.090109e+04	3.013563e+02	5.055072e-05	2020	8	30	0
	223	1167	-148.640658	19.453098	1.003789e+05	2.261560e+01	5.901977e+03	5.836065e+03	1.095502e+04	1.091834e+04	3.016242e+02	8.660215e-05	2020	8	30	6
	212	1166	-150.187531	19.359348	1.003802e+05	2.554962e+01	5.883898e+03	5.832027e+03	1.092064e+04	1.089444e+04	3.012933e+02	1.206271e-04	2020	8	30	12
	202	1162	-151.593780	18.984349	1.003661e+05	2.318296e+01	5.889922e+03	5.836821e+03	1.094405e+04	1.089369e+04	3.016451e+02	1.394190e-04	2020	8	30	18
	190	1162	-153.281278	18.984349	1.004598e+05	2.209433e+01	5.884987e+03	5.818757e+03	1.099953e+04	1.088686e+04	3.019051e+02	6.860212e-05	2020	8	31	0
	181	1156	-154.546902	18.421849	1.003590e+05	2.077520e+01	5.888370e+03	5.838583e+03	1.097997e+04	1.089173e+04	3.032077e+02	1.191547e-04	2020	8	31	6
	173	1156	-155.671900	18.421849	1.005834e+05	2.033951e+01	5.877729e+03	5.832854e+03	1.092596e+04	1.088346e+04	3.028742e+02	2.106391e-04	2020	8	31	12
	169	1156	-156.234400	18.421849	1.005659e+05	2.299044e+01	5.887118e+03	5.828201e+03	1.095889e+04	1.089241e+04	3.025123e+02	2.213926e-04	2020	8	31	18
	162	1160	-157.218774	18.796849	1.007710e+05	2.410473e+01	5.883966e+03	5.828019e+03	1.093872e+04	1.088847e+04	3.026297e+02	1.129732e-04	2020	9	1	0
	149	1166	-159.046897	19.359348	1.007415e+05	2.131321e+01	5.901110e+03	5.835868e+03	1.094823e+04	1.087454e+04	3.029382e+02	1.340372e-04	2020	9	1	6
	136	1169	-160.875020	19.640598	1.008896e+05	1.728809e+01	5.884188e+03	5.833911e+03	1.094940e+04	1.088440e+04	3.028505e+02	1.473049e-04	2020	9	1	12
	124	1174	-162.562518	20.109347	1.007695e+05	1.836497e+01	5.893271e+03	5.835714e+03	1.094929e+04	1.088949e+04	3.026493e+02	1.973216e-04	2020	9	1	18
start	27	2020	8	17	6
	714	1187	-79.593855	21.328095	1.009333e+05	1.058542e+01	5.901593e+03	5.850180e+03	1.097575e+04	1.091523e+04	3.048402e+02	1.111905e-04	2020	8	17	6
	708	1185	-80.437604	21.140596	1.008172e+05	1.207882e+01	5.894335e+03	5.844614e+03	1.096268e+04	1.090757e+04	3.045138e+02	1.590247e-04	2020	8	17	12
	696	1189	-82.125102	21.515595	1.009014e+05	9.735516e+00	5.899433e+03	5.850052e+03	1.097436e+04	1.090915e+04	3.064022e+02	1.184264e-04	2020	8	17	18
	703	1194	-81.140728	21.984344	1.007060e+05	9.290730e+00	5.885096e+03	5.840484e+03	1.100573e+04	1.089936e+04	3.053476e+02	1.626473e-04	2020	8	18	0
	694	1195	-82.406352	22.078094	1.008055e+05	9.741686e+00	5.887097e+03	5.844242e+03	1.096927e+04	1.089059e+04	3.048617e+02	1.120198e-04	2020	8	18	6
	691	1196	-82.828226	22.171844	1.006445e+05	1.063029e+01	5.873030e+03	5.832659e+03	1.099697e+04	1.086645e+04	3.044559e+02	1.638452e-04	2020	8	18	12
	692	1197	-82.687601	22.265594	1.007963e+05	1.116436e+01	5.886060e+03	5.835062e+03	1.103473e+04	1.087930e+04	3.063128e+02	1.831194e-04	2020	8	18	18
	685	1197	-83.671975	22.265594	1.005849e+05	1.065572e+01	5.881421e+03	5.829160e+03	1.095313e+04	1.088647e+04	3.049179e+02	2.187898e-04	2020	8	19	0
	685	1209	-83.671975	23.390592	1.007105e+05	1.432280e+01	5.888553e+03	5.821235e+03	1.096874e+04	1.088258e+04	3.045338e+02	1.081735e-04	2020	8	19	6
	676	1210	-84.937599	23.484342	1.005578e+05	1.881994e+01	5.890353e+03	5.822018e+03	1.099782e+04	1.086958e+04	3.041871e+02	1.908162e-04	2020	8	19	12
	674	1209	-85.218849	23.390592	1.007406e+05	1.503254e+01	5.895955e+03	5.819964e+03	1.096758e+04	1.088567e+04	3.040957e+02	1.676882e-04	2020	8	19	18
	662	1205	-86.906347	23.015593	1.005380e+05	1.592795e+01	5.887726e+03	5.816838e+03	1.099019e+04	1.088569e+04	3.046917e+02	1.417894e-04	2020	8	20	0
	663	1208	-86.765722	23.296843	1.006376e+05	1.363249e+01	5.891114e+03	5.821126e+03	1.098561e+04	1.089313e+04	3.039922e+02	1.363820e-04	2020	8	20	6
	653	1209	-88.171971	23.390592	1.005364e+05	1.690826e+01	5.891350e+03	5.822604e+03	1.093825e+04	1.087458e+04	3.038167e+02	2.329318e-04	2020	8	20	12
	645	1212	-89.296970	23.671842	1.006209e+05	1.489249e+01	5.891235e+03	5.823710e+03	1.095564e+04	1.089225e+04	3.038454e+02	1.567763e-04	2020	8	20	18
	636	1219	-90.562593	24.328091	1.003688e+05	1.880433e+01	5.892437e+03	5.814369e+03	1.096245e+04	1.089176e+04	3.040730e+02	1.793421e-04	2020	8	21	0
	626	1212	-91.968842	23.671842	1.003701e+05	1.950896e+01	5.885971e+03	5.822575e+03	1.099839e+04	1.088670e+04	3.039183e+02	1.527523e-04	2020	8	21	6
	624	1225	-92.250091	24.890590	1.001648e+05	2.061236e+01	5.886078e+03	5.797333e+03	1.097350e+04	1.087008e+04	3.036161e+02	3.068903e-04	2020	8	21	12
	614	1235	-93.656340	25.828089	1.002193e+05	2.044910e+01	5.899030e+03	5.807617e+03	1.098163e+04	1.089445e+04	3.035859e+02	1.653797e-04	2020	8	21	18
	606	1242	-94.781339	26.484338	9.993668e+04	2.267958e+01	5.893438e+03	5.793271e+03	1.098600e+04	1.089221e+04	3.038495e+02	2.152532e-04	2020	8	22	0
	596	1246	-96.187587	26.859338	9.998370e+04	2.010377e+01	5.912268e+03	5.819527e+03	1.101076e+04	1.090073e+04	3.035194e+02	1.395891e-04	2020	8	22	6
	592	1261	-96.750087	28.265586	9.983620e+04	2.338717e+01	5.911856e+03	5.801146e+03	1.101281e+04	1.090035e+04	3.033215e+02	2.521177e-04	2020	8	22	12
	585	1276	-97.734461	29.671834	1.001673e+05	1.374566e+01	5.918953e+03	5.830497e+03	1.100330e+04	1.092471e+04	3.094344e+02	1.629938e-04	2020	8	22	18
	581	1291	-98.296960	31.078082	1.003061e+05	1.307950e+01	5.920159e+03	5.807790e+03	1.100907e+04	1.089321e+04	3.054757e+02	1.591342e-04	2020	8	23	0
	579	1301	-98.578210	32.015581	1.006212e+05	1.441369e+01	5.929355e+03	5.843715e+03	1.102810e+04	1.087732e+04	2.993657e+02	1.415451e-04	2020	8	23	6
	582	1321	-98.156335	33.890578	1.007482e+05	1.141551e+01	5.920648e+03	5.826139e+03	1.100309e+04	1.080539e+04	2.986106e+02	1.744395e-04	2020	8	23	12
	586	1335	-97.593836	35.203076	1.010793e+05	8.711356e+00	5.931046e+03	5.816125e+03	1.101085e+04	1.078847e+04	3.066939e+02	1.419559e-04	2020	8	23	18
start	16	2020	8	18	12
	239	1091	-146.390660	12.328108	1.009852e+05	1.393952e+01	5.861815e+03	5.827476e+03	1.092477e+04	1.088859e+04	3.018585e+02	1.680829e-04	2020	8	18	12
	239	1096	-146.390660	12.796857	1.009103e+05	1.529079e+01	5.878761e+03	5.846289e+03	1.096156e+04	1.089952e+04	3.018389e+02	1.993349e-04	2020	8	18	18
	233	1096	-147.234409	12.796857	1.008415e+05	1.539463e+01	5.863339e+03	5.824857e+03	1.093065e+04	1.088491e+04	3.019787e+02	1.727227e-04	2020	8	19	0
	230	1098	-147.656284	12.984357	1.008354e+05	1.468625e+01	5.874741e+03	5.840160e+03	1.094635e+04	1.090073e+04	3.019308e+02	1.481699e-04	2020	8	19	6
	225	1100	-148.359408	13.171857	1.008510e+05	1.452086e+01	5.863110e+03	5.831823e+03	1.091648e+04	1.087579e+04	3.017285e+02	1.790036e-04	2020	8	19	12
	220	1099	-149.062532	13.078107	1.007221e+05	1.652393e+01	5.875917e+03	5.843957e+03	1.094617e+04	1.089023e+04	3.015358e+02	2.126687e-04	2020	8	19	18
	210	1100	-150.468781	13.171857	1.007036e+05	1.793483e+01	5.863143e+03	5.821606e+03	1.093706e+04	1.088286e+04	3.019237e+02	1.492294e-04	2020	8	20	0
	205	1101	-151.171905	13.265607	1.008261e+05	1.682418e+01	5.873613e+03	5.840886e+03	1.092776e+04	1.090024e+04	3.020143e+02	1.195713e-04	2020	8	20	6
	197	1099	-152.296904	13.078107	1.008957e+05	1.399233e+01	5.863968e+03	5.825314e+03	1.091363e+04	1.088219e+04	3.020824e+02	1.049931e-04	2020	8	20	12
	196	1097	-152.437529	12.890607	1.008720e+05	1.507559e+01	5.891370e+03	5.843231e+03	1.092392e+04	1.090076e+04	3.017157e+02	1.453510e-04	2020	8	20	18
	192	1096	-153.000028	12.796857	1.009287e+05	1.270051e+01	5.869112e+03	5.836447e+03	1.092609e+04	1.089429e+04	3.021909e+02	1.135686e-04	2020	8	21	0
	186	1099	-153.843777	13.078107	1.007874e+05	1.509553e+01	5.879962e+03	5.841348e+03	1.095265e+04	1.091176e+04	3.022676e+02	1.088219e-04	2020	8	21	6
	179	1102	-154.828151	13.359356	1.008595e+05	1.508151e+01	5.872374e+03	5.831160e+03	1.094030e+04	1.090056e+04	3.021098e+02	1.418493e-04	2020	8	21	12
	175	1103	-155.390651	13.453106	1.007761e+05	1.551151e+01	5.880763e+03	5.830963e+03	1.093487e+04	1.090017e+04	3.019792e+02	1.198740e-04	2020	8	21	18
	170	1105	-156.093775	13.640606	1.008647e+05	1.559320e+01	5.874307e+03	5.824472e+03	1.094997e+04	1.089360e+04	3.022218e+02	9.640721e-05	2020	8	22	0
	165	1104	-156.796899	13.546856	1.006833e+05	1.686124e+01	5.883154e+03	5.847174e+03	1.093176e+04	1.089842e+04	3.022678e+02	1.030545e-04	2020	8	22	6
start	37	2020	8	22	18
	559	1127	-101.390707	15.703103	1.008347e+05	1.258212e+01	5.884515e+03	5.831936e+03	1.096965e+04	1.089032e+04	3.061034e+02	3.121910e-04	2020	8	22	18
	566	1154	-100.406333	18.234350	1.005575e+05	1.242061e+01	5.883788e+03	5.819236e+03	1.099658e+04	1.089816e+04	3.099720e+02	2.228218e-04	2020	8	23	0
	560	1128	-101.250082	15.796853	1.007846e+05	1.355839e+01	5.881280e+03	5.830354e+03	1.096452e+04	1.090662e+04	3.047180e+02	3.021700e-04	2020	8	23	6
	553	1129	-102.234456	15.890603	1.004982e+05	1.666961e+01	5.869056e+03	5.814453e+03	1.094954e+04	1.088369e+04	3.042149e+02	3.137176e-04	2020	8	23	12
	552	1129	-102.375081	15.890603	1.005548e+05	1.529789e+01	5.889274e+03	5.824984e+03	1.096376e+04	1.090446e+04	3.052323e+02	2.012127e-04	2020	8	23	18
	552	1127	-102.375081	15.703103	1.002521e+05	1.673075e+01	5.869739e+03	5.803070e+03	1.095665e+04	1.088872e+04	3.042903e+02	3.044840e-04	2020	8	24	0
	551	1129	-102.515706	15.890603	1.005089e+05	2.178114e+01	5.886246e+03	5.831266e+03	1.097764e+04	1.090236e+04	3.043629e+02	3.308931e-04	2020	8	24	6
	552	1132	-102.375081	16.171853	1.001596e+05	1.830723e+01	5.871806e+03	5.813292e+03	1.098720e+04	1.088401e+04	3.041884e+02	3.904891e-04	2020	8	24	12
	543	1134	-103.640705	16.359352	1.002469e+05	1.903005e+01	5.880859e+03	5.819020e+03	1.098243e+04	1.091063e+04	3.041731e+02	3.937660e-04	2020	8	24	18
	540	1136	-104.062579	16.546852	1.000301e+05	1.907120e+01	5.863334e+03	5.790705e+03	1.095174e+04	1.088682e+04	3.049282e+02	4.395658e-04	2020	8	25	0
	533	1137	-105.046953	16.640602	1.002101e+05	2.165500e+01	5.877188e+03	5.800292e+03	1.097537e+04	1.090729e+04	3.042280e+02	3.978669e-04	2020	8	25	6
	527	1149	-105.890702	17.765600	9.974546e+04	2.176924e+01	5.866214e+03	5.777394e+03	1.096628e+04	1.087185e+04	3.048475e+02	5.590465e-04	2020	8	25	12
	519	1150	-107.015701	17.859350	9.973662e+04	2.213582e+01	5.879901e+03	5.792146e+03	1.096747e+04	1.089375e+04	3.041373e+02	4.096412e-04	2020	8	25	18
	510	1156	-108.281325	18.421849	9.942166e+04	2.312829e+01	5.859499e+03	5.735550e+03	1.093803e+04	1.087350e+04	3.039545e+02	3.219916e-04	2020	8	26	0
	505	1159	-108.984449	18.703099	9.938862e+04	2.644327e+01	5.873505e+03	5.772159e+03	1.099781e+04	1.089184e+04	3.036842e+02	2.658208e-04	2020	8	26	6
	497	1165	-110.109448	19.265598	9.901334e+04	2.728398e+01	5.883589e+03	5.735726e+03	1.093922e+04	1.086788e+04	3.034791e+02	4.657605e-04	2020	8	26	12
	490	1166	-111.093822	19.359348	9.900945e+04	3.033045e+01	5.876419e+03	5.726050e+03	1.094982e+04	1.086874e+04	3.031249e+02	3.133888e-04	2020	8	26	18
	480	1169	-112.500070	19.640598	9.875013e+04	2.326757e+01	5.863830e+03	5.721105e+03	1.094493e+04	1.087126e+04	3.031121e+02	1.537538e-04	2020	8	27	0
	474	1170	-113.343819	19.734348	9.885946e+04	2.837771e+01	5.877577e+03	5.753304e+03	1.095865e+04	1.088918e+04	3.024647e+02	2.181775e-04	2020	8	27	6
	466	1168	-114.468818	19.546848	9.863938e+04	2.863066e+01	5.853392e+03	5.712780e+03	1.093957e+04	1.085926e+04	3.018853e+02	4.285266e-04	2020	8	27	12
	462	1169	-115.031318	19.640598	9.873071e+04	2.875467e+01	5.873480e+03	5.725944e+03	1.095272e+04	1.087562e+04	3.015038e+02	3.694035e-04	2020	8	27	18
	458	1169	-115.593817	19.640598	9.843079e+04	3.185955e+01	5.852953e+03	5.681033e+03	1.093115e+04	1.085146e+04	3.008719e+02	4.032257e-04	2020	8	28	0
	454	1165	-116.156317	19.265598	9.849225e+04	2.800034e+01	5.860019e+03	5.701997e+03	1.096240e+04	1.086688e+04	3.011800e+02	3.521459e-04	2020	8	28	6
	455	1168	-116.015692	19.546848	9.795280e+04	3.685657e+01	5.832331e+03	5.671265e+03	1.094750e+04	1.083879e+04	3.006576e+02	4.711285e-04	2020	8	28	12
	456	1172	-115.875067	19.921847	9.817501e+04	3.217517e+01	5.848195e+03	5.691745e+03	1.094492e+04	1.086135e+04	3.005410e+02	3.248859e-04	2020	8	28	18
	456	1181	-115.875067	20.765596	9.812158e+04	3.160807e+01	5.838330e+03	5.684941e+03	1.095032e+04	1.085645e+04	3.012797e+02	2.411428e-04	2020	8	29	0
	452	1187	-116.437566	21.328095	9.842684e+04	2.415572e+01	5.857554e+03	5.714083e+03	1.097218e+04	1.087685e+04	3.013496e+02	2.294473e-04	2020	8	29	6
	449	1190	-116.859441	21.609345	9.832789e+04	2.671969e+01	5.831627e+03	5.706666e+03	1.092803e+04	1.086654e+04	3.010250e+02	3.377233e-04	2020	8	29	12
	447	1194	-117.140691	21.984344	9.858892e+04	2.581476e+01	5.847354e+03	5.719301e+03	1.093761e+04	1.088247e+04	3.011083e+02	2.597504e-04	2020	8	29	18
	448	1201	-117.000066	22.640594	9.848023e+04	2.826078e+01	5.839018e+03	5.704585e+03	1.094205e+04	1.086704e+04	3.014497e+02	1.869058e-04	2020	8	30	0
	448	1210	-117.000066	23.484342	9.869012e+04	2.399058e+01	5.861172e+03	5.727198e+03	1.095173e+04	1.089071e+04	3.018033e+02	1.663164e-04	2020	8	30	6
	449	1216	-116.859441	24.046842	9.855118e+04	2.374503e+01	5.844049e+03	5.695501e+03	1.092816e+04	1.085927e+04	3.020627e+02	2.538033e-04	2020	8	30	12
	451	1226	-116.578191	24.984340	9.861836e+04	2.423269e+01	5.863698e+03	5.711538e+03	1.095924e+04	1.087604e+04	3.020469e+02	1.878392e-04	2020	8	30	18
	456	1239	-115.875067	26.203089	9.848176e+04	2.529705e+01	5.850489e+03	5.684450e+03	1.094314e+04	1.085999e+04	3.026902e+02	2.704003e-04	2020	8	31	0
	458	1254	-115.593817	27.609337	9.847484e+04	2.302577e+01	5.867131e+03	5.693439e+03	1.096860e+04	1.085633e+04	3.022817e+02	3.296224e-04	2020	8	31	6
	469	1276	-114.046944	29.671834	9.838646e+04	2.814242e+01	5.847430e+03	5.678375e+03	1.095310e+04	1.081153e+04	3.044077e+02	5.072512e-04	2020	8	31	12
	476	1293	-113.062570	31.265582	9.891082e+04	2.335741e+01	5.866201e+03	5.699492e+03	1.097201e+04	1.078654e+04	3.042905e+02	4.969726e-04	2020	8	31	18
start	12	2020	8	23	12
	1928	1127	91.124717	15.703103	9.989030e+04	1.132595e+01	5.852459e+03	5.784687e+03	1.097544e+04	1.087929e+04	3.026349e+02	2.462896e-04	2020	8	23	12
	1920	1136	89.999719	16.546852	1.001004e+05	1.237689e+01	5.877690e+03	5.796658e+03	1.098901e+04	1.089011e+04	3.028908e+02	2.364779e-04	2020	8	23	18
	1912	1132	88.874720	16.171853	9.993473e+04	1.128946e+01	5.853091e+03	5.777511e+03	1.099357e+04	1.087409e+04	3.027237e+02	3.479431e-04	2020	8	24	0
	1904	1136	87.749721	16.546852	1.000390e+05	1.140645e+01	5.861322e+03	5.796644e+03	1.098799e+04	1.089869e+04	3.032555e+02	3.077363e-04	2020	8	24	6
	1901	1139	87.327846	16.828102	9.972775e+04	1.213881e+01	5.853571e+03	5.773704e+03	1.099564e+04	1.089714e+04	3.035534e+02	2.891555e-04	2020	8	24	12
	1896	1145	86.624722	17.390601	9.993312e+04	1.458951e+01	5.863191e+03	5.805409e+03	1.098761e+04	1.091703e+04	3.035930e+02	1.037133e-04	2020	8	24	18
	1894	1148	86.343472	17.671850	9.974217e+04	1.561847e+01	5.849720e+03	5.781553e+03	1.096041e+04	1.090281e+04	3.034290e+02	1.998644e-04	2020	8	25	0
	1889	1157	85.640348	18.515599	9.990056e+04	1.369853e+01	5.870396e+03	5.788657e+03	1.099504e+04	1.090984e+04	3.048585e+02	2.728415e-04	2020	8	25	6
	1884	1151	84.937224	17.953100	9.947688e+04	1.577375e+01	5.846947e+03	5.781236e+03	1.098620e+04	1.090726e+04	3.037637e+02	2.127842e-04	2020	8	25	12
	1883	1164	84.796599	19.171848	9.987327e+04	1.340247e+01	5.871007e+03	5.809491e+03	1.098270e+04	1.093364e+04	3.034221e+02	1.192018e-04	2020	8	25	18
	1873	1165	83.390351	19.265598	9.988107e+04	1.451361e+01	5.856746e+03	5.782835e+03	1.098654e+04	1.090773e+04	3.031614e+02	3.734559e-04	2020	8	26	0
	1870	1174	82.968476	20.109347	1.000838e+05	9.583135e+00	5.866887e+03	5.805932e+03	1.098155e+04	1.092891e+04	3.034357e+02	1.293298e-04	2020	8	26	6
start	18	2020	8	25	6
	1111	1075	-23.765788	10.828110	1.008922e+05	1.256487e+01	5.857725e+03	5.817904e+03	1.092965e+04	1.084698e+04	3.012988e+02	4.660145e-04	2020	8	25	6
	1111	1074	-23.765788	10.734360	1.010179e+05	1.488036e+01	5.885908e+03	5.826861e+03	1.091643e+04	1.086701e+04	3.011718e+02	4.097386e-04	2020	8	25	12
	1099	1090	-25.453286	12.234358	1.008877e+05	1.538823e+01	5.860994e+03	5.817934e+03	1.096202e+04	1.085510e+04	3.021776e+02	2.831320e-04	2020	8	25	18
	1098	1096	-25.593911	12.796857	1.010681e+05	1.782756e+01	5.881481e+03	5.835369e+03	1.096506e+04	1.086438e+04	3.020145e+02	2.075450e-04	2020	8	26	0
	1092	1091	-26.437660	12.328108	1.008976e+05	1.700354e+01	5.865145e+03	5.829484e+03	1.091958e+04	1.085070e+04	3.016861e+02	2.949774e-04	2020	8	26	6
	1089	1100	-26.859535	13.171857	1.010628e+05	1.480909e+01	5.882662e+03	5.837908e+03	1.093159e+04	1.087336e+04	3.018990e+02	2.551186e-04	2020	8	26	12
	1077	1104	-28.547033	13.546856	1.008690e+05	1.149370e+01	5.872374e+03	5.828482e+03	1.093574e+04	1.086095e+04	3.023973e+02	1.658917e-04	2020	8	26	18
	1082	1127	-27.843909	15.703103	1.009785e+05	1.389090e+01	5.896892e+03	5.834343e+03	1.094931e+04	1.085634e+04	3.020861e+02	1.926478e-04	2020	8	27	0
	1076	1130	-28.687658	15.984353	1.008001e+05	1.912381e+01	5.867841e+03	5.814293e+03	1.091970e+04	1.084266e+04	3.017199e+02	3.134777e-04	2020	8	27	6
	1071	1140	-29.390782	16.921851	1.008881e+05	1.489361e+01	5.889790e+03	5.826617e+03	1.092396e+04	1.086273e+04	3.016651e+02	2.174023e-04	2020	8	27	12
	1067	1142	-29.953281	17.109351	1.006643e+05	1.802337e+01	5.880875e+03	5.816021e+03	1.092422e+04	1.087338e+04	3.020822e+02	1.448965e-04	2020	8	27	18
	1061	1152	-30.797030	18.046850	1.008932e+05	1.925220e+01	5.903966e+03	5.847276e+03	1.098389e+04	1.087857e+04	3.015783e+02	1.740479e-04	2020	8	28	0
	1055	1171	-31.640780	19.828097	1.009092e+05	1.868891e+01	5.888589e+03	5.824415e+03	1.092944e+04	1.084641e+04	3.008452e+02	1.633216e-04	2020	8	28	6
	1045	1168	-33.047028	19.546848	1.010473e+05	1.672156e+01	5.902921e+03	5.848770e+03	1.096288e+04	1.087840e+04	3.007436e+02	1.201575e-04	2020	8	28	12
	1038	1173	-34.031402	20.015597	1.010363e+05	1.668422e+01	5.896275e+03	5.857464e+03	1.093314e+04	1.087304e+04	3.012583e+02	4.245853e-05	2020	8	28	18
	1030	1174	-35.156401	20.109347	1.011786e+05	1.285374e+01	5.912617e+03	5.870819e+03	1.094689e+04	1.087859e+04	3.011195e+02	8.437200e-05	2020	8	29	0
	1023	1182	-36.140775	20.859346	1.011273e+05	1.491615e+01	5.890807e+03	5.847501e+03	1.091949e+04	1.084322e+04	3.006034e+02	1.516552e-04	2020	8	29	6
	1015	1186	-37.265774	21.234345	1.012182e+05	1.138466e+01	5.904746e+03	5.863741e+03	1.092477e+04	1.084510e+04	3.006036e+02	1.027772e-04	2020	8	29	12
start	62	2020	8	25	6
	2548	1140	178.312127	16.921851	1.007983e+05	1.308725e+01	5.916103e+03	5.844477e+03	1.100304e+04	1.090845e+04	3.051633e+02	1.147943e-04	2020	8	25	6
	2536	1132	176.624628	16.171853	1.010123e+05	1.288951e+01	5.914688e+03	5.850549e+03	1.105228e+04	1.090382e+04	3.048440e+02	1.737313e-04	2020	8	25	12
	2530	1136	175.780879	16.546852	1.007922e+05	1.485004e+01	5.906232e+03	5.841204e+03	1.096660e+04	1.089224e+04	3.044314e+02	1.764598e-04	2020	8	25	18
	2520	1132	174.374631	16.171853	1.009178e+05	1.288772e+01	5.916513e+03	5.839088e+03	1.098113e+04	1.090006e+04	3.044096e+02	1.560182e-04	2020	8	26	0
	2506	1135	172.405883	16.453102	1.006825e+05	1.357919e+01	5.908517e+03	5.814572e+03	1.096926e+04	1.088692e+04	3.052175e+02	2.503878e-04	2020	8	26	6
	2497	1134	171.140259	16.359352	1.008270e+05	1.277276e+01	5.903749e+03	5.835867e+03	1.100574e+04	1.090175e+04	3.050388e+02	2.291897e-04	2020	8	26	12
	2480	1133	168.749637	16.265602	1.006378e+05	1.258512e+01	5.891572e+03	5.811630e+03	1.095712e+04	1.088246e+04	3.047415e+02	2.547477e-04	2020	8	26	18
	2475	1146	168.046512	17.484351	1.007199e+05	1.469067e+01	5.907433e+03	5.821632e+03	1.100977e+04	1.088616e+04	3.046365e+02	2.303874e-04	2020	8	27	0
	2466	1150	166.780889	17.859350	1.003387e+05	1.364422e+01	5.887905e+03	5.808599e+03	1.099675e+04	1.090170e+04	3.050265e+02	2.655342e-04	2020	8	27	6
	2459	1158	165.796515	18.609349	1.005704e+05	1.410422e+01	5.900470e+03	5.822447e+03	1.099264e+04	1.090576e+04	3.047654e+02	2.153912e-04	2020	8	27	12
	2446	1161	163.968392	18.890599	1.002860e+05	1.439620e+01	5.885525e+03	5.802052e+03	1.098929e+04	1.089451e+04	3.045820e+02	2.649318e-04	2020	8	27	18
	2435	1163	162.421518	19.078098	1.001675e+05	1.421045e+01	5.891827e+03	5.816783e+03	1.098023e+04	1.091018e+04	3.046017e+02	2.196649e-04	2020	8	28	0
	2429	1162	161.577769	18.984349	9.992047e+04	1.582833e+01	5.872999e+03	5.798416e+03	1.096231e+04	1.090164e+04	3.046085e+02	2.259721e-04	2020	8	28	6
	2429	1170	161.577769	19.734348	1.001105e+05	1.534592e+01	5.897008e+03	5.812463e+03	1.099398e+04	1.091625e+04	3.041620e+02	2.240727e-04	2020	8	28	12
	2418	1168	160.030896	19.546848	9.969523e+04	1.725769e+01	5.868653e+03	5.777341e+03	1.097863e+04	1.090329e+04	3.040351e+02	3.153333e-04	2020	8	28	18
	2414	1166	159.468396	19.359348	9.969354e+04	1.740484e+01	5.878586e+03	5.790881e+03	1.099817e+04	1.091681e+04	3.039745e+02	2.443134e-04	2020	8	29	0
	2413	1167	159.327771	19.453098	9.935512e+04	2.250237e+01	5.863672e+03	5.762871e+03	1.099580e+04	1.089760e+04	3.039534e+02	2.886767e-04	2020	8	29	6
	2412	1167	159.187147	19.453098	9.927803e+04	2.447332e+01	5.877487e+03	5.768003e+03	1.099488e+04	1.092021e+04	3.038264e+02	2.848827e-04	2020	8	29	12
	2412	1170	159.187147	19.734348	9.884466e+04	2.076867e+01	5.848861e+03	5.733711e+03	1.099068e+04	1.089424e+04	3.036585e+02	3.285415e-04	2020	8	29	18
	2411	1170	159.046522	19.734348	9.861944e+04	2.277363e+01	5.855309e+03	5.722063e+03	1.098452e+04	1.089215e+04	3.034703e+02	3.449239e-04	2020	8	30	0
	2411	1175	159.046522	20.203097	9.823591e+04	2.501915e+01	5.844939e+03	5.705542e+03	1.098389e+04	1.088223e+04	3.034985e+02	3.521233e-04	2020	8	30	6
	2410	1178	158.905897	20.484347	9.802655e+04	2.677156e+01	5.849133e+03	5.682970e+03	1.097494e+04	1.087357e+04	3.033559e+02	4.751200e-04	2020	8	30	12
	2409	1183	158.765272	20.953096	9.728938e+04	3.052653e+01	5.830067e+03	5.614462e+03	1.094266e+04	1.081955e+04	3.032186e+02	4.651780e-04	2020	8	30	18
	2408	1189	158.624647	21.515595	9.710084e+04	3.073351e+01	5.837194e+03	5.620101e+03	1.095765e+04	1.084589e+04	3.030616e+02	4.379977e-04	2020	8	31	0
	2408	1197	158.624647	22.265594	9.634787e+04	3.265211e+01	5.816022e+03	5.559903e+03	1.098482e+04	1.081274e+04	3.030042e+02	4.353435e-04	2020	8	31	6
	2407	1201	158.484022	22.640594	9.622580e+04	3.492221e+01	5.832485e+03	5.565018e+03	1.097534e+04	1.082341e+04	3.028806e+02	3.493776e-04	2020	8	31	12
	2408	1205	158.624647	23.015593	9.608366e+04	3.331686e+01	5.830850e+03	5.555426e+03	1.096355e+04	1.082123e+04	3.027753e+02	3.437769e-04	2020	8	31	18
	2409	1209	158.765272	23.390592	9.622781e+04	3.463687e+01	5.831630e+03	5.563228e+03	1.097092e+04	1.083945e+04	3.027177e+02	2.803571e-04	2020	9	1	0
	2409	1213	158.765272	23.765592	9.598999e+04	4.167550e+01	5.824687e+03	5.537393e+03	1.094605e+04	1.082461e+04	3.026318e+02	1.983530e-04	2020	9	1	6
	2411	1213	159.046522	23.765592	9.640822e+04	3.355865e+01	5.844137e+03	5.581942e+03	1.097705e+04	1.085989e+04	3.023714e+02	1.630333e-04	2020	9	1	12
	2411	1215	159.046522	23.953092	9.650308e+04	3.269338e+01	5.828918e+03	5.587540e+03	1.097663e+04	1.084896e+04	3.022482e+02	1.830573e-04	2020	9	1	18
	2411	1216	159.046522	24.046842	9.669160e+04	3.888893e+01	5.856819e+03	5.601442e+03	1.098558e+04	1.085806e+04	3.021122e+02	1.813778e-04	2020	9	2	0
	2410	1221	158.905897	24.515591	9.677729e+04	3.310374e+01	5.842456e+03	5.610068e+03	1.097904e+04	1.086754e+04	3.018468e+02	1.336004e-04	2020	9	2	6
	2410	1226	158.905897	24.984340	9.716902e+04	2.959184e+01	5.858571e+03	5.631365e+03	1.099485e+04	1.087823e+04	3.016552e+02	1.350799e-04	2020	9	2	12
	2408	1232	158.624647	25.546839	9.713991e+04	3.024259e+01	5.846888e+03	5.643504e+03	1.097781e+04	1.088749e+04	3.013035e+02	1.228318e-04	2020	9	2	18
	2406	1235	158.343397	25.828089	9.726739e+04	3.130924e+01	5.864426e+03	5.684171e+03	1.099967e+04	1.092081e+04	3.007832e+02	9.065012e-05	2020	9	3	0
	2405	1242	158.202773	26.484338	9.728965e+04	3.219468e+01	5.859012e+03	5.672383e+03	1.099909e+04	1.091136e+04	3.007629e+02	1.553365e-04	2020	9	3	6
	2404	1246	158.062148	26.859338	9.768716e+04	3.116755e+01	5.881048e+03	5.683862e+03	1.101297e+04	1.093785e+04	3.006812e+02	1.550075e-04	2020	9	3	12
	2399	1251	157.359023	27.328087	9.779176e+04	2.891524e+01	5.871752e+03	5.686354e+03	1.101380e+04	1.092552e+04	3.006400e+02	1.572806e-04	2020	9	3	18
	2391	1256	156.234025	27.796836	9.786533e+04	3.146832e+01	5.884743e+03	5.698519e+03	1.101295e+04	1.092819e+04	3.009862e+02	1.303615e-04	2020	9	4	0
	2385	1256	155.390275	27.796836	9.788647e+04	2.988466e+01	5.880999e+03	5.690570e+03	1.100978e+04	1.091344e+04	3.009827e+02	1.026870e-04	2020	9	4	6
	2379	1260	154.546526	28.171836	9.789159e+04	3.159053e+01	5.886474e+03	5.692809e+03	1.101263e+04	1.092279e+04	3.009106e+02	1.235175e-04	2020	9	4	12
	2376	1265	154.124652	28.640585	9.790833e+04	2.751539e+01	5.873050e+03	5.686756e+03	1.099558e+04	1.091382e+04	3.007885e+02	1.008159e-04	2020	9	4	18
	2374	1269	153.843402	29.015585	9.809017e+04	2.812286e+01	5.879322e+03	5.714277e+03	1.100481e+04	1.094139e+04	3.000454e+02	8.280038e-05	2020	9	5	0
	2373	1275	153.702777	29.578084	9.803420e+04	2.785220e+01	5.865495e+03	5.710252e+03	1.099331e+04	1.093460e+04	2.999385e+02	1.352495e-04	2020	9	5	6
	2370	1275	153.280903	29.578084	9.796934e+04	3.032387e+01	5.879031e+03	5.699145e+03	1.100069e+04	1.092869e+04	2.998709e+02	1.156651e-04	2020	9	5	12
	2370	1275	153.280903	29.578084	9.804242e+04	2.526557e+01	5.859334e+03	5.695908e+03	1.098047e+04	1.091459e+04	2.997736e+02	7.777540e-05	2020	9	5	18
	2371	1277	153.421528	29.765584	9.836866e+04	2.511787e+01	5.869220e+03	5.719010e+03	1.099171e+04	1.093337e+04	2.995956e+02	9.751879e-05	2020	9	6	0
	2371	1278	153.421528	29.859334	9.833873e+04	2.560239e+01	5.855950e+03	5.713582e+03	1.098133e+04	1.092350e+04	2.993566e+02	9.051362e-05	2020	9	6	6
	2370	1278	153.280903	29.859334	9.854630e+04	2.979021e+01	5.870629e+03	5.725563e+03	1.098624e+04	1.092814e+04	2.992646e+02	1.113064e-04	2020	9	6	12
	2370	1278	153.280903	29.859334	9.859147e+04	2.507981e+01	5.855496e+03	5.719916e+03	1.096924e+04	1.091037e+04	2.991401e+02	5.349322e-05	2020	9	6	18
	2366	1280	152.718403	30.046833	9.882585e+04	2.353709e+01	5.871176e+03	5.747024e+03	1.097949e+04	1.092130e+04	2.992713e+02	6.159416e-05	2020	9	7	0
	2366	1284	152.718403	30.421833	9.876300e+04	2.331196e+01	5.861103e+03	5.741293e+03	1.097378e+04	1.091553e+04	2.992484e+02	5.111215e-05	2020	9	7	6
	2367	1290	152.859028	30.984332	9.905919e+04	2.309306e+01	5.875214e+03	5.761798e+03	1.098198e+04	1.091558e+04	2.988406e+02	5.589542e-05	2020	9	7	12
	2366	1294	152.718403	31.359331	9.910888e+04	2.194040e+01	5.865574e+03	5.757059e+03	1.096241e+04	1.088234e+04	2.988055e+02	3.760354e-05	2020	9	7	18
	2364	1301	152.437154	32.015581	9.928480e+04	2.237613e+01	5.878938e+03	5.773410e+03	1.097009e+04	1.087753e+04	2.995624e+02	5.092450e-05	2020	9	8	0
	2365	1310	152.577778	32.859329	9.932284e+04	2.037977e+01	5.876196e+03	5.767966e+03	1.096648e+04	1.085518e+04	3.002706e+02	9.157260e-05	2020	9	8	6
	2369	1320	153.140278	33.796828	9.952305e+04	2.241033e+01	5.889111e+03	5.777729e+03	1.096815e+04	1.084620e+04	3.005666e+02	1.037518e-04	2020	9	8	12
	2373	1338	153.702777	35.484326	9.948094e+04	2.330109e+01	5.881421e+03	5.746608e+03	1.094346e+04	1.077090e+04	3.007961e+02	1.325659e-04	2020	9	8	18
	2384	1358	155.249651	37.359323	9.967388e+04	2.505097e+01	5.893361e+03	5.712231e+03	1.094505e+04	1.070854e+04	3.007681e+02	1.357942e-04	2020	9	9	0
	2402	1382	157.780898	39.609320	9.953358e+04	2.372074e+01	5.892913e+03	5.661830e+03	1.093571e+04	1.062949e+04	2.987480e+02	1.887060e-04	2020	9	9	6
	2428	1407	161.437144	41.953067	9.983974e+04	2.519383e+01	5.893440e+03	5.627574e+03	1.093116e+04	1.056859e+04	2.957938e+02	2.083614e-04	2020	9	9	12
start	35	2020	8	25	18
	79	1096	-168.890637	12.796857	1.006403e+05	1.702982e+01	5.880867e+03	5.841182e+03	1.094858e+04	1.088643e+04	3.031423e+02	1.846457e-04	2020	8	25	18
	76	1093	-169.312511	12.515608	1.007154e+05	1.680083e+01	5.878479e+03	5.833557e+03	1.094993e+04	1.088356e+04	3.031730e+02	2.530846e-04	2020	8	26	0
	72	1097	-169.875011	12.890607	1.005950e+05	1.540725e+01	5.882923e+03	5.840239e+03	1.095170e+04	1.087752e+04	3.031321e+02	1.033519e-04	2020	8	26	6
	68	1101	-170.437510	13.265607	1.007574e+05	1.431899e+01	5.879349e+03	5.839567e+03	1.093572e+04	1.089394e+04	3.029518e+02	6.131623e-05	2020	8	26	12
	63	1106	-171.140634	13.734356	1.006108e+05	1.349282e+01	5.881009e+03	5.837872e+03	1.093258e+04	1.088991e+04	3.030124e+02	1.289320e-04	2020	8	26	18
	59	1108	-171.703134	13.921856	1.007306e+05	1.552736e+01	5.886398e+03	5.845121e+03	1.094774e+04	1.090072e+04	3.030565e+02	1.746857e-04	2020	8	27	0
	58	1113	-171.843758	14.390605	1.005236e+05	1.412064e+01	5.879633e+03	5.836641e+03	1.096995e+04	1.090167e+04	3.031999e+02	1.050866e-04	2020	8	27	6
	56	1119	-172.125008	14.953104	1.006993e+05	1.666154e+01	5.879709e+03	5.817155e+03	1.101794e+04	1.088503e+04	3.029376e+02	1.494028e-04	2020	8	27	12
	51	1117	-172.828132	14.765604	1.004620e+05	1.653043e+01	5.883578e+03	5.820887e+03	1.094650e+04	1.088502e+04	3.032533e+02	2.562082e-04	2020	8	27	18
	49	1123	-173.109382	15.328104	1.004844e+05	1.744325e+01	5.877890e+03	5.822409e+03	1.094060e+04	1.088946e+04	3.033168e+02	1.834971e-04	2020	8	28	0
	46	1129	-173.531257	15.890603	1.002371e+05	2.204768e+01	5.872429e+03	5.824619e+03	1.095178e+04	1.088745e+04	3.035454e+02	1.606967e-04	2020	8	28	6
	43	1130	-173.953131	15.984353	1.004787e+05	1.763892e+01	5.882577e+03	5.820375e+03	1.095511e+04	1.087385e+04	3.033080e+02	1.093182e-04	2020	8	28	12
	42	1134	-174.093756	16.359352	1.003035e+05	2.109890e+01	5.874627e+03	5.805899e+03	1.094917e+04	1.088306e+04	3.032204e+02	2.038841e-04	2020	8	28	18
	38	1140	-174.656256	16.921851	1.003079e+05	1.982809e+01	5.879417e+03	5.817512e+03	1.096709e+04	1.088548e+04	3.033595e+02	1.408513e-04	2020	8	29	0
	33	1142	-175.359380	17.109351	9.995315e+04	1.890581e+01	5.885842e+03	5.803014e+03	1.095189e+04	1.089643e+04	3.038141e+02	1.480623e-04	2020	8	29	6
	28	1147	-176.062504	17.578101	1.001422e+05	1.968760e+01	5.882781e+03	5.808237e+03	1.097129e+04	1.089786e+04	3.035907e+02	1.624920e-04	2020	8	29	12
	23	1154	-176.765628	18.234350	1.001306e+05	1.976907e+01	5.885240e+03	5.806410e+03	1.099341e+04	1.089333e+04	3.034565e+02	1.686568e-04	2020	8	29	18
	12	1155	-178.312502	18.328100	9.980423e+04	2.728754e+01	5.891561e+03	5.787087e+03	1.097441e+04	1.090949e+04	3.038940e+02	1.454608e-04	2020	8	30	0
	6	1164	-179.156251	19.171848	9.998905e+04	2.018882e+01	5.895613e+03	5.824567e+03	1.097117e+04	1.090889e+04	3.040839e+02	1.526694e-04	2020	8	30	6
	2559	1166	179.859000	19.359348	1.001607e+05	2.092327e+01	5.893828e+03	5.821392e+03	1.099333e+04	1.090232e+04	3.039127e+02	1.607036e-04	2020	8	30	12
	2551	1179	178.734001	20.578096	9.997084e+04	2.061618e+01	5.893853e+03	5.805574e+03	1.097760e+04	1.091290e+04	3.038390e+02	1.715179e-04	2020	8	30	18
	2542	1187	177.468377	21.328095	9.997956e+04	1.975445e+01	5.897012e+03	5.826136e+03	1.100801e+04	1.092906e+04	3.039193e+02	1.002264e-04	2020	8	31	0
	2538	1197	176.905878	22.265594	9.967396e+04	2.654278e+01	5.897700e+03	5.821375e+03	1.100333e+04	1.092184e+04	3.042412e+02	1.694534e-04	2020	8	31	6
	2533	1208	176.202754	23.296843	9.989242e+04	2.213384e+01	5.907409e+03	5.842994e+03	1.100060e+04	1.094462e+04	3.039698e+02	1.460857e-04	2020	8	31	12
	2533	1220	176.202754	24.421841	9.986210e+04	2.181699e+01	5.910366e+03	5.834202e+03	1.098955e+04	1.093345e+04	3.037503e+02	1.140590e-04	2020	8	31	18
	2530	1237	175.780879	26.015589	9.995661e+04	2.253538e+01	5.913463e+03	5.818445e+03	1.098986e+04	1.091737e+04	3.030884e+02	6.238752e-05	2020	9	1	0
	2531	1256	175.921504	27.796836	9.962326e+04	2.212006e+01	5.903808e+03	5.784095e+03	1.103127e+04	1.087353e+04	3.030153e+02	1.524989e-04	2020	9	1	6
	2536	1275	176.624628	29.578084	9.987471e+04	2.551837e+01	5.915594e+03	5.752387e+03	1.100698e+04	1.082764e+04	3.021675e+02	2.285803e-04	2020	9	1	12
	2544	1311	177.749627	32.953079	9.959840e+04	2.799717e+01	5.911017e+03	5.657253e+03	1.098977e+04	1.064611e+04	3.003312e+02	5.071143e-04	2020	9	1	18
	2551	1355	178.734001	37.078073	9.949416e+04	2.675623e+01	5.896782e+03	5.596902e+03	1.098831e+04	1.055963e+04	2.973579e+02	4.010489e-04	2020	9	2	0
	2555	1400	179.296501	41.296818	9.892440e+04	2.780607e+01	5.852719e+03	5.596663e+03	1.094312e+04	1.055707e+04	2.940136e+02	5.465581e-04	2020	9	2	6
	2552	1432	178.874626	44.296813	9.839029e+04	2.671918e+01	5.786584e+03	5.580470e+03	1.086249e+04	1.054987e+04	2.912833e+02	5.308847e-04	2020	9	2	12
	2549	1446	178.452751	45.609312	9.737466e+04	2.671055e+01	5.696881e+03	5.493813e+03	1.073654e+04	1.046971e+04	2.894789e+02	4.031815e-04	2020	9	2	18
	3	1446	-179.578125	45.609312	9.768167e+04	2.470224e+01	5.737397e+03	5.480869e+03	1.079044e+04	1.043254e+04	2.895252e+02	1.213596e-04	2020	9	3	0
	1	1499	-179.859375	50.578055	9.748951e+04	2.460666e+01	5.611800e+03	5.432536e+03	1.059253e+04	1.030756e+04	2.879067e+02	2.764929e-04	2020	9	3	6
start	34	2020	8	31	18
	1920	1151	89.999719	17.953100	1.001212e+05	1.083270e+01	5.859088e+03	5.799821e+03	1.098569e+04	1.091461e+04	3.034691e+02	1.625986e-04	2020	8	31	18
	1917	1162	89.577844	18.984349	9.991232e+04	1.038379e+01	5.848617e+03	5.778768e+03	1.096287e+04	1.090132e+04	3.030648e+02	3.298548e-04	2020	9	1	0
	1914	1155	89.155970	18.328100	9.997449e+04	1.452188e+01	5.853926e+03	5.787230e+03	1.099534e+04	1.091179e+04	3.031312e+02	4.213170e-04	2020	9	1	6
	1911	1155	88.734095	18.328100	9.964238e+04	1.320752e+01	5.846157e+03	5.769117e+03	1.101126e+04	1.090400e+04	3.037597e+02	2.946893e-04	2020	9	1	12
	1908	1155	88.312220	18.328100	9.981724e+04	1.412669e+01	5.850340e+03	5.786605e+03	1.098794e+04	1.092979e+04	3.031494e+02	1.381536e-04	2020	9	1	18
	1912	1162	88.874720	18.984349	9.959570e+04	1.851670e+01	5.853206e+03	5.763012e+03	1.098207e+04	1.089483e+04	3.029564e+02	4.548884e-04	2020	9	2	0
	1911	1166	88.734095	19.359348	9.971095e+04	1.735821e+01	5.858754e+03	5.779701e+03	1.098831e+04	1.091964e+04	3.030917e+02	4.242584e-04	2020	9	2	6
	1906	1171	88.030971	19.828097	9.932559e+04	1.731723e+01	5.844360e+03	5.755798e+03	1.097870e+04	1.090331e+04	3.035465e+02	3.142030e-04	2020	9	2	12
	1906	1172	88.030971	19.921847	9.952874e+04	1.680818e+01	5.855575e+03	5.779802e+03	1.099971e+04	1.091863e+04	3.032520e+02	2.613803e-04	2020	9	2	18
	1906	1180	88.030971	20.671846	9.921621e+04	1.809684e+01	5.851090e+03	5.741152e+03	1.096359e+04	1.089396e+04	3.031550e+02	5.235443e-04	2020	9	3	0
	1899	1184	87.046597	21.046846	9.915500e+04	1.926315e+01	5.849563e+03	5.737110e+03	1.097341e+04	1.090229e+04	3.031608e+02	4.661039e-04	2020	9	3	6
	1895	1185	86.484097	21.140596	9.886188e+04	1.607408e+01	5.832963e+03	5.719873e+03	1.099920e+04	1.090293e+04	3.031041e+02	3.999904e-04	2020	9	3	12
	1887	1187	85.359098	21.328095	9.933401e+04	1.698779e+01	5.846196e+03	5.752757e+03	1.098291e+04	1.092023e+04	3.028828e+02	2.942591e-04	2020	9	3	18
	1884	1192	84.937224	21.796845	9.912266e+04	1.112417e+01	5.844896e+03	5.735398e+03	1.099579e+04	1.090415e+04	3.024327e+02	4.568007e-04	2020	9	4	0
	1878	1196	84.093475	22.171844	9.945627e+04	1.005976e+01	5.851433e+03	5.761731e+03	1.099330e+04	1.092913e+04	3.012295e+02	2.613499e-04	2020	9	4	6
	1873	1208	83.390351	23.296843	9.932928e+04	1.310686e+01	5.850880e+03	5.758259e+03	1.100403e+04	1.092836e+04	3.022594e+02	2.563773e-04	2020	9	4	12
	1866	1205	82.405977	23.015593	9.973802e+04	1.011678e+01	5.860638e+03	5.788779e+03	1.099725e+04	1.095077e+04	3.016732e+02	1.703115e-04	2020	9	4	18
	1860	1207	81.562227	23.203093	9.960788e+04	9.661485e+00	5.841898e+03	5.768879e+03	1.097648e+04	1.093180e+04	3.015749e+02	2.722953e-04	2020	9	5	0
	1859	1209	81.421603	23.390592	9.982356e+04	9.507342e+00	5.865583e+03	5.795121e+03	1.099954e+04	1.095476e+04	3.014865e+02	9.668986e-05	2020	9	5	6
	1855	1219	80.859103	24.328091	9.967740e+04	9.436488e+00	5.877220e+03	5.792817e+03	1.100073e+04	1.095364e+04	3.017180e+02	1.936030e-04	2020	9	5	12
	1844	1223	79.312230	24.703091	9.990595e+04	8.964555e+00	5.870359e+03	5.808164e+03	1.100060e+04	1.096546e+04	3.008137e+02	1.264864e-04	2020	9	5	18
	1836	1220	78.187231	24.421841	9.971229e+04	8.623108e+00	5.846450e+03	5.787185e+03	1.100633e+04	1.094280e+04	2.998698e+02	2.455749e-04	2020	9	6	0
	1829	1220	77.202857	24.421841	9.995980e+04	1.026072e+01	5.866211e+03	5.810542e+03	1.099605e+04	1.096187e+04	3.030619e+02	1.360808e-04	2020	9	6	6
	1826	1225	76.780982	24.890590	9.967288e+04	9.944008e+00	5.853449e+03	5.787024e+03	1.104313e+04	1.094503e+04	3.044444e+02	2.258907e-04	2020	9	6	12
	1824	1221	76.499733	24.515591	9.988655e+04	9.230218e+00	5.868440e+03	5.807547e+03	1.102669e+04	1.096093e+04	2.997168e+02	2.054827e-04	2020	9	6	18
	1823	1223	76.359108	24.703091	9.973232e+04	8.341712e+00	5.853045e+03	5.792368e+03	1.097829e+04	1.093059e+04	2.996087e+02	1.971717e-04	2020	9	7	0
	1822	1224	76.218483	24.796841	9.995230e+04	8.717196e+00	5.868431e+03	5.807094e+03	1.100865e+04	1.096416e+04	3.029509e+02	1.484341e-04	2020	9	7	6
	1819	1237	75.796608	26.015589	9.965152e+04	8.989288e+00	5.852982e+03	5.780717e+03	1.102163e+04	1.093562e+04	3.067985e+02	2.142368e-04	2020	9	7	12
	1822	1230	76.218483	25.359340	9.976084e+04	9.055367e+00	5.858754e+03	5.798486e+03	1.100923e+04	1.095240e+04	3.000090e+02	1.430955e-04	2020	9	7	18
	1826	1235	76.780982	25.828089	9.968630e+04	8.396797e+00	5.839429e+03	5.777029e+03	1.098959e+04	1.092979e+04	3.000878e+02	1.734041e-04	2020	9	8	0
	1829	1239	77.202857	26.203089	9.984461e+04	8.589833e+00	5.881151e+03	5.798779e+03	1.098429e+04	1.094371e+04	3.027397e+02	1.195746e-04	2020	9	8	6
	1831	1257	77.484107	27.890586	9.963955e+04	8.477354e+00	5.860153e+03	5.779748e+03	1.098500e+04	1.090856e+04	3.072977e+02	2.322729e-04	2020	9	8	12
	1832	1252	77.624732	27.421837	9.985498e+04	7.893091e+00	5.864325e+03	5.786321e+03	1.102071e+04	1.093712e+04	3.013895e+02	1.478496e-04	2020	9	8	18
	1833	1259	77.765356	28.078086	9.972538e+04	9.038657e+00	5.868555e+03	5.770908e+03	1.096777e+04	1.090611e+04	3.002289e+02	2.015747e-04	2020	9	9	0
start	12	2020	9	1	6
	966	1261	-44.156392	28.265586	1.013833e+05	1.673337e+01	5.887542e+03	5.834451e+03	1.090296e+04	1.080689e+04	3.010993e+02	1.433532e-04	2020	9	1	6
	961	1264	-44.859516	28.546835	1.015002e+05	1.508401e+01	5.901253e+03	5.841935e+03	1.091206e+04	1.082992e+04	3.010581e+02	1.152612e-04	2020	9	1	12
	957	1274	-45.422015	29.484334	1.014805e+05	1.318856e+01	5.894379e+03	5.841285e+03	1.089435e+04	1.083352e+04	3.014324e+02	9.384770e-05	2020	9	1	18
	956	1270	-45.562640	29.109335	1.014595e+05	1.251021e+01	5.906650e+03	5.852080e+03	1.090953e+04	1.085179e+04	3.013128e+02	5.776258e-05	2020	9	2	0
	958	1272	-45.281390	29.296834	1.013532e+05	1.420725e+01	5.892168e+03	5.827217e+03	1.092280e+04	1.082261e+04	3.010202e+02	1.238654e-04	2020	9	2	6
	965	1278	-44.297016	29.859334	1.013915e+05	1.606089e+01	5.898612e+03	5.837390e+03	1.092323e+04	1.082096e+04	3.011148e+02	1.261996e-04	2020	9	2	12
	972	1301	-43.312642	32.015581	1.012104e+05	1.646858e+01	5.883401e+03	5.755972e+03	1.088591e+04	1.073683e+04	3.018519e+02	9.727514e-05	2020	9	2	18
	985	1312	-41.484519	33.046829	1.010094e+05	1.699886e+01	5.886817e+03	5.721388e+03	1.088993e+04	1.066571e+04	3.012302e+02	1.981536e-04	2020	9	3	0
	997	1328	-39.797021	34.546827	1.006445e+05	2.033950e+01	5.854949e+03	5.683337e+03	1.087024e+04	1.057722e+04	3.005395e+02	2.679919e-04	2020	9	3	6
	1017	1351	-36.984524	36.703074	1.006128e+05	2.236735e+01	5.861589e+03	5.673079e+03	1.085938e+04	1.055925e+04	2.993314e+02	2.313424e-04	2020	9	3	12
	1034	1375	-34.593902	38.953071	1.004270e+05	2.155507e+01	5.860765e+03	5.629165e+03	1.085016e+04	1.049137e+04	2.977148e+02	1.850096e-04	2020	9	3	18
	1055	1400	-31.640780	41.296818	1.004747e+05	2.296338e+01	5.873788e+03	5.596770e+03	1.085900e+04	1.045198e+04	2.957704e+02	2.111534e-04	2020	9	4	0
start	63	2020	9	2	18
	964	1102	-44.437641	13.359356	1.013264e+05	1.085534e+01	5.894860e+03	5.844608e+03	1.094194e+04	1.087025e+04	3.027776e+02	1.585371e-04	2020	9	2	18
	953	1114	-45.984515	14.484355	1.013229e+05	1.201483e+01	5.913322e+03	5.856989e+03	1.097173e+04	1.088835e+04	3.028540e+02	1.349931e-04	2020	9	3	0
	942	1117	-47.531388	14.765604	1.012374e+05	1.339288e+01	5.889030e+03	5.833527e+03	1.092860e+04	1.086729e+04	3.026671e+02	1.841144e-04	2020	9	3	6
	936	1122	-48.375137	15.234354	1.012978e+05	1.364732e+01	5.903877e+03	5.855792e+03	1.095559e+04	1.088746e+04	3.026440e+02	2.033454e-04	2020	9	3	12
	929	1130	-49.359511	15.984353	1.012288e+05	1.133743e+01	5.893584e+03	5.839774e+03	1.094802e+04	1.087445e+04	3.031333e+02	1.207286e-04	2020	9	3	18
	923	1130	-50.203260	15.984353	1.012903e+05	1.194231e+01	5.905365e+03	5.852451e+03	1.095847e+04	1.089640e+04	3.032795e+02	1.506353e-04	2020	9	4	0
	915	1141	-51.328259	17.015601	1.011990e+05	1.353212e+01	5.894297e+03	5.836484e+03	1.093799e+04	1.087287e+04	3.025866e+02	2.176469e-04	2020	9	4	6
	906	1150	-52.593883	17.859350	1.012474e+05	1.312183e+01	5.896702e+03	5.845829e+03	1.093922e+04	1.087416e+04	3.024396e+02	2.193854e-04	2020	9	4	12
	896	1144	-54.000131	17.296851	1.012106e+05	1.213101e+01	5.886726e+03	5.834337e+03	1.095556e+04	1.087568e+04	3.031282e+02	1.439948e-04	2020	9	4	18
	894	1143	-54.281381	17.203101	1.011328e+05	1.139491e+01	5.901933e+03	5.843931e+03	1.096297e+04	1.088118e+04	3.031063e+02	1.767937e-04	2020	9	5	0
	893	1143	-54.422006	17.203101	1.011034e+05	1.361525e+01	5.882492e+03	5.827728e+03	1.093973e+04	1.086672e+04	3.029585e+02	2.411925e-04	2020	9	5	6
	892	1144	-54.562631	17.296851	1.010113e+05	1.519516e+01	5.901375e+03	5.838494e+03	1.093374e+04	1.087348e+04	3.028329e+02	2.398111e-04	2020	9	5	12
	888	1147	-55.125130	17.578101	1.009556e+05	1.546652e+01	5.882289e+03	5.832116e+03	1.095822e+04	1.086716e+04	3.029086e+02	1.843596e-04	2020	9	5	18
	885	1154	-55.547005	18.234350	1.008531e+05	1.666841e+01	5.892771e+03	5.836412e+03	1.095543e+04	1.087573e+04	3.026299e+02	2.291873e-04	2020	9	6	0
	876	1156	-56.812628	18.421849	1.007821e+05	1.844705e+01	5.895296e+03	5.824575e+03	1.092876e+04	1.086270e+04	3.023305e+02	2.424357e-04	2020	9	6	6
	871	1154	-57.515753	18.234350	1.007077e+05	1.790009e+01	5.884704e+03	5.827785e+03	1.092752e+04	1.086360e+04	3.024397e+02	2.031507e-04	2020	9	6	12
	908	1169	-52.312633	19.640598	1.005817e+05	2.571748e+01	5.904959e+03	5.835911e+03	1.094568e+04	1.089671e+04	3.020099e+02	1.925768e-04	2020	9	6	18
	895	1183	-54.140756	20.953096	1.004446e+05	2.747132e+01	5.913878e+03	5.840287e+03	1.096496e+04	1.090567e+04	3.018742e+02	2.068782e-04	2020	9	7	0
	882	1194	-55.968879	21.984344	1.004446e+05	2.584615e+01	5.900527e+03	5.815895e+03	1.096133e+04	1.089306e+04	3.013983e+02	2.172265e-04	2020	9	7	6
	867	1203	-58.078252	22.828093	1.002676e+05	2.717828e+01	5.910193e+03	5.826508e+03	1.098704e+04	1.090636e+04	3.013115e+02	1.602233e-04	2020	9	7	12
	847	1178	-60.890749	20.484347	1.004079e+05	2.007692e+01	5.896680e+03	5.817061e+03	1.095295e+04	1.090286e+04	3.022802e+02	1.835991e-04	2020	9	7	18
	838	1199	-62.156373	22.453094	1.003337e+05	2.055223e+01	5.912712e+03	5.825997e+03	1.097532e+04	1.091177e+04	3.023001e+02	1.815426e-04	2020	9	8	0
	840	1200	-61.875123	22.546844	1.002607e+05	1.975224e+01	5.899092e+03	5.787374e+03	1.096882e+04	1.089780e+04	3.021390e+02	1.623194e-04	2020	9	8	6
	832	1208	-63.000122	23.296843	1.000726e+05	2.118155e+01	5.905907e+03	5.805696e+03	1.094872e+04	1.089523e+04	3.021987e+02	1.419310e-04	2020	9	8	12
	825	1210	-63.984496	23.484342	9.996152e+04	2.373356e+01	5.902572e+03	5.797094e+03	1.094609e+04	1.089307e+04	3.023173e+02	1.512209e-04	2020	9	8	18
	827	1218	-63.703246	24.234341	9.975731e+04	2.795784e+01	5.906374e+03	5.758732e+03	1.095508e+04	1.089134e+04	3.019527e+02	2.185673e-04	2020	9	9	0
	821	1224	-64.546995	24.796841	9.937260e+04	2.695841e+01	5.905682e+03	5.740167e+03	1.094555e+04	1.087835e+04	3.016514e+02	1.762891e-04	2020	9	9	6
	817	1236	-65.109495	25.921839	9.902840e+04	2.911209e+01	5.900157e+03	5.739358e+03	1.093980e+04	1.087156e+04	3.013273e+02	2.797308e-04	2020	9	9	12
	816	1249	-65.250120	27.140587	9.876917e+04	3.261705e+01	5.886850e+03	5.703614e+03	1.096286e+04	1.084648e+04	3.006940e+02	2.437418e-04	2020	9	9	18
	816	1263	-65.250120	28.453085	9.805816e+04	3.929324e+01	5.890489e+03	5.659968e+03	1.093514e+04	1.082029e+04	3.012321e+02	2.769130e-04	2020	9	10	0
	819	1277	-64.828245	29.765584	9.798350e+04	3.513979e+01	5.880429e+03	5.657170e+03	1.092599e+04	1.079334e+04	3.009057e+02	2.965000e-04	2020	9	10	6
	824	1295	-64.125121	31.453081	9.786955e+04	3.786441e+01	5.881720e+03	5.648035e+03	1.092770e+04	1.076133e+04	3.005062e+02	3.961116e-04	2020	9	10	12
	830	1314	-63.281372	33.234329	9.741562e+04	3.814363e+01	5.876140e+03	5.607472e+03	1.092745e+04	1.075142e+04	3.001790e+02	3.490629e-04	2020	9	10	18
	840	1335	-61.875123	35.203076	9.750106e+04	3.527108e+01	5.880715e+03	5.615738e+03	1.091276e+04	1.073058e+04	3.009489e+02	3.237698e-04	2020	9	11	0
	848	1350	-60.750124	36.609324	9.744499e+04	4.197601e+01	5.861157e+03	5.602576e+03	1.088417e+04	1.069262e+04	3.009041e+02	3.211695e-04	2020	9	11	6
	857	1362	-59.484501	37.734323	9.713316e+04	4.165881e+01	5.872208e+03	5.585900e+03	1.088064e+04	1.068116e+04	3.007856e+02	3.266492e-04	2020	9	11	12
	866	1370	-58.218877	38.484322	9.707866e+04	4.092456e+01	5.870146e+03	5.582485e+03	1.086652e+04	1.066298e+04	3.007101e+02	2.536160e-04	2020	9	11	18
	876	1381	-56.812628	39.515570	9.689425e+04	4.426591e+01	5.884433e+03	5.574040e+03	1.086649e+04	1.064583e+04	3.001176e+02	2.416416e-04	2020	9	12	0
	887	1395	-55.265755	40.828068	9.702986e+04	3.975372e+01	5.859259e+03	5.563714e+03	1.084015e+04	1.058255e+04	2.999085e+02	1.961068e-04	2020	9	12	6
	897	1411	-53.859506	42.328066	9.724682e+04	3.903405e+01	5.858217e+03	5.548829e+03	1.082860e+04	1.055350e+04	2.975704e+02	2.151072e-04	2020	9	12	12
	909	1431	-52.172008	44.203064	9.749995e+04	3.689394e+01	5.842503e+03	5.543303e+03	1.081239e+04	1.051495e+04	2.949325e+02	1.863396e-04	2020	9	12	18
	926	1453	-49.781386	46.265561	9.769456e+04	3.090080e+01	5.826758e+03	5.494116e+03	1.078571e+04	1.041493e+04	2.894091e+02	2.282385e-04	2020	9	13	0
	948	1478	-46.687639	48.609307	9.736058e+04	3.218568e+01	5.773314e+03	5.390375e+03	1.072619e+04	1.022218e+04	2.878629e+02	2.550366e-04	2020	9	13	6
	980	1511	-42.187644	51.703053	9.673203e+04	2.959438e+01	5.720468e+03	5.297666e+03	1.065955e+04	1.005000e+04	2.871477e+02	2.876980e-04	2020	9	13	12
	999	1543	-39.515771	54.703049	9.555170e+04	3.618652e+01	5.608913e+03	5.191669e+03	1.052270e+04	9.989594e+03	2.856905e+02	2.975595e-04	2020	9	13	18
	1001	1557	-39.234522	56.015547	9.406091e+04	3.819146e+01	5.511050e+03	5.060876e+03	1.037609e+04	1.001870e+04	2.849684e+02	2.181633e-04	2020	9	14	0
	1013	1567	-37.547023	56.953046	9.330335e+04	3.762323e+01	5.388064e+03	4.988340e+03	1.024271e+04	9.944107e+03	2.848304e+02	1.703463e-04	2020	9	14	6
	1033	1565	-34.734526	56.765546	9.374545e+04	3.612674e+01	5.414719e+03	4.999818e+03	1.026093e+04	9.932073e+03	2.853558e+02	1.115874e-04	2020	9	14	12
	1056	1570	-31.500155	57.234295	9.400072e+04	3.321354e+01	5.432152e+03	5.023284e+03	1.025043e+04	9.935688e+03	2.858067e+02	9.301784e-05	2020	9	14	18
	1084	1573	-27.562659	57.515545	9.459272e+04	3.293986e+01	5.431756e+03	5.054651e+03	1.024701e+04	9.934649e+03	2.862883e+02	9.813798e-05	2020	9	15	0
	1105	1582	-24.609537	58.359294	9.457519e+04	2.925322e+01	5.366601e+03	5.050938e+03	1.012575e+04	9.915129e+03	2.865359e+02	1.062486e-04	2020	9	15	6
	1116	1581	-23.062664	58.265544	9.478405e+04	2.852878e+01	5.372367e+03	5.070869e+03	1.009099e+04	9.920183e+03	2.864850e+02	7.841024e-05	2020	9	15	12
	1131	1577	-20.953291	57.890545	9.508701e+04	2.875564e+01	5.391140e+03	5.098976e+03	1.012641e+04	9.930645e+03	2.867513e+02	7.279446e-05	2020	9	15	18
	1145	1569	-18.984543	57.140546	9.553036e+04	2.715214e+01	5.424267e+03	5.132563e+03	1.015717e+04	9.938243e+03	2.867683e+02	8.415018e-05	2020	9	16	0
	1163	1558	-16.453295	56.109297	9.585288e+04	2.907869e+01	5.449046e+03	5.150299e+03	1.017999e+04	9.928587e+03	2.871131e+02	8.421145e-05	2020	9	16	6
	1187	1547	-13.078299	55.078048	9.619163e+04	2.824619e+01	5.461793e+03	5.182100e+03	1.021517e+04	9.935611e+03	2.880856e+02	9.511659e-05	2020	9	16	12
	1211	1544	-9.703302	54.796799	9.636166e+04	2.691696e+01	5.440025e+03	5.202745e+03	1.020340e+04	9.936572e+03	2.885555e+02	7.394797e-05	2020	9	16	18
	1232	1540	-6.750181	54.421799	9.667462e+04	2.416717e+01	5.432830e+03	5.220425e+03	1.018959e+04	9.936223e+03	2.889392e+02	8.952447e-05	2020	9	17	0
	1256	1536	-3.375184	54.046800	9.691123e+04	2.405660e+01	5.431487e+03	5.238526e+03	1.017933e+04	9.926147e+03	2.891670e+02	9.293862e-05	2020	9	17	6
	1274	1534	-0.843937	53.859300	9.729297e+04	2.111142e+01	5.448976e+03	5.252250e+03	1.019404e+04	9.940349e+03	2.892035e+02	7.852411e-05	2020	9	17	12
	1299	1536	2.671685	54.046800	9.759152e+04	2.456495e+01	5.465615e+03	5.258831e+03	1.021005e+04	9.943724e+03	2.897466e+02	7.717399e-05	2020	9	17	18
	1329	1543	6.890430	54.703049	9.768577e+04	2.103817e+01	5.486584e+03	5.261689e+03	1.026157e+04	9.946764e+03	2.894069e+02	8.141526e-05	2020	9	18	0
	1354	1555	10.406052	55.828047	9.802235e+04	2.022888e+01	5.492915e+03	5.261230e+03	1.028075e+04	9.950006e+03	2.890591e+02	8.927118e-05	2020	9	18	6
start	14	2020	9	3	12
	1028	1070	-35.437651	10.359361	1.014377e+05	9.653214e+00	5.896439e+03	5.854287e+03	1.094526e+04	1.087461e+04	3.016210e+02	3.205468e-04	2020	9	3	12
	1022	1071	-36.281400	10.453110	1.012683e+05	1.167633e+01	5.885317e+03	5.840223e+03	1.093342e+04	1.086740e+04	3.016985e+02	2.822665e-04	2020	9	3	18
	1016	1076	-37.125149	10.921860	1.013945e+05	1.202624e+01	5.904843e+03	5.857214e+03	1.096259e+04	1.088437e+04	3.017333e+02	2.489316e-04	2020	9	4	0
	1004	1080	-38.812647	11.296859	1.012623e+05	1.178051e+01	5.883896e+03	5.825849e+03	1.094593e+04	1.085679e+04	3.018819e+02	2.836544e-04	2020	9	4	6
	997	1088	-39.797021	12.046858	1.011985e+05	1.695320e+01	5.907140e+03	5.850244e+03	1.092395e+04	1.087388e+04	3.019333e+02	2.352461e-04	2020	9	4	12
	986	1097	-41.343894	12.890607	1.011232e+05	1.822842e+01	5.899840e+03	5.835821e+03	1.093944e+04	1.087660e+04	3.023315e+02	1.419033e-04	2020	9	4	18
	973	1102	-43.172018	13.359356	1.009800e+05	2.039474e+01	5.910000e+03	5.843344e+03	1.098988e+04	1.088938e+04	3.026091e+02	2.209839e-04	2020	9	5	0
	964	1105	-44.437641	13.640606	1.007290e+05	2.017984e+01	5.894352e+03	5.814055e+03	1.092352e+04	1.086462e+04	3.027192e+02	2.024199e-04	2020	9	5	6
	953	1109	-45.984515	14.015606	1.008144e+05	2.178657e+01	5.899722e+03	5.848606e+03	1.094097e+04	1.088428e+04	3.024314e+02	1.798033e-04	2020	9	5	12
	944	1116	-47.250138	14.671855	1.007518e+05	2.303479e+01	5.886176e+03	5.834894e+03	1.094092e+04	1.086726e+04	3.026722e+02	1.928303e-04	2020	9	5	18
	937	1127	-48.234512	15.703103	1.006763e+05	2.139850e+01	5.907491e+03	5.834081e+03	1.097608e+04	1.088897e+04	3.027040e+02	2.476639e-04	2020	9	6	0
	929	1138	-49.359511	16.734352	1.005748e+05	2.438265e+01	5.883413e+03	5.816079e+03	1.091644e+04	1.087085e+04	3.024153e+02	2.308926e-04	2020	9	6	6
	919	1152	-50.765760	18.046850	1.006062e+05	2.347567e+01	5.905789e+03	5.838133e+03	1.094940e+04	1.089044e+04	3.021090e+02	1.965724e-04	2020	9	6	12
	908	1169	-52.312633	19.640598	1.005817e+05	2.571748e+01	5.904959e+03	5.835911e+03	1.094568e+04	1.089671e+04	3.020099e+02	1.925768e-04	2020	9	6	18
start	18	2020	9	4	6
	972	1318	-43.312642	33.609328	1.005106e+05	1.995464e+01	5.842426e+03	5.676067e+03	1.079695e+04	1.054275e+04	3.008664e+02	1.733724e-04	2020	9	4	6
	978	1317	-42.468893	33.515578	1.004647e+05	2.037067e+01	5.865552e+03	5.691860e+03	1.083447e+04	1.059317e+04	3.007306e+02	1.187966e-04	2020	9	4	12
	987	1324	-41.203270	34.171828	1.004039e+05	1.909463e+01	5.859611e+03	5.702555e+03	1.082289e+04	1.062885e+04	3.007732e+02	1.091922e-04	2020	9	4	18
	994	1329	-40.218896	34.640577	1.004905e+05	1.919546e+01	5.877332e+03	5.721253e+03	1.085235e+04	1.064485e+04	3.002155e+02	8.872582e-05	2020	9	5	0
	999	1338	-39.515771	35.484326	1.003600e+05	1.966217e+01	5.850949e+03	5.703188e+03	1.079012e+04	1.064108e+04	2.998266e+02	8.071474e-05	2020	9	5	6
	1001	1343	-39.234522	35.953075	1.003787e+05	2.275259e+01	5.853794e+03	5.722602e+03	1.078575e+04	1.066251e+04	2.990886e+02	5.708120e-05	2020	9	5	12
	1011	1344	-37.828273	36.046825	1.004654e+05	2.459095e+01	5.862087e+03	5.724319e+03	1.079606e+04	1.066635e+04	2.991599e+02	4.623940e-05	2020	9	5	18
	1018	1356	-36.843899	37.171823	1.003874e+05	2.150810e+01	5.861014e+03	5.732601e+03	1.079001e+04	1.067701e+04	2.988770e+02	6.077979e-05	2020	9	6	0
	1027	1364	-35.578275	37.921822	1.003146e+05	1.917733e+01	5.844209e+03	5.720175e+03	1.078249e+04	1.066097e+04	2.983676e+02	6.172301e-05	2020	9	6	6
	1034	1367	-34.593902	38.203072	1.004166e+05	1.755194e+01	5.858971e+03	5.741675e+03	1.079151e+04	1.066997e+04	2.976675e+02	5.435903e-05	2020	9	6	12
	1041	1375	-33.609528	38.953071	1.004635e+05	1.874259e+01	5.848335e+03	5.740796e+03	1.078528e+04	1.067899e+04	2.976069e+02	2.841262e-05	2020	9	6	18
	1051	1382	-32.203279	39.609320	1.006105e+05	1.899833e+01	5.868606e+03	5.748425e+03	1.078769e+04	1.066812e+04	2.966759e+02	4.124888e-05	2020	9	7	0
	1058	1395	-31.218905	40.828068	1.004930e+05	1.931821e+01	5.829388e+03	5.720148e+03	1.075378e+04	1.062427e+04	2.956887e+02	5.288819e-05	2020	9	7	6
	1065	1409	-30.234531	42.140566	1.004945e+05	1.941575e+01	5.833606e+03	5.706420e+03	1.075096e+04	1.059293e+04	2.948924e+02	4.746311e-05	2020	9	7	12
	1072	1424	-29.250157	43.546814	1.004322e+05	2.037030e+01	5.825127e+03	5.683097e+03	1.073821e+04	1.055994e+04	2.948086e+02	2.760713e-05	2020	9	7	18
	1084	1444	-27.562659	45.421812	1.005065e+05	2.041821e+01	5.824551e+03	5.666144e+03	1.072597e+04	1.052663e+04	2.925984e+02	4.275076e-05	2020	9	8	0
	1096	1464	-25.875161	47.296809	1.003740e+05	2.080541e+01	5.802665e+03	5.635129e+03	1.069664e+04	1.048140e+04	2.914820e+02	5.022379e-05	2020	9	8	6
	1109	1482	-24.047038	48.984307	1.004170e+05	2.049427e+01	5.808069e+03	5.634856e+03	1.069783e+04	1.047512e+04	2.898485e+02	7.317328e-05	2020	9	8	12
start	56	2020	9	6	0
	1119	1107	-22.640789	13.828106	1.010729e+05	1.444595e+01	5.892465e+03	5.830819e+03	1.094881e+04	1.087778e+04	3.027970e+02	2.275686e-04	2020	9	6	0
	1110	1105	-23.906413	13.640606	1.008684e+05	1.519857e+01	5.877156e+03	5.810137e+03	1.092274e+04	1.086021e+04	3.030729e+02	2.380438e-04	2020	9	6	6
	1105	1123	-24.609537	15.328104	1.009418e+05	1.495583e+01	5.895121e+03	5.826241e+03	1.094088e+04	1.087845e+04	3.024734e+02	2.383609e-04	2020	9	6	12
	1094	1121	-26.156410	15.140604	1.006367e+05	1.471344e+01	5.879606e+03	5.807822e+03	1.093373e+04	1.086731e+04	3.024526e+02	1.993745e-04	2020	9	6	18
	1082	1132	-27.843909	16.171853	1.008066e+05	1.757669e+01	5.899322e+03	5.828938e+03	1.094212e+04	1.088318e+04	3.021731e+02	2.126917e-04	2020	9	7	0
	1077	1145	-28.547033	17.390601	1.004954e+05	2.029726e+01	5.871149e+03	5.795161e+03	1.091550e+04	1.084233e+04	3.018234e+02	2.642807e-04	2020	9	7	6
	1072	1142	-29.250157	17.109351	1.004762e+05	2.042434e+01	5.881222e+03	5.815730e+03	1.094447e+04	1.085518e+04	3.018779e+02	2.802652e-04	2020	9	7	12
	1069	1152	-29.672032	18.046850	1.002426e+05	2.106872e+01	5.872793e+03	5.781992e+03	1.093583e+04	1.084702e+04	3.020477e+02	2.794898e-04	2020	9	7	18
	1064	1169	-30.375156	19.640598	1.001057e+05	2.544192e+01	5.903535e+03	5.791371e+03	1.093218e+04	1.085460e+04	3.014192e+02	2.720284e-04	2020	9	8	0
	1057	1170	-31.359530	19.734348	9.970724e+04	2.789203e+01	5.878183e+03	5.767220e+03	1.090349e+04	1.082477e+04	3.012244e+02	3.213795e-04	2020	9	8	6
	1050	1183	-32.343904	20.953096	9.971385e+04	2.997945e+01	5.884208e+03	5.735895e+03	1.092867e+04	1.084608e+04	3.008288e+02	3.081314e-04	2020	9	8	12
	1046	1187	-32.906403	21.328095	9.923051e+04	2.818352e+01	5.871245e+03	5.748988e+03	1.091191e+04	1.084131e+04	3.007799e+02	2.610585e-04	2020	9	8	18
	1039	1195	-33.890777	22.078094	9.921995e+04	3.397256e+01	5.912439e+03	5.709288e+03	1.096024e+04	1.084824e+04	3.006860e+02	2.647099e-04	2020	9	9	0
	1038	1203	-34.031402	22.828093	9.910166e+04	2.689868e+01	5.866215e+03	5.747299e+03	1.094346e+04	1.083172e+04	3.006452e+02	1.950079e-04	2020	9	9	6
	1033	1209	-34.734526	23.390592	9.917863e+04	2.589170e+01	5.887472e+03	5.771503e+03	1.095632e+04	1.085773e+04	3.006659e+02	2.094587e-04	2020	9	9	12
	1031	1214	-35.015776	23.859342	9.926159e+04	2.371196e+01	5.878426e+03	5.777866e+03	1.093528e+04	1.086304e+04	3.006979e+02	1.486218e-04	2020	9	9	18
	1024	1223	-36.000150	24.703091	9.943980e+04	2.808187e+01	5.903866e+03	5.759191e+03	1.096761e+04	1.087488e+04	3.006499e+02	1.792819e-04	2020	9	10	0
	1021	1225	-36.422025	24.890590	9.922687e+04	2.409079e+01	5.888264e+03	5.752364e+03	1.090710e+04	1.086625e+04	3.007225e+02	1.899582e-04	2020	9	10	6
	1014	1231	-37.406399	25.453090	9.927648e+04	2.737849e+01	5.901048e+03	5.762937e+03	1.094864e+04	1.087248e+04	3.008411e+02	1.657207e-04	2020	9	10	12
	1011	1235	-37.828273	25.828089	9.918668e+04	2.769530e+01	5.899123e+03	5.735702e+03	1.094353e+04	1.086442e+04	3.007897e+02	1.647905e-04	2020	9	10	18
	1006	1239	-38.531397	26.203089	9.889473e+04	2.729626e+01	5.913521e+03	5.744390e+03	1.096016e+04	1.088948e+04	3.008230e+02	1.539583e-04	2020	9	11	0
	1001	1242	-39.234522	26.484338	9.861285e+04	3.350338e+01	5.894459e+03	5.702659e+03	1.094167e+04	1.085740e+04	3.008790e+02	2.500413e-04	2020	9	11	6
	998	1242	-39.656396	26.484338	9.837069e+04	3.455807e+01	5.900589e+03	5.692985e+03	1.094766e+04	1.085955e+04	3.009112e+02	2.499081e-04	2020	9	11	12
	995	1244	-40.078271	26.671838	9.806713e+04	3.786631e+01	5.894862e+03	5.664170e+03	1.093064e+04	1.085705e+04	3.008820e+02	2.162018e-04	2020	9	11	18
	993	1244	-40.359521	26.671838	9.776364e+04	4.033153e+01	5.899756e+03	5.666133e+03	1.093937e+04	1.086410e+04	3.007458e+02	1.784204e-04	2020	9	12	0
	990	1246	-40.781395	26.859338	9.738512e+04	4.276190e+01	5.877144e+03	5.630777e+03	1.090643e+04	1.082256e+04	3.007862e+02	3.016399e-04	2020	9	12	6
	986	1246	-41.343894	26.859338	9.724616e+04	4.258973e+01	5.881778e+03	5.640140e+03	1.092966e+04	1.085819e+04	3.007826e+02	2.378335e-04	2020	9	12	12
	981	1250	-42.047019	27.234337	9.735368e+04	4.020064e+01	5.879713e+03	5.644940e+03	1.091292e+04	1.085445e+04	3.007285e+02	1.614204e-04	2020	9	12	18
	979	1255	-42.328268	27.703087	9.745649e+04	3.772017e+01	5.888437e+03	5.654521e+03	1.092867e+04	1.085251e+04	3.005382e+02	1.867810e-04	2020	9	13	0
	976	1262	-42.750143	28.359336	9.727755e+04	4.046593e+01	5.866616e+03	5.627424e+03	1.090525e+04	1.083015e+04	3.005305e+02	2.466286e-04	2020	9	13	6
	972	1270	-43.312642	29.109335	9.738359e+04	3.800540e+01	5.882586e+03	5.646734e+03	1.091737e+04	1.085243e+04	3.005052e+02	1.975651e-04	2020	9	13	12
	969	1283	-43.734517	30.328083	9.734966e+04	4.242597e+01	5.871906e+03	5.633729e+03	1.090876e+04	1.083900e+04	3.003947e+02	2.479265e-04	2020	9	13	18
	968	1295	-43.875142	31.453081	9.725440e+04	4.060432e+01	5.878404e+03	5.634246e+03	1.092247e+04	1.082319e+04	3.001616e+02	2.341972e-04	2020	9	14	0
	969	1306	-43.734517	32.484330	9.730405e+04	3.953711e+01	5.859621e+03	5.625947e+03	1.089020e+04	1.078183e+04	2.998224e+02	2.028419e-04	2020	9	14	6
	969	1322	-43.734517	33.984328	9.738173e+04	4.185024e+01	5.863924e+03	5.636137e+03	1.089538e+04	1.075330e+04	2.993304e+02	2.987844e-04	2020	9	14	12
	973	1336	-43.172018	35.296826	9.724473e+04	4.409379e+01	5.856241e+03	5.604707e+03	1.088621e+04	1.072990e+04	2.990267e+02	3.047311e-04	2020	9	14	18
	978	1350	-42.468893	36.609324	9.706664e+04	4.466521e+01	5.866475e+03	5.593307e+03	1.088164e+04	1.072110e+04	2.984728e+02	3.611560e-04	2020	9	15	0
	982	1363	-41.906394	37.828072	9.713209e+04	4.060724e+01	5.838973e+03	5.593236e+03	1.085590e+04	1.067725e+04	2.980717e+02	3.316513e-04	2020	9	15	6
	983	1372	-41.765769	38.671821	9.719586e+04	4.507572e+01	5.843107e+03	5.604146e+03	1.085621e+04	1.066577e+04	2.978686e+02	2.950310e-04	2020	9	15	12
	983	1378	-41.765769	39.234320	9.725490e+04	4.025513e+01	5.832557e+03	5.580267e+03	1.084009e+04	1.066599e+04	2.976386e+02	1.822377e-04	2020	9	15	18
	981	1381	-42.047019	39.515570	9.752131e+04	3.504807e+01	5.829858e+03	5.587879e+03	1.082606e+04	1.066061e+04	2.973555e+02	1.384208e-04	2020	9	16	0
	977	1380	-42.609518	39.421820	9.771296e+04	3.805239e+01	5.813264e+03	5.585239e+03	1.078456e+04	1.064270e+04	2.974561e+02	1.418120e-04	2020	9	16	6
	972	1374	-43.312642	38.859321	9.780314e+04	3.974513e+01	5.823877e+03	5.584019e+03	1.077485e+04	1.065255e+04	2.975791e+02	1.493361e-04	2020	9	16	12
	970	1368	-43.593892	38.296822	9.767480e+04	3.586869e+01	5.815559e+03	5.574268e+03	1.077126e+04	1.063808e+04	2.976443e+02	1.689078e-04	2020	9	16	18
	970	1364	-43.593892	37.921822	9.782548e+04	3.818523e+01	5.823760e+03	5.594466e+03	1.078616e+04	1.066025e+04	2.975970e+02	1.338208e-04	2020	9	17	0
	971	1362	-43.453267	37.734323	9.805139e+04	3.526435e+01	5.799919e+03	5.601116e+03	1.078339e+04	1.064751e+04	2.974496e+02	1.453685e-04	2020	9	17	6
	973	1366	-43.172018	38.109322	9.833253e+04	3.049470e+01	5.808788e+03	5.627770e+03	1.080496e+04	1.064120e+04	2.973142e+02	1.089896e-04	2020	9	17	12
	968	1368	-43.875142	38.296822	9.833853e+04	3.448007e+01	5.785153e+03	5.627708e+03	1.079515e+04	1.062686e+04	2.974312e+02	1.166600e-04	2020	9	17	18
	964	1367	-44.437641	38.203072	9.840737e+04	3.692862e+01	5.776562e+03	5.613069e+03	1.078451e+04	1.061443e+04	2.976862e+02	1.464440e-04	2020	9	18	0
	956	1360	-45.562640	37.546823	9.804956e+04	3.199112e+01	5.757758e+03	5.571097e+03	1.074294e+04	1.057544e+04	2.975815e+02	1.729816e-04	2020	9	18	6
	954	1349	-45.843890	36.515574	9.804621e+04	3.083897e+01	5.773315e+03	5.576931e+03	1.072782e+04	1.060000e+04	2.979980e+02	2.192467e-04	2020	9	18	12
	957	1340	-45.422015	35.671825	9.837975e+04	3.082420e+01	5.789290e+03	5.600251e+03	1.073345e+04	1.063419e+04	2.984246e+02	1.492465e-04	2020	9	18	18
	961	1338	-44.859516	35.484326	9.870306e+04	3.297874e+01	5.816110e+03	5.650407e+03	1.076578e+04	1.066323e+04	2.982436e+02	9.133778e-05	2020	9	19	0
	961	1331	-44.859516	34.828077	9.912534e+04	2.940275e+01	5.814783e+03	5.666022e+03	1.077241e+04	1.065564e+04	2.984244e+02	1.117596e-04	2020	9	19	6
	959	1325	-45.140766	34.265577	9.913399e+04	3.242440e+01	5.834232e+03	5.679063e+03	1.079797e+04	1.068906e+04	2.985608e+02	1.092456e-04	2020	9	19	12
	959	1321	-45.140766	33.890578	9.936520e+04	2.737712e+01	5.849931e+03	5.690659e+03	1.081645e+04	1.070860e+04	2.988621e+02	5.477624e-05	2020	9	19	18
start	84	2020	9	8	0
	2297	1194	143.015288	21.984344	1.003661e+05	1.374666e+01	5.883107e+03	5.838804e+03	1.102275e+04	1.094006e+04	3.033249e+02	7.040431e-05	2020	9	8	0
	2303	1196	143.859038	22.171844	1.002367e+05	1.462550e+01	5.871303e+03	5.830269e+03	1.096434e+04	1.093200e+04	3.032593e+02	5.978648e-05	2020	9	8	6
	2311	1188	144.984036	21.421845	1.003488e+05	1.247091e+01	5.888899e+03	5.841696e+03	1.100996e+04	1.093398e+04	3.033501e+02	7.490142e-05	2020	9	8	12
	2313	1181	145.265286	20.765596	1.002547e+05	1.252397e+01	5.871939e+03	5.827055e+03	1.098256e+04	1.090212e+04	3.029664e+02	1.025374e-04	2020	9	8	18
	2319	1182	146.109035	20.859346	1.003307e+05	1.201274e+01	5.880803e+03	5.844869e+03	1.101846e+04	1.092599e+04	3.029696e+02	8.945620e-05	2020	9	9	0
	2317	1178	145.827785	20.484347	1.001452e+05	1.244422e+01	5.875195e+03	5.812414e+03	1.097500e+04	1.090719e+04	3.032630e+02	6.459141e-05	2020	9	9	6
	2319	1173	146.109035	20.015597	1.002544e+05	1.220118e+01	5.891465e+03	5.829259e+03	1.099182e+04	1.091377e+04	3.029134e+02	1.391596e-04	2020	9	9	12
	2320	1173	146.249660	20.015597	1.001574e+05	1.396798e+01	5.853882e+03	5.807078e+03	1.095043e+04	1.089649e+04	3.027547e+02	1.339683e-04	2020	9	9	18
	2317	1169	145.827785	19.640598	1.002252e+05	1.448370e+01	5.873935e+03	5.819906e+03	1.096571e+04	1.092030e+04	3.025762e+02	8.172343e-05	2020	9	10	0
	2313	1168	145.265286	19.546848	1.000783e+05	1.300232e+01	5.847146e+03	5.801516e+03	1.094709e+04	1.090121e+04	3.032893e+02	8.658195e-05	2020	9	10	6
	2312	1166	145.124661	19.359348	1.001493e+05	1.269616e+01	5.872854e+03	5.810468e+03	1.101181e+04	1.091914e+04	3.031311e+02	1.196677e-04	2020	9	10	12
	2313	1159	145.265286	18.703099	9.998789e+04	1.298932e+01	5.841037e+03	5.796837e+03	1.093523e+04	1.087802e+04	3.028223e+02	1.198204e-04	2020	9	10	18
	2309	1160	144.702787	18.796849	1.000271e+05	1.433970e+01	5.859958e+03	5.795375e+03	1.098809e+04	1.090638e+04	3.028601e+02	9.201301e-05	2020	9	11	0
	2306	1164	144.280912	19.171848	9.989494e+04	1.111646e+01	5.843023e+03	5.791592e+03	1.096606e+04	1.090167e+04	3.030342e+02	5.173726e-05	2020	9	11	6
	2306	1163	144.280912	19.078098	1.000120e+05	1.445821e+01	5.860047e+03	5.793992e+03	1.096512e+04	1.090408e+04	3.029444e+02	1.214707e-04	2020	9	11	12
	2305	1164	144.140287	19.171848	9.989827e+04	1.525103e+01	5.837709e+03	5.788738e+03	1.096962e+04	1.087895e+04	3.028598e+02	1.822805e-04	2020	9	11	18
	2305	1169	144.140287	19.640598	9.996588e+04	1.411724e+01	5.863419e+03	5.807354e+03	1.095877e+04	1.091764e+04	3.028224e+02	7.701849e-05	2020	9	12	0
	2309	1168	144.702787	19.546848	9.985248e+04	1.491300e+01	5.852284e+03	5.799072e+03	1.098248e+04	1.090914e+04	3.032235e+02	8.820624e-05	2020	9	12	6
	2313	1177	145.265286	20.390597	1.000337e+05	1.798838e+01	5.881726e+03	5.816868e+03	1.100225e+04	1.093103e+04	3.029803e+02	1.466788e-04	2020	9	12	12
	2319	1184	146.109035	21.046846	9.994956e+04	1.537395e+01	5.858487e+03	5.800918e+03	1.098629e+04	1.092117e+04	3.027939e+02	1.427520e-04	2020	9	12	18
	2321	1196	146.390285	22.171844	1.001163e+05	1.492148e+01	5.878652e+03	5.816319e+03	1.100688e+04	1.093688e+04	3.029185e+02	1.143049e-04	2020	9	13	0
	2321	1199	146.390285	22.453094	9.998297e+04	1.740807e+01	5.869854e+03	5.798667e+03	1.100581e+04	1.093483e+04	3.030607e+02	8.702415e-05	2020	9	13	6
	2325	1207	146.952784	23.203093	1.001910e+05	1.552536e+01	5.896922e+03	5.846255e+03	1.103642e+04	1.095202e+04	3.030375e+02	1.134128e-04	2020	9	13	12
	2323	1210	146.671535	23.484342	1.000237e+05	1.446067e+01	5.872529e+03	5.802309e+03	1.101627e+04	1.093519e+04	3.027404e+02	1.271215e-04	2020	9	13	18
	2323	1213	146.671535	23.765592	1.000500e+05	1.720040e+01	5.875697e+03	5.821403e+03	1.100688e+04	1.094101e+04	3.026315e+02	7.968313e-05	2020	9	14	0
	2324	1216	146.812159	24.046842	9.991345e+04	1.498864e+01	5.864522e+03	5.813052e+03	1.098825e+04	1.093643e+04	3.027606e+02	6.260926e-05	2020	9	14	6
	2321	1218	146.390285	24.234341	9.994969e+04	1.567153e+01	5.875530e+03	5.818703e+03	1.098795e+04	1.094273e+04	3.025555e+02	1.435831e-04	2020	9	14	12
	2322	1220	146.530910	24.421841	9.968177e+04	1.711353e+01	5.850759e+03	5.794869e+03	1.098886e+04	1.092045e+04	3.024768e+02	1.254939e-04	2020	9	14	18
	2323	1217	146.671535	24.140591	9.971662e+04	2.032867e+01	5.863648e+03	5.792670e+03	1.099480e+04	1.093120e+04	3.024939e+02	9.393389e-05	2020	9	15	0
	2324	1213	146.812159	23.765592	9.962343e+04	1.753096e+01	5.848208e+03	5.773374e+03	1.096847e+04	1.091327e+04	3.026927e+02	1.073094e-04	2020	9	15	6
	2326	1213	147.093409	23.765592	9.963514e+04	1.895319e+01	5.869820e+03	5.784323e+03	1.098197e+04	1.092784e+04	3.026997e+02	1.114715e-04	2020	9	15	12
	2331	1206	147.796533	23.109343	9.920955e+04	2.048326e+01	5.849945e+03	5.755178e+03	1.093907e+04	1.089933e+04	3.027794e+02	1.751254e-04	2020	9	15	18
	2335	1206	148.359033	23.109343	9.930567e+04	1.953860e+01	5.857084e+03	5.777776e+03	1.096244e+04	1.091141e+04	3.027641e+02	1.957572e-04	2020	9	16	0
	2339	1202	148.921532	22.734343	9.875388e+04	2.834706e+01	5.841906e+03	5.722829e+03	1.096164e+04	1.088192e+04	3.027281e+02	1.828296e-04	2020	9	16	6
	2344	1203	149.624657	22.828093	9.889035e+04	2.825142e+01	5.863202e+03	5.736240e+03	1.096692e+04	1.090927e+04	3.025418e+02	1.875557e-04	2020	9	16	12
	2350	1205	150.468406	23.015593	9.889973e+04	2.655617e+01	5.846312e+03	5.778244e+03	1.094464e+04	1.089555e+04	3.025698e+02	2.336655e-04	2020	9	16	18
	2356	1209	151.312155	23.390592	9.921990e+04	2.527641e+01	5.873456e+03	5.780958e+03	1.096670e+04	1.090631e+04	3.025252e+02	1.344546e-04	2020	9	17	0
	2364	1214	152.437154	23.859342	9.926053e+04	2.694169e+01	5.862469e+03	5.784881e+03	1.095359e+04	1.090669e+04	3.026673e+02	1.320122e-04	2020	9	17	6
	2371	1219	153.421528	24.328091	9.959720e+04	2.345555e+01	5.884899e+03	5.805528e+03	1.099178e+04	1.092165e+04	3.025804e+02	1.838056e-04	2020	9	17	12
	2381	1222	154.827776	24.609341	9.960028e+04	2.325067e+01	5.867401e+03	5.781434e+03	1.098009e+04	1.091726e+04	3.020251e+02	2.261136e-04	2020	9	17	18
	2384	1229	155.249651	25.265590	9.965523e+04	1.981703e+01	5.890994e+03	5.806258e+03	1.097676e+04	1.093428e+04	3.019578e+02	1.385325e-04	2020	9	18	0
	2389	1234	155.952775	25.734339	9.945809e+04	2.163616e+01	5.876965e+03	5.779244e+03	1.098552e+04	1.092104e+04	3.017177e+02	1.471122e-04	2020	9	18	6
	2390	1234	156.093400	25.734339	9.965325e+04	2.240854e+01	5.893469e+03	5.788333e+03	1.101911e+04	1.093513e+04	3.015724e+02	1.305068e-04	2020	9	18	12
	2389	1235	155.952775	25.828089	9.944133e+04	1.875218e+01	5.880270e+03	5.763629e+03	1.096475e+04	1.092236e+04	3.015264e+02	1.563213e-04	2020	9	18	18
	2388	1235	155.812150	25.828089	9.955422e+04	2.025822e+01	5.891014e+03	5.791671e+03	1.098775e+04	1.093367e+04	3.015127e+02	4.678182e-05	2020	9	19	0
	2384	1234	155.249651	25.734339	9.940315e+04	1.895727e+01	5.874645e+03	5.772072e+03	1.096154e+04	1.092279e+04	3.016610e+02	1.032036e-04	2020	9	19	6
	2381	1227	154.827776	25.078090	9.949366e+04	1.946247e+01	5.885880e+03	5.788271e+03	1.097292e+04	1.093755e+04	3.017227e+02	8.992698e-05	2020	9	19	12
	2378	1223	154.405902	24.703091	9.932224e+04	2.118037e+01	5.866889e+03	5.759582e+03	1.095144e+04	1.091514e+04	3.016840e+02	1.117894e-04	2020	9	19	18
	2373	1219	153.702777	24.328091	9.939831e+04	2.063093e+01	5.881539e+03	5.776168e+03	1.097009e+04	1.093710e+04	3.017431e+02	7.840333e-05	2020	9	20	0
	2370	1215	153.280903	23.953092	9.920924e+04	2.117783e+01	5.868046e+03	5.761823e+03	1.097825e+04	1.091845e+04	3.021486e+02	7.217317e-05	2020	9	20	6
	2366	1210	152.718403	23.484342	9.918937e+04	2.094713e+01	5.881819e+03	5.773597e+03	1.097893e+04	1.093593e+04	3.021229e+02	1.506534e-04	2020	9	20	12
	2357	1207	151.452780	23.203093	9.896264e+04	2.349139e+01	5.866109e+03	5.751638e+03	1.096147e+04	1.091001e+04	3.019279e+02	1.333566e-04	2020	9	20	18
	2351	1206	150.609030	23.109343	9.888456e+04	2.694067e+01	5.883547e+03	5.724745e+03	1.097258e+04	1.090645e+04	3.020186e+02	7.829707e-05	2020	9	21	0
	2343	1203	149.484032	22.828093	9.854706e+04	2.716314e+01	5.867558e+03	5.672602e+03	1.096723e+04	1.087033e+04	3.022505e+02	1.031724e-04	2020	9	21	6
	2334	1200	148.218408	22.546844	9.828387e+04	2.966585e+01	5.882083e+03	5.710190e+03	1.098218e+04	1.091110e+04	3.024470e+02	1.203027e-04	2020	9	21	12
	2326	1201	147.093409	22.640594	9.771252e+04	3.127725e+01	5.857594e+03	5.674409e+03	1.096849e+04	1.087538e+04	3.023579e+02	2.022602e-04	2020	9	21	18
	2320	1201	146.249660	22.640594	9.759362e+04	3.494550e+01	5.878664e+03	5.676669e+03	1.097783e+04	1.088833e+04	3.024706e+02	8.886366e-05	2020	9	22	0
	2314	1203	145.405911	22.828093	9.735968e+04	3.263689e+01	5.858803e+03	5.604974e+03	1.097300e+04	1.084052e+04	3.024079e+02	1.484662e-04	2020	9	22	6
	2311	1205	144.984036	23.015593	9.664969e+04	3.355551e+01	5.863423e+03	5.595489e+03	1.096695e+04	1.084229e+04	3.026095e+02	1.157653e-04	2020	9	22	12
	2308	1206	144.562162	23.109343	9.638457e+04	3.996095e+01	5.845982e+03	5.579493e+03	1.095561e+04	1.084109e+04	3.025229e+02	1.627067e-04	2020	9	22	18
	2308	1211	144.562162	23.578092	9.615774e+04	3.888820e+01	5.868182e+03	5.560913e+03	1.096146e+04	1.083601e+04	3.022587e+02	1.944437e-04	2020	9	23	0
	2308	1218	144.562162	24.234341	9.571122e+04	4.800443e+01	5.851919e+03	5.535045e+03	1.094094e+04	1.083244e+04	3.025336e+02	1.673536e-04	2020	9	23	6
	2308	1223	144.562162	24.703091	9.526970e+04	4.792046e+01	5.860161e+03	5.528807e+03	1.097891e+04	1.084742e+04	3.024843e+02	1.544181e-04	2020	9	23	12
	2307	1231	144.421537	25.453090	9.497874e+04	4.506200e+01	5.844808e+03	5.513504e+03	1.093143e+04	1.083223e+04	3.024112e+02	2.018355e-04	2020	9	23	18
	2306	1239	144.280912	26.203089	9.505760e+04	4.498250e+01	5.861369e+03	5.539885e+03	1.095190e+04	1.085702e+04	3.023065e+02	1.770249e-04	2020	9	24	0
	2307	1250	144.421537	27.234337	9.488384e+04	4.597557e+01	5.845746e+03	5.508521e+03	1.092948e+04	1.082309e+04	3.020302e+02	1.441114e-04	2020	9	24	6
	2309	1261	144.702787	28.265586	9.485413e+04	4.791201e+01	5.866012e+03	5.512729e+03	1.094338e+04	1.083740e+04	3.016001e+02	1.808794e-04	2020	9	24	12
	2312	1272	145.124661	29.296834	9.464368e+04	4.916791e+01	5.846983e+03	5.484054e+03	1.092364e+04	1.080674e+04	3.015485e+02	2.489787e-04	2020	9	24	18
	2317	1285	145.827785	30.515583	9.496330e+04	4.608435e+01	5.858508e+03	5.508679e+03	1.092582e+04	1.079819e+04	3.012760e+02	1.810618e-04	2020	9	25	0
	2325	1299	146.952784	31.828081	9.553552e+04	4.160587e+01	5.849355e+03	5.535888e+03	1.098068e+04	1.077537e+04	3.010125e+02	2.163694e-04	2020	9	25	6
	2334	1313	148.218408	33.140579	9.637471e+04	3.833287e+01	5.867034e+03	5.618332e+03	1.093580e+04	1.075787e+04	3.006595e+02	2.444920e-04	2020	9	25	12
	2346	1331	149.905906	34.828077	9.715606e+04	3.484425e+01	5.854694e+03	5.604931e+03	1.091081e+04	1.071114e+04	3.003035e+02	3.106638e-04	2020	9	25	18
	2362	1347	152.155904	36.328075	9.767661e+04	3.436225e+01	5.869914e+03	5.650773e+03	1.093068e+04	1.070924e+04	3.002020e+02	3.448050e-04	2020	9	26	0
	2382	1367	154.968401	38.203072	9.756753e+04	3.735818e+01	5.863862e+03	5.598099e+03	1.092807e+04	1.067433e+04	2.997778e+02	3.548876e-04	2020	9	26	6
	2404	1376	158.062148	39.046821	9.790271e+04	3.800173e+01	5.880708e+03	5.655944e+03	1.094963e+04	1.064332e+04	2.988871e+02	3.412912e-04	2020	9	26	12
	2430	1383	161.718394	39.703070	9.854332e+04	3.606408e+01	5.876815e+03	5.629981e+03	1.094458e+04	1.058318e+04	2.982170e+02	3.566119e-04	2020	9	26	18
	2457	1383	165.515265	39.703070	9.906998e+04	3.042984e+01	5.892648e+03	5.617206e+03	1.096058e+04	1.058274e+04	2.963323e+02	2.767596e-04	2020	9	27	0
	2491	1384	170.296510	39.796820	9.918703e+04	2.678350e+01	5.887517e+03	5.575317e+03	1.094874e+04	1.051942e+04	2.963845e+02	2.046533e-04	2020	9	27	6
	2529	1387	175.640254	40.078069	9.920153e+04	2.734619e+01	5.872258e+03	5.519469e+03	1.091970e+04	1.042073e+04	2.946062e+02	2.442207e-04	2020	9	27	12
	14	1398	-178.031252	41.109318	9.840844e+04	2.876381e+01	5.808808e+03	5.437425e+03	1.083523e+04	1.027369e+04	2.929489e+02	3.528209e-04	2020	9	27	18
	52	1411	-172.687508	42.328066	9.743613e+04	3.232984e+01	5.740248e+03	5.368061e+03	1.075626e+04	1.016729e+04	2.916662e+02	3.033148e-04	2020	9	28	0
	87	1428	-167.765638	43.921814	9.603522e+04	3.365752e+01	5.667923e+03	5.266753e+03	1.066171e+04	1.008979e+04	2.904023e+02	2.927847e-04	2020	9	28	6
	119	1450	-163.265642	45.984311	9.508341e+04	3.926289e+01	5.601653e+03	5.170840e+03	1.057487e+04	1.004129e+04	2.875379e+02	2.480013e-04	2020	9	28	12
	148	1478	-159.187522	48.609307	9.455625e+04	3.816862e+01	5.548625e+03	5.108059e+03	1.049500e+04	1.001000e+04	2.870313e+02	1.873961e-04	2020	9	28	18
start	12	2020	9	11	0
	334	1114	-133.031299	14.484355	1.011038e+05	1.059150e+01	5.884792e+03	5.843262e+03	1.093645e+04	1.088980e+04	3.021450e+02	6.131468e-05	2020	9	11	0
	332	1112	-133.312549	14.296855	1.012279e+05	1.255723e+01	5.903675e+03	5.869808e+03	1.096103e+04	1.090973e+04	3.026089e+02	7.164751e-05	2020	9	11	6
	321	1108	-134.859422	13.921856	1.011404e+05	1.279073e+01	5.893554e+03	5.847229e+03	1.093158e+04	1.088387e+04	3.025193e+02	1.280375e-04	2020	9	11	12
	316	1107	-135.562546	13.828106	1.012048e+05	1.255232e+01	5.917625e+03	5.877309e+03	1.095369e+04	1.090354e+04	3.021512e+02	1.092047e-04	2020	9	11	18
	308	1100	-136.687545	13.171857	1.011449e+05	1.249510e+01	5.896932e+03	5.858413e+03	1.097493e+04	1.088759e+04	3.029656e+02	9.904092e-05	2020	9	12	0
	299	1103	-137.953169	13.453106	1.011274e+05	1.162281e+01	5.910836e+03	5.860542e+03	1.100630e+04	1.091015e+04	3.031263e+02	1.436761e-04	2020	9	12	6
	292	1104	-138.937543	13.546856	1.010966e+05	1.201988e+01	5.895490e+03	5.844804e+03	1.097547e+04	1.088857e+04	3.024401e+02	2.122085e-04	2020	9	12	12
	281	1101	-140.484416	13.265607	1.011993e+05	1.431885e+01	5.916212e+03	5.866429e+03	1.096957e+04	1.090809e+04	3.021492e+02	1.751797e-04	2020	9	12	18
	267	1098	-142.453164	12.984357	1.010244e+05	1.363484e+01	5.893765e+03	5.843796e+03	1.094134e+04	1.089195e+04	3.034080e+02	1.899678e-04	2020	9	13	0
	258	1094	-143.718788	12.609357	1.010491e+05	1.451030e+01	5.911324e+03	5.848991e+03	1.096735e+04	1.089694e+04	3.036937e+02	2.068806e-04	2020	9	13	6
	253	1097	-144.421912	12.890607	1.010564e+05	1.330110e+01	5.883125e+03	5.837315e+03	1.095899e+04	1.088733e+04	3.030769e+02	2.677410e-04	2020	9	13	12
	246	1100	-145.406286	13.171857	1.011252e+05	1.396216e+01	5.895304e+03	5.854003e+03	1.097001e+04	1.090403e+04	3.026516e+02	2.110251e-04	2020	9	13	18
start	43	2020	9	11	6
	1107	1070	-24.328287	10.359361	1.010363e+05	1.024967e+01	5.864919e+03	5.803523e+03	1.090367e+04	1.084607e+04	3.016884e+02	2.923126e-04	2020	9	11	6
	1105	1077	-24.609537	11.015610	1.012415e+05	9.705249e+00	5.891608e+03	5.832468e+03	1.095766e+04	1.087439e+04	3.017060e+02	3.690374e-04	2020	9	11	12
	1109	1077	-24.047038	11.015610	1.009768e+05	1.496509e+01	5.877913e+03	5.815764e+03	1.092579e+04	1.086267e+04	3.019150e+02	3.150169e-04	2020	9	11	18
	1097	1091	-25.734536	12.328108	1.010310e+05	1.429671e+01	5.901269e+03	5.831544e+03	1.094929e+04	1.088707e+04	3.018066e+02	3.123312e-04	2020	9	12	0
	1089	1100	-26.859535	13.171857	1.006827e+05	1.483824e+01	5.878452e+03	5.797342e+03	1.090871e+04	1.085243e+04	3.017569e+02	3.661963e-04	2020	9	12	6
	1078	1095	-28.406408	12.703107	1.007221e+05	1.588548e+01	5.880274e+03	5.811201e+03	1.096126e+04	1.086828e+04	3.017219e+02	3.527743e-04	2020	9	12	12
	1078	1096	-28.406408	12.796857	1.004655e+05	1.839123e+01	5.868417e+03	5.795337e+03	1.091342e+04	1.086699e+04	3.017851e+02	2.552695e-04	2020	9	12	18
	1069	1105	-29.672032	13.640606	1.004228e+05	1.784936e+01	5.882853e+03	5.810934e+03	1.097305e+04	1.087911e+04	3.016457e+02	2.655937e-04	2020	9	13	0
	1069	1111	-29.672032	14.203105	1.000611e+05	2.070512e+01	5.864092e+03	5.770867e+03	1.091619e+04	1.085350e+04	3.015970e+02	3.458616e-04	2020	9	13	6
	1063	1114	-30.515781	14.484355	1.000132e+05	2.298002e+01	5.874245e+03	5.791501e+03	1.094390e+04	1.087744e+04	3.017395e+02	2.918118e-04	2020	9	13	12
	1059	1120	-31.078280	15.046854	9.967750e+04	2.390372e+01	5.861827e+03	5.759266e+03	1.091931e+04	1.084672e+04	3.016918e+02	2.339405e-04	2020	9	13	18
	1056	1120	-31.500155	15.046854	9.956337e+04	2.567645e+01	5.870415e+03	5.764007e+03	1.096115e+04	1.086742e+04	3.016694e+02	2.600988e-04	2020	9	14	0
	1052	1124	-32.062654	15.421854	9.899048e+04	3.315197e+01	5.849057e+03	5.704627e+03	1.089139e+04	1.081600e+04	3.016465e+02	3.869229e-04	2020	9	14	6
	1047	1125	-32.765778	15.515603	9.865220e+04	3.443707e+01	5.872825e+03	5.690001e+03	1.090492e+04	1.083070e+04	3.015858e+02	4.010241e-04	2020	9	14	12
	1042	1130	-33.468903	15.984353	9.823615e+04	3.252012e+01	5.859291e+03	5.660615e+03	1.088646e+04	1.081791e+04	3.015900e+02	2.558693e-04	2020	9	14	18
	1036	1136	-34.312652	16.546852	9.795517e+04	3.759600e+01	5.878783e+03	5.648491e+03	1.090433e+04	1.081698e+04	3.015702e+02	2.897229e-04	2020	9	15	0
	1030	1139	-35.156401	16.828102	9.727473e+04	4.250837e+01	5.865951e+03	5.604915e+03	1.090216e+04	1.078749e+04	3.015192e+02	3.757094e-04	2020	9	15	6
	1025	1144	-35.859525	17.296851	9.692629e+04	4.169463e+01	5.885427e+03	5.605631e+03	1.091120e+04	1.079935e+04	3.013590e+02	3.040569e-04	2020	9	15	12
	1017	1154	-36.984524	18.234350	9.652227e+04	4.453467e+01	5.878997e+03	5.590195e+03	1.091729e+04	1.080765e+04	3.016098e+02	3.610798e-04	2020	9	15	18
	1012	1164	-37.687648	19.171848	9.637698e+04	4.028606e+01	5.902715e+03	5.588654e+03	1.093800e+04	1.080642e+04	3.013947e+02	3.407872e-04	2020	9	16	0
	1006	1172	-38.531397	19.921847	9.595159e+04	4.672347e+01	5.882740e+03	5.564609e+03	1.091214e+04	1.078829e+04	3.011386e+02	3.780192e-04	2020	9	16	6
	1001	1184	-39.234522	21.046846	9.590540e+04	4.727126e+01	5.901287e+03	5.565777e+03	1.093347e+04	1.080200e+04	3.011089e+02	3.422013e-04	2020	9	16	12
	997	1198	-39.797021	22.359344	9.566026e+04	4.687094e+01	5.888596e+03	5.544287e+03	1.092808e+04	1.077917e+04	3.010125e+02	3.351199e-04	2020	9	16	18
	997	1213	-39.797021	23.765592	9.551030e+04	5.234908e+01	5.908040e+03	5.538474e+03	1.093864e+04	1.077548e+04	3.007817e+02	3.999327e-04	2020	9	17	0
	999	1231	-39.515771	25.453090	9.552702e+04	4.900221e+01	5.884891e+03	5.519760e+03	1.091117e+04	1.075552e+04	3.002152e+02	4.405239e-04	2020	9	17	6
	1004	1253	-38.812647	27.515587	9.571954e+04	4.416811e+01	5.897648e+03	5.535273e+03	1.092331e+04	1.075659e+04	3.000713e+02	3.824944e-04	2020	9	17	12
	1009	1280	-38.109523	30.046833	9.586466e+04	4.424276e+01	5.877236e+03	5.520983e+03	1.091576e+04	1.071050e+04	3.001972e+02	3.744269e-04	2020	9	17	18
	1016	1312	-37.125149	33.046829	9.610542e+04	4.073687e+01	5.891609e+03	5.530605e+03	1.091350e+04	1.068217e+04	2.994140e+02	3.378852e-04	2020	9	18	0
	1022	1342	-36.281400	35.859325	9.623141e+04	4.458597e+01	5.858522e+03	5.516210e+03	1.086547e+04	1.064320e+04	2.982848e+02	2.794100e-04	2020	9	18	6
	1024	1367	-36.000150	38.203072	9.633331e+04	4.246941e+01	5.824635e+03	5.537276e+03	1.085369e+04	1.062533e+04	2.969586e+02	2.404713e-04	2020	9	18	12
	1021	1381	-36.422025	39.515570	9.634573e+04	4.040517e+01	5.779758e+03	5.513859e+03	1.082121e+04	1.064280e+04	2.964470e+02	2.246184e-04	2020	9	18	18
	1018	1381	-36.843899	39.515570	9.642502e+04	4.358993e+01	5.780528e+03	5.514545e+03	1.078261e+04	1.066668e+04	2.966346e+02	1.986822e-04	2020	9	19	0
	1016	1379	-37.125149	39.328070	9.662092e+04	4.092985e+01	5.790041e+03	5.518159e+03	1.075212e+04	1.065587e+04	2.967050e+02	1.329680e-04	2020	9	19	6
	1015	1373	-37.265774	38.765571	9.733890e+04	3.493309e+01	5.824132e+03	5.577374e+03	1.078569e+04	1.069788e+04	2.967010e+02	8.814533e-05	2020	9	19	12
	1010	1366	-37.968898	38.109322	9.782894e+04	3.380004e+01	5.846553e+03	5.605009e+03	1.081410e+04	1.072370e+04	2.970535e+02	5.029134e-05	2020	9	19	18
	1005	1363	-38.672022	37.828072	9.826405e+04	3.279827e+01	5.868864e+03	5.647988e+03	1.083848e+04	1.074986e+04	2.970125e+02	6.363936e-05	2020	9	20	0
	995	1364	-40.078271	37.921822	9.864383e+04	3.104215e+01	5.868109e+03	5.659385e+03	1.083286e+04	1.072950e+04	2.968815e+02	1.003401e-04	2020	9	20	6
	979	1363	-42.328268	37.828072	9.903873e+04	2.938835e+01	5.887832e+03	5.686967e+03	1.084644e+04	1.074755e+04	2.968550e+02	7.672674e-05	2020	9	20	12
	967	1350	-44.015767	36.609324	9.921717e+04	2.624953e+01	5.889522e+03	5.705300e+03	1.085039e+04	1.076362e+04	2.969594e+02	9.806022e-05	2020	9	20	18
	967	1343	-44.015767	35.953075	9.951009e+04	2.697017e+01	5.892920e+03	5.735681e+03	1.086159e+04	1.078597e+04	2.973048e+02	8.022074e-05	2020	9	21	0
	975	1341	-42.890768	35.765575	9.975323e+04	2.938962e+01	5.879931e+03	5.738443e+03	1.086513e+04	1.078022e+04	2.968553e+02	8.585946e-05	2020	9	21	6
	994	1349	-40.218896	36.515574	9.986238e+04	2.916423e+01	5.895286e+03	5.747087e+03	1.088165e+04	1.077782e+04	2.972280e+02	5.158142e-05	2020	9	21	12
	1007	1359	-38.390773	37.453073	9.971997e+04	2.760293e+01	5.873838e+03	5.751847e+03	1.086487e+04	1.070616e+04	2.970436e+02	3.790567e-05	2020	9	21	18
start	18	2020	9	14	6
	502	1158	-109.406324	18.609349	1.008486e+05	1.010827e+01	5.884922e+03	5.834562e+03	1.093647e+04	1.090262e+04	3.034044e+02	8.037422e-05	2020	9	14	6
	503	1159	-109.265699	18.703099	1.006443e+05	1.047984e+01	5.854060e+03	5.802886e+03	1.093671e+04	1.087571e+04	3.034979e+02	1.947022e-04	2020	9	14	12
	509	1170	-108.421950	19.734348	1.007030e+05	9.880514e+00	5.867508e+03	5.829834e+03	1.096843e+04	1.088639e+04	3.045122e+02	1.349829e-04	2020	9	14	18
	505	1170	-108.984449	19.734348	1.004319e+05	1.093282e+01	5.852331e+03	5.806781e+03	1.091674e+04	1.087393e+04	3.044232e+02	1.365169e-04	2020	9	15	0
	503	1179	-109.265699	20.578096	1.006128e+05	9.694438e+00	5.867509e+03	5.822198e+03	1.098454e+04	1.088367e+04	3.045168e+02	1.199991e-04	2020	9	15	6
	503	1180	-109.265699	20.671846	1.004339e+05	1.162604e+01	5.869635e+03	5.808329e+03	1.093294e+04	1.086536e+04	3.044245e+02	1.904079e-04	2020	9	15	12
	503	1186	-109.265699	21.234345	1.006325e+05	1.399858e+01	5.875913e+03	5.819339e+03	1.095053e+04	1.088457e+04	3.043858e+02	1.398838e-04	2020	9	15	18
	496	1186	-110.250073	21.234345	1.004527e+05	1.010347e+01	5.868389e+03	5.815584e+03	1.094368e+04	1.087564e+04	3.044747e+02	1.343448e-04	2020	9	16	0
	497	1196	-110.109448	22.171844	1.006911e+05	1.165906e+01	5.903809e+03	5.826172e+03	1.096115e+04	1.089715e+04	3.045366e+02	1.263408e-04	2020	9	16	6
	496	1199	-110.250073	22.453094	1.005609e+05	1.365147e+01	5.883948e+03	5.802374e+03	1.096140e+04	1.087960e+04	3.043977e+02	2.029193e-04	2020	9	16	12
	483	1199	-112.078196	22.453094	1.006840e+05	1.591115e+01	5.891615e+03	5.826964e+03	1.100589e+04	1.088625e+04	3.039601e+02	1.600844e-04	2020	9	16	18
	479	1210	-112.640695	23.484342	1.005073e+05	1.457260e+01	5.886853e+03	5.820208e+03	1.095600e+04	1.086479e+04	3.038496e+02	1.593638e-04	2020	9	17	0
	473	1217	-113.484444	24.140591	1.006373e+05	1.516817e+01	5.900119e+03	5.813748e+03	1.095233e+04	1.087411e+04	3.034977e+02	8.162793e-05	2020	9	17	6
	467	1222	-114.328193	24.609341	1.005559e+05	1.711910e+01	5.882569e+03	5.816661e+03	1.094638e+04	1.083867e+04	3.031241e+02	5.496142e-05	2020	9	17	12
	459	1234	-115.453192	25.734339	1.006403e+05	2.004802e+01	5.902047e+03	5.840788e+03	1.096166e+04	1.084220e+04	3.029813e+02	8.801551e-05	2020	9	17	18
	461	1237	-115.171943	26.015589	1.007119e+05	1.492734e+01	5.900039e+03	5.836160e+03	1.096065e+04	1.083019e+04	3.035379e+02	1.292826e-04	2020	9	18	0
	456	1259	-115.875067	28.078086	1.006639e+05	1.665248e+01	5.907434e+03	5.821327e+03	1.099034e+04	1.083460e+04	3.027532e+02	9.731092e-05	2020	9	18	6
	449	1267	-116.859441	28.828085	1.005624e+05	1.656592e+01	5.896226e+03	5.822205e+03	1.092800e+04	1.079044e+04	3.011955e+02	4.102226e-05	2020	9	18	12
start	81	2020	9	16	6
	1120	1046	-22.500164	8.109364	1.011448e+05	1.474984e+01	5.875401e+03	5.818323e+03	1.094101e+04	1.084716e+04	3.009564e+02	4.169560e-04	2020	9	16	6
	1110	1051	-23.906413	8.578113	1.012364e+05	1.897953e+01	5.891323e+03	5.831410e+03	1.095335e+04	1.087266e+04	3.010598e+02	4.274363e-04	2020	9	16	12
	1093	1055	-26.297035	8.953113	1.010788e+05	1.767664e+01	5.881716e+03	5.816458e+03	1.093360e+04	1.084735e+04	3.013076e+02	4.663302e-04	2020	9	16	18
	1086	1058	-27.281409	9.234362	1.012169e+05	1.531104e+01	5.898571e+03	5.831059e+03	1.095951e+04	1.086737e+04	3.013623e+02	4.747761e-04	2020	9	17	0
	1074	1061	-28.968907	9.515612	1.008969e+05	2.015102e+01	5.872412e+03	5.805211e+03	1.090868e+04	1.082670e+04	3.015143e+02	5.338451e-04	2020	9	17	6
	1066	1058	-30.093906	9.234362	1.010158e+05	1.596841e+01	5.886014e+03	5.820569e+03	1.091766e+04	1.084885e+04	3.015610e+02	5.316854e-04	2020	9	17	12
	1068	1063	-29.812657	9.703112	1.008075e+05	1.948615e+01	5.873612e+03	5.795121e+03	1.092426e+04	1.083666e+04	3.015775e+02	4.057745e-04	2020	9	17	18
	1046	1060	-32.906403	9.421862	1.007321e+05	2.146213e+01	5.885798e+03	5.788000e+03	1.091856e+04	1.084338e+04	3.017462e+02	4.331675e-04	2020	9	18	0
	1041	1065	-33.609528	9.890611	1.003853e+05	2.402687e+01	5.864998e+03	5.781519e+03	1.089197e+04	1.081551e+04	3.017367e+02	4.565658e-04	2020	9	18	6
	1034	1078	-34.593902	11.109360	1.002504e+05	2.934358e+01	5.889668e+03	5.783384e+03	1.090711e+04	1.084251e+04	3.017943e+02	4.506511e-04	2020	9	18	12
	1021	1080	-36.422025	11.296859	9.986512e+04	3.103356e+01	5.890486e+03	5.764002e+03	1.092204e+04	1.084253e+04	3.022981e+02	3.421515e-04	2020	9	18	18
	1010	1088	-37.968898	12.046858	9.963973e+04	3.312881e+01	5.900536e+03	5.760106e+03	1.095099e+04	1.084894e+04	3.024170e+02	3.610655e-04	2020	9	19	0
	1000	1098	-39.375147	12.984357	9.909748e+04	3.763678e+01	5.884162e+03	5.713170e+03	1.093848e+04	1.081509e+04	3.024445e+02	5.434104e-04	2020	9	19	6
	993	1105	-40.359521	13.640606	9.871084e+04	3.832281e+01	5.895566e+03	5.733401e+03	1.094458e+04	1.082962e+04	3.024562e+02	5.174089e-04	2020	9	19	12
	984	1113	-41.625144	14.390605	9.838491e+04	3.602915e+01	5.880293e+03	5.690349e+03	1.093391e+04	1.081512e+04	3.026767e+02	5.266379e-04	2020	9	19	18
	977	1125	-42.609518	15.515603	9.848284e+04	3.832952e+01	5.900035e+03	5.696076e+03	1.094109e+04	1.083789e+04	3.024543e+02	4.121324e-04	2020	9	20	0
	968	1130	-43.875142	15.984353	9.784241e+04	3.714702e+01	5.879550e+03	5.668590e+03	1.090283e+04	1.081404e+04	3.024298e+02	4.379768e-04	2020	9	20	6
	963	1140	-44.578266	16.921851	9.805148e+04	3.983006e+01	5.893617e+03	5.682050e+03	1.094966e+04	1.083995e+04	3.020357e+02	5.126745e-04	2020	9	20	12
	956	1151	-45.562640	17.953100	9.765253e+04	4.041279e+01	5.878914e+03	5.657247e+03	1.092395e+04	1.081626e+04	3.020736e+02	5.511582e-04	2020	9	20	18
	952	1162	-46.125140	18.984349	9.722639e+04	4.293772e+01	5.896487e+03	5.628577e+03	1.093490e+04	1.080058e+04	3.018353e+02	5.422456e-04	2020	9	21	0
	948	1170	-46.687639	19.734348	9.669107e+04	4.418254e+01	5.876442e+03	5.582253e+03	1.090682e+04	1.075652e+04	3.015972e+02	4.549011e-04	2020	9	21	6
	944	1183	-47.250138	20.953096	9.618484e+04	4.704076e+01	5.888332e+03	5.591720e+03	1.091324e+04	1.079251e+04	3.016851e+02	3.762469e-04	2020	9	21	12
	939	1196	-47.953263	22.171844	9.605727e+04	4.679291e+01	5.872153e+03	5.572735e+03	1.091433e+04	1.077971e+04	3.017351e+02	3.577415e-04	2020	9	21	18
	937	1208	-48.234512	23.296843	9.597828e+04	4.455911e+01	5.885756e+03	5.579355e+03	1.092710e+04	1.078848e+04	3.012670e+02	4.010960e-04	2020	9	22	0
	934	1220	-48.656387	24.421841	9.567648e+04	4.621037e+01	5.867788e+03	5.546358e+03	1.089620e+04	1.075910e+04	3.009992e+02	3.369363e-04	2020	9	22	6
	931	1231	-49.078261	25.453090	9.575241e+04	4.843825e+01	5.881421e+03	5.569333e+03	1.091432e+04	1.078271e+04	3.008152e+02	2.626822e-04	2020	9	22	12
	926	1242	-49.781386	26.484338	9.581730e+04	4.541558e+01	5.871815e+03	5.562496e+03	1.090654e+04	1.077844e+04	3.008723e+02	2.587250e-04	2020	9	22	18
	924	1255	-50.062635	27.703087	9.582022e+04	4.542532e+01	5.888510e+03	5.578751e+03	1.091502e+04	1.079397e+04	3.004078e+02	2.996178e-04	2020	9	23	0
	922	1265	-50.343885	28.640585	9.606832e+04	4.265873e+01	5.871857e+03	5.564386e+03	1.090043e+04	1.077696e+04	3.002558e+02	3.066090e-04	2020	9	23	6
	921	1276	-50.484510	29.671834	9.622742e+04	4.383152e+01	5.879720e+03	5.608248e+03	1.091685e+04	1.080261e+04	2.999007e+02	2.284591e-04	2020	9	23	12
	920	1289	-50.625135	30.890582	9.641550e+04	4.672676e+01	5.881480e+03	5.594800e+03	1.091812e+04	1.079671e+04	2.995361e+02	2.845117e-04	2020	9	23	18
	921	1302	-50.484510	32.109330	9.641928e+04	4.363453e+01	5.894194e+03	5.605755e+03	1.091928e+04	1.080432e+04	2.989387e+02	2.649619e-04	2020	9	24	0
	921	1312	-50.484510	33.046829	9.680034e+04	4.186637e+01	5.872427e+03	5.618088e+03	1.089710e+04	1.078816e+04	2.984336e+02	2.460404e-04	2020	9	24	6
	924	1324	-50.062635	34.171828	9.714468e+04	3.837553e+01	5.885424e+03	5.632150e+03	1.090702e+04	1.078524e+04	2.982282e+02	2.112902e-04	2020	9	24	12
	924	1333	-50.062635	35.015576	9.726344e+04	3.725304e+01	5.866478e+03	5.622599e+03	1.088819e+04	1.078463e+04	2.980198e+02	1.704956e-04	2020	9	24	18
	926	1341	-49.781386	35.765575	9.749908e+04	3.730088e+01	5.866593e+03	5.625941e+03	1.088076e+04	1.077826e+04	2.974322e+02	1.746158e-04	2020	9	25	0
	927	1347	-49.640761	36.328075	9.754218e+04	3.662048e+01	5.843889e+03	5.612269e+03	1.084581e+04	1.075293e+04	2.974573e+02	1.675930e-04	2020	9	25	6
	930	1351	-49.218886	36.703074	9.779005e+04	3.391299e+01	5.854580e+03	5.630445e+03	1.083924e+04	1.075557e+04	2.975163e+02	1.464981e-04	2020	9	25	12
	933	1356	-48.797012	37.171823	9.788798e+04	3.504908e+01	5.840311e+03	5.629107e+03	1.082063e+04	1.075113e+04	2.975350e+02	1.434130e-04	2020	9	25	18
	938	1358	-48.093887	37.359323	9.802958e+04	3.393575e+01	5.853251e+03	5.637946e+03	1.081994e+04	1.074892e+04	2.974276e+02	1.636755e-04	2020	9	26	0
	939	1360	-47.953263	37.546823	9.807420e+04	3.149600e+01	5.841375e+03	5.628415e+03	1.080578e+04	1.073775e+04	2.973853e+02	1.323505e-04	2020	9	26	6
	945	1361	-47.109513	37.640573	9.823191e+04	3.131797e+01	5.851379e+03	5.645672e+03	1.081859e+04	1.074965e+04	2.972570e+02	1.152616e-04	2020	9	26	12
	950	1361	-46.406389	37.640573	9.832266e+04	3.080434e+01	5.847557e+03	5.638942e+03	1.082235e+04	1.073770e+04	2.971514e+02	8.942795e-05	2020	9	26	18
	958	1360	-45.281390	37.546823	9.838260e+04	3.074862e+01	5.852959e+03	5.642169e+03	1.082169e+04	1.073163e+04	2.970982e+02	1.165552e-04	2020	9	27	0
	966	1359	-44.156392	37.453073	9.830105e+04	3.064458e+01	5.829090e+03	5.626856e+03	1.079598e+04	1.068880e+04	2.967118e+02	1.432319e-04	2020	9	27	6
	977	1355	-42.609518	37.078073	9.841779e+04	3.007866e+01	5.833712e+03	5.635678e+03	1.079798e+04	1.066942e+04	2.964761e+02	1.317010e-04	2020	9	27	12
	989	1351	-40.922020	36.703074	9.848267e+04	3.007797e+01	5.823507e+03	5.624202e+03	1.078683e+04	1.064244e+04	2.964727e+02	1.345846e-04	2020	9	27	18
	1001	1350	-39.234522	36.609324	9.842794e+04	3.239485e+01	5.819677e+03	5.620041e+03	1.078291e+04	1.059412e+04	2.968446e+02	1.945238e-04	2020	9	28	0
	1012	1352	-37.687648	36.796824	9.818185e+04	3.454485e+01	5.782681e+03	5.580831e+03	1.073794e+04	1.056439e+04	2.967276e+02	2.027874e-04	2020	9	28	6
	1021	1350	-36.422025	36.609324	9.776941e+04	4.089927e+01	5.783193e+03	5.545664e+03	1.073046e+04	1.058799e+04	2.964802e+02	2.539525e-04	2020	9	28	12
	1032	1350	-34.875151	36.609324	9.697670e+04	4.250944e+01	5.760116e+03	5.509520e+03	1.070769e+04	1.056444e+04	2.961389e+02	1.964476e-04	2020	9	28	18
	1044	1346	-33.187653	36.234325	9.730173e+04	3.142855e+01	5.773369e+03	5.523849e+03	1.071413e+04	1.055911e+04	2.966980e+02	1.057191e-04	2020	9	29	0
	1059	1348	-31.078280	36.421824	9.737564e+04	2.995058e+01	5.751533e+03	5.512069e+03	1.068704e+04	1.053528e+04	2.965802e+02	1.211416e-04	2020	9	29	6
	1073	1348	-29.109532	36.421824	9.758300e+04	3.067975e+01	5.762881e+03	5.518161e+03	1.069629e+04	1.050545e+04	2.966465e+02	1.194550e-04	2020	9	29	12
	1090	1353	-26.718910	36.890574	9.758747e+04	3.065766e+01	5.753472e+03	5.513603e+03	1.069213e+04	1.045562e+04	2.964587e+02	1.509962e-04	2020	9	29	18
	1106	1363	-24.468912	37.828072	9.738489e+04	3.097154e+01	5.742138e+03	5.489417e+03	1.066957e+04	1.043827e+04	2.954316e+02	1.906483e-04	2020	9	30	0
	1117	1374	-22.922039	38.859321	9.699576e+04	3.598895e+01	5.696336e+03	5.445370e+03	1.060082e+04	1.040384e+04	2.947935e+02	2.283768e-04	2020	9	30	6
	1129	1381	-21.234540	39.515570	9.661426e+04	4.347886e+01	5.686522e+03	5.410585e+03	1.057469e+04	1.040402e+04	2.942722e+02	2.150345e-04	2020	9	30	12
	1139	1397	-19.828292	41.015568	9.608835e+04	3.762263e+01	5.633487e+03	5.371423e+03	1.052127e+04	1.036347e+04	2.936643e+02	1.679094e-04	2020	9	30	18
	1152	1410	-18.000169	42.234316	9.620845e+04	3.339141e+01	5.616363e+03	5.360813e+03	1.047492e+04	1.033795e+04	2.930744e+02	1.337379e-04	2020	10	1	0
	1162	1426	-16.593920	43.734314	9.619957e+04	3.110476e+01	5.598541e+03	5.345561e+03	1.045652e+04	1.030324e+04	2.923865e+02	1.524061e-04	2020	10	1	6
	1170	1442	-15.468921	45.234312	9.632309e+04	3.144172e+01	5.590088e+03	5.350772e+03	1.042747e+04	1.029946e+04	2.913291e+02	9.886140e-05	2020	10	1	12
	1174	1463	-14.906422	47.203059	9.639602e+04	2.932697e+01	5.574487e+03	5.345643e+03	1.043496e+04	1.027852e+04	2.910374e+02	7.580662e-05	2020	10	1	18
	1176	1480	-14.625172	48.796807	9.643846e+04	2.798763e+01	5.555491e+03	5.337888e+03	1.040121e+04	1.024758e+04	2.902200e+02	8.295188e-05	2020	10	2	0
	1176	1500	-14.625172	50.671805	9.638194e+04	2.753134e+01	5.524361e+03	5.323685e+03	1.034495e+04	1.020121e+04	2.890360e+02	8.914895e-05	2020	10	2	6
	1170	1517	-15.468921	52.265552	9.645645e+04	2.668098e+01	5.509573e+03	5.320561e+03	1.033556e+04	1.018157e+04	2.881061e+02	7.048336e-05	2020	10	2	12
	1161	1530	-16.734545	53.484301	9.639689e+04	2.288745e+01	5.489543e+03	5.306298e+03	1.034029e+04	1.016086e+04	2.875086e+02	7.700821e-05	2020	10	2	18
	1149	1537	-18.422043	54.140550	9.649219e+04	2.291999e+01	5.466806e+03	5.302347e+03	1.031387e+04	1.014878e+04	2.874854e+02	7.256044e-05	2020	10	3	0
	1140	1542	-19.687667	54.609299	9.648525e+04	2.439558e+01	5.444184e+03	5.287671e+03	1.027164e+04	1.013512e+04	2.874719e+02	9.151061e-05	2020	10	3	6
	1127	1540	-21.515790	54.421799	9.648563e+04	2.556840e+01	5.436271e+03	5.279003e+03	1.023137e+04	1.012632e+04	2.871733e+02	6.956679e-05	2020	10	3	12
	1125	1539	-21.797040	54.328050	9.641267e+04	2.457693e+01	5.432649e+03	5.268361e+03	1.023322e+04	1.009448e+04	2.872989e+02	6.844091e-05	2020	10	3	18
	1120	1537	-22.500164	54.140550	9.646434e+04	2.340102e+01	5.403991e+03	5.259803e+03	1.019104e+04	1.006783e+04	2.872820e+02	9.866077e-05	2020	10	4	0
	1117	1534	-22.922039	53.859300	9.626678e+04	2.537901e+01	5.391265e+03	5.234905e+03	1.014986e+04	1.003632e+04	2.875760e+02	9.663258e-05	2020	10	4	6
	1126	1525	-21.656415	53.015551	9.638484e+04	2.344061e+01	5.416164e+03	5.236866e+03	1.017466e+04	1.002165e+04	2.877412e+02	7.608200e-05	2020	10	4	12
	1151	1534	-18.140794	53.859300	9.659366e+04	2.539117e+01	5.452976e+03	5.242115e+03	1.020469e+04	1.001839e+04	2.873925e+02	6.149557e-05	2020	10	4	18
	1169	1556	-15.609546	55.921797	9.684951e+04	2.503306e+01	5.475159e+03	5.261217e+03	1.022457e+04	1.001879e+04	2.865737e+02	6.975110e-05	2020	10	5	0
	1181	1582	-13.922048	58.359294	9.698252e+04	2.240966e+01	5.465855e+03	5.260226e+03	1.021129e+04	1.000488e+04	2.863486e+02	7.418117e-05	2020	10	5	6
	1185	1603	-13.359549	60.328041	9.698520e+04	2.110095e+01	5.458094e+03	5.263108e+03	1.019593e+04	1.001017e+04	2.858900e+02	1.077012e-04	2020	10	5	12
	1178	1614	-14.343923	61.359290	9.697355e+04	3.494215e+01	5.421921e+03	5.254584e+03	1.015408e+04	1.000166e+04	2.858147e+02	1.286542e-04	2020	10	5	18
	1168	1607	-15.750171	60.703041	9.702709e+04	3.605614e+01	5.409129e+03	5.266508e+03	1.013597e+04	9.979864e+03	2.858516e+02	9.119965e-05	2020	10	6	0
	1183	1601	-13.640798	60.140541	9.736800e+04	3.058509e+01	5.486867e+03	5.289330e+03	1.027941e+04	9.967193e+03	2.859014e+02	6.411114e-05	2020	10	6	6
start	13	2020	9	18	6
	2482	1144	169.030886	17.296851	1.005220e+05	1.177249e+01	5.878024e+03	5.829520e+03	1.100398e+04	1.090749e+04	3.042936e+02	2.408123e-04	2020	9	18	6
	2484	1148	169.312136	17.671850	1.007323e+05	1.261035e+01	5.888910e+03	5.834345e+03	1.099965e+04	1.092175e+04	3.041889e+02	2.816186e-04	2020	9	18	12
	2476	1151	168.187137	17.953100	1.004322e+05	1.300887e+01	5.875321e+03	5.810154e+03	1.097266e+04	1.089429e+04	3.040048e+02	2.838193e-04	2020	9	18	18
	2477	1149	168.327762	17.765600	1.006241e+05	1.484482e+01	5.892317e+03	5.821745e+03	1.097899e+04	1.091702e+04	3.039926e+02	1.896892e-04	2020	9	19	0
	2472	1159	167.624638	18.703099	1.004337e+05	1.409988e+01	5.871042e+03	5.809771e+03	1.097809e+04	1.089412e+04	3.040927e+02	2.324808e-04	2020	9	19	6
	2463	1159	166.359014	18.703099	1.005537e+05	1.541942e+01	5.884607e+03	5.818129e+03	1.098019e+04	1.092122e+04	3.035342e+02	1.980183e-04	2020	9	19	12
	2460	1159	165.937140	18.703099	1.002517e+05	1.509133e+01	5.874477e+03	5.805994e+03	1.098224e+04	1.089068e+04	3.034619e+02	1.689982e-04	2020	9	19	18
	2461	1167	166.077764	19.453098	1.004137e+05	1.567113e+01	5.884465e+03	5.819307e+03	1.098723e+04	1.092175e+04	3.035497e+02	1.379880e-04	2020	9	20	0
	2451	1172	164.671516	19.921847	1.000246e+05	1.719341e+01	5.882137e+03	5.792913e+03	1.095946e+04	1.090721e+04	3.033604e+02	1.515489e-04	2020	9	20	6
	2448	1181	164.249641	20.765596	1.003160e+05	1.773541e+01	5.898944e+03	5.817194e+03	1.100386e+04	1.092784e+04	3.031703e+02	1.712963e-04	2020	9	20	12
	2438	1190	162.843393	21.609345	1.000793e+05	1.796069e+01	5.888736e+03	5.802872e+03	1.096467e+04	1.090842e+04	3.031789e+02	1.671053e-04	2020	9	20	18
	2429	1206	161.577769	23.109343	1.002881e+05	1.807800e+01	5.911203e+03	5.830627e+03	1.097359e+04	1.093634e+04	3.027719e+02	1.047704e-04	2020	9	21	0
	2415	1219	159.609021	24.328091	1.001819e+05	1.986615e+01	5.902372e+03	5.819936e+03	1.097858e+04	1.093260e+04	3.025975e+02	5.253718e-05	2020	9	21	6
start	28	2020	9	24	6
	2273	1172	139.640292	19.921847	1.000335e+05	1.108618e+01	5.840390e+03	5.795164e+03	1.095024e+04	1.089554e+04	3.047733e+02	1.386365e-04	2020	9	24	6
	2277	1169	140.202791	19.640598	1.001224e+05	1.260018e+01	5.862374e+03	5.812640e+03	1.097292e+04	1.090576e+04	3.044765e+02	1.941535e-04	2020	9	24	12
	2278	1174	140.343416	20.109347	9.999602e+04	1.225623e+01	5.841157e+03	5.783153e+03	1.098891e+04	1.089371e+04	3.041460e+02	2.046414e-04	2020	9	24	18
	2273	1174	139.640292	20.109347	9.994760e+04	1.523253e+01	5.854647e+03	5.797849e+03	1.094810e+04	1.091121e+04	3.040390e+02	1.910388e-04	2020	9	25	0
	2277	1173	140.202791	20.015597	9.982044e+04	1.624613e+01	5.834040e+03	5.782749e+03	1.096730e+04	1.090208e+04	3.043279e+02	1.350372e-04	2020	9	25	6
	2280	1176	140.624666	20.296847	9.992525e+04	1.799307e+01	5.851491e+03	5.802373e+03	1.097097e+04	1.092153e+04	3.042549e+02	1.819419e-04	2020	9	25	12
	2287	1182	141.609040	20.859346	9.993267e+04	1.716578e+01	5.837108e+03	5.790705e+03	1.094942e+04	1.089675e+04	3.038636e+02	2.221265e-04	2020	9	25	18
	2286	1187	141.468415	21.328095	1.000217e+05	1.622005e+01	5.860654e+03	5.803798e+03	1.096056e+04	1.092275e+04	3.037640e+02	1.325719e-04	2020	9	26	0
	2281	1192	140.765291	21.796845	9.988230e+04	1.460282e+01	5.840996e+03	5.783963e+03	1.098889e+04	1.091236e+04	3.039507e+02	1.493876e-04	2020	9	26	6
	2275	1198	139.921542	22.359344	9.999182e+04	1.622148e+01	5.859766e+03	5.811378e+03	1.096094e+04	1.092784e+04	3.037037e+02	1.921038e-04	2020	9	26	12
	2282	1205	140.905916	23.015593	9.999186e+04	1.632001e+01	5.864356e+03	5.795450e+03	1.097782e+04	1.090697e+04	3.035422e+02	1.478085e-04	2020	9	26	18
	2250	1162	136.405920	18.984349	9.956487e+04	2.475379e+01	5.881272e+03	5.809436e+03	1.099601e+04	1.092880e+04	3.036773e+02	1.857930e-04	2020	9	27	0
	2261	1170	137.952794	19.734348	9.937819e+04	2.424423e+01	5.874212e+03	5.772096e+03	1.097106e+04	1.091633e+04	3.037803e+02	2.040730e-04	2020	9	27	6
	2273	1175	139.640292	20.203097	9.940566e+04	3.154643e+01	5.904880e+03	5.788188e+03	1.101458e+04	1.092772e+04	3.036774e+02	2.273216e-04	2020	9	27	12
	2285	1185	141.327790	21.140596	9.932663e+04	2.783029e+01	5.871036e+03	5.778724e+03	1.096647e+04	1.091690e+04	3.033014e+02	2.339032e-04	2020	9	27	18
	2293	1196	142.452789	22.171844	9.945570e+04	2.591273e+01	5.889492e+03	5.810782e+03	1.100557e+04	1.093752e+04	3.031770e+02	1.937889e-04	2020	9	28	0
	2299	1211	143.296538	23.578092	9.931052e+04	2.564633e+01	5.877293e+03	5.773477e+03	1.097018e+04	1.091255e+04	3.028114e+02	1.268059e-04	2020	9	28	6
	2302	1224	143.718413	24.796841	9.940871e+04	2.557036e+01	5.901488e+03	5.787308e+03	1.100950e+04	1.093366e+04	3.028417e+02	1.309581e-04	2020	9	28	12
	2301	1239	143.577788	26.203089	9.941873e+04	2.476838e+01	5.887722e+03	5.777621e+03	1.097279e+04	1.091099e+04	3.024970e+02	1.105262e-04	2020	9	28	18
	2304	1253	143.999662	27.515587	9.938430e+04	2.581711e+01	5.909030e+03	5.764150e+03	1.098902e+04	1.092084e+04	3.018347e+02	1.489136e-04	2020	9	29	0
	2305	1271	144.140287	29.203084	9.929938e+04	2.721792e+01	5.899197e+03	5.781838e+03	1.097983e+04	1.090059e+04	3.012276e+02	1.182884e-04	2020	9	29	6
	2310	1293	144.843411	31.265582	9.912237e+04	2.954840e+01	5.920000e+03	5.771811e+03	1.099145e+04	1.087831e+04	3.008722e+02	1.575968e-04	2020	9	29	12
	2316	1317	145.687161	33.515578	9.919864e+04	2.777744e+01	5.905032e+03	5.759464e+03	1.096912e+04	1.080612e+04	3.000269e+02	2.307316e-04	2020	9	29	18
	2326	1345	147.093409	36.140575	9.923848e+04	2.859418e+01	5.911357e+03	5.726410e+03	1.097933e+04	1.074225e+04	2.994417e+02	2.718540e-04	2020	9	30	0
	2345	1371	149.765281	38.578071	9.933467e+04	2.794081e+01	5.905416e+03	5.684083e+03	1.096676e+04	1.068212e+04	2.993007e+02	2.247328e-04	2020	9	30	6
	2372	1398	153.562152	41.109318	9.939057e+04	2.955730e+01	5.906613e+03	5.639958e+03	1.096101e+04	1.061275e+04	2.981584e+02	2.804314e-04	2020	9	30	12
	2409	1416	158.765272	42.796816	9.950593e+04	3.103251e+01	5.891435e+03	5.594779e+03	1.093183e+04	1.054387e+04	2.955553e+02	2.135110e-04	2020	9	30	18
	2446	1426	163.968392	43.734314	9.971419e+04	2.717460e+01	5.880667e+03	5.559143e+03	1.091912e+04	1.046907e+04	2.935233e+02	1.197605e-04	2020	10	1	0
start	12	2020	9	24	12
	2153	1147	122.765309	17.578101	1.002675e+05	1.406702e+01	5.866955e+03	5.814418e+03	1.096408e+04	1.090967e+04	3.049127e+02	2.550412e-04	2020	9	24	12
	2156	1143	123.187184	17.203101	1.003045e+05	1.658161e+01	5.851931e+03	5.801078e+03	1.093459e+04	1.089709e+04	3.045011e+02	2.381651e-04	2020	9	24	18
	2167	1142	124.734057	17.109351	1.000704e+05	1.816238e+01	5.861468e+03	5.806323e+03	1.096431e+04	1.089714e+04	3.043602e+02	1.787351e-04	2020	9	25	0
	2177	1141	126.140306	17.015601	9.999134e+04	1.813888e+01	5.852458e+03	5.784821e+03	1.094961e+04	1.088549e+04	3.043349e+02	2.148739e-04	2020	9	25	6
	2187	1141	127.546555	17.015601	9.991727e+04	1.887481e+01	5.863225e+03	5.796423e+03	1.095613e+04	1.090203e+04	3.041520e+02	2.299961e-04	2020	9	25	12
	2195	1141	128.671553	17.015601	9.976352e+04	1.758681e+01	5.849502e+03	5.767555e+03	1.096786e+04	1.088763e+04	3.040515e+02	2.032216e-04	2020	9	25	18
	2206	1143	130.218427	17.203101	9.973650e+04	1.891104e+01	5.868153e+03	5.798349e+03	1.097792e+04	1.090812e+04	3.039475e+02	1.821336e-04	2020	9	26	0
	2216	1151	131.624675	17.953100	9.943304e+04	1.892314e+01	5.848308e+03	5.768485e+03	1.096375e+04	1.089459e+04	3.038376e+02	2.038368e-04	2020	9	26	6
	2228	1149	133.312174	17.765600	9.956184e+04	2.074156e+01	5.872598e+03	5.798152e+03	1.098650e+04	1.091944e+04	3.035461e+02	2.520486e-04	2020	9	26	12
	2241	1160	135.140297	18.796849	9.941324e+04	2.263386e+01	5.860114e+03	5.771238e+03	1.097782e+04	1.090187e+04	3.037924e+02	1.590835e-04	2020	9	26	18
	2250	1161	136.405920	18.890599	9.956487e+04	2.475379e+01	5.881272e+03	5.809436e+03	1.099601e+04	1.092880e+04	3.036773e+02	1.832974e-04	2020	9	27	0
	2261	1170	137.952794	19.734348	9.937819e+04	2.424423e+01	5.874212e+03	5.772096e+03	1.097106e+04	1.091633e+04	3.037803e+02	2.040730e-04	2020	9	27	6
start	10	2020	9	26	0
	2516	1097	173.812131	12.890607	1.009267e+05	1.333367e+01	5.897254e+03	5.825523e+03	1.098770e+04	1.088219e+04	3.042153e+02	2.343275e-04	2020	9	26	0
	2511	1089	173.109007	12.140608	1.006772e+05	1.236932e+01	5.879235e+03	5.817698e+03	1.095035e+04	1.088604e+04	3.043237e+02	2.189613e-04	2020	9	26	6
	2508	1091	172.687132	12.328108	1.008767e+05	1.172468e+01	5.901285e+03	5.830043e+03	1.096453e+04	1.089079e+04	3.040618e+02	2.009330e-04	2020	9	26	12
	2499	1092	171.421509	12.421858	1.007117e+05	1.107563e+01	5.887653e+03	5.819231e+03	1.097840e+04	1.086889e+04	3.040175e+02	2.572427e-04	2020	9	26	18
	2492	1094	170.437135	12.609357	1.009423e+05	1.069258e+01	5.896641e+03	5.841152e+03	1.095941e+04	1.090621e+04	3.039872e+02	2.372425e-04	2020	9	27	0
	2489	1106	170.015260	13.734356	1.007136e+05	1.140657e+01	5.894233e+03	5.835224e+03	1.100393e+04	1.090538e+04	3.043033e+02	1.950262e-04	2020	9	27	6
	2481	1111	168.890261	14.203105	1.009138e+05	1.068076e+01	5.912755e+03	5.849353e+03	1.099489e+04	1.091584e+04	3.039644e+02	1.993495e-04	2020	9	27	12
	2471	1120	167.484013	15.046854	1.006802e+05	1.141287e+01	5.897281e+03	5.827229e+03	1.094593e+04	1.089038e+04	3.038618e+02	1.884880e-04	2020	9	27	18
	2466	1124	166.780889	15.421854	1.009137e+05	1.109817e+01	5.909014e+03	5.838293e+03	1.098426e+04	1.091040e+04	3.038473e+02	2.047583e-04	2020	9	28	0
	2458	1127	165.655890	15.703103	1.006821e+05	1.076094e+01	5.887589e+03	5.823617e+03	1.097442e+04	1.089670e+04	3.041670e+02	1.943895e-04	2020	9	28	6
start	45	2020	9	28	0
	2182	1094	126.843430	12.609357	1.008687e+05	1.238353e+01	5.891995e+03	5.843122e+03	1.099805e+04	1.091948e+04	3.032588e+02	2.162688e-04	2020	9	28	0
	2182	1097	126.843430	12.890607	1.007847e+05	1.188281e+01	5.872699e+03	5.826300e+03	1.095128e+04	1.089837e+04	3.039758e+02	1.693455e-04	2020	9	28	6
	2185	1098	127.265305	12.984357	1.008387e+05	1.233370e+01	5.888061e+03	5.849921e+03	1.096613e+04	1.092871e+04	3.033423e+02	1.599207e-04	2020	9	28	12
	2193	1109	128.390304	14.015606	1.007630e+05	1.329462e+01	5.869781e+03	5.829671e+03	1.096678e+04	1.089601e+04	3.032320e+02	2.058001e-04	2020	9	28	18
	2188	1112	127.687179	14.296855	1.007347e+05	1.250528e+01	5.888401e+03	5.840752e+03	1.101888e+04	1.091225e+04	3.031956e+02	1.954879e-04	2020	9	29	0
	2191	1120	128.109054	15.046854	1.007110e+05	1.444745e+01	5.863284e+03	5.827585e+03	1.094109e+04	1.090912e+04	3.030369e+02	1.001865e-04	2020	9	29	6
	2196	1131	128.812178	16.078103	1.008078e+05	1.305525e+01	5.882847e+03	5.844680e+03	1.100443e+04	1.092435e+04	3.036245e+02	6.622851e-05	2020	9	29	12
	2191	1135	128.109054	16.453102	1.005936e+05	1.754781e+01	5.865698e+03	5.812764e+03	1.094681e+04	1.089878e+04	3.034832e+02	1.419304e-04	2020	9	29	18
	2194	1136	128.530928	16.546852	1.005525e+05	1.883603e+01	5.886454e+03	5.827580e+03	1.097401e+04	1.090998e+04	3.034477e+02	2.054665e-04	2020	9	30	0
	2194	1137	128.530928	16.640602	1.003192e+05	2.166003e+01	5.873042e+03	5.806235e+03	1.096175e+04	1.090115e+04	3.035511e+02	1.077672e-04	2020	9	30	6
	2194	1137	128.530928	16.640602	1.003671e+05	1.600504e+01	5.882447e+03	5.832935e+03	1.097449e+04	1.091306e+04	3.034510e+02	9.261391e-05	2020	9	30	12
	2193	1137	128.390304	16.640602	1.003684e+05	1.710751e+01	5.877633e+03	5.803125e+03	1.096148e+04	1.089766e+04	3.033281e+02	2.013057e-04	2020	9	30	18
	2190	1137	127.968429	16.640602	1.001137e+05	1.851239e+01	5.884761e+03	5.814788e+03	1.096466e+04	1.090760e+04	3.031822e+02	1.891763e-04	2020	10	1	0
	2186	1137	127.405930	16.640602	9.988336e+04	2.308348e+01	5.863922e+03	5.790082e+03	1.095032e+04	1.089760e+04	3.031031e+02	1.226773e-04	2020	10	1	6
	2184	1135	127.124680	16.453102	9.994473e+04	2.214356e+01	5.883292e+03	5.813228e+03	1.096195e+04	1.091403e+04	3.028803e+02	1.791670e-04	2020	10	1	12
	2182	1131	126.843430	16.078103	9.966109e+04	2.571897e+01	5.865640e+03	5.774039e+03	1.095126e+04	1.088789e+04	3.026922e+02	2.360347e-04	2020	10	1	18
	2180	1131	126.562181	16.078103	9.970387e+04	2.508451e+01	5.887385e+03	5.777882e+03	1.098163e+04	1.088880e+04	3.026945e+02	1.435470e-04	2020	10	2	0
	2177	1129	126.140306	15.890603	9.904439e+04	2.953618e+01	5.868828e+03	5.730948e+03	1.095522e+04	1.086001e+04	3.027986e+02	2.113908e-04	2020	10	2	6
	2177	1127	126.140306	15.703103	9.884399e+04	3.098934e+01	5.886136e+03	5.745164e+03	1.095551e+04	1.089160e+04	3.028799e+02	1.977046e-04	2020	10	2	12
	2175	1125	125.859056	15.515603	9.814716e+04	3.613769e+01	5.868304e+03	5.679588e+03	1.094387e+04	1.085359e+04	3.029975e+02	2.715290e-04	2020	10	2	18
	2175	1126	125.859056	15.609353	9.782227e+04	3.658134e+01	5.885030e+03	5.672335e+03	1.095772e+04	1.083560e+04	3.028680e+02	2.941177e-04	2020	10	3	0
	2175	1128	125.859056	15.796853	9.731177e+04	3.917869e+01	5.862062e+03	5.614758e+03	1.093705e+04	1.081127e+04	3.026729e+02	2.845450e-04	2020	10	3	6
	2176	1132	125.999681	16.171853	9.599209e+04	4.865334e+01	5.895391e+03	5.560317e+03	1.093237e+04	1.079567e+04	3.025493e+02	2.148464e-04	2020	10	3	12
	2178	1134	126.280931	16.359352	9.631135e+04	4.335827e+01	5.862922e+03	5.552376e+03	1.094950e+04	1.079063e+04	3.023853e+02	2.659582e-04	2020	10	3	18
	2182	1135	126.843430	16.453102	9.622010e+04	4.335062e+01	5.887291e+03	5.556818e+03	1.095572e+04	1.079901e+04	3.025619e+02	3.213565e-04	2020	10	4	0
	2186	1141	127.405930	17.015601	9.601828e+04	4.280313e+01	5.867018e+03	5.535794e+03	1.097304e+04	1.079410e+04	3.028531e+02	2.382250e-04	2020	10	4	6
	2191	1145	128.109054	17.390601	9.595688e+04	4.435973e+01	5.889125e+03	5.541160e+03	1.092566e+04	1.079822e+04	3.029662e+02	2.419569e-04	2020	10	4	12
	2196	1151	128.812178	17.953100	9.583622e+04	4.281318e+01	5.863813e+03	5.530614e+03	1.092220e+04	1.078384e+04	3.030000e+02	2.565043e-04	2020	10	4	18
	2201	1156	129.515302	18.421849	9.585869e+04	4.681929e+01	5.882366e+03	5.534683e+03	1.094053e+04	1.079361e+04	3.028222e+02	1.721276e-04	2020	10	5	0
	2205	1159	130.077802	18.703099	9.602624e+04	4.395885e+01	5.866368e+03	5.544912e+03	1.089143e+04	1.079560e+04	3.027814e+02	1.076347e-04	2020	10	5	6
	2209	1164	130.640301	19.171848	9.598046e+04	4.522364e+01	5.881278e+03	5.571538e+03	1.093563e+04	1.081881e+04	3.028527e+02	2.126922e-04	2020	10	5	12
	2212	1169	131.062176	19.640598	9.606435e+04	4.431404e+01	5.861868e+03	5.517427e+03	1.092990e+04	1.077547e+04	3.027429e+02	2.045466e-04	2020	10	5	18
	2215	1176	131.484050	20.296847	9.558980e+04	4.749852e+01	5.879687e+03	5.520022e+03	1.091838e+04	1.077839e+04	3.026737e+02	1.647529e-04	2020	10	6	0
	2216	1183	131.624675	20.953096	9.514435e+04	4.709638e+01	5.859592e+03	5.485109e+03	1.092939e+04	1.076467e+04	3.026000e+02	1.660874e-04	2020	10	6	6
	2220	1190	132.187175	21.609345	9.577877e+04	4.454298e+01	5.887013e+03	5.543242e+03	1.091837e+04	1.079401e+04	3.025737e+02	1.415639e-04	2020	10	6	12
	2226	1201	133.030924	22.640594	9.672412e+04	3.817639e+01	5.860209e+03	5.591170e+03	1.090125e+04	1.079684e+04	3.025200e+02	2.249628e-04	2020	10	6	18
	2233	1212	134.015298	23.671842	9.692470e+04	3.725692e+01	5.869449e+03	5.596573e+03	1.091084e+04	1.078146e+04	3.024626e+02	2.404744e-04	2020	10	7	0
	2240	1221	134.999672	24.515591	9.680969e+04	3.874052e+01	5.848781e+03	5.600192e+03	1.089092e+04	1.076047e+04	3.023476e+02	1.212269e-04	2020	10	7	6
	2251	1227	136.546545	25.078090	9.756680e+04	3.531253e+01	5.857005e+03	5.654353e+03	1.090371e+04	1.075456e+04	3.024755e+02	8.094477e-05	2020	10	7	12
	2261	1235	137.952794	25.828089	9.849498e+04	2.760053e+01	5.834663e+03	5.702038e+03	1.087846e+04	1.071943e+04	3.020792e+02	1.201437e-04	2020	10	7	18
	2275	1247	139.921542	26.953088	9.903224e+04	2.418453e+01	5.853059e+03	5.678675e+03	1.090514e+04	1.071926e+04	3.019487e+02	2.052068e-04	2020	10	8	0
	2287	1272	141.609040	29.296834	9.902113e+04	2.200888e+01	5.824654e+03	5.624618e+03	1.087359e+04	1.064532e+04	3.011205e+02	1.845029e-04	2020	10	8	6
	2305	1299	144.140287	31.828081	9.941228e+04	2.190561e+01	5.825593e+03	5.603891e+03	1.087975e+04	1.058591e+04	3.002590e+02	2.336243e-04	2020	10	8	12
	2318	1324	145.968410	34.171828	9.888549e+04	2.327649e+01	5.802654e+03	5.551888e+03	1.085138e+04	1.048104e+04	2.995161e+02	2.692356e-04	2020	10	8	18
	2334	1348	148.218408	36.421824	9.898128e+04	2.564745e+01	5.806536e+03	5.526435e+03	1.085511e+04	1.043490e+04	2.995189e+02	3.207210e-04	2020	10	9	0
start	24	2020	9	29	18
	1713	894	60.890374	-6.140616	1.012323e+05	1.896534e+01	5.885865e+03	5.845304e+03	1.093493e+04	1.087506e+04	3.017841e+02	3.229080e-04	2020	9	29	18
	1700	895	59.062251	-6.046867	1.010089e+05	2.052727e+01	5.854492e+03	5.816998e+03	1.089417e+04	1.083929e+04	3.013029e+02	4.165083e-04	2020	9	30	0
	1694	897	58.218502	-5.859367	1.011718e+05	1.714534e+01	5.888502e+03	5.835808e+03	1.092666e+04	1.086509e+04	3.012054e+02	4.346699e-04	2020	9	30	6
	1689	901	57.515377	-5.484367	1.008344e+05	1.968424e+01	5.859451e+03	5.801869e+03	1.089409e+04	1.084208e+04	3.018922e+02	3.358079e-04	2020	9	30	12
	1683	902	56.671628	-5.390618	1.008981e+05	2.008455e+01	5.870614e+03	5.825862e+03	1.089517e+04	1.086624e+04	3.013501e+02	2.809688e-04	2020	9	30	18
	1678	902	55.968504	-5.390618	1.006973e+05	2.092156e+01	5.850120e+03	5.789412e+03	1.088317e+04	1.084127e+04	3.011606e+02	2.397456e-04	2020	10	1	0
	1674	905	55.406005	-5.109368	1.006516e+05	2.503892e+01	5.874271e+03	5.805344e+03	1.090978e+04	1.085702e+04	3.011190e+02	2.343872e-04	2020	10	1	6
	1669	903	54.702880	-5.296868	1.000651e+05	2.719088e+01	5.851210e+03	5.756238e+03	1.088969e+04	1.084147e+04	3.016543e+02	2.337122e-04	2020	10	1	12
	1665	900	54.140381	-5.578117	9.989307e+04	3.038257e+01	5.875850e+03	5.772442e+03	1.091942e+04	1.085185e+04	3.011394e+02	2.565451e-04	2020	10	1	18
	1661	905	53.577882	-5.109368	9.975620e+04	2.751643e+01	5.847459e+03	5.784427e+03	1.088132e+04	1.084026e+04	3.010623e+02	2.615027e-04	2020	10	2	0
	1662	901	53.718506	-5.484367	9.999838e+04	2.413677e+01	5.873703e+03	5.799554e+03	1.092618e+04	1.085720e+04	3.010437e+02	2.195020e-04	2020	10	2	6
	1657	896	53.015382	-5.953117	9.978205e+04	2.382355e+01	5.853951e+03	5.797178e+03	1.089492e+04	1.083997e+04	3.007485e+02	2.220895e-04	2020	10	2	12
	1651	897	52.171633	-5.859367	9.989037e+04	2.535451e+01	5.873590e+03	5.809235e+03	1.093154e+04	1.086423e+04	3.004507e+02	2.098698e-04	2020	10	2	18
	1648	893	51.749758	-6.234366	9.983972e+04	2.708763e+01	5.848100e+03	5.757663e+03	1.089030e+04	1.081444e+04	3.003527e+02	2.880483e-04	2020	10	3	0
	1647	893	51.609134	-6.234366	9.990695e+04	2.517759e+01	5.870978e+03	5.801451e+03	1.090474e+04	1.086675e+04	3.003163e+02	2.730933e-04	2020	10	3	6
	1644	893	51.187259	-6.234366	9.969032e+04	2.582428e+01	5.851869e+03	5.766188e+03	1.090257e+04	1.085125e+04	3.003727e+02	2.051853e-04	2020	10	3	12
	1641	886	50.765385	-6.890615	9.984798e+04	2.848594e+01	5.875376e+03	5.786927e+03	1.091615e+04	1.086497e+04	3.001283e+02	2.461550e-04	2020	10	3	18
	1636	884	50.062260	-7.078115	9.985020e+04	2.782173e+01	5.850771e+03	5.779558e+03	1.091204e+04	1.084696e+04	2.999750e+02	2.553428e-04	2020	10	4	0
	1632	878	49.499761	-7.640614	9.990932e+04	2.815511e+01	5.879664e+03	5.779739e+03	1.091235e+04	1.086746e+04	2.999214e+02	2.441675e-04	2020	10	4	6
	1628	877	48.937261	-7.734364	9.989559e+04	2.489167e+01	5.846314e+03	5.780714e+03	1.090531e+04	1.085058e+04	3.001334e+02	1.417947e-04	2020	10	4	12
	1624	874	48.374762	-8.015614	1.000182e+05	2.953956e+01	5.878301e+03	5.798632e+03	1.092737e+04	1.085850e+04	2.999374e+02	1.422966e-04	2020	10	4	18
	1620	873	47.812263	-8.109364	1.000832e+05	2.893812e+01	5.865085e+03	5.803896e+03	1.088168e+04	1.084148e+04	2.998328e+02	1.958735e-04	2020	10	5	0
	1614	869	46.968513	-8.484363	1.007081e+05	2.625448e+01	5.874575e+03	5.815591e+03	1.093359e+04	1.086937e+04	2.997229e+02	1.085832e-04	2020	10	5	6
	1607	870	45.984140	-8.390613	1.008472e+05	2.048556e+01	5.847306e+03	5.821845e+03	1.090454e+04	1.085048e+04	2.997994e+02	7.017127e-05	2020	10	5	12
start	14	2020	9	29	18
	2414	1157	159.468396	18.515599	1.007373e+05	1.315587e+01	5.889770e+03	5.812736e+03	1.094946e+04	1.089601e+04	3.033492e+02	2.108505e-04	2020	9	29	18
	2404	1161	158.062148	18.890599	1.009345e+05	1.258364e+01	5.902229e+03	5.832189e+03	1.097142e+04	1.091819e+04	3.033802e+02	1.415396e-04	2020	9	30	0
	2396	1166	156.937149	19.359348	1.006866e+05	1.164447e+01	5.891060e+03	5.830993e+03	1.098000e+04	1.091277e+04	3.031769e+02	6.430222e-05	2020	9	30	6
	2389	1173	155.952775	20.015597	1.008668e+05	1.415795e+01	5.909680e+03	5.853386e+03	1.100037e+04	1.092019e+04	3.026253e+02	1.104479e-04	2020	9	30	12
	2396	1188	156.937149	21.421845	1.008874e+05	1.488895e+01	5.915093e+03	5.844600e+03	1.098651e+04	1.091409e+04	3.023153e+02	1.279232e-04	2020	9	30	18
	2373	1190	153.702777	21.609345	1.010908e+05	8.419156e+00	5.911455e+03	5.862170e+03	1.098896e+04	1.093328e+04	3.023669e+02	7.665834e-05	2020	10	1	0
	2374	1217	153.843402	24.140591	1.009085e+05	1.375731e+01	5.916989e+03	5.858926e+03	1.099840e+04	1.093340e+04	3.025967e+02	7.109572e-05	2020	10	1	6
	2363	1215	152.296529	23.953092	1.010239e+05	1.285490e+01	5.924917e+03	5.871270e+03	1.100093e+04	1.094577e+04	3.026021e+02	9.645306e-05	2020	10	1	12
	2355	1221	151.171530	24.515591	1.008823e+05	1.083907e+01	5.901795e+03	5.852903e+03	1.099252e+04	1.092778e+04	3.014441e+02	1.588009e-04	2020	10	1	18
	2356	1230	151.312155	25.359340	1.009986e+05	1.388770e+01	5.921313e+03	5.868289e+03	1.098238e+04	1.093942e+04	3.014733e+02	7.772123e-05	2020	10	2	0
	2354	1242	151.030905	26.484338	1.008123e+05	1.123133e+01	5.902603e+03	5.854312e+03	1.097474e+04	1.091504e+04	3.020725e+02	4.817700e-05	2020	10	2	6
	2348	1243	150.187156	26.578088	1.009198e+05	1.102586e+01	5.903996e+03	5.868447e+03	1.101839e+04	1.091986e+04	3.018269e+02	8.448201e-05	2020	10	2	12
	2348	1245	150.187156	26.765588	1.007934e+05	1.220700e+01	5.884312e+03	5.845494e+03	1.095614e+04	1.089347e+04	3.016736e+02	8.361561e-05	2020	10	2	18
	2348	1252	150.187156	27.421837	1.009116e+05	1.245117e+01	5.896136e+03	5.863562e+03	1.096254e+04	1.088723e+04	3.015489e+02	5.648149e-05	2020	10	3	0
start	71	2020	10	3	0
	1010	1070	-37.968898	10.359361	1.013004e+05	1.418373e+01	5.909193e+03	5.844280e+03	1.098328e+04	1.086298e+04	3.026564e+02	3.918004e-04	2020	10	3	0
	1011	1074	-37.828273	10.734360	1.011741e+05	1.830896e+01	5.884938e+03	5.817175e+03	1.093161e+04	1.083344e+04	3.024904e+02	4.785991e-04	2020	10	3	6
	997	1072	-39.797021	10.546860	1.013075e+05	1.595270e+01	5.898934e+03	5.849126e+03	1.091677e+04	1.087901e+04	3.024892e+02	3.481288e-04	2020	10	3	12
	981	1079	-42.047019	11.203109	1.011008e+05	1.947775e+01	5.877831e+03	5.827544e+03	1.092520e+04	1.086820e+04	3.028747e+02	2.501459e-04	2020	10	3	18
	970	1080	-43.593892	11.296859	1.011638e+05	1.664037e+01	5.892375e+03	5.840847e+03	1.093038e+04	1.087952e+04	3.028497e+02	2.580545e-04	2020	10	4	0
	968	1077	-43.875142	11.015610	1.009382e+05	1.855395e+01	5.863335e+03	5.803633e+03	1.089468e+04	1.084960e+04	3.028332e+02	2.792640e-04	2020	10	4	6
	962	1078	-44.718891	11.109360	1.008934e+05	1.949665e+01	5.895317e+03	5.820491e+03	1.093114e+04	1.086946e+04	3.029133e+02	2.303527e-04	2020	10	4	12
	949	1083	-46.547014	11.578109	1.007117e+05	1.978499e+01	5.874135e+03	5.801896e+03	1.093476e+04	1.084985e+04	3.032803e+02	2.389719e-04	2020	10	4	18
	939	1082	-47.953263	11.484359	1.006966e+05	2.245708e+01	5.899725e+03	5.816510e+03	1.095997e+04	1.087596e+04	3.035302e+02	3.318143e-04	2020	10	5	0
	933	1089	-48.797012	12.140608	1.005289e+05	2.278122e+01	5.864199e+03	5.795552e+03	1.094562e+04	1.084502e+04	3.032558e+02	3.760879e-04	2020	10	5	6
	923	1085	-50.203260	11.765609	1.003205e+05	2.287370e+01	5.874312e+03	5.798495e+03	1.092160e+04	1.085659e+04	3.033281e+02	3.458918e-04	2020	10	5	12
	915	1085	-51.328259	11.765609	1.003540e+05	2.658331e+01	5.876224e+03	5.767568e+03	1.092031e+04	1.084544e+04	3.033498e+02	2.405723e-04	2020	10	5	18
	909	1097	-52.172008	12.890607	1.002556e+05	2.955699e+01	5.880237e+03	5.794376e+03	1.091550e+04	1.085322e+04	3.033511e+02	3.034959e-04	2020	10	6	0
	899	1102	-53.578257	13.359356	1.000980e+05	2.826746e+01	5.867921e+03	5.778203e+03	1.089830e+04	1.083030e+04	3.031675e+02	2.842844e-04	2020	10	6	6
	892	1106	-54.562631	13.734356	1.001248e+05	2.860094e+01	5.871844e+03	5.808642e+03	1.092004e+04	1.085299e+04	3.032213e+02	2.544713e-04	2020	10	6	12
	883	1115	-55.828254	14.578105	1.001161e+05	3.296785e+01	5.868563e+03	5.800738e+03	1.091077e+04	1.085174e+04	3.034344e+02	3.554329e-04	2020	10	6	18
	878	1124	-56.531379	15.421854	1.000942e+05	3.011969e+01	5.887414e+03	5.795726e+03	1.095360e+04	1.084933e+04	3.033167e+02	3.761061e-04	2020	10	7	0
	867	1132	-58.078252	16.171853	9.994886e+04	2.740502e+01	5.872412e+03	5.803657e+03	1.091499e+04	1.083329e+04	3.028939e+02	3.422190e-04	2020	10	7	6
	856	1138	-59.625125	16.734352	9.996972e+04	2.528124e+01	5.881315e+03	5.801087e+03	1.092920e+04	1.086110e+04	3.027073e+02	3.027339e-04	2020	10	7	12
	853	1147	-60.047000	17.578101	9.972452e+04	3.205319e+01	5.881032e+03	5.755318e+03	1.093701e+04	1.083168e+04	3.028949e+02	3.574872e-04	2020	10	7	18
	847	1155	-60.890749	18.328100	9.985198e+04	2.799489e+01	5.891493e+03	5.772773e+03	1.094089e+04	1.086584e+04	3.026473e+02	4.338124e-04	2020	10	8	0
	838	1160	-62.156373	18.796849	9.999350e+04	2.761986e+01	5.877876e+03	5.785527e+03	1.095499e+04	1.085126e+04	3.025557e+02	3.488709e-04	2020	10	8	6
	828	1164	-63.562621	19.171848	9.985591e+04	2.768090e+01	5.893284e+03	5.805590e+03	1.094381e+04	1.087480e+04	3.026696e+02	2.711168e-04	2020	10	8	12
	822	1169	-64.406370	19.640598	9.963489e+04	3.135318e+01	5.895856e+03	5.796430e+03	1.092886e+04	1.086008e+04	3.028190e+02	2.427979e-04	2020	10	8	18
	817	1170	-65.109495	19.734348	9.957378e+04	3.589631e+01	5.901366e+03	5.728204e+03	1.093592e+04	1.085387e+04	3.027890e+02	3.443692e-04	2020	10	9	0
	813	1179	-65.671994	20.578096	1.001464e+05	3.157936e+01	5.887682e+03	5.797226e+03	1.093030e+04	1.083361e+04	3.026371e+02	2.672311e-04	2020	10	9	6
	802	1182	-67.218868	20.859346	1.001367e+05	2.534473e+01	5.876372e+03	5.800892e+03	1.091274e+04	1.081581e+04	3.026231e+02	2.870293e-04	2020	10	9	12
	799	1193	-67.640742	21.890595	1.002085e+05	2.291294e+01	5.869933e+03	5.763864e+03	1.092488e+04	1.081500e+04	3.024242e+02	2.781315e-04	2020	10	9	18
	794	1201	-68.343866	22.640594	9.974098e+04	2.342491e+01	5.870000e+03	5.782246e+03	1.093280e+04	1.080589e+04	3.021468e+02	2.777462e-04	2020	10	10	0
	791	1213	-68.765741	23.765592	9.957132e+04	2.534136e+01	5.864529e+03	5.780583e+03	1.093754e+04	1.080136e+04	3.019510e+02	2.260425e-04	2020	10	10	6
	788	1225	-69.187615	24.890590	9.898657e+04	3.065344e+01	5.863491e+03	5.719367e+03	1.090235e+04	1.079462e+04	3.019044e+02	3.192396e-04	2020	10	10	12
	788	1240	-69.187615	26.296838	9.911967e+04	2.580217e+01	5.859518e+03	5.714875e+03	1.091252e+04	1.080339e+04	3.015983e+02	2.711585e-04	2020	10	10	18
	791	1251	-68.765741	27.328087	9.906678e+04	2.774069e+01	5.868402e+03	5.720560e+03	1.093586e+04	1.081944e+04	3.012388e+02	3.048786e-04	2020	10	11	0
	795	1258	-68.203242	27.984336	9.926994e+04	2.496468e+01	5.874500e+03	5.716377e+03	1.092574e+04	1.081612e+04	3.011494e+02	2.145130e-04	2020	10	11	6
	798	1272	-67.781367	29.296834	9.912051e+04	2.558029e+01	5.884847e+03	5.726871e+03	1.092857e+04	1.081869e+04	3.010720e+02	2.149402e-04	2020	10	11	12
	804	1280	-66.937618	30.046833	9.926433e+04	2.690288e+01	5.889461e+03	5.717527e+03	1.091631e+04	1.081813e+04	3.009261e+02	1.725271e-04	2020	10	11	18
	807	1289	-66.515743	30.890582	9.902825e+04	2.896454e+01	5.901503e+03	5.724596e+03	1.092619e+04	1.082933e+04	3.007926e+02	1.039216e-04	2020	10	12	0
	812	1290	-65.812619	30.984332	9.909627e+04	3.032216e+01	5.890685e+03	5.728025e+03	1.091324e+04	1.082772e+04	3.004906e+02	1.291673e-04	2020	10	12	6
	815	1299	-65.390744	31.828081	9.875913e+04	2.836504e+01	5.903638e+03	5.727037e+03	1.092166e+04	1.082946e+04	3.003417e+02	1.560360e-04	2020	10	12	12
	818	1307	-64.968870	32.578080	9.872272e+04	3.274993e+01	5.905176e+03	5.724684e+03	1.091192e+04	1.081851e+04	3.002136e+02	1.194565e-04	2020	10	12	18
	824	1316	-64.125121	33.421829	9.846919e+04	3.680262e+01	5.916521e+03	5.705860e+03	1.091677e+04	1.081550e+04	2.997587e+02	1.765512e-04	2020	10	13	0
	829	1326	-63.421996	34.359327	9.836169e+04	3.498385e+01	5.898720e+03	5.693441e+03	1.089235e+04	1.077581e+04	2.996687e+02	1.679525e-04	2020	10	13	6
	835	1335	-62.578247	35.203076	9.826632e+04	3.494304e+01	5.903990e+03	5.683786e+03	1.090839e+04	1.076977e+04	2.996280e+02	2.530910e-04	2020	10	13	12
	841	1343	-61.734498	35.953075	9.820330e+04	3.770926e+01	5.894704e+03	5.662396e+03	1.087910e+04	1.076167e+04	2.995798e+02	2.287561e-04	2020	10	13	18
	851	1354	-60.328250	36.984324	9.794471e+04	3.757349e+01	5.893238e+03	5.650445e+03	1.087731e+04	1.074050e+04	2.993319e+02	2.810803e-04	2020	10	14	0
	856	1356	-59.625125	37.171823	9.783921e+04	3.816362e+01	5.875674e+03	5.643170e+03	1.084362e+04	1.073021e+04	2.989625e+02	2.132197e-04	2020	10	14	6
	862	1356	-58.781376	37.171823	9.795375e+04	3.891326e+01	5.877546e+03	5.648472e+03	1.085857e+04	1.072077e+04	2.988093e+02	2.325412e-04	2020	10	14	12
	867	1358	-58.078252	37.359323	9.785612e+04	4.007990e+01	5.866521e+03	5.619521e+03	1.082486e+04	1.071322e+04	2.983642e+02	2.229057e-04	2020	10	14	18
	872	1359	-57.375128	37.453073	9.774121e+04	3.782619e+01	5.867110e+03	5.614062e+03	1.082832e+04	1.070630e+04	2.983719e+02	1.805333e-04	2020	10	15	0
	882	1364	-55.968879	37.921822	9.769841e+04	3.748844e+01	5.845397e+03	5.602420e+03	1.080276e+04	1.067054e+04	2.980600e+02	1.738798e-04	2020	10	15	6
	893	1372	-54.422006	38.671821	9.773972e+04	3.465707e+01	5.841727e+03	5.594945e+03	1.078568e+04	1.061765e+04	2.977245e+02	1.754614e-04	2020	10	15	12
	909	1383	-52.172008	39.703070	9.766014e+04	3.449939e+01	5.823651e+03	5.566279e+03	1.075780e+04	1.056676e+04	2.974773e+02	1.945276e-04	2020	10	15	18
	927	1402	-49.640761	41.484317	9.739705e+04	3.598692e+01	5.808129e+03	5.522129e+03	1.072721e+04	1.047075e+04	2.953170e+02	2.387111e-04	2020	10	16	0
	949	1424	-46.547014	43.546814	9.710825e+04	3.525006e+01	5.769686e+03	5.430823e+03	1.069711e+04	1.029561e+04	2.934706e+02	2.869202e-04	2020	10	16	6
	977	1458	-42.609518	46.734310	9.710437e+04	3.413906e+01	5.726330e+03	5.301531e+03	1.064287e+04	1.012046e+04	2.915216e+02	2.589550e-04	2020	10	16	12
	993	1505	-40.359521	51.140554	9.625053e+04	3.320526e+01	5.645498e+03	5.199680e+03	1.056309e+04	9.931167e+03	2.859735e+02	3.395940e-04	2020	10	16	18
	988	1556	-41.062645	55.921797	9.502337e+04	3.732972e+01	5.545943e+03	5.090573e+03	1.043980e+04	9.808396e+03	2.831274e+02	2.884371e-04	2020	10	17	0
	965	1588	-44.297016	58.921793	9.362556e+04	4.033344e+01	5.453139e+03	4.952253e+03	1.031613e+04	9.758053e+03	2.831258e+02	2.738892e-04	2020	10	17	6
	930	1609	-49.218886	60.890540	9.443120e+04	3.958192e+01	5.371479e+03	5.000119e+03	1.018992e+04	9.776933e+03	2.827766e+02	1.584447e-04	2020	10	17	12
	900	1624	-53.437632	62.296788	9.512229e+04	4.212991e+01	5.289490e+03	5.036050e+03	1.010992e+04	9.810137e+03	2.829098e+02	1.201969e-04	2020	10	17	18
	892	1627	-54.562631	62.578038	9.544400e+04	3.843878e+01	5.291063e+03	5.048851e+03	1.001522e+04	9.802306e+03	2.820776e+02	7.773368e-05	2020	10	18	0
	885	1630	-55.547005	62.859288	9.553735e+04	3.384666e+01	5.283142e+03	5.052330e+03	9.970564e+03	9.792997e+03	2.820233e+02	6.763275e-05	2020	10	18	6
	885	1629	-55.547005	62.765538	9.574877e+04	3.099941e+01	5.259621e+03	5.060596e+03	9.931216e+03	9.781447e+03	2.819954e+02	4.868629e-05	2020	10	18	12
	885	1628	-55.547005	62.671788	9.590315e+04	2.746230e+01	5.242078e+03	5.068083e+03	9.910961e+03	9.770340e+03	2.819680e+02	3.828202e-05	2020	10	18	18
	885	1626	-55.547005	62.484288	9.614749e+04	2.801885e+01	5.237369e+03	5.077724e+03	9.895096e+03	9.757380e+03	2.819413e+02	3.309006e-05	2020	10	19	0
	889	1618	-54.984505	61.734289	9.627559e+04	3.003120e+01	5.222312e+03	5.071975e+03	9.862141e+03	9.722705e+03	2.820339e+02	4.441530e-05	2020	10	19	6
	898	1608	-53.718882	60.796791	9.636267e+04	2.939388e+01	5.210731e+03	5.071449e+03	9.842571e+03	9.699508e+03	2.820561e+02	4.313900e-05	2020	10	19	12
	909	1602	-52.172008	60.234291	9.647752e+04	3.024224e+01	5.219163e+03	5.077104e+03	9.818088e+03	9.675368e+03	2.819449e+02	4.707635e-05	2020	10	19	18
	921	1595	-50.484510	59.578042	9.673781e+04	2.814257e+01	5.249894e+03	5.096670e+03	9.850160e+03	9.672351e+03	2.820172e+02	4.031633e-05	2020	10	20	0
	935	1589	-48.515762	59.015543	9.699795e+04	2.677467e+01	5.289565e+03	5.114165e+03	9.882088e+03	9.669931e+03	2.820149e+02	3.811848e-05	2020	10	20	6
	958	1581	-45.281390	58.265544	9.748169e+04	2.614580e+01	5.355678e+03	5.130247e+03	9.992682e+03	9.687112e+03	2.819626e+02	2.366040e-05	2020	10	20	12
start	60	2020	10	3	0
	2456	1095	165.374640	12.703107	1.008280e+05	1.054791e+01	5.878749e+03	5.821875e+03	1.098190e+04	1.089605e+04	3.038798e+02	4.376095e-04	2020	10	3	0
	2459	1088	165.796515	12.046858	1.005401e+05	1.649414e+01	5.867438e+03	5.799269e+03	1.098190e+04	1.085750e+04	3.044962e+02	3.822802e-04	2020	10	3	6
	2461	1091	166.077764	12.328108	1.007345e+05	1.609745e+01	5.870905e+03	5.811654e+03	1.099417e+04	1.087307e+04	3.039015e+02	3.179274e-04	2020	10	3	12
	2459	1109	165.796515	14.015606	1.004049e+05	1.663858e+01	5.867427e+03	5.793675e+03	1.094142e+04	1.086713e+04	3.036662e+02	3.023640e-04	2020	10	3	18
	2459	1121	165.796515	15.140604	1.005428e+05	1.571575e+01	5.867908e+03	5.807114e+03	1.094161e+04	1.088644e+04	3.035958e+02	2.894834e-04	2020	10	4	0
	2449	1119	164.390266	14.953104	1.002410e+05	1.492829e+01	5.852490e+03	5.793251e+03	1.095642e+04	1.087912e+04	3.039439e+02	2.811111e-04	2020	10	4	6
	2447	1122	164.109016	15.234354	1.003131e+05	1.422748e+01	5.864005e+03	5.803446e+03	1.095162e+04	1.088232e+04	3.035409e+02	2.896466e-04	2020	10	4	12
	2448	1132	164.249641	16.171853	1.000512e+05	1.725751e+01	5.843702e+03	5.774307e+03	1.094325e+04	1.086270e+04	3.033635e+02	3.610925e-04	2020	10	4	18
	2439	1139	162.984018	16.828102	1.001100e+05	1.730892e+01	5.857098e+03	5.779823e+03	1.093958e+04	1.087518e+04	3.034012e+02	3.849120e-04	2020	10	5	0
	2435	1146	162.421518	17.484351	9.977258e+04	1.735204e+01	5.845897e+03	5.767023e+03	1.094759e+04	1.085941e+04	3.036905e+02	3.787904e-04	2020	10	5	6
	2431	1149	161.859019	17.765600	9.981020e+04	1.860327e+01	5.857281e+03	5.781505e+03	1.094970e+04	1.088745e+04	3.032780e+02	3.983228e-04	2020	10	5	12
	2428	1160	161.437144	18.796849	9.952697e+04	2.117505e+01	5.848074e+03	5.760920e+03	1.096764e+04	1.087002e+04	3.028975e+02	3.937143e-04	2020	10	5	18
	2418	1159	160.030896	18.703099	9.961472e+04	1.995910e+01	5.850316e+03	5.770875e+03	1.093958e+04	1.088979e+04	3.028712e+02	2.615179e-04	2020	10	6	0
	2414	1168	159.468396	19.546848	9.925045e+04	2.028497e+01	5.845299e+03	5.751009e+03	1.095739e+04	1.088807e+04	3.030975e+02	3.078378e-04	2020	10	6	6
	2413	1172	159.327771	19.921847	9.937793e+04	2.298942e+01	5.855309e+03	5.751619e+03	1.097131e+04	1.088452e+04	3.026957e+02	3.109243e-04	2020	10	6	12
	2408	1175	158.624647	20.203097	9.906852e+04	1.970405e+01	5.833479e+03	5.736336e+03	1.093305e+04	1.086463e+04	3.026698e+02	3.002638e-04	2020	10	6	18
	2406	1179	158.343397	20.578096	9.917703e+04	2.126908e+01	5.843996e+03	5.749942e+03	1.094710e+04	1.088652e+04	3.025558e+02	2.844544e-04	2020	10	7	0
	2401	1184	157.640273	21.046846	9.884348e+04	2.324663e+01	5.838331e+03	5.733615e+03	1.093731e+04	1.087530e+04	3.021621e+02	3.032405e-04	2020	10	7	6
	2399	1188	157.359023	21.421845	9.885974e+04	2.616428e+01	5.839704e+03	5.726376e+03	1.095383e+04	1.087556e+04	3.019471e+02	3.412052e-04	2020	10	7	12
	2398	1189	157.218399	21.515595	9.857218e+04	2.406966e+01	5.824856e+03	5.702466e+03	1.094128e+04	1.085380e+04	3.017173e+02	3.227928e-04	2020	10	7	18
	2398	1199	157.218399	22.453094	9.864653e+04	2.448908e+01	5.843714e+03	5.716462e+03	1.093428e+04	1.087430e+04	3.013451e+02	3.030391e-04	2020	10	8	0
	2394	1214	156.655899	23.859342	9.833550e+04	2.519596e+01	5.833176e+03	5.686006e+03	1.093119e+04	1.086156e+04	3.013193e+02	2.667587e-04	2020	10	8	6
	2396	1222	156.937149	24.609341	9.847046e+04	2.688412e+01	5.851438e+03	5.703793e+03	1.097888e+04	1.087531e+04	3.008337e+02	3.486562e-04	2020	10	8	12
	2396	1237	156.937149	26.015589	9.821172e+04	3.108898e+01	5.834744e+03	5.676723e+03	1.094673e+04	1.084810e+04	3.008537e+02	3.569781e-04	2020	10	8	18
	2397	1246	157.077774	26.859338	9.814340e+04	3.064775e+01	5.854321e+03	5.669127e+03	1.094680e+04	1.086868e+04	3.005803e+02	3.420089e-04	2020	10	9	0
	2403	1263	157.921523	28.453085	9.775341e+04	3.321676e+01	5.836659e+03	5.638249e+03	1.093182e+04	1.084508e+04	3.004018e+02	3.202793e-04	2020	10	9	6
	2411	1269	159.046522	29.015585	9.771627e+04	3.416698e+01	5.864190e+03	5.653479e+03	1.094505e+04	1.085713e+04	2.999521e+02	3.826410e-04	2020	10	9	12
	2416	1288	159.749646	30.796832	9.738198e+04	3.577090e+01	5.840149e+03	5.625748e+03	1.092240e+04	1.083111e+04	2.994066e+02	3.985250e-04	2020	10	9	18
	2428	1294	161.437144	31.359331	9.757402e+04	3.878437e+01	5.859978e+03	5.646657e+03	1.092923e+04	1.085258e+04	2.992912e+02	2.678404e-04	2020	10	10	0
	2437	1295	162.702768	31.453081	9.744690e+04	3.595285e+01	5.859676e+03	5.639001e+03	1.092842e+04	1.084709e+04	2.995953e+02	3.109320e-04	2020	10	10	6
	2447	1299	164.109016	31.828081	9.746596e+04	3.571959e+01	5.859464e+03	5.634050e+03	1.093327e+04	1.082737e+04	2.996658e+02	3.188115e-04	2020	10	10	12
	2461	1300	166.077764	31.921831	9.734498e+04	3.473315e+01	5.829601e+03	5.616647e+03	1.090717e+04	1.081421e+04	2.994590e+02	2.258064e-04	2020	10	10	18
	2475	1292	168.046512	31.171832	9.748441e+04	3.279067e+01	5.835114e+03	5.625003e+03	1.091091e+04	1.079675e+04	2.997537e+02	2.380393e-04	2020	10	11	0
	2487	1282	169.734011	30.234333	9.735879e+04	3.474446e+01	5.815796e+03	5.602356e+03	1.089176e+04	1.077387e+04	2.997195e+02	2.826456e-04	2020	10	11	6
	2503	1280	171.984008	30.046833	9.716284e+04	3.627158e+01	5.795031e+03	5.585353e+03	1.087064e+04	1.073870e+04	2.994622e+02	3.906804e-04	2020	10	11	12
	2520	1280	174.374631	30.046833	9.678933e+04	3.696444e+01	5.760292e+03	5.548204e+03	1.082516e+04	1.069265e+04	2.996922e+02	3.951705e-04	2020	10	11	18
	2533	1287	176.202754	30.703082	9.667139e+04	3.634284e+01	5.752253e+03	5.531698e+03	1.081874e+04	1.067125e+04	2.992952e+02	4.516225e-04	2020	10	12	0
	2550	1293	178.593376	31.265582	9.606093e+04	4.088356e+01	5.752669e+03	5.485606e+03	1.081943e+04	1.062466e+04	2.992355e+02	4.915356e-04	2020	10	12	6
	2	1317	-179.718750	33.515578	9.591829e+04	3.467007e+01	5.718509e+03	5.471196e+03	1.078555e+04	1.055100e+04	2.969707e+02	3.500602e-04	2020	10	12	12
	21	1338	-177.046878	35.484326	9.596512e+04	3.777949e+01	5.708660e+03	5.455176e+03	1.077295e+04	1.050091e+04	2.941487e+02	3.902431e-04	2020	10	12	18
	29	1363	-175.921879	37.828072	9.605959e+04	3.308362e+01	5.680181e+03	5.449938e+03	1.075870e+04	1.047804e+04	2.934462e+02	2.678865e-04	2020	10	13	0
	31	1382	-175.640630	39.609320	9.601175e+04	3.117339e+01	5.647894e+03	5.428223e+03	1.073857e+04	1.044047e+04	2.934335e+02	1.952559e-04	2020	10	13	6
	29	1400	-175.921879	41.296818	9.585095e+04	2.963306e+01	5.597226e+03	5.376514e+03	1.069966e+04	1.041184e+04	2.911054e+02	2.502888e-04	2020	10	13	12
	18	1411	-177.468753	42.328066	9.532295e+04	3.161532e+01	5.522397e+03	5.330594e+03	1.062527e+04	1.038062e+04	2.892368e+02	2.504436e-04	2020	10	13	18
	15	1425	-177.890627	43.640564	9.528273e+04	3.546395e+01	5.528632e+03	5.289542e+03	1.056549e+04	1.035421e+04	2.889766e+02	1.660917e-04	2020	10	14	0
	0	1437	-180.000000	44.765563	9.503705e+04	3.542105e+01	5.501402e+03	5.266964e+03	1.050546e+04	1.029244e+04	2.877427e+02	1.465572e-04	2020	10	14	6
	2546	1449	178.030877	45.890561	9.530288e+04	3.075522e+01	5.510144e+03	5.254140e+03	1.047650e+04	1.024111e+04	2.872971e+02	1.337216e-04	2020	10	14	12
	2528	1455	175.499630	46.453060	9.544770e+04	3.006814e+01	5.495360e+03	5.254421e+03	1.043640e+04	1.020487e+04	2.881728e+02	1.180399e-04	2020	10	14	18
	2510	1455	172.968382	46.453060	9.589863e+04	2.645815e+01	5.486293e+03	5.276471e+03	1.041803e+04	1.020788e+04	2.896683e+02	9.799981e-05	2020	10	15	0
	2501	1447	171.702758	45.703061	9.595538e+04	2.358302e+01	5.476588e+03	5.274029e+03	1.038005e+04	1.020621e+04	2.905249e+02	8.937096e-05	2020	10	15	6
	2495	1435	170.859009	44.578063	9.639755e+04	2.406911e+01	5.499878e+03	5.291686e+03	1.039397e+04	1.020851e+04	2.907463e+02	8.062154e-05	2020	10	15	12
	2498	1424	171.280884	43.546814	9.651795e+04	2.467996e+01	5.508660e+03	5.283128e+03	1.039311e+04	1.019663e+04	2.910695e+02	9.225098e-05	2020	10	15	18
	2503	1413	171.984008	42.515566	9.682210e+04	2.393134e+01	5.527199e+03	5.310747e+03	1.039796e+04	1.021384e+04	2.913938e+02	7.411925e-05	2020	10	16	0
	2507	1404	172.546508	41.671817	9.707066e+04	2.581143e+01	5.561405e+03	5.340248e+03	1.044364e+04	1.023758e+04	2.913619e+02	7.324058e-05	2020	10	16	6
	2513	1389	173.390257	40.265569	9.760461e+04	2.407360e+01	5.609738e+03	5.375374e+03	1.049715e+04	1.026681e+04	2.916767e+02	8.317330e-05	2020	10	16	12
	2522	1374	174.655880	38.859321	9.797563e+04	2.165657e+01	5.646440e+03	5.404539e+03	1.053437e+04	1.029214e+04	2.923488e+02	9.271107e-05	2020	10	16	18
	2533	1362	176.202754	37.734323	9.847822e+04	2.085739e+01	5.677737e+03	5.443178e+03	1.057349e+04	1.032962e+04	2.946176e+02	6.868642e-05	2020	10	17	0
	2547	1355	178.171502	37.078073	9.873770e+04	2.000337e+01	5.700506e+03	5.479242e+03	1.059772e+04	1.035305e+04	2.945487e+02	6.320331e-05	2020	10	17	6
	1	1355	-179.859375	37.078073	9.920044e+04	1.860752e+01	5.721411e+03	5.516247e+03	1.061486e+04	1.038561e+04	2.937897e+02	6.605863e-05	2020	10	17	12
	16	1356	-177.750002	37.171823	9.953827e+04	2.037545e+01	5.751310e+03	5.549569e+03	1.063569e+04	1.040899e+04	2.932315e+02	5.105615e-05	2020	10	17	18
start	80	2020	10	6	12
	555	1113	-101.953206	14.390605	1.007435e+05	1.629226e+01	5.869419e+03	5.821098e+03	1.096966e+04	1.085914e+04	3.031523e+02	2.506028e-04	2020	10	6	12
	557	1123	-101.671957	15.328104	1.009541e+05	1.494849e+01	5.891567e+03	5.839984e+03	1.099326e+04	1.088085e+04	3.036787e+02	1.953191e-04	2020	10	6	18
	548	1130	-102.937580	15.984353	1.005938e+05	1.626524e+01	5.872673e+03	5.824248e+03	1.095736e+04	1.085559e+04	3.036692e+02	1.619519e-04	2020	10	7	0
	548	1133	-102.937580	16.265602	1.008154e+05	1.365585e+01	5.881998e+03	5.843881e+03	1.095485e+04	1.087480e+04	3.036016e+02	7.079770e-05	2020	10	7	6
	543	1138	-103.640705	16.734352	1.005301e+05	1.496955e+01	5.869271e+03	5.809167e+03	1.094337e+04	1.084972e+04	3.036429e+02	1.882252e-04	2020	10	7	12
	536	1144	-104.625079	17.296851	1.006722e+05	1.657001e+01	5.888757e+03	5.831842e+03	1.093267e+04	1.088068e+04	3.039686e+02	9.162444e-05	2020	10	7	18
	531	1146	-105.328203	17.484351	1.003923e+05	1.570776e+01	5.873293e+03	5.809738e+03	1.093656e+04	1.086819e+04	3.043492e+02	1.231925e-04	2020	10	8	0
	526	1151	-106.031327	17.953100	1.006679e+05	1.419360e+01	5.888295e+03	5.827958e+03	1.095882e+04	1.087566e+04	3.037827e+02	1.405855e-04	2020	10	8	6
	518	1154	-107.156326	18.234350	1.004012e+05	1.736430e+01	5.879150e+03	5.814245e+03	1.093546e+04	1.085785e+04	3.037109e+02	1.941116e-04	2020	10	8	12
	507	1155	-108.703199	18.328100	1.006328e+05	1.781804e+01	5.897175e+03	5.816135e+03	1.094908e+04	1.089017e+04	3.032701e+02	1.330699e-04	2020	10	8	18
	497	1154	-110.109448	18.234350	1.004342e+05	1.795096e+01	5.885632e+03	5.797159e+03	1.093073e+04	1.087410e+04	3.031730e+02	8.550422e-05	2020	10	9	0
	487	1147	-111.515696	17.578101	1.005698e+05	1.945204e+01	5.893071e+03	5.800481e+03	1.094327e+04	1.088402e+04	3.023864e+02	1.068012e-04	2020	10	9	6
	479	1141	-112.640695	17.015601	1.001281e+05	1.993899e+01	5.875449e+03	5.789369e+03	1.092569e+04	1.085636e+04	3.021052e+02	1.304288e-04	2020	10	9	12
	471	1140	-113.765694	16.921851	1.002632e+05	2.172915e+01	5.894180e+03	5.808430e+03	1.096081e+04	1.088473e+04	3.017829e+02	1.026806e-04	2020	10	9	18
	464	1135	-114.750068	16.453102	9.989946e+04	2.277778e+01	5.874466e+03	5.802083e+03	1.091738e+04	1.086122e+04	3.018437e+02	5.572635e-05	2020	10	10	0
	458	1132	-115.593817	16.171853	1.002044e+05	2.033242e+01	5.884156e+03	5.793246e+03	1.093048e+04	1.086926e+04	3.015156e+02	1.047340e-04	2020	10	10	6
	451	1131	-116.578191	16.078103	9.997157e+04	2.127567e+01	5.865789e+03	5.800562e+03	1.089668e+04	1.083824e+04	3.015771e+02	7.367431e-05	2020	10	10	12
	445	1128	-117.421940	15.796853	1.001405e+05	1.968721e+01	5.875685e+03	5.814039e+03	1.092031e+04	1.086388e+04	3.015179e+02	8.144756e-05	2020	10	10	18
	438	1126	-118.406314	15.609353	9.979075e+04	1.977999e+01	5.850507e+03	5.787467e+03	1.088982e+04	1.083974e+04	3.021133e+02	7.691091e-05	2020	10	11	0
	433	1122	-119.109438	15.234354	1.000359e+05	2.030064e+01	5.863359e+03	5.802118e+03	1.092371e+04	1.085607e+04	3.021564e+02	8.974499e-05	2020	10	11	6
	428	1124	-119.812563	15.421854	9.997536e+04	1.806473e+01	5.846765e+03	5.792742e+03	1.087768e+04	1.083340e+04	3.022219e+02	1.021951e-04	2020	10	11	12
	423	1124	-120.515687	15.421854	1.001260e+05	1.736626e+01	5.868854e+03	5.812361e+03	1.092928e+04	1.085890e+04	3.023509e+02	7.599808e-05	2020	10	11	18
	416	1121	-121.500061	15.140604	9.984080e+04	1.979694e+01	5.848652e+03	5.763791e+03	1.090921e+04	1.083963e+04	3.024951e+02	9.627719e-05	2020	10	12	0
	412	1119	-122.062560	14.953104	9.991773e+04	2.275261e+01	5.863456e+03	5.774029e+03	1.091107e+04	1.085496e+04	3.024662e+02	1.443086e-04	2020	10	12	6
	408	1119	-122.625060	14.953104	9.965176e+04	2.041795e+01	5.854533e+03	5.747625e+03	1.090301e+04	1.084334e+04	3.023769e+02	1.786830e-04	2020	10	12	12
	402	1120	-123.468809	15.046854	9.970928e+04	2.041213e+01	5.884691e+03	5.776928e+03	1.094185e+04	1.086849e+04	3.023051e+02	1.907759e-04	2020	10	12	18
	397	1120	-124.171933	15.046854	9.922227e+04	2.717682e+01	5.864624e+03	5.728799e+03	1.091399e+04	1.084354e+04	3.023269e+02	1.892943e-04	2020	10	13	0
	393	1123	-124.734433	15.328104	9.912918e+04	2.585185e+01	5.881345e+03	5.747447e+03	1.092753e+04	1.085561e+04	3.022921e+02	2.034973e-04	2020	10	13	6
	385	1126	-125.859431	15.609353	9.860733e+04	2.870663e+01	5.865048e+03	5.704914e+03	1.090097e+04	1.083490e+04	3.021793e+02	2.446446e-04	2020	10	13	12
	380	1129	-126.562556	15.890603	9.844174e+04	3.223739e+01	5.896897e+03	5.689127e+03	1.096308e+04	1.082873e+04	3.020665e+02	1.899102e-04	2020	10	13	18
	374	1135	-127.406305	16.453102	9.784102e+04	3.286101e+01	5.872246e+03	5.636687e+03	1.091962e+04	1.081481e+04	3.020279e+02	1.643415e-04	2020	10	14	0
	368	1139	-128.250054	16.828102	9.714027e+04	4.016350e+01	5.890622e+03	5.624502e+03	1.093659e+04	1.082785e+04	3.019754e+02	2.087377e-04	2020	10	14	6
	362	1145	-129.093803	17.390601	9.647872e+04	3.858430e+01	5.871800e+03	5.564919e+03	1.092596e+04	1.078732e+04	3.018769e+02	2.121369e-04	2020	10	14	12
	358	1152	-129.656302	18.046850	9.642286e+04	4.288231e+01	5.895613e+03	5.569629e+03	1.092994e+04	1.080464e+04	3.017777e+02	1.658107e-04	2020	10	14	18
	353	1159	-130.359427	18.703099	9.576634e+04	4.374454e+01	5.883414e+03	5.532942e+03	1.094083e+04	1.078537e+04	3.017024e+02	1.582669e-04	2020	10	15	0
	350	1164	-130.781301	19.171848	9.564668e+04	4.708337e+01	5.899866e+03	5.542241e+03	1.098725e+04	1.079467e+04	3.014744e+02	1.673363e-04	2020	10	15	6
	346	1169	-131.343801	19.640598	9.516945e+04	4.930114e+01	5.879955e+03	5.503916e+03	1.093449e+04	1.076199e+04	3.012480e+02	1.950131e-04	2020	10	15	12
	343	1173	-131.765675	20.015597	9.531668e+04	4.635418e+01	5.898715e+03	5.522943e+03	1.095391e+04	1.077933e+04	3.008955e+02	1.621143e-04	2020	10	15	18
	338	1175	-132.468800	20.203097	9.515119e+04	4.753532e+01	5.873323e+03	5.509092e+03	1.090341e+04	1.077392e+04	3.011923e+02	1.684779e-04	2020	10	16	0
	334	1180	-133.031299	20.671846	9.535791e+04	4.873262e+01	5.895042e+03	5.527782e+03	1.092870e+04	1.079698e+04	3.011217e+02	1.606120e-04	2020	10	16	6
	327	1181	-134.015673	20.765596	9.587573e+04	4.587643e+01	5.871898e+03	5.543207e+03	1.090816e+04	1.079002e+04	3.011009e+02	2.027418e-04	2020	10	16	12
	323	1180	-134.578172	20.671846	9.614591e+04	4.621723e+01	5.883148e+03	5.603271e+03	1.090894e+04	1.082052e+04	3.010397e+02	1.854467e-04	2020	10	16	18
	316	1178	-135.562546	20.484347	9.630777e+04	4.467927e+01	5.858773e+03	5.609347e+03	1.089082e+04	1.081675e+04	3.011968e+02	2.114829e-04	2020	10	17	0
	310	1177	-136.406295	20.390597	9.660460e+04	4.233204e+01	5.870342e+03	5.655369e+03	1.089364e+04	1.084243e+04	3.013671e+02	1.606936e-04	2020	10	17	6
	304	1172	-137.250045	19.921847	9.674802e+04	4.214717e+01	5.853854e+03	5.643799e+03	1.088027e+04	1.082885e+04	3.013960e+02	1.928479e-04	2020	10	17	12
	300	1168	-137.812544	19.546848	9.688788e+04	4.036312e+01	5.864021e+03	5.657464e+03	1.089071e+04	1.084237e+04	3.013495e+02	2.025182e-04	2020	10	17	18
	294	1166	-138.656293	19.359348	9.666130e+04	4.021613e+01	5.845827e+03	5.623161e+03	1.087262e+04	1.079122e+04	3.012270e+02	2.420058e-04	2020	10	18	0
	289	1162	-139.359417	18.984349	9.666901e+04	4.315273e+01	5.861397e+03	5.637999e+03	1.088262e+04	1.082302e+04	3.013902e+02	2.394739e-04	2020	10	18	6
	286	1162	-139.781292	18.984349	9.656991e+04	4.519689e+01	5.848240e+03	5.608593e+03	1.087174e+04	1.080479e+04	3.012931e+02	2.733123e-04	2020	10	18	12
	281	1158	-140.484416	18.609349	9.676392e+04	4.189705e+01	5.859377e+03	5.635707e+03	1.088085e+04	1.081714e+04	3.012282e+02	2.416397e-04	2020	10	18	18
	277	1154	-141.046916	18.234350	9.685469e+04	4.393787e+01	5.844799e+03	5.615321e+03	1.087516e+04	1.080279e+04	3.015187e+02	2.537223e-04	2020	10	19	0
	274	1152	-141.468790	18.046850	9.682551e+04	4.155153e+01	5.867454e+03	5.639238e+03	1.089116e+04	1.082154e+04	3.014549e+02	2.444518e-04	2020	10	19	6
	272	1152	-141.750040	18.046850	9.684006e+04	4.216506e+01	5.840098e+03	5.615083e+03	1.086117e+04	1.079194e+04	3.013426e+02	2.743921e-04	2020	10	19	12
	268	1152	-142.312539	18.046850	9.698120e+04	4.019955e+01	5.856199e+03	5.651921e+03	1.088584e+04	1.081615e+04	3.011761e+02	2.687240e-04	2020	10	19	18
	265	1152	-142.734414	18.046850	9.699736e+04	4.156078e+01	5.833912e+03	5.641993e+03	1.087198e+04	1.080404e+04	3.009166e+02	2.326167e-04	2020	10	20	0
	264	1153	-142.875039	18.140600	9.733322e+04	3.731672e+01	5.848121e+03	5.673423e+03	1.088386e+04	1.082348e+04	3.007311e+02	2.245668e-04	2020	10	20	6
	263	1157	-143.015664	18.515599	9.757823e+04	3.653722e+01	5.834706e+03	5.657500e+03	1.086199e+04	1.080506e+04	3.004512e+02	2.738308e-04	2020	10	20	12
	259	1160	-143.578163	18.796849	9.770763e+04	3.974380e+01	5.853613e+03	5.672723e+03	1.087913e+04	1.079895e+04	3.003470e+02	2.789707e-04	2020	10	20	18
	254	1165	-144.281287	19.265598	9.769126e+04	3.630818e+01	5.825450e+03	5.652659e+03	1.085715e+04	1.079149e+04	3.002178e+02	2.328790e-04	2020	10	21	0
	253	1168	-144.421912	19.546848	9.783725e+04	3.410081e+01	5.838631e+03	5.673138e+03	1.086981e+04	1.079881e+04	3.001316e+02	2.021175e-04	2020	10	21	6
	250	1176	-144.843787	20.296847	9.794526e+04	3.318201e+01	5.822587e+03	5.665446e+03	1.084872e+04	1.078828e+04	3.001182e+02	2.369793e-04	2020	10	21	12
	247	1182	-145.265661	20.859346	9.789030e+04	3.633138e+01	5.832121e+03	5.671010e+03	1.086081e+04	1.078413e+04	3.000280e+02	2.662829e-04	2020	10	21	18
	246	1189	-145.406286	21.515595	9.791969e+04	3.467853e+01	5.820399e+03	5.657227e+03	1.084090e+04	1.078612e+04	2.997770e+02	2.143360e-04	2020	10	22	0
	245	1197	-145.546911	22.265594	9.790712e+04	3.655498e+01	5.831977e+03	5.657897e+03	1.084977e+04	1.078248e+04	2.995046e+02	3.040048e-04	2020	10	22	6
	245	1202	-145.546911	22.734343	9.786638e+04	3.776469e+01	5.826141e+03	5.648002e+03	1.083576e+04	1.077605e+04	2.994409e+02	2.366761e-04	2020	10	22	12
	247	1212	-145.265661	23.671842	9.798184e+04	3.867500e+01	5.847276e+03	5.668318e+03	1.085418e+04	1.077925e+04	2.993210e+02	2.331094e-04	2020	10	22	18
	248	1220	-145.125036	24.421841	9.820434e+04	3.345560e+01	5.830650e+03	5.668209e+03	1.084222e+04	1.075734e+04	2.993017e+02	2.508178e-04	2020	10	23	0
	249	1231	-144.984411	25.453090	9.821966e+04	3.740327e+01	5.851417e+03	5.670111e+03	1.086942e+04	1.076716e+04	2.990352e+02	2.947857e-04	2020	10	23	6
	249	1243	-144.984411	26.578088	9.775052e+04	4.375525e+01	5.841049e+03	5.624799e+03	1.085399e+04	1.075167e+04	2.988392e+02	3.083485e-04	2020	10	23	12
	249	1255	-144.984411	27.703087	9.776536e+04	3.715890e+01	5.853632e+03	5.634991e+03	1.085582e+04	1.074253e+04	2.987792e+02	3.139721e-04	2020	10	23	18
	248	1266	-145.125036	28.734335	9.795205e+04	3.441705e+01	5.842396e+03	5.652792e+03	1.083285e+04	1.070453e+04	2.986487e+02	2.222901e-04	2020	10	24	0
	246	1277	-145.406286	29.765584	9.806819e+04	3.367558e+01	5.858489e+03	5.647116e+03	1.083794e+04	1.069347e+04	2.979336e+02	2.593711e-04	2020	10	24	6
	243	1290	-145.828161	30.984332	9.812654e+04	3.450834e+01	5.844518e+03	5.627183e+03	1.079985e+04	1.067955e+04	2.978718e+02	2.345560e-04	2020	10	24	12
	241	1303	-146.109410	32.203080	9.804945e+04	3.248395e+01	5.845627e+03	5.625331e+03	1.078451e+04	1.068520e+04	2.971295e+02	2.225470e-04	2020	10	24	18
	243	1319	-145.828161	33.703078	9.813579e+04	3.618280e+01	5.834217e+03	5.609614e+03	1.076399e+04	1.066129e+04	2.962122e+02	1.925636e-04	2020	10	25	0
	247	1336	-145.265661	35.296826	9.835555e+04	3.507080e+01	5.843572e+03	5.620812e+03	1.076232e+04	1.062795e+04	2.956042e+02	1.716972e-04	2020	10	25	6
	252	1358	-144.562537	37.359323	9.854092e+04	3.404402e+01	5.826598e+03	5.617924e+03	1.074222e+04	1.056841e+04	2.946451e+02	1.414231e-04	2020	10	25	12
	258	1388	-143.718788	40.171819	9.839055e+04	3.179677e+01	5.818767e+03	5.602156e+03	1.074003e+04	1.049807e+04	2.930510e+02	1.986788e-04	2020	10	25	18
	271	1418	-141.890665	42.984315	9.858709e+04	3.259948e+01	5.812062e+03	5.576799e+03	1.072883e+04	1.044863e+04	2.912404e+02	1.375106e-04	2020	10	26	0
	282	1454	-140.343791	46.359311	9.865173e+04	3.033336e+01	5.806728e+03	5.511175e+03	1.071868e+04	1.036112e+04	2.881234e+02	1.136691e-04	2020	10	26	6
start	41	2020	10	7	12
	1717	914	61.452873	-4.265619	1.009440e+05	1.468808e+01	5.853075e+03	5.815873e+03	1.093696e+04	1.086138e+04	3.028379e+02	2.987816e-04	2020	10	7	12
	1709	914	60.327875	-4.265619	1.010934e+05	1.959751e+01	5.880720e+03	5.835154e+03	1.092093e+04	1.087398e+04	3.021168e+02	3.942435e-04	2020	10	7	18
	1700	917	59.062251	-3.984369	1.008232e+05	1.747126e+01	5.851296e+03	5.806463e+03	1.091133e+04	1.084886e+04	3.016028e+02	4.328707e-04	2020	10	8	0
	1694	921	58.218502	-3.609370	1.009402e+05	2.039999e+01	5.875545e+03	5.825942e+03	1.091363e+04	1.087546e+04	3.014839e+02	3.268449e-04	2020	10	8	6
	1692	917	57.937252	-3.984369	1.006152e+05	1.915235e+01	5.847628e+03	5.806686e+03	1.090615e+04	1.085216e+04	3.016083e+02	2.783008e-04	2020	10	8	12
	1688	910	57.374753	-4.640619	1.007762e+05	1.854720e+01	5.870281e+03	5.822150e+03	1.092958e+04	1.087274e+04	3.011585e+02	3.245972e-04	2020	10	8	18
	1685	910	56.952878	-4.640619	1.004682e+05	2.258871e+01	5.846538e+03	5.789127e+03	1.090113e+04	1.084512e+04	3.010063e+02	3.548028e-04	2020	10	9	0
	1682	911	56.531004	-4.546869	1.005321e+05	2.353214e+01	5.868133e+03	5.795911e+03	1.090702e+04	1.087290e+04	3.008754e+02	3.255121e-04	2020	10	9	6
	1678	907	55.968504	-4.921868	1.000644e+05	2.371971e+01	5.843267e+03	5.764312e+03	1.090815e+04	1.084144e+04	3.009889e+02	3.215459e-04	2020	10	9	12
	1678	901	55.968504	-5.484367	9.985797e+04	2.740385e+01	5.871816e+03	5.775474e+03	1.092631e+04	1.085751e+04	3.008383e+02	3.106486e-04	2020	10	9	18
	1676	898	55.687254	-5.765617	9.968571e+04	2.784354e+01	5.841111e+03	5.755795e+03	1.089408e+04	1.082672e+04	3.007332e+02	3.755807e-04	2020	10	10	0
	1677	894	55.827879	-6.140616	9.998563e+04	2.756429e+01	5.865726e+03	5.817736e+03	1.094037e+04	1.086448e+04	3.006706e+02	2.725057e-04	2020	10	10	6
	1676	890	55.687254	-6.515616	9.982129e+04	2.432994e+01	5.840828e+03	5.794249e+03	1.089032e+04	1.084964e+04	3.007344e+02	1.624141e-04	2020	10	10	12
	1676	884	55.687254	-7.078115	1.001101e+05	2.359709e+01	5.868590e+03	5.793169e+03	1.090842e+04	1.086342e+04	3.004137e+02	2.096540e-04	2020	10	10	18
	1676	876	55.687254	-7.828114	9.997304e+04	2.308014e+01	5.838678e+03	5.780884e+03	1.089787e+04	1.083015e+04	3.002597e+02	2.900361e-04	2020	10	11	0
	1673	870	55.265380	-8.390613	1.001696e+05	2.312319e+01	5.869329e+03	5.810906e+03	1.089732e+04	1.086594e+04	3.001142e+02	1.458873e-04	2020	10	11	6
	1673	866	55.265380	-8.765613	9.996100e+04	2.182416e+01	5.847294e+03	5.786657e+03	1.088888e+04	1.085333e+04	3.003295e+02	8.102394e-05	2020	10	11	12
	1672	862	55.124755	-9.140612	9.995852e+04	2.543514e+01	5.879560e+03	5.791026e+03	1.094276e+04	1.086611e+04	3.000428e+02	1.704529e-04	2020	10	11	18
	1671	861	54.984130	-9.234362	9.982787e+04	2.417299e+01	5.850207e+03	5.774935e+03	1.090398e+04	1.083536e+04	2.999248e+02	2.820440e-04	2020	10	12	0
	1669	856	54.702880	-9.703112	9.993827e+04	2.798402e+01	5.875644e+03	5.779678e+03	1.092403e+04	1.085236e+04	2.998101e+02	1.866469e-04	2020	10	12	6
	1669	859	54.702880	-9.421862	9.963651e+04	2.381140e+01	5.859969e+03	5.745264e+03	1.088156e+04	1.084301e+04	2.999094e+02	8.080301e-05	2020	10	12	12
	1669	858	54.702880	-9.515612	9.953177e+04	2.659851e+01	5.871430e+03	5.755749e+03	1.090574e+04	1.085675e+04	2.997937e+02	1.155425e-04	2020	10	12	18
	1666	863	54.281006	-9.046862	9.922784e+04	2.889880e+01	5.846740e+03	5.732661e+03	1.088904e+04	1.082772e+04	2.999405e+02	2.361954e-04	2020	10	13	0
	1663	867	53.859131	-8.671863	9.891113e+04	3.384040e+01	5.876998e+03	5.726376e+03	1.091420e+04	1.083569e+04	3.000007e+02	1.455015e-04	2020	10	13	6
	1660	874	53.437257	-8.015614	9.846437e+04	3.613465e+01	5.846078e+03	5.684085e+03	1.087044e+04	1.081133e+04	3.013527e+02	1.014464e-04	2020	10	13	12
	1657	879	53.015382	-7.546865	9.849112e+04	3.741498e+01	5.867470e+03	5.694339e+03	1.089406e+04	1.081284e+04	3.002876e+02	1.159454e-04	2020	10	13	18
	1653	883	52.452883	-7.171865	9.857576e+04	3.541826e+01	5.836315e+03	5.671576e+03	1.087216e+04	1.079480e+04	3.003058e+02	1.547292e-04	2020	10	14	0
	1650	887	52.031008	-6.796866	9.864389e+04	3.545951e+01	5.861749e+03	5.726040e+03	1.089701e+04	1.083154e+04	3.003672e+02	1.315056e-04	2020	10	14	6
	1645	890	51.327884	-6.515616	9.874630e+04	3.661732e+01	5.836970e+03	5.717094e+03	1.086217e+04	1.081735e+04	3.008358e+02	9.080936e-05	2020	10	14	12
	1641	891	50.765385	-6.421866	9.897891e+04	3.401136e+01	5.869802e+03	5.747044e+03	1.090093e+04	1.083629e+04	3.002442e+02	1.226326e-04	2020	10	14	18
	1634	891	49.781011	-6.421866	9.899062e+04	3.055779e+01	5.837630e+03	5.698444e+03	1.088159e+04	1.080084e+04	3.002215e+02	1.335451e-04	2020	10	15	0
	1629	892	49.077886	-6.328116	9.902678e+04	3.083374e+01	5.882286e+03	5.751897e+03	1.088534e+04	1.085003e+04	3.002686e+02	1.342684e-04	2020	10	15	6
	1623	891	48.234137	-6.421866	9.897874e+04	3.056041e+01	5.850456e+03	5.720101e+03	1.090123e+04	1.082377e+04	3.004659e+02	1.295472e-04	2020	10	15	12
	1617	890	47.390388	-6.515616	9.901034e+04	3.145466e+01	5.876494e+03	5.781724e+03	1.088925e+04	1.084565e+04	3.001559e+02	9.765779e-05	2020	10	15	18
	1611	890	46.546639	-6.515616	9.925362e+04	3.065974e+01	5.858007e+03	5.762807e+03	1.087066e+04	1.082198e+04	2.998642e+02	1.195932e-04	2020	10	16	0
	1603	892	45.421640	-6.328116	9.966699e+04	2.977553e+01	5.875890e+03	5.819569e+03	1.090584e+04	1.085319e+04	2.996593e+02	1.392035e-04	2020	10	16	6
	1595	895	44.296641	-6.046867	9.979738e+04	2.686128e+01	5.858266e+03	5.804971e+03	1.089966e+04	1.085267e+04	2.997584e+02	1.118905e-04	2020	10	16	12
	1589	898	43.452892	-5.765617	1.002465e+05	2.584297e+01	5.874637e+03	5.842390e+03	1.091722e+04	1.086494e+04	2.998209e+02	1.459144e-04	2020	10	16	18
	1582	900	42.468518	-5.578117	1.005226e+05	2.333197e+01	5.857385e+03	5.822759e+03	1.086526e+04	1.083368e+04	2.999284e+02	1.187937e-04	2020	10	17	0
	1572	907	41.062270	-4.921868	1.006968e+05	2.208128e+01	5.877787e+03	5.834206e+03	1.092635e+04	1.085764e+04	2.999331e+02	1.681666e-04	2020	10	17	6
	1563	908	39.796646	-4.828118	1.006091e+05	2.380114e+01	5.859655e+03	5.790204e+03	1.087977e+04	1.084222e+04	3.077036e+02	2.596783e-04	2020	10	17	12
start	43	2020	10	9	6
	1037	1063	-34.172027	9.703112	1.010910e+05	1.251956e+01	5.853692e+03	5.808524e+03	1.090795e+04	1.079367e+04	3.020215e+02	3.080751e-04	2020	10	9	6
	1030	1070	-35.156401	10.359361	1.011757e+05	1.608106e+01	5.868110e+03	5.828695e+03	1.089367e+04	1.080734e+04	3.020054e+02	3.449737e-04	2020	10	9	12
	1021	1073	-36.422025	10.640610	1.009721e+05	1.572985e+01	5.850953e+03	5.807447e+03	1.087173e+04	1.080109e+04	3.025773e+02	2.601549e-04	2020	10	9	18
	1014	1080	-37.406399	11.296859	1.010853e+05	1.738606e+01	5.865343e+03	5.819995e+03	1.089868e+04	1.081547e+04	3.021201e+02	2.037154e-04	2020	10	10	0
	1004	1082	-38.812647	11.484359	1.009969e+05	1.767641e+01	5.843803e+03	5.806164e+03	1.088121e+04	1.078487e+04	3.018923e+02	2.863410e-04	2020	10	10	6
	994	1090	-40.218896	12.234358	1.010764e+05	2.123122e+01	5.860742e+03	5.817941e+03	1.090755e+04	1.078909e+04	3.017366e+02	3.282998e-04	2020	10	10	12
	984	1090	-41.625144	12.234358	1.009196e+05	1.954734e+01	5.839730e+03	5.797577e+03	1.089057e+04	1.078031e+04	3.022244e+02	2.782641e-04	2020	10	10	18
	972	1099	-43.312642	13.078107	1.009517e+05	1.920866e+01	5.870699e+03	5.798723e+03	1.087221e+04	1.077088e+04	3.019132e+02	2.242951e-04	2020	10	11	0
	965	1103	-44.297016	13.453106	1.008873e+05	2.042978e+01	5.857239e+03	5.799404e+03	1.085778e+04	1.075363e+04	3.014244e+02	1.892826e-04	2020	10	11	6
	952	1110	-46.125140	14.109355	1.009760e+05	1.898780e+01	5.862573e+03	5.804660e+03	1.089903e+04	1.075175e+04	3.014272e+02	2.111185e-04	2020	10	11	12
	939	1119	-47.953263	14.953104	1.009170e+05	1.812176e+01	5.860604e+03	5.801789e+03	1.087645e+04	1.075257e+04	3.018126e+02	2.078713e-04	2020	10	11	18
	934	1132	-48.656387	16.171853	1.010440e+05	2.005124e+01	5.885545e+03	5.811223e+03	1.088439e+04	1.076316e+04	3.014666e+02	2.360335e-04	2020	10	12	0
	922	1150	-50.343885	17.859350	1.009473e+05	2.148412e+01	5.874383e+03	5.788987e+03	1.088519e+04	1.075672e+04	3.016060e+02	2.482706e-04	2020	10	12	6
	910	1161	-52.031383	18.890599	1.008572e+05	2.118394e+01	5.894233e+03	5.816640e+03	1.090171e+04	1.078278e+04	3.013399e+02	2.360384e-04	2020	10	12	12
	898	1175	-53.718882	20.203097	1.008437e+05	2.047250e+01	5.897128e+03	5.810851e+03	1.092550e+04	1.079288e+04	3.014284e+02	1.233497e-04	2020	10	12	18
	886	1186	-55.406380	21.234345	1.009297e+05	2.261356e+01	5.910722e+03	5.818096e+03	1.095379e+04	1.079782e+04	3.013812e+02	1.258845e-04	2020	10	13	0
	871	1194	-57.515753	21.984344	1.005558e+05	2.546070e+01	5.894209e+03	5.809388e+03	1.092170e+04	1.079685e+04	3.013451e+02	1.834460e-04	2020	10	13	6
	860	1198	-59.062626	22.359344	1.005644e+05	2.275182e+01	5.905032e+03	5.804929e+03	1.090513e+04	1.079812e+04	3.012684e+02	1.058115e-04	2020	10	13	12
	851	1207	-60.328250	23.203093	1.005560e+05	2.116933e+01	5.895555e+03	5.795363e+03	1.090682e+04	1.080645e+04	3.013161e+02	6.841205e-05	2020	10	13	18
	845	1217	-61.171999	24.140591	1.005004e+05	2.532238e+01	5.904665e+03	5.830576e+03	1.090870e+04	1.083299e+04	3.015144e+02	5.998962e-05	2020	10	14	0
	837	1224	-62.296998	24.796841	1.004609e+05	2.219541e+01	5.896126e+03	5.793988e+03	1.089474e+04	1.084612e+04	3.014346e+02	1.200043e-04	2020	10	14	6
	833	1231	-62.859497	25.453090	1.002659e+05	2.417353e+01	5.907580e+03	5.774604e+03	1.089627e+04	1.084128e+04	3.013587e+02	8.995671e-05	2020	10	14	12
	829	1236	-63.421996	25.921839	9.998279e+04	2.251379e+01	5.886882e+03	5.779936e+03	1.089595e+04	1.083717e+04	3.013586e+02	6.467765e-05	2020	10	14	18
	829	1243	-63.421996	26.578088	9.996010e+04	2.319481e+01	5.891372e+03	5.785144e+03	1.090341e+04	1.082823e+04	3.013225e+02	9.017573e-05	2020	10	15	0
	829	1249	-63.421996	27.140587	9.953958e+04	2.858304e+01	5.880988e+03	5.772438e+03	1.088051e+04	1.079672e+04	3.011754e+02	1.058488e-04	2020	10	15	6
	834	1255	-62.718872	27.703087	9.927976e+04	3.530009e+01	5.888198e+03	5.749538e+03	1.088117e+04	1.078233e+04	3.006700e+02	1.128124e-04	2020	10	15	12
	841	1261	-61.734498	28.265586	9.973832e+04	2.740675e+01	5.881685e+03	5.765892e+03	1.087540e+04	1.076606e+04	3.003824e+02	1.123738e-04	2020	10	15	18
	849	1267	-60.609499	28.828085	9.978405e+04	2.649358e+01	5.892766e+03	5.760639e+03	1.090371e+04	1.076432e+04	3.000980e+02	1.758813e-04	2020	10	16	0
	856	1271	-59.625125	29.203084	9.985234e+04	2.590429e+01	5.872291e+03	5.764986e+03	1.085825e+04	1.074061e+04	3.000035e+02	1.471504e-04	2020	10	16	6
	862	1274	-58.781376	29.484334	9.978325e+04	2.637097e+01	5.874636e+03	5.794925e+03	1.086359e+04	1.073305e+04	2.999550e+02	1.053758e-04	2020	10	16	12
	870	1278	-57.656377	29.859334	9.963552e+04	3.508613e+01	5.864944e+03	5.755822e+03	1.085038e+04	1.072421e+04	3.004100e+02	1.854497e-04	2020	10	16	18
	875	1278	-56.953253	29.859334	9.991150e+04	3.461423e+01	5.868789e+03	5.775368e+03	1.084489e+04	1.071486e+04	3.004174e+02	1.404576e-04	2020	10	17	0
	880	1280	-56.250129	30.046833	1.000637e+05	3.026020e+01	5.857042e+03	5.744121e+03	1.082516e+04	1.069002e+04	3.003319e+02	1.631480e-04	2020	10	17	6
	884	1283	-55.687630	30.328083	1.002411e+05	2.489487e+01	5.865153e+03	5.784070e+03	1.082704e+04	1.068624e+04	3.001340e+02	1.438970e-04	2020	10	17	12
	886	1283	-55.406380	30.328083	1.003802e+05	2.638936e+01	5.855223e+03	5.764934e+03	1.081826e+04	1.067499e+04	3.001829e+02	1.515489e-04	2020	10	17	18
	892	1283	-54.562631	30.328083	1.005488e+05	2.946237e+01	5.870919e+03	5.747854e+03	1.083049e+04	1.067815e+04	3.001307e+02	1.784418e-04	2020	10	18	0
	899	1295	-53.578257	31.453081	9.997064e+04	3.185561e+01	5.852005e+03	5.730054e+03	1.079917e+04	1.065969e+04	2.998390e+02	2.031853e-04	2020	10	18	6
	904	1302	-52.875132	32.109330	1.001764e+05	3.460824e+01	5.857530e+03	5.726938e+03	1.080031e+04	1.066518e+04	2.997756e+02	1.856813e-04	2020	10	18	12
	911	1311	-51.890758	32.953079	9.997988e+04	3.205051e+01	5.846473e+03	5.701070e+03	1.078966e+04	1.065952e+04	2.984140e+02	1.901053e-04	2020	10	18	18
	914	1319	-51.468884	33.703078	9.957487e+04	3.836995e+01	5.853766e+03	5.676978e+03	1.079303e+04	1.065252e+04	2.977547e+02	1.372853e-04	2020	10	19	0
	918	1324	-50.906385	34.171828	9.945407e+04	2.929185e+01	5.836762e+03	5.683417e+03	1.077019e+04	1.062600e+04	2.973806e+02	8.414144e-05	2020	10	19	6
	924	1327	-50.062635	34.453077	9.975957e+04	2.635393e+01	5.847165e+03	5.723993e+03	1.077403e+04	1.061974e+04	2.970028e+02	5.272717e-05	2020	10	19	12
	931	1329	-49.078261	34.640577	1.000284e+05	2.370491e+01	5.844743e+03	5.741560e+03	1.078443e+04	1.062066e+04	2.971652e+02	6.868286e-05	2020	10	19	18
start	53	2020	10	15	6
	59	1122	-171.703134	15.234354	1.010151e+05	1.004442e+01	5.888702e+03	5.834664e+03	1.094783e+04	1.087755e+04	3.038129e+02	1.422380e-04	2020	10	15	6
	49	1127	-173.109382	15.703103	1.011710e+05	1.084478e+01	5.887965e+03	5.831117e+03	1.097216e+04	1.087334e+04	3.034750e+02	1.224717e-04	2020	10	15	12
	44	1117	-173.812506	14.765604	1.009462e+05	1.035801e+01	5.871284e+03	5.827865e+03	1.091031e+04	1.086051e+04	3.034485e+02	1.625810e-04	2020	10	15	18
	40	1119	-174.375006	14.953104	1.010870e+05	1.044749e+01	5.871499e+03	5.830407e+03	1.092863e+04	1.086896e+04	3.034884e+02	1.778030e-04	2020	10	16	0
	34	1118	-175.218755	14.859354	1.008942e+05	1.092588e+01	5.883538e+03	5.826692e+03	1.095155e+04	1.087029e+04	3.038100e+02	1.790365e-04	2020	10	16	6
	26	1121	-176.343754	15.140604	1.010644e+05	1.043029e+01	5.883114e+03	5.824107e+03	1.090827e+04	1.086502e+04	3.036460e+02	1.341442e-04	2020	10	16	12
	23	1129	-176.765628	15.890603	1.008678e+05	1.224366e+01	5.871917e+03	5.819755e+03	1.091364e+04	1.083967e+04	3.035363e+02	1.698335e-04	2020	10	16	18
	23	1134	-176.765628	16.359352	1.010166e+05	1.225076e+01	5.874209e+03	5.817036e+03	1.092651e+04	1.085930e+04	3.033834e+02	1.956813e-04	2020	10	17	0
	17	1135	-177.609377	16.453102	1.007710e+05	1.199730e+01	5.871639e+03	5.827939e+03	1.093461e+04	1.086672e+04	3.035942e+02	2.027848e-04	2020	10	17	6
	15	1136	-177.890627	16.546852	1.009329e+05	1.444552e+01	5.884138e+03	5.823096e+03	1.095349e+04	1.086971e+04	3.033551e+02	1.795951e-04	2020	10	17	12
	10	1143	-178.593751	17.203101	1.007749e+05	1.402249e+01	5.879171e+03	5.813543e+03	1.091662e+04	1.086261e+04	3.032712e+02	2.121762e-04	2020	10	17	18
	0	1148	-180.000000	17.671850	1.009080e+05	1.454916e+01	5.884459e+03	5.827321e+03	1.093846e+04	1.086722e+04	3.033379e+02	1.531281e-04	2020	10	18	0
	2558	1146	179.718375	17.484351	1.006532e+05	1.638590e+01	5.890092e+03	5.821903e+03	1.093455e+04	1.087714e+04	3.036596e+02	2.465464e-04	2020	10	18	6
	2552	1146	178.874626	17.484351	1.007589e+05	1.770991e+01	5.886417e+03	5.829704e+03	1.093125e+04	1.087875e+04	3.033907e+02	2.353047e-04	2020	10	18	12
	2549	1144	178.452751	17.296851	1.003373e+05	1.939741e+01	5.878909e+03	5.797324e+03	1.091948e+04	1.086371e+04	3.033976e+02	2.463942e-04	2020	10	18	18
	2542	1144	177.468377	17.296851	1.003652e+05	2.265615e+01	5.888689e+03	5.806490e+03	1.093584e+04	1.088000e+04	3.033732e+02	2.257368e-04	2020	10	19	0
	2537	1144	176.765253	17.296851	9.991566e+04	2.551583e+01	5.888550e+03	5.767876e+03	1.097361e+04	1.087558e+04	3.035305e+02	2.973901e-04	2020	10	19	6
	2531	1146	175.921504	17.484351	9.957336e+04	3.206689e+01	5.892893e+03	5.742464e+03	1.095247e+04	1.085288e+04	3.032879e+02	3.349496e-04	2020	10	19	12
	2522	1146	174.655880	17.484351	9.928734e+04	3.009549e+01	5.891585e+03	5.736250e+03	1.093729e+04	1.085071e+04	3.031515e+02	2.936786e-04	2020	10	19	18
	2514	1145	173.530882	17.390601	9.916607e+04	3.024002e+01	5.897554e+03	5.724068e+03	1.096240e+04	1.085161e+04	3.032308e+02	2.890292e-04	2020	10	20	0
	2505	1146	172.265258	17.484351	9.819646e+04	3.294322e+01	5.891458e+03	5.667084e+03	1.095099e+04	1.082623e+04	3.031958e+02	3.000674e-04	2020	10	20	6
	2495	1146	170.859009	17.484351	9.780829e+04	3.487828e+01	5.898295e+03	5.613933e+03	1.095293e+04	1.080470e+04	3.032881e+02	2.804841e-04	2020	10	20	12
	2485	1146	169.452761	17.484351	9.694631e+04	4.082945e+01	5.880958e+03	5.566542e+03	1.092134e+04	1.078022e+04	3.031228e+02	3.018741e-04	2020	10	20	18
	2475	1146	168.046512	17.484351	9.562602e+04	4.653460e+01	5.895519e+03	5.493425e+03	1.093554e+04	1.075156e+04	3.028523e+02	3.365282e-04	2020	10	21	0
	2467	1147	166.921513	17.578101	9.518847e+04	4.640447e+01	5.871047e+03	5.425396e+03	1.094613e+04	1.072397e+04	3.025452e+02	2.933090e-04	2020	10	21	6
	2460	1147	165.937140	17.578101	9.429536e+04	5.326433e+01	5.880631e+03	5.407860e+03	1.094372e+04	1.072365e+04	3.026438e+02	3.674272e-04	2020	10	21	12
	2453	1149	164.952766	17.765600	9.356820e+04	5.283673e+01	5.860801e+03	5.366517e+03	1.091579e+04	1.069490e+04	3.026082e+02	3.992264e-04	2020	10	21	18
	2446	1150	163.968392	17.859350	9.347501e+04	5.454673e+01	5.871236e+03	5.385490e+03	1.094229e+04	1.072054e+04	3.024008e+02	3.613482e-04	2020	10	22	0
	2439	1155	162.984018	18.328100	9.315941e+04	5.337823e+01	5.858192e+03	5.338382e+03	1.090638e+04	1.068039e+04	3.021974e+02	3.782607e-04	2020	10	22	6
	2431	1158	161.859019	18.609349	9.275947e+04	6.064417e+01	5.866733e+03	5.324124e+03	1.092029e+04	1.067621e+04	3.021520e+02	3.818324e-04	2020	10	22	12
	2423	1162	160.734020	18.984349	9.239240e+04	5.762863e+01	5.855394e+03	5.288323e+03	1.090615e+04	1.063608e+04	3.015985e+02	3.755740e-04	2020	10	22	18
	2416	1166	159.749646	19.359348	9.257822e+04	5.629318e+01	5.876712e+03	5.310100e+03	1.091895e+04	1.066249e+04	3.016960e+02	2.859819e-04	2020	10	23	0
	2410	1169	158.905897	19.640598	9.216782e+04	6.193289e+01	5.861003e+03	5.276467e+03	1.091029e+04	1.063728e+04	3.019245e+02	3.011453e-04	2020	10	23	6
	2403	1174	157.921523	20.109347	9.212509e+04	5.797258e+01	5.876274e+03	5.292435e+03	1.092509e+04	1.064829e+04	3.018513e+02	2.931253e-04	2020	10	23	12
	2396	1178	156.937149	20.484347	9.245694e+04	5.629821e+01	5.862044e+03	5.293350e+03	1.091641e+04	1.064321e+04	3.015914e+02	3.071995e-04	2020	10	23	18
	2389	1180	155.952775	20.671846	9.276980e+04	5.622334e+01	5.874846e+03	5.313403e+03	1.092670e+04	1.066462e+04	3.014002e+02	3.017797e-04	2020	10	24	0
	2383	1184	155.109026	21.046846	9.269372e+04	5.587027e+01	5.870373e+03	5.304777e+03	1.092749e+04	1.065869e+04	3.012755e+02	3.223658e-04	2020	10	24	6
	2378	1187	154.405902	21.328095	9.293958e+04	5.384735e+01	5.882397e+03	5.324749e+03	1.093295e+04	1.067803e+04	3.014692e+02	2.884178e-04	2020	10	24	12
	2373	1191	153.702777	21.703095	9.310026e+04	5.532995e+01	5.862283e+03	5.328988e+03	1.091377e+04	1.067550e+04	3.014239e+02	2.990105e-04	2020	10	24	18
	2369	1196	153.140278	22.171844	9.343135e+04	5.619529e+01	5.880436e+03	5.349029e+03	1.093283e+04	1.070081e+04	3.012146e+02	3.250877e-04	2020	10	25	0
	2365	1200	152.577778	22.546844	9.316892e+04	5.785866e+01	5.874665e+03	5.340308e+03	1.092658e+04	1.068753e+04	3.011930e+02	2.800385e-04	2020	10	25	6
	2362	1206	152.155904	23.109343	9.368499e+04	5.661683e+01	5.891071e+03	5.377231e+03	1.093675e+04	1.072640e+04	3.010247e+02	2.888274e-04	2020	10	25	12
	2360	1214	151.874654	23.859342	9.405805e+04	5.472527e+01	5.876087e+03	5.393724e+03	1.091987e+04	1.073012e+04	3.006305e+02	2.582480e-04	2020	10	25	18
	2358	1224	151.593404	24.796841	9.477316e+04	5.324078e+01	5.898140e+03	5.459411e+03	1.094213e+04	1.077726e+04	3.002820e+02	2.650504e-04	2020	10	26	0
	2359	1232	151.734029	25.546839	9.513505e+04	5.129411e+01	5.885434e+03	5.478134e+03	1.092303e+04	1.078586e+04	3.001442e+02	2.536600e-04	2020	10	26	6
	2362	1241	152.155904	26.390588	9.560163e+04	5.128728e+01	5.896999e+03	5.513732e+03	1.093276e+04	1.079779e+04	2.995691e+02	1.829435e-04	2020	10	26	12
	2367	1250	152.859028	27.234337	9.611745e+04	4.491308e+01	5.884563e+03	5.547114e+03	1.091849e+04	1.080663e+04	2.994745e+02	1.734654e-04	2020	10	26	18
	2376	1260	154.124652	28.171836	9.694131e+04	4.456624e+01	5.907415e+03	5.608860e+03	1.094100e+04	1.083203e+04	2.993327e+02	2.330731e-04	2020	10	27	0
	2388	1270	155.812150	29.109335	9.708145e+04	3.987852e+01	5.891024e+03	5.638393e+03	1.092642e+04	1.076837e+04	2.991735e+02	2.315219e-04	2020	10	27	6
	2400	1276	157.499648	29.671834	9.778727e+04	3.788416e+01	5.901950e+03	5.728033e+03	1.093544e+04	1.075364e+04	2.984734e+02	2.227759e-04	2020	10	27	12
	2412	1275	159.187147	29.578084	9.859327e+04	3.294154e+01	5.887325e+03	5.745609e+03	1.092203e+04	1.075115e+04	2.987383e+02	2.459599e-04	2020	10	27	18
	2424	1273	160.874645	29.390584	9.901566e+04	4.025517e+01	5.900406e+03	5.749069e+03	1.092979e+04	1.076474e+04	2.988177e+02	2.276373e-04	2020	10	28	0
	2439	1267	162.984018	28.828085	9.911474e+04	3.009799e+01	5.882989e+03	5.764455e+03	1.091493e+04	1.076218e+04	2.989931e+02	1.096929e-04	2020	10	28	6
start	17	2020	10	24	0
	1396	1319	16.312295	33.703078	1.002460e+05	2.218106e+01	5.734504e+03	5.620925e+03	1.058547e+04	1.039881e+04	2.982306e+02	1.265517e-04	2020	10	24	0
	1398	1319	16.593545	33.703078	1.000935e+05	2.442223e+01	5.741333e+03	5.619653e+03	1.059210e+04	1.038454e+04	2.981885e+02	1.857307e-04	2020	10	24	6
	1408	1321	17.999794	33.890578	1.002054e+05	2.417041e+01	5.743358e+03	5.618466e+03	1.058901e+04	1.041208e+04	2.980999e+02	2.069020e-04	2020	10	24	12
	1405	1325	17.577919	34.265577	9.985306e+04	2.679100e+01	5.740819e+03	5.605897e+03	1.057975e+04	1.041673e+04	2.980702e+02	1.675685e-04	2020	10	24	18
	1410	1322	18.281043	33.984328	9.971409e+04	2.675076e+01	5.745089e+03	5.608423e+03	1.058457e+04	1.043223e+04	2.978296e+02	1.476963e-04	2020	10	25	0
	1410	1325	18.281043	34.265577	9.966373e+04	3.085608e+01	5.738485e+03	5.599358e+03	1.058311e+04	1.041344e+04	2.976191e+02	1.731704e-04	2020	10	25	6
	1423	1323	20.109166	34.078078	9.965547e+04	2.911884e+01	5.747207e+03	5.594168e+03	1.061147e+04	1.041741e+04	2.973353e+02	1.592824e-04	2020	10	25	12
	1426	1320	20.531041	33.796828	9.956620e+04	3.128760e+01	5.749648e+03	5.613058e+03	1.060469e+04	1.043643e+04	2.973029e+02	9.935279e-05	2020	10	25	18
	1435	1321	21.796665	33.890578	9.962873e+04	2.705988e+01	5.739621e+03	5.606262e+03	1.058597e+04	1.041632e+04	2.969402e+02	1.447655e-04	2020	10	26	0
	1444	1315	23.062288	33.328079	9.984684e+04	3.072404e+01	5.746767e+03	5.607589e+03	1.060029e+04	1.041462e+04	2.966635e+02	1.602201e-04	2020	10	26	6
	1458	1315	25.031036	33.328079	9.968126e+04	2.624785e+01	5.742999e+03	5.602129e+03	1.060383e+04	1.041859e+04	2.980643e+02	1.215834e-04	2020	10	26	12
	1471	1317	26.859159	33.515578	9.967325e+04	2.737551e+01	5.755809e+03	5.604254e+03	1.061529e+04	1.040163e+04	2.971314e+02	1.059725e-04	2020	10	26	18
	1478	1326	27.843533	34.359327	9.933163e+04	3.007107e+01	5.730890e+03	5.564884e+03	1.056194e+04	1.036694e+04	2.963108e+02	1.815494e-04	2020	10	27	0
	1489	1333	29.390407	35.015576	9.895944e+04	2.876595e+01	5.726059e+03	5.555396e+03	1.054776e+04	1.034736e+04	2.967640e+02	1.716532e-04	2020	10	27	6
	1501	1339	31.077905	35.578076	9.917094e+04	3.157845e+01	5.728414e+03	5.559285e+03	1.055239e+04	1.034558e+04	2.972230e+02	1.704291e-04	2020	10	27	12
	1504	1352	31.499780	36.796824	9.957502e+04	2.359643e+01	5.720768e+03	5.550772e+03	1.053104e+04	1.033063e+04	2.969596e+02	1.734384e-04	2020	10	27	18
	1518	1370	33.468528	38.484322	9.999975e+04	1.563176e+01	5.691771e+03	5.545369e+03	1.048213e+04	1.031182e+04	2.964478e+02	8.783849e-05	2020	10	28	0
start	20	2020	10	25	12
	966	1371	-44.156392	38.578071	9.775424e+04	2.857504e+01	5.646017e+03	5.383922e+03	1.054191e+04	1.020143e+04	2.963352e+02	3.253568e-04	2020	10	25	12
	979	1362	-42.328268	37.734323	9.739856e+04	3.019138e+01	5.643601e+03	5.368159e+03	1.050416e+04	1.021555e+04	2.960994e+02	2.078319e-04	2020	10	25	18
	1001	1355	-39.234522	37.078073	9.754849e+04	2.890467e+01	5.651455e+03	5.383087e+03	1.050964e+04	1.024737e+04	2.951635e+02	1.598645e-04	2020	10	26	0
	1018	1354	-36.843899	36.984324	9.754603e+04	2.724049e+01	5.614321e+03	5.390483e+03	1.046755e+04	1.025331e+04	2.951352e+02	1.356782e-04	2020	10	26	6
	1036	1341	-34.312652	35.765575	9.807680e+04	2.712384e+01	5.662882e+03	5.431853e+03	1.051659e+04	1.028425e+04	2.951844e+02	1.238072e-04	2020	10	26	12
	1055	1345	-31.640780	36.140575	9.804035e+04	2.134026e+01	5.633385e+03	5.444619e+03	1.049504e+04	1.030018e+04	2.947197e+02	8.930269e-05	2020	10	26	18
	1066	1342	-30.093906	35.859325	9.839570e+04	2.056638e+01	5.646658e+03	5.469921e+03	1.053940e+04	1.032613e+04	2.945767e+02	1.119244e-04	2020	10	27	0
	1078	1340	-28.406408	35.671825	9.834563e+04	2.022889e+01	5.648860e+03	5.473823e+03	1.054813e+04	1.032710e+04	2.946034e+02	9.595796e-05	2020	10	27	6
	1087	1333	-27.140784	35.015576	9.865735e+04	1.987978e+01	5.676655e+03	5.502224e+03	1.059620e+04	1.035340e+04	2.948677e+02	8.499102e-05	2020	10	27	12
	1097	1319	-25.734536	33.703078	9.867202e+04	2.358242e+01	5.693115e+03	5.506127e+03	1.062460e+04	1.035269e+04	2.967075e+02	1.143804e-04	2020	10	27	18
	1113	1304	-23.484538	32.296830	9.871447e+04	2.172752e+01	5.701609e+03	5.503397e+03	1.063378e+04	1.034893e+04	2.970262e+02	1.318336e-04	2020	10	28	0
	1131	1304	-20.953291	32.296830	9.838009e+04	2.047845e+01	5.636719e+03	5.476201e+03	1.056033e+04	1.033689e+04	2.970914e+02	1.741663e-04	2020	10	28	6
	1141	1305	-19.547042	32.390580	9.829051e+04	1.781489e+01	5.628882e+03	5.487710e+03	1.055148e+04	1.035477e+04	2.971544e+02	1.828487e-04	2020	10	28	12
	1149	1303	-18.422043	32.203080	9.816309e+04	1.805048e+01	5.624916e+03	5.474416e+03	1.054812e+04	1.036185e+04	2.971654e+02	1.898178e-04	2020	10	28	18
	1161	1298	-16.734545	31.734331	9.839149e+04	2.066936e+01	5.659017e+03	5.491413e+03	1.057608e+04	1.036412e+04	2.973094e+02	2.074641e-04	2020	10	29	0
	1178	1300	-14.343923	31.921831	9.820751e+04	2.559325e+01	5.648266e+03	5.482458e+03	1.054899e+04	1.031357e+04	2.973551e+02	2.199039e-04	2020	10	29	6
	1201	1314	-11.109551	33.234329	9.829673e+04	2.941590e+01	5.659681e+03	5.422750e+03	1.053638e+04	1.025257e+04	2.965845e+02	2.483357e-04	2020	10	29	12
	1225	1345	-7.734555	36.140575	9.766092e+04	2.762431e+01	5.625389e+03	5.328364e+03	1.048742e+04	1.014970e+04	2.956869e+02	2.684285e-04	2020	10	29	18
	1244	1383	-5.062682	39.703070	9.756943e+04	1.602058e+01	5.582853e+03	5.307617e+03	1.042987e+04	1.009612e+04	2.905831e+02	2.455264e-04	2020	10	30	0
	1277	1417	-0.422062	42.890565	9.824579e+04	1.819395e+01	5.599378e+03	5.307866e+03	1.043882e+04	1.010798e+04	2.921561e+02	2.069967e-04	2020	10	30	6
start	80	2020	11	5	12
	2484	1084	169.312136	11.671859	1.009096e+05	1.432195e+01	5.870324e+03	5.816321e+03	1.095571e+04	1.084100e+04	3.033990e+02	1.249342e-04	2020	11	5	12
	2470	1076	167.343388	10.921860	1.006404e+05	1.326327e+01	5.850648e+03	5.800395e+03	1.090290e+04	1.082368e+04	3.034912e+02	1.614865e-04	2020	11	5	18
	2464	1076	166.499639	10.921860	1.009069e+05	1.484804e+01	5.879950e+03	5.814215e+03	1.090940e+04	1.084706e+04	3.035137e+02	1.374511e-04	2020	11	6	0
	2450	1077	164.530891	11.015610	1.006013e+05	1.551449e+01	5.855266e+03	5.798613e+03	1.088952e+04	1.084166e+04	3.038413e+02	1.408307e-04	2020	11	6	6
	2436	1070	162.562143	10.359361	1.007856e+05	1.369636e+01	5.869017e+03	5.808210e+03	1.091567e+04	1.084970e+04	3.040677e+02	1.745052e-04	2020	11	6	12
	2424	1070	160.874645	10.359361	1.005110e+05	1.541591e+01	5.849544e+03	5.797903e+03	1.089305e+04	1.083289e+04	3.036603e+02	2.315212e-04	2020	11	6	18
	2421	1066	160.452770	9.984361	1.006570e+05	1.752829e+01	5.863261e+03	5.807563e+03	1.092767e+04	1.084972e+04	3.035968e+02	1.954905e-04	2020	11	7	0
	2418	1070	160.030896	10.359361	1.003746e+05	1.763398e+01	5.837041e+03	5.768495e+03	1.088527e+04	1.083818e+04	3.035502e+02	1.867880e-04	2020	11	7	6
	2407	1069	158.484022	10.265611	1.004564e+05	1.868545e+01	5.854108e+03	5.794039e+03	1.094253e+04	1.084546e+04	3.039228e+02	2.303077e-04	2020	11	7	12
	2398	1071	157.218399	10.453110	1.001678e+05	2.050923e+01	5.835581e+03	5.772253e+03	1.091416e+04	1.083083e+04	3.038333e+02	2.814361e-04	2020	11	7	18
	2394	1072	156.655899	10.546860	1.003265e+05	1.696852e+01	5.865065e+03	5.785992e+03	1.092178e+04	1.084984e+04	3.037136e+02	2.748061e-04	2020	11	8	0
	2389	1078	155.952775	11.109360	9.999717e+04	1.584978e+01	5.831368e+03	5.763295e+03	1.088764e+04	1.084097e+04	3.036125e+02	2.679847e-04	2020	11	8	6
	2386	1091	155.530900	12.328108	1.001259e+05	1.839470e+01	5.855536e+03	5.783219e+03	1.092051e+04	1.086257e+04	3.032674e+02	2.849294e-04	2020	11	8	12
	2378	1095	154.405902	12.703107	9.977988e+04	1.814608e+01	5.834905e+03	5.756861e+03	1.091109e+04	1.083376e+04	3.033405e+02	2.537328e-04	2020	11	8	18
	2373	1102	153.702777	13.359356	1.000306e+05	1.988647e+01	5.855393e+03	5.780346e+03	1.091613e+04	1.085612e+04	3.031049e+02	2.743084e-04	2020	11	9	0
	2362	1114	152.155904	14.484355	9.965244e+04	1.982417e+01	5.842485e+03	5.763759e+03	1.091758e+04	1.083899e+04	3.032575e+02	3.219197e-04	2020	11	9	6
	2351	1117	150.609030	14.765604	9.989098e+04	2.018239e+01	5.864477e+03	5.790078e+03	1.094492e+04	1.087146e+04	3.031145e+02	2.937200e-04	2020	11	9	12
	2338	1120	148.780907	15.046854	9.976560e+04	2.311262e+01	5.850984e+03	5.765919e+03	1.091507e+04	1.085314e+04	3.029995e+02	2.987018e-04	2020	11	9	18
	2324	1121	146.812159	15.140604	9.978258e+04	2.233903e+01	5.870203e+03	5.789194e+03	1.094689e+04	1.086299e+04	3.028849e+02	2.958970e-04	2020	11	10	0
	2309	1121	144.702787	15.140604	9.942477e+04	2.270548e+01	5.852488e+03	5.757408e+03	1.092028e+04	1.085010e+04	3.030630e+02	2.832848e-04	2020	11	10	6
	2296	1120	142.874664	15.046854	9.951065e+04	2.550121e+01	5.870429e+03	5.760487e+03	1.095912e+04	1.086711e+04	3.031960e+02	2.526907e-04	2020	11	10	12
	2286	1119	141.468415	14.953104	9.908842e+04	2.283523e+01	5.845309e+03	5.716903e+03	1.095170e+04	1.084111e+04	3.031527e+02	3.746415e-04	2020	11	10	18
	2278	1122	140.343416	15.234354	9.867323e+04	3.081101e+01	5.864697e+03	5.699256e+03	1.096061e+04	1.084697e+04	3.027433e+02	4.212544e-04	2020	11	11	0
	2268	1130	138.937168	15.984353	9.861573e+04	2.831006e+01	5.843327e+03	5.695933e+03	1.094516e+04	1.084876e+04	3.026526e+02	3.211504e-04	2020	11	11	6
	2259	1136	137.671544	16.546852	9.836613e+04	3.160559e+01	5.864491e+03	5.660749e+03	1.095650e+04	1.083989e+04	3.025491e+02	3.844502e-04	2020	11	11	12
	2248	1136	136.124671	16.546852	9.789759e+04	3.358611e+01	5.851133e+03	5.650218e+03	1.092849e+04	1.083145e+04	3.025856e+02	3.658060e-04	2020	11	11	18
	2242	1134	135.280921	16.359352	9.781128e+04	3.311754e+01	5.875154e+03	5.659223e+03	1.095898e+04	1.083914e+04	3.025371e+02	2.699948e-04	2020	11	12	0
	2237	1135	134.577797	16.453102	9.712722e+04	3.350063e+01	5.845409e+03	5.601392e+03	1.095878e+04	1.079197e+04	3.025545e+02	3.351766e-04	2020	11	12	6
	2232	1135	133.874673	16.453102	9.675056e+04	3.639597e+01	5.861708e+03	5.585035e+03	1.095138e+04	1.081633e+04	3.025200e+02	3.654977e-04	2020	11	12	12
	2227	1135	133.171549	16.453102	9.617202e+04	3.781438e+01	5.849520e+03	5.531862e+03	1.091068e+04	1.074158e+04	3.024002e+02	4.104224e-04	2020	11	12	18
	2223	1138	132.609049	16.734352	9.569382e+04	3.903310e+01	5.868217e+03	5.528091e+03	1.095542e+04	1.076733e+04	3.022172e+02	4.167859e-04	2020	11	13	0
	2217	1137	131.765300	16.640602	9.494234e+04	4.751050e+01	5.846770e+03	5.450484e+03	1.090683e+04	1.072001e+04	3.023557e+02	3.324458e-04	2020	11	13	6
	2212	1136	131.062176	16.546852	9.460519e+04	4.807052e+01	5.859822e+03	5.435611e+03	1.092879e+04	1.072589e+04	3.023911e+02	3.047676e-04	2020	11	13	12
	2207	1137	130.359052	16.640602	9.430193e+04	5.011057e+01	5.846443e+03	5.406675e+03	1.093278e+04	1.069659e+04	3.021891e+02	3.019462e-04	2020	11	13	18
	2202	1137	129.655927	16.640602	9.405331e+04	4.864953e+01	5.855199e+03	5.405740e+03	1.090564e+04	1.070706e+04	3.014340e+02	3.372339e-04	2020	11	14	0
	2196	1138	128.812178	16.734352	9.354877e+04	5.284127e+01	5.837753e+03	5.358983e+03	1.090753e+04	1.067709e+04	3.012508e+02	3.482563e-04	2020	11	14	6
	2192	1137	128.249679	16.640602	9.317602e+04	4.951176e+01	5.847144e+03	5.378290e+03	1.089536e+04	1.069788e+04	3.012246e+02	3.198111e-04	2020	11	14	12
	2187	1136	127.546555	16.546852	9.333449e+04	5.237023e+01	5.835360e+03	5.372994e+03	1.089120e+04	1.068975e+04	3.010353e+02	3.794764e-04	2020	11	14	18
	2181	1131	126.702805	16.078103	9.344988e+04	5.387371e+01	5.842943e+03	5.399375e+03	1.089686e+04	1.070227e+04	3.009965e+02	3.453940e-04	2020	11	15	0
	2177	1129	126.140306	15.890603	9.337450e+04	5.383642e+01	5.823961e+03	5.365776e+03	1.087249e+04	1.067471e+04	3.006237e+02	3.748123e-04	2020	11	15	6
	2173	1129	125.577807	15.890603	9.326962e+04	5.361948e+01	5.838867e+03	5.375924e+03	1.088476e+04	1.067504e+04	3.010256e+02	3.735167e-04	2020	11	15	12
	2167	1129	124.734057	15.890603	9.347044e+04	5.333683e+01	5.829782e+03	5.385928e+03	1.087665e+04	1.068538e+04	3.012511e+02	3.483183e-04	2020	11	15	18
	2160	1129	123.749683	15.890603	9.405947e+04	5.201842e+01	5.844714e+03	5.426649e+03	1.089791e+04	1.071833e+04	3.014275e+02	4.342097e-04	2020	11	16	0
	2151	1131	122.484060	16.078103	9.484254e+04	4.438978e+01	5.836306e+03	5.460728e+03	1.087551e+04	1.072750e+04	3.019657e+02	3.914291e-04	2020	11	16	6
	2138	1131	120.655937	16.078103	9.701568e+04	3.720401e+01	5.847480e+03	5.583423e+03	1.089600e+04	1.077889e+04	3.029892e+02	2.859317e-04	2020	11	16	12
	2131	1133	119.671563	16.265602	9.751773e+04	3.563702e+01	5.841174e+03	5.626212e+03	1.089505e+04	1.079983e+04	3.028386e+02	2.964576e-04	2020	11	16	18
	2124	1135	118.687189	16.453102	9.730379e+04	3.885729e+01	5.842951e+03	5.640302e+03	1.089835e+04	1.082326e+04	3.026230e+02	4.187559e-04	2020	11	17	0
	2119	1136	117.984064	16.546852	9.701832e+04	4.473479e+01	5.824523e+03	5.598092e+03	1.088906e+04	1.078534e+04	3.022496e+02	4.249299e-04	2020	11	17	6
	2113	1136	117.140315	16.546852	9.689328e+04	3.977620e+01	5.842114e+03	5.622940e+03	1.090181e+04	1.080929e+04	3.021776e+02	2.439688e-04	2020	11	17	12
	2108	1138	116.437191	16.734352	9.691605e+04	4.153654e+01	5.836821e+03	5.609570e+03	1.089019e+04	1.079470e+04	3.020898e+02	2.675795e-04	2020	11	17	18
	2103	1140	115.734067	16.921851	9.688838e+04	4.079707e+01	5.843812e+03	5.599181e+03	1.091269e+04	1.078444e+04	3.017429e+02	3.764486e-04	2020	11	18	0
	2099	1145	115.171567	17.390601	9.672884e+04	3.615702e+01	5.835203e+03	5.580741e+03	1.090351e+04	1.077143e+04	3.011904e+02	4.080000e-04	2020	11	18	6
	2096	1146	114.749693	17.484351	9.618581e+04	4.065543e+01	5.842957e+03	5.550331e+03	1.088975e+04	1.073949e+04	3.009933e+02	3.831811e-04	2020	11	18	12
	2093	1148	114.327818	17.671850	9.627797e+04	4.047680e+01	5.833952e+03	5.553206e+03	1.088124e+04	1.075463e+04	3.007468e+02	2.656634e-04	2020	11	18	18
	2089	1149	113.765319	17.765600	9.605498e+04	4.360764e+01	5.833926e+03	5.555637e+03	1.088303e+04	1.075484e+04	3.005613e+02	3.139144e-04	2020	11	19	0
	2086	1151	113.343444	17.953100	9.610999e+04	4.526100e+01	5.825887e+03	5.535777e+03	1.087353e+04	1.074119e+04	3.005239e+02	3.657856e-04	2020	11	19	6
	2084	1153	113.062195	18.140600	9.574831e+04	4.592090e+01	5.834613e+03	5.521340e+03	1.087503e+04	1.072722e+04	3.004561e+02	3.261058e-04	2020	11	19	12
	2081	1156	112.640320	18.421849	9.600684e+04	4.370060e+01	5.828531e+03	5.533761e+03	1.087221e+04	1.073352e+04	3.004291e+02	3.414059e-04	2020	11	19	18
	2080	1159	112.499695	18.703099	9.592477e+04	4.696503e+01	5.832096e+03	5.537787e+03	1.087430e+04	1.072429e+04	3.003538e+02	3.510976e-04	2020	11	20	0
	2079	1162	112.359070	18.984349	9.610009e+04	4.647825e+01	5.828133e+03	5.540570e+03	1.087126e+04	1.073778e+04	3.002506e+02	2.997539e-04	2020	11	20	6
	2080	1164	112.499695	19.171848	9.629670e+04	4.708776e+01	5.842269e+03	5.572288e+03	1.088581e+04	1.076646e+04	3.001132e+02	2.412166e-04	2020	11	20	12
	2081	1165	112.640320	19.265598	9.680611e+04	4.339728e+01	5.836059e+03	5.594583e+03	1.088000e+04	1.077558e+04	2.999670e+02	2.093394e-04	2020	11	20	18
	2084	1166	113.062195	19.359348	9.717153e+04	4.154729e+01	5.843136e+03	5.623047e+03	1.088546e+04	1.079912e+04	2.999841e+02	1.644900e-04	2020	11	21	0
	2084	1167	113.062195	19.453098	9.763248e+04	4.086788e+01	5.836533e+03	5.633755e+03	1.087434e+04	1.080592e+04	2.999648e+02	1.461527e-04	2020	11	21	6
	2087	1166	113.484069	19.359348	9.790701e+04	3.752498e+01	5.851237e+03	5.675252e+03	1.088881e+04	1.082627e+04	2.999176e+02	7.945843e-05	2020	11	21	12
	2088	1166	113.624694	19.359348	9.837783e+04	3.363028e+01	5.850051e+03	5.686051e+03	1.089061e+04	1.083374e+04	2.998705e+02	8.444482e-05	2020	11	21	18
	2087	1166	113.484069	19.359348	9.863380e+04	3.554763e+01	5.855059e+03	5.706106e+03	1.089285e+04	1.084714e+04	2.998184e+02	1.159613e-04	2020	11	22	0
	2087	1164	113.484069	19.171848	9.901636e+04	3.254045e+01	5.848849e+03	5.709110e+03	1.088612e+04	1.083866e+04	2.997894e+02	1.096885e-04	2020	11	22	6
	2087	1165	113.484069	19.265598	9.913609e+04	3.100134e+01	5.861882e+03	5.732703e+03	1.089851e+04	1.085800e+04	2.997570e+02	8.338086e-05	2020	11	22	12
	2084	1163	113.062195	19.078098	9.949591e+04	2.806758e+01	5.863971e+03	5.746005e+03	1.089114e+04	1.085621e+04	2.996861e+02	5.981603e-05	2020	11	22	18
	2080	1162	112.499695	18.984349	9.960666e+04	2.794432e+01	5.867372e+03	5.762807e+03	1.089783e+04	1.086717e+04	3.000465e+02	9.935636e-05	2020	11	23	0
	2077	1159	112.077821	18.703099	9.992154e+04	2.503585e+01	5.864731e+03	5.764220e+03	1.088931e+04	1.086201e+04	3.002866e+02	6.710450e-05	2020	11	23	6
	2073	1157	111.515321	18.515599	1.000382e+05	2.440781e+01	5.872554e+03	5.784583e+03	1.090863e+04	1.087309e+04	3.006602e+02	5.897121e-05	2020	11	23	12
	2068	1153	110.812197	18.140600	1.002970e+05	2.187562e+01	5.869690e+03	5.794887e+03	1.089580e+04	1.087006e+04	3.007703e+02	6.120351e-05	2020	11	23	18
	2061	1150	109.827823	17.859350	1.002153e+05	1.985928e+01	5.865794e+03	5.795561e+03	1.089465e+04	1.086713e+04	3.007432e+02	9.028467e-05	2020	11	24	0
	2055	1147	108.984074	17.578101	1.003375e+05	1.973158e+01	5.862864e+03	5.799971e+03	1.088899e+04	1.086241e+04	3.008252e+02	5.712396e-05	2020	11	24	6
	2049	1143	108.140325	17.203101	1.002605e+05	2.073948e+01	5.872269e+03	5.808589e+03	1.089831e+04	1.086530e+04	3.007814e+02	7.140866e-05	2020	11	24	12
	2041	1140	107.015326	16.921851	1.005234e+05	1.976588e+01	5.867856e+03	5.805306e+03	1.090986e+04	1.086356e+04	3.002828e+02	8.241907e-05	2020	11	24	18
	2031	1138	105.609077	16.734352	1.008206e+05	1.621991e+01	5.864055e+03	5.818541e+03	1.089011e+04	1.084623e+04	3.001031e+02	8.311592e-05	2020	11	25	0
	2020	1135	104.062204	16.453102	1.011521e+05	9.675734e+00	5.868300e+03	5.824757e+03	1.088526e+04	1.085459e+04	3.025806e+02	3.756402e-05	2020	11	25	6
start	10	2020	11	5	12
	186	1113	-153.843777	14.390605	1.008574e+05	1.593310e+01	5.849842e+03	5.802097e+03	1.086782e+04	1.077239e+04	3.022086e+02	2.300777e-04	2020	11	5	12
	180	1116	-154.687526	14.671855	1.007554e+05	1.945677e+01	5.856223e+03	5.814292e+03	1.086187e+04	1.081520e+04	3.020361e+02	2.126612e-04	2020	11	5	18
	167	1122	-156.515649	15.234354	1.008021e+05	2.245851e+01	5.852793e+03	5.795750e+03	1.087498e+04	1.081074e+04	3.020513e+02	1.944429e-04	2020	11	6	0
	155	1123	-158.203148	15.328104	1.006582e+05	2.073980e+01	5.859589e+03	5.819551e+03	1.091176e+04	1.082315e+04	3.020388e+02	1.886730e-04	2020	11	6	6
	144	1126	-159.750021	15.609353	1.008105e+05	2.497261e+01	5.860375e+03	5.807310e+03	1.086489e+04	1.081781e+04	3.018378e+02	2.375319e-04	2020	11	6	12
	134	1130	-161.156270	15.984353	1.004730e+05	2.869869e+01	5.861917e+03	5.795165e+03	1.087626e+04	1.081175e+04	3.019218e+02	2.040658e-04	2020	11	6	18
	119	1131	-163.265642	16.078103	1.006743e+05	2.165446e+01	5.855133e+03	5.804224e+03	1.087769e+04	1.080124e+04	3.022311e+02	1.689637e-04	2020	11	7	0
	109	1136	-164.671891	16.546852	1.004931e+05	2.495864e+01	5.860111e+03	5.798517e+03	1.088550e+04	1.079828e+04	3.022944e+02	2.038125e-04	2020	11	7	6
	98	1136	-166.218764	16.546852	1.002740e+05	3.109037e+01	5.852481e+03	5.736773e+03	1.088985e+04	1.079166e+04	3.021596e+02	2.700278e-04	2020	11	7	12
	87	1136	-167.765638	16.546852	1.004604e+05	1.881993e+01	5.851754e+03	5.812271e+03	1.086162e+04	1.079378e+04	3.022357e+02	2.210355e-04	2020	11	7	18
start	17	2020	11	8	12
	1859	866	81.421603	-8.765613	1.005723e+05	1.306082e+01	5.837419e+03	5.791382e+03	1.090775e+04	1.083919e+04	3.026942e+02	3.704287e-04	2020	11	8	12
	1850	865	80.155979	-8.859363	1.008000e+05	1.102805e+01	5.850950e+03	5.806274e+03	1.092534e+04	1.086076e+04	3.019713e+02	3.878079e-04	2020	11	8	18
	1838	853	78.468481	-9.984361	1.004699e+05	1.773334e+01	5.825549e+03	5.782596e+03	1.089002e+04	1.082954e+04	3.019781e+02	3.896473e-04	2020	11	9	0
	1824	848	76.499733	-10.453110	1.006273e+05	1.816934e+01	5.854998e+03	5.780175e+03	1.090521e+04	1.085139e+04	3.019592e+02	2.787372e-04	2020	11	9	6
	1833	852	77.765356	-10.078111	1.003138e+05	1.525324e+01	5.826099e+03	5.777966e+03	1.088098e+04	1.084146e+04	3.022404e+02	2.372233e-04	2020	11	9	12
	1835	849	78.046606	-10.359361	1.005310e+05	1.245465e+01	5.850556e+03	5.793769e+03	1.091769e+04	1.085423e+04	3.019306e+02	1.927723e-04	2020	11	9	18
	1836	842	78.187231	-11.015610	1.002542e+05	1.229742e+01	5.832377e+03	5.779636e+03	1.089183e+04	1.082631e+04	3.015413e+02	2.660958e-04	2020	11	10	0
	1836	832	78.187231	-11.953108	1.004898e+05	1.270259e+01	5.846942e+03	5.792845e+03	1.089478e+04	1.085300e+04	3.014844e+02	2.150648e-04	2020	11	10	6
	1837	823	78.327856	-12.796857	1.001087e+05	1.894762e+01	5.835044e+03	5.779084e+03	1.089864e+04	1.083380e+04	3.019469e+02	2.495135e-04	2020	11	10	12
	1833	820	77.765356	-13.078107	1.003165e+05	1.733442e+01	5.841000e+03	5.786260e+03	1.090370e+04	1.084669e+04	3.014008e+02	3.306386e-04	2020	11	10	18
	1835	816	78.046606	-13.453106	1.000460e+05	1.701391e+01	5.816097e+03	5.760178e+03	1.088243e+04	1.082768e+04	3.011406e+02	3.960504e-04	2020	11	11	0
	1843	797	79.171605	-15.234354	1.002023e+05	2.231848e+01	5.830092e+03	5.763769e+03	1.087799e+04	1.083084e+04	2.999133e+02	3.968235e-04	2020	11	11	6
	1844	797	79.312230	-15.234354	9.994484e+04	2.386774e+01	5.822986e+03	5.742756e+03	1.089043e+04	1.082718e+04	3.003491e+02	3.836790e-04	2020	11	11	12
	1848	784	79.874729	-16.453102	1.000203e+05	2.598248e+01	5.849716e+03	5.742374e+03	1.089427e+04	1.082876e+04	2.994762e+02	3.633098e-04	2020	11	11	18
	1842	780	79.030980	-16.828102	9.965616e+04	2.472252e+01	5.821190e+03	5.735944e+03	1.086726e+04	1.080458e+04	2.990625e+02	2.993580e-04	2020	11	12	0
	1841	784	78.890355	-16.453102	1.000192e+05	1.973401e+01	5.839891e+03	5.763679e+03	1.089038e+04	1.082770e+04	2.992324e+02	1.965785e-04	2020	11	12	6
	1845	771	79.452855	-17.671850	9.993862e+04	2.109868e+01	5.831416e+03	5.757210e+03	1.087726e+04	1.081613e+04	2.990895e+02	1.916683e-04	2020	11	12	12
start	21	2020	11	15	0
	1909	1075	88.452845	10.828110	1.004993e+05	1.397991e+01	5.837525e+03	5.783309e+03	1.090835e+04	1.082837e+04	3.018099e+02	2.776139e-04	2020	11	15	0
	1910	1082	88.593470	11.484359	1.008581e+05	1.266123e+01	5.843775e+03	5.799950e+03	1.089235e+04	1.084530e+04	3.018898e+02	2.256054e-04	2020	11	15	6
	1903	1077	87.609096	11.015610	1.004941e+05	1.394373e+01	5.833001e+03	5.782887e+03	1.087758e+04	1.082181e+04	3.022970e+02	1.733377e-04	2020	11	15	12
	1901	1061	87.327846	9.515612	1.007024e+05	1.404804e+01	5.840699e+03	5.801999e+03	1.088821e+04	1.083232e+04	3.022885e+02	8.307044e-05	2020	11	15	18
	1911	1065	88.734095	9.890611	1.003192e+05	1.494361e+01	5.831643e+03	5.774286e+03	1.087898e+04	1.082015e+04	3.018391e+02	1.523717e-04	2020	11	16	0
	1913	1075	89.015345	10.828110	1.005916e+05	1.392252e+01	5.840184e+03	5.803078e+03	1.090047e+04	1.084000e+04	3.018854e+02	6.833536e-05	2020	11	16	6
	1905	1073	87.890346	10.640610	1.002636e+05	1.573924e+01	5.834303e+03	5.781978e+03	1.090211e+04	1.082741e+04	3.022004e+02	1.027076e-04	2020	11	16	12
	1902	1069	87.468471	10.265611	1.004774e+05	1.629555e+01	5.844277e+03	5.793065e+03	1.090534e+04	1.083528e+04	3.020797e+02	2.117201e-04	2020	11	16	18
	1894	1063	86.343472	9.703112	1.000880e+05	1.727565e+01	5.838596e+03	5.780934e+03	1.088337e+04	1.081801e+04	3.023291e+02	2.592113e-04	2020	11	17	0
	1892	1060	86.062223	9.421862	1.003996e+05	1.712416e+01	5.854846e+03	5.795693e+03	1.091016e+04	1.084292e+04	3.023329e+02	1.802881e-04	2020	11	17	6
	1885	1060	85.077849	9.421862	9.992861e+04	2.106720e+01	5.832333e+03	5.744862e+03	1.088542e+04	1.081595e+04	3.022593e+02	1.837554e-04	2020	11	17	12
	1884	1058	84.937224	9.234362	9.999201e+04	1.931077e+01	5.846871e+03	5.788340e+03	1.088778e+04	1.082573e+04	3.021297e+02	1.848260e-04	2020	11	17	18
	1875	1058	83.671600	9.234362	9.957566e+04	2.223095e+01	5.841503e+03	5.775743e+03	1.086396e+04	1.081331e+04	3.020595e+02	1.417467e-04	2020	11	18	0
	1871	1057	83.109101	9.140612	9.998452e+04	1.956576e+01	5.846832e+03	5.794389e+03	1.092546e+04	1.084151e+04	3.020758e+02	1.791941e-04	2020	11	18	6
	1868	1054	82.687226	8.859363	9.947999e+04	2.628097e+01	5.824230e+03	5.729744e+03	1.089918e+04	1.079878e+04	3.019803e+02	2.520180e-04	2020	11	18	12
	1863	1055	81.984102	8.953113	9.978317e+04	2.436027e+01	5.843054e+03	5.774446e+03	1.088284e+04	1.082791e+04	3.017757e+02	2.599721e-04	2020	11	18	18
	1861	1056	81.702852	9.046862	9.973096e+04	1.901771e+01	5.815541e+03	5.772025e+03	1.087803e+04	1.080604e+04	3.018295e+02	2.173002e-04	2020	11	19	0
	1856	1058	80.999728	9.234362	1.000793e+05	1.930277e+01	5.839307e+03	5.776534e+03	1.090252e+04	1.083302e+04	3.017431e+02	1.952642e-04	2020	11	19	6
	1853	1058	80.577853	9.234362	9.994722e+04	1.946911e+01	5.819022e+03	5.760737e+03	1.088677e+04	1.081923e+04	3.018050e+02	2.722945e-04	2020	11	19	12
	1849	1063	80.015354	9.703112	1.003084e+05	2.097013e+01	5.831622e+03	5.778185e+03	1.086603e+04	1.082896e+04	3.015997e+02	2.484611e-04	2020	11	19	18
	1847	1062	79.734104	9.609362	1.001241e+05	1.489787e+01	5.820413e+03	5.763441e+03	1.085926e+04	1.080277e+04	3.014502e+02	1.669666e-04	2020	11	20	0
start	13	2020	11	16	12
	2285	1129	141.327790	15.890603	1.008272e+05	9.931215e+00	5.882126e+03	5.836727e+03	1.094324e+04	1.088196e+04	3.026991e+02	8.815021e-05	2020	11	16	12
	2280	1125	140.624666	15.515603	1.007195e+05	1.165754e+01	5.865081e+03	5.806849e+03	1.091252e+04	1.086397e+04	3.025457e+02	1.112293e-04	2020	11	16	18
	2275	1120	139.921542	15.046854	1.008357e+05	1.377777e+01	5.871096e+03	5.828549e+03	1.098197e+04	1.088595e+04	3.025417e+02	1.065616e-04	2020	11	17	0
	2271	1112	139.359042	14.296855	1.006202e+05	1.430586e+01	5.853857e+03	5.808942e+03	1.089421e+04	1.086322e+04	3.030344e+02	1.200927e-04	2020	11	17	6
	2262	1108	138.093419	13.921856	1.007332e+05	1.562127e+01	5.869994e+03	5.820061e+03	1.093328e+04	1.087980e+04	3.033066e+02	1.379687e-04	2020	11	17	12
	2251	1106	136.546545	13.734356	1.006171e+05	1.494449e+01	5.851131e+03	5.804304e+03	1.092979e+04	1.086149e+04	3.032318e+02	2.475981e-04	2020	11	17	18
	2241	1103	135.140297	13.453106	1.006228e+05	1.388705e+01	5.879009e+03	5.823635e+03	1.092320e+04	1.087940e+04	3.031806e+02	1.770030e-04	2020	11	18	0
	2239	1096	134.859047	12.796857	1.005431e+05	1.225496e+01	5.858322e+03	5.798776e+03	1.090434e+04	1.086369e+04	3.033579e+02	8.908669e-05	2020	11	18	6
	2233	1106	134.015298	13.734356	1.006827e+05	1.401955e+01	5.864317e+03	5.814890e+03	1.094925e+04	1.087667e+04	3.026209e+02	1.040171e-04	2020	11	18	12
	2232	1104	133.874673	13.546856	1.006532e+05	1.346704e+01	5.846786e+03	5.798784e+03	1.093152e+04	1.085343e+04	3.027408e+02	1.823176e-04	2020	11	18	18
	2230	1114	133.593423	14.484355	1.007962e+05	1.314418e+01	5.870400e+03	5.822646e+03	1.094873e+04	1.087460e+04	3.023961e+02	1.775429e-04	2020	11	19	0
	2221	1116	132.327800	14.671855	1.006219e+05	1.096712e+01	5.851707e+03	5.803090e+03	1.090122e+04	1.086096e+04	3.025131e+02	8.658939e-05	2020	11	19	6
	2217	1111	131.765300	14.203105	1.007674e+05	1.043065e+01	5.869909e+03	5.836776e+03	1.091154e+04	1.088109e+04	3.027941e+02	8.338433e-05	2020	11	19	12
start	60	2020	11	18	12
	218	1073	-149.343782	10.640610	1.008568e+05	1.668714e+01	5.841431e+03	5.799580e+03	1.088935e+04	1.080710e+04	3.019606e+02	2.124502e-04	2020	11	18	12
	211	1075	-150.328156	10.828110	1.009018e+05	1.704657e+01	5.856539e+03	5.825558e+03	1.088989e+04	1.082901e+04	3.018681e+02	2.533918e-04	2020	11	18	18
	200	1073	-151.875029	10.640610	1.008498e+05	1.864969e+01	5.836768e+03	5.794035e+03	1.088479e+04	1.081670e+04	3.020953e+02	1.418786e-04	2020	11	19	0
	186	1071	-153.843777	10.453110	1.008478e+05	1.467421e+01	5.860842e+03	5.822087e+03	1.086654e+04	1.082735e+04	3.028662e+02	1.890820e-04	2020	11	19	6
	181	1071	-154.546902	10.453110	1.008883e+05	1.686551e+01	5.847588e+03	5.805296e+03	1.088663e+04	1.081979e+04	3.021905e+02	1.879686e-04	2020	11	19	12
	173	1067	-155.671900	10.078111	1.009203e+05	1.754677e+01	5.858825e+03	5.815320e+03	1.089382e+04	1.082847e+04	3.021075e+02	1.501146e-04	2020	11	19	18
	161	1065	-157.359399	9.890611	1.008612e+05	1.598440e+01	5.845934e+03	5.803062e+03	1.089987e+04	1.082333e+04	3.026177e+02	9.981353e-05	2020	11	20	0
	150	1066	-158.906272	9.984361	1.007677e+05	1.444730e+01	5.858785e+03	5.811219e+03	1.088229e+04	1.083411e+04	3.032179e+02	1.675390e-04	2020	11	20	6
	140	1066	-160.312521	9.984361	1.008171e+05	1.588842e+01	5.850500e+03	5.804453e+03	1.089206e+04	1.082717e+04	3.027815e+02	2.188142e-04	2020	11	20	12
	127	1066	-162.140644	9.984361	1.007655e+05	1.836599e+01	5.859406e+03	5.809103e+03	1.090659e+04	1.083609e+04	3.026150e+02	2.003056e-04	2020	11	20	18
	111	1067	-164.390641	10.078111	1.008599e+05	1.642321e+01	5.857908e+03	5.801428e+03	1.091015e+04	1.083226e+04	3.029695e+02	2.792579e-04	2020	11	21	0
	104	1066	-165.375015	9.984361	1.007374e+05	1.647171e+01	5.862376e+03	5.811240e+03	1.090992e+04	1.083741e+04	3.033639e+02	2.476541e-04	2020	11	21	6
	93	1066	-166.921889	9.984361	1.008866e+05	1.869129e+01	5.862116e+03	5.814774e+03	1.091888e+04	1.083967e+04	3.029450e+02	2.462363e-04	2020	11	21	12
	79	1066	-168.890637	9.984361	1.007939e+05	1.791707e+01	5.865209e+03	5.820333e+03	1.088070e+04	1.083191e+04	3.027447e+02	1.933272e-04	2020	11	21	18
	63	1064	-171.140634	9.796861	1.009182e+05	1.702576e+01	5.857268e+03	5.814557e+03	1.091453e+04	1.083773e+04	3.029633e+02	1.652394e-04	2020	11	22	0
	54	1062	-172.406258	9.609362	1.007453e+05	1.397399e+01	5.862383e+03	5.811109e+03	1.089736e+04	1.084285e+04	3.037307e+02	1.601641e-04	2020	11	22	6
	43	1059	-173.953131	9.328112	1.009089e+05	1.571979e+01	5.870209e+03	5.823768e+03	1.090088e+04	1.085113e+04	3.033187e+02	2.009921e-04	2020	11	22	12
	29	1055	-175.921879	8.953113	1.007921e+05	1.559686e+01	5.864435e+03	5.821593e+03	1.091822e+04	1.084484e+04	3.029904e+02	2.116906e-04	2020	11	22	18
	16	1059	-177.750002	9.328112	1.009553e+05	1.732014e+01	5.868582e+03	5.813303e+03	1.094279e+04	1.085217e+04	3.030218e+02	2.668803e-04	2020	11	23	0
	5	1056	-179.296876	9.046862	1.007662e+05	1.678790e+01	5.883766e+03	5.824629e+03	1.092877e+04	1.086398e+04	3.036398e+02	2.422297e-04	2020	11	23	6
	2550	1055	178.593376	8.953113	1.009416e+05	1.629771e+01	5.888335e+03	5.829206e+03	1.094273e+04	1.086305e+04	3.034536e+02	1.971998e-04	2020	11	23	12
	2536	1054	176.624628	8.859363	1.007020e+05	1.573175e+01	5.868578e+03	5.811107e+03	1.093646e+04	1.084435e+04	3.030193e+02	2.911087e-04	2020	11	23	18
	2527	1060	175.359005	9.421862	1.008571e+05	1.691168e+01	5.870103e+03	5.817176e+03	1.092435e+04	1.084808e+04	3.030182e+02	3.494783e-04	2020	11	24	0
	2510	1062	172.968382	9.609362	1.006206e+05	1.742910e+01	5.869421e+03	5.794417e+03	1.093003e+04	1.084631e+04	3.032826e+02	3.817675e-04	2020	11	24	6
	2495	1066	170.859009	9.984361	1.007913e+05	1.736454e+01	5.877706e+03	5.802109e+03	1.093276e+04	1.085348e+04	3.033493e+02	3.125311e-04	2020	11	24	12
	2480	1069	168.749637	10.265611	1.005529e+05	1.736243e+01	5.866985e+03	5.790717e+03	1.093617e+04	1.082937e+04	3.031076e+02	3.420906e-04	2020	11	24	18
	2461	1072	166.077764	10.546860	1.007549e+05	1.875555e+01	5.877341e+03	5.794258e+03	1.093607e+04	1.084520e+04	3.031870e+02	3.294480e-04	2020	11	25	0
	2447	1079	164.109016	11.203109	1.005133e+05	1.772966e+01	5.871077e+03	5.784871e+03	1.091614e+04	1.083863e+04	3.032769e+02	2.495465e-04	2020	11	25	6
	2433	1091	162.140268	12.328108	1.006574e+05	2.037241e+01	5.886566e+03	5.800154e+03	1.095286e+04	1.085020e+04	3.028198e+02	2.815164e-04	2020	11	25	12
	2411	1091	159.046522	12.328108	1.003830e+05	2.075626e+01	5.867190e+03	5.776759e+03	1.093428e+04	1.082758e+04	3.027041e+02	2.618698e-04	2020	11	25	18
	2394	1096	156.655899	12.796857	1.005871e+05	2.085708e+01	5.890631e+03	5.808471e+03	1.091634e+04	1.085299e+04	3.025801e+02	1.891968e-04	2020	11	26	0
	2378	1104	154.405902	13.546856	1.003924e+05	1.887718e+01	5.880967e+03	5.794391e+03	1.094980e+04	1.085118e+04	3.024237e+02	1.688010e-04	2020	11	26	6
	2362	1114	152.155904	14.484355	1.005724e+05	1.992232e+01	5.904618e+03	5.815275e+03	1.092145e+04	1.086987e+04	3.021524e+02	2.426063e-04	2020	11	26	12
	2347	1117	150.046531	14.765604	1.003106e+05	1.978644e+01	5.881866e+03	5.789422e+03	1.090572e+04	1.084565e+04	3.020743e+02	2.177627e-04	2020	11	26	18
	2332	1116	147.937158	14.671855	1.002869e+05	2.247323e+01	5.903522e+03	5.800704e+03	1.094449e+04	1.086937e+04	3.022167e+02	1.000408e-04	2020	11	27	0
	2316	1116	145.687161	14.671855	1.000785e+05	2.248746e+01	5.878295e+03	5.771619e+03	1.090669e+04	1.085145e+04	3.025062e+02	1.475456e-04	2020	11	27	6
	2300	1118	143.437163	14.859354	1.001209e+05	2.273075e+01	5.893563e+03	5.781213e+03	1.095989e+04	1.086485e+04	3.024749e+02	1.973337e-04	2020	11	27	12
	2286	1122	141.468415	15.234354	9.991591e+04	2.241823e+01	5.878208e+03	5.765575e+03	1.090812e+04	1.084342e+04	3.023505e+02	1.762278e-04	2020	11	27	18
	2272	1125	139.499667	15.515603	9.997003e+04	2.439866e+01	5.897560e+03	5.771049e+03	1.092598e+04	1.086444e+04	3.023055e+02	1.485905e-04	2020	11	28	0
	2254	1127	136.968420	15.703103	9.948238e+04	2.676124e+01	5.876846e+03	5.722305e+03	1.092099e+04	1.082775e+04	3.023648e+02	1.552945e-04	2020	11	28	6
	2242	1129	135.280921	15.890603	9.907378e+04	2.837756e+01	5.893735e+03	5.701087e+03	1.093924e+04	1.082807e+04	3.020741e+02	1.524986e-04	2020	11	28	12
	2228	1130	133.312174	15.984353	9.862720e+04	2.991804e+01	5.872855e+03	5.673672e+03	1.091520e+04	1.080720e+04	3.017487e+02	2.210043e-04	2020	11	28	18
	2217	1134	131.765300	16.359352	9.851145e+04	3.262685e+01	5.894331e+03	5.684109e+03	1.093473e+04	1.083153e+04	3.017856e+02	2.218309e-04	2020	11	29	0
	2203	1139	129.796552	16.828102	9.805369e+04	3.705078e+01	5.884961e+03	5.638833e+03	1.091733e+04	1.080573e+04	3.015109e+02	1.806568e-04	2020	11	29	6
	2193	1143	128.390304	17.203101	9.796703e+04	3.860162e+01	5.884870e+03	5.656674e+03	1.091579e+04	1.083080e+04	3.009507e+02	1.755289e-04	2020	11	29	12
	2181	1147	126.702805	17.578101	9.806984e+04	3.759176e+01	5.873506e+03	5.642426e+03	1.091698e+04	1.082167e+04	3.002937e+02	2.859888e-04	2020	11	29	18
	2168	1150	124.874682	17.859350	9.815466e+04	3.637410e+01	5.878317e+03	5.682391e+03	1.091356e+04	1.085258e+04	3.001259e+02	2.389331e-04	2020	11	30	0
	2156	1151	123.187184	17.953100	9.809250e+04	3.686751e+01	5.862532e+03	5.671219e+03	1.089640e+04	1.083092e+04	3.001080e+02	1.750407e-04	2020	11	30	6
	2147	1154	121.921560	18.234350	9.881402e+04	3.495277e+01	5.880377e+03	5.717719e+03	1.092227e+04	1.084546e+04	3.017528e+02	2.101433e-04	2020	11	30	12
	2135	1156	120.234062	18.421849	9.946065e+04	3.890606e+01	5.871058e+03	5.730033e+03	1.090126e+04	1.086030e+04	3.018546e+02	2.502746e-04	2020	11	30	18
	2123	1154	118.546564	18.234350	9.952570e+04	3.452116e+01	5.875865e+03	5.792856e+03	1.091241e+04	1.087501e+04	3.017468e+02	1.775433e-04	2020	12	1	0
	2110	1152	116.718441	18.046850	9.979427e+04	3.067320e+01	5.853079e+03	5.787668e+03	1.090565e+04	1.085822e+04	3.008769e+02	1.764866e-04	2020	12	1	6
	2095	1148	114.609068	17.671850	1.000360e+05	2.764018e+01	5.867767e+03	5.765567e+03	1.091819e+04	1.084170e+04	3.016815e+02	1.369352e-04	2020	12	1	12
	2083	1142	112.921570	17.109351	1.002520e+05	2.330256e+01	5.855995e+03	5.825755e+03	1.090020e+04	1.086257e+04	3.008360e+02	1.798562e-04	2020	12	1	18
	2071	1145	111.234072	17.390601	1.003764e+05	2.180260e+01	5.861634e+03	5.820531e+03	1.092480e+04	1.086159e+04	3.002574e+02	1.762518e-04	2020	12	2	0
	2062	1142	109.968448	17.109351	1.005388e+05	1.916244e+01	5.846002e+03	5.808942e+03	1.089032e+04	1.085753e+04	3.003685e+02	1.738017e-04	2020	12	2	6
	2057	1141	109.265324	17.015601	1.005386e+05	1.843950e+01	5.856759e+03	5.823743e+03	1.089407e+04	1.085924e+04	3.002031e+02	1.428898e-04	2020	12	2	12
	2054	1144	108.843449	17.296851	1.007706e+05	1.785057e+01	5.847120e+03	5.817395e+03	1.089083e+04	1.085386e+04	3.001816e+02	1.515558e-04	2020	12	2	18
	2051	1149	108.421574	17.765600	1.007126e+05	1.849604e+01	5.848135e+03	5.815202e+03	1.090254e+04	1.084462e+04	3.000185e+02	2.206815e-04	2020	12	3	0
	2048	1152	107.999700	18.046850	1.007696e+05	1.964127e+01	5.843235e+03	5.802754e+03	1.088927e+04	1.083549e+04	2.999951e+02	1.333615e-04	2020	12	3	6
start	23	2020	11	22	18
	1786	1051	71.155988	8.578113	1.006927e+05	1.245704e+01	5.833559e+03	5.786324e+03	1.088833e+04	1.082415e+04	3.023080e+02	2.180742e-04	2020	11	22	18
	1784	1055	70.874739	8.953113	1.004167e+05	1.388718e+01	5.814422e+03	5.763746e+03	1.087181e+04	1.078732e+04	3.022522e+02	2.638307e-04	2020	11	23	0
	1778	1053	70.030989	8.765613	1.007425e+05	1.620135e+01	5.853661e+03	5.800737e+03	1.092523e+04	1.083265e+04	3.021252e+02	2.745004e-04	2020	11	23	6
	1766	1052	68.343491	8.671863	1.003708e+05	1.463105e+01	5.821722e+03	5.769903e+03	1.093532e+04	1.080786e+04	3.027748e+02	3.465362e-04	2020	11	23	12
	1756	1054	66.937243	8.859363	1.005894e+05	1.533472e+01	5.851537e+03	5.798263e+03	1.090261e+04	1.082981e+04	3.024539e+02	3.095138e-04	2020	11	23	18
	1750	1057	66.093494	9.140612	1.003345e+05	1.617646e+01	5.826653e+03	5.775151e+03	1.086345e+04	1.080891e+04	3.020533e+02	3.040573e-04	2020	11	24	0
	1742	1062	64.968495	9.609362	1.005285e+05	1.642487e+01	5.852341e+03	5.799492e+03	1.090961e+04	1.083643e+04	3.017335e+02	2.471934e-04	2020	11	24	6
	1730	1060	63.280996	9.421862	1.002096e+05	1.931651e+01	5.827488e+03	5.772417e+03	1.086678e+04	1.081477e+04	3.017848e+02	2.537619e-04	2020	11	24	12
	1720	1055	61.874748	8.953113	1.005036e+05	1.703015e+01	5.851864e+03	5.803415e+03	1.092305e+04	1.083436e+04	3.015555e+02	1.732643e-04	2020	11	24	18
	1710	1056	60.468499	9.046862	1.003070e+05	1.582244e+01	5.823900e+03	5.781413e+03	1.089304e+04	1.081119e+04	3.011826e+02	1.672979e-04	2020	11	25	0
	1703	1052	59.484125	8.671863	1.004540e+05	1.663663e+01	5.853562e+03	5.799617e+03	1.088895e+04	1.084460e+04	3.010420e+02	2.097265e-04	2020	11	25	6
	1694	1054	58.218502	8.859363	1.001861e+05	1.689191e+01	5.819873e+03	5.770570e+03	1.087601e+04	1.080483e+04	3.006257e+02	2.299240e-04	2020	11	25	12
	1686	1049	57.093503	8.390613	1.004413e+05	1.709280e+01	5.847896e+03	5.798512e+03	1.090113e+04	1.082545e+04	3.003624e+02	2.114194e-04	2020	11	25	18
	1681	1052	56.390379	8.671863	1.002736e+05	1.911888e+01	5.825909e+03	5.767795e+03	1.088369e+04	1.079937e+04	2.999486e+02	2.449497e-04	2020	11	26	0
	1669	1062	54.702880	9.609362	1.004141e+05	2.083285e+01	5.857809e+03	5.778267e+03	1.088516e+04	1.083684e+04	3.000541e+02	2.000003e-04	2020	11	26	6
	1658	1060	53.156007	9.421862	9.993052e+04	2.168533e+01	5.828824e+03	5.756915e+03	1.084751e+04	1.080621e+04	2.998262e+02	1.818632e-04	2020	11	26	12
	1648	1057	51.749758	9.140612	1.001950e+05	2.105684e+01	5.847276e+03	5.770802e+03	1.088136e+04	1.081766e+04	2.995067e+02	2.170792e-04	2020	11	26	18
	1639	1055	50.484135	8.953113	1.002776e+05	1.628631e+01	5.832619e+03	5.763119e+03	1.085852e+04	1.080286e+04	2.993941e+02	2.752813e-04	2020	11	27	0
	1624	1056	48.374762	9.046862	1.008056e+05	1.278712e+01	5.860970e+03	5.792099e+03	1.089131e+04	1.083209e+04	3.014584e+02	2.768784e-04	2020	11	27	6
	1608	1074	46.124764	10.734360	1.005445e+05	2.208910e+01	5.836773e+03	5.758832e+03	1.085422e+04	1.081152e+04	3.012721e+02	2.081954e-04	2020	11	27	12
	1598	1075	44.718516	10.828110	1.007389e+05	2.243500e+01	5.856172e+03	5.804733e+03	1.088361e+04	1.083785e+04	3.018296e+02	1.727802e-04	2020	11	27	18
	1592	1075	43.874767	10.828110	1.008144e+05	2.388542e+01	5.839731e+03	5.793097e+03	1.085543e+04	1.080979e+04	3.015641e+02	2.120042e-04	2020	11	28	0
	1599	1086	44.859141	11.859359	1.011791e+05	2.361866e+01	5.872047e+03	5.824239e+03	1.087697e+04	1.083918e+04	3.013868e+02	1.640070e-04	2020	11	28	6
start	30	2020	11	24	18
	1756	839	66.937243	-11.296859	1.003982e+05	1.338940e+01	5.853540e+03	5.790248e+03	1.092418e+04	1.084038e+04	3.022605e+02	1.815173e-04	2020	11	24	18
	1743	827	65.109120	-12.421858	1.001909e+05	1.712615e+01	5.835902e+03	5.777515e+03	1.089278e+04	1.082141e+04	3.017297e+02	2.985955e-04	2020	11	25	0
	1734	825	63.843496	-12.609357	1.003670e+05	1.425776e+01	5.846432e+03	5.791197e+03	1.093747e+04	1.085051e+04	3.011929e+02	1.208713e-04	2020	11	25	6
	1737	832	64.265370	-11.953108	1.000873e+05	1.359743e+01	5.830917e+03	5.779769e+03	1.090592e+04	1.082825e+04	3.017472e+02	1.262339e-04	2020	11	25	12
	1738	825	64.405995	-12.609357	1.002560e+05	1.494739e+01	5.849838e+03	5.802533e+03	1.091489e+04	1.083310e+04	3.017080e+02	2.070042e-04	2020	11	25	18
	1730	827	63.280996	-12.421858	1.000136e+05	1.656319e+01	5.821881e+03	5.775522e+03	1.087691e+04	1.080786e+04	3.013740e+02	2.520923e-04	2020	11	26	0
	1729	830	63.140372	-12.140608	1.002196e+05	1.562409e+01	5.843786e+03	5.799910e+03	1.091022e+04	1.083218e+04	3.013709e+02	1.671282e-04	2020	11	26	6
	1726	823	62.718497	-12.796857	9.993881e+04	1.631627e+01	5.826718e+03	5.757988e+03	1.090555e+04	1.080615e+04	3.017005e+02	1.601300e-04	2020	11	26	12
	1728	822	62.999747	-12.890607	1.001006e+05	1.736521e+01	5.841503e+03	5.781425e+03	1.092304e+04	1.082030e+04	3.014045e+02	2.576596e-04	2020	11	26	18
	1726	814	62.718497	-13.640606	9.988503e+04	1.828473e+01	5.814778e+03	5.739340e+03	1.091098e+04	1.079725e+04	3.012227e+02	3.092546e-04	2020	11	27	0
	1729	807	63.140372	-14.296855	1.000233e+05	1.879544e+01	5.838588e+03	5.751315e+03	1.092363e+04	1.081946e+04	3.009738e+02	2.381287e-04	2020	11	27	6
	1731	798	63.421621	-15.140604	9.977238e+04	1.920888e+01	5.826523e+03	5.737238e+03	1.088161e+04	1.080528e+04	3.014404e+02	2.745725e-04	2020	11	27	12
	1736	783	64.124746	-16.546852	9.971098e+04	2.504520e+01	5.846823e+03	5.734849e+03	1.089639e+04	1.080628e+04	3.004226e+02	3.879501e-04	2020	11	27	18
	1735	778	63.984121	-17.015601	9.941150e+04	2.096879e+01	5.824450e+03	5.736197e+03	1.088133e+04	1.079309e+04	3.002545e+02	2.948403e-04	2020	11	28	0
	1737	772	64.265370	-17.578101	9.976070e+04	2.170859e+01	5.849819e+03	5.758533e+03	1.088488e+04	1.080911e+04	3.000756e+02	2.441275e-04	2020	11	28	6
	1736	756	64.124746	-19.078098	9.963641e+04	1.955809e+01	5.834676e+03	5.752129e+03	1.089886e+04	1.078830e+04	2.998173e+02	2.752411e-04	2020	11	28	12
	1738	745	64.405995	-20.109347	9.995637e+04	2.344048e+01	5.861458e+03	5.778202e+03	1.091069e+04	1.079449e+04	2.992284e+02	3.613392e-04	2020	11	28	18
	1736	734	64.124746	-21.140596	9.979270e+04	2.242608e+01	5.835278e+03	5.748076e+03	1.086853e+04	1.076351e+04	2.989644e+02	3.161955e-04	2020	11	29	0
	1738	730	64.405995	-21.515595	1.001417e+05	2.368522e+01	5.854423e+03	5.776742e+03	1.088923e+04	1.077955e+04	2.986102e+02	3.094894e-04	2020	11	29	6
	1740	707	64.687245	-23.671842	1.000232e+05	2.679473e+01	5.845539e+03	5.757128e+03	1.087742e+04	1.075316e+04	2.982561e+02	3.418022e-04	2020	11	29	12
	1737	690	64.265370	-25.265590	1.000649e+05	2.782276e+01	5.858167e+03	5.778000e+03	1.091299e+04	1.076702e+04	2.980514e+02	3.929227e-04	2020	11	29	18
	1733	687	63.702871	-25.546839	9.988458e+04	2.752707e+01	5.840453e+03	5.742875e+03	1.086955e+04	1.076137e+04	2.979623e+02	3.269667e-04	2020	11	30	0
	1733	672	63.702871	-26.953088	1.001239e+05	2.414725e+01	5.852054e+03	5.755062e+03	1.088088e+04	1.078465e+04	2.968380e+02	1.772688e-04	2020	11	30	6
	1720	663	61.874748	-27.796836	9.998427e+04	2.154407e+01	5.835257e+03	5.754770e+03	1.086810e+04	1.077805e+04	2.964812e+02	2.989566e-05	2020	11	30	12
	1719	665	61.734123	-27.609337	1.002661e+05	2.281483e+01	5.850285e+03	5.770199e+03	1.088654e+04	1.078270e+04	2.965446e+02	7.175346e-05	2020	11	30	18
	1714	654	61.030999	-28.640585	1.002041e+05	2.200686e+01	5.826421e+03	5.754384e+03	1.086286e+04	1.076948e+04	2.964417e+02	6.894193e-05	2020	12	1	0
	1714	651	61.030999	-28.921835	1.003954e+05	1.861436e+01	5.835107e+03	5.778085e+03	1.088167e+04	1.077828e+04	2.964145e+02	2.251426e-05	2020	12	1	6
	1714	640	61.030999	-29.953083	1.004152e+05	1.738442e+01	5.823743e+03	5.778031e+03	1.086887e+04	1.076888e+04	2.961102e+02	1.208295e-05	2020	12	1	12
	1717	630	61.452873	-30.890582	1.006062e+05	1.700405e+01	5.837953e+03	5.754917e+03	1.087140e+04	1.076556e+04	2.946704e+02	4.972515e-05	2020	12	1	18
	1721	618	62.015373	-32.015581	1.005433e+05	1.663363e+01	5.812026e+03	5.688437e+03	1.084280e+04	1.066771e+04	2.940706e+02	4.587058e-05	2020	12	2	0
start	15	2020	11	26	12
	2207	1115	130.359052	14.578105	1.006652e+05	1.642378e+01	5.867797e+03	5.811525e+03	1.090628e+04	1.086487e+04	3.024811e+02	1.380664e-04	2020	11	26	12
	2198	1113	129.093428	14.390605	1.007021e+05	1.452339e+01	5.861734e+03	5.796557e+03	1.090862e+04	1.084431e+04	3.025128e+02	9.985801e-05	2020	11	26	18
	2184	1118	127.124680	14.859354	1.007221e+05	1.699171e+01	5.877298e+03	5.819771e+03	1.092327e+04	1.087100e+04	3.024485e+02	1.715241e-04	2020	11	27	0
	2168	1116	124.874682	14.671855	1.006361e+05	1.796764e+01	5.861473e+03	5.787572e+03	1.091230e+04	1.085488e+04	3.020429e+02	1.664128e-04	2020	11	27	6
	2159	1110	123.609059	14.109355	1.004946e+05	1.860250e+01	5.873755e+03	5.800528e+03	1.092145e+04	1.086845e+04	3.022320e+02	1.460088e-04	2020	11	27	12
	2149	1109	122.202810	14.015606	1.003277e+05	2.124210e+01	5.863038e+03	5.786448e+03	1.091272e+04	1.085055e+04	3.026076e+02	1.348813e-04	2020	11	27	18
	2139	1111	120.796562	14.203105	1.004099e+05	1.575418e+01	5.878998e+03	5.809417e+03	1.092068e+04	1.086770e+04	3.024948e+02	1.246578e-04	2020	11	28	0
	2127	1115	119.109063	14.578105	1.003749e+05	1.924498e+01	5.861007e+03	5.789669e+03	1.090777e+04	1.085204e+04	3.034435e+02	1.495649e-04	2020	11	28	6
	2116	1117	117.562190	14.765604	1.004482e+05	2.281343e+01	5.868281e+03	5.794004e+03	1.091368e+04	1.087316e+04	3.025790e+02	1.396744e-04	2020	11	28	12
	2105	1117	116.015317	14.765604	1.004084e+05	2.294721e+01	5.858153e+03	5.808334e+03	1.091867e+04	1.086186e+04	3.020717e+02	1.175912e-04	2020	11	28	18
	2096	1116	114.749693	14.671855	9.988927e+04	2.398325e+01	5.864078e+03	5.797820e+03	1.090994e+04	1.085813e+04	3.020430e+02	1.690436e-04	2020	11	29	0
	2084	1118	113.062195	14.859354	1.004566e+05	2.202346e+01	5.856980e+03	5.802570e+03	1.090097e+04	1.085918e+04	3.021214e+02	1.846355e-04	2020	11	29	6
	2074	1119	111.655946	14.953104	1.002764e+05	2.419977e+01	5.864217e+03	5.794494e+03	1.091897e+04	1.087008e+04	3.020378e+02	2.305715e-04	2020	11	29	12
	2064	1117	110.249698	14.765604	1.003929e+05	2.307912e+01	5.859368e+03	5.808238e+03	1.092220e+04	1.086528e+04	3.012659e+02	2.061791e-04	2020	11	29	18
	2056	1114	109.124699	14.484355	1.004080e+05	2.166035e+01	5.859771e+03	5.792090e+03	1.090136e+04	1.085370e+04	3.004425e+02	2.457926e-04	2020	11	30	0
start	25	2020	11	28	12
	2369	1030	153.140278	6.609366	1.006933e+05	1.311074e+01	5.860008e+03	5.813605e+03	1.092981e+04	1.084749e+04	3.037503e+02	2.118632e-04	2020	11	28	12
	2356	1034	151.312155	6.984365	1.005236e+05	1.413124e+01	5.841556e+03	5.798382e+03	1.091317e+04	1.083215e+04	3.035296e+02	2.156159e-04	2020	11	28	18
	2342	1041	149.343407	7.640614	1.007104e+05	1.736530e+01	5.868895e+03	5.806220e+03	1.093512e+04	1.085584e+04	3.036731e+02	2.933353e-04	2020	11	29	0
	2324	1048	146.812159	8.296863	1.004855e+05	1.579736e+01	5.850335e+03	5.779811e+03	1.090644e+04	1.082487e+04	3.040236e+02	3.209198e-04	2020	11	29	6
	2306	1060	144.280912	9.421862	1.006262e+05	1.678743e+01	5.870426e+03	5.805111e+03	1.094658e+04	1.085914e+04	3.036801e+02	3.196478e-04	2020	11	29	12
	2287	1070	141.609040	10.359361	1.004206e+05	1.791578e+01	5.852778e+03	5.777304e+03	1.090533e+04	1.083861e+04	3.036648e+02	3.572122e-04	2020	11	29	18
	2271	1073	139.359042	10.640610	1.004067e+05	1.946782e+01	5.878259e+03	5.800085e+03	1.094967e+04	1.085132e+04	3.035765e+02	3.147563e-04	2020	11	30	0
	2253	1078	136.827795	11.109360	1.002274e+05	1.941923e+01	5.851399e+03	5.754188e+03	1.093427e+04	1.084048e+04	3.037486e+02	2.871435e-04	2020	11	30	6
	2237	1077	134.577797	11.015610	1.001184e+05	1.982885e+01	5.861498e+03	5.777106e+03	1.095664e+04	1.085423e+04	3.034338e+02	3.918782e-04	2020	11	30	12
	2229	1079	133.452798	11.203109	9.989779e+04	1.913945e+01	5.859083e+03	5.764188e+03	1.093024e+04	1.083958e+04	3.035900e+02	2.982694e-04	2020	11	30	18
	2213	1083	131.202801	11.578109	9.978371e+04	1.823436e+01	5.859390e+03	5.759085e+03	1.092975e+04	1.084896e+04	3.035988e+02	2.581951e-04	2020	12	1	0
	2206	1093	130.218427	12.515608	9.950498e+04	2.374668e+01	5.841664e+03	5.767597e+03	1.090347e+04	1.084086e+04	3.033330e+02	2.530231e-04	2020	12	1	6
	2192	1102	128.249679	13.359356	9.947100e+04	2.504851e+01	5.859257e+03	5.765205e+03	1.092906e+04	1.085654e+04	3.028704e+02	3.291348e-04	2020	12	1	12
	2177	1102	126.140306	13.359356	9.912667e+04	2.479762e+01	5.864902e+03	5.723304e+03	1.090078e+04	1.082818e+04	3.029233e+02	3.377021e-04	2020	12	1	18
	2167	1110	124.734057	14.109355	9.902804e+04	2.709355e+01	5.871912e+03	5.749181e+03	1.092056e+04	1.085520e+04	3.020147e+02	3.471060e-04	2020	12	2	0
	2156	1115	123.187184	14.578105	9.895723e+04	2.664281e+01	5.856232e+03	5.724074e+03	1.091544e+04	1.084071e+04	3.020478e+02	3.668722e-04	2020	12	2	6
	2144	1122	121.499686	15.234354	9.906926e+04	2.753811e+01	5.863407e+03	5.714339e+03	1.091184e+04	1.083490e+04	3.019154e+02	3.534308e-04	2020	12	2	12
	2132	1135	119.812188	16.453102	9.907312e+04	2.730137e+01	5.850991e+03	5.705691e+03	1.090851e+04	1.082832e+04	3.017678e+02	2.603267e-04	2020	12	2	18
	2123	1148	118.546564	17.671850	9.888964e+04	2.963087e+01	5.875735e+03	5.712205e+03	1.092657e+04	1.085249e+04	3.015864e+02	2.198715e-04	2020	12	3	0
	2116	1160	117.562190	18.796849	9.869552e+04	3.158246e+01	5.845035e+03	5.701274e+03	1.090125e+04	1.083794e+04	3.004589e+02	1.751274e-04	2020	12	3	6
	2115	1176	117.421565	20.296847	9.848425e+04	3.132889e+01	5.862278e+03	5.726801e+03	1.090877e+04	1.084136e+04	3.003467e+02	3.020449e-04	2020	12	3	12
	2117	1193	117.702815	21.890595	9.867594e+04	3.272162e+01	5.848042e+03	5.725022e+03	1.089957e+04	1.079675e+04	2.999102e+02	3.069826e-04	2020	12	3	18
	2126	1205	118.968438	23.015593	9.916509e+04	2.735623e+01	5.861331e+03	5.746597e+03	1.090422e+04	1.077945e+04	2.998228e+02	3.408993e-04	2020	12	4	0
	2146	1222	121.780936	24.609341	9.995862e+04	3.037383e+01	5.857817e+03	5.712760e+03	1.091054e+04	1.072369e+04	2.995008e+02	4.502851e-04	2020	12	4	6
	2166	1237	124.593433	26.015589	1.001754e+05	2.644468e+01	5.876769e+03	5.682035e+03	1.091028e+04	1.069647e+04	2.987424e+02	4.838966e-04	2020	12	4	12
start	21	2020	12	2	18
	2290	1054	142.030914	8.859363	1.006377e+05	1.499158e+01	5.842825e+03	5.783844e+03	1.089660e+04	1.083142e+04	3.035487e+02	3.384323e-04	2020	12	2	18
	2273	1071	139.640292	10.453110	1.007018e+05	1.818762e+01	5.877273e+03	5.802530e+03	1.093291e+04	1.085755e+04	3.034803e+02	2.808338e-04	2020	12	3	0
	2255	1066	137.109045	9.984361	1.004549e+05	1.908286e+01	5.850918e+03	5.780662e+03	1.090509e+04	1.084383e+04	3.035487e+02	2.775310e-04	2020	12	3	6
	2241	1068	135.140297	10.171861	1.003082e+05	1.779634e+01	5.872943e+03	5.788882e+03	1.094971e+04	1.086212e+04	3.035257e+02	2.840494e-04	2020	12	3	12
	2228	1074	133.312174	10.734360	1.002086e+05	2.102036e+01	5.858583e+03	5.759397e+03	1.092862e+04	1.083615e+04	3.034201e+02	3.045123e-04	2020	12	3	18
	2208	1083	130.499676	11.578109	9.991551e+04	2.119394e+01	5.874699e+03	5.776451e+03	1.094297e+04	1.085295e+04	3.034192e+02	3.448142e-04	2020	12	4	0
	2194	1092	128.530928	12.421858	9.974530e+04	2.422845e+01	5.855932e+03	5.749581e+03	1.093004e+04	1.083278e+04	3.031711e+02	2.420706e-04	2020	12	4	6
	2181	1099	126.702805	13.078107	9.945990e+04	2.761423e+01	5.882177e+03	5.761597e+03	1.092301e+04	1.085444e+04	3.028793e+02	1.310533e-04	2020	12	4	12
	2170	1106	125.155932	13.734356	9.930462e+04	2.618990e+01	5.864749e+03	5.753037e+03	1.089939e+04	1.084573e+04	3.021856e+02	1.322276e-04	2020	12	4	18
	2161	1109	123.890308	14.015606	9.914207e+04	2.802000e+01	5.880012e+03	5.778510e+03	1.092001e+04	1.086722e+04	3.019554e+02	1.123641e-04	2020	12	5	0
	2155	1110	123.046559	14.109355	9.973934e+04	2.427151e+01	5.867920e+03	5.777737e+03	1.091425e+04	1.086234e+04	3.022159e+02	1.364755e-04	2020	12	5	6
	2146	1119	121.780936	14.953104	9.988381e+04	2.620205e+01	5.878493e+03	5.810040e+03	1.092843e+04	1.087686e+04	3.018641e+02	1.805165e-04	2020	12	5	12
	2133	1122	119.952812	15.234354	1.008130e+05	2.166028e+01	5.873910e+03	5.815471e+03	1.093180e+04	1.087361e+04	3.022669e+02	1.111670e-04	2020	12	5	18
	2125	1120	118.827814	15.046854	1.008062e+05	2.372727e+01	5.882646e+03	5.835266e+03	1.092229e+04	1.088673e+04	3.021966e+02	1.008515e-04	2020	12	6	0
	2114	1111	117.280940	14.203105	1.008141e+05	2.322782e+01	5.864774e+03	5.814882e+03	1.092123e+04	1.087625e+04	3.029264e+02	1.488680e-04	2020	12	6	6
	2103	1105	115.734067	13.640606	1.007596e+05	2.410225e+01	5.867657e+03	5.830284e+03	1.095012e+04	1.088072e+04	3.028045e+02	2.204181e-04	2020	12	6	12
	2094	1093	114.468443	12.515608	1.008034e+05	2.439463e+01	5.867707e+03	5.812321e+03	1.093943e+04	1.086963e+04	3.024389e+02	2.175305e-04	2020	12	6	18
	2082	1081	112.780945	11.390609	1.006241e+05	2.403043e+01	5.866033e+03	5.813777e+03	1.092410e+04	1.087339e+04	3.025923e+02	1.966781e-04	2020	12	7	0
	2070	1068	111.093447	10.171861	1.007511e+05	2.581882e+01	5.860249e+03	5.809443e+03	1.091868e+04	1.085090e+04	3.031085e+02	3.078147e-04	2020	12	7	6
	2058	1056	109.405948	9.046862	1.006531e+05	2.290243e+01	5.879874e+03	5.815472e+03	1.093761e+04	1.086718e+04	3.030809e+02	2.540248e-04	2020	12	7	12
	2046	1047	107.718450	8.203114	1.008693e+05	1.741047e+01	5.858508e+03	5.808160e+03	1.091867e+04	1.085970e+04	3.029677e+02	1.349173e-04	2020	12	7	18
start	45	2020	12	4	0
	14	1063	-178.031252	9.703112	1.009813e+05	1.686494e+01	5.869749e+03	5.818399e+03	1.092242e+04	1.084961e+04	3.023755e+02	2.871518e-04	2020	12	4	0
	2556	1062	179.437125	9.609362	1.007457e+05	1.730427e+01	5.855412e+03	5.813357e+03	1.089722e+04	1.084905e+04	3.026207e+02	2.341795e-04	2020	12	4	6
	2543	1057	177.609002	9.140612	1.009348e+05	1.606326e+01	5.863992e+03	5.824826e+03	1.092447e+04	1.086612e+04	3.026051e+02	2.500958e-04	2020	12	4	12
	2530	1059	175.780879	9.328112	1.008267e+05	1.588466e+01	5.861101e+03	5.814877e+03	1.093878e+04	1.085431e+04	3.025032e+02	3.338984e-04	2020	12	4	18
	2517	1060	173.952756	9.421862	1.010094e+05	1.522234e+01	5.873597e+03	5.825937e+03	1.094269e+04	1.087197e+04	3.025396e+02	2.996398e-04	2020	12	5	0
	2502	1062	171.843383	9.609362	1.007552e+05	1.772705e+01	5.864726e+03	5.813120e+03	1.092231e+04	1.086272e+04	3.027184e+02	2.626154e-04	2020	12	5	6
	2484	1052	169.312136	8.671863	1.009181e+05	1.730853e+01	5.871317e+03	5.825885e+03	1.091670e+04	1.085928e+04	3.030829e+02	2.146853e-04	2020	12	5	12
	2473	1048	167.765263	8.296863	1.007239e+05	1.566275e+01	5.852519e+03	5.807381e+03	1.091227e+04	1.083814e+04	3.029124e+02	2.617605e-04	2020	12	5	18
	2464	1042	166.499639	7.734364	1.007650e+05	1.553170e+01	5.870114e+03	5.820722e+03	1.091622e+04	1.086006e+04	3.028935e+02	2.659789e-04	2020	12	6	0
	2454	1044	165.093390	7.921864	1.005402e+05	1.694516e+01	5.857353e+03	5.791096e+03	1.094058e+04	1.084517e+04	3.028741e+02	3.067973e-04	2020	12	6	6
	2438	1040	162.843393	7.546865	1.006445e+05	1.723287e+01	5.865104e+03	5.791737e+03	1.092166e+04	1.085596e+04	3.033753e+02	3.119590e-04	2020	12	6	12
	2431	1045	161.859019	8.015614	1.002532e+05	2.425941e+01	5.845919e+03	5.774813e+03	1.090886e+04	1.083741e+04	3.031027e+02	3.362244e-04	2020	12	6	18
	2417	1047	159.890271	8.203114	1.004046e+05	2.198246e+01	5.863215e+03	5.783477e+03	1.091063e+04	1.086309e+04	3.030531e+02	3.656427e-04	2020	12	7	0
	2404	1053	158.062148	8.765613	9.993863e+04	2.438353e+01	5.850889e+03	5.763184e+03	1.092663e+04	1.084150e+04	3.031211e+02	4.394568e-04	2020	12	7	6
	2385	1059	155.390275	9.328112	1.000964e+05	2.434964e+01	5.869771e+03	5.772938e+03	1.093299e+04	1.085743e+04	3.030662e+02	3.461226e-04	2020	12	7	12
	2373	1062	153.702777	9.609362	9.977574e+04	2.490037e+01	5.847332e+03	5.747681e+03	1.090462e+04	1.083602e+04	3.030475e+02	3.151267e-04	2020	12	7	18
	2359	1067	151.734029	10.078111	9.971638e+04	2.597824e+01	5.867010e+03	5.761009e+03	1.093224e+04	1.086388e+04	3.031525e+02	4.050144e-04	2020	12	8	0
	2346	1071	149.905906	10.453110	9.916418e+04	2.865838e+01	5.844479e+03	5.720456e+03	1.090437e+04	1.083872e+04	3.033532e+02	4.415146e-04	2020	12	8	6
	2332	1076	147.937158	10.921860	9.898295e+04	3.050577e+01	5.870101e+03	5.707947e+03	1.093989e+04	1.083749e+04	3.029459e+02	3.246495e-04	2020	12	8	12
	2321	1078	146.390285	11.109360	9.877180e+04	3.044643e+01	5.860018e+03	5.687827e+03	1.090282e+04	1.083003e+04	3.028848e+02	2.818089e-04	2020	12	8	18
	2310	1078	144.843411	11.109360	9.849618e+04	3.159291e+01	5.875211e+03	5.719074e+03	1.092316e+04	1.085300e+04	3.029592e+02	2.979350e-04	2020	12	9	0
	2298	1078	143.155913	11.109360	9.859142e+04	3.201894e+01	5.858879e+03	5.693601e+03	1.091677e+04	1.083832e+04	3.030656e+02	3.455393e-04	2020	12	9	6
	2288	1077	141.749665	11.015610	9.852491e+04	3.168044e+01	5.878860e+03	5.683226e+03	1.096781e+04	1.082049e+04	3.031593e+02	4.371005e-04	2020	12	9	12
	2275	1077	139.921542	11.015610	9.782328e+04	3.337822e+01	5.858288e+03	5.624735e+03	1.091890e+04	1.078289e+04	3.032014e+02	3.849059e-04	2020	12	9	18
	2261	1075	137.952794	10.828110	9.755649e+04	3.658126e+01	5.887215e+03	5.618652e+03	1.094890e+04	1.080967e+04	3.030215e+02	3.783840e-04	2020	12	10	0
	2246	1078	135.843421	11.109360	9.712576e+04	4.053502e+01	5.867787e+03	5.538056e+03	1.092787e+04	1.075011e+04	3.029026e+02	5.383881e-04	2020	12	10	6
	2232	1079	133.874673	11.203109	9.644901e+04	4.211808e+01	5.878237e+03	5.498582e+03	1.095560e+04	1.072919e+04	3.032431e+02	5.250120e-04	2020	12	10	12
	2216	1083	131.624675	11.578109	9.579941e+04	4.376613e+01	5.863817e+03	5.429601e+03	1.094832e+04	1.070967e+04	3.032279e+02	5.148261e-04	2020	12	10	18
	2201	1085	129.515302	11.765609	9.489256e+04	4.456848e+01	5.884475e+03	5.411726e+03	1.094282e+04	1.069673e+04	3.032945e+02	5.438057e-04	2020	12	11	0
	2188	1091	127.687179	12.328108	9.441303e+04	4.515527e+01	5.859345e+03	5.308119e+03	1.092674e+04	1.063371e+04	3.026525e+02	5.762066e-04	2020	12	11	6
	2176	1093	125.999681	12.515608	9.336670e+04	5.196729e+01	5.871295e+03	5.310678e+03	1.093513e+04	1.063301e+04	3.025157e+02	6.092322e-04	2020	12	11	12
	2164	1098	124.312183	12.984357	9.427211e+04	4.777800e+01	5.858660e+03	5.329103e+03	1.093939e+04	1.062836e+04	3.020044e+02	5.635881e-04	2020	12	11	18
	2151	1104	122.484060	13.546856	9.551759e+04	4.478664e+01	5.874676e+03	5.436194e+03	1.092963e+04	1.069125e+04	3.021516e+02	4.820780e-04	2020	12	12	0
	2138	1110	120.655937	14.109355	9.673076e+04	4.104024e+01	5.849423e+03	5.512959e+03	1.090015e+04	1.072883e+04	3.020771e+02	4.508499e-04	2020	12	12	6
	2129	1118	119.390313	14.859354	9.653485e+04	3.887038e+01	5.862104e+03	5.565911e+03	1.090924e+04	1.077541e+04	3.022389e+02	4.058430e-04	2020	12	12	12
	2118	1127	117.843440	15.703103	9.656669e+04	4.129546e+01	5.861791e+03	5.578479e+03	1.090061e+04	1.079514e+04	3.016475e+02	3.412542e-04	2020	12	12	18
	2109	1134	116.577816	16.359352	9.649845e+04	4.309230e+01	5.869266e+03	5.612904e+03	1.090891e+04	1.081410e+04	3.013336e+02	2.753244e-04	2020	12	13	0
	2103	1142	115.734067	17.109351	9.689731e+04	4.231390e+01	5.848281e+03	5.615132e+03	1.090518e+04	1.081669e+04	3.013642e+02	2.375158e-04	2020	12	13	6
	2097	1150	114.890318	17.859350	9.722502e+04	4.371112e+01	5.865743e+03	5.662318e+03	1.090902e+04	1.084516e+04	3.010541e+02	2.269770e-04	2020	12	13	12
	2094	1156	114.468443	18.421849	9.741984e+04	4.162054e+01	5.860725e+03	5.684173e+03	1.091139e+04	1.085587e+04	2.998916e+02	1.691018e-04	2020	12	13	18
	2093	1163	114.327818	19.078098	9.808022e+04	3.804309e+01	5.872456e+03	5.729434e+03	1.091843e+04	1.085684e+04	2.992346e+02	1.693556e-04	2020	12	14	0
	2091	1171	114.046569	19.828097	9.915483e+04	3.257611e+01	5.866659e+03	5.769969e+03	1.090943e+04	1.085836e+04	2.987628e+02	1.267133e-04	2020	12	14	6
	2088	1173	113.624694	20.015597	9.956539e+04	2.872744e+01	5.884952e+03	5.835496e+03	1.092410e+04	1.086365e+04	2.987424e+02	8.920390e-05	2020	12	14	12
	2086	1175	113.343444	20.203097	1.002255e+05	2.266375e+01	5.878791e+03	5.829352e+03	1.091683e+04	1.085517e+04	2.987145e+02	6.693775e-05	2020	12	14	18
	2085	1176	113.202819	20.296847	1.004791e+05	2.159795e+01	5.884968e+03	5.825218e+03	1.092662e+04	1.085700e+04	2.986979e+02	4.283229e-05	2020	12	15	0
start	23	2020	12	5	12
	2323	1081	146.671535	11.390609	1.007843e+05	1.728239e+01	5.895617e+03	5.818997e+03	1.094341e+04	1.087127e+04	3.028429e+02	2.966354e-04	2020	12	5	12
	2307	1080	144.421537	11.296859	1.006304e+05	1.956522e+01	5.871244e+03	5.793153e+03	1.089801e+04	1.083884e+04	3.029360e+02	1.543858e-04	2020	12	5	18
	2287	1086	141.609040	11.859359	1.008004e+05	2.033090e+01	5.895299e+03	5.823741e+03	1.097639e+04	1.087688e+04	3.029431e+02	2.023094e-04	2020	12	6	0
	2265	1090	138.515293	12.234358	1.004928e+05	1.767474e+01	5.872728e+03	5.784505e+03	1.093739e+04	1.086083e+04	3.029134e+02	2.820221e-04	2020	12	6	6
	2252	1094	136.687170	12.609357	1.006540e+05	1.617004e+01	5.894867e+03	5.815143e+03	1.094333e+04	1.088437e+04	3.027246e+02	1.795232e-04	2020	12	6	12
	2237	1091	134.577797	12.328108	1.004469e+05	1.883807e+01	5.866225e+03	5.797528e+03	1.090262e+04	1.085496e+04	3.026428e+02	1.383096e-04	2020	12	6	18
	2229	1095	133.452798	12.703107	1.004743e+05	2.004462e+01	5.878688e+03	5.822619e+03	1.094040e+04	1.088708e+04	3.025265e+02	1.913868e-04	2020	12	7	0
	2221	1099	132.327800	13.078107	1.002738e+05	2.031163e+01	5.859447e+03	5.792666e+03	1.094497e+04	1.086223e+04	3.024835e+02	3.609070e-04	2020	12	7	6
	2213	1102	131.202801	13.359356	1.002183e+05	2.393759e+01	5.882480e+03	5.821430e+03	1.093288e+04	1.088639e+04	3.028414e+02	2.713238e-04	2020	12	7	12
	2207	1101	130.359052	13.265607	1.002530e+05	2.230117e+01	5.858103e+03	5.786510e+03	1.093578e+04	1.086666e+04	3.030536e+02	1.433392e-04	2020	12	7	18
	2196	1098	128.812178	12.984357	1.003036e+05	2.396795e+01	5.886385e+03	5.822729e+03	1.093165e+04	1.088167e+04	3.026644e+02	1.846874e-04	2020	12	8	0
	2183	1090	126.984055	12.234358	1.002911e+05	2.170042e+01	5.852200e+03	5.790263e+03	1.091988e+04	1.085466e+04	3.031450e+02	2.433836e-04	2020	12	8	6
	2176	1077	125.999681	11.015610	1.002351e+05	1.923001e+01	5.870064e+03	5.803893e+03	1.096300e+04	1.087348e+04	3.033010e+02	2.128390e-04	2020	12	8	12
	2169	1076	125.015307	10.921860	1.003175e+05	1.972373e+01	5.865184e+03	5.796830e+03	1.093056e+04	1.086515e+04	3.036188e+02	2.371181e-04	2020	12	8	18
	2154	1075	122.905934	10.828110	1.000426e+05	2.169270e+01	5.882292e+03	5.792734e+03	1.095048e+04	1.088217e+04	3.032944e+02	2.273731e-04	2020	12	9	0
	2138	1073	120.655937	10.640610	1.001319e+05	2.204167e+01	5.870447e+03	5.767021e+03	1.093251e+04	1.084916e+04	3.037851e+02	2.354304e-04	2020	12	9	6
	2124	1074	118.687189	10.734360	9.989182e+04	2.125587e+01	5.879350e+03	5.773640e+03	1.094567e+04	1.087788e+04	3.037146e+02	2.425052e-04	2020	12	9	12
	2108	1075	116.437191	10.828110	9.970786e+04	2.713016e+01	5.864504e+03	5.752531e+03	1.094570e+04	1.084991e+04	3.031731e+02	2.938192e-04	2020	12	9	18
	2091	1077	114.046569	11.015610	9.938028e+04	2.729383e+01	5.875047e+03	5.751190e+03	1.094023e+04	1.086066e+04	3.028380e+02	3.545743e-04	2020	12	10	0
	2075	1079	111.796571	11.203109	9.937773e+04	2.796207e+01	5.865167e+03	5.747140e+03	1.094749e+04	1.086791e+04	3.025748e+02	3.740801e-04	2020	12	10	6
	2063	1079	110.109073	11.203109	9.891300e+04	2.995251e+01	5.874733e+03	5.744802e+03	1.094491e+04	1.086412e+04	3.024931e+02	3.544462e-04	2020	12	10	12
	2054	1084	108.843449	11.671859	1.004398e+05	1.702964e+01	5.872928e+03	5.759804e+03	1.096029e+04	1.086765e+04	3.017502e+02	3.145023e-04	2020	12	10	18
	2038	1094	106.593451	12.609357	1.006449e+05	1.041653e+01	5.894385e+03	5.807762e+03	1.092275e+04	1.087158e+04	2.983950e+02	2.710281e-04	2020	12	11	0
start	57	2020	12	6	18
	1849	839	80.015354	-11.296859	1.009024e+05	1.310897e+01	5.865469e+03	5.814994e+03	1.092864e+04	1.085235e+04	3.022094e+02	1.712072e-04	2020	12	6	18
	1842	841	79.030980	-11.109360	1.006151e+05	1.123394e+01	5.841016e+03	5.800970e+03	1.092644e+04	1.083906e+04	3.021973e+02	2.571060e-04	2020	12	7	0
	1839	839	78.609106	-11.296859	1.008388e+05	1.294255e+01	5.864751e+03	5.817204e+03	1.089985e+04	1.086554e+04	3.022324e+02	1.504702e-04	2020	12	7	6
	1839	834	78.609106	-11.765609	1.005468e+05	1.554087e+01	5.848062e+03	5.795654e+03	1.091720e+04	1.084017e+04	3.026718e+02	1.249193e-04	2020	12	7	12
	1833	828	77.765356	-12.328108	1.007717e+05	1.511504e+01	5.859720e+03	5.803720e+03	1.089697e+04	1.086388e+04	3.023141e+02	1.482926e-04	2020	12	7	18
	1823	829	76.359108	-12.234358	1.003694e+05	1.666506e+01	5.833347e+03	5.785007e+03	1.088950e+04	1.083928e+04	3.022578e+02	2.588072e-04	2020	12	8	0
	1813	833	74.952859	-11.859359	1.005036e+05	1.822695e+01	5.846346e+03	5.786854e+03	1.090926e+04	1.086276e+04	3.027309e+02	3.068568e-04	2020	12	8	6
	1808	830	74.249735	-12.140608	1.001148e+05	1.928421e+01	5.824218e+03	5.768182e+03	1.088660e+04	1.083424e+04	3.028129e+02	3.022517e-04	2020	12	8	12
	1801	834	73.265361	-11.765609	1.002747e+05	1.816092e+01	5.852989e+03	5.776837e+03	1.090443e+04	1.084310e+04	3.026119e+02	1.788114e-04	2020	12	8	18
	1801	838	73.265361	-11.390609	9.994593e+04	1.864651e+01	5.821834e+03	5.750431e+03	1.088343e+04	1.082080e+04	3.024379e+02	2.931660e-04	2020	12	9	0
	1796	835	72.562237	-11.671859	9.975043e+04	2.114109e+01	5.851627e+03	5.761991e+03	1.091152e+04	1.084599e+04	3.023526e+02	2.851100e-04	2020	12	9	6
	1792	830	71.999737	-12.140608	9.943880e+04	2.044838e+01	5.822453e+03	5.739308e+03	1.088755e+04	1.082914e+04	3.022466e+02	2.354501e-04	2020	12	9	12
	1788	827	71.437238	-12.421858	9.936980e+04	2.568541e+01	5.849390e+03	5.742348e+03	1.091960e+04	1.084228e+04	3.018474e+02	3.564521e-04	2020	12	9	18
	1778	829	70.030989	-12.234358	9.855200e+04	2.897516e+01	5.835556e+03	5.680974e+03	1.090213e+04	1.081569e+04	3.023166e+02	3.805211e-04	2020	12	10	0
	1775	832	69.609115	-11.953108	9.841609e+04	3.271943e+01	5.851288e+03	5.674484e+03	1.089817e+04	1.081147e+04	3.023988e+02	2.889313e-04	2020	12	10	6
	1770	831	68.905991	-12.046858	9.780888e+04	3.257533e+01	5.833979e+03	5.648927e+03	1.092423e+04	1.080340e+04	3.024394e+02	2.753177e-04	2020	12	10	12
	1765	831	68.202866	-12.046858	9.809214e+04	3.257746e+01	5.861520e+03	5.685252e+03	1.093202e+04	1.082971e+04	3.023023e+02	3.171757e-04	2020	12	10	18
	1762	828	67.780992	-12.328108	9.802152e+04	2.944819e+01	5.838257e+03	5.658500e+03	1.090757e+04	1.081460e+04	3.021125e+02	4.444004e-04	2020	12	11	0
	1757	827	67.077868	-12.421858	9.757730e+04	3.551099e+01	5.856786e+03	5.630198e+03	1.093483e+04	1.080273e+04	3.017224e+02	3.922996e-04	2020	12	11	6
	1752	823	66.374743	-12.796857	9.722682e+04	3.374028e+01	5.843292e+03	5.602397e+03	1.093263e+04	1.078299e+04	3.015915e+02	3.204701e-04	2020	12	11	12
	1746	818	65.530994	-13.265607	9.725062e+04	3.818702e+01	5.864978e+03	5.595122e+03	1.091694e+04	1.079183e+04	3.014485e+02	3.123779e-04	2020	12	11	18
	1741	816	64.827870	-13.453106	9.620088e+04	4.044914e+01	5.838127e+03	5.535780e+03	1.089310e+04	1.074363e+04	3.014030e+02	4.529315e-04	2020	12	12	0
	1736	812	64.124746	-13.828106	9.595355e+04	4.326963e+01	5.852396e+03	5.527689e+03	1.090113e+04	1.075092e+04	3.015999e+02	3.841782e-04	2020	12	12	6
	1730	808	63.280996	-14.203105	9.502768e+04	4.433354e+01	5.831794e+03	5.435989e+03	1.090234e+04	1.068611e+04	3.017341e+02	3.996143e-04	2020	12	12	12
	1723	807	62.296623	-14.296855	9.384832e+04	5.057307e+01	5.846368e+03	5.374823e+03	1.089409e+04	1.063477e+04	3.018594e+02	4.410559e-04	2020	12	12	18
	1717	805	61.452873	-14.484355	9.288205e+04	5.192712e+01	5.819823e+03	5.294032e+03	1.087889e+04	1.057848e+04	3.016508e+02	5.320500e-04	2020	12	13	0
	1711	804	60.609124	-14.578105	9.224562e+04	5.569107e+01	5.837462e+03	5.248966e+03	1.090164e+04	1.055905e+04	3.013574e+02	4.951358e-04	2020	12	13	6
	1706	802	59.906000	-14.765604	9.075348e+04	5.866932e+01	5.815818e+03	5.142958e+03	1.087033e+04	1.048324e+04	3.012693e+02	4.836120e-04	2020	12	13	12
	1699	800	58.921626	-14.953104	9.064410e+04	6.199668e+01	5.837513e+03	5.143837e+03	1.091005e+04	1.049642e+04	3.017034e+02	4.990938e-04	2020	12	13	18
	1693	799	58.077877	-15.046854	9.013294e+04	6.862257e+01	5.820654e+03	5.109070e+03	1.087013e+04	1.047279e+04	3.018946e+02	6.637994e-04	2020	12	14	0
	1688	797	57.374753	-15.234354	9.099330e+04	6.103548e+01	5.837290e+03	5.142978e+03	1.089234e+04	1.051343e+04	3.017339e+02	5.271581e-04	2020	12	14	6
	1680	793	56.249754	-15.609353	9.065013e+04	6.379883e+01	5.825729e+03	5.114147e+03	1.088160e+04	1.048603e+04	3.016389e+02	5.370472e-04	2020	12	14	12
	1674	792	55.406005	-15.703103	9.068705e+04	6.261373e+01	5.844229e+03	5.148659e+03	1.089658e+04	1.052711e+04	3.014614e+02	6.004351e-04	2020	12	14	18
	1670	791	54.843505	-15.796853	9.098268e+04	5.966856e+01	5.815834e+03	5.167662e+03	1.087229e+04	1.055632e+04	3.011647e+02	5.484258e-04	2020	12	15	0
	1667	787	54.421631	-16.171853	9.161715e+04	6.165462e+01	5.851208e+03	5.215931e+03	1.089226e+04	1.060254e+04	3.006584e+02	4.736592e-04	2020	12	15	6
	1664	783	53.999756	-16.546852	9.227816e+04	5.692707e+01	5.820330e+03	5.264075e+03	1.087644e+04	1.063202e+04	3.006427e+02	5.027883e-04	2020	12	15	12
	1663	779	53.859131	-16.921851	9.299662e+04	5.838382e+01	5.836075e+03	5.294429e+03	1.088666e+04	1.064416e+04	3.004010e+02	5.702060e-04	2020	12	15	18
	1661	774	53.577882	-17.390601	9.340054e+04	5.120520e+01	5.810078e+03	5.308882e+03	1.087457e+04	1.064121e+04	3.004040e+02	6.048047e-04	2020	12	16	0
	1661	769	53.577882	-17.859350	9.406338e+04	5.137196e+01	5.827613e+03	5.353434e+03	1.088418e+04	1.066076e+04	3.003818e+02	5.126008e-04	2020	12	16	6
	1660	763	53.437257	-18.421849	9.413899e+04	5.305415e+01	5.810602e+03	5.342427e+03	1.085768e+04	1.064196e+04	3.002904e+02	5.018800e-04	2020	12	16	12
	1659	754	53.296632	-19.265598	9.412497e+04	5.294755e+01	5.827393e+03	5.355783e+03	1.089475e+04	1.066273e+04	3.000124e+02	5.866395e-04	2020	12	16	18
	1657	747	53.015382	-19.921847	9.390133e+04	5.272375e+01	5.807331e+03	5.333599e+03	1.087078e+04	1.064099e+04	2.996584e+02	5.249300e-04	2020	12	17	0
	1657	740	53.015382	-20.578096	9.418680e+04	5.151686e+01	5.820936e+03	5.386544e+03	1.088769e+04	1.068804e+04	2.994594e+02	3.518222e-04	2020	12	17	6
	1657	732	53.015382	-21.328095	9.440476e+04	4.747501e+01	5.802360e+03	5.396852e+03	1.086612e+04	1.069179e+04	2.991683e+02	2.920726e-04	2020	12	17	12
	1658	721	53.156007	-22.359344	9.491000e+04	4.641430e+01	5.822558e+03	5.449167e+03	1.088429e+04	1.073192e+04	2.986152e+02	2.933530e-04	2020	12	17	18
	1657	713	53.015382	-23.109343	9.538595e+04	4.563575e+01	5.805432e+03	5.457760e+03	1.086069e+04	1.071657e+04	2.979702e+02	3.125850e-04	2020	12	18	0
	1657	706	53.015382	-23.765592	9.606047e+04	4.100714e+01	5.830116e+03	5.510410e+03	1.089588e+04	1.075833e+04	2.978771e+02	2.684595e-04	2020	12	18	6
	1659	694	53.296632	-24.890590	9.635138e+04	3.910701e+01	5.818973e+03	5.533721e+03	1.088400e+04	1.076593e+04	2.983396e+02	2.871532e-04	2020	12	18	12
	1659	682	53.296632	-26.015589	9.669020e+04	3.853925e+01	5.835699e+03	5.567436e+03	1.089114e+04	1.078992e+04	2.982082e+02	3.426460e-04	2020	12	18	18
	1658	670	53.156007	-27.140587	9.691421e+04	3.720655e+01	5.817160e+03	5.581454e+03	1.087265e+04	1.078789e+04	2.981607e+02	3.236916e-04	2020	12	19	0
	1658	655	53.156007	-28.546835	9.745184e+04	3.711033e+01	5.837340e+03	5.650127e+03	1.090192e+04	1.081676e+04	2.980833e+02	3.491957e-04	2020	12	19	6
	1657	640	53.015382	-29.953083	9.751327e+04	3.350387e+01	5.822294e+03	5.648347e+03	1.088777e+04	1.078335e+04	2.969730e+02	3.556202e-04	2020	12	19	12
	1663	623	53.859131	-31.546831	9.779809e+04	3.311395e+01	5.833751e+03	5.661739e+03	1.089985e+04	1.075519e+04	2.965224e+02	3.637339e-04	2020	12	19	18
	1669	604	54.702880	-33.328079	9.779729e+04	3.114448e+01	5.798498e+03	5.629432e+03	1.087687e+04	1.068702e+04	2.953343e+02	3.365358e-04	2020	12	20	0
	1681	588	56.390379	-34.828077	9.788038e+04	3.140881e+01	5.798459e+03	5.598381e+03	1.087496e+04	1.062046e+04	2.930468e+02	2.963773e-04	2020	12	20	6
	1702	561	59.343501	-37.359323	9.765953e+04	3.143220e+01	5.764384e+03	5.513365e+03	1.083628e+04	1.046526e+04	2.914382e+02	3.493589e-04	2020	12	20	12
	1732	535	63.562246	-39.796820	9.721057e+04	3.502520e+01	5.747071e+03	5.360159e+03	1.078990e+04	1.025596e+04	2.896256e+02	4.317916e-04	2020	12	20	18
start	10	2020	12	11	6
	401	1049	-123.609434	8.390613	1.011033e+05	1.549192e+01	5.873620e+03	5.842070e+03	1.090797e+04	1.084478e+04	3.009376e+02	1.103338e-04	2020	12	11	6
	392	1046	-124.875057	8.109364	1.008852e+05	1.541503e+01	5.848756e+03	5.812182e+03	1.089646e+04	1.081614e+04	3.008793e+02	2.109852e-04	2020	12	11	12
	384	1045	-126.000056	8.015614	1.010105e+05	1.826205e+01	5.869245e+03	5.840624e+03	1.089843e+04	1.085129e+04	3.009351e+02	1.856435e-04	2020	12	11	18
	371	1046	-127.828179	8.109364	1.007266e+05	1.711022e+01	5.850242e+03	5.812003e+03	1.086818e+04	1.083229e+04	3.011104e+02	1.422279e-04	2020	12	12	0
	361	1035	-129.234428	7.078115	1.008267e+05	1.651518e+01	5.874106e+03	5.830586e+03	1.089861e+04	1.085320e+04	3.009564e+02	1.683014e-04	2020	12	12	6
	351	1045	-130.640676	8.015614	1.008024e+05	1.647313e+01	5.844683e+03	5.807050e+03	1.088907e+04	1.082303e+04	3.008366e+02	2.472156e-04	2020	12	12	12
	341	1049	-132.046925	8.390613	1.009923e+05	1.687804e+01	5.870510e+03	5.829021e+03	1.092646e+04	1.086011e+04	3.008056e+02	2.823009e-04	2020	12	12	18
	330	1047	-133.593798	8.203114	1.008482e+05	1.604752e+01	5.842065e+03	5.811566e+03	1.089256e+04	1.083737e+04	3.009128e+02	2.852522e-04	2020	12	13	0
	319	1054	-135.140672	8.859363	1.010484e+05	1.668213e+01	5.863075e+03	5.826292e+03	1.092791e+04	1.086016e+04	3.007912e+02	3.295962e-04	2020	12	13	6
	312	1043	-136.125046	7.828114	1.010408e+05	1.715589e+01	5.851318e+03	5.810656e+03	1.090572e+04	1.083380e+04	3.008324e+02	3.295637e-04	2020	12	13	12
start	17	2020	12	14	0
	2232	1073	133.874673	10.640610	1.006572e+05	2.239768e+01	5.888865e+03	5.810927e+03	1.094695e+04	1.089086e+04	3.034001e+02	2.374202e-04	2020	12	14	0
	2210	1075	130.780926	10.828110	1.005204e+05	2.000542e+01	5.864433e+03	5.788741e+03	1.093396e+04	1.087669e+04	3.033975e+02	3.284981e-04	2020	12	14	6
	2191	1080	128.109054	11.296859	1.005442e+05	2.090328e+01	5.884998e+03	5.816262e+03	1.097199e+04	1.090265e+04	3.032014e+02	2.740227e-04	2020	12	14	12
	2174	1082	125.718431	11.484359	1.005100e+05	2.019618e+01	5.870676e+03	5.801572e+03	1.093793e+04	1.088668e+04	3.027206e+02	2.334486e-04	2020	12	14	18
	2163	1080	124.171558	11.296859	1.004709e+05	1.788227e+01	5.885879e+03	5.822317e+03	1.095095e+04	1.089338e+04	3.029405e+02	2.053893e-04	2020	12	15	0
	2153	1084	122.765309	11.671859	1.005085e+05	1.848589e+01	5.867998e+03	5.797229e+03	1.093033e+04	1.088227e+04	3.035169e+02	1.784284e-04	2020	12	15	6
	2142	1102	121.218436	13.359356	1.006935e+05	1.682506e+01	5.889253e+03	5.813724e+03	1.094864e+04	1.090121e+04	3.023869e+02	2.435036e-04	2020	12	15	12
	2126	1095	118.968438	12.703107	1.005916e+05	1.643159e+01	5.873702e+03	5.816856e+03	1.093141e+04	1.088806e+04	3.026983e+02	1.508841e-04	2020	12	15	18
	2119	1099	117.984064	13.078107	1.005971e+05	1.927194e+01	5.881877e+03	5.824228e+03	1.093631e+04	1.089564e+04	3.024671e+02	1.170962e-04	2020	12	16	0
	2107	1104	116.296566	13.546856	1.003496e+05	1.909338e+01	5.863130e+03	5.794979e+03	1.093924e+04	1.088205e+04	3.024322e+02	1.289848e-04	2020	12	16	6
	2099	1103	115.171567	13.453106	1.003028e+05	1.963559e+01	5.871210e+03	5.787676e+03	1.093102e+04	1.088769e+04	3.022561e+02	1.464289e-04	2020	12	16	12
	2090	1105	113.905944	13.640606	1.002321e+05	2.201400e+01	5.866495e+03	5.814905e+03	1.091792e+04	1.088574e+04	3.019726e+02	1.267423e-04	2020	12	16	18
	2081	1105	112.640320	13.640606	1.001129e+05	2.054854e+01	5.866132e+03	5.804650e+03	1.095355e+04	1.088388e+04	3.016453e+02	1.056487e-04	2020	12	17	0
	2074	1105	111.655946	13.640606	1.002724e+05	2.125712e+01	5.858024e+03	5.801438e+03	1.093725e+04	1.087908e+04	3.016566e+02	1.713907e-04	2020	12	17	6
	2068	1100	110.812197	13.171857	1.000804e+05	2.280575e+01	5.866700e+03	5.811173e+03	1.093308e+04	1.088493e+04	3.018508e+02	1.769947e-04	2020	12	17	12
	2059	1093	109.546573	12.515608	1.001513e+05	2.160332e+01	5.862423e+03	5.796877e+03	1.092510e+04	1.087989e+04	3.019008e+02	1.527488e-04	2020	12	17	18
	2048	1096	107.999700	12.796857	1.006748e+05	1.291047e+01	5.862791e+03	5.798525e+03	1.090588e+04	1.086765e+04	3.002841e+02	1.385389e-04	2020	12	18	0
start	40	2020	12	20	6
	1871	814	83.109101	-13.640606	1.005144e+05	1.929847e+01	5.835960e+03	5.788395e+03	1.091089e+04	1.084183e+04	3.020156e+02	4.113700e-04	2020	12	20	6
	1872	805	83.249726	-14.484355	1.002068e+05	1.852326e+01	5.819809e+03	5.764136e+03	1.089667e+04	1.082087e+04	3.026804e+02	3.762885e-04	2020	12	20	12
	1870	805	82.968476	-14.484355	1.002438e+05	2.225937e+01	5.834605e+03	5.779302e+03	1.093975e+04	1.085008e+04	3.022065e+02	3.355633e-04	2020	12	20	18
	1871	803	83.109101	-14.671855	9.990448e+04	2.119048e+01	5.827342e+03	5.766652e+03	1.091230e+04	1.083309e+04	3.018505e+02	3.053578e-04	2020	12	21	0
	1866	799	82.405977	-15.046854	1.000446e+05	2.247005e+01	5.838165e+03	5.777760e+03	1.090097e+04	1.085871e+04	3.018482e+02	2.205884e-04	2020	12	21	6
	1865	796	82.265352	-15.328104	9.969368e+04	2.159568e+01	5.830591e+03	5.748352e+03	1.090541e+04	1.085158e+04	3.018773e+02	2.257522e-04	2020	12	21	12
	1865	795	82.265352	-15.421854	9.986291e+04	2.408709e+01	5.834145e+03	5.763047e+03	1.090844e+04	1.085123e+04	3.017021e+02	1.735764e-04	2020	12	21	18
	1864	800	82.124727	-14.953104	9.962767e+04	1.873488e+01	5.815968e+03	5.767281e+03	1.089761e+04	1.084280e+04	3.016182e+02	2.579842e-04	2020	12	22	0
	1862	795	81.843477	-15.421854	9.971127e+04	1.917255e+01	5.821958e+03	5.778767e+03	1.090770e+04	1.086574e+04	3.015699e+02	1.474421e-04	2020	12	22	6
	1864	796	82.124727	-15.328104	9.950556e+04	2.047140e+01	5.815603e+03	5.764925e+03	1.090943e+04	1.085109e+04	3.016598e+02	1.669943e-04	2020	12	22	12
	1861	790	81.702852	-15.890603	9.972373e+04	2.225569e+01	5.835607e+03	5.769015e+03	1.093207e+04	1.087815e+04	3.014041e+02	1.106515e-04	2020	12	22	18
	1856	794	80.999728	-15.515603	9.951785e+04	2.229500e+01	5.821247e+03	5.753430e+03	1.091451e+04	1.085021e+04	3.017088e+02	1.944242e-04	2020	12	23	0
	1849	794	80.015354	-15.515603	9.954812e+04	2.342372e+01	5.828403e+03	5.757005e+03	1.090886e+04	1.086997e+04	3.018377e+02	1.543178e-04	2020	12	23	6
	1849	798	80.015354	-15.140604	9.938577e+04	1.994408e+01	5.825034e+03	5.778057e+03	1.092910e+04	1.085598e+04	3.019041e+02	1.591642e-04	2020	12	23	12
	1847	795	79.734104	-15.421854	9.974094e+04	2.046627e+01	5.844910e+03	5.769648e+03	1.093230e+04	1.086998e+04	3.017805e+02	1.339891e-04	2020	12	23	18
	1845	795	79.452855	-15.421854	9.957145e+04	2.149864e+01	5.825762e+03	5.752870e+03	1.093204e+04	1.085395e+04	3.016994e+02	2.959532e-04	2020	12	24	0
	1841	795	78.890355	-15.421854	9.947862e+04	2.390519e+01	5.837024e+03	5.754566e+03	1.091304e+04	1.085887e+04	3.016635e+02	2.367523e-04	2020	12	24	6
	1842	795	79.030980	-15.421854	9.927799e+04	2.066583e+01	5.818983e+03	5.743667e+03	1.090268e+04	1.085125e+04	3.017372e+02	9.635137e-05	2020	12	24	12
	1844	794	79.312230	-15.515603	9.938180e+04	2.413464e+01	5.842648e+03	5.743162e+03	1.091095e+04	1.084938e+04	3.016230e+02	2.063164e-04	2020	12	24	18
	1849	790	80.015354	-15.890603	9.885580e+04	2.186604e+01	5.825349e+03	5.725000e+03	1.090089e+04	1.083120e+04	3.014027e+02	3.210152e-04	2020	12	25	0
	1849	783	80.015354	-16.546852	9.892087e+04	2.387023e+01	5.834351e+03	5.726599e+03	1.089009e+04	1.084504e+04	3.003221e+02	2.465372e-04	2020	12	25	6
	1851	775	80.296604	-17.296851	9.870791e+04	2.231216e+01	5.822108e+03	5.725573e+03	1.090465e+04	1.083930e+04	3.001083e+02	2.783386e-04	2020	12	25	12
	1849	768	80.015354	-17.953100	9.895058e+04	2.152604e+01	5.832938e+03	5.728431e+03	1.093611e+04	1.083363e+04	2.996883e+02	2.106392e-04	2020	12	25	18
	1844	763	79.312230	-18.421849	9.858931e+04	2.417699e+01	5.805712e+03	5.695766e+03	1.086083e+04	1.081022e+04	2.996396e+02	2.089848e-04	2020	12	26	0
	1844	763	79.312230	-18.421849	9.874570e+04	2.132091e+01	5.821010e+03	5.728513e+03	1.088298e+04	1.083941e+04	2.996331e+02	8.945662e-05	2020	12	26	6
	1838	752	78.468481	-19.453098	9.861247e+04	2.331491e+01	5.815379e+03	5.713875e+03	1.088854e+04	1.083576e+04	2.994449e+02	1.955094e-04	2020	12	26	12
	1832	745	77.624732	-20.109347	9.889200e+04	2.460303e+01	5.829719e+03	5.725156e+03	1.089404e+04	1.083583e+04	2.991260e+02	2.007209e-04	2020	12	26	18
	1824	737	76.499733	-20.859346	9.877779e+04	2.432138e+01	5.818353e+03	5.713511e+03	1.087788e+04	1.081418e+04	2.998240e+02	2.620616e-04	2020	12	27	0
	1819	722	75.796608	-22.265594	9.919925e+04	2.799158e+01	5.842384e+03	5.740544e+03	1.090288e+04	1.082446e+04	2.996521e+02	2.094575e-04	2020	12	27	6
	1806	706	73.968485	-23.765592	9.898511e+04	2.823840e+01	5.833318e+03	5.726574e+03	1.089988e+04	1.078570e+04	2.993013e+02	2.753730e-04	2020	12	27	12
	1796	695	72.562237	-24.796841	9.918400e+04	2.672542e+01	5.846070e+03	5.750585e+03	1.090638e+04	1.077570e+04	2.990900e+02	3.296602e-04	2020	12	27	18
	1790	679	71.718488	-26.296838	9.922647e+04	3.025978e+01	5.840155e+03	5.716475e+03	1.089223e+04	1.075313e+04	2.982735e+02	3.339374e-04	2020	12	28	0
	1776	657	69.749740	-28.359336	9.914749e+04	3.072265e+01	5.845254e+03	5.711472e+03	1.089595e+04	1.074038e+04	2.979031e+02	2.540876e-04	2020	12	28	6
	1761	645	67.640367	-29.484334	9.863626e+04	3.251775e+01	5.826771e+03	5.661586e+03	1.087854e+04	1.072444e+04	2.975488e+02	2.349934e-04	2020	12	28	12
	1752	642	66.374743	-29.765584	9.875923e+04	3.104650e+01	5.839792e+03	5.667563e+03	1.088020e+04	1.073206e+04	2.974514e+02	1.277092e-04	2020	12	28	18
	1744	636	65.249744	-30.328083	9.889580e+04	2.829740e+01	5.821504e+03	5.668037e+03	1.086632e+04	1.073957e+04	2.968444e+02	6.763061e-05	2020	12	29	0
	1739	629	64.546620	-30.984332	9.919027e+04	2.420289e+01	5.833347e+03	5.695534e+03	1.088036e+04	1.076657e+04	2.962180e+02	3.594649e-05	2020	12	29	6
	1735	624	63.984121	-31.453081	9.931047e+04	2.297100e+01	5.824798e+03	5.705012e+03	1.087429e+04	1.076995e+04	2.955892e+02	3.191466e-05	2020	12	29	12
	1734	622	63.843496	-31.640581	9.964670e+04	2.154216e+01	5.829976e+03	5.730162e+03	1.088186e+04	1.077554e+04	2.954112e+02	2.339163e-05	2020	12	29	18
	1736	623	64.124746	-31.546831	9.981009e+04	2.005249e+01	5.819830e+03	5.739396e+03	1.086639e+04	1.076011e+04	2.952441e+02	3.393815e-05	2020	12	30	0
start	14	2020	12	30	0
	1889	813	85.640348	-13.734356	1.001568e+05	1.691247e+01	5.823929e+03	5.765808e+03	1.091367e+04	1.081906e+04	3.017704e+02	2.143025e-04	2020	12	30	0
	1886	815	85.218474	-13.546856	1.003566e+05	1.631959e+01	5.829181e+03	5.785960e+03	1.091071e+04	1.083706e+04	3.017108e+02	2.125582e-04	2020	12	30	6
	1884	822	84.937224	-12.890607	1.000870e+05	1.609251e+01	5.817608e+03	5.775229e+03	1.087171e+04	1.082573e+04	3.024599e+02	1.358154e-04	2020	12	30	12
	1884	826	84.937224	-12.515608	1.003543e+05	1.337630e+01	5.823597e+03	5.789552e+03	1.088211e+04	1.083919e+04	3.017029e+02	1.159790e-04	2020	12	30	18
	1886	831	85.218474	-12.046858	1.000928e+05	1.464240e+01	5.810923e+03	5.775020e+03	1.085945e+04	1.081538e+04	3.015031e+02	1.936124e-04	2020	12	31	0
	1888	833	85.499723	-11.859359	1.003443e+05	1.745146e+01	5.820638e+03	5.782096e+03	1.088921e+04	1.083827e+04	3.014806e+02	1.988486e-04	2020	12	31	6
	1896	831	86.624722	-12.046858	1.001052e+05	1.673714e+01	5.820473e+03	5.769535e+03	1.087938e+04	1.083596e+04	3.020010e+02	1.628215e-04	2020	12	31	12
	1902	832	87.468471	-11.953108	1.003935e+05	1.685908e+01	5.838164e+03	5.789544e+03	1.089959e+04	1.084266e+04	3.017817e+02	1.394194e-04	2020	12	31	18
	1915	827	89.296594	-12.421858	1.001896e+05	1.747705e+01	5.827819e+03	5.771414e+03	1.087705e+04	1.082732e+04	3.016555e+02	2.314625e-04	2021	1	1	0
	1930	826	91.405967	-12.515608	1.004624e+05	1.693772e+01	5.839692e+03	5.800877e+03	1.091469e+04	1.085153e+04	3.021235e+02	1.680502e-04	2021	1	1	6
	1941	821	92.952841	-12.984357	1.002154e+05	1.700018e+01	5.836038e+03	5.787768e+03	1.088933e+04	1.084856e+04	3.027759e+02	1.292208e-04	2021	1	1	12
	1952	818	94.499714	-13.265607	1.003962e+05	1.643482e+01	5.843169e+03	5.791530e+03	1.092275e+04	1.085643e+04	3.025308e+02	1.700361e-04	2021	1	1	18
	1961	820	95.765338	-13.078107	1.002077e+05	1.529933e+01	5.828727e+03	5.793978e+03	1.088302e+04	1.083799e+04	3.021695e+02	1.496085e-04	2021	1	2	0
	1967	829	96.609087	-12.234358	1.002585e+05	1.578341e+01	5.843452e+03	5.805210e+03	1.089801e+04	1.085377e+04	3.024091e+02	1.016847e-04	2021	1	2	6
start	17	2021	1	7	0
	2149	1022	122.202810	5.859367	1.001450e+05	1.978576e+01	5.856246e+03	5.797369e+03	1.094125e+04	1.086123e+04	3.037003e+02	3.824883e-04	2021	1	7	0
	2141	1020	121.077811	5.671867	1.003146e+05	1.853767e+01	5.833604e+03	5.773530e+03	1.093950e+04	1.085103e+04	3.041420e+02	4.356426e-04	2021	1	7	6
	2135	1021	120.234062	5.765617	1.001344e+05	1.723372e+01	5.848412e+03	5.786697e+03	1.094099e+04	1.087586e+04	3.036335e+02	5.058356e-04	2021	1	7	12
	2124	1031	118.687189	6.703116	9.981657e+04	2.398384e+01	5.833563e+03	5.745836e+03	1.091776e+04	1.084830e+04	3.033928e+02	6.225086e-04	2021	1	7	18
	2113	1041	117.140315	7.640614	9.964549e+04	2.370296e+01	5.854947e+03	5.728454e+03	1.098011e+04	1.084738e+04	3.023274e+02	5.304375e-04	2021	1	8	0
	2106	1041	116.155941	7.640614	9.915977e+04	2.737963e+01	5.826874e+03	5.721015e+03	1.094136e+04	1.084511e+04	3.023293e+02	3.742413e-04	2021	1	8	6
	2096	1041	114.749693	7.640614	9.914424e+04	2.738049e+01	5.849443e+03	5.765577e+03	1.092379e+04	1.085790e+04	3.024318e+02	5.385975e-04	2021	1	8	12
	2088	1042	113.624694	7.734364	9.930488e+04	2.712759e+01	5.838942e+03	5.755245e+03	1.092093e+04	1.084892e+04	3.023104e+02	6.732926e-04	2021	1	8	18
	2078	1041	112.218445	7.640614	9.891838e+04	3.056065e+01	5.840930e+03	5.728134e+03	1.094600e+04	1.083649e+04	3.021455e+02	6.385032e-04	2021	1	9	0
	2070	1046	111.093447	8.109364	9.888907e+04	3.224323e+01	5.827448e+03	5.714771e+03	1.091797e+04	1.082096e+04	3.020304e+02	6.544056e-04	2021	1	9	6
	2062	1047	109.968448	8.203114	9.848550e+04	3.302030e+01	5.836160e+03	5.706267e+03	1.091083e+04	1.082876e+04	3.016237e+02	6.091219e-04	2021	1	9	12
	2054	1049	108.843449	8.390613	9.825120e+04	3.576299e+01	5.822927e+03	5.705334e+03	1.089778e+04	1.082323e+04	3.012395e+02	5.329547e-04	2021	1	9	18
	2049	1051	108.140325	8.578113	9.837155e+04	3.522861e+01	5.829795e+03	5.728866e+03	1.087565e+04	1.082836e+04	3.010889e+02	4.996611e-04	2021	1	10	0
	2044	1053	107.437200	8.765613	9.881598e+04	2.872454e+01	5.824574e+03	5.742276e+03	1.087753e+04	1.084084e+04	3.008523e+02	3.126975e-04	2021	1	10	6
	2037	1054	106.452826	8.859363	9.900759e+04	3.017875e+01	5.842348e+03	5.764081e+03	1.087992e+04	1.084785e+04	3.007860e+02	2.317956e-04	2021	1	10	12
	2029	1054	105.327828	8.859363	9.999346e+04	2.324786e+01	5.831496e+03	5.766021e+03	1.087215e+04	1.084526e+04	3.007864e+02	1.638021e-04	2021	1	10	18
	2021	1050	104.202829	8.484363	1.002396e+05	1.814153e+01	5.828929e+03	5.771706e+03	1.086503e+04	1.083776e+04	3.008109e+02	1.139595e-04	2021	1	11	0
start	10	2021	1	8	0
	1790	1083	71.718488	11.578109	1.008485e+05	1.263722e+01	5.847549e+03	5.801063e+03	1.086388e+04	1.082933e+04	3.015089e+02	7.389006e-05	2021	1	8	0
	1781	1082	70.452864	11.484359	1.010284e+05	1.465555e+01	5.870883e+03	5.840578e+03	1.091130e+04	1.085800e+04	3.015851e+02	9.009335e-05	2021	1	8	6
	1773	1099	69.327865	13.078107	1.008006e+05	1.546272e+01	5.855388e+03	5.819130e+03	1.087872e+04	1.084699e+04	3.014691e+02	9.307578e-05	2021	1	8	12
	1763	1105	67.921617	13.640606	1.010574e+05	1.685477e+01	5.872917e+03	5.834986e+03	1.092085e+04	1.086103e+04	3.011750e+02	8.158972e-05	2021	1	8	18
	1749	1095	65.952869	12.703107	1.008078e+05	1.633603e+01	5.853283e+03	5.811077e+03	1.087721e+04	1.083576e+04	3.006560e+02	1.038868e-04	2021	1	9	0
	1743	1088	65.109120	12.046858	1.010461e+05	1.627085e+01	5.880873e+03	5.841035e+03	1.091069e+04	1.086751e+04	3.006559e+02	1.018599e-04	2021	1	9	6
	1738	1085	64.405995	11.765609	1.007364e+05	1.562216e+01	5.861882e+03	5.819793e+03	1.087058e+04	1.084546e+04	3.009580e+02	5.589528e-05	2021	1	9	12
	1733	1085	63.702871	11.765609	1.010475e+05	1.696569e+01	5.873532e+03	5.843321e+03	1.088798e+04	1.086202e+04	3.005862e+02	4.740054e-05	2021	1	9	18
	1720	1079	61.874748	11.203109	1.008319e+05	1.645314e+01	5.852514e+03	5.817308e+03	1.086008e+04	1.082789e+04	3.001912e+02	4.492302e-05	2021	1	10	0
	1710	1073	60.468499	10.640610	1.010266e+05	1.658181e+01	5.878997e+03	5.833907e+03	1.089112e+04	1.085765e+04	3.001440e+02	6.250494e-05	2021	1	10	6
start	18	2021	1	9	12
	1111	815	-23.765788	-13.546856	1.011368e+05	1.465096e+01	5.863908e+03	5.834739e+03	1.089737e+04	1.084832e+04	3.014889e+02	1.022656e-04	2021	1	9	12
	1108	812	-24.187662	-13.828106	1.010399e+05	1.451782e+01	5.866015e+03	5.818085e+03	1.089182e+04	1.083584e+04	3.025195e+02	1.355470e-04	2021	1	9	18
	1108	810	-24.187662	-14.015606	1.011615e+05	1.463510e+01	5.879435e+03	5.832700e+03	1.088400e+04	1.083236e+04	3.022612e+02	1.207291e-04	2021	1	10	0
	1108	817	-24.187662	-13.359356	1.009243e+05	1.117110e+01	5.850017e+03	5.812769e+03	1.085845e+04	1.081931e+04	3.016530e+02	1.536855e-04	2021	1	10	6
	1107	818	-24.328287	-13.265607	1.010868e+05	1.230298e+01	5.859625e+03	5.828205e+03	1.089814e+04	1.084287e+04	3.017162e+02	8.040824e-05	2021	1	10	12
	1105	819	-24.609537	-13.171857	1.009272e+05	1.052098e+01	5.861335e+03	5.814373e+03	1.086858e+04	1.083401e+04	3.023093e+02	9.640205e-05	2021	1	10	18
	1100	819	-25.312661	-13.171857	1.011034e+05	1.251758e+01	5.875822e+03	5.834250e+03	1.089313e+04	1.084749e+04	3.022315e+02	1.811787e-04	2021	1	11	0
	1097	818	-25.734536	-13.265607	1.009156e+05	1.147196e+01	5.853172e+03	5.813594e+03	1.087083e+04	1.082946e+04	3.021758e+02	1.950800e-04	2021	1	11	6
	1086	819	-27.281409	-13.171857	1.009686e+05	1.310630e+01	5.863327e+03	5.826611e+03	1.088042e+04	1.084299e+04	3.026885e+02	1.195447e-04	2021	1	11	12
	1082	817	-27.843909	-13.359356	1.009244e+05	1.282407e+01	5.860339e+03	5.817661e+03	1.090252e+04	1.083634e+04	3.032694e+02	1.472216e-04	2021	1	11	18
	1074	812	-28.968907	-13.828106	1.010536e+05	1.311733e+01	5.875861e+03	5.832763e+03	1.091362e+04	1.085377e+04	3.036072e+02	1.708651e-04	2021	1	12	0
	1064	811	-30.375156	-13.921856	1.008997e+05	1.481924e+01	5.861930e+03	5.814436e+03	1.094973e+04	1.082488e+04	3.033843e+02	1.826631e-04	2021	1	12	6
	1054	808	-31.781404	-14.203105	1.010704e+05	1.483148e+01	5.880014e+03	5.833907e+03	1.090000e+04	1.085753e+04	3.032184e+02	1.274670e-04	2021	1	12	12
	1042	805	-33.468903	-14.484355	1.009576e+05	1.136543e+01	5.874104e+03	5.820711e+03	1.090728e+04	1.085449e+04	3.035144e+02	1.751126e-04	2021	1	12	18
	1029	804	-35.297026	-14.578105	1.009643e+05	1.387367e+01	5.886957e+03	5.837685e+03	1.090303e+04	1.086300e+04	3.032971e+02	1.261211e-04	2021	1	13	0
	1022	811	-36.281400	-13.921856	1.009176e+05	1.283660e+01	5.863139e+03	5.805887e+03	1.088961e+04	1.083121e+04	3.029415e+02	1.428626e-04	2021	1	13	6
	1016	811	-37.125149	-13.921856	1.010742e+05	1.016909e+01	5.883635e+03	5.837073e+03	1.093261e+04	1.086476e+04	3.028548e+02	1.834064e-04	2021	1	13	12
	1016	806	-37.125149	-14.390605	1.010302e+05	1.338414e+01	5.877246e+03	5.820924e+03	1.095042e+04	1.085010e+04	3.033141e+02	1.369347e-04	2021	1	13	18
start	27	2021	1	9	12
	1706	840	59.906000	-11.203109	1.008030e+05	1.240964e+01	5.836489e+03	5.787520e+03	1.087021e+04	1.082221e+04	3.032697e+02	1.947931e-04	2021	1	9	12
	1702	850	59.343501	-10.265611	1.009657e+05	1.356992e+01	5.861045e+03	5.813814e+03	1.088100e+04	1.084614e+04	3.030175e+02	1.859994e-04	2021	1	9	18
	1703	844	59.484125	-10.828110	1.007006e+05	1.098518e+01	5.841912e+03	5.768475e+03	1.089059e+04	1.081436e+04	3.025884e+02	2.790426e-04	2021	1	10	0
	1702	846	59.343501	-10.640610	1.008890e+05	1.346765e+01	5.849777e+03	5.802452e+03	1.087745e+04	1.083872e+04	3.024529e+02	2.069128e-04	2021	1	10	6
	1704	845	59.624750	-10.734360	1.005545e+05	1.282563e+01	5.844763e+03	5.773260e+03	1.087154e+04	1.082517e+04	3.030360e+02	1.667798e-04	2021	1	10	12
	1701	843	59.202876	-10.921860	1.006711e+05	1.329189e+01	5.855273e+03	5.804146e+03	1.091032e+04	1.083632e+04	3.029956e+02	2.032892e-04	2021	1	10	18
	1696	835	58.499751	-11.671859	1.004172e+05	1.669674e+01	5.829687e+03	5.774518e+03	1.088601e+04	1.081255e+04	3.024296e+02	2.699838e-04	2021	1	11	0
	1690	831	57.656002	-12.046858	1.004863e+05	1.691420e+01	5.848281e+03	5.785355e+03	1.088808e+04	1.084139e+04	3.021075e+02	2.077095e-04	2021	1	11	6
	1686	832	57.093503	-11.953108	1.002415e+05	1.541668e+01	5.831138e+03	5.779741e+03	1.090436e+04	1.082549e+04	3.022860e+02	1.665586e-04	2021	1	11	12
	1679	829	56.109129	-12.234358	1.003170e+05	1.603938e+01	5.864716e+03	5.782675e+03	1.091364e+04	1.084289e+04	3.020267e+02	2.135528e-04	2021	1	11	18
	1676	827	55.687254	-12.421858	1.000855e+05	1.793812e+01	5.843901e+03	5.746874e+03	1.089182e+04	1.082028e+04	3.018157e+02	3.051641e-04	2021	1	12	0
	1666	827	54.281006	-12.421858	9.993784e+04	2.282388e+01	5.858757e+03	5.769850e+03	1.089297e+04	1.083552e+04	3.015852e+02	2.774642e-04	2021	1	12	6
	1661	825	53.577882	-12.609357	9.966444e+04	2.652251e+01	5.849471e+03	5.720739e+03	1.088298e+04	1.082332e+04	3.016095e+02	2.114761e-04	2021	1	12	12
	1657	822	53.015382	-12.890607	9.962295e+04	2.845715e+01	5.870028e+03	5.738803e+03	1.093344e+04	1.083426e+04	3.014395e+02	3.472832e-04	2021	1	12	18
	1653	823	52.452883	-12.796857	9.920242e+04	3.496318e+01	5.855333e+03	5.710900e+03	1.087653e+04	1.080533e+04	3.013123e+02	2.951330e-04	2021	1	13	0
	1648	820	51.749758	-13.078107	9.928448e+04	2.955564e+01	5.870473e+03	5.739026e+03	1.091265e+04	1.083146e+04	3.011961e+02	2.757777e-04	2021	1	13	6
	1645	818	51.327884	-13.265607	9.895155e+04	3.501330e+01	5.859807e+03	5.712150e+03	1.091904e+04	1.081539e+04	3.010354e+02	3.053884e-04	2021	1	13	12
	1640	813	50.624760	-13.734356	9.878141e+04	3.159974e+01	5.888620e+03	5.713714e+03	1.094888e+04	1.082917e+04	3.028103e+02	3.477016e-04	2021	1	13	18
	1636	813	50.062260	-13.734356	9.904244e+04	3.181929e+01	5.879580e+03	5.730233e+03	1.089325e+04	1.083111e+04	3.026874e+02	3.109032e-04	2021	1	14	0
	1633	813	49.640386	-13.734356	1.001269e+05	2.103598e+01	5.888633e+03	5.767467e+03	1.090829e+04	1.085095e+04	3.023305e+02	3.296476e-04	2021	1	14	6
	1632	807	49.499761	-14.296855	1.002899e+05	2.101328e+01	5.868027e+03	5.758441e+03	1.092630e+04	1.082749e+04	3.029202e+02	4.048017e-04	2021	1	14	12
	1623	797	48.234137	-15.234354	1.003184e+05	2.249501e+01	5.871851e+03	5.768884e+03	1.094007e+04	1.084729e+04	3.033535e+02	4.995557e-04	2021	1	14	18
	1619	794	47.671638	-15.515603	1.002565e+05	2.187269e+01	5.845097e+03	5.748683e+03	1.087963e+04	1.082408e+04	3.031548e+02	3.899113e-04	2021	1	15	0
	1614	792	46.968513	-15.703103	1.005390e+05	1.966420e+01	5.861426e+03	5.782611e+03	1.090543e+04	1.083965e+04	3.030594e+02	4.404479e-04	2021	1	15	6
	1615	794	47.109138	-15.515603	1.004287e+05	2.245041e+01	5.829268e+03	5.760048e+03	1.088268e+04	1.080757e+04	3.034106e+02	5.550251e-04	2021	1	15	12
	1619	788	47.671638	-16.078103	1.004700e+05	2.215641e+01	5.842361e+03	5.768153e+03	1.091550e+04	1.082555e+04	3.024759e+02	6.113961e-04	2021	1	15	18
	1599	813	44.859141	-13.734356	1.003116e+05	2.131600e+01	5.818461e+03	5.754307e+03	1.090583e+04	1.080051e+04	3.031824e+02	4.689077e-04	2021	1	16	0
start	41	2021	1	18	18
	2156	786	123.187184	-16.265602	9.993353e+04	1.326136e+01	5.820119e+03	5.758612e+03	1.095689e+04	1.087060e+04	3.041986e+02	2.732744e-04	2021	1	18	18
	2149	782	122.202810	-16.640602	9.991254e+04	1.450077e+01	5.833691e+03	5.768301e+03	1.094436e+04	1.087952e+04	3.042766e+02	3.401722e-04	2021	1	19	0
	2145	794	121.640311	-15.515603	9.978112e+04	1.678914e+01	5.824433e+03	5.764574e+03	1.095389e+04	1.087592e+04	3.039927e+02	1.662670e-04	2021	1	19	6
	2147	782	121.921560	-16.640602	9.968985e+04	1.529602e+01	5.842419e+03	5.766803e+03	1.095332e+04	1.088376e+04	3.043471e+02	2.395167e-04	2021	1	19	12
	2140	780	120.937186	-16.828102	9.968598e+04	1.187220e+01	5.823860e+03	5.753978e+03	1.094241e+04	1.085917e+04	3.044371e+02	3.589155e-04	2021	1	19	18
	2130	782	119.530938	-16.640602	9.943824e+04	2.071274e+01	5.829537e+03	5.748295e+03	1.095078e+04	1.087092e+04	3.043074e+02	3.801060e-04	2021	1	20	0
	2114	783	117.280940	-16.546852	9.922363e+04	2.360114e+01	5.819765e+03	5.710461e+03	1.092709e+04	1.084889e+04	3.044228e+02	2.490331e-04	2021	1	20	6
	2107	788	116.296566	-16.078103	9.918088e+04	2.937759e+01	5.826401e+03	5.722274e+03	1.092678e+04	1.083905e+04	3.041034e+02	2.591026e-04	2021	1	20	12
	2118	792	117.843440	-15.703103	9.906123e+04	2.536341e+01	5.803634e+03	5.716508e+03	1.092088e+04	1.084355e+04	3.033746e+02	3.275289e-04	2021	1	20	18
	2117	789	117.702815	-15.984353	9.899783e+04	2.378101e+01	5.809807e+03	5.725997e+03	1.096291e+04	1.085734e+04	3.035062e+02	3.171558e-04	2021	1	21	0
	2123	785	118.546564	-16.359352	9.882661e+04	2.495642e+01	5.801903e+03	5.703969e+03	1.092956e+04	1.082933e+04	3.039391e+02	3.219700e-04	2021	1	21	6
	2124	772	118.687189	-17.578101	9.871669e+04	2.165082e+01	5.828599e+03	5.725968e+03	1.095380e+04	1.086010e+04	3.043859e+02	2.469490e-04	2021	1	21	12
	2106	772	116.155941	-17.578101	9.864838e+04	2.126541e+01	5.807254e+03	5.682792e+03	1.092151e+04	1.083625e+04	3.041404e+02	3.525670e-04	2021	1	21	18
	2109	779	116.577816	-16.921851	9.818918e+04	2.690647e+01	5.814113e+03	5.673865e+03	1.095873e+04	1.084090e+04	3.038093e+02	4.638202e-04	2021	1	22	0
	2109	768	116.577816	-17.953100	9.809838e+04	2.524027e+01	5.808740e+03	5.650905e+03	1.094180e+04	1.083854e+04	3.037143e+02	3.259519e-04	2021	1	22	6
	2102	764	115.593442	-18.328100	9.778325e+04	2.845632e+01	5.818089e+03	5.652988e+03	1.097858e+04	1.085085e+04	3.037747e+02	4.084612e-04	2021	1	22	12
	2096	757	114.749693	-18.984349	9.756267e+04	2.891356e+01	5.806875e+03	5.624688e+03	1.095408e+04	1.082032e+04	3.035123e+02	5.379555e-04	2021	1	22	18
	2095	753	114.609068	-19.359348	9.707241e+04	3.763623e+01	5.819000e+03	5.589642e+03	1.095659e+04	1.081184e+04	3.034464e+02	4.177951e-04	2021	1	23	0
	2089	749	113.765319	-19.734348	9.660155e+04	3.369985e+01	5.811623e+03	5.570383e+03	1.093657e+04	1.080802e+04	3.030038e+02	3.529574e-04	2021	1	23	6
	2086	743	113.343444	-20.296847	9.632048e+04	3.665604e+01	5.823589e+03	5.558497e+03	1.096600e+04	1.080377e+04	3.029813e+02	3.800198e-04	2021	1	23	12
	2082	737	112.780945	-20.859346	9.596754e+04	3.608129e+01	5.806971e+03	5.512594e+03	1.093266e+04	1.075987e+04	3.027100e+02	3.150379e-04	2021	1	23	18
	2078	730	112.218445	-21.515595	9.567406e+04	3.870161e+01	5.819431e+03	5.508589e+03	1.092732e+04	1.077303e+04	3.021574e+02	2.982572e-04	2021	1	24	0
	2071	725	111.234072	-21.984344	9.549042e+04	3.701406e+01	5.813108e+03	5.491479e+03	1.097001e+04	1.075768e+04	3.019068e+02	2.655867e-04	2021	1	24	6
	2065	721	110.390322	-22.359344	9.499504e+04	4.061663e+01	5.815908e+03	5.447767e+03	1.093250e+04	1.073743e+04	3.011651e+02	3.505201e-04	2021	1	24	12
	2058	717	109.405948	-22.734343	9.441165e+04	4.387676e+01	5.799587e+03	5.399732e+03	1.092678e+04	1.070638e+04	3.010429e+02	2.483090e-04	2021	1	24	18
	2051	713	108.421574	-23.109343	9.355185e+04	4.506735e+01	5.804116e+03	5.345875e+03	1.090846e+04	1.067943e+04	3.007909e+02	2.890355e-04	2021	1	25	0
	2044	708	107.437200	-23.578092	9.325982e+04	4.872775e+01	5.798572e+03	5.322185e+03	1.091120e+04	1.066983e+04	3.003314e+02	2.249221e-04	2021	1	25	6
	2038	701	106.593451	-24.234341	9.297389e+04	4.869545e+01	5.802079e+03	5.305572e+03	1.091871e+04	1.066153e+04	2.997897e+02	2.581239e-04	2021	1	25	12
	2033	694	105.890327	-24.890590	9.319302e+04	4.725682e+01	5.802238e+03	5.317920e+03	1.089844e+04	1.066784e+04	2.994613e+02	2.069026e-04	2021	1	25	18
	2031	686	105.609077	-25.640589	9.375648e+04	4.587179e+01	5.799473e+03	5.359793e+03	1.090043e+04	1.068987e+04	2.982681e+02	2.262889e-04	2021	1	26	0
	2029	676	105.327828	-26.578088	9.440476e+04	4.454308e+01	5.800783e+03	5.396056e+03	1.090306e+04	1.071538e+04	2.984790e+02	2.154323e-04	2021	1	26	6
	2031	665	105.609077	-27.609337	9.482520e+04	4.331486e+01	5.813912e+03	5.425969e+03	1.090763e+04	1.072920e+04	2.989626e+02	3.971914e-04	2021	1	26	12
	2030	654	105.468453	-28.640585	9.532167e+04	4.025537e+01	5.805852e+03	5.458689e+03	1.088654e+04	1.074720e+04	2.978781e+02	3.854395e-04	2021	1	26	18
	2029	642	105.327828	-29.765584	9.574439e+04	3.946769e+01	5.812512e+03	5.496282e+03	1.089570e+04	1.076617e+04	2.976509e+02	3.413738e-04	2021	1	27	0
	2029	629	105.327828	-30.984332	9.643927e+04	3.744757e+01	5.828201e+03	5.553178e+03	1.090912e+04	1.080964e+04	2.973797e+02	2.603732e-04	2021	1	27	6
	2029	613	105.327828	-32.484330	9.691652e+04	3.366200e+01	5.848127e+03	5.609646e+03	1.092396e+04	1.078537e+04	2.951648e+02	2.463211e-04	2021	1	27	12
	2030	592	105.468453	-34.453077	9.762982e+04	3.052615e+01	5.847167e+03	5.643701e+03	1.092610e+04	1.073707e+04	2.941167e+02	2.395115e-04	2021	1	27	18
	2034	562	106.030952	-37.265573	9.800995e+04	3.034348e+01	5.845648e+03	5.635707e+03	1.092910e+04	1.065029e+04	2.930246e+02	2.784348e-04	2021	1	28	0
	2037	529	106.452826	-40.359319	9.778952e+04	2.879523e+01	5.820304e+03	5.578658e+03	1.090913e+04	1.056379e+04	2.919744e+02	2.571905e-04	2021	1	28	6
	2056	505	109.124699	-42.609316	9.769148e+04	2.768046e+01	5.805368e+03	5.509816e+03	1.089259e+04	1.047039e+04	2.886424e+02	2.124612e-04	2021	1	28	12
	2088	470	113.624694	-45.890561	9.742176e+04	3.060422e+01	5.736248e+03	5.363162e+03	1.082483e+04	1.026690e+04	2.856022e+02	1.528552e-04	2021	1	28	18
start	23	2021	1	19	6
	2383	748	155.109026	-19.828097	9.951634e+04	1.652639e+01	5.821246e+03	5.737571e+03	1.092418e+04	1.087215e+04	3.042390e+02	4.182339e-04	2021	1	19	6
	2371	755	153.421528	-19.171848	9.957930e+04	1.816507e+01	5.829494e+03	5.755782e+03	1.094350e+04	1.088275e+04	3.040211e+02	4.947988e-04	2021	1	19	12
	2363	765	152.296529	-18.234350	9.924166e+04	1.914415e+01	5.815958e+03	5.729229e+03	1.093253e+04	1.085145e+04	3.034104e+02	4.075485e-04	2021	1	19	18
	2362	762	152.155904	-18.515599	9.920098e+04	1.961950e+01	5.817552e+03	5.730484e+03	1.094544e+04	1.087888e+04	3.032832e+02	4.871806e-04	2021	1	20	0
	2372	754	153.562152	-19.265598	9.897739e+04	2.477498e+01	5.805488e+03	5.711515e+03	1.093477e+04	1.086469e+04	3.039606e+02	5.464733e-04	2021	1	20	6
	2379	733	154.546526	-21.234345	9.893422e+04	2.516363e+01	5.824785e+03	5.727091e+03	1.093691e+04	1.087925e+04	3.033499e+02	5.686051e-04	2021	1	20	12
	2379	707	154.546526	-23.671842	9.860035e+04	2.798521e+01	5.804118e+03	5.699546e+03	1.093117e+04	1.085258e+04	3.024851e+02	4.897076e-04	2021	1	20	18
	2377	695	154.265277	-24.796841	9.855822e+04	2.875319e+01	5.813335e+03	5.714647e+03	1.093532e+04	1.085717e+04	3.024276e+02	4.387534e-04	2021	1	21	0
	2377	664	154.265277	-27.703087	9.850409e+04	3.076095e+01	5.797161e+03	5.681908e+03	1.093021e+04	1.080797e+04	3.016633e+02	6.352836e-04	2021	1	21	6
	2382	632	154.968401	-30.703082	9.847752e+04	3.329917e+01	5.821524e+03	5.668951e+03	1.095099e+04	1.078458e+04	3.010713e+02	5.724822e-04	2021	1	21	12
	2380	615	154.687151	-32.296830	9.785938e+04	3.281063e+01	5.795217e+03	5.640958e+03	1.093672e+04	1.075641e+04	3.009138e+02	4.811767e-04	2021	1	21	18
	2388	602	155.812150	-33.515578	9.776710e+04	3.430383e+01	5.829815e+03	5.645303e+03	1.096059e+04	1.077654e+04	3.008087e+02	3.439466e-04	2021	1	22	0
	2392	570	156.374649	-36.515574	9.766164e+04	3.195329e+01	5.810342e+03	5.630514e+03	1.094803e+04	1.073268e+04	2.999482e+02	2.530735e-04	2021	1	22	6
	2398	559	157.218399	-37.546823	9.795569e+04	2.984143e+01	5.821583e+03	5.621631e+03	1.095195e+04	1.070271e+04	2.972525e+02	5.839295e-05	2021	1	22	12
	2411	545	159.046522	-38.859321	9.817628e+04	2.765032e+01	5.818562e+03	5.628200e+03	1.093648e+04	1.066781e+04	2.964895e+02	8.070382e-05	2021	1	22	18
	2427	533	161.296519	-39.984319	9.868631e+04	2.632989e+01	5.841979e+03	5.634346e+03	1.094370e+04	1.066523e+04	2.953350e+02	6.512310e-05	2021	1	23	0
	2444	525	163.687142	-40.734318	9.894817e+04	2.491765e+01	5.846670e+03	5.645258e+03	1.094560e+04	1.066319e+04	2.934646e+02	6.621885e-05	2021	1	23	6
	2461	521	166.077764	-41.109318	9.937091e+04	2.338057e+01	5.864898e+03	5.669022e+03	1.095636e+04	1.066252e+04	2.937022e+02	8.705226e-05	2021	1	23	12
	2477	514	168.327762	-41.765567	9.941209e+04	2.492981e+01	5.853981e+03	5.669372e+03	1.093598e+04	1.062637e+04	2.934778e+02	1.098377e-04	2021	1	23	18
	2482	519	169.030886	-41.296818	9.982009e+04	2.436966e+01	5.873064e+03	5.703022e+03	1.095100e+04	1.066222e+04	2.932787e+02	8.203321e-05	2021	1	24	0
	2492	530	170.437135	-40.265569	1.000943e+05	2.432207e+01	5.879666e+03	5.720919e+03	1.095448e+04	1.067576e+04	2.940848e+02	6.591529e-05	2021	1	24	6
	2504	543	172.124633	-39.046821	1.006372e+05	2.199825e+01	5.894870e+03	5.733377e+03	1.096111e+04	1.069746e+04	2.968312e+02	2.368219e-05	2021	1	24	12
	2514	554	173.530882	-38.015572	1.008679e+05	1.999734e+01	5.888557e+03	5.739223e+03	1.094882e+04	1.069944e+04	2.983381e+02	2.078816e-05	2021	1	24	18
start	12	2021	1	24	6
	991	718	-40.640770	-22.640594	1.007675e+05	1.661926e+01	5.845113e+03	5.788096e+03	1.089840e+04	1.082134e+04	3.026263e+02	2.298084e-04	2021	1	24	6
	994	713	-40.218896	-23.109343	1.009333e+05	1.542204e+01	5.883493e+03	5.810528e+03	1.092669e+04	1.083892e+04	3.021577e+02	1.913254e-04	2021	1	24	12
	997	710	-39.797021	-23.390592	1.009145e+05	1.577902e+01	5.863525e+03	5.816123e+03	1.093828e+04	1.084157e+04	3.023028e+02	1.686890e-04	2021	1	24	18
	1002	709	-39.093897	-23.484342	1.009511e+05	1.575247e+01	5.877580e+03	5.830505e+03	1.093068e+04	1.086348e+04	3.021731e+02	1.508533e-04	2021	1	25	0
	998	696	-39.656396	-24.703091	1.008658e+05	1.682386e+01	5.858631e+03	5.804581e+03	1.092748e+04	1.082278e+04	3.018464e+02	2.317258e-04	2021	1	25	6
	983	652	-41.765769	-28.828085	1.008469e+05	2.415587e+01	5.866248e+03	5.796270e+03	1.090387e+04	1.075662e+04	2.996197e+02	3.171771e-04	2021	1	25	12
	964	642	-44.437641	-29.765584	1.003785e+05	2.447411e+01	5.847490e+03	5.765046e+03	1.088307e+04	1.070391e+04	2.997189e+02	2.792895e-04	2021	1	25	18
	964	623	-44.437641	-31.546831	1.003565e+05	2.687761e+01	5.864631e+03	5.737288e+03	1.087928e+04	1.070551e+04	2.973295e+02	2.879827e-04	2021	1	26	0
	966	616	-44.156392	-32.203080	9.988433e+04	2.293004e+01	5.835950e+03	5.700875e+03	1.085630e+04	1.066184e+04	2.965446e+02	3.151232e-04	2021	1	26	6
	965	596	-44.297016	-34.078078	9.974626e+04	2.499438e+01	5.836588e+03	5.683333e+03	1.083406e+04	1.064143e+04	2.961769e+02	3.149401e-04	2021	1	26	12
	962	585	-44.718891	-35.109326	9.949334e+04	2.810798e+01	5.809302e+03	5.666786e+03	1.081004e+04	1.062663e+04	2.956853e+02	1.719947e-04	2021	1	26	18
	967	579	-44.015767	-35.671825	9.957426e+04	2.533805e+01	5.814403e+03	5.668552e+03	1.081498e+04	1.062535e+04	2.953932e+02	7.311611e-05	2021	1	27	0
start	29	2021	1	24	6
	1091	789	-26.578285	-15.984353	1.008186e+05	1.189358e+01	5.855510e+03	5.807016e+03	1.089090e+04	1.081254e+04	3.025961e+02	2.636412e-04	2021	1	24	6
	1088	789	-27.000159	-15.984353	1.009484e+05	1.354986e+01	5.867989e+03	5.809020e+03	1.091437e+04	1.083855e+04	3.024476e+02	2.481163e-04	2021	1	24	12
	1083	785	-27.703284	-16.359352	1.008366e+05	1.630723e+01	5.867740e+03	5.804847e+03	1.091871e+04	1.084282e+04	3.033738e+02	2.061637e-04	2021	1	24	18
	1069	781	-29.672032	-16.734352	1.009269e+05	1.575213e+01	5.877680e+03	5.821713e+03	1.091627e+04	1.085795e+04	3.035582e+02	1.749919e-04	2021	1	25	0
	1058	774	-31.218905	-17.390601	1.007763e+05	1.508598e+01	5.857697e+03	5.808821e+03	1.094330e+04	1.084149e+04	3.030999e+02	1.159169e-04	2021	1	25	6
	1044	770	-33.187653	-17.765600	1.008987e+05	1.370192e+01	5.870025e+03	5.829717e+03	1.091689e+04	1.086847e+04	3.031561e+02	1.732456e-04	2021	1	25	12
	1051	775	-32.203279	-17.296851	1.007497e+05	1.649168e+01	5.878100e+03	5.812350e+03	1.095133e+04	1.086318e+04	3.035493e+02	1.726445e-04	2021	1	25	18
	1048	770	-32.625154	-17.765600	1.008288e+05	1.330212e+01	5.879906e+03	5.831413e+03	1.095444e+04	1.087168e+04	3.032709e+02	1.503776e-04	2021	1	26	0
	1047	760	-32.765778	-18.703099	1.006984e+05	1.562207e+01	5.868511e+03	5.796509e+03	1.094379e+04	1.085470e+04	3.030349e+02	2.551543e-04	2021	1	26	6
	1038	750	-34.031402	-19.640598	1.007344e+05	1.708617e+01	5.874589e+03	5.823974e+03	1.096189e+04	1.087250e+04	3.029641e+02	2.228512e-04	2021	1	26	12
	1031	747	-35.015776	-19.921847	1.005123e+05	1.345099e+01	5.869180e+03	5.811770e+03	1.093027e+04	1.087091e+04	3.036785e+02	1.389560e-04	2021	1	26	18
	1031	754	-35.015776	-19.265598	1.004748e+05	1.456337e+01	5.864563e+03	5.818530e+03	1.091369e+04	1.087352e+04	3.033173e+02	1.632802e-04	2021	1	27	0
	1035	759	-34.453277	-18.796849	1.003087e+05	1.412704e+01	5.847381e+03	5.784691e+03	1.091215e+04	1.085567e+04	3.028923e+02	2.231173e-04	2021	1	27	6
	1031	753	-35.015776	-19.359348	1.002810e+05	1.654527e+01	5.856006e+03	5.798615e+03	1.092089e+04	1.086994e+04	3.027033e+02	1.611911e-04	2021	1	27	12
	1034	754	-34.593902	-19.265598	1.000484e+05	1.584596e+01	5.848977e+03	5.763503e+03	1.094125e+04	1.085534e+04	3.030466e+02	1.568563e-04	2021	1	27	18
	1041	753	-33.609528	-19.359348	1.000669e+05	1.818818e+01	5.859796e+03	5.782805e+03	1.093923e+04	1.086489e+04	3.027889e+02	2.036230e-04	2021	1	28	0
	1046	752	-32.906403	-19.453098	9.973930e+04	1.889466e+01	5.836229e+03	5.743280e+03	1.092262e+04	1.081174e+04	3.024451e+02	2.317871e-04	2021	1	28	6
	1050	743	-32.343904	-20.296847	9.975755e+04	1.845255e+01	5.847712e+03	5.762062e+03	1.092725e+04	1.085569e+04	3.021494e+02	2.281365e-04	2021	1	28	12
	1054	732	-31.781404	-21.328095	9.955814e+04	1.957510e+01	5.836954e+03	5.748782e+03	1.092615e+04	1.083269e+04	3.025754e+02	3.121641e-04	2021	1	28	18
	1055	719	-31.640780	-22.546844	9.961023e+04	2.018514e+01	5.856219e+03	5.762394e+03	1.093208e+04	1.085299e+04	3.021836e+02	3.060609e-04	2021	1	29	0
	1054	712	-31.781404	-23.203093	9.940036e+04	2.244647e+01	5.834005e+03	5.733744e+03	1.088957e+04	1.083725e+04	3.019460e+02	2.187260e-04	2021	1	29	6
	1049	692	-32.484529	-25.078090	9.943166e+04	2.410333e+01	5.850234e+03	5.740910e+03	1.090493e+04	1.086060e+04	3.014045e+02	1.911228e-04	2021	1	29	12
	1044	677	-33.187653	-26.484338	9.930601e+04	2.234381e+01	5.844828e+03	5.729971e+03	1.091362e+04	1.084697e+04	3.010995e+02	1.796905e-04	2021	1	29	18
	1039	666	-33.890777	-27.515587	9.923091e+04	2.087677e+01	5.856934e+03	5.739837e+03	1.093267e+04	1.085879e+04	3.006592e+02	2.098940e-04	2021	1	30	0
	1034	650	-34.593902	-29.015585	9.909608e+04	2.182223e+01	5.837658e+03	5.731623e+03	1.090615e+04	1.081039e+04	2.997842e+02	1.462725e-04	2021	1	30	6
	1033	632	-34.734526	-30.703082	9.941139e+04	2.326778e+01	5.861093e+03	5.748912e+03	1.092379e+04	1.081591e+04	2.989935e+02	2.015359e-04	2021	1	30	12
	1032	612	-34.875151	-32.578080	9.923949e+04	2.132581e+01	5.852396e+03	5.749812e+03	1.092291e+04	1.081135e+04	2.979846e+02	2.385335e-04	2021	1	30	18
	1037	596	-34.172027	-34.078078	9.951266e+04	2.109279e+01	5.866299e+03	5.762365e+03	1.093905e+04	1.080710e+04	2.963949e+02	1.784742e-04	2021	1	31	0
	1042	579	-33.468903	-35.671825	9.952927e+04	2.067528e+01	5.848413e+03	5.741426e+03	1.092110e+04	1.075515e+04	2.953656e+02	1.131085e-04	2021	1	31	6
start	68	2021	1	29	6
	1740	846	64.687245	-10.640610	1.006473e+05	1.440181e+01	5.836908e+03	5.806239e+03	1.086975e+04	1.082160e+04	3.024907e+02	2.166956e-04	2021	1	29	6
	1744	847	65.249744	-10.546860	1.004302e+05	1.653395e+01	5.818957e+03	5.781680e+03	1.091017e+04	1.080977e+04	3.028998e+02	1.447254e-04	2021	1	29	12
	1752	844	66.374743	-10.828110	1.006483e+05	1.720034e+01	5.846649e+03	5.798879e+03	1.090147e+04	1.082946e+04	3.028262e+02	2.108896e-04	2021	1	29	18
	1759	836	67.359117	-11.578109	1.003639e+05	1.665644e+01	5.820798e+03	5.773206e+03	1.084991e+04	1.079453e+04	3.026848e+02	2.303846e-04	2021	1	30	0
	1767	827	68.484116	-12.421858	1.005430e+05	1.792759e+01	5.834661e+03	5.785620e+03	1.090418e+04	1.082323e+04	3.026293e+02	1.807441e-04	2021	1	30	6
	1764	824	68.062242	-12.703107	1.002210e+05	1.763092e+01	5.825079e+03	5.758574e+03	1.088992e+04	1.080906e+04	3.030061e+02	2.386605e-04	2021	1	30	12
	1767	823	68.484116	-12.796857	1.003968e+05	1.749067e+01	5.844879e+03	5.782900e+03	1.091700e+04	1.082482e+04	3.026823e+02	2.931372e-04	2021	1	30	18
	1768	820	68.624741	-13.078107	1.000012e+05	1.965176e+01	5.820140e+03	5.753917e+03	1.085928e+04	1.079842e+04	3.025722e+02	3.174413e-04	2021	1	31	0
	1771	819	69.046615	-13.171857	1.001113e+05	1.970850e+01	5.839450e+03	5.782935e+03	1.089677e+04	1.081612e+04	3.024883e+02	2.274386e-04	2021	1	31	6
	1766	817	68.343491	-13.359356	9.971647e+04	2.300578e+01	5.820276e+03	5.743464e+03	1.090138e+04	1.081892e+04	3.026073e+02	2.047241e-04	2021	1	31	12
	1768	815	68.624741	-13.546856	9.976402e+04	2.279430e+01	5.863254e+03	5.772199e+03	1.092872e+04	1.083882e+04	3.023051e+02	2.926002e-04	2021	1	31	18
	1767	815	68.484116	-13.546856	9.931049e+04	2.958475e+01	5.822411e+03	5.737117e+03	1.086812e+04	1.080331e+04	3.019955e+02	3.468600e-04	2021	2	1	0
	1763	820	67.921617	-13.078107	9.911727e+04	3.150013e+01	5.832770e+03	5.711112e+03	1.088806e+04	1.080503e+04	3.019944e+02	2.427291e-04	2021	2	1	6
	1761	819	67.640367	-13.171857	9.871617e+04	2.796165e+01	5.824292e+03	5.701420e+03	1.087590e+04	1.080968e+04	3.019961e+02	1.940598e-04	2021	2	1	12
	1759	818	67.359117	-13.265607	9.893108e+04	2.936027e+01	5.841616e+03	5.757907e+03	1.089739e+04	1.083381e+04	3.020005e+02	2.812730e-04	2021	2	1	18
	1753	818	66.515368	-13.265607	9.891112e+04	2.645391e+01	5.813582e+03	5.717040e+03	1.087731e+04	1.080273e+04	3.019482e+02	3.164033e-04	2021	2	2	0
	1748	818	65.812244	-13.265607	9.898045e+04	2.620554e+01	5.830115e+03	5.747051e+03	1.088345e+04	1.082312e+04	3.019244e+02	2.056341e-04	2021	2	2	6
	1741	819	64.827870	-13.171857	9.865467e+04	2.713427e+01	5.818436e+03	5.701844e+03	1.088546e+04	1.081626e+04	3.019296e+02	2.269945e-04	2021	2	2	12
	1738	820	64.405995	-13.078107	9.870559e+04	3.359419e+01	5.833895e+03	5.741549e+03	1.092049e+04	1.082217e+04	3.019137e+02	3.425786e-04	2021	2	2	18
	1733	818	63.702871	-13.265607	9.878491e+04	2.844091e+01	5.811657e+03	5.735625e+03	1.088082e+04	1.081062e+04	3.018968e+02	3.791858e-04	2021	2	3	0
	1727	817	62.859122	-13.359356	9.904375e+04	3.010988e+01	5.833354e+03	5.743790e+03	1.089244e+04	1.083295e+04	3.021186e+02	3.718236e-04	2021	2	3	6
	1721	815	62.015373	-13.546856	9.878298e+04	2.719950e+01	5.819086e+03	5.715530e+03	1.087283e+04	1.081546e+04	3.022778e+02	2.914164e-04	2021	2	3	12
	1717	815	61.452873	-13.546856	9.890247e+04	2.940558e+01	5.840833e+03	5.703179e+03	1.092983e+04	1.081609e+04	3.021548e+02	3.952032e-04	2021	2	3	18
	1714	814	61.030999	-13.640606	9.844666e+04	3.225240e+01	5.818685e+03	5.714092e+03	1.089730e+04	1.081478e+04	3.020620e+02	5.202090e-04	2021	2	4	0
	1711	810	60.609124	-14.015606	9.879991e+04	2.900179e+01	5.834508e+03	5.738005e+03	1.088817e+04	1.083167e+04	3.021037e+02	3.241759e-04	2021	2	4	6
	1708	811	60.187250	-13.921856	9.849231e+04	3.390858e+01	5.812111e+03	5.666977e+03	1.088177e+04	1.079452e+04	3.021312e+02	4.051683e-04	2021	2	4	12
	1711	808	60.609124	-14.203105	9.829209e+04	3.570521e+01	5.832796e+03	5.671484e+03	1.091352e+04	1.080484e+04	3.019255e+02	5.548451e-04	2021	2	4	18
	1709	805	60.327875	-14.484355	9.799187e+04	3.325701e+01	5.802393e+03	5.666538e+03	1.091652e+04	1.078574e+04	3.018312e+02	5.491569e-04	2021	2	5	0
	1708	795	60.187250	-15.421854	9.824594e+04	2.800444e+01	5.819899e+03	5.694424e+03	1.090699e+04	1.081317e+04	3.016357e+02	3.891728e-04	2021	2	5	6
	1704	796	59.624750	-15.328104	9.781544e+04	3.034052e+01	5.797140e+03	5.649579e+03	1.089270e+04	1.078663e+04	3.017308e+02	3.392240e-04	2021	2	5	12
	1705	793	59.765375	-15.609353	9.780364e+04	3.608634e+01	5.820112e+03	5.667702e+03	1.093696e+04	1.079688e+04	3.015119e+02	4.605855e-04	2021	2	5	18
	1701	791	59.202876	-15.796853	9.755414e+04	3.775332e+01	5.798756e+03	5.634702e+03	1.085917e+04	1.077784e+04	3.015197e+02	4.724053e-04	2021	2	6	0
	1698	793	58.781001	-15.609353	9.766986e+04	3.922435e+01	5.821893e+03	5.652519e+03	1.089455e+04	1.080738e+04	3.014081e+02	3.036924e-04	2021	2	6	6
	1698	792	58.781001	-15.703103	9.776165e+04	3.615708e+01	5.804491e+03	5.639209e+03	1.089741e+04	1.077998e+04	3.013354e+02	2.872704e-04	2021	2	6	12
	1696	792	58.499751	-15.703103	9.783100e+04	3.766106e+01	5.831702e+03	5.655109e+03	1.089525e+04	1.079827e+04	3.012973e+02	4.471691e-04	2021	2	6	18
	1691	789	57.796627	-15.984353	9.759986e+04	3.378439e+01	5.807067e+03	5.634997e+03	1.086790e+04	1.076388e+04	3.012243e+02	4.062843e-04	2021	2	7	0
	1691	789	57.796627	-15.984353	9.799741e+04	3.121187e+01	5.837619e+03	5.659524e+03	1.091721e+04	1.080593e+04	3.010495e+02	2.239206e-04	2021	2	7	6
	1689	781	57.515377	-16.734352	9.808292e+04	2.465433e+01	5.837574e+03	5.676399e+03	1.090933e+04	1.080132e+04	3.012992e+02	2.105805e-04	2021	2	7	12
	1681	782	56.390379	-16.640602	9.812028e+04	3.003217e+01	5.844953e+03	5.626131e+03	1.091984e+04	1.078216e+04	3.011953e+02	3.349328e-04	2021	2	7	18
	1673	775	55.265380	-17.296851	9.796420e+04	3.321426e+01	5.826472e+03	5.636544e+03	1.087762e+04	1.078102e+04	3.011812e+02	2.753963e-04	2021	2	8	0
	1673	775	55.265380	-17.296851	9.834849e+04	2.704670e+01	5.849112e+03	5.707434e+03	1.091397e+04	1.083533e+04	3.011621e+02	2.069543e-04	2021	2	8	6
	1666	768	54.281006	-17.953100	9.829738e+04	2.840015e+01	5.845951e+03	5.662870e+03	1.091787e+04	1.080555e+04	3.009550e+02	3.484416e-04	2021	2	8	12
	1660	774	53.437257	-17.390601	9.814046e+04	3.821951e+01	5.856141e+03	5.674926e+03	1.092659e+04	1.082554e+04	3.008065e+02	3.658730e-04	2021	2	8	18
	1652	767	52.312258	-18.046850	9.795541e+04	3.136025e+01	5.840527e+03	5.657899e+03	1.089070e+04	1.081122e+04	3.010551e+02	3.272151e-04	2021	2	9	0
	1651	764	52.171633	-18.328100	9.844988e+04	2.970028e+01	5.855792e+03	5.690512e+03	1.091057e+04	1.082800e+04	3.009857e+02	1.624286e-04	2021	2	9	6
	1642	759	50.906009	-18.796849	9.821202e+04	2.928413e+01	5.845120e+03	5.668625e+03	1.090526e+04	1.081963e+04	3.009591e+02	2.493909e-04	2021	2	9	12
	1637	755	50.202885	-19.171848	9.812009e+04	2.973143e+01	5.854222e+03	5.669151e+03	1.092351e+04	1.083198e+04	3.011116e+02	3.803633e-04	2021	2	9	18
	1630	753	49.218511	-19.359348	9.793284e+04	2.934007e+01	5.841802e+03	5.649200e+03	1.091878e+04	1.082030e+04	3.009446e+02	2.939242e-04	2021	2	10	0
	1625	754	48.515387	-19.265598	9.862323e+04	2.618770e+01	5.854232e+03	5.665912e+03	1.092899e+04	1.083235e+04	3.008464e+02	2.517756e-04	2021	2	10	6
	1619	752	47.671638	-19.453098	9.910266e+04	1.910673e+01	5.837571e+03	5.669374e+03	1.091839e+04	1.083466e+04	3.009456e+02	3.221048e-04	2021	2	10	12
	1610	743	46.406014	-20.296847	9.937368e+04	1.476837e+01	5.858347e+03	5.718104e+03	1.092192e+04	1.085608e+04	3.041207e+02	3.880509e-04	2021	2	10	18
	1599	741	44.859141	-20.484347	9.907897e+04	1.547746e+01	5.841323e+03	5.704193e+03	1.097920e+04	1.081919e+04	3.036079e+02	2.915062e-04	2021	2	11	0
	1593	739	44.015392	-20.671846	9.932051e+04	1.491375e+01	5.861418e+03	5.729364e+03	1.095163e+04	1.084651e+04	3.034522e+02	2.798450e-04	2021	2	11	6
	1586	737	43.031018	-20.859346	9.914593e+04	1.823829e+01	5.834253e+03	5.715095e+03	1.090962e+04	1.082960e+04	3.052231e+02	3.261434e-04	2021	2	11	12
	1583	734	42.609143	-21.140596	9.902528e+04	1.946518e+01	5.844461e+03	5.728381e+03	1.096695e+04	1.086248e+04	3.033882e+02	4.699167e-04	2021	2	11	18
	1572	728	41.062270	-21.703095	9.879500e+04	2.389904e+01	5.827975e+03	5.696054e+03	1.091868e+04	1.083219e+04	3.031600e+02	4.563119e-04	2021	2	12	0
	1567	735	40.359145	-21.046846	9.855577e+04	2.394883e+01	5.835609e+03	5.697931e+03	1.094257e+04	1.083684e+04	3.032397e+02	4.915126e-04	2021	2	12	6
	1561	739	39.515396	-20.671846	9.817946e+04	2.855709e+01	5.818898e+03	5.632412e+03	1.091180e+04	1.081018e+04	3.030454e+02	3.989229e-04	2021	2	12	12
	1566	741	40.218521	-20.484347	9.773534e+04	3.725562e+01	5.834306e+03	5.637093e+03	1.095332e+04	1.081540e+04	3.027317e+02	4.966886e-04	2021	2	12	18
	1554	740	38.531022	-20.578096	9.749634e+04	2.856987e+01	5.826074e+03	5.620360e+03	1.091369e+04	1.080383e+04	3.022256e+02	4.341962e-04	2021	2	13	0
	1550	740	37.968523	-20.578096	9.744190e+04	3.549835e+01	5.840592e+03	5.631144e+03	1.094417e+04	1.081735e+04	3.018724e+02	5.112357e-04	2021	2	13	6
	1539	740	36.421649	-20.578096	9.728835e+04	3.407988e+01	5.826795e+03	5.600575e+03	1.091551e+04	1.079793e+04	3.019304e+02	4.553703e-04	2021	2	13	12
	1533	746	35.577900	-20.015597	9.717350e+04	3.415345e+01	5.839315e+03	5.628683e+03	1.092957e+04	1.082315e+04	3.019056e+02	3.382321e-04	2021	2	13	18
	1528	751	34.874776	-19.546848	9.789726e+04	2.504799e+01	5.827411e+03	5.660561e+03	1.090789e+04	1.083592e+04	3.018480e+02	3.125910e-04	2021	2	14	0
	1522	755	34.031027	-19.171848	9.891554e+04	2.210889e+01	5.833869e+03	5.712172e+03	1.091944e+04	1.086235e+04	3.018067e+02	3.382082e-04	2021	2	14	6
	1518	756	33.468528	-19.078098	9.949558e+04	1.483809e+01	5.828851e+03	5.728423e+03	1.092828e+04	1.085955e+04	3.020346e+02	2.806067e-04	2021	2	14	12
	1515	762	33.046653	-18.515599	9.990645e+04	1.145696e+01	5.839983e+03	5.763038e+03	1.092850e+04	1.087454e+04	3.001788e+02	2.697261e-04	2021	2	14	18
	1510	748	32.343529	-19.828097	1.001970e+05	9.246415e+00	5.852393e+03	5.770287e+03	1.092889e+04	1.086200e+04	2.983802e+02	1.914671e-04	2021	2	15	0
start	16	2021	1	30	18
	2082	768	112.780945	-17.953100	1.001765e+05	9.818681e+00	5.837550e+03	5.770115e+03	1.096676e+04	1.083761e+04	3.030782e+02	2.883515e-04	2021	1	30	18
	2078	777	112.218445	-17.109351	1.000371e+05	1.393477e+01	5.848112e+03	5.767991e+03	1.094127e+04	1.086538e+04	3.028310e+02	2.863804e-04	2021	1	31	0
	2061	764	109.827823	-18.328100	1.000665e+05	1.350529e+01	5.839190e+03	5.776039e+03	1.093619e+04	1.086258e+04	3.029318e+02	1.590745e-04	2021	1	31	6
	2051	759	108.421574	-18.796849	1.000440e+05	1.502981e+01	5.848824e+03	5.773828e+03	1.092764e+04	1.086580e+04	3.031088e+02	1.257750e-04	2021	1	31	12
	2039	770	106.734076	-17.765600	1.000264e+05	1.508645e+01	5.826630e+03	5.768718e+03	1.090319e+04	1.085499e+04	3.027293e+02	1.638437e-04	2021	1	31	18
	2034	774	106.030952	-17.390601	9.988595e+04	1.529371e+01	5.828363e+03	5.774227e+03	1.091231e+04	1.086121e+04	3.024511e+02	1.948293e-04	2021	2	1	0
	2028	774	105.187203	-17.390601	9.986234e+04	1.566924e+01	5.819024e+03	5.769502e+03	1.089628e+04	1.086470e+04	3.024060e+02	1.070514e-04	2021	2	1	6
	2014	771	103.218455	-17.671850	9.970670e+04	1.642937e+01	5.818705e+03	5.773861e+03	1.091294e+04	1.086206e+04	3.027152e+02	1.320595e-04	2021	2	1	12
	2008	769	102.374706	-17.859350	9.973645e+04	1.755411e+01	5.833135e+03	5.763716e+03	1.093582e+04	1.086460e+04	3.022921e+02	1.707772e-04	2021	2	1	18
	2000	774	101.249707	-17.390601	9.967503e+04	1.641603e+01	5.814788e+03	5.762924e+03	1.091155e+04	1.085512e+04	3.023761e+02	2.062217e-04	2021	2	2	0
	1995	770	100.546583	-17.765600	9.973119e+04	1.816284e+01	5.819686e+03	5.759834e+03	1.091831e+04	1.086070e+04	3.025318e+02	9.614770e-05	2021	2	2	6
	1985	771	99.140334	-17.671850	9.959738e+04	1.750635e+01	5.821200e+03	5.769003e+03	1.091825e+04	1.085994e+04	3.029773e+02	1.707423e-04	2021	2	2	12
	1976	759	97.874710	-18.796849	9.979236e+04	2.068262e+01	5.823858e+03	5.768474e+03	1.091818e+04	1.085713e+04	3.015999e+02	1.567156e-04	2021	2	2	18
	1966	762	96.468462	-18.515599	9.967895e+04	2.011613e+01	5.818883e+03	5.775491e+03	1.090925e+04	1.084551e+04	3.013716e+02	1.186922e-04	2021	2	3	0
	1954	761	94.780964	-18.609349	9.984705e+04	2.064855e+01	5.827113e+03	5.766244e+03	1.093550e+04	1.086726e+04	3.014807e+02	8.882317e-05	2021	2	3	6
	1951	757	94.359089	-18.984349	9.971159e+04	2.041509e+01	5.834709e+03	5.779870e+03	1.092485e+04	1.087348e+04	3.018072e+02	9.525981e-05	2021	2	3	12
start	18	2021	1	31	12
	171	693	-155.953150	-24.984340	1.009794e+05	1.014722e+01	5.839125e+03	5.784367e+03	1.087158e+04	1.074833e+04	3.035306e+02	1.120206e-04	2021	1	31	12
	166	697	-156.656274	-24.609341	1.009252e+05	1.008738e+01	5.838366e+03	5.794482e+03	1.083213e+04	1.077388e+04	3.031928e+02	1.384236e-04	2021	1	31	18
	168	695	-156.375025	-24.796841	1.009035e+05	1.074696e+01	5.834196e+03	5.785505e+03	1.083229e+04	1.077129e+04	3.034947e+02	8.567188e-05	2021	2	1	0
	171	690	-155.953150	-25.265590	1.008597e+05	1.222434e+01	5.845969e+03	5.792104e+03	1.085634e+04	1.079564e+04	3.039933e+02	1.140031e-04	2021	2	1	6
	170	681	-156.093775	-26.109339	1.008622e+05	1.213372e+01	5.840513e+03	5.786598e+03	1.084762e+04	1.078247e+04	3.031838e+02	1.557902e-04	2021	2	1	12
	171	677	-155.953150	-26.484338	1.008862e+05	1.323365e+01	5.855443e+03	5.798639e+03	1.087438e+04	1.079844e+04	3.028698e+02	1.680657e-04	2021	2	1	18
	172	672	-155.812525	-26.953088	1.007966e+05	1.478802e+01	5.839139e+03	5.790965e+03	1.086653e+04	1.079257e+04	3.030341e+02	1.379504e-04	2021	2	2	0
	170	670	-156.093775	-27.140587	1.007481e+05	1.610547e+01	5.856476e+03	5.782736e+03	1.086325e+04	1.078884e+04	3.033824e+02	1.203253e-04	2021	2	2	6
	176	664	-155.250026	-27.703087	1.007516e+05	1.466461e+01	5.842251e+03	5.781464e+03	1.084115e+04	1.076612e+04	3.027859e+02	1.742868e-04	2021	2	2	12
	179	663	-154.828151	-27.796836	1.007590e+05	1.611934e+01	5.848578e+03	5.784756e+03	1.085945e+04	1.075368e+04	3.025125e+02	1.582793e-04	2021	2	2	18
	191	658	-153.140653	-28.265586	1.006430e+05	1.739026e+01	5.855845e+03	5.773062e+03	1.084741e+04	1.073786e+04	3.016010e+02	1.328994e-04	2021	2	3	0
	201	643	-151.734404	-29.671834	1.004228e+05	1.700159e+01	5.845820e+03	5.743805e+03	1.084262e+04	1.067753e+04	3.014814e+02	1.494752e-04	2021	2	3	6
	211	637	-150.328156	-30.234333	1.001395e+05	2.159591e+01	5.835240e+03	5.721186e+03	1.082383e+04	1.062879e+04	3.005550e+02	2.483143e-04	2021	2	3	12
	228	627	-147.937533	-31.171832	1.000139e+05	2.416633e+01	5.845331e+03	5.715089e+03	1.082342e+04	1.060047e+04	3.003209e+02	2.616892e-04	2021	2	3	18
	241	614	-146.109410	-32.390580	1.002701e+05	2.508675e+01	5.835958e+03	5.691801e+03	1.084246e+04	1.058372e+04	2.990321e+02	2.370414e-04	2021	2	4	0
	258	608	-143.718788	-32.953079	1.002367e+05	2.556614e+01	5.852693e+03	5.697706e+03	1.082473e+04	1.059896e+04	2.984608e+02	1.686180e-04	2021	2	4	6
	276	588	-141.187540	-34.828077	1.003948e+05	2.089251e+01	5.836220e+03	5.677884e+03	1.083194e+04	1.057520e+04	2.976358e+02	1.795403e-04	2021	2	4	12
	287	584	-139.640667	-35.203076	1.002422e+05	2.632381e+01	5.850114e+03	5.698497e+03	1.081359e+04	1.061158e+04	2.974857e+02	1.638834e-04	2021	2	4	18
start	62	2021	2	8	18
	2112	763	116.999691	-18.421849	9.964557e+04	1.106454e+01	5.804008e+03	5.753244e+03	1.097158e+04	1.086266e+04	3.039197e+02	1.562557e-04	2021	2	8	18
	2119	759	117.984064	-18.796849	9.964377e+04	1.174698e+01	5.825092e+03	5.767752e+03	1.095744e+04	1.087787e+04	3.037814e+02	2.003760e-04	2021	2	9	0
	2123	775	118.546564	-17.296851	9.962401e+04	1.315921e+01	5.821594e+03	5.758304e+03	1.095478e+04	1.086589e+04	3.043191e+02	1.831663e-04	2021	2	9	6
	2120	753	118.124689	-19.359348	9.958266e+04	1.080258e+01	5.835455e+03	5.779289e+03	1.095921e+04	1.089163e+04	3.050763e+02	2.200160e-04	2021	2	9	12
	2113	750	117.140315	-19.640598	9.962079e+04	1.080469e+01	5.814641e+03	5.756375e+03	1.093927e+04	1.085787e+04	3.040221e+02	2.682902e-04	2021	2	9	18
	2106	749	116.155941	-19.734348	9.963575e+04	1.186038e+01	5.831366e+03	5.763241e+03	1.094518e+04	1.087509e+04	3.038127e+02	2.616619e-04	2021	2	10	0
	2105	754	116.015317	-19.265598	9.962510e+04	1.223310e+01	5.826280e+03	5.758775e+03	1.095786e+04	1.088195e+04	3.071842e+02	1.570286e-04	2021	2	10	6
	2105	754	116.015317	-19.265598	9.954055e+04	1.284406e+01	5.836150e+03	5.768243e+03	1.095494e+04	1.089808e+04	3.039870e+02	1.980438e-04	2021	2	10	12
	2101	755	115.452817	-19.171848	9.948926e+04	1.526229e+01	5.822604e+03	5.741733e+03	1.094889e+04	1.087837e+04	3.038260e+02	3.542394e-04	2021	2	10	18
	2089	739	113.765319	-20.671846	9.940624e+04	1.383388e+01	5.835654e+03	5.748742e+03	1.095465e+04	1.088235e+04	3.035696e+02	2.055368e-04	2021	2	11	0
	2083	738	112.921570	-20.765596	9.934665e+04	1.649434e+01	5.831759e+03	5.735549e+03	1.093966e+04	1.088316e+04	3.037954e+02	1.645811e-04	2021	2	11	6
	2076	737	111.937196	-20.859346	9.928449e+04	1.160967e+01	5.842965e+03	5.744113e+03	1.097101e+04	1.088956e+04	3.030218e+02	2.942992e-04	2021	2	11	12
	2069	738	110.952822	-20.765596	9.922059e+04	1.282906e+01	5.830040e+03	5.736414e+03	1.094301e+04	1.087277e+04	3.029241e+02	2.747822e-04	2021	2	11	18
	2061	732	109.827823	-21.328095	9.914351e+04	1.509721e+01	5.841697e+03	5.733204e+03	1.094034e+04	1.088177e+04	3.024480e+02	2.259430e-04	2021	2	12	0
	2047	738	107.859075	-20.765596	9.912086e+04	1.613300e+01	5.829598e+03	5.715362e+03	1.093628e+04	1.087137e+04	3.023032e+02	1.721292e-04	2021	2	12	6
	2037	747	106.452826	-19.921847	9.890790e+04	1.651970e+01	5.826494e+03	5.731355e+03	1.094725e+04	1.087989e+04	3.021368e+02	2.255187e-04	2021	2	12	12
	2038	742	106.593451	-20.390597	9.906840e+04	1.705941e+01	5.827318e+03	5.722959e+03	1.094854e+04	1.086332e+04	3.018957e+02	2.007234e-04	2021	2	12	18
	2024	742	104.624703	-20.390597	9.901873e+04	1.945163e+01	5.838222e+03	5.733161e+03	1.093895e+04	1.086319e+04	3.017509e+02	2.174382e-04	2021	2	13	0
	2000	742	101.249707	-20.390597	9.898632e+04	2.108251e+01	5.837366e+03	5.712810e+03	1.094203e+04	1.084844e+04	3.020125e+02	1.493462e-04	2021	2	13	6
	1993	743	100.265333	-20.296847	9.880149e+04	1.968853e+01	5.837891e+03	5.738867e+03	1.094500e+04	1.086276e+04	3.021871e+02	1.519051e-04	2021	2	13	12
	1993	735	100.265333	-21.046846	9.895784e+04	1.965001e+01	5.841867e+03	5.747260e+03	1.094334e+04	1.085905e+04	3.008867e+02	1.260798e-04	2021	2	13	18
	1978	736	98.155960	-20.953096	9.893995e+04	1.906023e+01	5.839030e+03	5.742436e+03	1.093310e+04	1.084488e+04	3.003891e+02	1.129183e-04	2021	2	14	0
	1967	743	96.609087	-20.296847	9.901644e+04	1.935594e+01	5.829938e+03	5.750305e+03	1.093470e+04	1.084961e+04	3.011422e+02	6.016911e-05	2021	2	14	6
	1964	746	96.187212	-20.015597	9.896570e+04	1.711605e+01	5.823567e+03	5.744771e+03	1.092644e+04	1.085528e+04	3.011811e+02	1.020288e-04	2021	2	14	12
	1957	748	95.202838	-19.828097	9.909984e+04	1.899602e+01	5.817605e+03	5.732495e+03	1.091374e+04	1.083447e+04	3.011075e+02	2.258104e-04	2021	2	14	18
	1948	755	93.937215	-19.171848	9.891518e+04	2.117818e+01	5.801961e+03	5.707898e+03	1.089372e+04	1.081662e+04	3.009229e+02	1.957751e-04	2021	2	15	0
	1949	757	94.077839	-18.984349	9.900056e+04	2.148356e+01	5.803182e+03	5.719202e+03	1.090368e+04	1.084938e+04	3.009325e+02	1.513993e-04	2021	2	15	6
	1945	750	93.515340	-19.640598	9.894323e+04	1.909626e+01	5.812783e+03	5.716962e+03	1.094797e+04	1.084486e+04	3.009397e+02	1.796702e-04	2021	2	15	12
	1937	752	92.390341	-19.453098	9.899929e+04	2.192893e+01	5.806727e+03	5.712775e+03	1.090758e+04	1.085226e+04	3.003034e+02	2.341885e-04	2021	2	15	18
	1929	749	91.265342	-19.734348	9.871086e+04	2.330183e+01	5.800634e+03	5.696715e+03	1.088694e+04	1.084264e+04	3.003668e+02	2.085235e-04	2021	2	16	0
	1926	754	90.843468	-19.265598	9.881645e+04	2.123041e+01	5.802315e+03	5.695231e+03	1.089643e+04	1.084392e+04	3.006559e+02	1.334141e-04	2021	2	16	6
	1918	750	89.718469	-19.640598	9.856572e+04	2.516139e+01	5.808658e+03	5.681775e+03	1.091454e+04	1.084168e+04	3.004891e+02	1.860913e-04	2021	2	16	12
	1919	755	89.859094	-19.171848	9.859466e+04	2.473836e+01	5.809235e+03	5.681958e+03	1.091300e+04	1.083213e+04	3.005796e+02	2.006830e-04	2021	2	16	18
	1913	757	89.015345	-18.984349	9.847634e+04	2.275087e+01	5.806408e+03	5.682774e+03	1.088332e+04	1.082816e+04	3.004418e+02	1.303012e-04	2021	2	17	0
	1909	756	88.452845	-19.078098	9.865284e+04	2.217138e+01	5.814048e+03	5.703161e+03	1.089348e+04	1.084791e+04	3.003167e+02	1.255706e-04	2021	2	17	6
	1901	756	87.327846	-19.078098	9.848096e+04	2.491205e+01	5.810581e+03	5.692218e+03	1.089448e+04	1.084410e+04	3.002771e+02	1.776803e-04	2021	2	17	12
	1896	758	86.624722	-18.890599	9.856192e+04	2.463041e+01	5.817911e+03	5.707209e+03	1.089987e+04	1.084630e+04	3.003086e+02	1.928955e-04	2021	2	17	18
	1889	759	85.640348	-18.796849	9.846530e+04	2.886391e+01	5.814176e+03	5.708220e+03	1.089836e+04	1.083654e+04	3.002395e+02	1.799030e-04	2021	2	18	0
	1884	762	84.937224	-18.515599	9.884289e+04	2.198394e+01	5.825381e+03	5.737095e+03	1.090899e+04	1.085636e+04	3.004684e+02	1.490188e-04	2021	2	18	6
	1877	759	83.952850	-18.796849	9.875203e+04	2.498944e+01	5.823010e+03	5.699083e+03	1.091041e+04	1.084479e+04	3.004309e+02	1.838824e-04	2021	2	18	12
	1866	756	82.405977	-19.078098	9.860379e+04	3.197640e+01	5.828651e+03	5.699078e+03	1.092666e+04	1.084349e+04	3.001601e+02	2.654669e-04	2021	2	18	18
	1859	757	81.421603	-18.984349	9.843678e+04	2.758012e+01	5.820750e+03	5.685553e+03	1.091371e+04	1.082284e+04	3.005473e+02	1.905662e-04	2021	2	19	0
	1853	751	80.577853	-19.546848	9.875519e+04	2.221016e+01	5.836154e+03	5.705663e+03	1.089960e+04	1.083058e+04	3.005113e+02	1.080592e-04	2021	2	19	6
	1845	748	79.452855	-19.828097	9.862402e+04	2.375841e+01	5.827866e+03	5.694525e+03	1.091385e+04	1.082298e+04	3.003620e+02	1.328643e-04	2021	2	19	12
	1835	743	78.046606	-20.296847	9.880449e+04	2.563628e+01	5.837755e+03	5.691798e+03	1.091839e+04	1.083170e+04	3.004329e+02	2.493297e-04	2021	2	19	18
	1828	739	77.062232	-20.671846	9.847661e+04	2.653800e+01	5.830763e+03	5.692545e+03	1.091663e+04	1.084443e+04	3.003404e+02	3.030252e-04	2021	2	20	0
	1818	732	75.655984	-21.328095	9.866537e+04	2.844649e+01	5.852262e+03	5.699248e+03	1.092366e+04	1.085748e+04	3.004249e+02	2.390210e-04	2021	2	20	6
	1805	726	73.827860	-21.890595	9.847759e+04	3.202350e+01	5.856493e+03	5.687658e+03	1.096574e+04	1.085438e+04	3.008566e+02	1.726203e-04	2021	2	20	12
	1793	720	72.140362	-22.453094	9.862984e+04	3.357121e+01	5.872785e+03	5.702133e+03	1.093697e+04	1.087017e+04	3.007330e+02	2.303971e-04	2021	2	20	18
	1780	714	70.312239	-23.015593	9.840642e+04	3.218732e+01	5.863342e+03	5.694405e+03	1.093668e+04	1.085598e+04	3.006800e+02	2.405060e-04	2021	2	21	0
	1764	706	68.062242	-23.765592	9.835445e+04	3.256482e+01	5.877072e+03	5.711088e+03	1.094322e+04	1.087742e+04	3.006017e+02	1.546594e-04	2021	2	21	6
	1747	694	65.671619	-24.890590	9.827584e+04	3.496990e+01	5.871583e+03	5.685380e+03	1.093722e+04	1.086098e+04	3.004565e+02	1.055644e-04	2021	2	21	12
	1732	683	63.562246	-25.921839	9.856951e+04	3.544297e+01	5.880646e+03	5.722847e+03	1.095064e+04	1.089040e+04	3.002098e+02	1.336940e-04	2021	2	21	18
	1717	670	61.452873	-27.140587	9.875102e+04	3.027322e+01	5.859061e+03	5.765011e+03	1.093017e+04	1.086377e+04	2.997182e+02	2.004387e-04	2021	2	22	0
	1705	661	59.765375	-27.984336	9.915510e+04	2.541911e+01	5.862874e+03	5.796638e+03	1.094047e+04	1.086501e+04	2.995971e+02	2.331534e-04	2021	2	22	6
	1697	649	58.640376	-29.109335	9.910631e+04	2.433233e+01	5.848672e+03	5.774065e+03	1.094019e+04	1.084843e+04	2.996622e+02	3.277414e-04	2021	2	22	12
	1694	637	58.218502	-30.234333	9.936655e+04	2.950147e+01	5.860146e+03	5.762719e+03	1.093698e+04	1.085313e+04	2.989223e+02	3.098953e-04	2021	2	22	18
	1689	626	57.515377	-31.265582	9.900108e+04	2.928813e+01	5.845535e+03	5.744528e+03	1.092233e+04	1.083692e+04	2.983927e+02	2.584256e-04	2021	2	23	0
	1689	616	57.515377	-32.203080	9.927320e+04	2.248336e+01	5.862573e+03	5.756395e+03	1.093732e+04	1.083012e+04	2.981210e+02	2.088161e-04	2021	2	23	6
	1691	605	57.796627	-33.234329	9.931512e+04	2.082599e+01	5.855039e+03	5.753775e+03	1.092765e+04	1.080111e+04	2.978624e+02	2.218452e-04	2021	2	23	12
	1701	599	59.202876	-33.796828	9.976315e+04	2.096882e+01	5.870490e+03	5.742955e+03	1.093808e+04	1.077544e+04	2.973975e+02	2.260464e-04	2021	2	23	18
	1718	585	61.593498	-35.109326	9.979216e+04	2.389729e+01	5.860667e+03	5.672852e+03	1.091750e+04	1.070364e+04	2.961197e+02	1.978674e-04	2021	2	24	0
start	53	2021	2	8	18
	1809	796	74.390360	-15.328104	9.992321e+04	1.874638e+01	5.840927e+03	5.767773e+03	1.094819e+04	1.085111e+04	3.018012e+02	3.954342e-04	2021	2	8	18
	1793	791	72.140362	-15.796853	9.971144e+04	2.092014e+01	5.828275e+03	5.737016e+03	1.089042e+04	1.082864e+04	3.016110e+02	4.663348e-04	2021	2	9	0
	1784	797	70.874739	-15.234354	9.956465e+04	2.297297e+01	5.838612e+03	5.760725e+03	1.092076e+04	1.085739e+04	3.016559e+02	4.069451e-04	2021	2	9	6
	1785	799	71.015363	-15.046854	9.928138e+04	2.206311e+01	5.816646e+03	5.750267e+03	1.092062e+04	1.084616e+04	3.019877e+02	2.809961e-04	2021	2	9	12
	1783	796	70.734114	-15.328104	9.962038e+04	2.186742e+01	5.841787e+03	5.756458e+03	1.094355e+04	1.086749e+04	3.017929e+02	3.460058e-04	2021	2	9	18
	1771	796	69.046615	-15.328104	9.937482e+04	2.300149e+01	5.818674e+03	5.734258e+03	1.089921e+04	1.083953e+04	3.014498e+02	3.353463e-04	2021	2	10	0
	1760	802	67.499742	-14.765604	9.923894e+04	2.545389e+01	5.833441e+03	5.743206e+03	1.095076e+04	1.084218e+04	3.014141e+02	2.999325e-04	2021	2	10	6
	1762	799	67.780992	-15.046854	9.906448e+04	2.504519e+01	5.816689e+03	5.724755e+03	1.091674e+04	1.083631e+04	3.015919e+02	3.253210e-04	2021	2	10	12
	1748	799	65.812244	-15.046854	9.947513e+04	2.467303e+01	5.835656e+03	5.750246e+03	1.092035e+04	1.084782e+04	3.013057e+02	3.638782e-04	2021	2	10	18
	1740	798	64.687245	-15.140604	9.909594e+04	2.819303e+01	5.819624e+03	5.685739e+03	1.091205e+04	1.081810e+04	3.012198e+02	3.896544e-04	2021	2	11	0
	1741	795	64.827870	-15.421854	9.924784e+04	3.096163e+01	5.832538e+03	5.746761e+03	1.089706e+04	1.085296e+04	3.012194e+02	3.312647e-04	2021	2	11	6
	1736	790	64.124746	-15.890603	9.898711e+04	3.277478e+01	5.820567e+03	5.714536e+03	1.089451e+04	1.082946e+04	3.013372e+02	2.660545e-04	2021	2	11	12
	1734	797	63.843496	-15.234354	9.920730e+04	3.543421e+01	5.835586e+03	5.681618e+03	1.090576e+04	1.083425e+04	3.011501e+02	3.396119e-04	2021	2	11	18
	1736	791	64.124746	-15.796853	9.903898e+04	3.371123e+01	5.819270e+03	5.721532e+03	1.087778e+04	1.081510e+04	3.010986e+02	3.860000e-04	2021	2	12	0
	1734	794	63.843496	-15.515603	9.928386e+04	2.448716e+01	5.837642e+03	5.748438e+03	1.094218e+04	1.084282e+04	3.010888e+02	1.996883e-04	2021	2	12	6
	1734	794	63.843496	-15.515603	9.913239e+04	1.850525e+01	5.818424e+03	5.731814e+03	1.090553e+04	1.082787e+04	3.012923e+02	1.058401e-04	2021	2	12	12
	1737	797	64.265370	-15.234354	9.942788e+04	1.798625e+01	5.839520e+03	5.746541e+03	1.090624e+04	1.083721e+04	3.011656e+02	1.111892e-04	2021	2	12	18
	1737	798	64.265370	-15.140604	9.917588e+04	1.753934e+01	5.811643e+03	5.735887e+03	1.090532e+04	1.079901e+04	3.011061e+02	2.204358e-04	2021	2	13	0
	1738	798	64.405995	-15.140604	9.938302e+04	1.998049e+01	5.826820e+03	5.754328e+03	1.091539e+04	1.083109e+04	3.010816e+02	2.301588e-04	2021	2	13	6
	1739	798	64.546620	-15.140604	9.909864e+04	2.061208e+01	5.812715e+03	5.749540e+03	1.090375e+04	1.083226e+04	3.011654e+02	1.646601e-04	2021	2	13	12
	1736	795	64.124746	-15.421854	9.938088e+04	2.044676e+01	5.834152e+03	5.758512e+03	1.092882e+04	1.085393e+04	3.010919e+02	2.650098e-04	2021	2	13	18
	1730	797	63.280996	-15.234354	9.910981e+04	2.277645e+01	5.815402e+03	5.720251e+03	1.091505e+04	1.083720e+04	3.010038e+02	3.268767e-04	2021	2	14	0
	1727	800	62.859122	-14.953104	9.929462e+04	2.180252e+01	5.836109e+03	5.745156e+03	1.091616e+04	1.085590e+04	3.009865e+02	2.247859e-04	2021	2	14	6
	1726	801	62.718497	-14.859354	9.900909e+04	2.167105e+01	5.815317e+03	5.732280e+03	1.090189e+04	1.084025e+04	3.010581e+02	1.663545e-04	2021	2	14	12
	1721	804	62.015373	-14.578105	9.906130e+04	2.173418e+01	5.836944e+03	5.745862e+03	1.093829e+04	1.085818e+04	3.008643e+02	2.666407e-04	2021	2	14	18
	1717	807	61.452873	-14.296855	9.836605e+04	3.535734e+01	5.811356e+03	5.708771e+03	1.090056e+04	1.082686e+04	3.006428e+02	3.580938e-04	2021	2	15	0
	1714	808	61.030999	-14.203105	9.878906e+04	3.540112e+01	5.832026e+03	5.723743e+03	1.091608e+04	1.083792e+04	3.005317e+02	3.207888e-04	2021	2	15	6
	1716	802	61.312249	-14.765604	9.872234e+04	3.398438e+01	5.812192e+03	5.726668e+03	1.088046e+04	1.082409e+04	3.007168e+02	2.780595e-04	2021	2	15	12
	1716	798	61.312249	-15.140604	9.895573e+04	2.976738e+01	5.828721e+03	5.743050e+03	1.089101e+04	1.083196e+04	3.006971e+02	2.234401e-04	2021	2	15	18
	1713	800	60.890374	-14.953104	9.874138e+04	2.569306e+01	5.807103e+03	5.708284e+03	1.086792e+04	1.080578e+04	3.005634e+02	3.025810e-04	2021	2	16	0
	1715	800	61.171624	-14.953104	9.898334e+04	2.737557e+01	5.829336e+03	5.727897e+03	1.089365e+04	1.083474e+04	3.005769e+02	2.123940e-04	2021	2	16	6
	1719	788	61.734123	-16.078103	9.885152e+04	2.353035e+01	5.815014e+03	5.739407e+03	1.089396e+04	1.083634e+04	3.006340e+02	1.213200e-04	2021	2	16	12
	1718	785	61.593498	-16.359352	9.906908e+04	2.452425e+01	5.839278e+03	5.712079e+03	1.089260e+04	1.084153e+04	3.006197e+02	2.143771e-04	2021	2	16	18
	1716	784	61.312249	-16.453102	9.872995e+04	2.736619e+01	5.814887e+03	5.675420e+03	1.089695e+04	1.080900e+04	3.005862e+02	2.948274e-04	2021	2	17	0
	1717	781	61.452873	-16.734352	9.874216e+04	2.656042e+01	5.836968e+03	5.688230e+03	1.091291e+04	1.081866e+04	3.005933e+02	2.232277e-04	2021	2	17	6
	1721	779	62.015373	-16.921851	9.847849e+04	2.657094e+01	5.818236e+03	5.670335e+03	1.086448e+04	1.081172e+04	3.008879e+02	1.613143e-04	2021	2	17	12
	1724	776	62.437247	-17.203101	9.840831e+04	2.812008e+01	5.839124e+03	5.677300e+03	1.090406e+04	1.082122e+04	3.006963e+02	1.796964e-04	2021	2	17	18
	1721	772	62.015373	-17.578101	9.822556e+04	2.583018e+01	5.812770e+03	5.651218e+03	1.091198e+04	1.080162e+04	3.007223e+02	2.473575e-04	2021	2	18	0
	1718	770	61.593498	-17.765600	9.826626e+04	2.816845e+01	5.826755e+03	5.662034e+03	1.092783e+04	1.081077e+04	3.006832e+02	2.608217e-04	2021	2	18	6
	1718	773	61.593498	-17.484351	9.785925e+04	2.776281e+01	5.811222e+03	5.643704e+03	1.089903e+04	1.080034e+04	3.006553e+02	2.238814e-04	2021	2	18	12
	1718	773	61.593498	-17.484351	9.735330e+04	3.522976e+01	5.834763e+03	5.620020e+03	1.091165e+04	1.079778e+04	3.005677e+02	3.932338e-04	2021	2	18	18
	1717	773	61.452873	-17.484351	9.682055e+04	3.504409e+01	5.808995e+03	5.586936e+03	1.086327e+04	1.076672e+04	3.004751e+02	3.109712e-04	2021	2	19	0
	1716	774	61.312249	-17.390601	9.675220e+04	3.603714e+01	5.826496e+03	5.608886e+03	1.089524e+04	1.081106e+04	3.003837e+02	2.579292e-04	2021	2	19	6
	1717	775	61.452873	-17.296851	9.643270e+04	4.054132e+01	5.810966e+03	5.577788e+03	1.091024e+04	1.078847e+04	3.003911e+02	2.144457e-04	2021	2	19	12
	1717	777	61.452873	-17.109351	9.665493e+04	3.874391e+01	5.826028e+03	5.622162e+03	1.090811e+04	1.082719e+04	3.002300e+02	3.280074e-04	2021	2	19	18
	1717	778	61.452873	-17.015601	9.673423e+04	4.052040e+01	5.803507e+03	5.602884e+03	1.089384e+04	1.080694e+04	3.001332e+02	4.029871e-04	2021	2	20	0
	1717	778	61.452873	-17.015601	9.727087e+04	3.464001e+01	5.824702e+03	5.660588e+03	1.089226e+04	1.083993e+04	3.000409e+02	2.764118e-04	2021	2	20	6
	1717	781	61.452873	-16.734352	9.733881e+04	4.144196e+01	5.808778e+03	5.641390e+03	1.088295e+04	1.081523e+04	2.997619e+02	2.491901e-04	2021	2	20	12
	1719	783	61.734123	-16.546852	9.757596e+04	4.249853e+01	5.831258e+03	5.651373e+03	1.089858e+04	1.080957e+04	2.994575e+02	2.481511e-04	2021	2	20	18
	1716	784	61.312249	-16.453102	9.734773e+04	4.005804e+01	5.803736e+03	5.641694e+03	1.087758e+04	1.080665e+04	2.995367e+02	1.884661e-04	2021	2	21	0
	1721	782	62.015373	-16.640602	9.823812e+04	3.295023e+01	5.822029e+03	5.731916e+03	1.090726e+04	1.085201e+04	2.993803e+02	1.350462e-04	2021	2	21	6
	1724	776	62.437247	-17.203101	9.847459e+04	2.565337e+01	5.817582e+03	5.755082e+03	1.089795e+04	1.084269e+04	2.998394e+02	9.087377e-05	2021	2	21	12
	1727	771	62.859122	-17.671850	9.897356e+04	2.151478e+01	5.842315e+03	5.788087e+03	1.091546e+04	1.083680e+04	3.003162e+02	1.490190e-04	2021	2	21	18
start	38	2021	2	9	0
	142	743	-160.031271	-20.296847	1.010861e+05	1.195397e+01	5.847536e+03	5.803279e+03	1.087257e+04	1.079574e+04	3.062602e+02	8.609626e-05	2021	2	9	0
	141	747	-160.171896	-19.921847	1.008638e+05	1.484561e+01	5.853188e+03	5.807207e+03	1.089416e+04	1.080478e+04	3.042570e+02	1.580507e-04	2021	2	9	6
	144	746	-159.750021	-20.015597	1.009896e+05	1.225840e+01	5.846862e+03	5.796258e+03	1.086476e+04	1.078868e+04	3.034383e+02	1.573506e-04	2021	2	9	12
	151	746	-158.765647	-20.015597	1.009653e+05	1.307469e+01	5.859921e+03	5.807067e+03	1.086622e+04	1.079033e+04	3.031742e+02	1.822947e-04	2021	2	9	18
	154	737	-158.343773	-20.859346	1.008750e+05	1.477919e+01	5.854564e+03	5.795074e+03	1.086769e+04	1.077456e+04	3.045346e+02	1.493651e-04	2021	2	10	0
	161	728	-157.359399	-21.703095	1.008760e+05	1.691255e+01	5.861964e+03	5.791834e+03	1.087312e+04	1.076812e+04	3.035534e+02	1.537082e-04	2021	2	10	6
	162	723	-157.218774	-22.171844	1.007634e+05	1.703327e+01	5.860613e+03	5.788988e+03	1.085520e+04	1.074405e+04	3.030638e+02	1.841962e-04	2021	2	10	12
	165	721	-156.796899	-22.359344	1.008619e+05	1.846537e+01	5.860260e+03	5.790097e+03	1.086997e+04	1.073900e+04	3.027747e+02	2.266838e-04	2021	2	10	18
	184	717	-154.125027	-22.734343	1.007322e+05	1.964798e+01	5.853068e+03	5.763341e+03	1.085320e+04	1.074823e+04	3.026630e+02	2.911373e-04	2021	2	11	0
	187	709	-153.703152	-23.484342	1.007826e+05	1.948588e+01	5.861296e+03	5.779870e+03	1.092912e+04	1.076258e+04	3.025179e+02	2.421395e-04	2021	2	11	6
	183	702	-154.265652	-24.140591	1.004167e+05	1.917498e+01	5.843241e+03	5.756673e+03	1.086725e+04	1.076515e+04	3.021220e+02	2.638884e-04	2021	2	11	12
	180	693	-154.687526	-24.984340	1.005623e+05	2.067060e+01	5.856713e+03	5.771777e+03	1.086154e+04	1.077323e+04	3.019387e+02	2.130775e-04	2021	2	11	18
	176	692	-155.250026	-25.078090	1.002921e+05	1.982038e+01	5.852299e+03	5.751542e+03	1.087156e+04	1.077569e+04	3.024966e+02	1.348010e-04	2021	2	12	0
	172	690	-155.812525	-25.265590	1.000867e+05	2.245335e+01	5.856267e+03	5.751613e+03	1.085598e+04	1.079057e+04	3.025122e+02	1.325574e-04	2021	2	12	6
	167	688	-156.515649	-25.453090	1.001439e+05	1.956143e+01	5.853785e+03	5.764118e+03	1.084968e+04	1.078953e+04	3.021592e+02	1.799308e-04	2021	2	12	12
	164	689	-156.937524	-25.359340	1.000634e+05	2.126151e+01	5.859677e+03	5.766625e+03	1.086395e+04	1.080173e+04	3.020788e+02	1.667916e-04	2021	2	12	18
	163	688	-157.078149	-25.453090	9.994833e+04	1.923156e+01	5.852956e+03	5.746890e+03	1.084876e+04	1.079658e+04	3.022685e+02	1.092058e-04	2021	2	13	0
	165	684	-156.796899	-25.828089	9.988522e+04	2.165392e+01	5.859855e+03	5.765071e+03	1.085179e+04	1.079862e+04	3.020411e+02	1.373396e-04	2021	2	13	6
	167	679	-156.515649	-26.296838	9.981284e+04	2.456317e+01	5.840636e+03	5.742340e+03	1.083259e+04	1.077381e+04	3.013851e+02	1.912504e-04	2021	2	13	12
	167	674	-156.515649	-26.765588	9.966048e+04	2.498779e+01	5.847049e+03	5.750007e+03	1.084124e+04	1.076367e+04	3.006469e+02	1.633012e-04	2021	2	13	18
	168	670	-156.375025	-27.140587	9.963245e+04	2.250673e+01	5.834475e+03	5.736109e+03	1.085689e+04	1.075312e+04	3.008395e+02	1.753636e-04	2021	2	14	0
	173	667	-155.671900	-27.421837	9.959684e+04	2.273653e+01	5.838542e+03	5.738710e+03	1.083312e+04	1.074052e+04	3.007686e+02	1.926810e-04	2021	2	14	6
	180	657	-154.687526	-28.359336	9.946221e+04	2.464707e+01	5.824811e+03	5.686148e+03	1.084289e+04	1.071897e+04	2.998646e+02	2.250337e-04	2021	2	14	12
	185	646	-153.984402	-29.390584	9.915273e+04	2.486034e+01	5.829620e+03	5.678340e+03	1.085127e+04	1.071812e+04	2.993232e+02	2.412913e-04	2021	2	14	18
	190	632	-153.281278	-30.703082	9.904023e+04	2.665035e+01	5.820206e+03	5.669149e+03	1.083523e+04	1.072505e+04	2.991184e+02	2.032662e-04	2021	2	15	0
	192	617	-153.000028	-32.109330	9.866064e+04	2.471756e+01	5.829556e+03	5.664841e+03	1.083523e+04	1.073317e+04	2.991397e+02	1.810279e-04	2021	2	15	6
	194	606	-152.718778	-33.140579	9.886651e+04	2.558822e+01	5.816473e+03	5.670651e+03	1.080274e+04	1.073109e+04	2.989508e+02	1.071216e-04	2021	2	15	12
	198	596	-152.156279	-34.078078	9.906985e+04	2.383291e+01	5.826204e+03	5.691115e+03	1.083451e+04	1.070309e+04	2.981184e+02	1.474962e-04	2021	2	15	18
	205	586	-151.171905	-35.015576	9.910601e+04	2.510477e+01	5.822194e+03	5.682995e+03	1.080652e+04	1.067449e+04	2.976253e+02	1.442714e-04	2021	2	16	0
	214	573	-149.906281	-36.234325	9.882816e+04	2.704583e+01	5.825046e+03	5.665119e+03	1.081417e+04	1.067972e+04	2.969496e+02	1.893195e-04	2021	2	16	6
	221	558	-148.921907	-37.640573	9.855362e+04	3.023271e+01	5.808210e+03	5.626813e+03	1.078191e+04	1.067866e+04	2.961479e+02	1.549196e-04	2021	2	16	12
	227	544	-148.078158	-38.953071	9.867227e+04	2.869851e+01	5.813664e+03	5.635971e+03	1.077707e+04	1.068158e+04	2.951224e+02	1.097303e-04	2021	2	16	18
	223	538	-148.640658	-39.515570	9.881786e+04	2.504221e+01	5.801093e+03	5.643675e+03	1.076555e+04	1.069071e+04	2.948001e+02	3.564870e-05	2021	2	17	0
	216	538	-149.625032	-39.515570	9.903255e+04	2.417099e+01	5.819123e+03	5.666268e+03	1.077960e+04	1.070348e+04	2.950106e+02	2.697348e-05	2021	2	17	6
	209	539	-150.609406	-39.421820	9.932457e+04	2.063524e+01	5.816276e+03	5.669609e+03	1.077699e+04	1.069772e+04	2.950360e+02	1.707997e-05	2021	2	17	12
	206	536	-151.031280	-39.703070	9.957958e+04	2.094948e+01	5.813242e+03	5.684317e+03	1.079239e+04	1.069821e+04	2.945889e+02	2.177750e-05	2021	2	17	18
	207	526	-150.890655	-40.640569	9.970612e+04	2.149198e+01	5.816548e+03	5.690212e+03	1.080398e+04	1.069959e+04	2.934800e+02	1.552925e-05	2021	2	18	0
	211	513	-150.328156	-41.859317	9.979430e+04	2.251745e+01	5.827577e+03	5.688861e+03	1.081628e+04	1.070275e+04	2.920530e+02	3.270916e-05	2021	2	18	6
start	38	2021	2	9	18
	61	712	-171.421884	-23.203093	1.008016e+05	1.420846e+01	5.867832e+03	5.808106e+03	1.087344e+04	1.081590e+04	3.031491e+02	1.508392e-04	2021	2	9	18
	62	712	-171.281259	-23.203093	1.007887e+05	1.715623e+01	5.867301e+03	5.791359e+03	1.086614e+04	1.081657e+04	3.032797e+02	1.181457e-04	2021	2	10	0
	54	716	-172.406258	-22.828093	1.006879e+05	1.563700e+01	5.871020e+03	5.797051e+03	1.090627e+04	1.082180e+04	3.038599e+02	1.574585e-04	2021	2	10	6
	55	720	-172.265633	-22.453094	1.006994e+05	1.846881e+01	5.861468e+03	5.781930e+03	1.091356e+04	1.082526e+04	3.033054e+02	1.831905e-04	2021	2	10	12
	53	720	-172.546883	-22.453094	1.004102e+05	1.949279e+01	5.862601e+03	5.776589e+03	1.088051e+04	1.082153e+04	3.030842e+02	1.975557e-04	2021	2	10	18
	46	715	-173.531257	-22.921843	1.002977e+05	2.037124e+01	5.857662e+03	5.768083e+03	1.089094e+04	1.082449e+04	3.032429e+02	1.153949e-04	2021	2	11	0
	44	714	-173.812506	-23.015593	1.000380e+05	1.935759e+01	5.858802e+03	5.763085e+03	1.088790e+04	1.083814e+04	3.033029e+02	1.449234e-04	2021	2	11	6
	40	716	-174.375006	-22.828093	1.001224e+05	1.750575e+01	5.862600e+03	5.768832e+03	1.089037e+04	1.083808e+04	3.029833e+02	1.995046e-04	2021	2	11	12
	41	714	-174.234381	-23.015593	9.985352e+04	2.098880e+01	5.856839e+03	5.771232e+03	1.089381e+04	1.083454e+04	3.027837e+02	1.595395e-04	2021	2	11	18
	39	711	-174.515631	-23.296843	9.957800e+04	2.402044e+01	5.867965e+03	5.745133e+03	1.091310e+04	1.083508e+04	3.031404e+02	1.435801e-04	2021	2	12	0
	40	709	-174.375006	-23.484342	9.925812e+04	2.310890e+01	5.860203e+03	5.727971e+03	1.092645e+04	1.083655e+04	3.026271e+02	1.696312e-04	2021	2	12	6
	39	703	-174.515631	-24.046842	9.913222e+04	2.848259e+01	5.855439e+03	5.721920e+03	1.090972e+04	1.083247e+04	3.022929e+02	2.166460e-04	2021	2	12	12
	38	699	-174.656256	-24.421841	9.887895e+04	2.998145e+01	5.862905e+03	5.720029e+03	1.093426e+04	1.083716e+04	3.021035e+02	1.767249e-04	2021	2	12	18
	38	696	-174.656256	-24.703091	9.872038e+04	2.829588e+01	5.856404e+03	5.704494e+03	1.088579e+04	1.083499e+04	3.020630e+02	1.083422e-04	2021	2	13	0
	40	691	-174.375006	-25.171840	9.834280e+04	2.810952e+01	5.867962e+03	5.690200e+03	1.089536e+04	1.081611e+04	3.015202e+02	1.693716e-04	2021	2	13	6
	39	688	-174.515631	-25.453090	9.819209e+04	3.128942e+01	5.854611e+03	5.669376e+03	1.088729e+04	1.081367e+04	3.013471e+02	1.701208e-04	2021	2	13	12
	42	685	-174.093756	-25.734339	9.786343e+04	3.095666e+01	5.853436e+03	5.659087e+03	1.088836e+04	1.081377e+04	3.010778e+02	1.703747e-04	2021	2	13	18
	45	682	-173.671882	-26.015589	9.741373e+04	4.253673e+01	5.846792e+03	5.617854e+03	1.088080e+04	1.078264e+04	3.009507e+02	1.891533e-04	2021	2	14	0
	48	679	-173.250007	-26.296838	9.686843e+04	3.728557e+01	5.840703e+03	5.594953e+03	1.087674e+04	1.077189e+04	3.008130e+02	1.345176e-04	2021	2	14	6
	51	679	-172.828132	-26.296838	9.693545e+04	3.637429e+01	5.831993e+03	5.594709e+03	1.086797e+04	1.076866e+04	3.005590e+02	1.838818e-04	2021	2	14	12
	54	678	-172.406258	-26.390588	9.680394e+04	3.765222e+01	5.831837e+03	5.597584e+03	1.086481e+04	1.077201e+04	3.005698e+02	1.832400e-04	2021	2	14	18
	57	676	-171.984383	-26.578088	9.664998e+04	3.927843e+01	5.825376e+03	5.584715e+03	1.085949e+04	1.077983e+04	3.005438e+02	1.632619e-04	2021	2	15	0
	59	672	-171.703134	-26.953088	9.644763e+04	3.919152e+01	5.821828e+03	5.573695e+03	1.085560e+04	1.077245e+04	3.004793e+02	1.669323e-04	2021	2	15	6
	62	669	-171.281259	-27.234337	9.656601e+04	4.239575e+01	5.823628e+03	5.574349e+03	1.086089e+04	1.077062e+04	3.003828e+02	1.527188e-04	2021	2	15	12
	64	665	-171.000009	-27.609337	9.657584e+04	3.763624e+01	5.825563e+03	5.595697e+03	1.086083e+04	1.079433e+04	3.002076e+02	1.391070e-04	2021	2	15	18
	69	659	-170.296885	-28.171836	9.679497e+04	3.838877e+01	5.820639e+03	5.597186e+03	1.086231e+04	1.079619e+04	3.000708e+02	1.621512e-04	2021	2	16	0
	74	651	-169.593761	-28.921835	9.664614e+04	4.211853e+01	5.843175e+03	5.584656e+03	1.086027e+04	1.077824e+04	3.002033e+02	1.454980e-04	2021	2	16	6
	76	642	-169.312511	-29.765584	9.667122e+04	4.048673e+01	5.816698e+03	5.592003e+03	1.085979e+04	1.078403e+04	3.000186e+02	1.269828e-04	2021	2	16	12
	80	633	-168.750012	-30.609332	9.686312e+04	3.844304e+01	5.822532e+03	5.603051e+03	1.087260e+04	1.079026e+04	2.997961e+02	1.456732e-04	2021	2	16	18
	84	620	-168.187512	-31.828081	9.709005e+04	3.722826e+01	5.818785e+03	5.607962e+03	1.085602e+04	1.079189e+04	2.996125e+02	1.132283e-04	2021	2	17	0
	89	602	-167.484388	-33.515578	9.704439e+04	3.562380e+01	5.812713e+03	5.604291e+03	1.085191e+04	1.076132e+04	2.990641e+02	1.452241e-04	2021	2	17	6
	95	588	-166.640639	-34.828077	9.737698e+04	3.245692e+01	5.805376e+03	5.604761e+03	1.084171e+04	1.072692e+04	2.982538e+02	1.353311e-04	2021	2	17	12
	104	567	-165.375015	-36.796824	9.743911e+04	3.271653e+01	5.806496e+03	5.612357e+03	1.085793e+04	1.067020e+04	2.974776e+02	1.885201e-04	2021	2	17	18
	116	546	-163.687517	-38.765571	9.758066e+04	3.137296e+01	5.794437e+03	5.609693e+03	1.085199e+04	1.064641e+04	2.961992e+02	1.850556e-04	2021	2	18	0
	127	523	-162.140644	-40.921818	9.767855e+04	3.010698e+01	5.792065e+03	5.567408e+03	1.083959e+04	1.058769e+04	2.934217e+02	1.334638e-04	2021	2	18	6
	144	500	-159.750021	-43.078065	9.810816e+04	2.745179e+01	5.787487e+03	5.536646e+03	1.083166e+04	1.052389e+04	2.910939e+02	6.324393e-05	2021	2	18	12
	158	473	-157.781273	-45.609312	9.796650e+04	2.507505e+01	5.760216e+03	5.466658e+03	1.080848e+04	1.040059e+04	2.880118e+02	1.046659e-04	2021	2	18	18
	179	446	-154.828151	-48.140558	9.780266e+04	2.292865e+01	5.725607e+03	5.402985e+03	1.077550e+04	1.029315e+04	2.859072e+02	1.189720e-04	2021	2	19	0
start	22	2021	2	16	0
	2381	704	154.827776	-23.953092	1.007550e+05	2.001639e+01	5.889946e+03	5.799279e+03	1.094980e+04	1.082984e+04	3.030895e+02	1.766878e-04	2021	2	16	0
	2381	710	154.827776	-23.390592	1.005732e+05	2.036351e+01	5.856146e+03	5.802598e+03	1.094381e+04	1.084723e+04	3.034063e+02	2.142742e-04	2021	2	16	6
	2386	718	155.530900	-22.640594	1.007289e+05	1.984882e+01	5.874708e+03	5.822660e+03	1.095759e+04	1.087492e+04	3.032264e+02	1.871028e-04	2021	2	16	12
	2391	727	156.234025	-21.796845	1.005213e+05	1.813292e+01	5.862624e+03	5.810389e+03	1.097240e+04	1.087726e+04	3.033413e+02	2.046510e-04	2021	2	16	18
	2386	730	155.530900	-21.515595	1.006373e+05	1.780059e+01	5.883742e+03	5.817516e+03	1.095783e+04	1.089104e+04	3.032588e+02	1.658626e-04	2021	2	17	0
	2392	734	156.374649	-21.140596	1.002888e+05	1.885982e+01	5.856823e+03	5.813156e+03	1.096594e+04	1.087873e+04	3.037267e+02	2.125977e-04	2021	2	17	6
	2396	733	156.937149	-21.234345	1.003507e+05	2.007204e+01	5.868763e+03	5.818382e+03	1.097486e+04	1.088898e+04	3.032610e+02	1.914396e-04	2021	2	17	12
	2397	730	157.077774	-21.515595	9.998739e+04	1.752434e+01	5.841906e+03	5.793867e+03	1.096764e+04	1.086466e+04	3.031114e+02	1.806000e-04	2021	2	17	18
	2397	727	157.077774	-21.796845	1.000911e+05	1.831549e+01	5.854108e+03	5.807033e+03	1.095348e+04	1.086017e+04	3.030898e+02	1.718502e-04	2021	2	18	0
	2402	720	157.780898	-22.453094	9.974627e+04	1.954483e+01	5.838184e+03	5.780946e+03	1.094675e+04	1.082686e+04	3.033373e+02	2.947998e-04	2021	2	18	6
	2402	720	157.780898	-22.453094	9.983685e+04	2.064953e+01	5.856281e+03	5.770583e+03	1.097612e+04	1.083938e+04	3.028492e+02	2.145349e-04	2021	2	18	12
	2414	712	159.468396	-23.203093	9.969074e+04	2.071037e+01	5.844573e+03	5.760977e+03	1.093593e+04	1.080240e+04	3.028968e+02	2.044912e-04	2021	2	18	18
	2412	704	159.187147	-23.953092	9.970066e+04	2.015655e+01	5.846876e+03	5.746615e+03	1.095344e+04	1.079711e+04	3.024769e+02	2.789589e-04	2021	2	19	0
	2421	695	160.452770	-24.796841	9.946384e+04	2.268100e+01	5.829285e+03	5.732520e+03	1.092594e+04	1.079908e+04	3.026534e+02	5.160488e-04	2021	2	19	6
	2431	683	161.859019	-25.921839	9.953250e+04	2.460640e+01	5.853953e+03	5.703855e+03	1.095332e+04	1.080674e+04	3.020452e+02	5.202758e-04	2021	2	19	12
	2448	667	164.249641	-27.421837	9.944159e+04	2.684778e+01	5.838396e+03	5.706175e+03	1.094090e+04	1.078042e+04	3.017177e+02	4.019724e-04	2021	2	19	18
	2452	649	164.812141	-29.109335	9.916033e+04	2.880083e+01	5.840236e+03	5.736521e+03	1.094443e+04	1.077032e+04	3.010774e+02	5.037523e-04	2021	2	20	0
	2451	645	164.671516	-29.484334	9.874433e+04	3.040607e+01	5.827200e+03	5.719847e+03	1.093911e+04	1.078390e+04	3.010068e+02	4.599223e-04	2021	2	20	6
	2459	644	165.796515	-29.578084	9.905760e+04	2.480258e+01	5.842123e+03	5.725952e+03	1.092582e+04	1.081838e+04	3.001477e+02	3.272174e-04	2021	2	20	12
	2470	628	167.343388	-31.078082	9.889191e+04	2.362849e+01	5.833298e+03	5.710727e+03	1.091691e+04	1.078619e+04	2.994810e+02	2.105013e-04	2021	2	20	18
	2473	616	167.765263	-32.203080	9.901971e+04	2.647430e+01	5.825028e+03	5.719994e+03	1.092985e+04	1.076871e+04	2.991216e+02	1.801504e-04	2021	2	21	0
	2473	608	167.765263	-32.953079	9.894124e+04	2.503527e+01	5.813786e+03	5.725802e+03	1.090096e+04	1.073241e+04	2.989625e+02	5.377867e-05	2021	2	21	6
start	59	2021	2	17	0
	1104	790	-24.750162	-15.890603	1.007816e+05	1.603221e+01	5.867486e+03	5.816690e+03	1.091784e+04	1.086879e+04	3.033843e+02	2.442461e-04	2021	2	17	0
	1107	787	-24.328287	-16.171853	1.005844e+05	1.423233e+01	5.848532e+03	5.800709e+03	1.091026e+04	1.085814e+04	3.029383e+02	2.197961e-04	2021	2	17	6
	1101	779	-25.172036	-16.921851	1.007129e+05	1.335334e+01	5.868580e+03	5.816068e+03	1.091864e+04	1.088138e+04	3.028720e+02	1.455437e-04	2021	2	17	12
	1096	777	-25.875161	-17.109351	1.005414e+05	1.210790e+01	5.867795e+03	5.801504e+03	1.092403e+04	1.087008e+04	3.037784e+02	2.187546e-04	2021	2	17	18
	1098	780	-25.593911	-16.828102	1.004635e+05	1.642203e+01	5.870748e+03	5.814353e+03	1.094774e+04	1.088359e+04	3.030902e+02	2.804960e-04	2021	2	18	0
	1099	781	-25.453286	-16.734352	1.002977e+05	1.465152e+01	5.862841e+03	5.797637e+03	1.094935e+04	1.084770e+04	3.027790e+02	2.404702e-04	2021	2	18	6
	1093	779	-26.297035	-16.921851	1.003341e+05	1.702005e+01	5.866966e+03	5.811810e+03	1.092801e+04	1.087664e+04	3.027959e+02	1.292318e-04	2021	2	18	12
	1090	776	-26.718910	-17.203101	9.990944e+04	1.993567e+01	5.852209e+03	5.781062e+03	1.094760e+04	1.086065e+04	3.030985e+02	1.812579e-04	2021	2	18	18
	1087	777	-27.140784	-17.109351	9.981598e+04	2.108286e+01	5.872841e+03	5.782250e+03	1.093745e+04	1.087149e+04	3.030187e+02	2.236576e-04	2021	2	19	0
	1083	782	-27.703284	-16.640602	9.952124e+04	1.992242e+01	5.857436e+03	5.746162e+03	1.090567e+04	1.084694e+04	3.031110e+02	2.111215e-04	2021	2	19	6
	1082	782	-27.843909	-16.640602	9.931187e+04	2.352339e+01	5.853745e+03	5.739706e+03	1.090280e+04	1.084474e+04	3.029570e+02	1.976996e-04	2021	2	19	12
	1076	781	-28.687658	-16.734352	9.861647e+04	2.678313e+01	5.836803e+03	5.681936e+03	1.090598e+04	1.082153e+04	3.033543e+02	1.968048e-04	2021	2	19	18
	1075	784	-28.828283	-16.453102	9.845366e+04	2.743534e+01	5.845837e+03	5.695157e+03	1.092108e+04	1.082234e+04	3.030712e+02	2.679820e-04	2021	2	20	0
	1070	786	-29.531407	-16.265602	9.784294e+04	3.079709e+01	5.820678e+03	5.641996e+03	1.091216e+04	1.078310e+04	3.028537e+02	2.526720e-04	2021	2	20	6
	1066	791	-30.093906	-15.796853	9.735723e+04	3.542987e+01	5.831083e+03	5.623317e+03	1.090200e+04	1.077668e+04	3.027927e+02	2.604340e-04	2021	2	20	12
	1065	791	-30.234531	-15.796853	9.661652e+04	3.812183e+01	5.814617e+03	5.535046e+03	1.088210e+04	1.071818e+04	3.027581e+02	3.389860e-04	2021	2	20	18
	1059	790	-31.078280	-15.890603	9.625489e+04	3.865115e+01	5.821038e+03	5.540670e+03	1.092638e+04	1.074641e+04	3.027528e+02	2.979796e-04	2021	2	21	0
	1055	790	-31.640780	-15.890603	9.601976e+04	3.987790e+01	5.804223e+03	5.515774e+03	1.090256e+04	1.073906e+04	3.027212e+02	3.569798e-04	2021	2	21	6
	1047	785	-32.765778	-16.359352	9.604252e+04	3.774092e+01	5.830103e+03	5.527530e+03	1.090849e+04	1.074426e+04	3.026281e+02	4.141292e-04	2021	2	21	12
	1040	785	-33.750152	-16.359352	9.546871e+04	4.507447e+01	5.806728e+03	5.480400e+03	1.089150e+04	1.070276e+04	3.027709e+02	4.207912e-04	2021	2	21	18
	1034	782	-34.593902	-16.640602	9.538152e+04	3.832761e+01	5.849561e+03	5.479501e+03	1.089949e+04	1.071081e+04	3.025692e+02	3.900747e-04	2021	2	22	0
	1027	780	-35.578275	-16.828102	9.488104e+04	4.153588e+01	5.808875e+03	5.444188e+03	1.087231e+04	1.068877e+04	3.022705e+02	4.438676e-04	2021	2	22	6
	1021	778	-36.422025	-17.015601	9.483220e+04	5.537054e+01	5.838273e+03	5.469090e+03	1.093394e+04	1.071445e+04	3.017802e+02	4.718972e-04	2021	2	22	12
	1016	774	-37.125149	-17.390601	9.467040e+04	5.072079e+01	5.827208e+03	5.443480e+03	1.088613e+04	1.071304e+04	3.017771e+02	3.232772e-04	2021	2	22	18
	1010	773	-37.968898	-17.484351	9.489132e+04	4.511260e+01	5.844863e+03	5.461914e+03	1.091201e+04	1.073071e+04	3.016630e+02	3.191253e-04	2021	2	23	0
	1005	776	-38.672022	-17.203101	9.501384e+04	4.419901e+01	5.826365e+03	5.457955e+03	1.090434e+04	1.071761e+04	3.017320e+02	3.485377e-04	2021	2	23	6
	999	780	-39.515771	-16.828102	9.625564e+04	4.200890e+01	5.837141e+03	5.538183e+03	1.089627e+04	1.075670e+04	3.017919e+02	3.595281e-04	2021	2	23	12
	997	783	-39.797021	-16.546852	9.736610e+04	2.967588e+01	5.820115e+03	5.575794e+03	1.088783e+04	1.076797e+04	3.017907e+02	3.540699e-04	2021	2	23	18
	996	784	-39.937646	-16.453102	9.835919e+04	2.521431e+01	5.828800e+03	5.647686e+03	1.090970e+04	1.078727e+04	3.017761e+02	3.680501e-04	2021	2	24	0
	995	787	-40.078271	-16.171853	9.889913e+04	2.463689e+01	5.796897e+03	5.665619e+03	1.086210e+04	1.078786e+04	3.017843e+02	3.592517e-04	2021	2	24	6
	997	781	-39.797021	-16.734352	9.929793e+04	2.308681e+01	5.811719e+03	5.700964e+03	1.086165e+04	1.082076e+04	3.014533e+02	2.976872e-04	2021	2	24	12
	1002	777	-39.093897	-17.109351	9.924970e+04	2.400229e+01	5.797345e+03	5.696112e+03	1.085150e+04	1.079174e+04	3.007408e+02	2.819430e-04	2021	2	24	18
	1007	772	-38.390773	-17.578101	9.926146e+04	2.428896e+01	5.813094e+03	5.711166e+03	1.086406e+04	1.078467e+04	3.006628e+02	3.981074e-04	2021	2	25	0
	1013	764	-37.547023	-18.328100	9.904210e+04	2.699306e+01	5.789799e+03	5.685095e+03	1.085412e+04	1.075455e+04	3.012636e+02	4.296039e-04	2021	2	25	6
	1021	746	-36.422025	-20.015597	9.889446e+04	2.794654e+01	5.802595e+03	5.681078e+03	1.085984e+04	1.074006e+04	3.014084e+02	5.044307e-04	2021	2	25	12
	1034	732	-34.593902	-21.328095	9.861550e+04	2.874233e+01	5.806557e+03	5.659219e+03	1.085747e+04	1.073510e+04	3.016269e+02	5.011862e-04	2021	2	25	18
	1043	709	-33.328278	-23.484342	9.838498e+04	3.052312e+01	5.831368e+03	5.666468e+03	1.089670e+04	1.074927e+04	3.015442e+02	4.768208e-04	2021	2	26	0
	1049	684	-32.484529	-25.828089	9.821633e+04	2.885471e+01	5.814343e+03	5.644905e+03	1.086304e+04	1.072191e+04	3.007688e+02	4.450007e-04	2021	2	26	6
	1052	662	-32.062654	-27.890586	9.825340e+04	2.941354e+01	5.823755e+03	5.665688e+03	1.088183e+04	1.071955e+04	3.001516e+02	4.359044e-04	2021	2	26	12
	1054	634	-31.781404	-30.515583	9.773164e+04	3.058562e+01	5.793215e+03	5.604764e+03	1.086873e+04	1.070378e+04	2.996276e+02	4.938769e-04	2021	2	26	18
	1057	620	-31.359530	-31.828081	9.734745e+04	4.189908e+01	5.793907e+03	5.573222e+03	1.087094e+04	1.069752e+04	2.979060e+02	5.280954e-04	2021	2	27	0
	1062	607	-30.656406	-33.046829	9.666926e+04	4.093707e+01	5.766843e+03	5.512492e+03	1.083866e+04	1.064655e+04	2.969164e+02	3.409953e-04	2021	2	27	6
	1074	595	-28.968907	-34.171828	9.697236e+04	3.291437e+01	5.787069e+03	5.519577e+03	1.084569e+04	1.062945e+04	2.966830e+02	2.273947e-04	2021	2	27	12
	1085	578	-27.422034	-35.765575	9.696414e+04	3.275606e+01	5.776946e+03	5.524890e+03	1.083860e+04	1.060227e+04	2.956723e+02	1.165662e-04	2021	2	27	18
	1102	566	-25.031411	-36.890574	9.733677e+04	3.010883e+01	5.785441e+03	5.530604e+03	1.083432e+04	1.057879e+04	2.956479e+02	1.121327e-04	2021	2	28	0
	1119	551	-22.640789	-38.296822	9.738457e+04	2.882854e+01	5.764144e+03	5.520020e+03	1.082027e+04	1.052839e+04	2.940066e+02	1.269781e-04	2021	2	28	6
	1141	534	-19.547042	-39.890570	9.760950e+04	2.916327e+01	5.771500e+03	5.532780e+03	1.082216e+04	1.051959e+04	2.930527e+02	1.008684e-04	2021	2	28	12
	1164	510	-16.312671	-42.140566	9.761766e+04	2.716101e+01	5.749673e+03	5.517489e+03	1.078749e+04	1.050370e+04	2.914207e+02	1.688591e-04	2021	2	28	18
	1180	491	-14.062673	-43.921814	9.761474e+04	2.590821e+01	5.736696e+03	5.501062e+03	1.074143e+04	1.048566e+04	2.890143e+02	1.920928e-04	2021	3	1	0
	1197	473	-11.672050	-45.609312	9.744687e+04	2.701335e+01	5.700416e+03	5.455041e+03	1.067215e+04	1.041535e+04	2.869300e+02	1.894148e-04	2021	3	1	6
	1206	462	-10.406427	-46.640560	9.725670e+04	2.902476e+01	5.662394e+03	5.425128e+03	1.060948e+04	1.035971e+04	2.864015e+02	1.078690e-04	2021	3	1	12
	1222	454	-8.156429	-47.390559	9.694541e+04	2.739398e+01	5.605165e+03	5.376662e+03	1.055431e+04	1.028450e+04	2.848838e+02	8.898094e-05	2021	3	1	18
	1242	452	-5.343932	-47.578059	9.695170e+04	2.480818e+01	5.611762e+03	5.361470e+03	1.055666e+04	1.022206e+04	2.846342e+02	7.544027e-05	2021	3	2	0
	1278	451	-0.281437	-47.671809	9.730309e+04	2.696386e+01	5.618936e+03	5.326637e+03	1.056579e+04	1.017346e+04	2.842024e+02	8.153180e-05	2021	3	2	6
	1325	431	6.327931	-49.546806	9.732359e+04	2.360439e+01	5.553264e+03	5.289868e+03	1.045638e+04	1.009655e+04	2.814851e+02	1.062344e-04	2021	3	2	12
	1368	413	12.374800	-51.234304	9.691920e+04	2.064406e+01	5.477159e+03	5.237433e+03	1.036023e+04	1.002234e+04	2.795786e+02	1.071034e-04	2021	3	2	18
	1407	408	17.859169	-51.703053	9.671265e+04	2.144944e+01	5.473098e+03	5.212795e+03	1.033410e+04	9.986591e+03	2.791944e+02	8.477218e-05	2021	3	3	0
	1443	394	22.921664	-53.015551	9.666970e+04	1.830681e+01	5.433019e+03	5.172239e+03	1.028289e+04	9.903987e+03	2.780898e+02	7.156745e-05	2021	3	3	6
	1477	379	27.702909	-54.421799	9.671798e+04	1.544501e+01	5.398568e+03	5.154218e+03	1.024511e+04	9.866002e+03	2.772135e+02	5.197967e-05	2021	3	3	12
start	21	2021	2	22	18
	1723	743	62.296623	-20.296847	9.976830e+04	1.606700e+01	5.861264e+03	5.807143e+03	1.093367e+04	1.086314e+04	3.006619e+02	6.188794e-05	2021	2	22	18
	1718	740	61.593498	-20.578096	9.972705e+04	1.725050e+01	5.844328e+03	5.767543e+03	1.094361e+04	1.084608e+04	3.005846e+02	1.179836e-04	2021	2	23	0
	1711	741	60.609124	-20.484347	9.986517e+04	1.964701e+01	5.862830e+03	5.806346e+03	1.093335e+04	1.086938e+04	3.006646e+02	9.429127e-05	2021	2	23	6
	1708	743	60.187250	-20.296847	9.970180e+04	1.648536e+01	5.849704e+03	5.775118e+03	1.092639e+04	1.085560e+04	3.011689e+02	1.005074e-04	2021	2	23	12
	1703	742	59.484125	-20.390597	9.989852e+04	1.778973e+01	5.862391e+03	5.782487e+03	1.092449e+04	1.085940e+04	3.008805e+02	1.104694e-04	2021	2	23	18
	1691	751	57.796627	-19.546848	9.977420e+04	1.935264e+01	5.841491e+03	5.763162e+03	1.092312e+04	1.083013e+04	3.012047e+02	1.356821e-04	2021	2	24	0
	1685	754	56.952878	-19.265598	9.986786e+04	1.712313e+01	5.849367e+03	5.787206e+03	1.093929e+04	1.084604e+04	3.011400e+02	1.253204e-04	2021	2	24	6
	1672	760	55.124755	-18.703099	9.960777e+04	2.157822e+01	5.833771e+03	5.738051e+03	1.090461e+04	1.082450e+04	3.013140e+02	1.843966e-04	2021	2	24	12
	1674	767	55.406005	-18.046850	9.972419e+04	1.920411e+01	5.844561e+03	5.757573e+03	1.091801e+04	1.083070e+04	3.012325e+02	1.351049e-04	2021	2	24	18
	1672	772	55.124755	-17.578101	9.921162e+04	2.191286e+01	5.815482e+03	5.741582e+03	1.089092e+04	1.081877e+04	3.011312e+02	2.752455e-04	2021	2	25	0
	1664	770	53.999756	-17.765600	9.962233e+04	2.131212e+01	5.838894e+03	5.778937e+03	1.090063e+04	1.084088e+04	3.011239e+02	2.009126e-04	2021	2	25	6
	1666	774	54.281006	-17.390601	9.947479e+04	2.196466e+01	5.831644e+03	5.752629e+03	1.090404e+04	1.083104e+04	3.012140e+02	1.907641e-04	2021	2	25	12
	1665	777	54.140381	-17.109351	9.976409e+04	1.946247e+01	5.836290e+03	5.780653e+03	1.090972e+04	1.084670e+04	3.011100e+02	2.195733e-04	2021	2	25	18
	1664	782	53.999756	-16.640602	9.959458e+04	1.878737e+01	5.834295e+03	5.754360e+03	1.093892e+04	1.082914e+04	3.009281e+02	3.100365e-04	2021	2	26	0
	1665	782	54.140381	-16.640602	9.971355e+04	2.549765e+01	5.846397e+03	5.790011e+03	1.093812e+04	1.085954e+04	3.008188e+02	2.490317e-04	2021	2	26	6
	1669	779	54.702880	-16.921851	9.956008e+04	2.220169e+01	5.832439e+03	5.768067e+03	1.089949e+04	1.084601e+04	3.011349e+02	2.261521e-04	2021	2	26	12
	1667	775	54.421631	-17.296851	9.977752e+04	2.091588e+01	5.854624e+03	5.781215e+03	1.096548e+04	1.086194e+04	3.009108e+02	2.559019e-04	2021	2	26	18
	1660	776	53.437257	-17.203101	9.968791e+04	2.017848e+01	5.847079e+03	5.749474e+03	1.091060e+04	1.084377e+04	3.009037e+02	2.569421e-04	2021	2	27	0
	1656	776	52.874757	-17.203101	9.976677e+04	2.193970e+01	5.865745e+03	5.808464e+03	1.094325e+04	1.086677e+04	3.008658e+02	2.212452e-04	2021	2	27	6
	1652	774	52.312258	-17.390601	9.970356e+04	1.931858e+01	5.857503e+03	5.778520e+03	1.093284e+04	1.085773e+04	3.010593e+02	2.535439e-04	2021	2	27	12
	1646	778	51.468509	-17.015601	9.992457e+04	2.027297e+01	5.870604e+03	5.788531e+03	1.094504e+04	1.086981e+04	3.013123e+02	3.478573e-04	2021	2	27	18
start	27	2021	2	28	6
	1146	775	-18.843918	-17.296851	1.003095e+05	1.765331e+01	5.874129e+03	5.797102e+03	1.094855e+04	1.084283e+04	3.013183e+02	3.380090e-04	2021	2	28	6
	1143	776	-19.265792	-17.203101	1.005354e+05	1.851012e+01	5.887260e+03	5.826386e+03	1.093682e+04	1.086508e+04	3.012293e+02	1.121278e-04	2021	2	28	12
	1141	776	-19.547042	-17.203101	1.003618e+05	1.709064e+01	5.876224e+03	5.816538e+03	1.097622e+04	1.085276e+04	3.013810e+02	8.422793e-05	2021	2	28	18
	1141	776	-19.547042	-17.203101	1.004955e+05	1.658351e+01	5.880616e+03	5.816508e+03	1.094266e+04	1.085688e+04	3.012698e+02	1.586783e-04	2021	3	1	0
	1139	776	-19.828292	-17.203101	1.002448e+05	1.792991e+01	5.857183e+03	5.786150e+03	1.095606e+04	1.083020e+04	3.010484e+02	2.478885e-04	2021	3	1	6
	1132	777	-20.812666	-17.109351	1.003236e+05	1.731454e+01	5.865323e+03	5.813221e+03	1.090063e+04	1.085132e+04	3.012392e+02	1.348052e-04	2021	3	1	12
	1126	778	-21.656415	-17.015601	1.001401e+05	1.507983e+01	5.845093e+03	5.783555e+03	1.090234e+04	1.083950e+04	3.016946e+02	7.574088e-05	2021	3	1	18
	1125	773	-21.797040	-17.484351	1.002871e+05	1.631930e+01	5.846594e+03	5.786080e+03	1.092076e+04	1.084402e+04	3.015760e+02	2.409797e-04	2021	3	2	0
	1111	770	-23.765788	-17.765600	9.990305e+04	1.872202e+01	5.835229e+03	5.758741e+03	1.089477e+04	1.080099e+04	3.015529e+02	3.194119e-04	2021	3	2	6
	1111	772	-23.765788	-17.578101	9.967802e+04	2.197821e+01	5.834785e+03	5.737327e+03	1.088186e+04	1.081861e+04	3.014275e+02	1.383307e-04	2021	3	2	12
	1109	763	-24.047038	-18.421849	9.950015e+04	2.108470e+01	5.830234e+03	5.733262e+03	1.087661e+04	1.082615e+04	3.015464e+02	1.357165e-04	2021	3	2	18
	1106	758	-24.468912	-18.890599	9.950308e+04	1.989147e+01	5.847106e+03	5.750557e+03	1.091460e+04	1.083919e+04	3.014038e+02	2.677472e-04	2021	3	3	0
	1107	756	-24.328287	-19.078098	9.923122e+04	1.891786e+01	5.831371e+03	5.736103e+03	1.088290e+04	1.082149e+04	3.012351e+02	2.251628e-04	2021	3	3	6
	1111	746	-23.765788	-20.015597	9.941291e+04	2.417994e+01	5.854645e+03	5.721291e+03	1.091231e+04	1.083427e+04	3.011623e+02	1.270736e-04	2021	3	3	12
	1111	737	-23.765788	-20.859346	9.909416e+04	2.555479e+01	5.852685e+03	5.735001e+03	1.089976e+04	1.081672e+04	3.013811e+02	1.584204e-04	2021	3	3	18
	1116	728	-23.062664	-21.703095	9.933938e+04	2.917800e+01	5.870407e+03	5.749111e+03	1.091757e+04	1.083287e+04	3.008860e+02	2.449489e-04	2021	3	4	0
	1120	724	-22.500164	-22.078094	9.919545e+04	2.555828e+01	5.856678e+03	5.716259e+03	1.093299e+04	1.080698e+04	3.007289e+02	2.078525e-04	2021	3	4	6
	1124	718	-21.937665	-22.640594	9.949045e+04	2.265213e+01	5.864748e+03	5.769414e+03	1.089813e+04	1.081330e+04	3.005557e+02	1.802207e-04	2021	3	4	12
	1131	708	-20.953291	-23.578092	9.933017e+04	3.143848e+01	5.851477e+03	5.739188e+03	1.089110e+04	1.079010e+04	3.005436e+02	2.162652e-04	2021	3	4	18
	1139	700	-19.828292	-24.328091	9.926456e+04	3.280042e+01	5.858618e+03	5.738448e+03	1.088866e+04	1.077249e+04	3.003459e+02	2.313220e-04	2021	3	5	0
	1141	703	-19.547042	-24.046842	9.930802e+04	2.813647e+01	5.833342e+03	5.728693e+03	1.086461e+04	1.074745e+04	3.001178e+02	2.233227e-04	2021	3	5	6
	1144	702	-19.125168	-24.140591	9.942286e+04	3.196623e+01	5.841891e+03	5.741310e+03	1.091917e+04	1.074062e+04	2.999937e+02	2.293074e-04	2021	3	5	12
	1150	704	-18.281419	-23.953092	9.934509e+04	3.540987e+01	5.827933e+03	5.712572e+03	1.085031e+04	1.073498e+04	3.001456e+02	2.918398e-04	2021	3	5	18
	1157	701	-17.297045	-24.234341	9.901767e+04	3.854073e+01	5.830727e+03	5.678779e+03	1.085960e+04	1.072982e+04	2.999275e+02	2.915774e-04	2021	3	6	0
	1162	699	-16.593920	-24.421841	9.846670e+04	3.149764e+01	5.811203e+03	5.688526e+03	1.083329e+04	1.068368e+04	2.997958e+02	1.846750e-04	2021	3	6	6
	1162	694	-16.593920	-24.890590	9.869029e+04	3.210695e+01	5.826679e+03	5.725720e+03	1.085319e+04	1.068896e+04	2.997264e+02	2.325173e-04	2021	3	6	12
	1160	691	-16.875170	-25.171840	9.872690e+04	3.535716e+01	5.816805e+03	5.729838e+03	1.084328e+04	1.070310e+04	2.998834e+02	3.037878e-04	2021	3	6	18
start	53	2021	2	28	18
	1790	812	71.718488	-13.828106	1.001619e+05	1.711232e+01	5.822049e+03	5.764031e+03	1.088288e+04	1.082560e+04	3.015166e+02	2.674874e-04	2021	2	28	18
	1787	826	71.296613	-12.515608	9.981926e+04	1.613724e+01	5.801317e+03	5.741852e+03	1.086023e+04	1.079814e+04	3.013986e+02	4.028686e-04	2021	3	1	0
	1780	816	70.312239	-13.453106	9.991555e+04	1.945472e+01	5.815365e+03	5.750105e+03	1.088803e+04	1.083643e+04	3.013985e+02	2.822113e-04	2021	3	1	6
	1784	816	70.874739	-13.453106	9.970663e+04	1.759775e+01	5.808232e+03	5.740350e+03	1.090682e+04	1.081766e+04	3.021169e+02	2.887372e-04	2021	3	1	12
	1776	809	69.749740	-14.109355	9.985473e+04	2.068320e+01	5.825557e+03	5.761443e+03	1.089080e+04	1.084057e+04	3.018196e+02	2.683710e-04	2021	3	1	18
	1784	808	70.874739	-14.203105	9.952727e+04	2.127485e+01	5.810872e+03	5.736030e+03	1.088921e+04	1.082262e+04	3.013991e+02	3.824494e-04	2021	3	2	0
	1776	803	69.749740	-14.671855	9.974041e+04	2.240452e+01	5.835130e+03	5.752961e+03	1.088552e+04	1.083851e+04	3.012921e+02	1.982342e-04	2021	3	2	6
	1773	806	69.327865	-14.390605	9.938589e+04	2.208693e+01	5.820352e+03	5.728325e+03	1.090564e+04	1.084197e+04	3.015012e+02	2.501950e-04	2021	3	2	12
	1773	802	69.327865	-14.765604	9.957742e+04	2.492232e+01	5.837433e+03	5.746544e+03	1.089602e+04	1.084389e+04	3.010929e+02	3.291934e-04	2021	3	2	18
	1768	800	68.624741	-14.953104	9.895254e+04	2.617989e+01	5.823822e+03	5.701426e+03	1.089377e+04	1.081541e+04	3.007251e+02	3.951137e-04	2021	3	3	0
	1765	802	68.202866	-14.765604	9.896807e+04	2.562340e+01	5.827935e+03	5.687334e+03	1.091165e+04	1.080429e+04	3.006910e+02	3.178756e-04	2021	3	3	6
	1761	803	67.640367	-14.671855	9.844668e+04	3.004347e+01	5.810733e+03	5.656442e+03	1.088703e+04	1.079001e+04	3.006879e+02	2.346823e-04	2021	3	3	12
	1759	804	67.359117	-14.578105	9.814424e+04	3.490125e+01	5.825199e+03	5.632654e+03	1.087787e+04	1.077502e+04	3.006678e+02	3.347406e-04	2021	3	3	18
	1755	800	66.796618	-14.953104	9.756749e+04	3.360480e+01	5.803106e+03	5.576997e+03	1.086487e+04	1.073783e+04	3.006172e+02	5.468476e-04	2021	3	4	0
	1751	797	66.234118	-15.234354	9.746052e+04	3.333377e+01	5.814036e+03	5.587504e+03	1.087519e+04	1.075422e+04	3.003281e+02	3.771400e-04	2021	3	4	6
	1746	794	65.530994	-15.515603	9.660345e+04	4.043798e+01	5.797963e+03	5.540468e+03	1.084378e+04	1.073408e+04	3.002111e+02	3.148934e-04	2021	3	4	12
	1744	793	65.249744	-15.609353	9.631876e+04	3.760265e+01	5.811477e+03	5.543843e+03	1.089531e+04	1.073823e+04	2.998875e+02	3.462988e-04	2021	3	4	18
	1742	789	64.968495	-15.984353	9.598902e+04	3.690829e+01	5.792298e+03	5.514680e+03	1.085954e+04	1.071294e+04	2.997428e+02	4.680548e-04	2021	3	5	0
	1741	785	64.827870	-16.359352	9.599930e+04	3.852380e+01	5.804818e+03	5.528117e+03	1.087257e+04	1.073173e+04	2.996389e+02	3.407508e-04	2021	3	5	6
	1738	779	64.405995	-16.921851	9.598430e+04	3.964034e+01	5.792793e+03	5.522073e+03	1.085454e+04	1.073575e+04	2.996389e+02	3.127765e-04	2021	3	5	12
	1734	773	63.843496	-17.484351	9.627813e+04	4.168180e+01	5.811684e+03	5.541688e+03	1.085801e+04	1.074716e+04	2.995630e+02	3.306792e-04	2021	3	5	18
	1729	771	63.140372	-17.671850	9.604389e+04	4.030618e+01	5.794163e+03	5.521375e+03	1.084511e+04	1.071870e+04	2.994919e+02	3.402686e-04	2021	3	6	0
	1723	767	62.296623	-18.046850	9.644450e+04	3.789945e+01	5.814651e+03	5.550039e+03	1.086072e+04	1.074825e+04	2.999858e+02	3.017647e-04	2021	3	6	6
	1715	765	61.171624	-18.234350	9.622151e+04	4.011718e+01	5.805295e+03	5.530842e+03	1.086411e+04	1.073293e+04	3.000130e+02	3.372705e-04	2021	3	6	12
	1707	762	60.046625	-18.515599	9.622452e+04	3.938057e+01	5.817401e+03	5.546120e+03	1.087603e+04	1.074698e+04	3.001497e+02	3.476627e-04	2021	3	6	18
	1697	757	58.640376	-18.984349	9.617299e+04	3.873963e+01	5.805533e+03	5.533591e+03	1.084795e+04	1.073516e+04	3.002765e+02	4.230011e-04	2021	3	7	0
	1687	752	57.234128	-19.453098	9.649804e+04	3.871431e+01	5.830678e+03	5.570895e+03	1.088390e+04	1.077280e+04	3.003531e+02	4.223614e-04	2021	3	7	6
	1674	746	55.406005	-20.015597	9.626266e+04	4.345153e+01	5.819605e+03	5.557417e+03	1.087062e+04	1.076340e+04	3.005631e+02	3.557779e-04	2021	3	7	12
	1663	738	53.859131	-20.765596	9.669367e+04	4.029594e+01	5.841521e+03	5.576631e+03	1.088739e+04	1.077927e+04	3.006670e+02	4.675098e-04	2021	3	7	18
	1649	735	51.890383	-21.046846	9.628877e+04	3.773640e+01	5.820298e+03	5.567117e+03	1.087220e+04	1.077507e+04	3.011166e+02	4.655228e-04	2021	3	8	0
	1638	727	50.343510	-21.796845	9.692034e+04	4.206205e+01	5.846590e+03	5.622708e+03	1.090202e+04	1.081518e+04	3.010638e+02	3.980046e-04	2021	3	8	6
	1629	722	49.077886	-22.265594	9.703963e+04	4.253690e+01	5.838804e+03	5.614564e+03	1.089360e+04	1.080825e+04	3.010714e+02	4.697602e-04	2021	3	8	12
	1619	720	47.671638	-22.453094	9.733501e+04	3.845216e+01	5.856078e+03	5.635685e+03	1.089950e+04	1.079798e+04	3.006946e+02	4.724237e-04	2021	3	8	18
	1604	709	45.562265	-23.484342	9.863379e+04	3.079276e+01	5.840024e+03	5.664322e+03	1.089159e+04	1.080561e+04	3.022680e+02	2.554728e-04	2021	3	9	0
	1591	699	43.734142	-24.421841	9.884631e+04	2.872824e+01	5.852105e+03	5.697287e+03	1.090815e+04	1.084287e+04	3.022939e+02	2.962624e-04	2021	3	9	6
	1579	699	42.046644	-24.421841	9.876211e+04	2.240419e+01	5.835108e+03	5.698335e+03	1.089421e+04	1.084143e+04	3.023629e+02	2.696912e-04	2021	3	9	12
	1581	691	42.327893	-25.171840	9.879498e+04	2.844349e+01	5.844851e+03	5.711681e+03	1.090486e+04	1.085243e+04	3.021822e+02	2.982237e-04	2021	3	9	18
	1571	677	40.921645	-26.484338	9.875116e+04	3.258130e+01	5.833156e+03	5.691691e+03	1.090102e+04	1.083422e+04	3.008837e+02	3.986564e-04	2021	3	10	0
	1564	668	39.937271	-27.328087	9.850186e+04	2.977713e+01	5.841432e+03	5.698507e+03	1.090582e+04	1.083687e+04	3.008170e+02	3.729062e-04	2021	3	10	6
	1557	656	38.952897	-28.453085	9.837902e+04	2.806681e+01	5.822220e+03	5.684702e+03	1.089373e+04	1.082798e+04	3.006858e+02	3.595422e-04	2021	3	10	12
	1558	647	39.093522	-29.296834	9.848638e+04	3.014492e+01	5.845940e+03	5.694363e+03	1.090961e+04	1.083424e+04	3.006183e+02	3.837110e-04	2021	3	10	18
	1555	633	38.671647	-30.609332	9.849117e+04	2.979943e+01	5.829604e+03	5.666387e+03	1.090097e+04	1.081155e+04	3.005538e+02	3.749372e-04	2021	3	11	0
	1559	621	39.234147	-31.734331	9.839650e+04	2.999492e+01	5.848540e+03	5.672759e+03	1.091375e+04	1.080918e+04	2.998609e+02	4.030305e-04	2021	3	11	6
	1562	602	39.656021	-33.515578	9.828959e+04	3.242354e+01	5.838107e+03	5.657844e+03	1.090226e+04	1.076960e+04	2.997130e+02	4.180617e-04	2021	3	11	12
	1571	595	40.921645	-34.171828	9.828591e+04	3.213332e+01	5.863032e+03	5.661752e+03	1.092711e+04	1.076339e+04	2.990453e+02	4.324514e-04	2021	3	11	18
	1583	583	42.609143	-35.296826	9.819612e+04	3.086570e+01	5.851470e+03	5.640017e+03	1.090565e+04	1.070953e+04	2.986960e+02	4.565037e-04	2021	3	12	0
	1599	565	44.859141	-36.984324	9.804773e+04	3.318068e+01	5.861041e+03	5.612811e+03	1.089923e+04	1.063008e+04	2.970381e+02	5.294470e-04	2021	3	12	6
	1618	541	47.531013	-39.234320	9.730991e+04	3.731534e+01	5.819683e+03	5.518929e+03	1.084288e+04	1.051218e+04	2.959479e+02	5.831065e-04	2021	3	12	12
	1646	523	51.468509	-40.921818	9.636361e+04	3.856842e+01	5.786221e+03	5.425105e+03	1.079002e+04	1.045324e+04	2.943479e+02	5.236077e-04	2021	3	12	18
	1681	505	56.390379	-42.609316	9.544368e+04	4.232141e+01	5.703914e+03	5.317001e+03	1.069713e+04	1.034114e+04	2.933122e+02	3.651998e-04	2021	3	13	0
	1722	486	62.155998	-44.390563	9.493505e+04	3.917286e+01	5.631489e+03	5.237617e+03	1.061269e+04	1.016947e+04	2.918191e+02	2.579874e-04	2021	3	13	6
	1766	468	68.343491	-46.078061	9.448178e+04	3.926877e+01	5.567343e+03	5.145331e+03	1.053737e+04	1.000719e+04	2.882732e+02	2.286267e-04	2021	3	13	12
	1817	442	75.515359	-48.515558	9.418062e+04	4.043707e+01	5.515965e+03	5.047775e+03	1.045888e+04	9.873915e+03	2.854316e+02	2.190577e-04	2021	3	13	18
start	22	2021	3	3	6
	1569	777	40.640395	-17.109351	1.007567e+05	1.305935e+01	5.857521e+03	5.817274e+03	1.089994e+04	1.085827e+04	3.025972e+02	1.795444e-04	2021	3	3	6
	1566	767	40.218521	-18.046850	1.005943e+05	1.227738e+01	5.844390e+03	5.788746e+03	1.091960e+04	1.083699e+04	3.032680e+02	2.486807e-04	2021	3	3	12
	1573	762	41.202894	-18.515599	1.005442e+05	1.224233e+01	5.854429e+03	5.801684e+03	1.092900e+04	1.085095e+04	3.030934e+02	1.998480e-04	2021	3	3	18
	1564	765	39.937271	-18.234350	1.003952e+05	1.268528e+01	5.834062e+03	5.775047e+03	1.088750e+04	1.083322e+04	3.025659e+02	2.132436e-04	2021	3	4	0
	1566	772	40.218521	-17.578101	1.003893e+05	1.178195e+01	5.838963e+03	5.787862e+03	1.090184e+04	1.083811e+04	3.024582e+02	3.037816e-04	2021	3	4	6
	1568	770	40.499770	-17.765600	1.002353e+05	1.563553e+01	5.834430e+03	5.765998e+03	1.087622e+04	1.081814e+04	3.029446e+02	2.788041e-04	2021	3	4	12
	1573	757	41.202894	-18.984349	1.000984e+05	1.740052e+01	5.838340e+03	5.770352e+03	1.089812e+04	1.083113e+04	3.028289e+02	3.268154e-04	2021	3	4	18
	1565	750	40.077896	-19.640598	9.995970e+04	1.881652e+01	5.822523e+03	5.745002e+03	1.086696e+04	1.081077e+04	3.025217e+02	3.526929e-04	2021	3	5	0
	1554	754	38.531022	-19.265598	9.988846e+04	2.105721e+01	5.831895e+03	5.756440e+03	1.089446e+04	1.082103e+04	3.023920e+02	3.508412e-04	2021	3	5	6
	1553	754	38.390397	-19.265598	9.955950e+04	1.955471e+01	5.816406e+03	5.721782e+03	1.088652e+04	1.080936e+04	3.023376e+02	3.261433e-04	2021	3	5	12
	1554	750	38.531022	-19.640598	9.952398e+04	1.974261e+01	5.840356e+03	5.741205e+03	1.090643e+04	1.083183e+04	3.020774e+02	2.615563e-04	2021	3	5	18
	1546	741	37.406023	-20.484347	9.953630e+04	2.049310e+01	5.829982e+03	5.733084e+03	1.089257e+04	1.082137e+04	3.017140e+02	2.682099e-04	2021	3	6	0
	1544	732	37.124774	-21.328095	9.959714e+04	2.385653e+01	5.853829e+03	5.744387e+03	1.091726e+04	1.084254e+04	3.014678e+02	3.510389e-04	2021	3	6	6
	1538	725	36.281025	-21.984344	9.932937e+04	2.217713e+01	5.839609e+03	5.725172e+03	1.090738e+04	1.084337e+04	3.014594e+02	3.032209e-04	2021	3	6	12
	1538	714	36.281025	-23.015593	9.925366e+04	2.474093e+01	5.855102e+03	5.719728e+03	1.092229e+04	1.085126e+04	3.015111e+02	2.521724e-04	2021	3	6	18
	1528	711	34.874776	-23.296843	9.926330e+04	2.185875e+01	5.835928e+03	5.722358e+03	1.090470e+04	1.083843e+04	3.013563e+02	3.284797e-04	2021	3	7	0
	1528	701	34.874776	-24.234341	9.917357e+04	2.412476e+01	5.853759e+03	5.730003e+03	1.092848e+04	1.084631e+04	3.013979e+02	4.532162e-04	2021	3	7	6
	1523	699	34.171652	-24.421841	9.910997e+04	2.604136e+01	5.838813e+03	5.714450e+03	1.089330e+04	1.084256e+04	3.013239e+02	3.778926e-04	2021	3	7	12
	1520	701	33.749777	-24.234341	9.918129e+04	2.178931e+01	5.859820e+03	5.725325e+03	1.091647e+04	1.085384e+04	3.011935e+02	4.164994e-04	2021	3	7	18
	1513	703	32.765403	-24.046842	9.955389e+04	2.195930e+01	5.858891e+03	5.728649e+03	1.089933e+04	1.084781e+04	3.010907e+02	4.174609e-04	2021	3	8	0
	1506	704	31.781029	-23.953092	1.000463e+05	1.394831e+01	5.859159e+03	5.754483e+03	1.091329e+04	1.084971e+04	3.010582e+02	3.616965e-04	2021	3	8	6
	1494	722	30.093531	-22.265594	1.004166e+05	8.745043e+00	5.845764e+03	5.758608e+03	1.089878e+04	1.083685e+04	3.050660e+02	2.386206e-04	2021	3	8	12
start	17	2021	3	8	18
	2044	772	107.437200	-17.578101	1.002942e+05	1.140032e+01	5.841643e+03	5.789470e+03	1.094588e+04	1.085525e+04	3.025788e+02	1.143898e-04	2021	3	8	18
	2049	774	108.140325	-17.390601	1.002077e+05	1.341003e+01	5.839712e+03	5.790404e+03	1.093502e+04	1.085035e+04	3.023600e+02	1.864259e-04	2021	3	9	0
	2044	772	107.437200	-17.578101	1.002050e+05	1.150976e+01	5.821528e+03	5.784036e+03	1.089761e+04	1.084176e+04	3.026308e+02	8.868859e-05	2021	3	9	6
	2046	772	107.718450	-17.578101	1.001241e+05	1.160095e+01	5.852600e+03	5.792039e+03	1.092266e+04	1.086354e+04	3.031208e+02	7.508627e-05	2021	3	9	12
	2042	767	107.155951	-18.046850	1.001494e+05	1.453795e+01	5.827394e+03	5.771961e+03	1.091534e+04	1.084110e+04	3.026312e+02	1.158539e-04	2021	3	9	18
	2039	761	106.734076	-18.609349	1.000879e+05	1.326703e+01	5.838004e+03	5.783667e+03	1.092232e+04	1.085164e+04	3.023755e+02	1.212938e-04	2021	3	10	0
	2033	763	105.890327	-18.421849	9.999156e+04	1.349967e+01	5.831645e+03	5.770202e+03	1.090890e+04	1.085460e+04	3.027408e+02	9.420446e-05	2021	3	10	6
	2033	755	105.890327	-19.171848	9.993784e+04	1.409506e+01	5.847235e+03	5.793612e+03	1.093180e+04	1.086946e+04	3.027036e+02	1.015244e-04	2021	3	10	12
	2028	746	105.187203	-20.015597	1.000719e+05	1.385370e+01	5.847267e+03	5.779726e+03	1.092737e+04	1.086689e+04	3.017169e+02	7.772740e-05	2021	3	10	18
	2020	739	104.062204	-20.671846	9.997134e+04	1.576171e+01	5.854159e+03	5.775887e+03	1.090704e+04	1.086318e+04	3.018261e+02	8.634980e-05	2021	3	11	0
	2012	730	102.937205	-21.515595	1.000807e+05	1.748524e+01	5.851429e+03	5.782913e+03	1.093081e+04	1.087424e+04	3.022525e+02	5.928618e-05	2021	3	11	6
	2004	720	101.812206	-22.453094	1.000150e+05	1.611023e+01	5.862427e+03	5.790092e+03	1.093302e+04	1.088178e+04	3.013670e+02	6.603620e-05	2021	3	11	12
	1998	714	100.968457	-23.015593	1.001620e+05	1.653827e+01	5.850024e+03	5.780558e+03	1.092090e+04	1.087722e+04	3.004413e+02	5.335033e-05	2021	3	11	18
	1989	707	99.702834	-23.671842	1.000370e+05	1.832379e+01	5.848628e+03	5.777356e+03	1.090282e+04	1.085714e+04	3.000112e+02	4.255970e-05	2021	3	12	0
	1984	696	98.999709	-24.703091	1.000365e+05	2.080438e+01	5.840578e+03	5.793213e+03	1.089827e+04	1.083926e+04	2.990819e+02	6.733575e-05	2021	3	12	6
	1979	687	98.296585	-25.546839	1.000226e+05	1.730919e+01	5.848913e+03	5.787507e+03	1.089456e+04	1.081381e+04	2.987748e+02	1.225642e-04	2021	3	12	12
	1978	676	98.155960	-26.578088	1.002145e+05	1.668262e+01	5.841266e+03	5.769978e+03	1.088552e+04	1.078016e+04	2.979855e+02	9.993348e-05	2021	3	12	18
start	30	2021	3	11	0
	2465	742	166.640264	-20.390597	1.004494e+05	1.470475e+01	5.852417e+03	5.807941e+03	1.095900e+04	1.083361e+04	3.038877e+02	1.455610e-04	2021	3	11	0
	2478	740	168.468387	-20.578096	1.001341e+05	1.496113e+01	5.834313e+03	5.774755e+03	1.094141e+04	1.082826e+04	3.041885e+02	1.354649e-04	2021	3	11	6
	2486	736	169.593386	-20.953096	1.003404e+05	1.539217e+01	5.855731e+03	5.794265e+03	1.092215e+04	1.083549e+04	3.034680e+02	1.147081e-04	2021	3	11	12
	2494	735	170.718385	-21.046846	1.001398e+05	1.412840e+01	5.829758e+03	5.769879e+03	1.092530e+04	1.083900e+04	3.032696e+02	1.652818e-04	2021	3	11	18
	2503	732	171.984008	-21.328095	1.001748e+05	1.197337e+01	5.835989e+03	5.787895e+03	1.092176e+04	1.084877e+04	3.033351e+02	1.421715e-04	2021	3	12	0
	2512	730	173.249632	-21.515595	9.995034e+04	1.303361e+01	5.830366e+03	5.781343e+03	1.090366e+04	1.084459e+04	3.038381e+02	1.623189e-04	2021	3	12	6
	2520	732	174.374631	-21.328095	1.000837e+05	1.467646e+01	5.825886e+03	5.776153e+03	1.091954e+04	1.085244e+04	3.042238e+02	1.679304e-04	2021	3	12	12
	2528	736	175.499630	-20.953096	9.987871e+04	1.525055e+01	5.818654e+03	5.774904e+03	1.091650e+04	1.084768e+04	3.042542e+02	1.964004e-04	2021	3	12	18
	2539	735	177.046503	-21.046846	9.994651e+04	1.513420e+01	5.819643e+03	5.766669e+03	1.090854e+04	1.084872e+04	3.041518e+02	1.617261e-04	2021	3	13	0
	2542	725	177.468377	-21.984344	9.970070e+04	1.555118e+01	5.818665e+03	5.769964e+03	1.091093e+04	1.084381e+04	3.039023e+02	1.708498e-04	2021	3	13	6
	2538	731	176.905878	-21.421845	9.987641e+04	1.325679e+01	5.823942e+03	5.770420e+03	1.089898e+04	1.085652e+04	3.039535e+02	1.791650e-04	2021	3	13	12
	2536	730	176.624628	-21.515595	9.971587e+04	1.368222e+01	5.814717e+03	5.770675e+03	1.089816e+04	1.086105e+04	3.037662e+02	1.461419e-04	2021	3	13	18
	2537	731	176.765253	-21.421845	9.978760e+04	1.320862e+01	5.830213e+03	5.783938e+03	1.092990e+04	1.085564e+04	3.039052e+02	1.245615e-04	2021	3	14	0
	2533	730	176.202754	-21.515595	9.962935e+04	1.419514e+01	5.825681e+03	5.773161e+03	1.090979e+04	1.087033e+04	3.039182e+02	1.463847e-04	2021	3	14	6
	2529	732	175.640254	-21.328095	9.980373e+04	1.513652e+01	5.839272e+03	5.793865e+03	1.093642e+04	1.087370e+04	3.038192e+02	1.998344e-04	2021	3	14	12
	2525	744	175.077755	-20.203097	9.958675e+04	1.768136e+01	5.833869e+03	5.767365e+03	1.096284e+04	1.085698e+04	3.037379e+02	1.960359e-04	2021	3	14	18
	2527	747	175.359005	-19.921847	9.972566e+04	1.962974e+01	5.844627e+03	5.770655e+03	1.095958e+04	1.085887e+04	3.037605e+02	2.018306e-04	2021	3	15	0
	2521	741	174.515256	-20.484347	9.935944e+04	2.235222e+01	5.840279e+03	5.738369e+03	1.096176e+04	1.085152e+04	3.036402e+02	3.112715e-04	2021	3	15	6
	2521	739	174.515256	-20.671846	9.921313e+04	2.399627e+01	5.846712e+03	5.758563e+03	1.093556e+04	1.085941e+04	3.034068e+02	2.851801e-04	2021	3	15	12
	2514	745	173.530882	-20.109347	9.895119e+04	2.260723e+01	5.832993e+03	5.695546e+03	1.092450e+04	1.083173e+04	3.031221e+02	2.521312e-04	2021	3	15	18
	2516	741	173.812131	-20.484347	9.898877e+04	2.798400e+01	5.846110e+03	5.748992e+03	1.093472e+04	1.086074e+04	3.029250e+02	2.019921e-04	2021	3	16	0
	2512	728	173.249632	-21.703095	9.892061e+04	2.528367e+01	5.861068e+03	5.749254e+03	1.093304e+04	1.087722e+04	3.025681e+02	1.598995e-04	2021	3	16	6
	2510	717	172.968382	-22.734343	9.926090e+04	2.189593e+01	5.859337e+03	5.740653e+03	1.092230e+04	1.086845e+04	3.025114e+02	1.555288e-04	2021	3	16	12
	2504	716	172.124633	-22.828093	9.842833e+04	3.387305e+01	5.845399e+03	5.710021e+03	1.092890e+04	1.085572e+04	3.022101e+02	1.893034e-04	2021	3	16	18
	2506	711	172.405883	-23.296843	9.874128e+04	2.529019e+01	5.863457e+03	5.760547e+03	1.096342e+04	1.088764e+04	3.022816e+02	1.216389e-04	2021	3	17	0
	2510	700	172.968382	-24.328091	9.883357e+04	2.489909e+01	5.863940e+03	5.732906e+03	1.096351e+04	1.088256e+04	3.023884e+02	1.368733e-04	2021	3	17	6
	2511	687	173.109007	-25.546839	9.906734e+04	2.700411e+01	5.868684e+03	5.765448e+03	1.096382e+04	1.085351e+04	3.021487e+02	1.019342e-04	2021	3	17	12
	2519	672	174.234006	-26.953088	9.912495e+04	2.761145e+01	5.862910e+03	5.742529e+03	1.093073e+04	1.081187e+04	3.013449e+02	1.583926e-04	2021	3	17	18
	2527	657	175.359005	-28.359336	9.937601e+04	2.990574e+01	5.872213e+03	5.727434e+03	1.094741e+04	1.078499e+04	3.012536e+02	2.296970e-04	2021	3	18	0
	2544	640	177.749627	-29.953083	9.956555e+04	2.700032e+01	5.869015e+03	5.705433e+03	1.093982e+04	1.074407e+04	3.007985e+02	2.560320e-04	2021	3	18	6
start	18	2021	3	17	0
	2359	805	151.734029	-14.484355	1.004462e+05	1.677880e+01	5.859866e+03	5.793764e+03	1.097828e+04	1.087776e+04	3.033694e+02	3.506557e-04	2021	3	17	0
	2367	789	152.859028	-15.984353	1.002095e+05	1.972126e+01	5.840648e+03	5.786756e+03	1.094148e+04	1.087374e+04	3.034572e+02	2.934232e-04	2021	3	17	6
	2365	789	152.577778	-15.984353	1.002792e+05	1.980459e+01	5.866389e+03	5.807654e+03	1.097859e+04	1.088278e+04	3.032624e+02	3.675338e-04	2021	3	17	12
	2365	785	152.577778	-16.359352	1.000538e+05	2.221142e+01	5.841490e+03	5.786437e+03	1.092981e+04	1.086538e+04	3.031396e+02	4.130646e-04	2021	3	17	18
	2362	784	152.155904	-16.453102	1.002100e+05	2.279306e+01	5.853482e+03	5.790840e+03	1.095348e+04	1.089478e+04	3.029028e+02	2.779715e-04	2021	3	18	0
	2359	786	151.734029	-16.265602	9.995225e+04	2.419610e+01	5.834344e+03	5.767286e+03	1.097379e+04	1.087199e+04	3.030789e+02	3.420127e-04	2021	3	18	6
	2360	776	151.874654	-17.203101	9.988998e+04	2.537739e+01	5.861898e+03	5.796218e+03	1.096545e+04	1.089794e+04	3.022903e+02	3.509338e-04	2021	3	18	12
	2352	774	150.749655	-17.390601	9.949857e+04	2.650507e+01	5.841114e+03	5.747506e+03	1.093336e+04	1.086625e+04	3.022596e+02	3.914919e-04	2021	3	18	18
	2345	773	149.765281	-17.484351	9.958688e+04	2.603440e+01	5.863212e+03	5.773541e+03	1.095481e+04	1.089057e+04	3.023797e+02	2.707574e-04	2021	3	19	0
	2336	770	148.499658	-17.765600	9.921355e+04	2.947547e+01	5.840733e+03	5.749331e+03	1.093262e+04	1.087514e+04	3.024108e+02	2.830746e-04	2021	3	19	6
	2326	772	147.093409	-17.578101	9.936425e+04	3.097617e+01	5.860438e+03	5.756473e+03	1.095890e+04	1.088731e+04	3.021314e+02	3.201811e-04	2021	3	19	12
	2325	812	146.952784	-13.828106	9.924997e+04	2.476508e+01	5.835215e+03	5.768918e+03	1.093928e+04	1.086171e+04	3.027870e+02	2.712471e-04	2021	3	19	18
	2324	796	146.812159	-15.328104	9.970195e+04	2.490750e+01	5.862485e+03	5.797466e+03	1.093811e+04	1.087608e+04	3.025522e+02	2.921525e-04	2021	3	20	0
	2317	784	145.827785	-16.453102	9.959238e+04	2.189155e+01	5.846660e+03	5.750906e+03	1.094249e+04	1.087886e+04	3.037760e+02	3.591763e-04	2021	3	20	6
	2304	768	143.999662	-17.953100	1.003336e+05	1.271326e+01	5.874589e+03	5.805239e+03	1.095902e+04	1.089741e+04	2.999168e+02	2.461808e-04	2021	3	20	12
	2279	796	140.484041	-15.328104	1.003914e+05	1.159791e+01	5.827477e+03	5.792640e+03	1.089968e+04	1.085847e+04	3.033281e+02	1.072364e-04	2021	3	20	18
	2277	787	140.202791	-16.171853	1.004599e+05	1.339105e+01	5.854945e+03	5.806844e+03	1.093715e+04	1.088399e+04	3.030122e+02	1.615664e-04	2021	3	21	0
	2270	780	139.218417	-16.828102	1.002861e+05	1.791066e+01	5.846020e+03	5.788182e+03	1.094082e+04	1.087516e+04	3.067084e+02	1.403871e-04	2021	3	21	6
start	52	2021	3	20	12
	2115	824	117.421565	-12.703107	1.003298e+05	1.618615e+01	5.838072e+03	5.782985e+03	1.089330e+04	1.085296e+04	3.023910e+02	1.692569e-04	2021	3	20	12
	2108	831	116.437191	-12.046858	1.003330e+05	1.225010e+01	5.818469e+03	5.776812e+03	1.089660e+04	1.081990e+04	3.022111e+02	1.665016e-04	2021	3	20	18
	2106	829	116.155941	-12.234358	1.002375e+05	1.787438e+01	5.831969e+03	5.778263e+03	1.089587e+04	1.084312e+04	3.021560e+02	2.848967e-04	2021	3	21	0
	2099	822	115.171567	-12.890607	1.001852e+05	1.765828e+01	5.825089e+03	5.771161e+03	1.092465e+04	1.083649e+04	3.023473e+02	2.333409e-04	2021	3	21	6
	2079	821	112.359070	-12.984357	9.998516e+04	1.810413e+01	5.838692e+03	5.776530e+03	1.089961e+04	1.083597e+04	3.026900e+02	2.189184e-04	2021	3	21	12
	2066	812	110.530947	-13.828106	9.994734e+04	2.023501e+01	5.829721e+03	5.764769e+03	1.093957e+04	1.083372e+04	3.030000e+02	2.722885e-04	2021	3	21	18
	2054	809	108.843449	-14.109355	9.986403e+04	2.005024e+01	5.839960e+03	5.748870e+03	1.089461e+04	1.083086e+04	3.027110e+02	2.270611e-04	2021	3	22	0
	2040	803	106.874701	-14.671855	9.965156e+04	1.948419e+01	5.834656e+03	5.747365e+03	1.089578e+04	1.084069e+04	3.028166e+02	2.427584e-04	2021	3	22	6
	2026	797	104.905953	-15.234354	9.961967e+04	2.034019e+01	5.845372e+03	5.755296e+03	1.090960e+04	1.083889e+04	3.028070e+02	2.122728e-04	2021	3	22	12
	2014	800	103.218455	-14.953104	9.932016e+04	2.198367e+01	5.840251e+03	5.724733e+03	1.092225e+04	1.083759e+04	3.027755e+02	2.950639e-04	2021	3	22	18
	2007	797	102.234081	-15.234354	9.891501e+04	2.495472e+01	5.840131e+03	5.707916e+03	1.093021e+04	1.082093e+04	3.026226e+02	3.840276e-04	2021	3	23	0
	1999	792	101.109082	-15.703103	9.887011e+04	2.397174e+01	5.838434e+03	5.692544e+03	1.093135e+04	1.081582e+04	3.026780e+02	2.902531e-04	2021	3	23	6
	1988	789	99.562209	-15.984353	9.833508e+04	2.778524e+01	5.834348e+03	5.672229e+03	1.091136e+04	1.080499e+04	3.025809e+02	2.767278e-04	2021	3	23	12
	1981	785	98.577835	-16.359352	9.825439e+04	2.812492e+01	5.833824e+03	5.659890e+03	1.090497e+04	1.079457e+04	3.024071e+02	2.845562e-04	2021	3	23	18
	1974	789	97.593461	-15.984353	9.762165e+04	3.623997e+01	5.824378e+03	5.644349e+03	1.091827e+04	1.079307e+04	3.023652e+02	2.853630e-04	2021	3	24	0
	1969	785	96.890336	-16.359352	9.756545e+04	3.665047e+01	5.826478e+03	5.636767e+03	1.089869e+04	1.079396e+04	3.021663e+02	2.126797e-04	2021	3	24	6
	1965	781	96.327837	-16.734352	9.759603e+04	3.022312e+01	5.837077e+03	5.648411e+03	1.090077e+04	1.081131e+04	3.019093e+02	2.138291e-04	2021	3	24	12
	1954	780	94.780964	-16.828102	9.772859e+04	3.030133e+01	5.831357e+03	5.645242e+03	1.093482e+04	1.079088e+04	3.016647e+02	2.671711e-04	2021	3	24	18
	1945	781	93.515340	-16.734352	9.721398e+04	3.505518e+01	5.826999e+03	5.594410e+03	1.089061e+04	1.075052e+04	3.018137e+02	1.971344e-04	2021	3	25	0
	1936	777	92.249716	-17.109351	9.745422e+04	3.486333e+01	5.834937e+03	5.602925e+03	1.090416e+04	1.079069e+04	3.017306e+02	2.221309e-04	2021	3	25	6
	1927	774	90.984093	-17.390601	9.702055e+04	3.395665e+01	5.838856e+03	5.581111e+03	1.093065e+04	1.076318e+04	3.012897e+02	2.953713e-04	2021	3	25	12
	1916	768	89.437219	-17.953100	9.705223e+04	3.454722e+01	5.845511e+03	5.582724e+03	1.091449e+04	1.077853e+04	3.006035e+02	1.892297e-04	2021	3	25	18
	1907	764	88.171596	-18.328100	9.676747e+04	3.763300e+01	5.836579e+03	5.566065e+03	1.090115e+04	1.075370e+04	3.006227e+02	2.257703e-04	2021	3	26	0
	1895	758	86.484097	-18.890599	9.699858e+04	3.784705e+01	5.843545e+03	5.575814e+03	1.090540e+04	1.077538e+04	3.003024e+02	2.302838e-04	2021	3	26	6
	1885	751	85.077849	-19.546848	9.628586e+04	3.780538e+01	5.840655e+03	5.526382e+03	1.089793e+04	1.074935e+04	2.998440e+02	1.744653e-04	2021	3	26	12
	1876	744	83.812225	-20.203097	9.662476e+04	4.107750e+01	5.850424e+03	5.554149e+03	1.091014e+04	1.077104e+04	2.996470e+02	1.793984e-04	2021	3	26	18
	1867	737	82.546601	-20.859346	9.621223e+04	4.288934e+01	5.840628e+03	5.533605e+03	1.090842e+04	1.075491e+04	2.994960e+02	2.430257e-04	2021	3	27	0
	1860	731	81.562227	-21.421845	9.633423e+04	4.217760e+01	5.854684e+03	5.553599e+03	1.090859e+04	1.078927e+04	2.992771e+02	1.705004e-04	2021	3	27	6
	1854	723	80.718478	-22.171844	9.603141e+04	4.462626e+01	5.847469e+03	5.540674e+03	1.090151e+04	1.078461e+04	2.992627e+02	2.027923e-04	2021	3	27	12
	1849	717	80.015354	-22.734343	9.637627e+04	4.224347e+01	5.854404e+03	5.569994e+03	1.090212e+04	1.079346e+04	2.992896e+02	1.690641e-04	2021	3	27	18
	1845	710	79.452855	-23.390592	9.679055e+04	4.232577e+01	5.847960e+03	5.612429e+03	1.089313e+04	1.080602e+04	2.991259e+02	1.696813e-04	2021	3	28	0
	1839	701	78.609106	-24.234341	9.710468e+04	3.883883e+01	5.863637e+03	5.642335e+03	1.090521e+04	1.083997e+04	2.989297e+02	2.566542e-04	2021	3	28	6
	1834	692	77.905981	-25.078090	9.702416e+04	3.652893e+01	5.854156e+03	5.650201e+03	1.089392e+04	1.083327e+04	2.987781e+02	2.538383e-04	2021	3	28	12
	1831	684	77.484107	-25.828089	9.748548e+04	3.745540e+01	5.853112e+03	5.669419e+03	1.089366e+04	1.082994e+04	2.985755e+02	2.744905e-04	2021	3	28	18
	1829	674	77.202857	-26.765588	9.777111e+04	3.384212e+01	5.843290e+03	5.686975e+03	1.088347e+04	1.079021e+04	2.983000e+02	3.759516e-04	2021	3	29	0
	1828	660	77.062232	-28.078086	9.794409e+04	3.651088e+01	5.853942e+03	5.681662e+03	1.090004e+04	1.078285e+04	2.981267e+02	4.221718e-04	2021	3	29	6
	1831	645	77.484107	-29.484334	9.776760e+04	3.334703e+01	5.843804e+03	5.677460e+03	1.088758e+04	1.075544e+04	2.976238e+02	4.056206e-04	2021	3	29	12
	1833	630	77.765356	-30.890582	9.789269e+04	3.586548e+01	5.831016e+03	5.656552e+03	1.088558e+04	1.072790e+04	2.971622e+02	4.243769e-04	2021	3	29	18
	1836	619	78.187231	-31.921831	9.745512e+04	4.035467e+01	5.812309e+03	5.605695e+03	1.086590e+04	1.068357e+04	2.968097e+02	3.608179e-04	2021	3	30	0
	1837	610	78.327856	-32.765579	9.760474e+04	3.582997e+01	5.806762e+03	5.616483e+03	1.086873e+04	1.067820e+04	2.962891e+02	2.446768e-04	2021	3	30	6
	1841	608	78.890355	-32.953079	9.783031e+04	3.400262e+01	5.799019e+03	5.629586e+03	1.086566e+04	1.067457e+04	2.957839e+02	1.991487e-04	2021	3	30	12
	1842	609	79.030980	-32.859329	9.811496e+04	3.347551e+01	5.807621e+03	5.632664e+03	1.086458e+04	1.067822e+04	2.959503e+02	1.558110e-04	2021	3	30	18
	1844	610	79.312230	-32.765579	9.821091e+04	2.859907e+01	5.800392e+03	5.633873e+03	1.084921e+04	1.066953e+04	2.961342e+02	1.797561e-04	2021	3	31	0
	1843	607	79.171605	-33.046829	9.857891e+04	3.054757e+01	5.804146e+03	5.650642e+03	1.084197e+04	1.067738e+04	2.953932e+02	1.354867e-04	2021	3	31	6
	1839	605	78.609106	-33.234329	9.845955e+04	3.095328e+01	5.793686e+03	5.632424e+03	1.082952e+04	1.067135e+04	2.951909e+02	1.502735e-04	2021	3	31	12
	1837	600	78.327856	-33.703078	9.864939e+04	2.825873e+01	5.799278e+03	5.632626e+03	1.082405e+04	1.067128e+04	2.950998e+02	1.624419e-04	2021	3	31	18
	1836	595	78.187231	-34.171828	9.879915e+04	2.582180e+01	5.788615e+03	5.640004e+03	1.081384e+04	1.064864e+04	2.948410e+02	1.568644e-04	2021	4	1	0
	1839	592	78.609106	-34.453077	9.907291e+04	2.284483e+01	5.802823e+03	5.654008e+03	1.082234e+04	1.065262e+04	2.949593e+02	9.760507e-05	2021	4	1	6
	1844	583	79.312230	-35.296826	9.891371e+04	2.274319e+01	5.790788e+03	5.644739e+03	1.081368e+04	1.062242e+04	2.949137e+02	8.787470e-05	2021	4	1	12
	1854	578	80.718478	-35.765575	9.912802e+04	2.370965e+01	5.797364e+03	5.633707e+03	1.081290e+04	1.057800e+04	2.948490e+02	8.627080e-05	2021	4	1	18
	1863	565	81.984102	-36.984324	9.902745e+04	2.304930e+01	5.778520e+03	5.621063e+03	1.078922e+04	1.049083e+04	2.940137e+02	1.294063e-04	2021	4	2	0
	1878	551	84.093475	-38.296822	9.909743e+04	2.267990e+01	5.777345e+03	5.569717e+03	1.078364e+04	1.043882e+04	2.932143e+02	1.858881e-04	2021	4	2	6
start	12	2021	3	20	18
	319	779	-135.140672	-16.921851	1.010929e+05	1.259151e+01	5.874302e+03	5.833593e+03	1.089513e+04	1.082273e+04	3.026701e+02	1.148201e-04	2021	3	20	18
	310	779	-136.406295	-16.921851	1.009066e+05	1.183534e+01	5.847100e+03	5.809858e+03	1.087665e+04	1.079340e+04	3.039382e+02	8.090612e-05	2021	3	21	0
	304	777	-137.250045	-17.109351	1.009551e+05	1.168244e+01	5.858527e+03	5.817380e+03	1.089425e+04	1.079042e+04	3.029543e+02	1.235910e-04	2021	3	21	6
	297	770	-138.234419	-17.765600	1.008441e+05	1.373085e+01	5.843334e+03	5.791826e+03	1.086481e+04	1.077423e+04	3.028686e+02	1.742784e-04	2021	3	21	12
	294	762	-138.656293	-18.515599	1.009160e+05	1.367765e+01	5.851261e+03	5.798044e+03	1.088704e+04	1.077717e+04	3.027869e+02	1.229351e-04	2021	3	21	18
	292	757	-138.937543	-18.984349	1.008242e+05	1.223069e+01	5.846093e+03	5.775436e+03	1.085367e+04	1.075694e+04	3.042384e+02	1.370640e-04	2021	3	22	0
	294	746	-138.656293	-20.015597	1.007925e+05	1.585098e+01	5.862762e+03	5.783747e+03	1.088946e+04	1.073969e+04	3.030988e+02	1.485794e-04	2021	3	22	6
	293	732	-138.796918	-21.328095	1.007002e+05	1.506489e+01	5.839164e+03	5.766280e+03	1.084735e+04	1.073144e+04	3.028152e+02	1.909334e-04	2021	3	22	12
	291	719	-139.078168	-22.546844	1.008089e+05	1.721883e+01	5.855585e+03	5.791454e+03	1.086538e+04	1.075164e+04	3.027891e+02	1.557876e-04	2021	3	22	18
	286	706	-139.781292	-23.765592	1.006349e+05	1.759668e+01	5.845633e+03	5.765838e+03	1.085596e+04	1.077218e+04	3.031530e+02	1.567301e-04	2021	3	23	0
	278	697	-140.906291	-24.609341	1.007944e+05	1.589760e+01	5.865868e+03	5.786926e+03	1.086462e+04	1.079401e+04	3.026539e+02	1.330056e-04	2021	3	23	6
	266	692	-142.593789	-25.078090	1.007536e+05	1.848540e+01	5.843775e+03	5.784474e+03	1.086127e+04	1.077191e+04	3.020686e+02	1.406089e-04	2021	3	23	12
start	11	2021	3	22	0
	2524	727	174.937130	-21.796845	1.003219e+05	1.725616e+01	5.846118e+03	5.803913e+03	1.091881e+04	1.085768e+04	3.021428e+02	1.583434e-04	2021	3	22	0
	2527	720	175.359005	-22.453094	1.001252e+05	1.811182e+01	5.846110e+03	5.791104e+03	1.093046e+04	1.086169e+04	3.023200e+02	1.713144e-04	2021	3	22	6
	2529	711	175.640254	-23.296843	1.002889e+05	1.761188e+01	5.859488e+03	5.800142e+03	1.092856e+04	1.085869e+04	3.019359e+02	1.852321e-04	2021	3	22	12
	2531	702	175.921504	-24.140591	1.002166e+05	1.644379e+01	5.847451e+03	5.803088e+03	1.091099e+04	1.083954e+04	3.016870e+02	1.491189e-04	2021	3	22	18
	2532	697	176.062129	-24.609341	1.004839e+05	1.662307e+01	5.861175e+03	5.802256e+03	1.097871e+04	1.084785e+04	3.017020e+02	1.215780e-04	2021	3	23	0
	2540	688	177.187128	-25.453090	1.004343e+05	1.723588e+01	5.877232e+03	5.812092e+03	1.093696e+04	1.082648e+04	3.017086e+02	1.431531e-04	2021	3	23	6
	2541	682	177.327753	-26.015589	1.005340e+05	2.032716e+01	5.862635e+03	5.809263e+03	1.092267e+04	1.082021e+04	3.014885e+02	1.935532e-04	2021	3	23	12
	2544	682	177.749627	-26.015589	1.005440e+05	1.792559e+01	5.862001e+03	5.802170e+03	1.091577e+04	1.080849e+04	3.014849e+02	1.532931e-04	2021	3	23	18
	2551	671	178.734001	-27.046837	1.007756e+05	1.682585e+01	5.865980e+03	5.791964e+03	1.091377e+04	1.079144e+04	3.014359e+02	9.688472e-05	2021	3	24	0
	2558	660	179.718375	-28.078086	1.006030e+05	1.973450e+01	5.870402e+03	5.772131e+03	1.093979e+04	1.076149e+04	3.012404e+02	1.205559e-04	2021	3	24	6
	5	654	-179.296876	-28.640585	1.008815e+05	1.725845e+01	5.875497e+03	5.766320e+03	1.091593e+04	1.074952e+04	3.010000e+02	1.225305e-04	2021	3	24	12
start	53	2021	3	24	0
	2179	828	126.421556	-12.328108	1.005190e+05	1.857921e+01	5.854842e+03	5.799587e+03	1.093366e+04	1.087404e+04	3.031233e+02	1.787540e-04	2021	3	24	0
	2168	841	124.874682	-11.109360	1.003800e+05	1.764169e+01	5.845259e+03	5.782692e+03	1.091842e+04	1.084693e+04	3.043191e+02	2.705132e-04	2021	3	24	6
	2164	835	124.312183	-11.671859	1.003926e+05	1.710084e+01	5.850749e+03	5.794811e+03	1.092297e+04	1.087378e+04	3.033779e+02	1.993902e-04	2021	3	24	12
	2160	834	123.749683	-11.765609	1.003270e+05	1.607590e+01	5.832175e+03	5.786634e+03	1.093216e+04	1.085014e+04	3.031739e+02	1.946742e-04	2021	3	24	18
	2152	830	122.624685	-12.140608	1.003171e+05	1.674960e+01	5.847773e+03	5.790989e+03	1.091254e+04	1.086714e+04	3.027553e+02	1.898914e-04	2021	3	25	0
	2144	827	121.499686	-12.421858	1.001872e+05	1.600289e+01	5.838260e+03	5.797007e+03	1.092753e+04	1.085961e+04	3.028312e+02	1.800153e-04	2021	3	25	6
	2132	818	119.812188	-13.265607	1.000523e+05	1.859494e+01	5.858140e+03	5.806074e+03	1.093960e+04	1.086949e+04	3.027251e+02	1.883458e-04	2021	3	25	12
	2121	818	118.265314	-13.265607	1.000999e+05	1.774145e+01	5.834989e+03	5.791529e+03	1.092413e+04	1.085128e+04	3.022852e+02	1.700604e-04	2021	3	25	18
	2110	819	116.718441	-13.171857	9.979369e+04	1.830568e+01	5.846548e+03	5.791592e+03	1.092300e+04	1.085917e+04	3.023107e+02	3.024121e-04	2021	3	26	0
	2099	818	115.171567	-13.265607	9.977822e+04	1.747985e+01	5.835797e+03	5.779499e+03	1.090771e+04	1.085327e+04	3.026502e+02	2.374320e-04	2021	3	26	6
	2089	814	113.765319	-13.640606	9.982983e+04	2.096357e+01	5.842451e+03	5.783284e+03	1.093740e+04	1.086688e+04	3.021543e+02	2.684076e-04	2021	3	26	12
	2076	817	111.937196	-13.359356	9.975256e+04	1.982082e+01	5.848723e+03	5.767866e+03	1.092490e+04	1.085245e+04	3.021732e+02	2.755692e-04	2021	3	26	18
	2069	818	110.952822	-13.265607	9.970814e+04	1.836160e+01	5.841680e+03	5.775465e+03	1.094928e+04	1.085414e+04	3.022504e+02	3.429064e-04	2021	3	27	0
	2065	818	110.390322	-13.265607	9.973779e+04	1.983585e+01	5.830111e+03	5.751515e+03	1.089928e+04	1.084727e+04	3.022673e+02	3.363518e-04	2021	3	27	6
	2057	815	109.265324	-13.546856	9.938103e+04	1.872203e+01	5.839841e+03	5.760218e+03	1.095874e+04	1.086490e+04	3.022184e+02	3.319530e-04	2021	3	27	12
	2051	805	108.421574	-14.484355	9.942170e+04	1.913275e+01	5.841947e+03	5.751753e+03	1.093372e+04	1.086031e+04	3.021202e+02	3.686049e-04	2021	3	27	18
	2042	797	107.155951	-15.234354	9.931852e+04	2.030139e+01	5.838877e+03	5.739826e+03	1.090922e+04	1.084689e+04	3.021672e+02	3.117211e-04	2021	3	28	0
	2028	796	105.187203	-15.328104	9.918587e+04	2.303040e+01	5.839782e+03	5.732139e+03	1.092808e+04	1.084921e+04	3.021625e+02	2.396232e-04	2021	3	28	6
	2020	796	104.062204	-15.328104	9.892930e+04	2.149607e+01	5.847902e+03	5.734649e+03	1.095838e+04	1.085208e+04	3.021837e+02	2.519137e-04	2021	3	28	12
	2011	791	102.796580	-15.796853	9.905116e+04	2.161890e+01	5.848301e+03	5.736351e+03	1.091315e+04	1.085104e+04	3.019942e+02	2.282022e-04	2021	3	28	18
	1998	791	100.968457	-15.796853	9.859341e+04	2.225531e+01	5.841382e+03	5.697278e+03	1.096174e+04	1.083215e+04	3.018801e+02	3.038411e-04	2021	3	29	0
	1989	794	99.702834	-15.515603	9.836218e+04	2.547116e+01	5.836689e+03	5.675984e+03	1.090843e+04	1.082997e+04	3.018232e+02	3.413662e-04	2021	3	29	6
	1979	788	98.296585	-16.078103	9.819232e+04	2.648771e+01	5.844831e+03	5.679786e+03	1.091904e+04	1.082920e+04	3.018010e+02	2.872568e-04	2021	3	29	12
	1969	788	96.890336	-16.078103	9.808675e+04	2.674519e+01	5.844079e+03	5.649442e+03	1.095251e+04	1.080656e+04	3.017587e+02	2.978896e-04	2021	3	29	18
	1957	780	95.202838	-16.828102	9.783186e+04	2.865689e+01	5.841496e+03	5.620423e+03	1.096663e+04	1.079424e+04	3.014622e+02	3.347317e-04	2021	3	30	0
	1947	777	93.796590	-17.109351	9.758989e+04	3.168598e+01	5.838515e+03	5.603936e+03	1.091443e+04	1.079955e+04	3.011565e+02	3.024615e-04	2021	3	30	6
	1937	774	92.390341	-17.390601	9.683715e+04	3.481680e+01	5.837373e+03	5.568383e+03	1.090202e+04	1.077254e+04	3.010594e+02	2.774627e-04	2021	3	30	12
	1928	770	91.124717	-17.765600	9.683286e+04	3.677162e+01	5.843763e+03	5.567186e+03	1.090541e+04	1.077071e+04	3.008252e+02	2.596022e-04	2021	3	30	18
	1920	766	89.999719	-18.140600	9.650480e+04	3.955959e+01	5.840703e+03	5.547467e+03	1.089805e+04	1.075377e+04	3.001626e+02	2.911803e-04	2021	3	31	0
	1913	761	89.015345	-18.609349	9.650541e+04	3.750041e+01	5.839455e+03	5.549581e+03	1.090592e+04	1.076111e+04	3.003029e+02	1.922965e-04	2021	3	31	6
	1906	753	88.030971	-19.359348	9.639298e+04	4.022582e+01	5.838640e+03	5.535164e+03	1.090767e+04	1.076687e+04	2.999993e+02	2.650037e-04	2021	3	31	12
	1901	748	87.327846	-19.828097	9.613970e+04	4.245998e+01	5.845407e+03	5.524303e+03	1.091372e+04	1.074974e+04	2.995573e+02	3.400187e-04	2021	3	31	18
	1896	741	86.624722	-20.484347	9.604579e+04	4.159620e+01	5.849075e+03	5.526477e+03	1.089932e+04	1.075864e+04	2.992543e+02	2.184633e-04	2021	4	1	0
	1893	734	86.202848	-21.140596	9.622429e+04	4.294435e+01	5.852042e+03	5.538414e+03	1.090596e+04	1.077077e+04	2.990244e+02	2.069723e-04	2021	4	1	6
	1891	725	85.921598	-21.984344	9.609134e+04	4.189022e+01	5.842834e+03	5.539165e+03	1.089384e+04	1.077701e+04	2.989474e+02	2.466037e-04	2021	4	1	12
	1890	717	85.780973	-22.734343	9.605903e+04	4.450627e+01	5.854001e+03	5.532223e+03	1.089966e+04	1.077750e+04	2.988572e+02	3.043594e-04	2021	4	1	18
	1890	707	85.780973	-23.671842	9.603952e+04	4.218710e+01	5.836636e+03	5.540584e+03	1.088229e+04	1.078052e+04	2.986595e+02	2.537035e-04	2021	4	2	0
	1892	695	86.062223	-24.796841	9.631112e+04	3.992049e+01	5.834003e+03	5.557181e+03	1.087648e+04	1.079992e+04	2.981581e+02	2.666688e-04	2021	4	2	6
	1895	682	86.484097	-26.015589	9.627916e+04	3.953121e+01	5.826462e+03	5.556232e+03	1.087154e+04	1.078758e+04	2.981339e+02	2.728904e-04	2021	4	2	12
	1899	670	87.046597	-27.140587	9.652240e+04	4.070676e+01	5.811668e+03	5.559124e+03	1.085954e+04	1.076815e+04	2.979296e+02	2.968251e-04	2021	4	2	18
	1906	654	88.030971	-28.640585	9.651120e+04	4.016238e+01	5.796946e+03	5.545266e+03	1.084207e+04	1.073070e+04	2.974698e+02	4.129549e-04	2021	4	3	0
	1912	640	88.874720	-29.953083	9.663583e+04	4.133663e+01	5.786178e+03	5.546904e+03	1.083386e+04	1.069792e+04	2.969529e+02	3.592441e-04	2021	4	3	6
	1921	626	90.140343	-31.265582	9.676305e+04	3.996396e+01	5.784280e+03	5.560317e+03	1.083398e+04	1.067488e+04	2.959320e+02	3.112110e-04	2021	4	3	12
	1929	605	91.265342	-33.234329	9.705780e+04	3.923531e+01	5.774346e+03	5.566791e+03	1.082353e+04	1.065811e+04	2.953269e+02	2.358721e-04	2021	4	3	18
	1932	591	91.687217	-34.546827	9.705200e+04	3.615900e+01	5.759431e+03	5.544078e+03	1.081671e+04	1.063180e+04	2.950277e+02	2.090752e-04	2021	4	4	0
	1941	580	92.952841	-35.578076	9.722716e+04	3.690405e+01	5.765959e+03	5.538008e+03	1.081281e+04	1.060565e+04	2.945986e+02	1.859563e-04	2021	4	4	6
	1956	567	95.062213	-36.796824	9.749089e+04	3.350583e+01	5.772852e+03	5.561824e+03	1.081317e+04	1.056034e+04	2.934581e+02	1.336310e-04	2021	4	4	12
	1974	561	97.593461	-37.359323	9.798961e+04	3.224208e+01	5.783818e+03	5.574929e+03	1.081482e+04	1.053008e+04	2.933809e+02	1.237276e-04	2021	4	4	18
	1995	554	100.546583	-38.015572	9.826488e+04	2.976933e+01	5.796416e+03	5.587618e+03	1.081510e+04	1.051004e+04	2.928865e+02	1.468221e-04	2021	4	5	0
	2018	543	103.780954	-39.046821	9.857026e+04	2.938238e+01	5.794863e+03	5.588043e+03	1.080386e+04	1.046969e+04	2.938448e+02	2.088221e-04	2021	4	5	6
	2043	539	107.296576	-39.421820	9.890740e+04	2.857552e+01	5.816921e+03	5.592316e+03	1.080969e+04	1.045276e+04	2.934331e+02	1.861793e-04	2021	4	5	12
	2069	537	110.952822	-39.609320	9.931275e+04	2.708289e+01	5.805650e+03	5.557188e+03	1.078463e+04	1.039783e+04	2.941974e+02	1.472093e-04	2021	4	5	18
	2099	538	115.171567	-39.515570	9.986297e+04	2.715594e+01	5.799123e+03	5.520743e+03	1.075984e+04	1.035774e+04	2.956217e+02	1.327164e-04	2021	4	6	0
start	11	2021	3	27	12
	2274	851	139.780917	-10.171861	1.007305e+05	1.245585e+01	5.866071e+03	5.824671e+03	1.093928e+04	1.087804e+04	3.027700e+02	1.661185e-04	2021	3	27	12
	2268	849	138.937168	-10.359361	1.006063e+05	1.506530e+01	5.837342e+03	5.792599e+03	1.091584e+04	1.083822e+04	3.025559e+02	2.689934e-04	2021	3	27	18
	2263	854	138.234043	-9.890611	1.007045e+05	1.505813e+01	5.859061e+03	5.815376e+03	1.092691e+04	1.086756e+04	3.024991e+02	2.477189e-04	2021	3	28	0
	2262	849	138.093419	-10.359361	1.005239e+05	1.496687e+01	5.850302e+03	5.791072e+03	1.092377e+04	1.085614e+04	3.028834e+02	1.597300e-04	2021	3	28	6
	2253	850	136.827795	-10.265611	1.006299e+05	1.385083e+01	5.862042e+03	5.816465e+03	1.095688e+04	1.087982e+04	3.025520e+02	1.596595e-04	2021	3	28	12
	2248	857	136.124671	-9.609362	1.005286e+05	1.330812e+01	5.835864e+03	5.785528e+03	1.092519e+04	1.083857e+04	3.024702e+02	3.031935e-04	2021	3	28	18
	2245	847	135.702796	-10.546860	1.004698e+05	1.364869e+01	5.861963e+03	5.790665e+03	1.093705e+04	1.087412e+04	3.030258e+02	2.589904e-04	2021	3	29	0
	2237	841	134.577797	-11.109360	1.003261e+05	1.321143e+01	5.843332e+03	5.780604e+03	1.092116e+04	1.085583e+04	3.030515e+02	2.608866e-04	2021	3	29	6
	2234	834	134.155923	-11.765609	1.005364e+05	1.155275e+01	5.863309e+03	5.815906e+03	1.091348e+04	1.087863e+04	3.029861e+02	1.667031e-04	2021	3	29	12
	2226	831	133.030924	-12.046858	1.004900e+05	9.955517e+00	5.855252e+03	5.792046e+03	1.090045e+04	1.085231e+04	3.030373e+02	1.870644e-04	2021	3	29	18
	2217	822	131.765300	-12.890607	1.007093e+05	9.498355e+00	5.863961e+03	5.814479e+03	1.092798e+04	1.087482e+04	3.029826e+02	2.449276e-04	2021	3	30	0
start	18	2021	3	31	0
	1906	1049	88.030971	8.390613	1.003761e+05	1.186092e+01	5.826948e+03	5.776725e+03	1.089173e+04	1.082092e+04	3.022645e+02	1.885638e-04	2021	3	31	0
	1914	1051	89.155970	8.578113	1.006029e+05	1.321663e+01	5.842603e+03	5.790480e+03	1.093862e+04	1.082735e+04	3.022838e+02	2.287559e-04	2021	3	31	6
	1919	1063	89.859094	9.703112	1.003342e+05	1.237277e+01	5.848514e+03	5.764441e+03	1.093457e+04	1.083780e+04	3.022594e+02	2.090287e-04	2021	3	31	12
	1913	1059	89.015345	9.328112	1.005353e+05	1.317068e+01	5.854000e+03	5.800208e+03	1.093240e+04	1.084303e+04	3.021075e+02	1.128589e-04	2021	3	31	18
	1911	1070	88.734095	10.359361	1.003141e+05	1.151710e+01	5.841015e+03	5.775502e+03	1.091285e+04	1.083449e+04	3.018914e+02	1.385517e-04	2021	4	1	0
	1918	1070	89.718469	10.359361	1.005503e+05	1.532189e+01	5.859146e+03	5.802466e+03	1.092910e+04	1.083864e+04	3.020954e+02	1.097529e-04	2021	4	1	6
	1920	1085	89.999719	11.765609	1.002256e+05	1.682277e+01	5.853248e+03	5.796264e+03	1.089489e+04	1.085196e+04	3.023136e+02	7.712714e-05	2021	4	1	12
	1919	1095	89.859094	12.703107	1.004147e+05	1.508278e+01	5.858388e+03	5.810293e+03	1.092070e+04	1.085758e+04	3.021601e+02	7.570636e-05	2021	4	1	18
	1921	1111	90.140343	14.203105	1.001554e+05	1.555109e+01	5.848271e+03	5.784761e+03	1.090283e+04	1.082762e+04	3.021466e+02	1.163797e-04	2021	4	2	0
	1922	1108	90.280968	13.921856	1.003681e+05	1.680380e+01	5.843011e+03	5.783029e+03	1.089419e+04	1.084049e+04	3.020780e+02	9.311235e-05	2021	4	2	6
	1927	1115	90.984093	14.578105	1.000217e+05	1.699429e+01	5.830725e+03	5.776410e+03	1.091486e+04	1.080688e+04	3.021533e+02	1.548117e-04	2021	4	2	12
	1928	1120	91.124717	15.046854	1.001959e+05	1.732835e+01	5.834201e+03	5.791164e+03	1.091084e+04	1.083388e+04	3.021935e+02	1.169010e-04	2021	4	2	18
	1936	1128	92.249716	15.796853	1.000466e+05	1.649661e+01	5.827745e+03	5.756915e+03	1.088524e+04	1.081535e+04	3.027413e+02	2.108420e-04	2021	4	3	0
	1941	1130	92.952841	15.984353	1.000813e+05	1.784303e+01	5.837298e+03	5.779094e+03	1.091189e+04	1.083011e+04	3.029510e+02	2.205559e-04	2021	4	3	6
	1947	1133	93.796590	16.265602	9.987608e+04	1.975981e+01	5.834473e+03	5.766818e+03	1.092981e+04	1.082979e+04	3.025523e+02	1.796643e-04	2021	4	3	12
	1952	1134	94.499714	16.359352	1.000900e+05	1.829308e+01	5.844195e+03	5.788487e+03	1.089929e+04	1.084267e+04	3.023585e+02	1.638587e-04	2021	4	3	18
	1963	1135	96.046587	16.453102	9.999945e+04	1.777769e+01	5.854832e+03	5.773049e+03	1.096125e+04	1.082837e+04	3.032062e+02	2.294999e-04	2021	4	4	0
	1968	1144	96.749712	17.296851	1.003218e+05	1.243199e+01	5.849025e+03	5.790004e+03	1.093541e+04	1.084009e+04	3.052980e+02	1.849291e-04	2021	4	4	6
start	26	2021	4	3	6
	2362	826	152.155904	-12.515608	1.005466e+05	1.419531e+01	5.851873e+03	5.789505e+03	1.093631e+04	1.084928e+04	3.042979e+02	2.844937e-04	2021	4	3	6
	2364	831	152.437154	-12.046858	1.006626e+05	1.559121e+01	5.875541e+03	5.809083e+03	1.092542e+04	1.086213e+04	3.040154e+02	2.848424e-04	2021	4	3	12
	2366	834	152.718403	-11.765609	1.005284e+05	1.398200e+01	5.843957e+03	5.814494e+03	1.091682e+04	1.084985e+04	3.037501e+02	3.294514e-04	2021	4	3	18
	2371	829	153.421528	-12.234358	1.007160e+05	1.674762e+01	5.867212e+03	5.824414e+03	1.093333e+04	1.086879e+04	3.035376e+02	2.180067e-04	2021	4	4	0
	2379	823	154.546526	-12.796857	1.005187e+05	1.677468e+01	5.856017e+03	5.799502e+03	1.092269e+04	1.083548e+04	3.034967e+02	3.015321e-04	2021	4	4	6
	2376	830	154.124652	-12.140608	1.006418e+05	1.958300e+01	5.871167e+03	5.823688e+03	1.092494e+04	1.086102e+04	3.034568e+02	4.054973e-04	2021	4	4	12
	2378	830	154.405902	-12.140608	1.004266e+05	1.792189e+01	5.852019e+03	5.795454e+03	1.091570e+04	1.083943e+04	3.034452e+02	3.070635e-04	2021	4	4	18
	2379	827	154.546526	-12.421858	1.006263e+05	1.474522e+01	5.870020e+03	5.832552e+03	1.093240e+04	1.084520e+04	3.033908e+02	2.751366e-04	2021	4	5	0
	2379	820	154.546526	-13.078107	1.003824e+05	1.839289e+01	5.849448e+03	5.795018e+03	1.091585e+04	1.081633e+04	3.034167e+02	2.858482e-04	2021	4	5	6
	2381	814	154.827776	-13.640606	1.005415e+05	2.120053e+01	5.868423e+03	5.814217e+03	1.096084e+04	1.084116e+04	3.034656e+02	3.854879e-04	2021	4	5	12
	2383	810	155.109026	-14.015606	1.003865e+05	1.582862e+01	5.843197e+03	5.802128e+03	1.088402e+04	1.082109e+04	3.033380e+02	3.260618e-04	2021	4	5	18
	2382	807	154.968401	-14.296855	1.005306e+05	1.500993e+01	5.859635e+03	5.818586e+03	1.089845e+04	1.084672e+04	3.032083e+02	2.448861e-04	2021	4	6	0
	2379	807	154.546526	-14.296855	1.002580e+05	1.695896e+01	5.837197e+03	5.797300e+03	1.091826e+04	1.082572e+04	3.033015e+02	2.674919e-04	2021	4	6	6
	2378	800	154.405902	-14.953104	1.003841e+05	1.863649e+01	5.865060e+03	5.801944e+03	1.093156e+04	1.084530e+04	3.031915e+02	2.730585e-04	2021	4	6	12
	2377	785	154.265277	-16.359352	1.001104e+05	2.407863e+01	5.845848e+03	5.798656e+03	1.093936e+04	1.082283e+04	3.027207e+02	4.217822e-04	2021	4	6	18
	2376	779	154.124652	-16.921851	1.003400e+05	1.909441e+01	5.865030e+03	5.797871e+03	1.092941e+04	1.083414e+04	3.025302e+02	2.836264e-04	2021	4	7	0
	2370	770	153.280903	-17.765600	1.001346e+05	1.764096e+01	5.851773e+03	5.795838e+03	1.091217e+04	1.081004e+04	3.021230e+02	2.380899e-04	2021	4	7	6
	2365	766	152.577778	-18.140600	1.003064e+05	1.840831e+01	5.857145e+03	5.815432e+03	1.090352e+04	1.081088e+04	3.019263e+02	1.727877e-04	2021	4	7	12
	2363	760	152.296529	-18.703099	1.001882e+05	1.821766e+01	5.847951e+03	5.782739e+03	1.087339e+04	1.079441e+04	3.017202e+02	2.705193e-04	2021	4	7	18
	2362	754	152.155904	-19.265598	1.003417e+05	2.022335e+01	5.852518e+03	5.801242e+03	1.090571e+04	1.081312e+04	3.014277e+02	2.495696e-04	2021	4	8	0
	2362	744	152.155904	-20.203097	1.001677e+05	2.124444e+01	5.837436e+03	5.752561e+03	1.091200e+04	1.080270e+04	3.012778e+02	2.210212e-04	2021	4	8	6
	2362	735	152.155904	-21.046846	1.002396e+05	1.976773e+01	5.856481e+03	5.773425e+03	1.092076e+04	1.081143e+04	3.007531e+02	2.492591e-04	2021	4	8	12
	2365	734	152.577778	-21.140596	1.001639e+05	2.506595e+01	5.862174e+03	5.767825e+03	1.088382e+04	1.079095e+04	3.006573e+02	2.695749e-04	2021	4	8	18
	2366	728	152.718403	-21.703095	1.002431e+05	2.689658e+01	5.864447e+03	5.795291e+03	1.089840e+04	1.079805e+04	3.004935e+02	2.090407e-04	2021	4	9	0
	2369	725	153.140278	-21.984344	9.999918e+04	2.395156e+01	5.851282e+03	5.785617e+03	1.087568e+04	1.077235e+04	3.006256e+02	1.468448e-04	2021	4	9	6
	2368	729	152.999653	-21.609345	1.003166e+05	2.712084e+01	5.871843e+03	5.814756e+03	1.089953e+04	1.079055e+04	3.006230e+02	1.534750e-04	2021	4	9	12
start	34	2021	4	4	18
	1716	875	61.312249	-7.921864	1.010143e+05	1.354062e+01	5.859068e+03	5.827113e+03	1.090186e+04	1.084421e+04	3.015540e+02	1.272160e-04	2021	4	4	18
	1718	875	61.593498	-7.921864	1.008585e+05	1.133006e+01	5.843045e+03	5.807020e+03	1.088769e+04	1.082673e+04	3.012977e+02	1.129323e-04	2021	4	5	0
	1721	872	62.015373	-8.203114	1.011302e+05	1.047417e+01	5.873741e+03	5.840417e+03	1.090769e+04	1.085991e+04	3.012031e+02	8.681224e-05	2021	4	5	6
	1725	862	62.577872	-9.140612	1.009404e+05	1.213483e+01	5.854925e+03	5.809657e+03	1.093245e+04	1.084678e+04	3.017661e+02	1.574319e-04	2021	4	5	12
	1719	859	61.734123	-9.421862	1.012130e+05	1.163455e+01	5.876540e+03	5.837919e+03	1.092236e+04	1.086151e+04	3.015198e+02	1.355166e-04	2021	4	5	18
	1715	859	61.171624	-9.421862	1.009157e+05	1.236350e+01	5.859370e+03	5.826486e+03	1.087550e+04	1.083444e+04	3.014070e+02	1.125439e-04	2021	4	6	0
	1714	862	61.030999	-9.140612	1.011806e+05	1.212436e+01	5.879919e+03	5.839530e+03	1.093159e+04	1.086093e+04	3.013381e+02	8.886323e-05	2021	4	6	6
	1712	862	60.749749	-9.140612	1.009707e+05	1.186350e+01	5.861174e+03	5.815427e+03	1.090624e+04	1.083453e+04	3.017283e+02	1.102213e-04	2021	4	6	12
	1707	863	60.046625	-9.046862	1.011828e+05	1.552812e+01	5.876299e+03	5.834622e+03	1.092532e+04	1.084873e+04	3.015808e+02	1.806190e-04	2021	4	6	18
	1699	867	58.921626	-8.671863	1.009485e+05	1.361358e+01	5.852190e+03	5.813561e+03	1.087109e+04	1.081409e+04	3.014391e+02	1.770419e-04	2021	4	7	0
	1695	867	58.359127	-8.671863	1.011160e+05	1.346935e+01	5.874121e+03	5.832118e+03	1.089233e+04	1.084803e+04	3.013913e+02	1.332987e-04	2021	4	7	6
	1688	874	57.374753	-8.015614	1.008310e+05	1.436469e+01	5.850479e+03	5.812504e+03	1.090664e+04	1.082717e+04	3.018858e+02	1.537722e-04	2021	4	7	12
	1681	875	56.390379	-7.921864	1.010457e+05	1.372399e+01	5.877906e+03	5.837871e+03	1.091032e+04	1.085240e+04	3.019661e+02	1.490187e-04	2021	4	7	18
	1674	873	55.406005	-8.109364	1.009446e+05	1.239664e+01	5.860088e+03	5.815167e+03	1.086436e+04	1.082524e+04	3.018106e+02	1.415815e-04	2021	4	8	0
	1663	881	53.859131	-7.359365	1.011263e+05	1.423824e+01	5.872197e+03	5.845480e+03	1.091195e+04	1.085853e+04	3.021181e+02	1.183701e-04	2021	4	8	6
	1658	881	53.156007	-7.359365	1.008036e+05	1.246698e+01	5.850308e+03	5.802675e+03	1.087853e+04	1.082943e+04	3.024486e+02	1.032152e-04	2021	4	8	12
	1655	882	52.734132	-7.265615	1.009765e+05	1.278435e+01	5.870883e+03	5.828082e+03	1.092931e+04	1.085315e+04	3.021517e+02	1.167311e-04	2021	4	8	18
	1649	882	51.890383	-7.265615	1.007567e+05	1.451261e+01	5.839345e+03	5.794334e+03	1.088873e+04	1.082419e+04	3.020397e+02	1.836431e-04	2021	4	9	0
	1639	890	50.484135	-6.515616	1.009475e+05	1.391539e+01	5.871611e+03	5.830270e+03	1.090187e+04	1.085502e+04	3.019372e+02	1.815836e-04	2021	4	9	6
	1641	891	50.765385	-6.421866	1.006424e+05	1.744127e+01	5.840033e+03	5.802476e+03	1.089467e+04	1.083300e+04	3.021173e+02	2.128199e-04	2021	4	9	12
	1639	885	50.484135	-6.984365	1.007872e+05	1.577139e+01	5.862613e+03	5.819899e+03	1.089450e+04	1.084431e+04	3.019384e+02	1.794880e-04	2021	4	9	18
	1633	883	49.640386	-7.171865	1.006069e+05	1.625548e+01	5.845261e+03	5.797111e+03	1.087562e+04	1.082896e+04	3.017354e+02	1.450277e-04	2021	4	10	0
	1629	877	49.077886	-7.734364	1.007618e+05	2.039640e+01	5.862597e+03	5.821765e+03	1.092165e+04	1.084845e+04	3.016790e+02	1.694003e-04	2021	4	10	6
	1619	876	47.671638	-7.828114	1.006674e+05	1.748931e+01	5.845165e+03	5.797461e+03	1.088960e+04	1.083114e+04	3.018977e+02	1.949285e-04	2021	4	10	12
	1613	874	46.827889	-8.015614	1.008075e+05	1.821414e+01	5.870574e+03	5.818665e+03	1.091653e+04	1.085162e+04	3.016342e+02	1.879552e-04	2021	4	10	18
	1605	875	45.702890	-7.921864	1.006611e+05	1.745915e+01	5.850673e+03	5.794813e+03	1.088128e+04	1.083022e+04	3.016090e+02	2.437000e-04	2021	4	11	0
	1598	876	44.718516	-7.828114	1.008819e+05	1.824329e+01	5.870395e+03	5.815748e+03	1.094759e+04	1.085593e+04	3.015629e+02	2.317643e-04	2021	4	11	6
	1593	874	44.015392	-8.015614	1.006545e+05	2.059156e+01	5.854655e+03	5.798868e+03	1.087302e+04	1.082992e+04	3.017341e+02	1.934499e-04	2021	4	11	12
	1582	879	42.468518	-7.546865	1.006726e+05	1.912525e+01	5.882301e+03	5.811039e+03	1.092469e+04	1.085480e+04	3.017125e+02	2.326718e-04	2021	4	11	18
	1577	879	41.765394	-7.546865	1.003978e+05	2.190054e+01	5.849315e+03	5.784514e+03	1.090765e+04	1.082529e+04	3.016267e+02	3.074405e-04	2021	4	12	0
	1571	882	40.921645	-7.265615	1.004620e+05	1.908463e+01	5.868369e+03	5.800072e+03	1.091647e+04	1.084785e+04	3.015877e+02	2.740275e-04	2021	4	12	6
	1564	887	39.937271	-6.796866	1.000935e+05	2.159015e+01	5.857470e+03	5.783878e+03	1.089178e+04	1.082927e+04	3.037090e+02	2.023524e-04	2021	4	12	12
	1558	889	39.093522	-6.609366	1.005067e+05	1.663902e+01	5.868637e+03	5.809184e+03	1.091733e+04	1.085173e+04	3.016962e+02	1.667506e-04	2021	4	12	18
	1552	892	38.249773	-6.328116	1.008692e+05	1.194852e+01	5.845819e+03	5.797150e+03	1.086290e+04	1.082135e+04	3.012758e+02	1.768326e-04	2021	4	13	0
start	24	2021	4	10	18
	100	774	-165.937515	-17.390601	1.008242e+05	1.419294e+01	5.861788e+03	5.813015e+03	1.092240e+04	1.084462e+04	3.027198e+02	2.951244e-04	2021	4	10	18
	99	783	-166.078140	-16.546852	1.008813e+05	1.561916e+01	5.842843e+03	5.803868e+03	1.089742e+04	1.084867e+04	3.029334e+02	2.136360e-04	2021	4	11	0
	103	777	-165.515640	-17.109351	1.006625e+05	1.901827e+01	5.848774e+03	5.799136e+03	1.090119e+04	1.084640e+04	3.029219e+02	2.482657e-04	2021	4	11	6
	115	753	-163.828142	-19.359348	1.007068e+05	1.914843e+01	5.843989e+03	5.788991e+03	1.090315e+04	1.082873e+04	3.023769e+02	2.623339e-04	2021	4	11	12
	111	745	-164.390641	-20.109347	1.003503e+05	1.886606e+01	5.842296e+03	5.792151e+03	1.089846e+04	1.082386e+04	3.021857e+02	2.465141e-04	2021	4	11	18
	113	747	-164.109392	-19.921847	1.003560e+05	1.615272e+01	5.831190e+03	5.780729e+03	1.089872e+04	1.082273e+04	3.022767e+02	1.768120e-04	2021	4	12	0
	122	742	-162.843768	-20.390597	1.000356e+05	1.799079e+01	5.846082e+03	5.773301e+03	1.091214e+04	1.082235e+04	3.022232e+02	1.903446e-04	2021	4	12	6
	129	733	-161.859394	-21.234345	9.994473e+04	2.024199e+01	5.830607e+03	5.763415e+03	1.089473e+04	1.080723e+04	3.018535e+02	2.151110e-04	2021	4	12	12
	132	733	-161.437519	-21.234345	9.980645e+04	1.984439e+01	5.836463e+03	5.770986e+03	1.089560e+04	1.080917e+04	3.019168e+02	2.175089e-04	2021	4	12	18
	140	731	-160.312521	-21.421845	9.988180e+04	1.853927e+01	5.827597e+03	5.755783e+03	1.088951e+04	1.080427e+04	3.021718e+02	1.462878e-04	2021	4	13	0
	147	725	-159.328147	-21.984344	9.956323e+04	1.872425e+01	5.836845e+03	5.751356e+03	1.088280e+04	1.080166e+04	3.020758e+02	1.308757e-04	2021	4	13	6
	155	722	-158.203148	-22.265594	9.962013e+04	2.159466e+01	5.832651e+03	5.753325e+03	1.089775e+04	1.078726e+04	3.018098e+02	1.158871e-04	2021	4	13	12
	163	720	-157.078149	-22.453094	9.963998e+04	2.153508e+01	5.841342e+03	5.750952e+03	1.091612e+04	1.079149e+04	3.017206e+02	1.887876e-04	2021	4	13	18
	172	715	-155.812525	-22.921843	9.962008e+04	2.428311e+01	5.836527e+03	5.747297e+03	1.088075e+04	1.078385e+04	3.015191e+02	1.249378e-04	2021	4	14	0
	182	714	-154.406277	-23.015593	9.960816e+04	2.395729e+01	5.854852e+03	5.756947e+03	1.092041e+04	1.080149e+04	3.017745e+02	1.873991e-04	2021	4	14	6
	191	712	-153.140653	-23.203093	9.912923e+04	2.711063e+01	5.836307e+03	5.739887e+03	1.087460e+04	1.079797e+04	3.017714e+02	1.391655e-04	2021	4	14	12
	197	704	-152.296904	-23.953092	9.921898e+04	2.515162e+01	5.862761e+03	5.757369e+03	1.088286e+04	1.078660e+04	3.012213e+02	1.455030e-04	2021	4	14	18
	201	699	-151.734404	-24.421841	9.938264e+04	2.362893e+01	5.835750e+03	5.760456e+03	1.087627e+04	1.076789e+04	3.010024e+02	1.417978e-04	2021	4	15	0
	209	692	-150.609406	-25.078090	9.934522e+04	2.644810e+01	5.866622e+03	5.725842e+03	1.088935e+04	1.076025e+04	3.004774e+02	1.764894e-04	2021	4	15	6
	216	682	-149.625032	-26.015589	9.924002e+04	2.718314e+01	5.843356e+03	5.739071e+03	1.086591e+04	1.072067e+04	3.001357e+02	2.630890e-04	2021	4	15	12
	226	668	-148.218783	-27.328087	9.938356e+04	2.771399e+01	5.855768e+03	5.752058e+03	1.087323e+04	1.070564e+04	2.994501e+02	2.288776e-04	2021	4	15	18
	236	654	-146.812535	-28.640585	9.934252e+04	2.797729e+01	5.839991e+03	5.725093e+03	1.086881e+04	1.068381e+04	2.988561e+02	2.321879e-04	2021	4	16	0
	246	640	-145.406286	-29.953083	9.932465e+04	2.848145e+01	5.851894e+03	5.724247e+03	1.086293e+04	1.065938e+04	2.977778e+02	2.587557e-04	2021	4	16	6
	259	632	-143.578163	-30.703082	9.960817e+04	2.725842e+01	5.843097e+03	5.707385e+03	1.085360e+04	1.063748e+04	2.970274e+02	2.644822e-04	2021	4	16	12
start	33	2021	4	11	6
	1062	831	-30.656406	-12.046858	1.005210e+05	1.182884e+01	5.831355e+03	5.780634e+03	1.086014e+04	1.081238e+04	3.028179e+02	3.501002e-04	2021	4	11	6
	1056	831	-31.500155	-12.046858	1.005568e+05	1.450722e+01	5.843953e+03	5.800611e+03	1.089568e+04	1.084441e+04	3.025751e+02	1.992191e-04	2021	4	11	12
	1056	830	-31.500155	-12.140608	1.003574e+05	1.326681e+01	5.829126e+03	5.778402e+03	1.088028e+04	1.082644e+04	3.028591e+02	2.303411e-04	2021	4	11	18
	1059	824	-31.078280	-12.703107	1.004819e+05	1.487405e+01	5.845909e+03	5.793129e+03	1.091711e+04	1.084813e+04	3.026099e+02	3.942045e-04	2021	4	12	0
	1062	822	-30.656406	-12.890607	1.002601e+05	1.517855e+01	5.825033e+03	5.768539e+03	1.089383e+04	1.080578e+04	3.024678e+02	4.730609e-04	2021	4	12	6
	1068	817	-29.812657	-13.359356	1.002822e+05	1.743602e+01	5.850650e+03	5.786449e+03	1.090529e+04	1.083159e+04	3.021833e+02	4.714708e-04	2021	4	12	12
	1066	799	-30.093906	-15.046854	9.994829e+04	1.724929e+01	5.830628e+03	5.758986e+03	1.088745e+04	1.082585e+04	3.026246e+02	4.009320e-04	2021	4	12	18
	1060	796	-30.937655	-15.328104	9.999944e+04	1.744496e+01	5.836363e+03	5.771005e+03	1.091295e+04	1.082179e+04	3.022228e+02	5.132539e-04	2021	4	13	0
	1055	804	-31.640780	-14.578105	9.971955e+04	1.678725e+01	5.818811e+03	5.732474e+03	1.089914e+04	1.079276e+04	3.022612e+02	5.593319e-04	2021	4	13	6
	1064	799	-30.375156	-15.046854	9.970833e+04	1.973344e+01	5.829310e+03	5.746631e+03	1.090257e+04	1.082006e+04	3.019676e+02	5.488796e-04	2021	4	13	12
	1066	785	-30.093906	-16.359352	9.942449e+04	2.300405e+01	5.807027e+03	5.729118e+03	1.088848e+04	1.080861e+04	3.019975e+02	5.027467e-04	2021	4	13	18
	1066	778	-30.093906	-17.015601	9.940223e+04	2.496470e+01	5.820600e+03	5.722671e+03	1.089034e+04	1.081448e+04	3.017755e+02	5.909684e-04	2021	4	14	0
	1069	777	-29.672032	-17.109351	9.903054e+04	3.082144e+01	5.795929e+03	5.678237e+03	1.088898e+04	1.078542e+04	3.014965e+02	6.896089e-04	2021	4	14	6
	1074	782	-28.968907	-16.640602	9.888545e+04	2.904563e+01	5.815829e+03	5.687440e+03	1.086046e+04	1.079385e+04	3.012278e+02	6.506841e-04	2021	4	14	12
	1077	774	-28.547033	-17.390601	9.830751e+04	3.280276e+01	5.796038e+03	5.643399e+03	1.085353e+04	1.074515e+04	3.013196e+02	6.042747e-04	2021	4	14	18
	1083	775	-27.703284	-17.296851	9.808714e+04	3.776089e+01	5.806556e+03	5.629278e+03	1.086309e+04	1.076485e+04	3.009507e+02	6.669115e-04	2021	4	15	0
	1091	769	-26.578285	-17.859350	9.748570e+04	3.973497e+01	5.790158e+03	5.576128e+03	1.081707e+04	1.071791e+04	3.007157e+02	6.724890e-04	2021	4	15	6
	1099	759	-25.453286	-18.796849	9.733884e+04	3.872957e+01	5.793520e+03	5.579358e+03	1.083570e+04	1.073553e+04	3.006823e+02	6.493688e-04	2021	4	15	12
	1106	752	-24.468912	-19.453098	9.673920e+04	3.903527e+01	5.779845e+03	5.540059e+03	1.082716e+04	1.070381e+04	3.008021e+02	6.854951e-04	2021	4	15	18
	1112	739	-23.625163	-20.671846	9.664077e+04	4.104179e+01	5.789366e+03	5.531719e+03	1.083986e+04	1.070646e+04	3.003506e+02	7.375713e-04	2021	4	16	0
	1119	721	-22.640789	-22.359344	9.646710e+04	4.217108e+01	5.756442e+03	5.513512e+03	1.080868e+04	1.068067e+04	3.000380e+02	6.431833e-04	2021	4	16	6
	1126	701	-21.656415	-24.234341	9.653160e+04	4.530952e+01	5.756734e+03	5.540155e+03	1.083029e+04	1.068479e+04	2.994907e+02	6.632860e-04	2021	4	16	12
	1140	689	-19.687667	-25.359340	9.605059e+04	4.787644e+01	5.757963e+03	5.491971e+03	1.082964e+04	1.065343e+04	2.991964e+02	6.028863e-04	2021	4	16	18
	1154	668	-17.718919	-27.328087	9.639544e+04	4.335203e+01	5.771802e+03	5.508095e+03	1.082877e+04	1.063834e+04	2.986172e+02	5.523794e-04	2021	4	17	0
	1164	650	-16.312671	-29.015585	9.627570e+04	4.089198e+01	5.748838e+03	5.496768e+03	1.081524e+04	1.056099e+04	2.975362e+02	4.673055e-04	2021	4	17	6
	1178	629	-14.343923	-30.984332	9.653120e+04	3.914698e+01	5.751261e+03	5.513108e+03	1.082249e+04	1.052367e+04	2.969211e+02	4.367950e-04	2021	4	17	12
	1191	606	-12.515800	-33.140579	9.647170e+04	4.299193e+01	5.723295e+03	5.480510e+03	1.080175e+04	1.048191e+04	2.960761e+02	4.958321e-04	2021	4	17	18
	1201	596	-11.109551	-34.078078	9.622932e+04	4.385218e+01	5.724208e+03	5.447202e+03	1.079555e+04	1.047908e+04	2.949284e+02	3.947661e-04	2021	4	18	0
	1210	584	-9.843927	-35.203076	9.605778e+04	3.871316e+01	5.702272e+03	5.441071e+03	1.078321e+04	1.046469e+04	2.937928e+02	2.061375e-04	2021	4	18	6
	1222	576	-8.156429	-35.953075	9.661005e+04	3.490976e+01	5.714146e+03	5.457094e+03	1.078086e+04	1.049149e+04	2.935473e+02	1.419896e-04	2021	4	18	12
	1226	571	-7.593930	-36.421824	9.660123e+04	3.506518e+01	5.693732e+03	5.450237e+03	1.076563e+04	1.047714e+04	2.934262e+02	1.575494e-04	2021	4	18	18
	1231	572	-6.890805	-36.328075	9.689570e+04	3.413817e+01	5.704011e+03	5.467260e+03	1.076293e+04	1.046761e+04	2.932985e+02	9.766014e-05	2021	4	19	0
	1242	571	-5.343932	-36.421824	9.718315e+04	2.906737e+01	5.712062e+03	5.476837e+03	1.075793e+04	1.045188e+04	2.931312e+02	1.044740e-04	2021	4	19	6
start	25	2021	4	14	12
	1759	858	67.359117	-9.515612	1.007375e+05	1.165291e+01	5.840606e+03	5.788092e+03	1.086877e+04	1.083532e+04	3.018819e+02	7.054964e-05	2021	4	14	12
	1756	850	66.937243	-10.265611	1.009503e+05	1.569856e+01	5.851659e+03	5.812657e+03	1.088552e+04	1.084215e+04	3.015228e+02	9.962691e-05	2021	4	14	18
	1748	844	65.812244	-10.828110	1.006721e+05	1.437649e+01	5.835372e+03	5.784886e+03	1.085428e+04	1.081846e+04	3.015545e+02	1.102515e-04	2021	4	15	0
	1745	854	65.390369	-9.890611	1.008312e+05	1.284028e+01	5.849992e+03	5.822837e+03	1.086947e+04	1.085078e+04	3.015618e+02	8.381422e-05	2021	4	15	6
	1746	855	65.530994	-9.796861	1.005433e+05	1.285028e+01	5.834008e+03	5.791240e+03	1.086689e+04	1.082560e+04	3.019592e+02	1.410281e-04	2021	4	15	12
	1739	850	64.546620	-10.265611	1.007110e+05	1.383002e+01	5.850731e+03	5.811210e+03	1.090577e+04	1.083898e+04	3.016247e+02	1.642643e-04	2021	4	15	18
	1737	848	64.265370	-10.453110	1.005240e+05	1.720393e+01	5.837033e+03	5.787962e+03	1.089146e+04	1.081737e+04	3.014604e+02	1.858450e-04	2021	4	16	0
	1726	839	62.718497	-11.296859	1.006677e+05	1.902624e+01	5.850718e+03	5.807875e+03	1.091223e+04	1.084049e+04	3.012491e+02	1.566730e-04	2021	4	16	6
	1720	839	61.874748	-11.296859	1.003494e+05	1.712145e+01	5.833917e+03	5.788589e+03	1.086126e+04	1.082008e+04	3.015891e+02	1.426755e-04	2021	4	16	12
	1713	835	60.890374	-11.671859	1.005826e+05	1.749817e+01	5.862962e+03	5.788802e+03	1.090007e+04	1.083320e+04	3.014863e+02	1.865072e-04	2021	4	16	18
	1708	830	60.187250	-12.140608	1.003510e+05	2.188032e+01	5.836969e+03	5.768477e+03	1.085542e+04	1.080764e+04	3.010871e+02	1.959162e-04	2021	4	17	0
	1698	827	58.781001	-12.421858	1.006217e+05	1.947464e+01	5.859636e+03	5.831038e+03	1.086772e+04	1.084376e+04	3.009461e+02	5.979758e-05	2021	4	17	6
	1693	831	58.077877	-12.046858	1.004501e+05	1.566405e+01	5.840025e+03	5.790885e+03	1.088551e+04	1.082335e+04	3.013067e+02	9.174339e-05	2021	4	17	12
	1691	832	57.796627	-11.953108	1.006834e+05	1.463076e+01	5.861187e+03	5.817267e+03	1.091280e+04	1.084280e+04	3.010243e+02	1.654511e-04	2021	4	17	18
	1691	823	57.796627	-12.796857	1.004128e+05	1.908825e+01	5.843714e+03	5.789386e+03	1.087544e+04	1.081064e+04	3.008466e+02	1.323267e-04	2021	4	18	0
	1681	822	56.390379	-12.890607	1.006730e+05	1.797328e+01	5.866482e+03	5.827424e+03	1.087392e+04	1.082994e+04	3.009577e+02	1.076932e-04	2021	4	18	6
	1676	823	55.687254	-12.796857	1.005567e+05	1.433363e+01	5.854220e+03	5.807718e+03	1.089737e+04	1.081482e+04	3.014114e+02	5.543224e-05	2021	4	18	12
	1669	823	54.702880	-12.796857	1.007460e+05	1.615536e+01	5.870755e+03	5.830861e+03	1.090469e+04	1.083531e+04	3.013387e+02	1.279874e-04	2021	4	18	18
	1663	823	53.859131	-12.796857	1.005629e+05	1.821437e+01	5.846355e+03	5.789595e+03	1.089286e+04	1.079353e+04	3.012110e+02	1.838181e-04	2021	4	19	0
	1662	826	53.718506	-12.515608	1.007887e+05	1.603337e+01	5.869098e+03	5.832603e+03	1.086880e+04	1.084068e+04	3.011535e+02	1.409289e-04	2021	4	19	6
	1655	819	52.734132	-13.171857	1.006044e+05	1.773864e+01	5.846952e+03	5.806146e+03	1.087767e+04	1.080868e+04	3.009829e+02	1.127376e-04	2021	4	19	12
	1654	826	52.593508	-12.515608	1.008145e+05	1.600296e+01	5.867660e+03	5.828657e+03	1.091390e+04	1.082172e+04	3.012161e+02	1.352968e-04	2021	4	19	18
	1651	823	52.171633	-12.796857	1.008098e+05	1.894691e+01	5.854855e+03	5.793497e+03	1.091667e+04	1.081918e+04	3.006723e+02	1.685931e-04	2021	4	20	0
	1644	817	51.187259	-13.359356	1.010887e+05	1.748965e+01	5.873935e+03	5.821253e+03	1.090650e+04	1.083115e+04	3.004005e+02	1.384126e-04	2021	4	20	6
	1638	809	50.343510	-14.109355	1.008774e+05	1.472462e+01	5.853804e+03	5.809217e+03	1.089299e+04	1.080593e+04	3.033173e+02	9.668776e-05	2021	4	20	12
start	17	2021	4	14	18
	46	808	-173.531257	-14.203105	1.006158e+05	1.468319e+01	5.847704e+03	5.809963e+03	1.090507e+04	1.085120e+04	3.033038e+02	2.499442e-04	2021	4	14	18
	46	808	-173.531257	-14.203105	1.007536e+05	1.440461e+01	5.850051e+03	5.801657e+03	1.090740e+04	1.085334e+04	3.034525e+02	1.662236e-04	2021	4	15	0
	52	799	-172.687508	-15.046854	1.006503e+05	1.352455e+01	5.858079e+03	5.813869e+03	1.091483e+04	1.085735e+04	3.036731e+02	1.562093e-04	2021	4	15	6
	54	791	-172.406258	-15.796853	1.007621e+05	1.248787e+01	5.858134e+03	5.816681e+03	1.093970e+04	1.084483e+04	3.032316e+02	2.390808e-04	2021	4	15	12
	58	785	-171.843758	-16.359352	1.006720e+05	1.489342e+01	5.852416e+03	5.820649e+03	1.091625e+04	1.084136e+04	3.030466e+02	2.474235e-04	2021	4	15	18
	56	774	-172.125008	-17.390601	1.007932e+05	1.322084e+01	5.850389e+03	5.811659e+03	1.093725e+04	1.082955e+04	3.032093e+02	1.643785e-04	2021	4	16	0
	56	774	-172.125008	-17.390601	1.005928e+05	1.465265e+01	5.854858e+03	5.814643e+03	1.093818e+04	1.084516e+04	3.035215e+02	1.575176e-04	2021	4	16	6
	60	763	-171.562509	-18.421849	1.007539e+05	1.458672e+01	5.856559e+03	5.813146e+03	1.091068e+04	1.084251e+04	3.030427e+02	2.013119e-04	2021	4	16	12
	55	758	-172.265633	-18.890599	1.005648e+05	1.745823e+01	5.857560e+03	5.819149e+03	1.094451e+04	1.083038e+04	3.029263e+02	2.360959e-04	2021	4	16	18
	50	758	-172.968757	-18.890599	1.007489e+05	1.525814e+01	5.857090e+03	5.808175e+03	1.090955e+04	1.083345e+04	3.028362e+02	1.563092e-04	2021	4	17	0
	49	750	-173.109382	-19.640598	1.004474e+05	1.647013e+01	5.846914e+03	5.797164e+03	1.092847e+04	1.081740e+04	3.026597e+02	2.081488e-04	2021	4	17	6
	50	741	-172.968757	-20.484347	1.006291e+05	1.635442e+01	5.852810e+03	5.787466e+03	1.090523e+04	1.079740e+04	3.022702e+02	2.259573e-04	2021	4	17	12
	49	734	-173.109382	-21.140596	1.004272e+05	1.772191e+01	5.838225e+03	5.773814e+03	1.089299e+04	1.078314e+04	3.021599e+02	2.367684e-04	2021	4	17	18
	50	724	-172.968757	-22.078094	1.004869e+05	1.995746e+01	5.840524e+03	5.756759e+03	1.087164e+04	1.077158e+04	3.021107e+02	9.852785e-05	2021	4	18	0
	51	704	-172.828132	-23.953092	1.000370e+05	1.917127e+01	5.837960e+03	5.719335e+03	1.090872e+04	1.073508e+04	3.011897e+02	1.791200e-04	2021	4	18	6
	49	693	-173.109382	-24.984340	1.003715e+05	2.341654e+01	5.841039e+03	5.711618e+03	1.088999e+04	1.072018e+04	3.000438e+02	2.492486e-04	2021	4	18	12
	16	704	-177.750002	-23.953092	1.001334e+05	1.469580e+01	5.837902e+03	5.639965e+03	1.087425e+04	1.065855e+04	3.008267e+02	1.508097e-04	2021	4	18	18
start	64	2021	4	16	18
	2024	815	104.624703	-13.546856	1.008651e+05	1.114354e+01	5.867823e+03	5.799788e+03	1.089552e+04	1.084903e+04	3.021275e+02	1.106646e-04	2021	4	16	18
	2014	819	103.218455	-13.171857	1.006832e+05	1.289286e+01	5.866462e+03	5.808298e+03	1.090965e+04	1.084498e+04	3.021758e+02	1.624771e-04	2021	4	17	0
	2002	817	101.530957	-13.359356	1.007953e+05	1.327905e+01	5.863263e+03	5.807898e+03	1.091311e+04	1.085256e+04	3.024084e+02	1.258370e-04	2021	4	17	6
	1988	813	99.562209	-13.734356	1.006461e+05	1.614895e+01	5.867577e+03	5.804097e+03	1.092745e+04	1.085358e+04	3.028388e+02	1.819119e-04	2021	4	17	12
	1979	821	98.296585	-12.984357	1.007227e+05	1.682863e+01	5.871648e+03	5.813216e+03	1.092542e+04	1.085889e+04	3.023434e+02	1.612294e-04	2021	4	17	18
	1965	818	96.327837	-13.265607	1.005673e+05	1.740078e+01	5.860111e+03	5.788386e+03	1.092352e+04	1.084132e+04	3.020673e+02	2.283511e-04	2021	4	18	0
	1951	820	94.359089	-13.078107	1.006376e+05	1.806723e+01	5.859625e+03	5.790620e+03	1.090092e+04	1.083872e+04	3.020431e+02	1.686912e-04	2021	4	18	6
	1939	826	92.671591	-12.515608	1.003704e+05	1.717308e+01	5.860782e+03	5.779548e+03	1.090473e+04	1.084224e+04	3.019890e+02	1.491836e-04	2021	4	18	12
	1932	828	91.687217	-12.328108	1.004569e+05	1.579487e+01	5.866976e+03	5.774049e+03	1.093185e+04	1.084764e+04	3.016631e+02	1.835011e-04	2021	4	18	18
	1924	835	90.562218	-11.671859	1.000753e+05	1.787086e+01	5.851359e+03	5.764860e+03	1.087987e+04	1.082690e+04	3.015695e+02	1.869491e-04	2021	4	19	0
	1917	841	89.577844	-11.109360	1.000524e+05	1.826700e+01	5.851743e+03	5.770701e+03	1.091575e+04	1.083965e+04	3.016863e+02	1.686318e-04	2021	4	19	6
	1912	841	88.874720	-11.109360	9.968251e+04	1.978734e+01	5.848269e+03	5.761286e+03	1.091125e+04	1.082428e+04	3.015763e+02	1.580789e-04	2021	4	19	12
	1902	840	87.468471	-11.203109	9.979408e+04	2.164840e+01	5.860561e+03	5.753992e+03	1.091006e+04	1.082071e+04	3.011149e+02	2.237037e-04	2021	4	19	18
	1895	841	86.484097	-11.109360	9.950682e+04	2.385127e+01	5.839515e+03	5.768619e+03	1.087785e+04	1.081261e+04	3.009542e+02	2.015227e-04	2021	4	20	0
	1887	842	85.359098	-11.015610	9.981706e+04	2.056887e+01	5.847992e+03	5.783869e+03	1.089049e+04	1.083469e+04	3.007524e+02	1.200130e-04	2021	4	20	6
	1881	846	84.515349	-10.640610	9.954448e+04	2.137946e+01	5.836516e+03	5.770483e+03	1.087305e+04	1.083158e+04	3.009313e+02	1.319497e-04	2021	4	20	12
	1876	847	83.812225	-10.546860	9.994588e+04	2.050818e+01	5.848030e+03	5.808045e+03	1.088957e+04	1.081815e+04	3.009866e+02	1.671752e-04	2021	4	20	18
	1872	849	83.249726	-10.359361	9.969381e+04	2.168119e+01	5.827688e+03	5.775261e+03	1.087299e+04	1.080683e+04	3.009633e+02	2.264554e-04	2021	4	21	0
	1869	847	82.827851	-10.546860	9.995033e+04	1.904758e+01	5.850834e+03	5.795407e+03	1.087382e+04	1.082808e+04	3.008921e+02	1.611492e-04	2021	4	21	6
	1866	847	82.405977	-10.546860	9.974759e+04	1.886920e+01	5.830102e+03	5.780273e+03	1.086522e+04	1.081562e+04	3.009409e+02	8.858968e-05	2021	4	21	12
	1865	848	82.265352	-10.453110	1.000539e+05	1.690564e+01	5.851504e+03	5.804548e+03	1.088947e+04	1.083143e+04	3.007971e+02	7.562772e-05	2021	4	21	18
	1863	850	81.984102	-10.265611	9.985236e+04	1.647439e+01	5.827361e+03	5.765123e+03	1.090462e+04	1.080317e+04	3.007423e+02	1.673916e-04	2021	4	22	0
	1865	851	82.265352	-10.171861	1.000556e+05	2.292055e+01	5.832223e+03	5.780634e+03	1.090513e+04	1.082020e+04	3.007275e+02	1.960495e-04	2021	4	22	6
	1861	850	81.702852	-10.265611	9.983502e+04	2.018899e+01	5.823887e+03	5.798230e+03	1.084920e+04	1.082031e+04	3.003994e+02	8.617313e-05	2021	4	22	12
	1857	854	81.140353	-9.890611	1.001411e+05	1.732085e+01	5.839334e+03	5.798305e+03	1.092004e+04	1.083000e+04	3.007914e+02	1.003819e-04	2021	4	22	18
	1856	858	80.999728	-9.515612	9.998798e+04	1.664747e+01	5.820633e+03	5.777626e+03	1.089322e+04	1.081452e+04	3.008006e+02	2.319180e-04	2021	4	23	0
	1857	857	81.140353	-9.609362	1.001863e+05	2.259665e+01	5.834803e+03	5.778919e+03	1.090719e+04	1.081713e+04	3.005834e+02	2.229439e-04	2021	4	23	6
	1854	859	80.718478	-9.421862	9.992709e+04	2.540794e+01	5.841432e+03	5.770226e+03	1.087605e+04	1.081382e+04	3.007548e+02	1.859757e-04	2021	4	23	12
	1851	861	80.296604	-9.234362	1.002856e+05	2.121808e+01	5.846067e+03	5.789189e+03	1.089504e+04	1.082552e+04	3.005840e+02	1.690669e-04	2021	4	23	18
	1848	867	79.874729	-8.671863	1.001760e+05	1.778789e+01	5.826298e+03	5.777641e+03	1.086678e+04	1.080554e+04	3.007532e+02	1.116855e-04	2021	4	24	0
	1846	869	79.593479	-8.484363	1.003844e+05	1.774175e+01	5.835490e+03	5.810804e+03	1.085909e+04	1.082567e+04	3.007756e+02	1.158828e-04	2021	4	24	6
	1839	868	78.609106	-8.578113	1.001916e+05	1.628380e+01	5.829377e+03	5.783770e+03	1.086449e+04	1.081959e+04	3.009967e+02	8.842722e-05	2021	4	24	12
	1829	872	77.202857	-8.203114	1.003197e+05	1.814004e+01	5.840241e+03	5.791576e+03	1.090348e+04	1.082226e+04	3.009228e+02	1.557935e-04	2021	4	24	18
	1822	873	76.218483	-8.109364	1.000935e+05	1.776984e+01	5.817694e+03	5.760705e+03	1.090989e+04	1.080264e+04	3.009626e+02	1.314484e-04	2021	4	25	0
	1823	878	76.359108	-7.640614	1.003005e+05	1.787444e+01	5.831873e+03	5.805795e+03	1.085136e+04	1.082238e+04	3.009377e+02	9.684442e-05	2021	4	25	6
	1816	870	75.374734	-8.390613	1.000868e+05	1.605598e+01	5.820628e+03	5.769582e+03	1.090401e+04	1.079828e+04	3.011307e+02	1.473665e-04	2021	4	25	12
	1807	871	74.109110	-8.296863	1.001864e+05	1.658975e+01	5.841093e+03	5.788515e+03	1.091535e+04	1.081755e+04	3.010816e+02	1.963672e-04	2021	4	25	18
	1799	868	72.984111	-8.578113	9.996341e+04	1.916081e+01	5.823166e+03	5.744130e+03	1.092499e+04	1.078496e+04	3.011089e+02	2.852992e-04	2021	4	26	0
	1788	870	71.437238	-8.390613	1.001791e+05	2.262416e+01	5.840694e+03	5.785428e+03	1.089364e+04	1.081670e+04	3.015170e+02	1.933071e-04	2021	4	26	6
	1783	873	70.734114	-8.109364	1.000589e+05	2.206393e+01	5.823777e+03	5.768167e+03	1.089339e+04	1.078956e+04	3.015860e+02	1.352836e-04	2021	4	26	12
	1791	878	71.859113	-7.640614	1.003728e+05	1.742702e+01	5.846395e+03	5.798101e+03	1.089343e+04	1.082417e+04	3.014569e+02	9.509612e-05	2021	4	26	18
	1784	879	70.874739	-7.546865	1.002930e+05	1.814963e+01	5.833187e+03	5.780716e+03	1.088328e+04	1.080220e+04	3.014249e+02	1.737246e-04	2021	4	27	0
	1772	877	69.187240	-7.734364	1.005768e+05	1.823831e+01	5.856899e+03	5.822525e+03	1.090390e+04	1.082598e+04	3.016378e+02	9.123651e-05	2021	4	27	6
	1769	884	68.765366	-7.078115	1.003683e+05	1.735361e+01	5.839922e+03	5.795889e+03	1.090614e+04	1.081364e+04	3.018820e+02	9.429465e-05	2021	4	27	12
	1757	883	67.077868	-7.171865	1.006413e+05	1.769946e+01	5.860167e+03	5.811357e+03	1.093140e+04	1.083143e+04	3.016957e+02	1.733974e-04	2021	4	27	18
	1747	884	65.671619	-7.078115	1.003482e+05	1.738814e+01	5.840765e+03	5.792948e+03	1.092350e+04	1.081350e+04	3.015505e+02	2.749383e-04	2021	4	28	0
	1743	883	65.109120	-7.171865	1.006807e+05	1.688854e+01	5.860980e+03	5.816144e+03	1.097371e+04	1.083690e+04	3.015025e+02	1.617628e-04	2021	4	28	6
	1732	882	63.562246	-7.265615	1.004589e+05	1.661767e+01	5.861535e+03	5.781627e+03	1.092670e+04	1.082451e+04	3.018645e+02	8.781446e-05	2021	4	28	12
	1722	882	62.155998	-7.265615	1.006751e+05	1.726995e+01	5.863198e+03	5.813337e+03	1.095715e+04	1.082904e+04	3.016069e+02	2.163242e-04	2021	4	28	18
	1707	880	60.046625	-7.453115	1.003628e+05	1.650858e+01	5.840851e+03	5.777936e+03	1.089813e+04	1.081095e+04	3.013953e+02	2.352933e-04	2021	4	29	0
	1708	877	60.187250	-7.734364	1.006099e+05	1.643280e+01	5.865006e+03	5.813909e+03	1.087559e+04	1.084184e+04	3.013127e+02	1.289006e-04	2021	4	29	6
	1698	877	58.781001	-7.734364	1.004167e+05	1.749263e+01	5.838082e+03	5.789188e+03	1.091570e+04	1.080632e+04	3.016474e+02	1.593885e-04	2021	4	29	12
	1692	875	57.937252	-7.921864	1.005362e+05	1.863846e+01	5.862612e+03	5.801807e+03	1.095897e+04	1.083338e+04	3.015828e+02	2.648958e-04	2021	4	29	18
	1685	874	56.952878	-8.015614	1.003315e+05	1.825765e+01	5.835825e+03	5.784364e+03	1.086790e+04	1.081307e+04	3.018633e+02	2.442322e-04	2021	4	30	0
	1678	876	55.968504	-7.828114	1.004032e+05	1.822837e+01	5.867115e+03	5.807496e+03	1.091029e+04	1.083227e+04	3.018414e+02	1.211200e-04	2021	4	30	6
	1669	871	54.702880	-8.296863	1.001921e+05	1.997118e+01	5.849954e+03	5.773290e+03	1.088263e+04	1.081016e+04	3.019840e+02	1.781764e-04	2021	4	30	12
	1663	875	53.859131	-7.921864	1.002942e+05	2.116003e+01	5.872359e+03	5.810560e+03	1.090974e+04	1.084603e+04	3.019754e+02	2.158506e-04	2021	4	30	18
	1656	873	52.874757	-8.109364	1.002124e+05	2.457129e+01	5.847665e+03	5.787555e+03	1.086709e+04	1.081324e+04	3.018533e+02	2.182374e-04	2021	5	1	0
	1654	882	52.593508	-7.265615	1.005315e+05	1.803209e+01	5.880617e+03	5.819759e+03	1.091607e+04	1.084646e+04	3.020257e+02	1.936169e-04	2021	5	1	6
	1645	879	51.327884	-7.546865	1.003943e+05	1.964861e+01	5.841084e+03	5.785834e+03	1.090994e+04	1.081894e+04	3.024086e+02	2.288508e-04	2021	5	1	12
	1638	881	50.343510	-7.359365	1.005856e+05	2.098509e+01	5.867733e+03	5.816570e+03	1.090663e+04	1.084856e+04	3.021312e+02	2.242708e-04	2021	5	1	18
	1631	887	49.359136	-6.796866	1.005400e+05	2.165513e+01	5.843762e+03	5.788276e+03	1.094747e+04	1.081417e+04	3.020998e+02	1.474866e-04	2021	5	2	0
	1628	886	48.937261	-6.890615	1.007139e+05	1.994526e+01	5.872634e+03	5.822243e+03	1.093753e+04	1.083378e+04	3.019570e+02	1.798157e-04	2021	5	2	6
	1620	886	47.812263	-6.890615	1.006170e+05	2.185191e+01	5.861145e+03	5.803201e+03	1.096231e+04	1.081553e+04	3.016995e+02	1.770376e-04	2021	5	2	12
start	10	2021	4	17	18
	2115	1301	117.421565	32.015581	9.976465e+04	1.709786e+01	5.769729e+03	5.614175e+03	1.079304e+04	1.045239e+04	2.956190e+02	4.159371e-04	2021	4	17	18
	2132	1300	119.812188	31.921831	9.995495e+04	2.095002e+01	5.780190e+03	5.634616e+03	1.075023e+04	1.045655e+04	2.961749e+02	2.167053e-04	2021	4	18	0
	2159	1299	123.609059	31.828081	9.995625e+04	2.314092e+01	5.779189e+03	5.638173e+03	1.073936e+04	1.047496e+04	2.957072e+02	3.151109e-04	2021	4	18	6
	2185	1306	127.265305	32.484330	9.956668e+04	2.432066e+01	5.791463e+03	5.628068e+03	1.074877e+04	1.049615e+04	2.948973e+02	4.208600e-04	2021	4	18	12
	2194	1301	128.530928	32.015581	9.968804e+04	2.416362e+01	5.785466e+03	5.637264e+03	1.072337e+04	1.051290e+04	2.962247e+02	4.050584e-04	2021	4	18	18
	2221	1308	132.327800	32.671830	9.975268e+04	2.481078e+01	5.789805e+03	5.654249e+03	1.075564e+04	1.050522e+04	2.948146e+02	3.148573e-04	2021	4	19	0
	2238	1315	134.718422	33.328079	9.987848e+04	2.377643e+01	5.786553e+03	5.651719e+03	1.073356e+04	1.052071e+04	2.958517e+02	2.633823e-04	2021	4	19	6
	2251	1318	136.546545	33.609328	1.000269e+05	2.151675e+01	5.803100e+03	5.656664e+03	1.074459e+04	1.053964e+04	2.942058e+02	3.219814e-04	2021	4	19	12
	2273	1328	139.640292	34.546827	9.991115e+04	2.311520e+01	5.781326e+03	5.625822e+03	1.072065e+04	1.050140e+04	2.934225e+02	2.340148e-04	2021	4	19	18
	2287	1344	141.609040	36.046825	9.982129e+04	2.163467e+01	5.775855e+03	5.588066e+03	1.071397e+04	1.045461e+04	2.925226e+02	1.960982e-04	2021	4	20	0
start	12	2021	4	19	12
	2450	1383	164.530891	39.703070	9.836088e+04	2.862456e+01	5.583507e+03	5.333702e+03	1.036547e+04	1.011166e+04	2.875041e+02	7.958725e-05	2021	4	19	12
	2456	1382	165.374640	39.609320	9.825591e+04	2.961897e+01	5.566892e+03	5.322034e+03	1.034923e+04	1.008901e+04	2.874753e+02	8.987147e-05	2021	4	19	18
	2470	1375	167.343388	38.953071	9.824761e+04	2.295719e+01	5.553253e+03	5.334144e+03	1.036369e+04	1.011031e+04	2.871198e+02	6.023285e-05	2021	4	20	0
	2484	1361	169.312136	37.640573	9.832911e+04	2.739748e+01	5.566398e+03	5.335695e+03	1.040161e+04	1.012550e+04	2.892681e+02	7.088344e-05	2021	4	20	6
	2498	1354	171.280884	36.984324	9.855988e+04	2.248478e+01	5.551372e+03	5.343899e+03	1.039152e+04	1.013780e+04	2.887893e+02	8.339266e-05	2021	4	20	12
	2504	1352	172.124633	36.796824	9.869692e+04	2.119979e+01	5.550777e+03	5.350614e+03	1.037624e+04	1.013675e+04	2.888916e+02	8.666297e-05	2021	4	20	18
	2513	1348	173.390257	36.421824	9.901741e+04	1.927731e+01	5.566657e+03	5.372433e+03	1.039424e+04	1.015909e+04	2.891077e+02	5.780290e-05	2021	4	21	0
	2519	1348	174.234006	36.421824	9.912196e+04	1.849945e+01	5.577458e+03	5.388838e+03	1.040540e+04	1.017347e+04	2.894047e+02	5.928510e-05	2021	4	21	6
	2525	1347	175.077755	36.328075	9.944872e+04	1.693924e+01	5.591312e+03	5.411961e+03	1.043733e+04	1.018152e+04	2.888077e+02	5.951045e-05	2021	4	21	12
	2534	1347	176.343379	36.328075	9.952613e+04	1.867730e+01	5.591113e+03	5.413545e+03	1.043964e+04	1.017096e+04	2.886713e+02	4.932140e-05	2021	4	21	18
	2541	1350	177.327753	36.609324	9.970367e+04	1.687549e+01	5.598213e+03	5.421956e+03	1.046085e+04	1.017262e+04	2.887016e+02	3.410405e-05	2021	4	22	0
	2552	1354	178.874626	36.984324	9.956733e+04	1.646638e+01	5.590297e+03	5.415270e+03	1.046493e+04	1.014999e+04	2.890484e+02	3.785921e-05	2021	4	22	6
start	69	2021	4	26	0
	1796	1050	72.562237	8.484363	1.001803e+05	1.608721e+01	5.814225e+03	5.753162e+03	1.085850e+04	1.078476e+04	3.028618e+02	2.578201e-04	2021	4	26	0
	1791	1058	71.859113	9.234362	1.003938e+05	1.292454e+01	5.834779e+03	5.764494e+03	1.090713e+04	1.079442e+04	3.027595e+02	3.501046e-04	2021	4	26	6
	1787	1060	71.296613	9.421862	1.000039e+05	1.249759e+01	5.812424e+03	5.753775e+03	1.087872e+04	1.077204e+04	3.030122e+02	2.921105e-04	2021	4	26	12
	1781	1056	70.452864	9.046862	1.003031e+05	1.512053e+01	5.835241e+03	5.777775e+03	1.087279e+04	1.080934e+04	3.026093e+02	1.793737e-04	2021	4	26	18
	1788	1049	71.437238	8.390613	1.000459e+05	1.448501e+01	5.830706e+03	5.752957e+03	1.088062e+04	1.078220e+04	3.024741e+02	2.572877e-04	2021	4	27	0
	1790	1056	71.718488	9.046862	1.003129e+05	1.889633e+01	5.838668e+03	5.766201e+03	1.089340e+04	1.081581e+04	3.030552e+02	3.405394e-04	2021	4	27	6
	1784	1064	70.874739	9.796861	9.982938e+04	1.637078e+01	5.819521e+03	5.746713e+03	1.087250e+04	1.080387e+04	3.025533e+02	2.738950e-04	2021	4	27	12
	1788	1057	71.437238	9.140612	1.002320e+05	1.617887e+01	5.852027e+03	5.779082e+03	1.094769e+04	1.082368e+04	3.024341e+02	1.619568e-04	2021	4	27	18
	1790	1064	71.718488	9.796861	1.000479e+05	1.351485e+01	5.827381e+03	5.746019e+03	1.087775e+04	1.080124e+04	3.025001e+02	2.370833e-04	2021	4	28	0
	1781	1066	70.452864	9.984361	1.002452e+05	1.541133e+01	5.845188e+03	5.765005e+03	1.087752e+04	1.082088e+04	3.023302e+02	2.187308e-04	2021	4	28	6
	1782	1065	70.593489	9.890611	9.985802e+04	1.698586e+01	5.830951e+03	5.746207e+03	1.087664e+04	1.079852e+04	3.026129e+02	1.300368e-04	2021	4	28	12
	1783	1065	70.734114	9.890611	1.000544e+05	1.568145e+01	5.849794e+03	5.761251e+03	1.090499e+04	1.081276e+04	3.024241e+02	1.685606e-04	2021	4	28	18
	1784	1069	70.874739	10.265611	9.974352e+04	1.536114e+01	5.835365e+03	5.728722e+03	1.086859e+04	1.079488e+04	3.023196e+02	1.696788e-04	2021	4	29	0
	1780	1068	70.312239	10.171861	9.960034e+04	2.097281e+01	5.846353e+03	5.752863e+03	1.090721e+04	1.081492e+04	3.023234e+02	1.884841e-04	2021	4	29	6
	1780	1066	70.312239	9.984361	9.927061e+04	2.457249e+01	5.831107e+03	5.726201e+03	1.092133e+04	1.080373e+04	3.023656e+02	1.487474e-04	2021	4	29	12
	1779	1069	70.171614	10.265611	9.933903e+04	2.154841e+01	5.850176e+03	5.735071e+03	1.087494e+04	1.080898e+04	3.022552e+02	1.029516e-04	2021	4	29	18
	1779	1071	70.171614	10.453110	9.875558e+04	2.698414e+01	5.831129e+03	5.663415e+03	1.085766e+04	1.078125e+04	3.022119e+02	1.380303e-04	2021	4	30	0
	1773	1075	69.327865	10.828110	9.893316e+04	2.827603e+01	5.852711e+03	5.692566e+03	1.091600e+04	1.081476e+04	3.020936e+02	2.046974e-04	2021	4	30	6
	1769	1077	68.765366	11.015610	9.833622e+04	3.059444e+01	5.840934e+03	5.675438e+03	1.087635e+04	1.078393e+04	3.021416e+02	1.529344e-04	2021	4	30	12
	1761	1076	67.640367	10.921860	9.794828e+04	3.553753e+01	5.857432e+03	5.672063e+03	1.086844e+04	1.079628e+04	3.023544e+02	1.403837e-04	2021	4	30	18
	1758	1076	67.218492	10.921860	9.728025e+04	3.835068e+01	5.837964e+03	5.633902e+03	1.083769e+04	1.077418e+04	3.022876e+02	1.694209e-04	2021	5	1	0
	1752	1078	66.374743	11.109360	9.731645e+04	3.798080e+01	5.857549e+03	5.604339e+03	1.085897e+04	1.078420e+04	3.021846e+02	1.303147e-04	2021	5	1	6
	1746	1081	65.530994	11.390609	9.703073e+04	3.630078e+01	5.842369e+03	5.600435e+03	1.085086e+04	1.076216e+04	3.021344e+02	8.303563e-05	2021	5	1	12
	1739	1081	64.546620	11.390609	9.702183e+04	4.270944e+01	5.865860e+03	5.608955e+03	1.087306e+04	1.078607e+04	3.020733e+02	1.206967e-04	2021	5	1	18
	1735	1085	63.984121	11.765609	9.703597e+04	3.862258e+01	5.843302e+03	5.611516e+03	1.084757e+04	1.078717e+04	3.019193e+02	2.039488e-04	2021	5	2	0
	1727	1086	62.859122	11.859359	9.695984e+04	3.923824e+01	5.864411e+03	5.593962e+03	1.087980e+04	1.078613e+04	3.020997e+02	1.694324e-04	2021	5	2	6
	1721	1087	62.015373	11.953108	9.596481e+04	4.451855e+01	5.847433e+03	5.542178e+03	1.085674e+04	1.074039e+04	3.022444e+02	1.540350e-04	2021	5	2	12
	1717	1089	61.452873	12.140608	9.578205e+04	4.450295e+01	5.872817e+03	5.552841e+03	1.088098e+04	1.078833e+04	3.021006e+02	1.366778e-04	2021	5	2	18
	1712	1092	60.749749	12.421858	9.504480e+04	4.961876e+01	5.839604e+03	5.503471e+03	1.085558e+04	1.073645e+04	3.018134e+02	2.487302e-04	2021	5	3	0
	1707	1097	60.046625	12.890607	9.518784e+04	4.962263e+01	5.863788e+03	5.482296e+03	1.087407e+04	1.072864e+04	3.015839e+02	2.230241e-04	2021	5	3	6
	1704	1098	59.624750	12.984357	9.464055e+04	4.834119e+01	5.852979e+03	5.456324e+03	1.086272e+04	1.071704e+04	3.014141e+02	1.650063e-04	2021	5	3	12
	1703	1100	59.484125	13.171857	9.435635e+04	5.099221e+01	5.869113e+03	5.486334e+03	1.088367e+04	1.075005e+04	3.012154e+02	1.946123e-04	2021	5	3	18
	1701	1101	59.202876	13.265607	9.414747e+04	5.169027e+01	5.843282e+03	5.455620e+03	1.084996e+04	1.071277e+04	3.010891e+02	2.066217e-04	2021	5	4	0
	1701	1100	59.202876	13.171857	9.412173e+04	5.373001e+01	5.865697e+03	5.484007e+03	1.089728e+04	1.074669e+04	3.009721e+02	2.241739e-04	2021	5	4	6
	1702	1100	59.343501	13.171857	9.427742e+04	5.595909e+01	5.836207e+03	5.477409e+03	1.083908e+04	1.073570e+04	3.008904e+02	1.394585e-04	2021	5	4	12
	1705	1099	59.765375	13.078107	9.505927e+04	5.006202e+01	5.856323e+03	5.526086e+03	1.087641e+04	1.076491e+04	3.007568e+02	1.258041e-04	2021	5	4	18
	1709	1097	60.327875	12.890607	9.560328e+04	4.758529e+01	5.832810e+03	5.522192e+03	1.085401e+04	1.074677e+04	3.006213e+02	1.667064e-04	2021	5	5	0
	1712	1095	60.749749	12.703107	9.630272e+04	4.239933e+01	5.850368e+03	5.563825e+03	1.085525e+04	1.078033e+04	3.005985e+02	1.871335e-04	2021	5	5	6
	1716	1095	61.312249	12.703107	9.601155e+04	4.191077e+01	5.830418e+03	5.553253e+03	1.085574e+04	1.076934e+04	3.006526e+02	1.889340e-04	2021	5	5	12
	1720	1095	61.874748	12.703107	9.610285e+04	4.505093e+01	5.849259e+03	5.610344e+03	1.086603e+04	1.080084e+04	3.005665e+02	1.433007e-04	2021	5	5	18
	1722	1095	62.155998	12.703107	9.630661e+04	4.340714e+01	5.825062e+03	5.612364e+03	1.085388e+04	1.078801e+04	3.004381e+02	2.134686e-04	2021	5	6	0
	1724	1094	62.437247	12.609357	9.660997e+04	4.253856e+01	5.854362e+03	5.633944e+03	1.089045e+04	1.080226e+04	3.005713e+02	2.388370e-04	2021	5	6	6
	1726	1093	62.718497	12.515608	9.618820e+04	4.273705e+01	5.834154e+03	5.599233e+03	1.089739e+04	1.077299e+04	3.007469e+02	1.788841e-04	2021	5	6	12
	1727	1093	62.859122	12.515608	9.657679e+04	4.423077e+01	5.862828e+03	5.650926e+03	1.090096e+04	1.081365e+04	3.007830e+02	1.315378e-04	2021	5	6	18
	1726	1092	62.718497	12.421858	9.694702e+04	4.079308e+01	5.840498e+03	5.628986e+03	1.086046e+04	1.078462e+04	3.006246e+02	1.897389e-04	2021	5	7	0
	1725	1091	62.577872	12.328108	9.716059e+04	4.048598e+01	5.867129e+03	5.646638e+03	1.088561e+04	1.079772e+04	3.005238e+02	1.421916e-04	2021	5	7	6
	1724	1090	62.437247	12.234358	9.690127e+04	4.158853e+01	5.847957e+03	5.621435e+03	1.085917e+04	1.079125e+04	3.003033e+02	1.513649e-04	2021	5	7	12
	1722	1090	62.155998	12.234358	9.734425e+04	3.927269e+01	5.868739e+03	5.667578e+03	1.087979e+04	1.081272e+04	3.000974e+02	9.536089e-05	2021	5	7	18
	1718	1090	61.593498	12.234358	9.767698e+04	3.664867e+01	5.850085e+03	5.671875e+03	1.084709e+04	1.081117e+04	2.999506e+02	1.039819e-04	2021	5	8	0
	1715	1089	61.171624	12.140608	9.832657e+04	3.665084e+01	5.874307e+03	5.701121e+03	1.086854e+04	1.082154e+04	3.000723e+02	1.395759e-04	2021	5	8	6
	1711	1088	60.609124	12.046858	9.791212e+04	4.065109e+01	5.854330e+03	5.668096e+03	1.086113e+04	1.080229e+04	3.002430e+02	1.481372e-04	2021	5	8	12
	1706	1086	59.906000	11.859359	9.831395e+04	3.107964e+01	5.875963e+03	5.714846e+03	1.087957e+04	1.082214e+04	3.008061e+02	8.961438e-05	2021	5	8	18
	1702	1086	59.343501	11.859359	9.841196e+04	3.556649e+01	5.849872e+03	5.692086e+03	1.084925e+04	1.079347e+04	3.008183e+02	1.205299e-04	2021	5	9	0
	1697	1086	58.640376	11.859359	9.871618e+04	3.360603e+01	5.879185e+03	5.714347e+03	1.086675e+04	1.081344e+04	3.009817e+02	1.576758e-04	2021	5	9	6
	1691	1085	57.796627	11.765609	9.834062e+04	3.402387e+01	5.859436e+03	5.694630e+03	1.085064e+04	1.079625e+04	3.018351e+02	1.185527e-04	2021	5	9	12
	1688	1085	57.374753	11.765609	9.849070e+04	3.562143e+01	5.869888e+03	5.723595e+03	1.087061e+04	1.081193e+04	3.018382e+02	1.386913e-04	2021	5	9	18
	1682	1088	56.531004	12.046858	9.863098e+04	3.522394e+01	5.845912e+03	5.716918e+03	1.085306e+04	1.079970e+04	3.022258e+02	1.100252e-04	2021	5	10	0
	1676	1089	55.687254	12.140608	9.854852e+04	3.503358e+01	5.875078e+03	5.729942e+03	1.085752e+04	1.080726e+04	3.023010e+02	1.496984e-04	2021	5	10	6
	1669	1090	54.702880	12.234358	9.841416e+04	3.661535e+01	5.852866e+03	5.705597e+03	1.085176e+04	1.078869e+04	3.030282e+02	1.449349e-04	2021	5	10	12
	1660	1090	53.437257	12.234358	9.939712e+04	2.995149e+01	5.874408e+03	5.771231e+03	1.087587e+04	1.083519e+04	3.025971e+02	8.605001e-05	2021	5	10	18
	1651	1089	52.171633	12.140608	9.937760e+04	2.774826e+01	5.852863e+03	5.742508e+03	1.087824e+04	1.079471e+04	3.026518e+02	1.098948e-04	2021	5	11	0
	1643	1087	51.046634	11.953108	9.984311e+04	3.054492e+01	5.879471e+03	5.759993e+03	1.090694e+04	1.082618e+04	3.022464e+02	1.254120e-04	2021	5	11	6
	1636	1088	50.062260	12.046858	1.000809e+05	1.963540e+01	5.864288e+03	5.761021e+03	1.087020e+04	1.081985e+04	3.108706e+02	1.252364e-04	2021	5	11	12
	1620	1079	47.812263	11.203109	1.003187e+05	1.959889e+01	5.874606e+03	5.766970e+03	1.087474e+04	1.083747e+04	3.033978e+02	1.029858e-04	2021	5	11	18
	1614	1083	46.968513	11.578109	1.004485e+05	1.771808e+01	5.853507e+03	5.763025e+03	1.082805e+04	1.079005e+04	3.029103e+02	1.088716e-04	2021	5	12	0
	1606	1084	45.843515	11.671859	1.005469e+05	1.724663e+01	5.874001e+03	5.803235e+03	1.085017e+04	1.083282e+04	3.034442e+02	5.543379e-05	2021	5	12	6
	1599	1085	44.859141	11.765609	1.005145e+05	1.785863e+01	5.859841e+03	5.796271e+03	1.086582e+04	1.082520e+04	3.144216e+02	7.325724e-05	2021	5	12	12
	1590	1087	43.593517	11.953108	1.007250e+05	1.764417e+01	5.872654e+03	5.826085e+03	1.088447e+04	1.084368e+04	3.050380e+02	6.177612e-05	2021	5	12	18
	1581	1087	42.327893	11.953108	1.008007e+05	1.174192e+01	5.849723e+03	5.788805e+03	1.085927e+04	1.080738e+04	3.045702e+02	8.209412e-05	2021	5	13	0
start	25	2021	4	26	18
	2076	859	111.937196	-9.421862	1.007742e+05	1.548639e+01	5.835968e+03	5.787529e+03	1.089082e+04	1.082597e+04	3.018614e+02	1.745314e-04	2021	4	26	18
	2055	867	108.984074	-8.671863	1.006683e+05	1.546967e+01	5.844579e+03	5.802739e+03	1.088369e+04	1.083190e+04	3.031155e+02	2.323144e-04	2021	4	27	0
	2046	866	107.718450	-8.765613	1.007044e+05	1.534848e+01	5.846004e+03	5.800810e+03	1.087487e+04	1.083358e+04	3.029175e+02	1.847587e-04	2021	4	27	6
	2040	862	106.874701	-9.140612	1.006100e+05	1.462455e+01	5.847984e+03	5.809377e+03	1.089724e+04	1.084437e+04	3.022300e+02	1.110134e-04	2021	4	27	12
	2030	860	105.468453	-9.328112	1.007120e+05	1.488519e+01	5.847285e+03	5.803991e+03	1.094531e+04	1.083919e+04	3.019045e+02	2.001149e-04	2021	4	27	18
	2023	859	104.484079	-9.421862	1.005989e+05	1.358419e+01	5.844913e+03	5.803835e+03	1.089196e+04	1.084183e+04	3.018604e+02	3.191191e-04	2021	4	28	0
	2018	854	103.780954	-9.890611	1.005612e+05	1.344950e+01	5.849460e+03	5.801631e+03	1.089020e+04	1.084699e+04	3.019030e+02	2.658641e-04	2021	4	28	6
	2013	848	103.077830	-10.453110	1.004919e+05	1.429064e+01	5.843822e+03	5.797326e+03	1.090014e+04	1.084900e+04	3.019339e+02	2.071330e-04	2021	4	28	12
	2005	850	101.952831	-10.265611	1.004563e+05	1.616739e+01	5.844022e+03	5.787876e+03	1.089753e+04	1.083800e+04	3.020100e+02	1.797214e-04	2021	4	28	18
	1998	848	100.968457	-10.453110	1.002801e+05	1.638159e+01	5.840636e+03	5.776386e+03	1.089512e+04	1.083263e+04	3.022366e+02	2.392708e-04	2021	4	29	0
	1991	847	99.984083	-10.546860	1.003757e+05	1.755235e+01	5.833181e+03	5.780601e+03	1.090203e+04	1.083909e+04	3.024026e+02	1.975339e-04	2021	4	29	6
	1991	846	99.984083	-10.640610	1.001321e+05	1.420397e+01	5.840092e+03	5.781717e+03	1.087735e+04	1.084753e+04	3.024203e+02	1.401830e-04	2021	4	29	12
	1987	844	99.421584	-10.828110	1.002994e+05	1.558441e+01	5.839964e+03	5.789255e+03	1.090448e+04	1.083964e+04	3.021326e+02	1.508910e-04	2021	4	29	18
	1981	848	98.577835	-10.453110	1.001254e+05	1.674792e+01	5.834802e+03	5.778716e+03	1.090495e+04	1.083667e+04	3.020582e+02	2.284286e-04	2021	4	30	0
	1979	841	98.296585	-11.109360	1.002834e+05	1.777613e+01	5.844741e+03	5.794875e+03	1.090864e+04	1.084600e+04	3.017626e+02	1.284665e-04	2021	4	30	6
	1971	836	97.171586	-11.578109	1.001754e+05	1.835116e+01	5.853531e+03	5.810981e+03	1.090791e+04	1.085690e+04	3.019758e+02	7.708522e-05	2021	4	30	12
	1965	836	96.327837	-11.578109	1.003804e+05	1.596236e+01	5.861822e+03	5.810821e+03	1.093490e+04	1.085558e+04	3.014273e+02	1.109204e-04	2021	4	30	18
	1958	836	95.343463	-11.578109	1.001821e+05	1.841679e+01	5.853478e+03	5.793329e+03	1.091493e+04	1.084162e+04	3.010825e+02	2.427663e-04	2021	5	1	0
	1951	831	94.359089	-12.046858	1.003775e+05	1.928634e+01	5.859906e+03	5.801545e+03	1.089833e+04	1.085199e+04	3.010538e+02	1.243386e-04	2021	5	1	6
	1943	823	93.234090	-12.796857	1.002687e+05	1.794015e+01	5.863752e+03	5.800967e+03	1.095327e+04	1.085297e+04	3.008060e+02	8.862739e-05	2021	5	1	12
	1934	822	91.968467	-12.890607	1.005027e+05	1.521192e+01	5.881397e+03	5.815135e+03	1.090206e+04	1.085987e+04	3.007036e+02	8.891500e-05	2021	5	1	18
	1930	824	91.405967	-12.703107	1.002656e+05	2.008319e+01	5.874140e+03	5.794970e+03	1.091797e+04	1.084871e+04	3.005987e+02	2.090629e-04	2021	5	2	0
	1924	824	90.562218	-12.703107	1.004788e+05	2.062219e+01	5.866104e+03	5.796165e+03	1.091309e+04	1.084371e+04	3.005952e+02	1.649173e-04	2021	5	2	6
	1912	817	88.874720	-13.359356	1.004092e+05	2.095800e+01	5.864942e+03	5.805609e+03	1.088781e+04	1.084394e+04	3.003438e+02	7.430237e-05	2021	5	2	12
	1900	813	87.187222	-13.734356	1.007580e+05	1.683646e+01	5.877514e+03	5.835484e+03	1.093135e+04	1.086869e+04	3.004543e+02	5.819323e-05	2021	5	2	18
start	44	2021	4	30	18
	2132	849	119.812188	-10.359361	1.007804e+05	1.607589e+01	5.859241e+03	5.804301e+03	1.091166e+04	1.085345e+04	3.026915e+02	2.246389e-04	2021	4	30	18
	2121	835	118.265314	-11.671859	1.005987e+05	1.790475e+01	5.870788e+03	5.800715e+03	1.091107e+04	1.086163e+04	3.020196e+02	2.315928e-04	2021	5	1	0
	2111	838	116.859066	-11.390609	1.007131e+05	1.705719e+01	5.851855e+03	5.791765e+03	1.091028e+04	1.085841e+04	3.024169e+02	2.302765e-04	2021	5	1	6
	2105	837	116.015317	-11.484359	1.005920e+05	1.765156e+01	5.866510e+03	5.811067e+03	1.093208e+04	1.087640e+04	3.025046e+02	1.338144e-04	2021	5	1	12
	2095	836	114.609068	-11.578109	1.006903e+05	1.740978e+01	5.862260e+03	5.806871e+03	1.090919e+04	1.085515e+04	3.023579e+02	1.732282e-04	2021	5	1	18
	2085	837	113.202819	-11.484359	1.006739e+05	1.724459e+01	5.868556e+03	5.812983e+03	1.091142e+04	1.085452e+04	3.019376e+02	3.388261e-04	2021	5	2	0
	2083	836	112.921570	-11.578109	1.004336e+05	2.073352e+01	5.855300e+03	5.779059e+03	1.091845e+04	1.084313e+04	3.019373e+02	3.616551e-04	2021	5	2	6
	2071	830	111.234072	-12.140608	1.001042e+05	2.367980e+01	5.870663e+03	5.793811e+03	1.092533e+04	1.086231e+04	3.016045e+02	1.950277e-04	2021	5	2	12
	2064	833	110.249698	-11.859359	1.001623e+05	2.361617e+01	5.858347e+03	5.789269e+03	1.093947e+04	1.084925e+04	3.015709e+02	1.573938e-04	2021	5	2	18
	2055	833	108.984074	-11.859359	9.997186e+04	2.820582e+01	5.854812e+03	5.763707e+03	1.092419e+04	1.084116e+04	3.016027e+02	3.046106e-04	2021	5	3	0
	2049	834	108.140325	-11.765609	1.000851e+05	2.568855e+01	5.847584e+03	5.765095e+03	1.091884e+04	1.083902e+04	3.018281e+02	2.482564e-04	2021	5	3	6
	2041	837	107.015326	-11.484359	9.973177e+04	2.995809e+01	5.850541e+03	5.759184e+03	1.089558e+04	1.083935e+04	3.020272e+02	1.633469e-04	2021	5	3	12
	2037	841	106.452826	-11.109360	1.000080e+05	2.203708e+01	5.847464e+03	5.781985e+03	1.093475e+04	1.084634e+04	3.019723e+02	2.294844e-04	2021	5	3	18
	2034	838	106.030952	-11.390609	9.988213e+04	2.961836e+01	5.849298e+03	5.720664e+03	1.090209e+04	1.081400e+04	3.018869e+02	2.682131e-04	2021	5	4	0
	2025	838	104.765328	-11.390609	1.001972e+05	2.338336e+01	5.844233e+03	5.780361e+03	1.088993e+04	1.083357e+04	3.017053e+02	1.819547e-04	2021	5	4	6
	2018	844	103.780954	-10.828110	1.000758e+05	2.201849e+01	5.849310e+03	5.777941e+03	1.089235e+04	1.083757e+04	3.018715e+02	1.398278e-04	2021	5	4	12
	2013	847	103.077830	-10.546860	1.003262e+05	2.194881e+01	5.843054e+03	5.773281e+03	1.089856e+04	1.082825e+04	3.019899e+02	1.901523e-04	2021	5	4	18
	2009	843	102.515331	-10.921860	1.001825e+05	2.270377e+01	5.845458e+03	5.779455e+03	1.089123e+04	1.082491e+04	3.019737e+02	2.780520e-04	2021	5	5	0
	2004	845	101.812206	-10.734360	1.003702e+05	2.041496e+01	5.847489e+03	5.768482e+03	1.091117e+04	1.083534e+04	3.022369e+02	2.115850e-04	2021	5	5	6
	1999	837	101.109082	-11.484359	1.001475e+05	2.237929e+01	5.851198e+03	5.784186e+03	1.092764e+04	1.084199e+04	3.021564e+02	1.691397e-04	2021	5	5	12
	1992	838	100.124708	-11.390609	1.003309e+05	2.173815e+01	5.851032e+03	5.794747e+03	1.090908e+04	1.084309e+04	3.021250e+02	1.174473e-04	2021	5	5	18
	1984	839	98.999709	-11.296859	1.002051e+05	2.157418e+01	5.857628e+03	5.790646e+03	1.090575e+04	1.081856e+04	3.019494e+02	1.444195e-04	2021	5	6	0
	1974	838	97.593461	-11.390609	1.003918e+05	1.939116e+01	5.851894e+03	5.794384e+03	1.089147e+04	1.082450e+04	3.014372e+02	1.316724e-04	2021	5	6	6
	1968	832	96.749712	-11.953108	1.002179e+05	2.105610e+01	5.871351e+03	5.801589e+03	1.089966e+04	1.084911e+04	3.013189e+02	1.438029e-04	2021	5	6	12
	1965	829	96.327837	-12.234358	1.003690e+05	2.139297e+01	5.865286e+03	5.793532e+03	1.091213e+04	1.084809e+04	3.009900e+02	1.008790e-04	2021	5	6	18
	1959	827	95.484088	-12.421858	1.002212e+05	1.917600e+01	5.859547e+03	5.790940e+03	1.092087e+04	1.083701e+04	3.009097e+02	1.207839e-04	2021	5	7	0
	1953	827	94.640339	-12.421858	1.003094e+05	2.285967e+01	5.862328e+03	5.783688e+03	1.089575e+04	1.083919e+04	3.010953e+02	1.906385e-04	2021	5	7	6
	1949	826	94.077839	-12.515608	9.990148e+04	2.191983e+01	5.859718e+03	5.774837e+03	1.092625e+04	1.084455e+04	3.009466e+02	1.552141e-04	2021	5	7	12
	1944	822	93.374715	-12.890607	1.000084e+05	2.226180e+01	5.859429e+03	5.782427e+03	1.089109e+04	1.084728e+04	3.006165e+02	1.200378e-04	2021	5	7	18
	1939	822	92.671591	-12.890607	9.943014e+04	2.500762e+01	5.861026e+03	5.767554e+03	1.088137e+04	1.083058e+04	3.006498e+02	1.973415e-04	2021	5	8	0
	1936	821	92.249716	-12.984357	9.971830e+04	2.442030e+01	5.850798e+03	5.774254e+03	1.088863e+04	1.083733e+04	3.006947e+02	1.379589e-04	2021	5	8	6
	1933	818	91.827842	-13.265607	9.932826e+04	2.633498e+01	5.847333e+03	5.759286e+03	1.086767e+04	1.082993e+04	3.006562e+02	1.097513e-04	2021	5	8	12
	1931	817	91.546592	-13.359356	9.936445e+04	2.681686e+01	5.857981e+03	5.774141e+03	1.090692e+04	1.084172e+04	3.006012e+02	1.209304e-04	2021	5	8	18
	1929	816	91.265342	-13.453106	9.916768e+04	2.943872e+01	5.846618e+03	5.738316e+03	1.087688e+04	1.081807e+04	3.005219e+02	1.456555e-04	2021	5	9	0
	1928	818	91.124717	-13.265607	9.943003e+04	3.045839e+01	5.842197e+03	5.773694e+03	1.088732e+04	1.082612e+04	3.006174e+02	1.384336e-04	2021	5	9	6
	1927	818	90.984093	-13.265607	9.937234e+04	2.935478e+01	5.840923e+03	5.777692e+03	1.087836e+04	1.082769e+04	3.006566e+02	1.576772e-04	2021	5	9	12
	1926	818	90.843468	-13.265607	9.974123e+04	2.860194e+01	5.862584e+03	5.783893e+03	1.086275e+04	1.082989e+04	3.005370e+02	1.457960e-04	2021	5	9	18
	1920	822	89.999719	-12.890607	9.991826e+04	2.341524e+01	5.834293e+03	5.801278e+03	1.085556e+04	1.081723e+04	3.005704e+02	8.337663e-05	2021	5	10	0
	1917	825	89.577844	-12.609357	1.002504e+05	1.827813e+01	5.840444e+03	5.811690e+03	1.086919e+04	1.083277e+04	3.006435e+02	8.683823e-05	2021	5	10	6
	1914	823	89.155970	-12.796857	1.001455e+05	1.884115e+01	5.841412e+03	5.807688e+03	1.087593e+04	1.082784e+04	3.003156e+02	1.401932e-04	2021	5	10	12
	1912	817	88.874720	-13.359356	1.003359e+05	2.218160e+01	5.842047e+03	5.815052e+03	1.086473e+04	1.083059e+04	2.999498e+02	1.640791e-04	2021	5	10	18
	1908	814	88.312220	-13.640606	1.002762e+05	1.854468e+01	5.832411e+03	5.799712e+03	1.087377e+04	1.082153e+04	2.999569e+02	1.369626e-04	2021	5	11	0
	1903	805	87.609096	-14.484355	1.005525e+05	1.839367e+01	5.843449e+03	5.813771e+03	1.086415e+04	1.083666e+04	3.000402e+02	1.105890e-04	2021	5	11	6
	1896	802	86.624722	-14.765604	1.003253e+05	2.104729e+01	5.837730e+03	5.811462e+03	1.087014e+04	1.083385e+04	3.003409e+02	7.832381e-05	2021	5	11	12
start	16	2021	5	3	6
	2494	823	170.718385	-12.796857	1.007448e+05	1.559179e+01	5.865728e+03	5.814686e+03	1.089670e+04	1.085235e+04	3.035155e+02	1.204942e-04	2021	5	3	6
	2485	825	169.452761	-12.609357	1.009948e+05	1.619916e+01	5.878272e+03	5.829993e+03	1.093190e+04	1.085568e+04	3.027834e+02	1.729370e-04	2021	5	3	12
	2476	827	168.187137	-12.421858	1.007207e+05	1.673673e+01	5.854632e+03	5.813427e+03	1.088744e+04	1.082999e+04	3.027259e+02	1.821947e-04	2021	5	3	18
	2469	833	167.202763	-11.859359	1.009252e+05	1.613567e+01	5.870210e+03	5.830687e+03	1.091003e+04	1.086147e+04	3.028226e+02	9.287625e-05	2021	5	4	0
	2459	836	165.796515	-11.578109	1.005884e+05	1.693096e+01	5.857924e+03	5.810764e+03	1.087804e+04	1.085108e+04	3.033886e+02	1.622906e-04	2021	5	4	6
	2452	839	164.812141	-11.296859	1.007546e+05	1.910772e+01	5.868654e+03	5.819615e+03	1.091785e+04	1.084980e+04	3.029458e+02	1.897354e-04	2021	5	4	12
	2444	840	163.687142	-11.203109	1.005756e+05	1.835859e+01	5.850424e+03	5.812006e+03	1.088357e+04	1.084365e+04	3.028065e+02	1.971013e-04	2021	5	4	18
	2435	843	162.421518	-10.921860	1.008121e+05	1.919603e+01	5.888617e+03	5.823667e+03	1.091992e+04	1.086377e+04	3.027866e+02	1.341981e-04	2021	5	5	0
	2425	848	161.015270	-10.453110	1.006349e+05	1.777476e+01	5.845935e+03	5.794414e+03	1.089788e+04	1.084941e+04	3.035501e+02	1.819431e-04	2021	5	5	6
	2415	847	159.609021	-10.546860	1.009042e+05	1.833446e+01	5.871548e+03	5.829335e+03	1.091365e+04	1.086712e+04	3.031981e+02	1.965115e-04	2021	5	5	12
	2401	848	157.640273	-10.453110	1.007627e+05	1.906133e+01	5.851834e+03	5.796361e+03	1.089841e+04	1.084817e+04	3.030077e+02	2.075185e-04	2021	5	5	18
	2387	852	155.671525	-10.078111	1.009490e+05	1.915841e+01	5.863526e+03	5.824832e+03	1.091582e+04	1.086737e+04	3.029868e+02	2.364923e-04	2021	5	6	0
	2372	851	153.562152	-10.171861	1.007403e+05	1.720807e+01	5.850088e+03	5.805991e+03	1.089959e+04	1.084934e+04	3.032215e+02	2.157840e-04	2021	5	6	6
	2360	856	151.874654	-9.703112	1.008850e+05	1.854202e+01	5.873065e+03	5.822204e+03	1.093107e+04	1.085785e+04	3.034533e+02	2.198682e-04	2021	5	6	12
	2350	858	150.468406	-9.515612	1.008012e+05	1.696482e+01	5.848695e+03	5.802156e+03	1.088666e+04	1.084171e+04	3.033582e+02	2.960165e-04	2021	5	6	18
	2343	862	149.484032	-9.140612	1.008108e+05	1.613518e+01	5.870339e+03	5.818915e+03	1.092025e+04	1.086306e+04	3.033148e+02	2.850321e-04	2021	5	7	0
start	30	2021	5	13	12
	2515	715	173.671506	-22.921843	9.946132e+04	2.495985e+01	5.774775e+03	5.646520e+03	1.076964e+04	1.063626e+04	2.982389e+02	2.478743e-04	2021	5	13	12
	2513	707	173.390257	-23.671842	9.916370e+04	2.672273e+01	5.762221e+03	5.631949e+03	1.074016e+04	1.061730e+04	2.979624e+02	1.805456e-04	2021	5	13	18
	2516	700	173.812131	-24.328091	9.928804e+04	2.580870e+01	5.768512e+03	5.645516e+03	1.077155e+04	1.062052e+04	2.972722e+02	1.185691e-04	2021	5	14	0
	2521	687	174.515256	-25.546839	9.915488e+04	2.273062e+01	5.774134e+03	5.659842e+03	1.077305e+04	1.060961e+04	2.971635e+02	1.512557e-04	2021	5	14	6
	2536	672	176.624628	-26.953088	9.955737e+04	2.464394e+01	5.791146e+03	5.658429e+03	1.077465e+04	1.057280e+04	2.974359e+02	2.650656e-04	2021	5	14	12
	2552	644	178.874626	-29.578084	9.934520e+04	2.484212e+01	5.777697e+03	5.618456e+03	1.073502e+04	1.050214e+04	2.965111e+02	3.495220e-04	2021	5	14	18
	9	619	-178.734376	-31.921831	9.903089e+04	2.641477e+01	5.762009e+03	5.576895e+03	1.068922e+04	1.045227e+04	2.954796e+02	3.390471e-04	2021	5	15	0
	31	590	-175.640630	-34.640577	9.842266e+04	2.755555e+01	5.719609e+03	5.522554e+03	1.063512e+04	1.037871e+04	2.931177e+02	4.649986e-04	2021	5	15	6
	47	559	-173.390632	-37.546823	9.776754e+04	2.927446e+01	5.647521e+03	5.457089e+03	1.055641e+04	1.026817e+04	2.917809e+02	4.341077e-04	2021	5	15	12
	66	547	-170.718760	-38.671821	9.736497e+04	3.362635e+01	5.616315e+03	5.399921e+03	1.050662e+04	1.020475e+04	2.910499e+02	3.350678e-04	2021	5	15	18
	97	544	-166.359389	-38.953071	9.684566e+04	3.679282e+01	5.615141e+03	5.345026e+03	1.048791e+04	1.019112e+04	2.905017e+02	2.692332e-04	2021	5	16	0
	127	529	-162.140644	-40.359319	9.641221e+04	3.338628e+01	5.553981e+03	5.289304e+03	1.040931e+04	1.009997e+04	2.894009e+02	1.905664e-04	2021	5	16	6
	162	523	-157.218774	-40.921818	9.632634e+04	3.209745e+01	5.536212e+03	5.215443e+03	1.036956e+04	1.000096e+04	2.884858e+02	1.077835e-04	2021	5	16	12
	197	502	-152.296904	-42.890565	9.584095e+04	3.281756e+01	5.468947e+03	5.145679e+03	1.028271e+04	9.893530e+03	2.868226e+02	1.601469e-04	2021	5	16	18
	224	479	-148.500033	-45.046812	9.525028e+04	2.967046e+01	5.386043e+03	5.137859e+03	1.019892e+04	9.873368e+03	2.850453e+02	1.295275e-04	2021	5	17	0
	238	453	-146.531285	-47.484309	9.502408e+04	2.608543e+01	5.315551e+03	5.131523e+03	1.010600e+04	9.901662e+03	2.834525e+02	1.530949e-04	2021	5	17	6
	247	448	-145.265661	-47.953058	9.541212e+04	3.106520e+01	5.315618e+03	5.127987e+03	1.006908e+04	9.897429e+03	2.834283e+02	1.398384e-04	2021	5	17	12
	261	460	-143.296913	-46.828060	9.578032e+04	3.443081e+01	5.393470e+03	5.113686e+03	1.006262e+04	9.923177e+03	2.834575e+02	1.403010e-04	2021	5	17	18
	288	456	-139.500042	-47.203059	9.590977e+04	3.001263e+01	5.363288e+03	5.122088e+03	1.013405e+04	9.914095e+03	2.832908e+02	9.295945e-05	2021	5	18	0
	298	443	-138.093794	-48.421808	9.602271e+04	2.642272e+01	5.357910e+03	5.137135e+03	1.012039e+04	9.910669e+03	2.826169e+02	8.361760e-05	2021	5	18	6
	315	442	-135.703171	-48.515558	9.645648e+04	2.764092e+01	5.381796e+03	5.162380e+03	1.014161e+04	9.957873e+03	2.825706e+02	6.781593e-05	2021	5	18	12
	323	440	-134.578172	-48.703057	9.700670e+04	2.844122e+01	5.395724e+03	5.196030e+03	1.012617e+04	9.971875e+03	2.825744e+02	5.799122e-05	2021	5	18	18
	333	455	-133.171924	-47.296809	9.739465e+04	2.900231e+01	5.442187e+03	5.217368e+03	1.013009e+04	9.968563e+03	2.833999e+02	4.638988e-05	2021	5	19	0
	339	475	-132.328175	-45.421812	9.792082e+04	2.904556e+01	5.485962e+03	5.242503e+03	1.019890e+04	9.965341e+03	2.844088e+02	5.754249e-05	2021	5	19	6
	348	492	-131.062551	-43.828064	9.812177e+04	2.520856e+01	5.485354e+03	5.246369e+03	1.019595e+04	9.955984e+03	2.860988e+02	6.332353e-05	2021	5	19	12
	358	506	-129.656302	-42.515566	9.838470e+04	2.345415e+01	5.481175e+03	5.265367e+03	1.019136e+04	9.966831e+03	2.871952e+02	8.121286e-05	2021	5	19	18
	368	513	-128.250054	-41.859317	9.845805e+04	2.102949e+01	5.462192e+03	5.276691e+03	1.018280e+04	9.979403e+03	2.879334e+02	8.226099e-05	2021	5	20	0
	381	520	-126.421931	-41.203068	9.874347e+04	1.807160e+01	5.452945e+03	5.298224e+03	1.018290e+04	9.996010e+03	2.881643e+02	9.331850e-05	2021	5	20	6
	387	532	-125.578182	-40.078069	9.897405e+04	2.160592e+01	5.485453e+03	5.317921e+03	1.024636e+04	1.000462e+04	2.890567e+02	9.998822e-05	2021	5	20	12
	397	548	-124.171933	-38.578071	9.918038e+04	2.409389e+01	5.530684e+03	5.346667e+03	1.029736e+04	1.002074e+04	2.900182e+02	1.007870e-04	2021	5	20	18
start	25	2021	5	19	12
	1618	670	47.531013	-27.140587	1.004217e+05	1.749080e+01	5.790683e+03	5.676750e+03	1.068905e+04	1.051302e+04	2.987349e+02	3.328907e-04	2021	5	19	12
	1631	663	49.359136	-27.796836	1.003566e+05	1.967494e+01	5.805062e+03	5.672520e+03	1.069903e+04	1.052385e+04	2.982795e+02	3.680197e-04	2021	5	19	18
	1646	650	51.468509	-29.015585	1.001069e+05	2.531332e+01	5.789264e+03	5.651245e+03	1.069079e+04	1.050418e+04	2.973742e+02	3.755875e-04	2021	5	20	0
	1657	635	53.015382	-30.421833	9.993209e+04	2.814278e+01	5.800059e+03	5.648221e+03	1.069290e+04	1.049828e+04	2.965585e+02	2.889502e-04	2021	5	20	6
	1669	641	54.702880	-29.859334	1.000309e+05	2.586086e+01	5.803731e+03	5.650485e+03	1.072986e+04	1.050679e+04	2.965781e+02	2.192404e-04	2021	5	20	12
	1684	634	56.812253	-30.515583	1.000923e+05	3.021543e+01	5.820914e+03	5.661375e+03	1.071874e+04	1.051171e+04	2.969070e+02	2.302474e-04	2021	5	20	18
	1694	623	58.218502	-31.546831	1.001077e+05	2.664142e+01	5.806712e+03	5.651224e+03	1.069846e+04	1.050145e+04	2.960211e+02	2.066164e-04	2021	5	21	0
	1695	625	58.359127	-31.359331	1.001069e+05	3.182371e+01	5.817138e+03	5.637136e+03	1.070729e+04	1.050895e+04	2.962069e+02	1.628020e-04	2021	5	21	6
	1702	619	59.343501	-31.921831	9.959108e+04	3.420984e+01	5.794983e+03	5.608476e+03	1.068940e+04	1.049275e+04	2.958666e+02	1.236059e-04	2021	5	21	12
	1704	622	59.624750	-31.640581	9.957458e+04	3.356367e+01	5.800473e+03	5.605708e+03	1.069285e+04	1.048175e+04	2.960185e+02	1.235399e-04	2021	5	21	18
	1713	621	60.890374	-31.734331	9.951206e+04	2.953218e+01	5.786395e+03	5.602750e+03	1.067220e+04	1.045110e+04	2.960443e+02	1.002094e-04	2021	5	22	0
	1731	618	63.421621	-32.015581	9.973362e+04	2.710809e+01	5.802875e+03	5.613707e+03	1.068927e+04	1.044282e+04	2.954707e+02	1.582768e-04	2021	5	22	6
	1744	610	65.249744	-32.765579	9.944677e+04	2.678291e+01	5.773963e+03	5.592027e+03	1.066094e+04	1.040160e+04	2.948471e+02	1.755132e-04	2021	5	22	12
	1763	608	67.921617	-32.953079	9.952115e+04	2.700753e+01	5.783262e+03	5.582044e+03	1.066839e+04	1.039066e+04	2.944486e+02	1.899967e-04	2021	5	22	18
	1780	603	70.312239	-33.421829	9.938998e+04	2.903462e+01	5.760578e+03	5.564503e+03	1.064570e+04	1.036201e+04	2.936282e+02	1.657227e-04	2021	5	23	0
	1801	599	73.265361	-33.796828	9.937888e+04	2.930610e+01	5.772718e+03	5.560746e+03	1.065790e+04	1.036042e+04	2.930744e+02	1.564315e-04	2021	5	23	6
	1823	596	76.359108	-34.078078	9.930705e+04	3.124982e+01	5.775725e+03	5.554205e+03	1.066771e+04	1.034123e+04	2.921463e+02	1.189032e-04	2021	5	23	12
	1844	585	79.312230	-35.109326	9.933370e+04	2.920490e+01	5.766403e+03	5.551393e+03	1.064557e+04	1.030295e+04	2.929638e+02	1.492221e-04	2021	5	23	18
	1865	574	82.265352	-36.140575	9.926283e+04	2.839049e+01	5.740857e+03	5.525728e+03	1.059698e+04	1.026978e+04	2.908418e+02	2.010192e-04	2021	5	24	0
	1886	558	85.218474	-37.640573	9.900249e+04	2.744220e+01	5.717450e+03	5.497363e+03	1.054732e+04	1.024138e+04	2.897391e+02	2.057372e-04	2021	5	24	6
	1910	544	88.593470	-38.953071	9.889923e+04	2.911910e+01	5.698834e+03	5.479825e+03	1.050189e+04	1.021526e+04	2.884373e+02	1.681517e-04	2021	5	24	12
	1938	528	92.530966	-40.453069	9.887301e+04	3.110562e+01	5.676081e+03	5.456576e+03	1.045505e+04	1.017625e+04	2.867467e+02	1.493835e-04	2021	5	24	18
	1963	503	96.046587	-42.796816	9.855879e+04	2.663725e+01	5.610364e+03	5.413812e+03	1.038329e+04	1.010480e+04	2.851859e+02	1.534913e-04	2021	5	25	0
	1984	479	98.999709	-45.046812	9.824634e+04	2.425482e+01	5.584123e+03	5.343858e+03	1.032886e+04	1.001233e+04	2.848433e+02	1.193151e-04	2021	5	25	6
	2010	456	102.655955	-47.203059	9.806379e+04	2.576616e+01	5.560279e+03	5.272071e+03	1.030065e+04	9.920139e+03	2.826303e+02	9.372901e-05	2021	5	25	12
start	11	2021	5	21	18
	1922	1123	90.280968	15.328104	1.003069e+05	1.439387e+01	5.840459e+03	5.771124e+03	1.091667e+04	1.082771e+04	3.038478e+02	3.279549e-04	2021	5	21	18
	1926	1120	90.843468	15.046854	9.999438e+04	2.039454e+01	5.831430e+03	5.741789e+03	1.091863e+04	1.080354e+04	3.036704e+02	3.995419e-04	2021	5	22	0
	1942	1128	93.093465	15.796853	1.000547e+05	1.869778e+01	5.830011e+03	5.745420e+03	1.091818e+04	1.080846e+04	3.045478e+02	5.797127e-04	2021	5	22	6
	1946	1120	93.655965	15.046854	9.968228e+04	1.926548e+01	5.830280e+03	5.726855e+03	1.091409e+04	1.080931e+04	3.032003e+02	4.958346e-04	2021	5	22	12
	1958	1119	95.343463	14.953104	9.976105e+04	1.741900e+01	5.838136e+03	5.740727e+03	1.091130e+04	1.082093e+04	3.031102e+02	4.182431e-04	2021	5	22	18
	1961	1134	95.765338	16.359352	9.935087e+04	1.713191e+01	5.824646e+03	5.730592e+03	1.090484e+04	1.080361e+04	3.031924e+02	4.402593e-04	2021	5	23	0
	1969	1126	96.890336	15.609353	9.951912e+04	2.230574e+01	5.834870e+03	5.750107e+03	1.091038e+04	1.081468e+04	3.034024e+02	4.957961e-04	2021	5	23	6
	1979	1131	98.296585	16.078103	9.948429e+04	2.502564e+01	5.830762e+03	5.741036e+03	1.094572e+04	1.083630e+04	3.031118e+02	4.104858e-04	2021	5	23	12
	1981	1139	98.577835	16.828102	9.991278e+04	1.276289e+01	5.832648e+03	5.746431e+03	1.095497e+04	1.083856e+04	3.028213e+02	3.734643e-04	2021	5	23	18
	1989	1138	99.702834	16.734352	9.986210e+04	1.189971e+01	5.832593e+03	5.748689e+03	1.091887e+04	1.082643e+04	2.997439e+02	4.490573e-04	2021	5	24	0
	1993	1140	100.265333	16.921851	1.001471e+05	8.887899e+00	5.842444e+03	5.747293e+03	1.091478e+04	1.083197e+04	3.025844e+02	4.619924e-04	2021	5	24	6
start	10	2021	5	23	6
	2230	1188	133.593423	21.421845	9.927133e+04	2.387890e+01	5.788204e+03	5.709007e+03	1.090487e+04	1.083543e+04	3.031225e+02	2.683718e-04	2021	5	23	6
	2244	1194	135.562171	21.984344	9.893845e+04	2.726811e+01	5.822372e+03	5.724381e+03	1.090908e+04	1.083823e+04	3.020392e+02	4.022650e-04	2021	5	23	12
	2236	1210	134.437172	23.484342	9.880242e+04	2.163593e+01	5.786653e+03	5.710621e+03	1.089472e+04	1.079707e+04	3.005329e+02	3.772218e-04	2021	5	23	18
	2239	1208	134.859047	23.296843	9.894718e+04	2.093199e+01	5.809721e+03	5.716171e+03	1.092759e+04	1.078822e+04	3.005827e+02	3.927771e-04	2021	5	24	0
	2255	1239	137.109045	26.203089	9.883708e+04	2.529396e+01	5.781464e+03	5.690241e+03	1.086888e+04	1.074596e+04	2.988318e+02	5.076909e-04	2021	5	24	6
	2264	1256	138.374668	27.796836	9.846250e+04	2.965790e+01	5.791062e+03	5.652679e+03	1.087985e+04	1.071056e+04	2.978645e+02	5.471614e-04	2021	5	24	12
	2282	1273	140.905916	29.390584	9.802245e+04	2.858362e+01	5.784839e+03	5.633688e+03	1.084837e+04	1.065460e+04	2.976494e+02	5.325578e-04	2021	5	24	18
	2296	1273	142.874664	29.390584	9.850815e+04	2.798633e+01	5.824457e+03	5.637593e+03	1.088305e+04	1.068077e+04	2.974985e+02	4.359466e-04	2021	5	25	0
	2321	1285	146.390285	30.515583	9.864409e+04	3.107868e+01	5.835455e+03	5.630662e+03	1.090757e+04	1.065280e+04	2.952969e+02	3.241600e-04	2021	5	25	6
	2346	1310	149.905906	32.859329	9.869912e+04	2.986836e+01	5.853176e+03	5.620424e+03	1.089306e+04	1.058587e+04	2.928736e+02	2.224451e-04	2021	5	25	12
start	23	2021	5	29	18
	2091	1148	114.046569	17.671850	1.003790e+05	1.276756e+01	5.852745e+03	5.786468e+03	1.096268e+04	1.084639e+04	3.041064e+02	1.817774e-04	2021	5	29	18
	2092	1158	114.187193	18.609349	1.002794e+05	1.508764e+01	5.846989e+03	5.794869e+03	1.095083e+04	1.086480e+04	3.037331e+02	1.899204e-04	2021	5	30	0
	2093	1160	114.327818	18.796849	1.002846e+05	1.735516e+01	5.844514e+03	5.791062e+03	1.094640e+04	1.085741e+04	3.039421e+02	3.409535e-04	2021	5	30	6
	2081	1149	112.640320	17.765600	1.001286e+05	1.420741e+01	5.850786e+03	5.803735e+03	1.094698e+04	1.088544e+04	3.038444e+02	1.965098e-04	2021	5	30	12
	2087	1157	113.484069	18.515599	1.001779e+05	1.405710e+01	5.852441e+03	5.794665e+03	1.097238e+04	1.088691e+04	3.036679e+02	1.972642e-04	2021	5	30	18
	2092	1169	114.187193	19.640598	1.000450e+05	1.673192e+01	5.851063e+03	5.791988e+03	1.097347e+04	1.087832e+04	3.031770e+02	3.550002e-04	2021	5	31	0
	2096	1172	114.749693	19.921847	1.000479e+05	1.772177e+01	5.860827e+03	5.786283e+03	1.093489e+04	1.086991e+04	3.028876e+02	3.022703e-04	2021	5	31	6
	2099	1183	115.171567	20.953096	9.990466e+04	1.692389e+01	5.858570e+03	5.792164e+03	1.094169e+04	1.088450e+04	3.028206e+02	2.137272e-04	2021	5	31	12
	2107	1186	116.296566	21.234345	1.000484e+05	1.662086e+01	5.855869e+03	5.778597e+03	1.095552e+04	1.087299e+04	3.024835e+02	1.845906e-04	2021	5	31	18
	2114	1193	117.280940	21.890595	9.993356e+04	1.732540e+01	5.856086e+03	5.776220e+03	1.096060e+04	1.087009e+04	3.022650e+02	3.052722e-04	2021	6	1	0
	2123	1206	118.546564	23.109343	9.978373e+04	2.109994e+01	5.845766e+03	5.757339e+03	1.094543e+04	1.086623e+04	3.055046e+02	3.253368e-04	2021	6	1	6
	2129	1214	119.390313	23.859342	9.967045e+04	1.699490e+01	5.847253e+03	5.760934e+03	1.094697e+04	1.085890e+04	3.021403e+02	2.474232e-04	2021	6	1	12
	2144	1207	121.499686	23.203093	9.962302e+04	2.330914e+01	5.841700e+03	5.744982e+03	1.091573e+04	1.084073e+04	3.024086e+02	2.091871e-04	2021	6	1	18
	2159	1232	123.609059	25.546839	9.949506e+04	2.273463e+01	5.848215e+03	5.737748e+03	1.092577e+04	1.082129e+04	3.020892e+02	3.678482e-04	2021	6	2	0
	2170	1242	125.155932	26.484338	9.912543e+04	2.268821e+01	5.826050e+03	5.710012e+03	1.090989e+04	1.081112e+04	3.021171e+02	4.105562e-04	2021	6	2	6
	2183	1250	126.984055	27.234337	9.879839e+04	2.581233e+01	5.827696e+03	5.693429e+03	1.093429e+04	1.080206e+04	3.014206e+02	4.606170e-04	2021	6	2	12
	2199	1255	129.234053	27.703087	9.845323e+04	2.919417e+01	5.811261e+03	5.670945e+03	1.088872e+04	1.077099e+04	3.009450e+02	3.615461e-04	2021	6	2	18
	2213	1263	131.202801	28.453085	9.808176e+04	2.933660e+01	5.829118e+03	5.664714e+03	1.090621e+04	1.076031e+04	2.999552e+02	4.062661e-04	2021	6	3	0
	2223	1260	132.609049	28.171836	9.797533e+04	2.926262e+01	5.817178e+03	5.656264e+03	1.089969e+04	1.078506e+04	2.993116e+02	2.667726e-04	2021	6	3	6
	2232	1262	133.874673	28.359336	9.810040e+04	2.741482e+01	5.823121e+03	5.668789e+03	1.089983e+04	1.079340e+04	2.987946e+02	1.693333e-04	2021	6	3	12
	2243	1274	135.421546	29.484334	9.818383e+04	2.926521e+01	5.795715e+03	5.685217e+03	1.086999e+04	1.074824e+04	2.980968e+02	9.832741e-05	2021	6	3	18
	2250	1275	136.405920	29.578084	9.858285e+04	2.535023e+01	5.812828e+03	5.710543e+03	1.088184e+04	1.075681e+04	2.977332e+02	1.501216e-04	2021	6	4	0
	2262	1288	138.093419	30.796832	9.863284e+04	2.212617e+01	5.796294e+03	5.658644e+03	1.087011e+04	1.072443e+04	2.970716e+02	9.710545e-05	2021	6	4	6
start	12	2021	6	4	6
	2341	782	149.202782	-16.640602	1.009136e+05	2.138019e+01	5.822299e+03	5.759758e+03	1.082928e+04	1.070253e+04	3.000291e+02	4.461731e-04	2021	6	4	6
	2374	747	153.843402	-19.921847	1.010016e+05	2.765561e+01	5.836504e+03	5.757114e+03	1.085290e+04	1.068431e+04	2.989601e+02	6.881805e-04	2021	6	4	12
	2378	750	154.405902	-19.640598	1.006833e+05	2.683698e+01	5.828432e+03	5.758687e+03	1.082829e+04	1.070854e+04	2.990952e+02	6.721573e-04	2021	6	4	18
	2378	739	154.405902	-20.671846	1.010167e+05	2.806158e+01	5.834204e+03	5.768261e+03	1.083524e+04	1.069796e+04	2.986357e+02	5.555940e-04	2021	6	5	0
	2387	727	155.671525	-21.796845	1.006867e+05	2.842906e+01	5.811188e+03	5.744177e+03	1.081883e+04	1.067602e+04	2.981273e+02	4.883464e-04	2021	6	5	6
	2376	736	154.124652	-20.953096	1.008178e+05	2.703270e+01	5.830842e+03	5.758585e+03	1.083708e+04	1.071425e+04	2.982962e+02	4.152511e-04	2021	6	5	12
	2379	738	154.546526	-20.765596	1.006390e+05	2.572499e+01	5.810658e+03	5.745021e+03	1.082216e+04	1.072665e+04	2.984471e+02	2.904283e-04	2021	6	5	18
	2382	734	154.968401	-21.140596	1.007616e+05	2.395351e+01	5.823267e+03	5.759508e+03	1.084011e+04	1.073435e+04	2.980876e+02	2.398910e-04	2021	6	6	0
	2387	733	155.671525	-21.234345	1.005289e+05	1.516601e+01	5.806190e+03	5.745970e+03	1.082709e+04	1.075854e+04	2.981192e+02	2.224813e-04	2021	6	6	6
	2391	732	156.234025	-21.328095	1.007266e+05	1.323106e+01	5.817211e+03	5.769965e+03	1.084620e+04	1.078055e+04	2.980605e+02	1.469191e-04	2021	6	6	12
	2389	727	155.952775	-21.796845	1.006581e+05	1.362869e+01	5.806427e+03	5.763880e+03	1.082846e+04	1.077303e+04	2.979866e+02	1.540679e-04	2021	6	6	18
	2388	718	155.812150	-22.640594	1.008736e+05	1.207657e+01	5.826565e+03	5.786594e+03	1.084610e+04	1.077244e+04	2.971960e+02	1.090403e-04	2021	6	7	0
start	23	2021	6	6	12
	8	857	-178.875001	-9.609362	1.010333e+05	1.546961e+01	5.861267e+03	5.816324e+03	1.087918e+04	1.082172e+04	3.024823e+02	2.510642e-04	2021	6	6	12
	5	859	-179.296876	-9.421862	1.009516e+05	1.396427e+01	5.848380e+03	5.816274e+03	1.089966e+04	1.081192e+04	3.024619e+02	2.250779e-04	2021	6	6	18
	4	857	-179.437501	-9.609362	1.011157e+05	1.245463e+01	5.856955e+03	5.813577e+03	1.087662e+04	1.082683e+04	3.024286e+02	1.729154e-04	2021	6	7	0
	3	853	-179.578125	-9.984361	1.008548e+05	1.388819e+01	5.851452e+03	5.815515e+03	1.086333e+04	1.082229e+04	3.023693e+02	1.125724e-04	2021	6	7	6
	2558	853	179.718375	-9.984361	1.010766e+05	1.201041e+01	5.863099e+03	5.817343e+03	1.090078e+04	1.081923e+04	3.024114e+02	1.425265e-04	2021	6	7	12
	2556	853	179.437125	-9.984361	1.008856e+05	1.294519e+01	5.852267e+03	5.804208e+03	1.092073e+04	1.080523e+04	3.023959e+02	2.533554e-04	2021	6	7	18
	2556	854	179.437125	-9.890611	1.010331e+05	1.580013e+01	5.858490e+03	5.811166e+03	1.089589e+04	1.081545e+04	3.024578e+02	2.494566e-04	2021	6	8	0
	2551	852	178.734001	-10.078111	1.008333e+05	1.410814e+01	5.853223e+03	5.808994e+03	1.085879e+04	1.080804e+04	3.024024e+02	1.547289e-04	2021	6	8	6
	2546	850	178.030877	-10.265611	1.009764e+05	1.538578e+01	5.864280e+03	5.802185e+03	1.091070e+04	1.080880e+04	3.022802e+02	1.753503e-04	2021	6	8	12
	2544	848	177.749627	-10.453110	1.008117e+05	1.422336e+01	5.842762e+03	5.795722e+03	1.084071e+04	1.078725e+04	3.022390e+02	2.294884e-04	2021	6	8	18
	2536	847	176.624628	-10.546860	1.009613e+05	1.643447e+01	5.848390e+03	5.794130e+03	1.088871e+04	1.080106e+04	3.023600e+02	2.173931e-04	2021	6	9	0
	2530	845	175.780879	-10.734360	1.006930e+05	1.586937e+01	5.838095e+03	5.791394e+03	1.086870e+04	1.079511e+04	3.024131e+02	2.606556e-04	2021	6	9	6
	2523	843	174.796505	-10.921860	1.009370e+05	1.567045e+01	5.855593e+03	5.809400e+03	1.087663e+04	1.081474e+04	3.021324e+02	2.418144e-04	2021	6	9	12
	2513	846	173.390257	-10.640610	1.007853e+05	1.415203e+01	5.844896e+03	5.793621e+03	1.086502e+04	1.080220e+04	3.020276e+02	3.065003e-04	2021	6	9	18
	2515	844	173.671506	-10.828110	1.009101e+05	1.597416e+01	5.845024e+03	5.790649e+03	1.088529e+04	1.081121e+04	3.019883e+02	3.706896e-04	2021	6	10	0
	2506	835	172.405883	-11.671859	1.006508e+05	1.704474e+01	5.839419e+03	5.792104e+03	1.089653e+04	1.081099e+04	3.015977e+02	2.691531e-04	2021	6	10	6
	2509	831	172.827757	-12.046858	1.008571e+05	2.111000e+01	5.857256e+03	5.794159e+03	1.087595e+04	1.081024e+04	3.015045e+02	2.315756e-04	2021	6	10	12
	2504	818	172.124633	-13.265607	1.006159e+05	1.876084e+01	5.846653e+03	5.799344e+03	1.087545e+04	1.080843e+04	3.012894e+02	2.458768e-04	2021	6	10	18
	2502	815	171.843383	-13.546856	1.007206e+05	2.164404e+01	5.856446e+03	5.812607e+03	1.089107e+04	1.082922e+04	3.012359e+02	2.448644e-04	2021	6	11	0
	2499	810	171.421509	-14.015606	1.005724e+05	1.928210e+01	5.860840e+03	5.794949e+03	1.086755e+04	1.082408e+04	3.014039e+02	1.851317e-04	2021	6	11	6
	2498	805	171.280884	-14.484355	1.006724e+05	2.361265e+01	5.872877e+03	5.822629e+03	1.088962e+04	1.082843e+04	3.010413e+02	2.019508e-04	2021	6	11	12
	2496	803	170.999634	-14.671855	1.007436e+05	2.313792e+01	5.859723e+03	5.826553e+03	1.088648e+04	1.082439e+04	3.010342e+02	1.919772e-04	2021	6	11	18
	2492	807	170.437135	-14.296855	1.011766e+05	1.930452e+01	5.869334e+03	5.838960e+03	1.088505e+04	1.083717e+04	3.011505e+02	1.302290e-04	2021	6	12	0
start	46	2021	6	11	12
	937	1084	-48.234512	11.671859	1.013912e+05	1.307886e+01	5.878857e+03	5.837517e+03	1.088799e+04	1.083762e+04	3.007011e+02	2.200469e-04	2021	6	11	12
	938	1089	-48.093887	12.140608	1.013374e+05	1.266324e+01	5.865519e+03	5.817104e+03	1.088485e+04	1.083301e+04	3.007387e+02	1.781540e-04	2021	6	11	18
	931	1104	-49.078261	13.546856	1.012862e+05	1.456873e+01	5.878786e+03	5.827701e+03	1.088565e+04	1.084630e+04	3.002550e+02	1.592511e-04	2021	6	12	0
	919	1100	-50.765760	13.171857	1.010790e+05	1.535596e+01	5.860871e+03	5.799051e+03	1.088394e+04	1.082482e+04	3.004194e+02	1.730686e-04	2021	6	12	6
	915	1095	-51.328259	12.703107	1.011239e+05	1.561642e+01	5.875392e+03	5.813060e+03	1.086288e+04	1.083031e+04	3.004203e+02	1.755132e-04	2021	6	12	12
	906	1100	-52.593883	13.171857	1.011009e+05	1.456082e+01	5.866076e+03	5.800718e+03	1.088212e+04	1.082319e+04	3.005622e+02	1.515104e-04	2021	6	12	18
	897	1104	-53.859506	13.546856	1.008947e+05	1.636413e+01	5.870416e+03	5.797204e+03	1.088516e+04	1.083469e+04	3.005595e+02	2.399626e-04	2021	6	13	0
	895	1099	-54.140756	13.078107	1.007592e+05	1.687247e+01	5.846623e+03	5.777893e+03	1.085307e+04	1.080190e+04	3.004476e+02	1.955387e-04	2021	6	13	6
	888	1102	-55.125130	13.359356	1.004856e+05	1.803324e+01	5.852587e+03	5.782015e+03	1.085340e+04	1.080458e+04	3.004284e+02	2.454197e-04	2021	6	13	12
	884	1104	-55.687630	13.546856	1.003885e+05	1.958032e+01	5.846026e+03	5.769242e+03	1.085998e+04	1.077539e+04	3.004894e+02	2.152225e-04	2021	6	13	18
	881	1107	-56.109504	13.828106	1.001502e+05	2.334259e+01	5.853179e+03	5.761708e+03	1.086958e+04	1.080204e+04	3.004792e+02	2.113047e-04	2021	6	14	0
	876	1112	-56.812628	14.296855	9.988609e+04	2.420550e+01	5.846374e+03	5.746634e+03	1.083091e+04	1.078966e+04	3.004019e+02	1.660163e-04	2021	6	14	6
	870	1119	-57.656377	14.953104	9.954733e+04	2.807353e+01	5.850952e+03	5.734136e+03	1.085501e+04	1.078609e+04	3.004062e+02	2.846245e-04	2021	6	14	12
	864	1127	-58.500127	15.703103	9.928838e+04	3.249776e+01	5.850208e+03	5.721419e+03	1.084303e+04	1.079594e+04	3.005925e+02	2.787260e-04	2021	6	14	18
	856	1134	-59.625125	16.359352	9.891062e+04	2.933722e+01	5.862882e+03	5.712815e+03	1.086019e+04	1.079865e+04	3.005801e+02	1.892086e-04	2021	6	15	0
	848	1143	-60.750124	17.203101	9.898096e+04	2.885906e+01	5.867350e+03	5.695843e+03	1.086709e+04	1.078859e+04	3.004700e+02	2.072156e-04	2021	6	15	6
	836	1152	-62.437623	18.046850	9.878082e+04	3.342384e+01	5.876676e+03	5.705939e+03	1.088078e+04	1.079279e+04	3.007383e+02	2.138666e-04	2021	6	15	12
	826	1160	-63.843871	18.796849	9.842170e+04	3.491053e+01	5.883664e+03	5.690069e+03	1.087651e+04	1.080803e+04	3.022601e+02	2.388373e-04	2021	6	15	18
	816	1170	-65.250120	19.734348	9.797565e+04	3.507236e+01	5.905285e+03	5.656809e+03	1.090731e+04	1.078826e+04	3.015157e+02	2.805612e-04	2021	6	16	0
	808	1175	-66.375118	20.203097	9.820195e+04	3.667585e+01	5.890074e+03	5.667148e+03	1.090803e+04	1.079005e+04	3.014355e+02	2.286738e-04	2021	6	16	6
	801	1186	-67.359492	21.234345	9.796498e+04	3.723223e+01	5.897541e+03	5.675789e+03	1.091161e+04	1.081407e+04	3.014160e+02	2.610336e-04	2021	6	16	12
	794	1200	-68.343866	22.546844	9.725467e+04	4.074581e+01	5.894325e+03	5.620301e+03	1.090363e+04	1.078902e+04	3.016021e+02	2.828920e-04	2021	6	16	18
	791	1213	-68.765741	23.765592	9.687480e+04	4.301801e+01	5.909748e+03	5.628343e+03	1.091711e+04	1.080740e+04	3.013944e+02	3.240150e-04	2021	6	17	0
	789	1221	-69.046991	24.515591	9.664676e+04	4.554895e+01	5.882317e+03	5.608681e+03	1.092495e+04	1.078626e+04	3.013997e+02	2.437402e-04	2021	6	17	6
	790	1231	-68.906366	25.453090	9.638994e+04	4.420093e+01	5.877550e+03	5.596520e+03	1.089589e+04	1.077439e+04	3.010369e+02	3.319428e-04	2021	6	17	12
	792	1243	-68.625116	26.578088	9.612193e+04	4.889762e+01	5.873772e+03	5.571229e+03	1.086032e+04	1.074725e+04	3.004358e+02	3.597612e-04	2021	6	17	18
	796	1252	-68.062617	27.421837	9.593766e+04	4.510422e+01	5.865080e+03	5.555582e+03	1.085621e+04	1.073500e+04	3.000798e+02	2.821392e-04	2021	6	18	0
	799	1261	-67.640742	28.265586	9.647793e+04	4.314718e+01	5.844142e+03	5.559774e+03	1.083674e+04	1.069822e+04	2.995635e+02	3.129520e-04	2021	6	18	6
	803	1274	-67.078243	29.484334	9.632689e+04	4.230993e+01	5.839581e+03	5.547870e+03	1.082114e+04	1.068750e+04	2.990361e+02	3.230669e-04	2021	6	18	12
	808	1290	-66.375118	30.984332	9.658652e+04	3.792347e+01	5.831686e+03	5.547044e+03	1.081875e+04	1.067494e+04	2.987127e+02	3.312780e-04	2021	6	18	18
	813	1307	-65.671994	32.578080	9.642904e+04	4.538331e+01	5.822333e+03	5.531554e+03	1.080734e+04	1.065851e+04	2.981936e+02	2.669629e-04	2021	6	19	0
	824	1320	-64.125121	33.796828	9.693214e+04	3.763548e+01	5.814651e+03	5.535087e+03	1.080049e+04	1.063484e+04	2.979352e+02	1.869044e-04	2021	6	19	6
	837	1340	-62.296998	35.671825	9.721953e+04	3.651128e+01	5.820401e+03	5.544335e+03	1.079679e+04	1.057450e+04	2.984066e+02	2.337005e-04	2021	6	19	12
	853	1362	-60.047000	37.734323	9.716136e+04	3.675164e+01	5.822198e+03	5.522897e+03	1.079627e+04	1.050464e+04	2.983105e+02	3.314777e-04	2021	6	19	18
	878	1388	-56.531379	40.171819	9.746234e+04	3.740409e+01	5.833533e+03	5.519098e+03	1.080400e+04	1.043525e+04	2.969787e+02	3.027421e-04	2021	6	20	0
	908	1420	-52.312633	43.171815	9.751002e+04	3.598336e+01	5.824266e+03	5.488905e+03	1.077972e+04	1.033578e+04	2.928965e+02	2.488082e-04	2021	6	20	6
	940	1458	-47.812638	46.734310	9.779495e+04	3.292690e+01	5.810407e+03	5.459321e+03	1.076098e+04	1.025591e+04	2.849821e+02	2.210583e-04	2021	6	20	12
	974	1492	-43.031393	49.921806	9.803173e+04	2.833011e+01	5.783710e+03	5.454195e+03	1.071781e+04	1.025154e+04	2.846464e+02	2.189270e-04	2021	6	20	18
	1002	1516	-39.093897	52.171803	9.798505e+04	2.821644e+01	5.746518e+03	5.431764e+03	1.064622e+04	1.023190e+04	2.834954e+02	1.656733e-04	2021	6	21	0
	1031	1531	-35.015776	53.578051	9.778617e+04	2.777362e+01	5.692660e+03	5.363840e+03	1.057825e+04	1.023181e+04	2.844165e+02	1.368455e-04	2021	6	21	6
	1051	1535	-32.203279	53.953050	9.756798e+04	3.127683e+01	5.676554e+03	5.328517e+03	1.054517e+04	1.023773e+04	2.854944e+02	7.300032e-05	2021	6	21	12
	1083	1535	-27.703284	53.953050	9.765842e+04	3.182156e+01	5.665161e+03	5.325715e+03	1.054605e+04	1.020904e+04	2.865570e+02	5.739789e-05	2021	6	21	18
	1123	1530	-22.078290	53.484301	9.782869e+04	2.988566e+01	5.663873e+03	5.313753e+03	1.052663e+04	1.016331e+04	2.869084e+02	5.768380e-05	2021	6	22	0
	1158	1527	-17.156420	53.203051	9.770611e+04	2.739788e+01	5.628684e+03	5.302090e+03	1.046469e+04	1.011813e+04	2.876996e+02	5.940449e-05	2021	6	22	6
	1193	1528	-12.234550	53.296801	9.783977e+04	2.642542e+01	5.612312e+03	5.322607e+03	1.042597e+04	1.011335e+04	2.878785e+02	6.447421e-05	2021	6	22	12
	1226	1538	-7.593930	54.234300	9.804565e+04	2.561340e+01	5.591615e+03	5.311768e+03	1.040523e+04	1.010416e+04	2.883648e+02	8.477332e-05	2021	6	22	18
start	48	2021	6	15	6
	1094	1056	-26.156410	9.046862	1.008811e+05	1.309486e+01	5.856295e+03	5.793894e+03	1.087996e+04	1.080124e+04	3.022480e+02	3.130276e-04	2021	6	15	6
	1068	1046	-29.812657	8.109364	1.009983e+05	1.564926e+01	5.862369e+03	5.804851e+03	1.088439e+04	1.082335e+04	3.017721e+02	5.081259e-04	2021	6	15	12
	1071	1054	-29.390782	8.859363	1.009055e+05	1.536662e+01	5.855349e+03	5.782484e+03	1.087519e+04	1.081627e+04	3.018216e+02	4.475703e-04	2021	6	15	18
	1061	1062	-30.797030	9.609362	1.009406e+05	1.767490e+01	5.878823e+03	5.789707e+03	1.090246e+04	1.083399e+04	3.015971e+02	3.655979e-04	2021	6	16	0
	1053	1052	-31.922029	8.671863	1.005860e+05	1.953990e+01	5.851940e+03	5.770995e+03	1.088091e+04	1.080404e+04	3.014458e+02	4.223110e-04	2021	6	16	6
	1047	1071	-32.765778	10.453110	1.005456e+05	2.015268e+01	5.872016e+03	5.766552e+03	1.089903e+04	1.080368e+04	3.013872e+02	3.640803e-04	2021	6	16	12
	1033	1069	-34.734526	10.265611	9.969209e+04	2.620551e+01	5.857088e+03	5.737372e+03	1.085643e+04	1.079877e+04	3.012746e+02	3.631891e-04	2021	6	16	18
	1024	1078	-36.000150	11.109360	9.957521e+04	2.889760e+01	5.883147e+03	5.721626e+03	1.089078e+04	1.080550e+04	3.010359e+02	3.717925e-04	2021	6	17	0
	1018	1084	-36.843899	11.671859	9.912187e+04	3.467709e+01	5.854104e+03	5.694509e+03	1.087608e+04	1.077389e+04	3.008575e+02	4.011302e-04	2021	6	17	6
	1010	1092	-37.968898	12.421858	9.865540e+04	3.487030e+01	5.863690e+03	5.688374e+03	1.085736e+04	1.077723e+04	3.004061e+02	3.777770e-04	2021	6	17	12
	1002	1101	-39.093897	13.265607	9.807580e+04	3.307809e+01	5.848216e+03	5.616002e+03	1.085567e+04	1.073315e+04	3.002665e+02	4.238692e-04	2021	6	17	18
	997	1112	-39.797021	14.296855	9.767106e+04	4.112066e+01	5.864734e+03	5.589146e+03	1.088774e+04	1.071299e+04	3.000568e+02	4.408428e-04	2021	6	18	0
	989	1123	-40.922020	15.328104	9.650412e+04	4.001480e+01	5.845499e+03	5.527638e+03	1.082685e+04	1.069251e+04	2.999720e+02	4.697381e-04	2021	6	18	6
	982	1134	-41.906394	16.359352	9.645527e+04	4.377455e+01	5.858166e+03	5.532171e+03	1.084564e+04	1.072111e+04	2.995146e+02	4.070434e-04	2021	6	18	12
	974	1146	-43.031393	17.484351	9.611966e+04	4.599041e+01	5.853477e+03	5.537800e+03	1.084849e+04	1.072931e+04	2.996561e+02	3.385150e-04	2021	6	18	18
	966	1160	-44.156392	18.796849	9.642570e+04	4.314405e+01	5.867974e+03	5.559814e+03	1.087553e+04	1.073580e+04	2.992562e+02	3.531193e-04	2021	6	19	0
	956	1170	-45.562640	19.734348	9.637580e+04	4.290566e+01	5.862473e+03	5.564649e+03	1.084831e+04	1.073894e+04	2.992130e+02	2.639728e-04	2021	6	19	6
	947	1181	-46.828264	20.765596	9.683598e+04	4.084055e+01	5.873062e+03	5.616750e+03	1.087637e+04	1.077590e+04	2.991407e+02	2.039361e-04	2021	6	19	12
	939	1191	-47.953263	21.703095	9.732488e+04	3.841658e+01	5.879897e+03	5.636209e+03	1.088215e+04	1.080176e+04	2.992779e+02	2.036482e-04	2021	6	19	18
	926	1204	-49.781386	22.921843	9.743795e+04	4.091047e+01	5.889895e+03	5.635967e+03	1.089557e+04	1.080079e+04	2.997024e+02	2.730552e-04	2021	6	20	0
	918	1210	-50.906385	23.484342	9.741295e+04	3.893730e+01	5.872940e+03	5.634930e+03	1.090066e+04	1.079444e+04	2.998770e+02	2.329563e-04	2021	6	20	6
	908	1220	-52.312633	24.421841	9.788688e+04	3.447930e+01	5.889373e+03	5.669797e+03	1.089988e+04	1.081702e+04	2.997608e+02	2.012103e-04	2021	6	20	12
	897	1229	-53.859506	25.265590	9.816031e+04	3.503299e+01	5.888595e+03	5.688391e+03	1.089790e+04	1.083624e+04	2.999473e+02	1.549244e-04	2021	6	20	18
	891	1238	-54.703256	26.109339	9.840205e+04	3.548691e+01	5.897052e+03	5.704114e+03	1.091100e+04	1.084544e+04	2.997421e+02	2.513098e-04	2021	6	21	0
	881	1251	-56.109504	27.328087	9.846583e+04	3.595644e+01	5.877483e+03	5.690250e+03	1.088963e+04	1.082382e+04	2.994712e+02	1.989244e-04	2021	6	21	6
	877	1261	-56.672004	28.265586	9.862277e+04	3.470424e+01	5.890376e+03	5.712087e+03	1.090109e+04	1.082519e+04	2.993708e+02	1.286893e-04	2021	6	21	12
	876	1275	-56.812628	29.578084	9.867983e+04	3.550013e+01	5.884209e+03	5.696999e+03	1.089756e+04	1.080301e+04	2.989911e+02	2.406888e-04	2021	6	21	18
	879	1291	-56.390754	31.078082	9.843334e+04	3.770272e+01	5.889960e+03	5.685947e+03	1.089165e+04	1.079113e+04	2.985825e+02	2.430706e-04	2021	6	22	0
	882	1309	-55.968879	32.765579	9.827437e+04	3.896824e+01	5.862452e+03	5.650055e+03	1.086681e+04	1.073613e+04	2.970113e+02	2.697507e-04	2021	6	22	6
	889	1325	-54.984505	34.265577	9.827693e+04	3.542099e+01	5.865897e+03	5.648753e+03	1.086320e+04	1.068091e+04	2.964998e+02	2.567500e-04	2021	6	22	12
	900	1347	-53.437632	36.328075	9.816460e+04	3.417509e+01	5.852125e+03	5.615043e+03	1.084334e+04	1.060565e+04	2.962388e+02	3.096917e-04	2021	6	22	18
	917	1372	-51.047009	38.671821	9.793891e+04	3.736537e+01	5.846877e+03	5.577873e+03	1.081561e+04	1.053108e+04	2.958406e+02	3.482371e-04	2021	6	23	0
	934	1399	-48.656387	41.203068	9.764462e+04	3.641477e+01	5.808909e+03	5.523556e+03	1.075763e+04	1.043100e+04	2.940810e+02	3.427740e-04	2021	6	23	6
	954	1427	-45.843890	43.828064	9.733416e+04	3.593480e+01	5.784566e+03	5.463006e+03	1.072383e+04	1.036103e+04	2.910649e+02	2.506230e-04	2021	6	23	12
	974	1452	-43.031393	46.171811	9.680103e+04	3.411682e+01	5.759269e+03	5.397013e+03	1.069586e+04	1.033214e+04	2.879070e+02	1.541117e-04	2021	6	23	18
	996	1473	-39.937646	48.140558	9.668638e+04	3.636803e+01	5.737080e+03	5.362731e+03	1.067365e+04	1.031490e+04	2.865185e+02	9.439926e-05	2021	6	24	0
	1021	1490	-36.422025	49.734306	9.678658e+04	3.379121e+01	5.703921e+03	5.335074e+03	1.063269e+04	1.028089e+04	2.857270e+02	7.897203e-05	2021	6	24	6
	1050	1506	-32.343904	51.234304	9.685778e+04	3.221374e+01	5.677567e+03	5.318070e+03	1.060063e+04	1.026464e+04	2.856089e+02	7.704418e-05	2021	6	24	12
	1081	1515	-27.984533	52.078053	9.701122e+04	3.250122e+01	5.673759e+03	5.310327e+03	1.057679e+04	1.024645e+04	2.864126e+02	6.653469e-05	2021	6	24	18
	1115	1521	-23.203288	52.640552	9.732548e+04	3.056832e+01	5.658685e+03	5.310322e+03	1.055375e+04	1.021892e+04	2.867408e+02	7.920075e-05	2021	6	25	0
	1146	1527	-18.843918	53.203051	9.725343e+04	2.759440e+01	5.604906e+03	5.292799e+03	1.047912e+04	1.018854e+04	2.869192e+02	8.382941e-05	2021	6	25	6
	1171	1530	-15.328297	53.484301	9.723730e+04	2.489174e+01	5.577148e+03	5.295056e+03	1.042125e+04	1.019133e+04	2.869983e+02	6.513877e-05	2021	6	25	12
	1191	1530	-12.515800	53.484301	9.738574e+04	2.473469e+01	5.560623e+03	5.308659e+03	1.039995e+04	1.019122e+04	2.874413e+02	5.783081e-05	2021	6	25	18
	1212	1528	-9.562678	53.296801	9.779273e+04	2.317903e+01	5.562624e+03	5.337816e+03	1.040393e+04	1.017886e+04	2.872973e+02	5.836851e-05	2021	6	26	0
	1237	1528	-6.047056	53.296801	9.813749e+04	2.332264e+01	5.571748e+03	5.355602e+03	1.042356e+04	1.016318e+04	2.879272e+02	6.777691e-05	2021	6	26	6
	1257	1537	-3.234559	54.140550	9.842927e+04	1.889459e+01	5.575680e+03	5.377789e+03	1.042829e+04	1.017116e+04	2.890760e+02	4.160877e-05	2021	6	26	12
	1286	1554	0.843562	55.734298	9.861209e+04	2.286615e+01	5.598461e+03	5.396355e+03	1.046435e+04	1.018024e+04	2.902259e+02	6.760688e-05	2021	6	26	18
	1306	1570	3.656059	57.234295	9.886835e+04	2.016988e+01	5.607172e+03	5.411173e+03	1.048525e+04	1.018428e+04	2.888559e+02	6.863819e-05	2021	6	27	0
start	17	2021	6	19	6
	1156	1044	-17.437669	7.921864	1.008411e+05	1.437876e+01	5.846040e+03	5.781331e+03	1.086844e+04	1.079041e+04	3.027313e+02	3.681689e-04	2021	6	19	6
	1146	1052	-18.843918	8.671863	1.009902e+05	1.180848e+01	5.856262e+03	5.788532e+03	1.090790e+04	1.081958e+04	3.028177e+02	4.731681e-04	2021	6	19	12
	1146	1064	-18.843918	9.796861	1.006928e+05	1.437234e+01	5.841417e+03	5.780239e+03	1.086829e+04	1.080116e+04	3.028447e+02	4.538221e-04	2021	6	19	18
	1139	1064	-19.828292	9.796861	1.005927e+05	1.562061e+01	5.870748e+03	5.795621e+03	1.088893e+04	1.082279e+04	3.025122e+02	3.000397e-04	2021	6	20	0
	1136	1080	-20.250166	11.296859	1.003971e+05	1.843302e+01	5.846008e+03	5.775230e+03	1.085436e+04	1.080312e+04	3.023340e+02	2.607837e-04	2021	6	20	6
	1130	1087	-21.093916	11.953108	1.003957e+05	1.890919e+01	5.869520e+03	5.784982e+03	1.091695e+04	1.081921e+04	3.018490e+02	2.734808e-04	2021	6	20	12
	1129	1104	-21.234540	13.546856	1.002194e+05	1.991392e+01	5.861749e+03	5.773079e+03	1.087834e+04	1.081609e+04	3.008774e+02	2.653970e-04	2021	6	20	18
	1119	1119	-22.640789	14.953104	1.001186e+05	2.388647e+01	5.882930e+03	5.810885e+03	1.090027e+04	1.083764e+04	3.007667e+02	1.257122e-04	2021	6	21	0
	1113	1129	-23.484538	15.890603	1.000497e+05	2.684416e+01	5.876785e+03	5.797377e+03	1.086621e+04	1.082070e+04	3.006335e+02	9.344878e-05	2021	6	21	6
	1112	1137	-23.625163	16.640602	1.005226e+05	1.906601e+01	5.890917e+03	5.832388e+03	1.088892e+04	1.084140e+04	3.006034e+02	3.863676e-05	2021	6	21	12
	1105	1146	-24.609537	17.484351	1.006261e+05	1.824845e+01	5.891253e+03	5.834767e+03	1.088989e+04	1.084306e+04	3.020633e+02	1.831079e-05	2021	6	21	18
	1093	1159	-26.297035	18.703099	1.009489e+05	1.987209e+01	5.901695e+03	5.840134e+03	1.091458e+04	1.086025e+04	2.999463e+02	9.022058e-05	2021	6	22	0
	1079	1163	-28.265783	19.078098	1.008467e+05	2.287241e+01	5.888128e+03	5.835751e+03	1.088136e+04	1.083149e+04	2.991914e+02	4.500274e-05	2021	6	22	6
	1072	1161	-29.250157	18.890599	1.009784e+05	1.994582e+01	5.898220e+03	5.844496e+03	1.089808e+04	1.084800e+04	2.995052e+02	3.706179e-05	2021	6	22	12
	1061	1160	-30.797030	18.796849	1.009119e+05	1.738056e+01	5.890351e+03	5.851503e+03	1.089274e+04	1.084086e+04	2.996001e+02	1.230158e-05	2021	6	22	18
	1056	1157	-31.500155	18.515599	1.010562e+05	1.593250e+01	5.901895e+03	5.869013e+03	1.089815e+04	1.085936e+04	2.996869e+02	1.334859e-05	2021	6	23	0
	1048	1160	-32.625154	18.796849	1.010419e+05	1.616751e+01	5.881637e+03	5.846511e+03	1.087554e+04	1.083655e+04	2.993589e+02	2.428027e-05	2021	6	23	6
start	16	2021	6	27	0
	401	1076	-123.609434	10.921860	1.010818e+05	1.400179e+01	5.853178e+03	5.815910e+03	1.088068e+04	1.083575e+04	3.018018e+02	1.423935e-04	2021	6	27	0
	398	1079	-124.031308	11.203109	1.011861e+05	1.291687e+01	5.871251e+03	5.839993e+03	1.090661e+04	1.085128e+04	3.014350e+02	1.974318e-04	2021	6	27	6
	393	1078	-124.734433	11.109360	1.009724e+05	1.414283e+01	5.852217e+03	5.805284e+03	1.087215e+04	1.082736e+04	3.013629e+02	1.739132e-04	2021	6	27	12
	389	1076	-125.296932	10.921860	1.010844e+05	1.316037e+01	5.870407e+03	5.824180e+03	1.090953e+04	1.084991e+04	3.013166e+02	1.905980e-04	2021	6	27	18
	383	1076	-126.140681	10.921860	1.010539e+05	1.440539e+01	5.853065e+03	5.811750e+03	1.087332e+04	1.083746e+04	3.016651e+02	1.444577e-04	2021	6	28	0
	378	1073	-126.843805	10.640610	1.011568e+05	1.263154e+01	5.870534e+03	5.830882e+03	1.089302e+04	1.085527e+04	3.019507e+02	1.494622e-04	2021	6	28	6
	373	1070	-127.546930	10.359361	1.010001e+05	1.343461e+01	5.844732e+03	5.807697e+03	1.086827e+04	1.082731e+04	3.016238e+02	2.006723e-04	2021	6	28	12
	367	1071	-128.390679	10.453110	1.011836e+05	1.367052e+01	5.862938e+03	5.822780e+03	1.090922e+04	1.084542e+04	3.013776e+02	2.210490e-04	2021	6	28	18
	360	1068	-129.375053	10.171861	1.009774e+05	1.463133e+01	5.848513e+03	5.802517e+03	1.085978e+04	1.082497e+04	3.017952e+02	1.465683e-04	2021	6	29	0
	355	1068	-130.078177	10.171861	1.010870e+05	1.471910e+01	5.865312e+03	5.826745e+03	1.087851e+04	1.084522e+04	3.016900e+02	1.554998e-04	2021	6	29	6
	343	1068	-131.765675	10.171861	1.009873e+05	1.395217e+01	5.842978e+03	5.793477e+03	1.085325e+04	1.081840e+04	3.018890e+02	1.824603e-04	2021	6	29	12
	340	1069	-132.187550	10.265611	1.010302e+05	1.469365e+01	5.859370e+03	5.810041e+03	1.088065e+04	1.083778e+04	3.014969e+02	1.969981e-04	2021	6	29	18
	336	1075	-132.750049	10.828110	1.008659e+05	1.348549e+01	5.853285e+03	5.798811e+03	1.086674e+04	1.082860e+04	3.016404e+02	1.521167e-04	2021	6	30	0
	327	1073	-134.015673	10.640610	1.008180e+05	1.535211e+01	5.866787e+03	5.820125e+03	1.093203e+04	1.084436e+04	3.014922e+02	1.152953e-04	2021	6	30	6
	318	1075	-135.281297	10.828110	1.006724e+05	1.673993e+01	5.854996e+03	5.805564e+03	1.086453e+04	1.081980e+04	3.013638e+02	1.586049e-04	2021	6	30	12
	312	1073	-136.125046	10.640610	1.007408e+05	1.527665e+01	5.864000e+03	5.818093e+03	1.088197e+04	1.083758e+04	3.012637e+02	9.738976e-05	2021	6	30	18
